[18:38:00] I (103) esp_image: segment 0: paddr=00010020 vaddr=3c040020 sizeESP-ROM:esp32s3-20210327
[18:38:00] Build:Mar 27 2021
[18:38:00] rst:0x15 (USB_UART_CHIP_RESET),boot:0x2b (SPI_FAST_FLASH_BOOT)
[18:38:00] Saved PC:0x4037b802
[18:38:00] SPIWP:0xee
[18:38:00] mode:DIO, clock div:1
[18:38:00] load:0x3fce2820,len:0x1664
[18:38:00] load:0x403c8700,len:0xf38
[18:38:00] load:0x403cb700,len:0x31e8
[18:38:00] entry 0x403c8930
[18:38:00] I (24) boot: ESP-IDF v6.0.2 2nd stage bootloader
[18:38:00] I (24) boot: compile time Aug 14 2026 18:11:16
[18:38:00] I (25) boot: Multicore bootloader
[18:38:00] I (25) boot: chip revision: v0.2
[18:38:00] I (28) boot: efuse block revision: v1.3
[18:38:00] I (31) qio_mode: Enabling default flash chip QIO
[18:38:00] I (36) boot.esp32s3: Boot SPI Speed : 80MHz
[18:38:00] I (39) boot.esp32s3: SPI Mode       : QIO
[18:38:00] I (43) boot.esp32s3: SPI Flash Size : 16MB
[18:38:00] I (47) boot: Enabling RNG early entropy source...
[18:38:00] I (51) boot: Partition Table:
[18:38:00] I (54) boot: ## Label            Usage          Type ST Offset   Length
[18:38:00] I (60) boot:  0 nvs              WiFi data        01 02 00009000 00006000
[18:38:00] I (67) boot:  1 phy_init         RF data          01 01 0000f000 00001000
[18:38:00] I (73) boot:  2 factory          factory app      00 00 00010000 00100000
[18:38:00] I (80) boot:  3 drawing          Unknown data     01 40 00110000 00300000
[18:38:00] I (86) boot:  4 export           Unknown data     01 41 00410000 00500000
[18:38:00] I (93) boot:  5 coredump         Unknown data     01 03 00910000 00010000
[18:38:00] I (100) boot: End of partition table
[18:38:00] I (103) esp_image: segment 0: paddr=00010020 vaddr=3c040020 size=123b4h ( 74676) map
[18:38:00] I (122) esp_image: segment 1: paddr=000223dc vaddr=3fc94500 size=03764h ( 14180) load
[18:38:00] I (125) esp_image: segment 2: paddr=00025b48 vaddr=40374000 size=0a4d0h ( 42192) load
[18:38:00] I (134) esp_image: segment 3: paddr=00030020 vaddr=42000020 size=37354h (226132) map
[18:38:00] I (170) esp_image: segment 4: paddr=0006737c vaddr=4037e4d0 size=05f8ch ( 24460) load
[18:38:00] I (175) esp_image: segment 5: paddr=0006d310 vaddr=50000000 size=00024h (    36) load
[18:38:00] I (182) boot: Loaded app from partition at offset 0x10000
[18:38:00] I (183) boot: Disabling RNG early entropy source...
[18:38:00] I (195) octal_psram: vendor id    : 0x0d (AP)
[18:38:00] I (195) octal_psram: dev id       : 0x02 (generation 3)
[18:38:00] I (195) octal_psram: density      : 0x03 (64 Mbit)
[18:38:00] I (197) octal_psram: good-die     : 0x01 (Pass)
[18:38:00] I (202) octal_psram: Latency      : 0x01 (Fixed)
[18:38:00] I (206) octal_psram: VCC          : 0x01 (3V)
[18:38:00] I (210) octal_psram: SRF          : 0x01 (Fast Refresh)
[18:38:00] I (215) octal_psram: BurstType    : 0x01 (Hybrid Wrap)
[18:38:00] I (220) octal_psram: BurstLen     : 0x01 (32 Byte)
[18:38:00] I (224) octal_psram: Readlatency  : 0x02 (10 cycles@Fixed)
[18:38:00] I (230) octal_psram: DriveStrength: 0x00 (1/1)
[18:38:00] I (234) MSPI Timing: Enter psram timing tuning
[18:38:00] I (239) esp_psram: Found 8MB PSRAM device
[18:38:00] I (242) esp_psram: Speed: 80MHz
[18:38:00] I (245) cpu_start: Multicore app
[18:38:01] I (661) esp_psram: SPI SRAM memory test OK
[18:38:01] I (669) cpu_start: GPIO 44 and 43 are used as console UART I/O pins
[18:38:01] I (669) cpu_start: Pro cpu start user code
[18:38:01] I (669) cpu_start: cpu freq: 240000000 Hz
[18:38:01] I (671) app_init: Application information:
[18:38:01] I (675) app_init: Project name:     tinydraw_esp32
[18:38:01] I (679) app_init: App version:      c3c5d0b-dirty
[18:38:01] I (684) app_init: Compile time:     Aug 14 2026 18:11:10
[18:38:01] I (689) app_init: ELF file SHA256:  b17039393...
[18:38:01] I (693) app_init: ESP-IDF:          v6.0.2
[18:38:01] I (697) efuse_init: Min chip rev:     v0.0
[18:38:01] I (701) efuse_init: Max chip rev:     v0.99 
[18:38:01] I (705) efuse_init: Chip rev:         v0.2
[18:38:01] I (709) heap_init: Initializing. RAM available for dynamic allocation:
[18:38:01] I (715) heap_init: At 3FC99090 len 00050680 (321 KiB): RAM
[18:38:01] I (720) heap_init: At 3FCE9710 len 00005724 (21 KiB): RAM
[18:38:01] I (725) heap_init: At 3FCF0000 len 00008000 (32 KiB): DRAM
[18:38:01] I (730) heap_init: At 600FE000 len 00001FE8 (7 KiB): RTCRAM
[18:38:01] I (736) esp_psram: Adding pool of 8192K of PSRAM memory to heap allocator
[18:38:01] I (743) spi_flash: detected chip: generic
[18:38:01] I (746) spi_flash: flash io: qio
[18:38:01] I (749) sleep_gpio: Configure to isolate all GPIO pins in sleep state
[18:38:01] I (755) sleep_gpio: Enable automatic switching of GPIO sleep configuration
[18:38:01] I (762) main_task: Started on CPU0
[18:38:01] I (765) main_task: Calling app_main()
[18:38:01] TINYDRAW_PANEL_HARD_RESET=1
[18:38:01] I (962) co5300: version: 2.1.0
[18:38:01] I (963) co5300_spi: LCD panel create success, version: 2.1.0
[18:38:01] W (1043) co5300_spi: The 3Ah command has been used and will be overwritten by external initialization sequence
[18:38:01] I (1144) CST816S: IC id: 183
[18:38:01] TINYDRAW_LIVE_PRESENT kind=startup zoom=25 x=0 y=0 compose_us=35677 scroll_us=0 exposed_compose_us=0 chrome_us=0 read_submit_us=0 read_complete_us=0 transfer_wait_us=19813 tile_pixels=0 uniform_pixels=0 overview_pixels=164864 fallback_pixels=0 resident_tiles=0 fallback_tiles=0 pushes=21 tear_wait_us=8964 tear_sync=1 frame_reused=0 pass=1
[18:38:01] TINYDRAW_VECTOR_V2_READY zoom=25 controls=chrome button=cycle_all_zooms operations_capacity=4000 samples_capacity=80000 live_storage_bytes=5369376 overview_bytes=1318912 raw_tile_bytes=3145728 tile_metadata_bytes=71416 operation_bytes=720000 live_scratch_bytes=113320 free_psram=2974864 largest_psram=2949120 te_edges=7 te_period_us=16795 te_high_us=576 te_level=0 main_stack_free=4200
[18:38:35] TINYDRAW_LIVE_PRESENT kind=chrome zoom=25 x=0 y=0 compose_us=45876 scroll_us=0 exposed_compose_us=0 chrome_us=0 read_submit_us=58226 read_complete_us=59030 transfer_wait_us=19731 tile_pixels=0 uniform_pixels=0 overview_pixels=164864 fallback_pixels=0 resident_tiles=0 fallback_tiles=0 pushes=21 tear_wait_us=11509 tear_sync=1 frame_reused=0 pass=1
[18:38:36] TINYDRAW_LIVE_PRESENT kind=chrome zoom=25 x=0 y=0 compose_us=45852 scroll_us=0 exposed_compose_us=0 chrome_us=0 read_submit_us=62927 read_complete_us=63732 transfer_wait_us=20031 tile_pixels=0 uniform_pixels=0 overview_pixels=164864 fallback_pixels=0 resident_tiles=0 fallback_tiles=0 pushes=21 tear_wait_us=16237 tear_sync=1 frame_reused=0 pass=1
[18:38:37] TINYDRAW_LIVE_PRESENT kind=chrome zoom=25 x=0 y=0 compose_us=35532 scroll_us=0 exposed_compose_us=0 chrome_us=0 read_submit_us=49054 read_complete_us=49858 transfer_wait_us=19901 tile_pixels=0 uniform_pixels=0 overview_pixels=164864 fallback_pixels=0 resident_tiles=0 fallback_tiles=0 pushes=21 tear_wait_us=12667 tear_sync=1 frame_reused=0 pass=1
[18:38:43] TINYDRAW_LIVE_PRESENT kind=zoom zoom=50 x=184 y=262 compose_us=28551 scroll_us=0 exposed_compose_us=0 chrome_us=0 read_submit_us=31931 read_complete_us=32735 transfer_wait_us=20069 tile_pixels=0 uniform_pixels=0 overview_pixels=0 fallback_pixels=164864 resident_tiles=0 fallback_tiles=56 pushes=21 tear_wait_us=2501 tear_sync=1 frame_reused=0 pass=1
[18:38:43] TINYDRAW_FILL_BASELINE result=complete zoom=50 x=184 y=262 revision=0 steps=16 wall_us=201250 compute_total_us=133125 compute_max_us=8989 present_total_us=62057 present_max_us=7334 tick_max_us=9006 producer_failures=0 presentation_failures=0
[18:38:43] TINYDRAW_LIVE_FILL_DONE zoom=50 x=184 y=262 revision=0
[18:38:45] TINYDRAW_LIVE_PRESENT kind=zoom zoom=100 x=552 y=710 compose_us=24761 scroll_us=0 exposed_compose_us=0 chrome_us=0 read_submit_us=27743 read_complete_us=28548 transfer_wait_us=19257 tile_pixels=0 uniform_pixels=0 overview_pixels=0 fallback_pixels=164864 resident_tiles=0 fallback_tiles=56 pushes=21 tear_wait_us=2130 tear_sync=1 frame_reused=0 pass=1
[18:38:45] TINYDRAW_FILL_BASELINE result=complete zoom=100 x=552 y=710 revision=0 steps=20 wall_us=222172 compute_total_us=150987 compute_max_us=9007 present_total_us=63459 present_max_us=7253 tick_max_us=9025 producer_failures=0 presentation_failures=0
[18:38:45] TINYDRAW_LIVE_FILL_DONE zoom=100 x=552 y=710 revision=0
[18:38:46] TINYDRAW_LIVE_PRESENT kind=zoom zoom=200 x=1288 y=1606 compose_us=25763 scroll_us=0 exposed_compose_us=0 chrome_us=0 read_submit_us=35661 read_complete_us=36460 transfer_wait_us=19339 tile_pixels=0 uniform_pixels=0 overview_pixels=0 fallback_pixels=164864 resident_tiles=0 fallback_tiles=48 pushes=21 tear_wait_us=9054 tear_sync=1 frame_reused=0 pass=1
[18:38:46] TINYDRAW_FILL_BASELINE result=complete zoom=200 x=1288 y=1606 revision=0 steps=15 wall_us=179923 compute_total_us=112351 compute_max_us=8503 present_total_us=61562 present_max_us=7434 tick_max_us=8521 producer_failures=0 presentation_failures=0
[18:38:46] TINYDRAW_LIVE_FILL_DONE zoom=200 x=1288 y=1606 revision=0
[18:38:46] TINYDRAW_LIVE_PRESENT kind=zoom zoom=400 x=2760 y=3398 compose_us=25781 scroll_us=0 exposed_compose_us=0 chrome_us=0 read_submit_us=42754 read_complete_us=43559 transfer_wait_us=19246 tile_pixels=0 uniform_pixels=0 overview_pixels=0 fallback_pixels=164864 resident_tiles=0 fallback_tiles=48 pushes=21 tear_wait_us=16132 tear_sync=1 frame_reused=0 pass=1
[18:38:47] TINYDRAW_FILL_BASELINE result=complete zoom=400 x=2760 y=3398 revision=0 steps=20 wall_us=204885 compute_total_us=135464 compute_max_us=8515 present_total_us=62509 present_max_us=7373 tick_max_us=8539 producer_failures=0 presentation_failures=0
[18:38:47] TINYDRAW_LIVE_FILL_DONE zoom=400 x=2760 y=3398 revision=0
[18:38:54] TINYDRAW_LIVE_STROKE revision=4 operations=4 samples=164 append_us=56457 append_max_us=17578 refresh_compose_us=0 refresh_complete_us=0 ink_samples=161 read_submit_avg_us=2075 read_submit_max_us=19551 read_complete_avg_us=2137 read_complete_max_us=19612 submit_over_16ms=2 complete_over_33ms=0 presentation_failures=0 poll_max_us=104001 touch_errors=0 touch_overflows=0 touch_moves_coalesced=1394 touch_events=1038 touch_down=4 touch_up=4 touch_events_ge_8ms=0 touch_event_age_max_us=1241 chunks=4 free_psram=2974864 largest_psram=2949120 authority_match=1
[18:38:54] TINYDRAW_LIVE_STROKE_DONE committed=1 refresh=1 commit_failed=0
[18:38:54] TINYDRAW_LIFT_BASELINE id=1 finish_preview_us=2013 builder_finish_us=63 append_us=56457 append_max_us=17578 refresh_wall_us=19 refresh_x0=0 refresh_y0=0 refresh_x1=0 refresh_y1=0 refresh_compose_us=0 refresh_first_submit_us=0 refresh_first_complete_us=0 refresh_transfer_wait_us=0 stroke_logging_us=0 detected_to_poll_start_us=11997 detected_to_poll_complete_us=12008 poll_read_us=11 unattributed_tail_us=-46555 reports_dropped=0 chunks=4 committed=1 refresh=1 commit_failed=0
[18:38:54] TINYDRAW_FILL_BASELINE result=complete zoom=400 x=2760 y=3398 revision=4 steps=1 wall_us=996 compute_total_us=951 compute_max_us=951 present_total_us=0 present_max_us=0 tick_max_us=971 producer_failures=0 presentation_failures=0
[18:38:54] TINYDRAW_LIVE_FILL_DONE zoom=400 x=2760 y=3398 revision=4
[18:39:04] TINYDRAW_LIVE_PRESENT kind=chrome zoom=400 x=2760 y=3398 compose_us=36866 scroll_us=0 exposed_compose_us=0 chrome_us=0 read_submit_us=42140 read_complete_us=42944 transfer_wait_us=19820 tile_pixels=103168 uniform_pixels=61696 overview_pixels=0 fallback_pixels=0 resident_tiles=48 fallback_tiles=0 pushes=21 tear_wait_us=4410 tear_sync=1 frame_reused=0 pass=1
[18:39:05] TINYDRAW_LIVE_PRESENT kind=chrome zoom=400 x=2760 y=3398 compose_us=46483 scroll_us=0 exposed_compose_us=0 chrome_us=0 read_submit_us=60841 read_complete_us=61646 transfer_wait_us=20118 tile_pixels=103168 uniform_pixels=61696 overview_pixels=0 fallback_pixels=0 resident_tiles=48 fallback_tiles=0 pushes=21 tear_wait_us=13572 tear_sync=1 frame_reused=0 pass=1
[18:39:06] TINYDRAW_LIVE_PRESENT kind=chrome zoom=400 x=2760 y=3398 compose_us=26341 scroll_us=0 exposed_compose_us=0 chrome_us=0 read_submit_us=34841 read_complete_us=35644 transfer_wait_us=20113 tile_pixels=103168 uniform_pixels=61696 overview_pixels=0 fallback_pixels=0 resident_tiles=48 fallback_tiles=0 pushes=21 tear_wait_us=7654 tear_sync=1 frame_reused=0 pass=1
[18:39:09] TINYDRAW_LIVE_STROKE revision=7 operations=7 samples=289 append_us=36295 append_max_us=13087 refresh_compose_us=0 refresh_complete_us=0 ink_samples=123 read_submit_avg_us=2066 read_submit_max_us=15469 read_complete_avg_us=2132 read_complete_max_us=15538 submit_over_16ms=0 complete_over_33ms=0 presentation_failures=0 poll_max_us=103002 touch_errors=0 touch_overflows=0 touch_moves_coalesced=1062 touch_events=807 touch_down=4 touch_up=4 touch_events_ge_8ms=0 touch_event_age_max_us=1237 chunks=3 free_psram=2974864 largest_psram=2949120 authority_match=1
[18:39:09] TINYDRAW_LIVE_STROKE_DONE committed=1 refresh=1 commit_failed=0
[18:39:09] TINYDRAW_LIFT_BASELINE id=2 finish_preview_us=2014 builder_finish_us=62 append_us=36295 append_max_us=13087 refresh_wall_us=20 refresh_x0=0 refresh_y0=0 refresh_x1=0 refresh_y1=0 refresh_compose_us=0 refresh_first_submit_us=0 refresh_first_complete_us=0 refresh_transfer_wait_us=0 stroke_logging_us=0 detected_to_poll_start_us=13997 detected_to_poll_complete_us=14008 poll_read_us=11 unattributed_tail_us=-24394 reports_dropped=0 chunks=3 committed=1 refresh=1 commit_failed=0
[18:39:09] TINYDRAW_FILL_BASELINE result=complete zoom=400 x=2760 y=3398 revision=7 steps=1 wall_us=822 compute_total_us=767 compute_max_us=767 present_total_us=0 present_max_us=0 tick_max_us=783 producer_failures=0 presentation_failures=0
[18:39:09] TINYDRAW_LIVE_FILL_DONE zoom=400 x=2760 y=3398 revision=7
[18:39:28] TINYDRAW_LIVE_PRESENT kind=chrome zoom=400 x=2760 y=3398 compose_us=37232 scroll_us=0 exposed_compose_us=0 chrome_us=0 read_submit_us=50792 read_complete_us=51584 transfer_wait_us=20168 tile_pixels=128688 uniform_pixels=36176 overview_pixels=0 fallback_pixels=0 resident_tiles=48 fallback_tiles=0 pushes=21 tear_wait_us=12722 tear_sync=1 frame_reused=0 pass=1
[18:39:29] TINYDRAW_LIVE_PRESENT kind=chrome zoom=400 x=2760 y=3398 compose_us=46774 scroll_us=0 exposed_compose_us=0 chrome_us=0 read_submit_us=56840 read_complete_us=57644 transfer_wait_us=20118 tile_pixels=128688 uniform_pixels=36176 overview_pixels=0 fallback_pixels=0 resident_tiles=48 fallback_tiles=0 pushes=21 tear_wait_us=9286 tear_sync=1 frame_reused=0 pass=1
[18:39:30] TINYDRAW_LIVE_PRESENT kind=chrome zoom=400 x=2760 y=3398 compose_us=26705 scroll_us=0 exposed_compose_us=0 chrome_us=0 read_submit_us=35474 read_complete_us=36275 transfer_wait_us=19480 tile_pixels=128688 uniform_pixels=36176 overview_pixels=0 fallback_pixels=0 resident_tiles=48 fallback_tiles=0 pushes=21 tear_wait_us=7997 tear_sync=1 frame_reused=0 pass=1
[18:39:34] TINYDRAW_LIVE_STROKE revision=10 operations=10 samples=425 append_us=36063 append_max_us=12310 refresh_compose_us=0 refresh_complete_us=0 ink_samples=134 read_submit_avg_us=1976 read_submit_max_us=14476 read_complete_avg_us=2040 read_complete_max_us=14552 submit_over_16ms=0 complete_over_33ms=0 presentation_failures=0 poll_max_us=99002 touch_errors=0 touch_overflows=0 touch_moves_coalesced=1167 touch_events=880 touch_down=4 touch_up=4 touch_events_ge_8ms=0 touch_event_age_max_us=1240 chunks=3 free_psram=2974864 largest_psram=2949120 authority_match=1
[18:39:34] TINYDRAW_LIVE_STROKE_DONE committed=1 refresh=1 commit_failed=0
[18:39:34] TINYDRAW_LIFT_BASELINE id=3 finish_preview_us=2014 builder_finish_us=62 append_us=36063 append_max_us=12310 refresh_wall_us=19 refresh_x0=0 refresh_y0=0 refresh_x1=0 refresh_y1=0 refresh_compose_us=0 refresh_first_submit_us=0 refresh_first_complete_us=0 refresh_transfer_wait_us=0 stroke_logging_us=0 detected_to_poll_start_us=15999 detected_to_poll_complete_us=16010 poll_read_us=11 unattributed_tail_us=-22159 reports_dropped=0 chunks=3 committed=1 refresh=1 commit_failed=0
[18:39:34] TINYDRAW_FILL_BASELINE result=complete zoom=400 x=2760 y=3398 revision=10 steps=1 wall_us=856 compute_total_us=785 compute_max_us=785 present_total_us=0 present_max_us=0 tick_max_us=815 producer_failures=0 presentation_failures=0
[18:39:34] TINYDRAW_LIVE_FILL_DONE zoom=400 x=2760 y=3398 revision=10
[18:39:41] TINYDRAW_LIVE_PRESENT kind=chrome zoom=400 x=2760 y=3398 compose_us=46698 scroll_us=0 exposed_compose_us=0 chrome_us=0 read_submit_us=54108 read_complete_us=54912 transfer_wait_us=19853 tile_pixels=128688 uniform_pixels=36176 overview_pixels=0 fallback_pixels=0 resident_tiles=48 fallback_tiles=0 pushes=21 tear_wait_us=6602 tear_sync=1 frame_reused=0 pass=1
[18:39:45] TINYDRAW_LIVE_PRESENT kind=chrome zoom=400 x=2760 y=3398 compose_us=26708 scroll_us=0 exposed_compose_us=0 chrome_us=0 read_submit_us=40740 read_complete_us=41545 transfer_wait_us=19215 tile_pixels=128688 uniform_pixels=36176 overview_pixels=0 fallback_pixels=0 resident_tiles=48 fallback_tiles=0 pushes=21 tear_wait_us=13230 tear_sync=1 frame_reused=0 pass=1
[18:40:45] TINYDRAW_LIVE_STROKE revision=90 operations=90 samples=4255 append_us=779820 append_max_us=13339 refresh_compose_us=0 refresh_complete_us=0 ink_samples=3751 read_submit_avg_us=1875 read_submit_max_us=15863 read_complete_avg_us=1922 read_complete_max_us=15934 submit_over_16ms=0 complete_over_33ms=0 presentation_failures=0 poll_max_us=96003 touch_errors=0 touch_overflows=0 touch_moves_coalesced=30368 touch_events=23012 touch_down=3 touch_up=3 touch_events_ge_8ms=0 touch_event_age_max_us=1242 chunks=80 free_psram=2974864 largest_psram=2949120 authority_match=1
[18:40:45] TINYDRAW_LIVE_STROKE_DONE committed=1 refresh=1 commit_failed=0
[18:40:45] TINYDRAW_LIFT_BASELINE id=4 finish_preview_us=3014 builder_finish_us=62 append_us=779820 append_max_us=13339 refresh_wall_us=19 refresh_x0=0 refresh_y0=0 refresh_x1=0 refresh_y1=0 refresh_compose_us=0 refresh_first_submit_us=0 refresh_first_complete_us=0 refresh_transfer_wait_us=0 stroke_logging_us=0 detected_to_poll_start_us=14999 detected_to_poll_complete_us=15010 poll_read_us=11 unattributed_tail_us=-767916 reports_dropped=0 chunks=80 committed=1 refresh=1 commit_failed=0
[18:40:45] TINYDRAW_FILL_BASELINE result=complete zoom=400 x=2760 y=3398 revision=90 steps=1 wall_us=772 compute_total_us=728 compute_max_us=728 present_total_us=0 present_max_us=0 tick_max_us=746 producer_failures=0 presentation_failures=0
[18:40:45] TINYDRAW_LIVE_FILL_DONE zoom=400 x=2760 y=3398 revision=90
[18:40:55] TINYDRAW_LIVE_PRESENT kind=zoom zoom=25 x=0 y=0 compose_us=35597 scroll_us=0 exposed_compose_us=0 chrome_us=0 read_submit_us=47164 read_complete_us=47967 transfer_wait_us=19836 tile_pixels=0 uniform_pixels=0 overview_pixels=164864 fallback_pixels=0 resident_tiles=0 fallback_tiles=0 pushes=21 tear_wait_us=10694 tear_sync=1 frame_reused=0 pass=1
[18:40:57] TINYDRAW_LIVE_PRESENT kind=zoom zoom=50 x=184 y=262 compose_us=22873 scroll_us=0 exposed_compose_us=0 chrome_us=0 read_submit_us=26107 read_complete_us=26910 transfer_wait_us=19893 tile_pixels=0 uniform_pixels=148480 overview_pixels=0 fallback_pixels=16384 resident_tiles=52 fallback_tiles=4 pushes=21 tear_wait_us=2365 tear_sync=1 frame_reused=0 pass=1
[18:40:57] TINYDRAW_FILL_BASELINE result=complete zoom=50 x=184 y=262 revision=90 steps=57 wall_us=83938 compute_total_us=70929 compute_max_us=5269 present_total_us=8564 present_max_us=4334 tick_max_us=6032 producer_failures=0 presentation_failures=0
[18:40:57] TINYDRAW_LIVE_FILL_DONE zoom=50 x=184 y=262 revision=90
[18:40:58] TINYDRAW_LIVE_PRESENT kind=zoom zoom=100 x=552 y=710 compose_us=22818 scroll_us=0 exposed_compose_us=0 chrome_us=0 read_submit_us=33275 read_complete_us=34078 transfer_wait_us=19725 tile_pixels=0 uniform_pixels=140288 overview_pixels=0 fallback_pixels=24576 resident_tiles=50 fallback_tiles=6 pushes=21 tear_wait_us=9597 tear_sync=1 frame_reused=0 pass=1
[18:40:58] TINYDRAW_FILL_BASELINE result=complete zoom=100 x=552 y=710 revision=90 steps=71 wall_us=131852 compute_total_us=112939 compute_max_us=5517 present_total_us=12857 present_max_us=4400 tick_max_us=6643 producer_failures=0 presentation_failures=0
[18:40:58] TINYDRAW_LIVE_FILL_DONE zoom=100 x=552 y=710 revision=90
[18:41:08] TINYDRAW_LIVE_STROKE revision=95 operations=95 samples=4465 append_us=118123 append_max_us=42617 refresh_compose_us=0 refresh_complete_us=0 ink_samples=206 read_submit_avg_us=2174 read_submit_max_us=44531 read_complete_avg_us=2228 read_complete_max_us=44615 submit_over_16ms=4 complete_over_33ms=2 presentation_failures=0 poll_max_us=88002 touch_errors=0 touch_overflows=0 touch_moves_coalesced=1670 touch_events=1194 touch_down=1 touch_up=1 touch_events_ge_8ms=0 touch_event_age_max_us=1239 chunks=5 free_psram=2974864 largest_psram=2949120 authority_match=1
[18:41:08] TINYDRAW_LIVE_STROKE_DONE committed=1 refresh=1 commit_failed=0
[18:41:08] TINYDRAW_LIFT_BASELINE id=5 finish_preview_us=2014 builder_finish_us=61 append_us=118123 append_max_us=42617 refresh_wall_us=21 refresh_x0=0 refresh_y0=0 refresh_x1=0 refresh_y1=0 refresh_compose_us=0 refresh_first_submit_us=0 refresh_first_complete_us=0 refresh_transfer_wait_us=0 stroke_logging_us=0 detected_to_poll_start_us=11996 detected_to_poll_complete_us=12007 poll_read_us=11 unattributed_tail_us=-108223 reports_dropped=0 chunks=5 committed=1 refresh=1 commit_failed=0
[18:41:08] TINYDRAW_FILL_BASELINE result=complete zoom=100 x=552 y=710 revision=95 steps=1 wall_us=1382 compute_total_us=1339 compute_max_us=1339 present_total_us=0 present_max_us=0 tick_max_us=1358 producer_failures=0 presentation_failures=0
[18:41:08] TINYDRAW_LIVE_FILL_DONE zoom=100 x=552 y=710 revision=95
[18:41:09] TINYDRAW_LIVE_PRESENT kind=chrome zoom=100 x=552 y=710 compose_us=37146 scroll_us=0 exposed_compose_us=0 chrome_us=0 read_submit_us=40892 read_complete_us=41697 transfer_wait_us=20068 tile_pixels=97536 uniform_pixels=67328 overview_pixels=0 fallback_pixels=0 resident_tiles=56 fallback_tiles=0 pushes=21 tear_wait_us=2899 tear_sync=1 frame_reused=0 pass=1
[18:41:10] TINYDRAW_LIVE_PRESENT kind=chrome zoom=100 x=552 y=710 compose_us=46756 scroll_us=0 exposed_compose_us=0 chrome_us=0 read_submit_us=63865 read_complete_us=64669 transfer_wait_us=20093 tile_pixels=97536 uniform_pixels=67328 overview_pixels=0 fallback_pixels=0 resident_tiles=56 fallback_tiles=0 pushes=21 tear_wait_us=16340 tear_sync=1 frame_reused=0 pass=1
[18:41:11] TINYDRAW_LIVE_PRESENT kind=chrome zoom=100 x=552 y=710 compose_us=26596 scroll_us=0 exposed_compose_us=0 chrome_us=0 read_submit_us=42229 read_complete_us=43032 transfer_wait_us=19725 tile_pixels=97536 uniform_pixels=67328 overview_pixels=0 fallback_pixels=0 resident_tiles=56 fallback_tiles=0 pushes=21 tear_wait_us=14786 tear_sync=1 frame_reused=0 pass=1
[18:41:14] TINYDRAW_LIVE_STROKE revision=98 operations=98 samples=4596 append_us=98036 append_max_us=45447 refresh_compose_us=0 refresh_complete_us=0 ink_samples=129 read_submit_avg_us=2348 read_submit_max_us=47547 read_complete_avg_us=2412 read_complete_max_us=47617 submit_over_16ms=2 complete_over_33ms=1 presentation_failures=0 poll_max_us=106001 touch_errors=0 touch_overflows=0 touch_moves_coalesced=1135 touch_events=826 touch_down=4 touch_up=4 touch_events_ge_8ms=0 touch_event_age_max_us=1239 chunks=3 free_psram=2974864 largest_psram=2949120 authority_match=1
[18:41:14] TINYDRAW_LIVE_STROKE_DONE committed=1 refresh=1 commit_failed=0
[18:41:14] TINYDRAW_LIFT_BASELINE id=6 finish_preview_us=2014 builder_finish_us=64 append_us=98036 append_max_us=45447 refresh_wall_us=35 refresh_x0=0 refresh_y0=0 refresh_x1=0 refresh_y1=0 refresh_compose_us=0 refresh_first_submit_us=0 refresh_first_complete_us=0 refresh_transfer_wait_us=0 stroke_logging_us=0 detected_to_poll_start_us=37993 detected_to_poll_complete_us=38004 poll_read_us=11 unattributed_tail_us=-62156 reports_dropped=0 chunks=3 committed=1 refresh=1 commit_failed=0
[18:41:14] TINYDRAW_FILL_BASELINE result=complete zoom=100 x=552 y=710 revision=98 steps=1 wall_us=1295 compute_total_us=1252 compute_max_us=1252 present_total_us=0 present_max_us=0 tick_max_us=1270 producer_failures=0 presentation_failures=0
[18:41:14] TINYDRAW_LIVE_FILL_DONE zoom=100 x=552 y=710 revision=98
[18:41:15] TINYDRAW_LIVE_PRESENT kind=chrome zoom=100 x=552 y=710 compose_us=47337 scroll_us=0 exposed_compose_us=0 chrome_us=0 read_submit_us=57863 read_complete_us=58668 transfer_wait_us=20097 tile_pixels=116864 uniform_pixels=48000 overview_pixels=0 fallback_pixels=0 resident_tiles=56 fallback_tiles=0 pushes=21 tear_wait_us=9744 tear_sync=1 frame_reused=0 pass=1
[18:41:16] TINYDRAW_LIVE_PRESENT kind=chrome zoom=100 x=552 y=710 compose_us=27248 scroll_us=0 exposed_compose_us=0 chrome_us=0 read_submit_us=37956 read_complete_us=38754 transfer_wait_us=19999 tile_pixels=116864 uniform_pixels=48000 overview_pixels=0 fallback_pixels=0 resident_tiles=56 fallback_tiles=0 pushes=21 tear_wait_us=9866 tear_sync=1 frame_reused=0 pass=1
[18:41:18] TINYDRAW_LIVE_STROKE revision=101 operations=101 samples=4737 append_us=82702 append_max_us=43036 refresh_compose_us=0 refresh_complete_us=0 ink_samples=139 read_submit_avg_us=2330 read_submit_max_us=44917 read_complete_avg_us=2392 read_complete_max_us=44994 submit_over_16ms=2 complete_over_33ms=1 presentation_failures=0 poll_max_us=100002 touch_errors=0 touch_overflows=0 touch_moves_coalesced=1166 touch_events=823 touch_down=3 touch_up=3 touch_events_ge_8ms=0 touch_event_age_max_us=1236 chunks=3 free_psram=2974864 largest_psram=2949120 authority_match=1
[18:41:18] TINYDRAW_LIVE_STROKE_DONE committed=1 refresh=1 commit_failed=0
[18:41:18] TINYDRAW_LIFT_BASELINE id=7 finish_preview_us=2012 builder_finish_us=63 append_us=82702 append_max_us=43036 refresh_wall_us=19 refresh_x0=0 refresh_y0=0 refresh_x1=0 refresh_y1=0 refresh_compose_us=0 refresh_first_submit_us=0 refresh_first_complete_us=0 refresh_transfer_wait_us=0 stroke_logging_us=0 detected_to_poll_start_us=24996 detected_to_poll_complete_us=25007 poll_read_us=11 unattributed_tail_us=-59800 reports_dropped=0 chunks=3 committed=1 refresh=1 commit_failed=0
[18:41:18] TINYDRAW_FILL_BASELINE result=complete zoom=100 x=552 y=710 revision=101 steps=1 wall_us=1296 compute_total_us=1252 compute_max_us=1252 present_total_us=0 present_max_us=0 tick_max_us=1271 producer_failures=0 presentation_failures=0
[18:41:18] TINYDRAW_LIVE_FILL_DONE zoom=100 x=552 y=710 revision=101
[18:41:22] TINYDRAW_LIVE_PRESENT kind=chrome zoom=100 x=552 y=710 compose_us=37696 scroll_us=0 exposed_compose_us=0 chrome_us=0 read_submit_us=51967 read_complete_us=52766 transfer_wait_us=19994 tile_pixels=120960 uniform_pixels=43904 overview_pixels=0 fallback_pixels=0 resident_tiles=56 fallback_tiles=0 pushes=21 tear_wait_us=13391 tear_sync=1 frame_reused=0 pass=1
[18:41:23] TINYDRAW_LIVE_PRESENT kind=chrome zoom=100 x=552 y=710 compose_us=37845 scroll_us=0 exposed_compose_us=0 chrome_us=0 read_submit_us=42468 read_complete_us=43270 transfer_wait_us=19490 tile_pixels=120960 uniform_pixels=43904 overview_pixels=0 fallback_pixels=0 resident_tiles=56 fallback_tiles=0 pushes=21 tear_wait_us=3849 tear_sync=1 frame_reused=0 pass=1
[18:41:23] TINYDRAW_LIVE_PRESENT kind=chrome zoom=100 x=552 y=710 compose_us=38017 scroll_us=0 exposed_compose_us=0 chrome_us=0 read_submit_us=39789 read_complete_us=40593 transfer_wait_us=19179 tile_pixels=120960 uniform_pixels=43904 overview_pixels=0 fallback_pixels=0 resident_tiles=56 fallback_tiles=0 pushes=21 tear_wait_us=940 tear_sync=1 frame_reused=0 pass=1
[18:41:24] TINYDRAW_LIVE_PRESENT kind=chrome zoom=100 x=552 y=710 compose_us=27321 scroll_us=0 exposed_compose_us=0 chrome_us=0 read_submit_us=39387 read_complete_us=40190 transfer_wait_us=19571 tile_pixels=120960 uniform_pixels=43904 overview_pixels=0 fallback_pixels=0 resident_tiles=56 fallback_tiles=0 pushes=21 tear_wait_us=11272 tear_sync=1 frame_reused=0 pass=1
[18:41:25] TINYDRAW_LIVE_PRESENT kind=chrome zoom=100 x=552 y=710 compose_us=47451 scroll_us=0 exposed_compose_us=0 chrome_us=0 read_submit_us=64140 read_complete_us=64944 transfer_wait_us=19821 tile_pixels=120960 uniform_pixels=43904 overview_pixels=0 fallback_pixels=0 resident_tiles=56 fallback_tiles=0 pushes=21 tear_wait_us=15877 tear_sync=1 frame_reused=0 pass=1
[18:41:26] TINYDRAW_LIVE_PRESENT kind=chrome zoom=100 x=552 y=710 compose_us=47386 scroll_us=0 exposed_compose_us=0 chrome_us=0 read_submit_us=55811 read_complete_us=56616 transfer_wait_us=20152 tile_pixels=120960 uniform_pixels=43904 overview_pixels=0 fallback_pixels=0 resident_tiles=56 fallback_tiles=0 pushes=21 tear_wait_us=7667 tear_sync=1 frame_reused=0 pass=1
[18:41:26] TINYDRAW_LIVE_PRESENT kind=chrome zoom=100 x=552 y=710 compose_us=47394 scroll_us=0 exposed_compose_us=0 chrome_us=0 read_submit_us=48337 read_complete_us=49141 transfer_wait_us=19629 tile_pixels=120960 uniform_pixels=43904 overview_pixels=0 fallback_pixels=0 resident_tiles=56 fallback_tiles=0 pushes=21 tear_wait_us=190 tear_sync=1 frame_reused=0 pass=1
[18:41:27] TINYDRAW_LIVE_PRESENT kind=chrome zoom=100 x=552 y=710 compose_us=47411 scroll_us=0 exposed_compose_us=0 chrome_us=0 read_submit_us=60432 read_complete_us=61236 transfer_wait_us=19531 tile_pixels=120960 uniform_pixels=43904 overview_pixels=0 fallback_pixels=0 resident_tiles=56 fallback_tiles=0 pushes=21 tear_wait_us=12310 tear_sync=1 frame_reused=0 pass=1
[18:41:28] TINYDRAW_LIVE_PRESENT kind=chrome zoom=100 x=552 y=710 compose_us=27319 scroll_us=0 exposed_compose_us=0 chrome_us=0 read_submit_us=35842 read_complete_us=36645 transfer_wait_us=20112 tile_pixels=120960 uniform_pixels=43904 overview_pixels=0 fallback_pixels=0 resident_tiles=56 fallback_tiles=0 pushes=21 tear_wait_us=7687 tear_sync=1 frame_reused=0 pass=1
[18:41:29] TINYDRAW_LIVE_PRESENT kind=chrome zoom=100 x=552 y=710 compose_us=38040 scroll_us=0 exposed_compose_us=0 chrome_us=0 read_submit_us=43701 read_complete_us=44504 transfer_wait_us=19261 tile_pixels=120960 uniform_pixels=43904 overview_pixels=0 fallback_pixels=0 resident_tiles=56 fallback_tiles=0 pushes=21 tear_wait_us=4848 tear_sync=1 frame_reused=0 pass=1
[18:41:30] TINYDRAW_LIVE_PRESENT kind=chrome zoom=100 x=552 y=710 compose_us=27328 scroll_us=0 exposed_compose_us=0 chrome_us=0 read_submit_us=43482 read_complete_us=44284 transfer_wait_us=19475 tile_pixels=120960 uniform_pixels=43904 overview_pixels=0 fallback_pixels=0 resident_tiles=56 fallback_tiles=0 pushes=21 tear_wait_us=15380 tear_sync=1 frame_reused=0 pass=1
[18:41:33] TINYDRAW_LIVE_STROKE revision=105 operations=105 samples=4885 append_us=115057 append_max_us=72722 refresh_compose_us=0 refresh_complete_us=0 ink_samples=145 read_submit_avg_us=2656 read_submit_max_us=74762 read_complete_avg_us=2728 read_complete_max_us=74891 submit_over_16ms=3 complete_over_33ms=1 presentation_failures=0 poll_max_us=106002 touch_errors=0 touch_overflows=0 touch_moves_coalesced=1554 touch_events=1158 touch_down=12 touch_up=12 touch_events_ge_8ms=0 touch_event_age_max_us=1236 chunks=4 free_psram=2974864 largest_psram=2949120 authority_match=1
[18:41:33] TINYDRAW_LIVE_STROKE_DONE committed=1 refresh=1 commit_failed=0
[18:41:33] TINYDRAW_LIFT_BASELINE id=8 finish_preview_us=2014 builder_finish_us=62 append_us=115057 append_max_us=72722 refresh_wall_us=19 refresh_x0=0 refresh_y0=0 refresh_x1=0 refresh_y1=0 refresh_compose_us=0 refresh_first_submit_us=0 refresh_first_complete_us=0 refresh_transfer_wait_us=0 stroke_logging_us=0 detected_to_poll_start_us=4999 detected_to_poll_complete_us=5010 poll_read_us=11 unattributed_tail_us=-112153 reports_dropped=0 chunks=4 committed=1 refresh=1 commit_failed=0
[18:41:33] TINYDRAW_FILL_BASELINE result=complete zoom=100 x=552 y=710 revision=105 steps=1 wall_us=1300 compute_total_us=1255 compute_max_us=1255 present_total_us=0 present_max_us=0 tick_max_us=1275 producer_failures=0 presentation_failures=0
[18:41:33] TINYDRAW_LIVE_FILL_DONE zoom=100 x=552 y=710 revision=105
[18:41:35] TINYDRAW_LIVE_STROKE revision=107 operations=107 samples=4957 append_us=50834 append_max_us=27724 refresh_compose_us=0 refresh_complete_us=0 ink_samples=71 read_submit_avg_us=2287 read_submit_max_us=29663 read_complete_avg_us=2349 read_complete_max_us=29702 submit_over_16ms=1 complete_over_33ms=0 presentation_failures=0 poll_max_us=32002 touch_errors=0 touch_overflows=0 touch_moves_coalesced=570 touch_events=399 touch_down=1 touch_up=1 touch_events_ge_8ms=0 touch_event_age_max_us=262 chunks=2 free_psram=2974864 largest_psram=2949120 authority_match=1
[18:41:35] TINYDRAW_LIVE_STROKE_DONE committed=1 refresh=1 commit_failed=0
[18:41:35] TINYDRAW_LIFT_BASELINE id=9 finish_preview_us=2014 builder_finish_us=64 append_us=50834 append_max_us=27724 refresh_wall_us=19 refresh_x0=0 refresh_y0=0 refresh_x1=0 refresh_y1=0 refresh_compose_us=0 refresh_first_submit_us=0 refresh_first_complete_us=0 refresh_transfer_wait_us=0 stroke_logging_us=0 detected_to_poll_start_us=26993 detected_to_poll_complete_us=27004 poll_read_us=11 unattributed_tail_us=-25938 reports_dropped=0 chunks=2 committed=1 refresh=1 commit_failed=0
[18:41:35] TINYDRAW_FILL_BASELINE result=complete zoom=100 x=552 y=710 revision=107 steps=1 wall_us=1281 compute_total_us=1237 compute_max_us=1237 present_total_us=0 present_max_us=0 tick_max_us=1256 producer_failures=0 presentation_failures=0
[18:41:35] TINYDRAW_LIVE_FILL_DONE zoom=100 x=552 y=710 revision=107
[18:41:41] TINYDRAW_LIVE_PRESENT kind=chrome zoom=100 x=552 y=710 compose_us=47340 scroll_us=0 exposed_compose_us=0 chrome_us=0 read_submit_us=55447 read_complete_us=56251 transfer_wait_us=19513 tile_pixels=120960 uniform_pixels=43904 overview_pixels=0 fallback_pixels=0 resident_tiles=56 fallback_tiles=0 pushes=21 tear_wait_us=7393 tear_sync=1 frame_reused=0 pass=1
[18:41:43] TINYDRAW_LIVE_PRESENT kind=chrome zoom=100 x=552 y=710 compose_us=27330 scroll_us=0 exposed_compose_us=0 chrome_us=0 read_submit_us=42928 read_complete_us=43733 transfer_wait_us=20027 tile_pixels=120960 uniform_pixels=43904 overview_pixels=0 fallback_pixels=0 resident_tiles=56 fallback_tiles=0 pushes=21 tear_wait_us=14760 tear_sync=1 frame_reused=0 pass=1
[18:41:44] TINYDRAW_LIVE_PRESENT kind=chrome zoom=100 x=552 y=710 compose_us=37844 scroll_us=0 exposed_compose_us=0 chrome_us=0 read_submit_us=55261 read_complete_us=56065 transfer_wait_us=19700 tile_pixels=120960 uniform_pixels=43904 overview_pixels=0 fallback_pixels=0 resident_tiles=56 fallback_tiles=0 pushes=21 tear_wait_us=16605 tear_sync=1 frame_reused=0 pass=1
[18:41:45] TINYDRAW_LIVE_PRESENT kind=chrome zoom=100 x=552 y=710 compose_us=27095 scroll_us=0 exposed_compose_us=0 chrome_us=0 read_submit_us=34977 read_complete_us=35785 transfer_wait_us=19976 tile_pixels=120960 uniform_pixels=43904 overview_pixels=0 fallback_pixels=0 resident_tiles=56 fallback_tiles=0 pushes=21 tear_wait_us=7037 tear_sync=1 frame_reused=0 pass=1
[18:41:52] TINYDRAW_LIVE_PRESENT kind=zoom zoom=200 x=1288 y=1606 compose_us=26085 scroll_us=0 exposed_compose_us=0 chrome_us=0 read_submit_us=42907 read_complete_us=43712 transfer_wait_us=20093 tile_pixels=0 uniform_pixels=0 overview_pixels=0 fallback_pixels=164864 resident_tiles=0 fallback_tiles=48 pushes=21 tear_wait_us=15939 tear_sync=1 frame_reused=0 pass=1
[18:41:52] TINYDRAW_FILL_BASELINE result=complete zoom=200 x=1288 y=1606 revision=107 steps=164 wall_us=440912 compute_total_us=357345 compute_max_us=8244 present_total_us=68694 present_max_us=8203 tick_max_us=10144 producer_failures=0 presentation_failures=0
[18:41:52] TINYDRAW_LIVE_FILL_DONE zoom=200 x=1288 y=1606 revision=107
[18:41:53] TINYDRAW_LIVE_PRESENT kind=zoom zoom=400 x=2760 y=3398 compose_us=27230 scroll_us=0 exposed_compose_us=0 chrome_us=0 read_submit_us=37712 read_complete_us=38515 transfer_wait_us=19288 tile_pixels=139104 uniform_pixels=0 overview_pixels=0 fallback_pixels=25760 resident_tiles=36 fallback_tiles=12 pushes=21 tear_wait_us=9641 tear_sync=1 frame_reused=0 pass=1
[18:41:53] TINYDRAW_FILL_BASELINE result=complete zoom=400 x=2760 y=3398 revision=107 steps=88 wall_us=163563 compute_total_us=156541 compute_max_us=8149 present_total_us=100 present_max_us=19 tick_max_us=8169 producer_failures=0 presentation_failures=0
[18:41:53] TINYDRAW_LIVE_FILL_DONE zoom=400 x=2760 y=3398 revision=107
[18:41:54] TINYDRAW_LIVE_PRESENT kind=zoom zoom=25 x=0 y=0 compose_us=35454 scroll_us=0 exposed_compose_us=0 chrome_us=0 read_submit_us=37901 read_complete_us=38706 transfer_wait_us=20099 tile_pixels=0 uniform_pixels=0 overview_pixels=164864 fallback_pixels=0 resident_tiles=0 fallback_tiles=0 pushes=21 tear_wait_us=1573 tear_sync=1 frame_reused=0 pass=1
[18:41:55] TINYDRAW_LIVE_STROKE revision=108 operations=108 samples=4958 append_us=805 append_max_us=805 refresh_compose_us=0 refresh_complete_us=0 ink_samples=2 read_submit_avg_us=737 read_submit_max_us=833 read_complete_avg_us=721 read_complete_max_us=814 submit_over_16ms=0 complete_over_33ms=0 presentation_failures=0 poll_max_us=97002 touch_errors=0 touch_overflows=0 touch_moves_coalesced=153 touch_events=166 touch_down=5 touch_up=5 touch_events_ge_8ms=0 touch_event_age_max_us=1238 chunks=1 free_psram=2974864 largest_psram=2949120 authority_match=1
[18:41:55] TINYDRAW_LIVE_STROKE_DONE committed=1 refresh=1 commit_failed=0
[18:41:55] TINYDRAW_LIFT_BASELINE id=10 finish_preview_us=697 builder_finish_us=103 append_us=805 append_max_us=805 refresh_wall_us=19 refresh_x0=0 refresh_y0=0 refresh_x1=0 refresh_y1=0 refresh_compose_us=0 refresh_first_submit_us=0 refresh_first_complete_us=0 refresh_transfer_wait_us=0 stroke_logging_us=0 detected_to_poll_start_us=3000 detected_to_poll_complete_us=3011 poll_read_us=11 unattributed_tail_us=1376 reports_dropped=0 chunks=1 committed=1 refresh=1 commit_failed=0
[18:41:59] TINYDRAW_LIVE_STROKE revision=113 operations=113 samples=5168 append_us=85756 append_max_us=34598 refresh_compose_us=0 refresh_complete_us=0 ink_samples=206 read_submit_avg_us=1681 read_submit_max_us=35953 read_complete_avg_us=1702 read_complete_max_us=35969 submit_over_16ms=2 complete_over_33ms=1 presentation_failures=0 poll_max_us=38004 touch_errors=0 touch_overflows=0 touch_moves_coalesced=1432 touch_events=1225 touch_down=1 touch_up=1 touch_events_ge_8ms=0 touch_event_age_max_us=1019 chunks=5 free_psram=2974864 largest_psram=2949120 authority_match=1
[18:41:59] TINYDRAW_LIVE_STROKE_DONE committed=1 refresh=1 commit_failed=0
[18:41:59] TINYDRAW_LIFT_BASELINE id=11 finish_preview_us=967 builder_finish_us=132 append_us=85756 append_max_us=34598 refresh_wall_us=19 refresh_x0=0 refresh_y0=0 refresh_x1=0 refresh_y1=0 refresh_compose_us=0 refresh_first_submit_us=0 refresh_first_complete_us=0 refresh_transfer_wait_us=0 stroke_logging_us=0 detected_to_poll_start_us=4999 detected_to_poll_complete_us=5010 poll_read_us=11 unattributed_tail_us=-81875 reports_dropped=0 chunks=5 committed=1 refresh=1 commit_failed=0
[18:42:09] TINYDRAW_LIVE_STROKE revision=128 operations=128 samples=5849 append_us=386716 append_max_us=120117 refresh_compose_us=0 refresh_complete_us=0 ink_samples=667 read_submit_avg_us=1927 read_submit_max_us=122931 read_complete_avg_us=1951 read_complete_max_us=123078 submit_over_16ms=6 complete_over_33ms=5 presentation_failures=0 poll_max_us=126003 touch_errors=0 touch_overflows=0 touch_moves_coalesced=4939 touch_events=4049 touch_down=1 touch_up=1 touch_events_ge_8ms=0 touch_event_age_max_us=1230 chunks=15 free_psram=2974864 largest_psram=2949120 authority_match=1
[18:42:09] TINYDRAW_LIVE_STROKE_DONE committed=1 refresh=1 commit_failed=0
[18:42:09] TINYDRAW_LIFT_BASELINE id=12 finish_preview_us=968 builder_finish_us=124 append_us=386716 append_max_us=120117 refresh_wall_us=19 refresh_x0=0 refresh_y0=0 refresh_x1=0 refresh_y1=0 refresh_compose_us=0 refresh_first_submit_us=0 refresh_first_complete_us=0 refresh_transfer_wait_us=0 stroke_logging_us=0 detected_to_poll_start_us=6999 detected_to_poll_complete_us=7010 poll_read_us=11 unattributed_tail_us=-380828 reports_dropped=0 chunks=15 committed=1 refresh=1 commit_failed=0
[18:42:10] TINYDRAW_LIVE_PRESENT kind=chrome zoom=25 x=0 y=0 compose_us=55556 scroll_us=0 exposed_compose_us=0 chrome_us=0 read_submit_us=64016 read_complete_us=64821 transfer_wait_us=19941 tile_pixels=0 uniform_pixels=0 overview_pixels=164864 fallback_pixels=0 resident_tiles=0 fallback_tiles=0 pushes=21 tear_wait_us=7653 tear_sync=1 frame_reused=0 pass=1
[18:42:11] TINYDRAW_LIVE_PRESENT kind=chrome zoom=25 x=0 y=0 compose_us=55491 scroll_us=0 exposed_compose_us=0 chrome_us=0 read_submit_us=70184 read_complete_us=70988 transfer_wait_us=19778 tile_pixels=0 uniform_pixels=0 overview_pixels=164864 fallback_pixels=0 resident_tiles=0 fallback_tiles=0 pushes=21 tear_wait_us=13912 tear_sync=1 frame_reused=0 pass=1
[18:42:12] TINYDRAW_LIVE_PRESENT kind=chrome zoom=25 x=0 y=0 compose_us=35376 scroll_us=0 exposed_compose_us=0 chrome_us=0 read_submit_us=40976 read_complete_us=41779 transfer_wait_us=19980 tile_pixels=0 uniform_pixels=0 overview_pixels=164864 fallback_pixels=0 resident_tiles=0 fallback_tiles=0 pushes=21 tear_wait_us=4754 tear_sync=1 frame_reused=0 pass=1
[18:42:17] TINYDRAW_LIVE_STROKE revision=135 operations=135 samples=6170 append_us=223025 append_max_us=67385 refresh_compose_us=0 refresh_complete_us=0 ink_samples=315 read_submit_avg_us=1975 read_submit_max_us=68629 read_complete_avg_us=1999 read_complete_max_us=68606 submit_over_16ms=4 complete_over_33ms=3 presentation_failures=0 poll_max_us=111000 touch_errors=0 touch_overflows=0 touch_moves_coalesced=2470 touch_events=2057 touch_down=4 touch_up=4 touch_events_ge_8ms=0 touch_event_age_max_us=1239 chunks=7 free_psram=2974864 largest_psram=2949120 authority_match=1
[18:42:17] TINYDRAW_LIVE_STROKE_DONE committed=1 refresh=1 commit_failed=0
[18:42:17] TINYDRAW_LIFT_BASELINE id=13 finish_preview_us=1049 builder_finish_us=79 append_us=223025 append_max_us=67385 refresh_wall_us=26 refresh_x0=0 refresh_y0=0 refresh_x1=0 refresh_y1=0 refresh_compose_us=0 refresh_first_submit_us=0 refresh_first_complete_us=0 refresh_transfer_wait_us=0 stroke_logging_us=0 detected_to_poll_start_us=8999 detected_to_poll_complete_us=9010 poll_read_us=11 unattributed_tail_us=-215180 reports_dropped=0 chunks=7 committed=1 refresh=1 commit_failed=0
[18:42:19] TINYDRAW_LIVE_PRESENT kind=zoom zoom=50 x=184 y=262 compose_us=28891 scroll_us=0 exposed_compose_us=0 chrome_us=0 read_submit_us=46462 read_complete_us=47266 transfer_wait_us=19538 tile_pixels=16384 uniform_pixels=2208 overview_pixels=0 fallback_pixels=146272 resident_tiles=11 fallback_tiles=45 pushes=21 tear_wait_us=16733 tear_sync=1 frame_reused=0 pass=1
[18:42:20] TINYDRAW_FILL_BASELINE result=complete zoom=50 x=184 y=262 revision=135 steps=174 wall_us=427463 compute_total_us=350837 compute_max_us=8090 present_total_us=61125 present_max_us=7961 tick_max_us=10509 producer_failures=0 presentation_failures=0
[18:42:20] TINYDRAW_LIVE_FILL_DONE zoom=50 x=184 y=262 revision=135
[18:42:20] TINYDRAW_LIVE_PRESENT kind=zoom zoom=100 x=552 y=710 compose_us=28268 scroll_us=0 exposed_compose_us=0 chrome_us=0 read_submit_us=40834 read_complete_us=41636 transfer_wait_us=20166 tile_pixels=120960 uniform_pixels=0 overview_pixels=0 fallback_pixels=43904 resident_tiles=30 fallback_tiles=26 pushes=21 tear_wait_us=11698 tear_sync=1 frame_reused=0 pass=1
[18:42:21] TINYDRAW_FILL_BASELINE result=complete zoom=100 x=552 y=710 revision=135 steps=108 wall_us=248653 compute_total_us=221393 compute_max_us=6195 present_total_us=16547 present_max_us=3491 tick_max_us=6803 producer_failures=0 presentation_failures=0
[18:42:21] TINYDRAW_LIVE_FILL_DONE zoom=100 x=552 y=710 revision=135
[18:42:22] TINYDRAW_LIVE_PRESENT kind=chrome zoom=100 x=552 y=710 compose_us=39662 scroll_us=0 exposed_compose_us=0 chrome_us=0 read_submit_us=52485 read_complete_us=53286 transfer_wait_us=19477 tile_pixels=164480 uniform_pixels=384 overview_pixels=0 fallback_pixels=0 resident_tiles=56 fallback_tiles=0 pushes=21 tear_wait_us=12043 tear_sync=1 frame_reused=0 pass=1
[18:42:23] TINYDRAW_LIVE_PRESENT kind=chrome zoom=100 x=552 y=710 compose_us=29089 scroll_us=0 exposed_compose_us=0 chrome_us=0 read_submit_us=39436 read_complete_us=40240 transfer_wait_us=19519 tile_pixels=164480 uniform_pixels=384 overview_pixels=0 fallback_pixels=0 resident_tiles=56 fallback_tiles=0 pushes=21 tear_wait_us=9563 tear_sync=1 frame_reused=0 pass=1
[18:42:24] TINYDRAW_LIVE_PRESENT kind=chrome zoom=100 x=552 y=710 compose_us=39453 scroll_us=0 exposed_compose_us=0 chrome_us=0 read_submit_us=55094 read_complete_us=55898 transfer_wait_us=19867 tile_pixels=164480 uniform_pixels=384 overview_pixels=0 fallback_pixels=0 resident_tiles=56 fallback_tiles=0 pushes=21 tear_wait_us=14788 tear_sync=1 frame_reused=0 pass=1
[18:42:26] TINYDRAW_LIVE_PRESENT kind=chrome zoom=100 x=552 y=710 compose_us=29178 scroll_us=0 exposed_compose_us=0 chrome_us=0 read_submit_us=34212 read_complete_us=35016 transfer_wait_us=19743 tile_pixels=164480 uniform_pixels=384 overview_pixels=0 fallback_pixels=0 resident_tiles=56 fallback_tiles=0 pushes=21 tear_wait_us=4209 tear_sync=1 frame_reused=0 pass=1
[18:42:34] TINYDRAW_LIVE_STROKE revision=146 operations=146 samples=6679 append_us=381836 append_max_us=69142 refresh_compose_us=0 refresh_complete_us=0 ink_samples=499 read_submit_avg_us=2245 read_submit_max_us=70882 read_complete_avg_us=2289 read_complete_max_us=70977 submit_over_16ms=8 complete_over_33ms=7 presentation_failures=0 poll_max_us=97002 touch_errors=0 touch_overflows=0 touch_moves_coalesced=4237 touch_events=3157 touch_down=5 touch_up=5 touch_events_ge_8ms=0 touch_event_age_max_us=1236 chunks=11 free_psram=2974864 largest_psram=2949120 authority_match=1
[18:42:34] TINYDRAW_LIVE_STROKE_DONE committed=1 refresh=1 commit_failed=0
[18:42:34] TINYDRAW_LIFT_BASELINE id=14 finish_preview_us=2014 builder_finish_us=63 append_us=381836 append_max_us=69142 refresh_wall_us=20 refresh_x0=0 refresh_y0=0 refresh_x1=0 refresh_y1=0 refresh_compose_us=0 refresh_first_submit_us=0 refresh_first_complete_us=0 refresh_transfer_wait_us=0 stroke_logging_us=0 detected_to_poll_start_us=13997 detected_to_poll_complete_us=14008 poll_read_us=11 unattributed_tail_us=-369936 reports_dropped=0 chunks=11 committed=1 refresh=1 commit_failed=0
[18:42:34] TINYDRAW_FILL_BASELINE result=complete zoom=100 x=552 y=710 revision=146 steps=1 wall_us=1067 compute_total_us=1024 compute_max_us=1024 present_total_us=0 present_max_us=0 tick_max_us=1043 producer_failures=0 presentation_failures=0
[18:42:34] TINYDRAW_LIVE_FILL_DONE zoom=100 x=552 y=710 revision=146
[18:42:40] TINYDRAW_LIVE_PRESENT kind=chrome zoom=100 x=552 y=710 compose_us=49089 scroll_us=0 exposed_compose_us=0 chrome_us=0 read_submit_us=52410 read_complete_us=53214 transfer_wait_us=19550 tile_pixels=164480 uniform_pixels=384 overview_pixels=0 fallback_pixels=0 resident_tiles=56 fallback_tiles=0 pushes=21 tear_wait_us=2585 tear_sync=1 frame_reused=0 pass=1
[18:42:43] TINYDRAW_LIVE_PRESENT kind=chrome zoom=100 x=552 y=710 compose_us=29169 scroll_us=0 exposed_compose_us=0 chrome_us=0 read_submit_us=43022 read_complete_us=43828 transfer_wait_us=19932 tile_pixels=164480 uniform_pixels=384 overview_pixels=0 fallback_pixels=0 resident_tiles=56 fallback_tiles=0 pushes=21 tear_wait_us=12994 tear_sync=1 frame_reused=0 pass=1
[18:42:46] TINYDRAW_LIVE_STROKE revision=149 operations=149 samples=6815 append_us=89607 append_max_us=57144 refresh_compose_us=0 refresh_complete_us=0 ink_samples=134 read_submit_avg_us=2088 read_submit_max_us=58725 read_complete_avg_us=2125 read_complete_max_us=58771 submit_over_16ms=2 complete_over_33ms=1 presentation_failures=0 poll_max_us=94002 touch_errors=0 touch_overflows=0 touch_moves_coalesced=1107 touch_events=825 touch_down=3 touch_up=3 touch_events_ge_8ms=0 touch_event_age_max_us=1242 chunks=3 free_psram=2974864 largest_psram=2949120 authority_match=1
[18:42:47] TINYDRAW_LIVE_STROKE_DONE committed=1 refresh=1 commit_failed=0
[18:42:47] TINYDRAW_LIFT_BASELINE id=15 finish_preview_us=2010 builder_finish_us=63 append_us=89607 append_max_us=57144 refresh_wall_us=19 refresh_x0=0 refresh_y0=0 refresh_x1=0 refresh_y1=0 refresh_compose_us=0 refresh_first_submit_us=0 refresh_first_complete_us=0 refresh_transfer_wait_us=0 stroke_logging_us=0 detected_to_poll_start_us=14994 detected_to_poll_complete_us=15006 poll_read_us=12 unattributed_tail_us=-76705 reports_dropped=0 chunks=3 committed=1 refresh=1 commit_failed=0
[18:42:47] TINYDRAW_FILL_BASELINE result=complete zoom=100 x=552 y=710 revision=149 steps=1 wall_us=1069 compute_total_us=1026 compute_max_us=1026 present_total_us=0 present_max_us=0 tick_max_us=1044 producer_failures=0 presentation_failures=0
[18:42:47] TINYDRAW_LIVE_FILL_DONE zoom=100 x=552 y=710 revision=149
[18:42:48] TINYDRAW_LIVE_PRESENT kind=chrome zoom=100 x=552 y=710 compose_us=39660 scroll_us=0 exposed_compose_us=0 chrome_us=0 read_submit_us=49438 read_complete_us=50242 transfer_wait_us=19523 tile_pixels=164480 uniform_pixels=384 overview_pixels=0 fallback_pixels=0 resident_tiles=56 fallback_tiles=0 pushes=21 tear_wait_us=8982 tear_sync=1 frame_reused=0 pass=1
[18:42:49] TINYDRAW_LIVE_PRESENT kind=chrome zoom=100 x=552 y=710 compose_us=29241 scroll_us=0 exposed_compose_us=0 chrome_us=0 read_submit_us=30243 read_complete_us=31046 transfer_wait_us=19710 tile_pixels=164480 uniform_pixels=384 overview_pixels=0 fallback_pixels=0 resident_tiles=56 fallback_tiles=0 pushes=21 tear_wait_us=65 tear_sync=1 frame_reused=0 pass=1
[18:42:49] TINYDRAW_LIVE_PRESENT kind=chrome zoom=100 x=552 y=710 compose_us=49179 scroll_us=0 exposed_compose_us=0 chrome_us=0 read_submit_us=60866 read_complete_us=61671 transfer_wait_us=20095 tile_pixels=164480 uniform_pixels=384 overview_pixels=0 fallback_pixels=0 resident_tiles=56 fallback_tiles=0 pushes=21 tear_wait_us=10917 tear_sync=1 frame_reused=0 pass=1
[18:42:51] TINYDRAW_LIVE_PRESENT kind=chrome zoom=100 x=552 y=710 compose_us=29181 scroll_us=0 exposed_compose_us=0 chrome_us=0 read_submit_us=43545 read_complete_us=44344 transfer_wait_us=19407 tile_pixels=164480 uniform_pixels=384 overview_pixels=0 fallback_pixels=0 resident_tiles=56 fallback_tiles=0 pushes=21 tear_wait_us=13561 tear_sync=1 frame_reused=0 pass=1
[18:42:54] TINYDRAW_LIVE_STROKE revision=152 operations=152 samples=6940 append_us=184657 append_max_us=131846 refresh_compose_us=0 refresh_complete_us=0 ink_samples=123 read_submit_avg_us=3214 read_submit_max_us=134213 read_complete_avg_us=3286 read_complete_max_us=134286 submit_over_16ms=2 complete_over_33ms=2 presentation_failures=0 poll_max_us=137002 touch_errors=0 touch_overflows=0 touch_moves_coalesced=1265 touch_events=857 touch_down=5 touch_up=5 touch_events_ge_8ms=0 touch_event_age_max_us=1233 chunks=3 free_psram=2974864 largest_psram=2949120 authority_match=1
[18:42:54] TINYDRAW_LIVE_STROKE_DONE committed=1 refresh=1 commit_failed=0
[18:42:54] TINYDRAW_LIFT_BASELINE id=16 finish_preview_us=2014 builder_finish_us=63 append_us=184657 append_max_us=131846 refresh_wall_us=39 refresh_x0=0 refresh_y0=0 refresh_x1=0 refresh_y1=0 refresh_compose_us=0 refresh_first_submit_us=0 refresh_first_complete_us=0 refresh_transfer_wait_us=0 stroke_logging_us=0 detected_to_poll_start_us=19997 detected_to_poll_complete_us=20008 poll_read_us=11 unattributed_tail_us=-166776 reports_dropped=0 chunks=3 committed=1 refresh=1 commit_failed=0
[18:42:54] TINYDRAW_FILL_BASELINE result=complete zoom=100 x=552 y=710 revision=152 steps=1 wall_us=1077 compute_total_us=1033 compute_max_us=1033 present_total_us=0 present_max_us=0 tick_max_us=1054 producer_failures=0 presentation_failures=0
[18:42:54] TINYDRAW_LIVE_FILL_DONE zoom=100 x=552 y=710 revision=152
[18:42:56] TINYDRAW_LIVE_PRESENT kind=zoom zoom=200 x=1288 y=1606 compose_us=28530 scroll_us=0 exposed_compose_us=0 chrome_us=0 read_submit_us=46159 read_complete_us=46963 transfer_wait_us=19841 tile_pixels=150224 uniform_pixels=0 overview_pixels=0 fallback_pixels=14640 resident_tiles=42 fallback_tiles=6 pushes=21 tear_wait_us=16734 tear_sync=1 frame_reused=0 pass=1
[18:42:56] TINYDRAW_FILL_BASELINE result=complete zoom=200 x=1288 y=1606 revision=152 steps=52 wall_us=101559 compute_total_us=88596 compute_max_us=7136 present_total_us=7165 present_max_us=3355 tick_max_us=7159 producer_failures=0 presentation_failures=0
[18:42:57] TINYDRAW_LIVE_FILL_DONE zoom=200 x=1288 y=1606 revision=152
[18:42:57] TINYDRAW_LIVE_PRESENT kind=zoom zoom=400 x=2760 y=3398 compose_us=27865 scroll_us=0 exposed_compose_us=0 chrome_us=0 read_submit_us=29318 read_complete_us=30121 transfer_wait_us=19682 tile_pixels=163376 uniform_pixels=0 overview_pixels=0 fallback_pixels=1488 resident_tiles=44 fallback_tiles=4 pushes=21 tear_wait_us=497 tear_sync=1 frame_reused=0 pass=1
[18:42:57] TINYDRAW_FILL_BASELINE result=complete zoom=400 x=2760 y=3398 revision=152 steps=48 wall_us=70818 compute_total_us=67136 compute_max_us=7367 present_total_us=34 present_max_us=12 tick_max_us=7385 producer_failures=0 presentation_failures=0
[18:42:57] TINYDRAW_LIVE_FILL_DONE zoom=400 x=2760 y=3398 revision=152
[18:42:58] TINYDRAW_LIVE_PRESENT kind=chrome zoom=400 x=2760 y=3398 compose_us=38211 scroll_us=0 exposed_compose_us=0 chrome_us=0 read_submit_us=51842 read_complete_us=52646 transfer_wait_us=20120 tile_pixels=164864 uniform_pixels=0 overview_pixels=0 fallback_pixels=0 resident_tiles=48 fallback_tiles=0 pushes=21 tear_wait_us=12803 tear_sync=1 frame_reused=0 pass=1
[18:42:59] TINYDRAW_LIVE_PRESENT kind=chrome zoom=400 x=2760 y=3398 compose_us=27583 scroll_us=0 exposed_compose_us=0 chrome_us=0 read_submit_us=41264 read_complete_us=42068 transfer_wait_us=19695 tile_pixels=164864 uniform_pixels=0 overview_pixels=0 fallback_pixels=0 resident_tiles=48 fallback_tiles=0 pushes=21 tear_wait_us=12846 tear_sync=1 frame_reused=0 pass=1
[18:43:00] TINYDRAW_PAN_BASELINE zoom=400 x=3029 y=3342 frames=4 reused=1 compose_avg_us=26275 compose_max_us=30131 present_avg_us=19628 present_max_us=19930 tear_wait_avg_us=13653 tear_wait_max_us=16346 failures=0
[18:43:00] TINYDRAW_PAN_BASELINE zoom=400 x=3231 y=3243 frames=3 reused=0 compose_avg_us=29280 compose_max_us=29756 present_avg_us=19649 present_max_us=19967 tear_wait_avg_us=11850 tear_wait_max_us=15988 failures=0
[18:43:00] TINYDRAW_FILL_BASELINE result=superseded zoom=400 x=3029 y=3342 revision=152 steps=119 wall_us=472985 compute_total_us=198076 compute_max_us=8257 present_total_us=41953 present_max_us=8966 tick_max_us=10207 producer_failures=0 presentation_failures=0
[18:43:01] TINYDRAW_PAN_BASELINE zoom=400 x=3445 y=3158 frames=3 reused=0 compose_avg_us=28619 compose_max_us=29587 present_avg_us=19652 present_max_us=19809 tear_wait_avg_us=16206 tear_wait_max_us=16676 failures=0
[18:43:01] TINYDRAW_FILL_BASELINE result=superseded zoom=400 x=3231 y=3243 revision=152 steps=66 wall_us=381098 compute_total_us=122187 compute_max_us=8328 present_total_us=29742 present_max_us=8972 tick_max_us=10581 producer_failures=0 presentation_failures=0
[18:43:01] TINYDRAW_PAN_BASELINE zoom=400 x=3675 y=3300 frames=4 reused=0 compose_avg_us=28340 compose_max_us=28740 present_avg_us=19644 present_max_us=19960 tear_wait_avg_us=13640 tear_wait_max_us=16627 failures=0
[18:43:01] TINYDRAW_FILL_BASELINE result=superseded zoom=400 x=3445 y=3158 revision=152 steps=36 wall_us=396232 compute_total_us=90388 compute_max_us=9070 present_total_us=27550 present_max_us=7973 tick_max_us=10401 producer_failures=0 presentation_failures=0
[18:43:01] TINYDRAW_PAN_BASELINE zoom=400 x=3882 y=3331 frames=4 reused=0 compose_avg_us=27971 compose_max_us=29391 present_avg_us=19813 present_max_us=20199 tear_wait_avg_us=312 tear_wait_max_us=462 failures=0
[18:43:01] TINYDRAW_FILL_BASELINE result=superseded zoom=400 x=3675 y=3300 revision=152 steps=22 wall_us=314921 compute_total_us=55537 compute_max_us=7956 present_total_us=22192 present_max_us=8110 tick_max_us=9745 producer_failures=0 presentation_failures=0
[18:43:02] TINYDRAW_PAN_BASELINE zoom=400 x=4078 y=3328 frames=3 reused=0 compose_avg_us=28823 compose_max_us=29407 present_avg_us=19602 present_max_us=19803 tear_wait_avg_us=12375 tear_wait_max_us=16683 failures=0
[18:43:02] TINYDRAW_FILL_BASELINE result=superseded zoom=400 x=3882 y=3331 revision=152 steps=31 wall_us=330721 compute_total_us=86064 compute_max_us=8615 present_total_us=32267 present_max_us=8477 tick_max_us=9316 producer_failures=0 presentation_failures=0
[18:43:02] TINYDRAW_PAN_BASELINE zoom=400 x=4293 y=3299 frames=3 reused=0 compose_avg_us=27501 compose_max_us=27687 present_avg_us=19479 present_max_us=19745 tear_wait_avg_us=3465 tear_wait_max_us=9231 failures=0
[18:43:02] TINYDRAW_FILL_BASELINE result=superseded zoom=400 x=4078 y=3328 revision=152 steps=16 wall_us=247200 compute_total_us=42848 compute_max_us=8500 present_total_us=14173 present_max_us=7162 tick_max_us=10113 producer_failures=0 presentation_failures=0
[18:43:02] TINYDRAW_PAN_BASELINE zoom=400 x=4569 y=3276 frames=3 reused=0 compose_avg_us=28121 compose_max_us=28538 present_avg_us=19835 present_max_us=20056 tear_wait_avg_us=7805 tear_wait_max_us=16122 failures=0
[18:43:02] TINYDRAW_FILL_BASELINE result=superseded zoom=400 x=4293 y=3299 revision=152 steps=20 wall_us=281369 compute_total_us=65118 compute_max_us=8500 present_total_us=22143 present_max_us=9314 tick_max_us=10607 producer_failures=0 presentation_failures=0
[18:43:02] TINYDRAW_PAN_BASELINE zoom=400 x=4766 y=3253 frames=2 reused=0 compose_avg_us=29279 compose_max_us=29711 present_avg_us=19971 present_max_us=20090 tear_wait_avg_us=11881 tear_wait_max_us=15417 failures=0
[18:43:02] TINYDRAW_FILL_BASELINE result=superseded zoom=400 x=4569 y=3276 revision=152 steps=15 wall_us=232352 compute_total_us=56078 compute_max_us=8727 present_total_us=26047 present_max_us=9088 tick_max_us=10458 producer_failures=0 presentation_failures=0
[18:43:03] TINYDRAW_PAN_BASELINE zoom=400 x=5059 y=3124 frames=3 reused=0 compose_avg_us=28797 compose_max_us=29552 present_avg_us=19718 present_max_us=20049 tear_wait_avg_us=11942 tear_wait_max_us=16638 failures=0
[18:43:03] TINYDRAW_FILL_BASELINE result=superseded zoom=400 x=4766 y=3253 revision=152 steps=18 wall_us=312292 compute_total_us=74552 compute_max_us=8787 present_total_us=33612 present_max_us=8996 tick_max_us=8840 producer_failures=0 presentation_failures=0
[18:43:03] TINYDRAW_PAN_BASELINE zoom=400 x=5323 y=3010 frames=3 reused=0 compose_avg_us=27221 compose_max_us=28015 present_avg_us=19564 present_max_us=19795 tear_wait_avg_us=2023 tear_wait_max_us=3505 failures=0
[18:43:03] TINYDRAW_FILL_BASELINE result=superseded zoom=400 x=5059 y=3124 revision=152 steps=10 wall_us=230201 compute_total_us=44011 compute_max_us=8567 present_total_us=16928 present_max_us=9091 tick_max_us=8962 producer_failures=0 presentation_failures=0
[18:43:03] TINYDRAW_PAN_BASELINE zoom=400 x=5039 y=3080 frames=3 reused=0 compose_avg_us=25855 compose_max_us=28050 present_avg_us=19839 present_max_us=20193 tear_wait_avg_us=10775 tear_wait_max_us=16534 failures=0
[18:43:03] TINYDRAW_FILL_BASELINE result=superseded zoom=400 x=5323 y=3010 revision=152 steps=34 wall_us=381540 compute_total_us=113887 compute_max_us=7978 present_total_us=54347 present_max_us=7768 tick_max_us=8000 producer_failures=0 presentation_failures=0
[18:43:04] TINYDRAW_PAN_BASELINE zoom=400 x=4835 y=3147 frames=2 reused=0 compose_avg_us=29925 compose_max_us=30585 present_avg_us=19464 present_max_us=19569 tear_wait_avg_us=11271 tear_wait_max_us=14206 failures=0
[18:43:04] TINYDRAW_FILL_BASELINE result=superseded zoom=400 x=5039 y=3080 revision=152 steps=10 wall_us=215257 compute_total_us=45939 compute_max_us=9533 present_total_us=18523 present_max_us=7972 tick_max_us=9556 producer_failures=0 presentation_failures=0
[18:43:04] TINYDRAW_PAN_BASELINE zoom=400 x=4619 y=3276 frames=3 reused=0 compose_avg_us=30533 compose_max_us=31815 present_avg_us=19476 present_max_us=19682 tear_wait_avg_us=14481 tear_wait_max_us=15100 failures=0
[18:43:04] TINYDRAW_FILL_BASELINE result=superseded zoom=400 x=4835 y=3147 revision=152 steps=19 wall_us=312395 compute_total_us=70713 compute_max_us=8761 present_total_us=18992 present_max_us=8714 tick_max_us=9845 producer_failures=0 presentation_failures=0
[18:43:04] TINYDRAW_PAN_BASELINE zoom=400 x=4434 y=3400 frames=2 reused=0 compose_avg_us=29825 compose_max_us=29889 present_avg_us=19835 present_max_us=19930 tear_wait_avg_us=14438 tear_wait_max_us=14588 failures=0
[18:43:04] TINYDRAW_FILL_BASELINE result=superseded zoom=400 x=4619 y=3276 revision=152 steps=8 wall_us=199344 compute_total_us=37823 compute_max_us=8644 present_total_us=4434 present_max_us=4434 tick_max_us=8664 producer_failures=0 presentation_failures=0
[18:43:05] TINYDRAW_PAN_BASELINE zoom=400 x=4225 y=3492 frames=2 reused=0 compose_avg_us=29973 compose_max_us=31033 present_avg_us=19269 present_max_us=19383 tear_wait_avg_us=13896 tear_wait_max_us=16060 failures=0
[18:43:05] TINYDRAW_FILL_BASELINE result=superseded zoom=400 x=4434 y=3400 revision=152 steps=25 wall_us=263547 compute_total_us=90302 compute_max_us=8741 present_total_us=18710 present_max_us=7833 tick_max_us=10948 producer_failures=0 presentation_failures=0
[18:43:05] TINYDRAW_PAN_BASELINE zoom=400 x=4021 y=3682 frames=3 reused=0 compose_avg_us=29129 compose_max_us=30141 present_avg_us=19568 present_max_us=19797 tear_wait_avg_us=7421 tear_wait_max_us=15591 failures=0
[18:43:05] TINYDRAW_FILL_BASELINE result=superseded zoom=400 x=4225 y=3492 revision=152 steps=23 wall_us=296206 compute_total_us=75514 compute_max_us=8619 present_total_us=22599 present_max_us=9338 tick_max_us=9883 producer_failures=0 presentation_failures=0
[18:43:05] TINYDRAW_PAN_BASELINE zoom=400 x=3903 y=3804 frames=2 reused=0 compose_avg_us=27786 compose_max_us=28054 present_avg_us=19464 present_max_us=19679 tear_wait_avg_us=2392 tear_wait_max_us=4429 failures=0
[18:43:05] TINYDRAW_FILL_BASELINE result=superseded zoom=400 x=4021 y=3682 revision=152 steps=14 wall_us=179290 compute_total_us=39473 compute_max_us=8934 present_total_us=14315 present_max_us=7725 tick_max_us=8947 producer_failures=0 presentation_failures=0
[18:43:06] TINYDRAW_PAN_BASELINE zoom=400 x=3745 y=3950 frames=2 reused=0 compose_avg_us=27829 compose_max_us=27852 present_avg_us=19708 present_max_us=19939 tear_wait_avg_us=2088 tear_wait_max_us=3862 failures=0
[18:43:06] TINYDRAW_FILL_BASELINE result=superseded zoom=400 x=3903 y=3804 revision=152 steps=21 wall_us=216346 compute_total_us=60615 compute_max_us=9003 present_total_us=26670 present_max_us=9418 tick_max_us=9159 producer_failures=0 presentation_failures=0
[18:43:06] TINYDRAW_PAN_BASELINE zoom=400 x=3594 y=4105 frames=2 reused=0 compose_avg_us=28116 compose_max_us=28647 present_avg_us=19704 present_max_us=19956 tear_wait_avg_us=4303 tear_wait_max_us=8081 failures=0
[18:43:06] TINYDRAW_FILL_BASELINE result=superseded zoom=400 x=3745 y=3950 revision=152 steps=24 wall_us=230373 compute_total_us=72694 compute_max_us=9382 present_total_us=29414 present_max_us=8651 tick_max_us=11278 producer_failures=0 presentation_failures=0
[18:43:06] TINYDRAW_PAN_BASELINE zoom=400 x=3353 y=4216 frames=2 reused=0 compose_avg_us=28003 compose_max_us=28139 present_avg_us=19903 present_max_us=20177 tear_wait_avg_us=7730 tear_wait_max_us=15397 failures=0
[18:43:06] TINYDRAW_FILL_BASELINE result=superseded zoom=400 x=3594 y=4105 revision=152 steps=24 wall_us=247364 compute_total_us=81488 compute_max_us=10207 present_total_us=24019 present_max_us=8395 tick_max_us=12637 producer_failures=0 presentation_failures=0
[18:43:06] TINYDRAW_PAN_BASELINE zoom=400 x=3201 y=4453 frames=3 reused=0 compose_avg_us=28502 compose_max_us=29086 present_avg_us=19674 present_max_us=19900 tear_wait_avg_us=7277 tear_wait_max_us=16168 failures=0
[18:43:06] TINYDRAW_FILL_BASELINE result=superseded zoom=400 x=3353 y=4216 revision=152 steps=20 wall_us=295211 compute_total_us=78679 compute_max_us=10363 present_total_us=23679 present_max_us=8394 tick_max_us=10501 producer_failures=0 presentation_failures=0
[18:43:07] TINYDRAW_PAN_BASELINE zoom=400 x=3075 y=4667 frames=3 reused=0 compose_avg_us=27817 compose_max_us=28497 present_avg_us=19687 present_max_us=19979 tear_wait_avg_us=7285 tear_wait_max_us=16572 failures=0
[18:43:07] TINYDRAW_FILL_BASELINE result=superseded zoom=400 x=3201 y=4453 revision=152 steps=13 wall_us=263182 compute_total_us=47260 compute_max_us=10211 present_total_us=22814 present_max_us=8773 tick_max_us=10811 producer_failures=0 presentation_failures=0
[18:43:07] TINYDRAW_PAN_BASELINE zoom=400 x=2930 y=4836 frames=3 reused=0 compose_avg_us=27369 compose_max_us=27606 present_avg_us=19888 present_max_us=20077 tear_wait_avg_us=849 tear_wait_max_us=1869 failures=0
[18:43:07] TINYDRAW_FILL_BASELINE result=superseded zoom=400 x=3075 y=4667 revision=152 steps=11 wall_us=231024 compute_total_us=49185 compute_max_us=10218 present_total_us=16903 present_max_us=8520 tick_max_us=10665 producer_failures=0 presentation_failures=0
[18:43:07] TINYDRAW_PAN_BASELINE zoom=400 x=2749 y=4958 frames=2 reused=0 compose_avg_us=28086 compose_max_us=28280 present_avg_us=19936 present_max_us=20048 tear_wait_avg_us=12093 tear_wait_max_us=16008 failures=0
[18:43:07] TINYDRAW_FILL_BASELINE result=superseded zoom=400 x=2930 y=4836 revision=152 steps=10 wall_us=215430 compute_total_us=53376 compute_max_us=10437 present_total_us=15855 present_max_us=8025 tick_max_us=12305 producer_failures=0 presentation_failures=0
[18:43:07] TINYDRAW_PAN_BASELINE zoom=400 x=2538 y=5145 frames=3 reused=0 compose_avg_us=27207 compose_max_us=27556 present_avg_us=19648 present_max_us=20105 tear_wait_avg_us=1579 tear_wait_max_us=4011 failures=0
[18:43:07] TINYDRAW_FILL_BASELINE result=superseded zoom=400 x=2749 y=4958 revision=152 steps=16 wall_us=278061 compute_total_us=76050 compute_max_us=10295 present_total_us=28528 present_max_us=8966 tick_max_us=12239 producer_failures=0 presentation_failures=0
[18:43:08] TINYDRAW_PAN_BASELINE zoom=400 x=2381 y=5289 frames=3 reused=0 compose_avg_us=26699 compose_max_us=26933 present_avg_us=19552 present_max_us=19869 tear_wait_avg_us=1887 tear_wait_max_us=3458 failures=0
[18:43:08] TINYDRAW_FILL_BASELINE result=superseded zoom=400 x=2538 y=5145 revision=152 steps=12 wall_us=264199 compute_total_us=55991 compute_max_us=8358 present_total_us=32658 present_max_us=8625 tick_max_us=8474 producer_failures=0 presentation_failures=0
[18:43:08] TINYDRAW_PAN_BASELINE zoom=400 x=2253 y=5472 frames=3 reused=0 compose_avg_us=25845 compose_max_us=26152 present_avg_us=19831 present_max_us=20163 tear_wait_avg_us=1793 tear_wait_max_us=2174 failures=0
[18:43:08] TINYDRAW_FILL_BASELINE result=superseded zoom=400 x=2381 y=5289 revision=152 steps=16 wall_us=264319 compute_total_us=61251 compute_max_us=8195 present_total_us=29594 present_max_us=8035 tick_max_us=8300 producer_failures=0 presentation_failures=0
[18:43:08] TINYDRAW_PAN_BASELINE zoom=400 x=1998 y=5434 frames=4 reused=0 compose_avg_us=25618 compose_max_us=26563 present_avg_us=19860 present_max_us=20141 tear_wait_avg_us=2635 tear_wait_max_us=5746 failures=0
[18:43:08] TINYDRAW_FILL_BASELINE result=superseded zoom=400 x=2253 y=5472 revision=152 steps=16 wall_us=331310 compute_total_us=58574 compute_max_us=6052 present_total_us=33017 present_max_us=7916 tick_max_us=6154 producer_failures=0 presentation_failures=0
[18:43:09] TINYDRAW_PAN_BASELINE zoom=400 x=1981 y=5186 frames=4 reused=0 compose_avg_us=25054 compose_max_us=26347 present_avg_us=19777 present_max_us=20176 tear_wait_avg_us=4787 tear_wait_max_us=12438 failures=0
[18:43:09] TINYDRAW_FILL_BASELINE result=superseded zoom=400 x=1998 y=5434 revision=152 steps=24 wall_us=348466 compute_total_us=82591 compute_max_us=6079 present_total_us=35913 present_max_us=6977 tick_max_us=6183 producer_failures=0 presentation_failures=0
[18:43:09] TINYDRAW_PAN_BASELINE zoom=400 x=1903 y=5006 frames=4 reused=0 compose_avg_us=26256 compose_max_us=27104 present_avg_us=19655 present_max_us=19913 tear_wait_avg_us=1708 tear_wait_max_us=3334 failures=0
[18:43:09] TINYDRAW_FILL_BASELINE result=superseded zoom=400 x=1981 y=5186 revision=152 steps=12 wall_us=297274 compute_total_us=56260 compute_max_us=8434 present_total_us=22516 present_max_us=7838 tick_max_us=8586 producer_failures=0 presentation_failures=0
[18:43:09] TINYDRAW_PAN_BASELINE zoom=400 x=1805 y=4786 frames=3 reused=0 compose_avg_us=27978 compose_max_us=28042 present_avg_us=19518 present_max_us=19710 tear_wait_avg_us=10939 tear_wait_max_us=16498 failures=0
[18:43:09] TINYDRAW_FILL_BASELINE result=superseded zoom=400 x=1903 y=5006 revision=152 steps=6 wall_us=247542 compute_total_us=38677 compute_max_us=10449 present_total_us=8238 present_max_us=8238 tick_max_us=12855 producer_failures=0 presentation_failures=0
[18:43:10] TINYDRAW_PAN_BASELINE zoom=400 x=1688 y=4643 frames=4 reused=0 compose_avg_us=28200 compose_max_us=28395 present_avg_us=19741 present_max_us=19987 tear_wait_avg_us=8170 tear_wait_max_us=16209 failures=0
[18:43:10] TINYDRAW_FILL_BASELINE result=superseded zoom=400 x=1805 y=4786 revision=152 steps=9 wall_us=331283 compute_total_us=48007 compute_max_us=10281 present_total_us=24854 present_max_us=8944 tick_max_us=10578 producer_failures=0 presentation_failures=0
[18:43:10] TINYDRAW_PAN_BASELINE zoom=400 x=1524 y=4689 frames=2 reused=0 compose_avg_us=28350 compose_max_us=28608 present_avg_us=19921 present_max_us=20048 tear_wait_avg_us=11839 tear_wait_max_us=16218 failures=0
[18:43:10] TINYDRAW_FILL_BASELINE result=superseded zoom=400 x=1688 y=4643 revision=152 steps=4 wall_us=182350 compute_total_us=27009 compute_max_us=10490 present_total_us=8207 present_max_us=8207 tick_max_us=10599 producer_failures=0 presentation_failures=0
[18:43:10] TINYDRAW_PAN_BASELINE zoom=400 x=1401 y=4645 frames=3 reused=0 compose_avg_us=27584 compose_max_us=27648 present_avg_us=19758 present_max_us=20082 tear_wait_avg_us=6445 tear_wait_max_us=16648 failures=0
[18:43:10] TINYDRAW_FILL_BASELINE result=superseded zoom=400 x=1524 y=4689 revision=152 steps=17 wall_us=295305 compute_total_us=79537 compute_max_us=12165 present_total_us=27367 present_max_us=8890 tick_max_us=12304 producer_failures=0 presentation_failures=0
[18:43:10] TINYDRAW_PAN_BASELINE zoom=400 x=1610 y=4478 frames=3 reused=0 compose_avg_us=28086 compose_max_us=28972 present_avg_us=19649 present_max_us=19962 tear_wait_avg_us=13715 tear_wait_max_us=16574 failures=0
[18:43:11] TINYDRAW_FILL_BASELINE result=superseded zoom=400 x=1401 y=4645 revision=152 steps=22 wall_us=365272 compute_total_us=97177 compute_max_us=10492 present_total_us=29040 present_max_us=8543 tick_max_us=10977 producer_failures=0 presentation_failures=0
[18:43:11] TINYDRAW_PAN_BASELINE zoom=400 x=1855 y=4304 frames=3 reused=0 compose_avg_us=28159 compose_max_us=28462 present_avg_us=19836 present_max_us=20055 tear_wait_avg_us=9781 tear_wait_max_us=16188 failures=0
[18:43:11] TINYDRAW_FILL_BASELINE result=superseded zoom=400 x=1610 y=4478 revision=152 steps=12 wall_us=281110 compute_total_us=63814 compute_max_us=10260 present_total_us=22606 present_max_us=7974 tick_max_us=11278 producer_failures=0 presentation_failures=0
[18:43:11] TINYDRAW_PAN_BASELINE zoom=400 x=2017 y=4160 frames=3 reused=0 compose_avg_us=28910 compose_max_us=28993 present_avg_us=19579 present_max_us=19715 tear_wait_avg_us=10614 tear_wait_max_us=15870 failures=0
[18:43:11] TINYDRAW_FILL_BASELINE result=superseded zoom=400 x=1855 y=4304 revision=152 steps=18 wall_us=349254 compute_total_us=93190 compute_max_us=10515 present_total_us=34980 present_max_us=9098 tick_max_us=11746 producer_failures=0 presentation_failures=0
[18:43:11] TINYDRAW_PAN_BASELINE zoom=400 x=2189 y=4064 frames=3 reused=0 compose_avg_us=29695 compose_max_us=30369 present_avg_us=19580 present_max_us=19962 tear_wait_avg_us=12204 tear_wait_max_us=16053 failures=0
[18:43:11] TINYDRAW_FILL_BASELINE result=superseded zoom=400 x=2017 y=4160 revision=152 steps=18 wall_us=296218 compute_total_us=69092 compute_max_us=10418 present_total_us=18202 present_max_us=9157 tick_max_us=10773 producer_failures=0 presentation_failures=0
[18:43:12] TINYDRAW_PAN_BASELINE zoom=400 x=2412 y=3939 frames=3 reused=0 compose_avg_us=29047 compose_max_us=29637 present_avg_us=19497 present_max_us=19732 tear_wait_avg_us=5907 tear_wait_max_us=15306 failures=0
[18:43:12] TINYDRAW_FILL_BASELINE result=superseded zoom=400 x=2189 y=4064 revision=152 steps=10 wall_us=232088 compute_total_us=34816 compute_max_us=10264 present_total_us=8732 present_max_us=8732 tick_max_us=10970 producer_failures=0 presentation_failures=0
[18:43:12] TINYDRAW_PAN_BASELINE zoom=400 x=2665 y=3825 frames=3 reused=0 compose_avg_us=28544 compose_max_us=29153 present_avg_us=19404 present_max_us=19662 tear_wait_avg_us=9151 tear_wait_max_us=16407 failures=0
[18:43:12] TINYDRAW_FILL_BASELINE result=superseded zoom=400 x=2412 y=3939 revision=152 steps=36 wall_us=312314 compute_total_us=83368 compute_max_us=10484 present_total_us=17488 present_max_us=9042 tick_max_us=11976 producer_failures=0 presentation_failures=0
[18:43:12] TINYDRAW_PAN_BASELINE zoom=400 x=2874 y=3705 frames=3 reused=0 compose_avg_us=28280 compose_max_us=29108 present_avg_us=19602 present_max_us=19774 tear_wait_avg_us=3555 tear_wait_max_us=10313 failures=0
[18:43:12] TINYDRAW_FILL_BASELINE result=superseded zoom=400 x=2665 y=3825 revision=152 steps=30 wall_us=247179 compute_total_us=62709 compute_max_us=10687 present_total_us=9544 present_max_us=9544 tick_max_us=11808 producer_failures=0 presentation_failures=0
[18:43:13] TINYDRAW_PAN_BASELINE zoom=400 x=3005 y=3746 frames=4 reused=0 compose_avg_us=28149 compose_max_us=28852 present_avg_us=19452 present_max_us=19753 tear_wait_avg_us=7505 tear_wait_max_us=16714 failures=0
[18:43:13] TINYDRAW_FILL_BASELINE result=superseded zoom=400 x=2874 y=3705 revision=152 steps=18 wall_us=347280 compute_total_us=46078 compute_max_us=10970 present_total_us=8692 present_max_us=8692 tick_max_us=11071 producer_failures=0 presentation_failures=0
[18:43:13] TINYDRAW_PAN_BASELINE zoom=400 x=2834 y=3847 frames=3 reused=0 compose_avg_us=29507 compose_max_us=29742 present_avg_us=19671 present_max_us=20136 tear_wait_avg_us=10278 tear_wait_max_us=15537 failures=0
[18:43:13] TINYDRAW_FILL_BASELINE result=superseded zoom=400 x=3005 y=3746 revision=152 steps=33 wall_us=298365 compute_total_us=71451 compute_max_us=10982 present_total_us=17818 present_max_us=9330 tick_max_us=11005 producer_failures=0 presentation_failures=0
[18:43:13] TINYDRAW_PAN_BASELINE zoom=400 x=2683 y=3961 frames=3 reused=0 compose_avg_us=30338 compose_max_us=30550 present_avg_us=19956 present_max_us=20163 tear_wait_avg_us=9812 tear_wait_max_us=14054 failures=0
[18:43:13] TINYDRAW_FILL_BASELINE result=superseded zoom=400 x=2834 y=3847 revision=152 steps=36 wall_us=280118 compute_total_us=68241 compute_max_us=10448 present_total_us=8610 present_max_us=8610 tick_max_us=11547 producer_failures=0 presentation_failures=0
[18:43:14] TINYDRAW_PAN_BASELINE zoom=400 x=2581 y=3997 frames=2 reused=0 compose_avg_us=30355 compose_max_us=30416 present_avg_us=19536 present_max_us=19624 tear_wait_avg_us=12771 tear_wait_max_us=14416 failures=0
[18:43:14] TINYDRAW_FILL_BASELINE result=superseded zoom=400 x=2683 y=3961 revision=152 steps=15 wall_us=196369 compute_total_us=42484 compute_max_us=10440 present_total_us=9048 present_max_us=9048 tick_max_us=11010 producer_failures=0 presentation_failures=0
[18:43:14] TINYDRAW_PAN_BASELINE zoom=400 x=2479 y=4053 frames=2 reused=0 compose_avg_us=32290 compose_max_us=32871 present_avg_us=19653 present_max_us=20047 tear_wait_avg_us=12695 tear_wait_max_us=13357 failures=0
[18:43:14] TINYDRAW_FILL_BASELINE result=superseded zoom=400 x=2581 y=3997 revision=152 steps=37 wall_us=283182 compute_total_us=101625 compute_max_us=10385 present_total_us=27552 present_max_us=9632 tick_max_us=12274 producer_failures=0 presentation_failures=0
[18:43:14] TINYDRAW_FILL_BASELINE result=complete zoom=400 x=2479 y=4053 revision=152 steps=76 wall_us=231079 compute_total_us=200110 compute_max_us=10348 present_total_us=23492 present_max_us=5533 tick_max_us=12340 producer_failures=0 presentation_failures=0
[18:43:14] TINYDRAW_LIVE_FILL_DONE zoom=400 x=2479 y=4053 revision=152
[18:43:15] TINYDRAW_PAN_BASELINE zoom=400 x=2706 y=4047 frames=3 reused=0 compose_avg_us=32376 compose_max_us=32617 present_avg_us=19707 present_max_us=20049 tear_wait_avg_us=12043 tear_wait_max_us=12542 failures=0
[18:43:15] TINYDRAW_PAN_BASELINE zoom=400 x=2923 y=4066 frames=3 reused=0 compose_avg_us=31738 compose_max_us=32317 present_avg_us=19720 present_max_us=20168 tear_wait_avg_us=13017 tear_wait_max_us=13700 failures=0
[18:43:15] TINYDRAW_FILL_BASELINE result=superseded zoom=400 x=2706 y=4047 revision=152 steps=45 wall_us=353006 compute_total_us=112672 compute_max_us=11735 present_total_us=17864 present_max_us=8965 tick_max_us=12640 producer_failures=0 presentation_failures=0
[18:43:16] TINYDRAW_PAN_BASELINE zoom=400 x=3062 y=4084 frames=2 reused=0 compose_avg_us=30417 compose_max_us=31532 present_avg_us=19356 present_max_us=19476 tear_wait_avg_us=10891 tear_wait_max_us=15607 failures=0
[18:43:16] TINYDRAW_FILL_BASELINE result=superseded zoom=400 x=2923 y=4066 revision=152 steps=28 wall_us=231081 compute_total_us=67112 compute_max_us=10638 present_total_us=16129 present_max_us=6692 tick_max_us=10662 producer_failures=0 presentation_failures=0
[18:43:16] TINYDRAW_PAN_BASELINE zoom=400 x=3298 y=4026 frames=3 reused=0 compose_avg_us=28346 compose_max_us=28668 present_avg_us=19712 present_max_us=20035 tear_wait_avg_us=11394 tear_wait_max_us=16595 failures=0
[18:43:16] TINYDRAW_FILL_BASELINE result=superseded zoom=400 x=3062 y=4084 revision=152 steps=39 wall_us=365193 compute_total_us=96447 compute_max_us=11201 present_total_us=34405 present_max_us=8096 tick_max_us=11632 producer_failures=0 presentation_failures=0
[18:43:16] TINYDRAW_PAN_BASELINE zoom=400 x=3466 y=4024 frames=3 reused=0 compose_avg_us=27091 compose_max_us=27329 present_avg_us=19952 present_max_us=20174 tear_wait_avg_us=9058 tear_wait_max_us=16739 failures=0
[18:43:16] TINYDRAW_FILL_BASELINE result=superseded zoom=400 x=3298 y=4026 revision=152 steps=28 wall_us=278141 compute_total_us=59253 compute_max_us=8166 present_total_us=22003 present_max_us=7669 tick_max_us=9463 producer_failures=0 presentation_failures=0
[18:43:17] TINYDRAW_PAN_BASELINE zoom=400 x=3669 y=4061 frames=3 reused=0 compose_avg_us=27093 compose_max_us=27292 present_avg_us=19580 present_max_us=19931 tear_wait_avg_us=4112 tear_wait_max_us=10951 failures=0
[18:43:17] TINYDRAW_FILL_BASELINE result=superseded zoom=400 x=3466 y=4024 revision=152 steps=21 wall_us=263391 compute_total_us=59299 compute_max_us=8185 present_total_us=22044 present_max_us=7619 tick_max_us=8904 producer_failures=0 presentation_failures=0
[18:43:17] TINYDRAW_PAN_BASELINE zoom=400 x=3880 y=4067 frames=3 reused=0 compose_avg_us=27900 compose_max_us=28368 present_avg_us=19540 present_max_us=19739 tear_wait_avg_us=9679 tear_wait_max_us=16732 failures=0
[18:43:17] TINYDRAW_FILL_BASELINE result=superseded zoom=400 x=3669 y=4061 revision=152 steps=25 wall_us=297404 compute_total_us=74267 compute_max_us=10370 present_total_us=19888 present_max_us=8445 tick_max_us=11012 producer_failures=0 presentation_failures=0
[18:43:17] TINYDRAW_PAN_BASELINE zoom=400 x=4118 y=4092 frames=3 reused=0 compose_avg_us=27912 compose_max_us=28093 present_avg_us=19674 present_max_us=19890 tear_wait_avg_us=9177 tear_wait_max_us=16741 failures=0
[18:43:17] TINYDRAW_FILL_BASELINE result=superseded zoom=400 x=3880 y=4067 revision=152 steps=15 wall_us=264233 compute_total_us=56047 compute_max_us=10442 present_total_us=16525 present_max_us=8790 tick_max_us=11000 producer_failures=0 presentation_failures=0
[18:43:17] TINYDRAW_PAN_BASELINE zoom=400 x=4291 y=4122 frames=3 reused=0 compose_avg_us=28466 compose_max_us=28979 present_avg_us=19835 present_max_us=19967 tear_wait_avg_us=13820 tear_wait_max_us=16335 failures=0
[18:43:17] TINYDRAW_FILL_BASELINE result=superseded zoom=400 x=4118 y=4092 revision=152 steps=12 wall_us=280276 compute_total_us=48056 compute_max_us=10542 present_total_us=7686 present_max_us=7686 tick_max_us=11391 producer_failures=0 presentation_failures=0
[18:43:18] TINYDRAW_PAN_BASELINE zoom=400 x=4476 y=4140 frames=3 reused=0 compose_avg_us=27967 compose_max_us=28271 present_avg_us=19544 present_max_us=19772 tear_wait_avg_us=2595 tear_wait_max_us=7277 failures=0
[18:43:18] TINYDRAW_FILL_BASELINE result=superseded zoom=400 x=4291 y=4122 revision=152 steps=10 wall_us=230109 compute_total_us=35734 compute_max_us=10315 present_total_us=17031 present_max_us=8922 tick_max_us=11584 producer_failures=0 presentation_failures=0
[18:43:18] TINYDRAW_PAN_BASELINE zoom=400 x=4564 y=4146 frames=2 reused=0 compose_avg_us=28959 compose_max_us=28992 present_avg_us=19866 present_max_us=19936 tear_wait_avg_us=8282 tear_wait_max_us=15327 failures=0
[18:43:18] TINYDRAW_FILL_BASELINE result=superseded zoom=400 x=4476 y=4140 revision=152 steps=14 wall_us=213352 compute_total_us=65426 compute_max_us=10498 present_total_us=15550 present_max_us=7860 tick_max_us=10788 producer_failures=0 presentation_failures=0
[18:43:18] TINYDRAW_PAN_BASELINE zoom=400 x=4774 y=4158 frames=3 reused=0 compose_avg_us=29439 compose_max_us=29659 present_avg_us=19520 present_max_us=19978 tear_wait_avg_us=13172 tear_wait_max_us=16125 failures=0
[18:43:18] TINYDRAW_FILL_BASELINE result=superseded zoom=400 x=4564 y=4146 revision=152 steps=16 wall_us=314283 compute_total_us=75187 compute_max_us=10458 present_total_us=23176 present_max_us=7795 tick_max_us=11898 producer_failures=0 presentation_failures=0
[18:43:18] TINYDRAW_PAN_BASELINE zoom=400 x=4970 y=4160 frames=2 reused=0 compose_avg_us=29137 compose_max_us=29689 present_avg_us=19563 present_max_us=19637 tear_wait_avg_us=9466 tear_wait_max_us=16098 failures=0
[18:43:18] TINYDRAW_FILL_BASELINE result=superseded zoom=400 x=4774 y=4158 revision=152 steps=8 wall_us=181073 compute_total_us=37991 compute_max_us=10413 present_total_us=7749 present_max_us=7749 tick_max_us=11639 producer_failures=0 presentation_failures=0
[18:43:19] TINYDRAW_PAN_BASELINE zoom=400 x=5166 y=4152 frames=3 reused=0 compose_avg_us=29096 compose_max_us=30218 present_avg_us=19923 present_max_us=20094 tear_wait_avg_us=15094 tear_wait_max_us=16075 failures=0
[18:43:19] TINYDRAW_FILL_BASELINE result=superseded zoom=400 x=4970 y=4160 revision=152 steps=12 wall_us=329519 compute_total_us=73919 compute_max_us=10338 present_total_us=24420 present_max_us=8608 tick_max_us=12528 producer_failures=0 presentation_failures=0
[18:43:19] TINYDRAW_PAN_BASELINE zoom=400 x=4870 y=4220 frames=4 reused=0 compose_avg_us=28760 compose_max_us=29353 present_avg_us=19769 present_max_us=20017 tear_wait_avg_us=13851 tear_wait_max_us=16149 failures=0
[18:43:19] TINYDRAW_FILL_BASELINE result=superseded zoom=400 x=5166 y=4152 revision=152 steps=9 wall_us=364239 compute_total_us=46590 compute_max_us=10546 present_total_us=22019 present_max_us=8196 tick_max_us=12989 producer_failures=0 presentation_failures=0
[18:43:19] TINYDRAW_PAN_BASELINE zoom=400 x=4641 y=4250 frames=3 reused=0 compose_avg_us=30304 compose_max_us=30556 present_avg_us=19571 present_max_us=20044 tear_wait_avg_us=11932 tear_wait_max_us=14705 failures=0
[18:43:19] TINYDRAW_FILL_BASELINE result=superseded zoom=400 x=4870 y=4220 revision=152 steps=8 wall_us=264344 compute_total_us=34863 compute_max_us=10235 present_total_us=13990 present_max_us=7026 tick_max_us=11042 producer_failures=0 presentation_failures=0
[18:43:20] TINYDRAW_PAN_BASELINE zoom=400 x=4360 y=4283 frames=3 reused=0 compose_avg_us=29803 compose_max_us=30820 present_avg_us=19402 present_max_us=19579 tear_wait_avg_us=15941 tear_wait_max_us=16763 failures=0
[18:43:20] TINYDRAW_FILL_BASELINE result=superseded zoom=400 x=4641 y=4250 revision=152 steps=20 wall_us=313356 compute_total_us=75856 compute_max_us=10285 present_total_us=11617 present_max_us=6310 tick_max_us=11660 producer_failures=0 presentation_failures=0
[18:43:20] TINYDRAW_PAN_BASELINE zoom=400 x=4146 y=4313 frames=3 reused=0 compose_avg_us=30161 compose_max_us=30656 present_avg_us=19653 present_max_us=20130 tear_wait_avg_us=12998 tear_wait_max_us=15100 failures=0
[18:43:20] TINYDRAW_FILL_BASELINE result=superseded zoom=400 x=4360 y=4283 revision=152 steps=12 wall_us=298197 compute_total_us=63395 compute_max_us=10215 present_total_us=17437 present_max_us=9129 tick_max_us=12490 producer_failures=0 presentation_failures=0
[18:43:20] TINYDRAW_PAN_BASELINE zoom=400 x=3954 y=4303 frames=3 reused=0 compose_avg_us=30104 compose_max_us=30938 present_avg_us=19579 present_max_us=20079 tear_wait_avg_us=10452 tear_wait_max_us=15468 failures=0
[18:43:20] TINYDRAW_FILL_BASELINE result=superseded zoom=400 x=4146 y=4313 revision=152 steps=15 wall_us=297192 compute_total_us=61627 compute_max_us=10454 present_total_us=14418 present_max_us=8832 tick_max_us=12223 producer_failures=0 presentation_failures=0
[18:43:21] TINYDRAW_PAN_BASELINE zoom=400 x=3733 y=4288 frames=3 reused=0 compose_avg_us=29791 compose_max_us=31460 present_avg_us=19415 present_max_us=19582 tear_wait_avg_us=13932 tear_wait_max_us=15889 failures=0
[18:43:21] TINYDRAW_FILL_BASELINE result=superseded zoom=400 x=3954 y=4303 revision=152 steps=18 wall_us=313199 compute_total_us=68119 compute_max_us=10339 present_total_us=26599 present_max_us=9261 tick_max_us=12539 producer_failures=0 presentation_failures=0
[18:43:21] TINYDRAW_PAN_BASELINE zoom=400 x=3559 y=4281 frames=3 reused=0 compose_avg_us=29675 compose_max_us=30374 present_avg_us=19611 present_max_us=19736 tear_wait_avg_us=12865 tear_wait_max_us=15402 failures=0
[18:43:21] TINYDRAW_FILL_BASELINE result=superseded zoom=400 x=3733 y=4288 revision=152 steps=16 wall_us=314197 compute_total_us=58597 compute_max_us=10174 present_total_us=16296 present_max_us=9039 tick_max_us=12359 producer_failures=0 presentation_failures=0
[18:43:21] TINYDRAW_PAN_BASELINE zoom=400 x=3364 y=4276 frames=3 reused=0 compose_avg_us=29132 compose_max_us=30370 present_avg_us=19558 present_max_us=19709 tear_wait_avg_us=15115 tear_wait_max_us=16287 failures=0
[18:43:21] TINYDRAW_FILL_BASELINE result=superseded zoom=400 x=3559 y=4281 revision=152 steps=16 wall_us=297197 compute_total_us=58771 compute_max_us=10261 present_total_us=18032 present_max_us=9066 tick_max_us=12681 producer_failures=0 presentation_failures=0
[18:43:22] TINYDRAW_PAN_BASELINE zoom=400 x=3193 y=4254 frames=3 reused=0 compose_avg_us=28711 compose_max_us=28929 present_avg_us=19586 present_max_us=20018 tear_wait_avg_us=12515 tear_wait_max_us=16724 failures=0
[18:43:22] TINYDRAW_FILL_BASELINE result=superseded zoom=400 x=3364 y=4276 revision=152 steps=13 wall_us=281195 compute_total_us=44624 compute_max_us=10311 present_total_us=15541 present_max_us=7975 tick_max_us=10477 producer_failures=0 presentation_failures=0
[18:43:22] TINYDRAW_PAN_BASELINE zoom=400 x=2985 y=4283 frames=3 reused=0 compose_avg_us=29853 compose_max_us=29956 present_avg_us=19683 present_max_us=20147 tear_wait_avg_us=14599 tear_wait_max_us=15241 failures=0
[18:43:22] TINYDRAW_FILL_BASELINE result=superseded zoom=400 x=3193 y=4254 revision=152 steps=21 wall_us=314205 compute_total_us=77218 compute_max_us=10251 present_total_us=19596 present_max_us=8701 tick_max_us=11840 producer_failures=0 presentation_failures=0
[18:43:22] TINYDRAW_PAN_BASELINE zoom=400 x=2783 y=4313 frames=3 reused=0 compose_avg_us=29645 compose_max_us=30186 present_avg_us=19631 present_max_us=19733 tear_wait_avg_us=12860 tear_wait_max_us=15584 failures=0
[18:43:22] TINYDRAW_FILL_BASELINE result=superseded zoom=400 x=2985 y=4283 revision=152 steps=6 wall_us=246181 compute_total_us=27100 compute_max_us=10124 present_total_us=8831 present_max_us=8831 tick_max_us=10135 producer_failures=0 presentation_failures=0
[18:43:23] TINYDRAW_PAN_BASELINE zoom=400 x=2604 y=4320 frames=2 reused=0 compose_avg_us=29420 compose_max_us=30209 present_avg_us=19662 present_max_us=19729 tear_wait_avg_us=15061 tear_wait_max_us=15924 failures=0
[18:43:23] TINYDRAW_FILL_BASELINE result=superseded zoom=400 x=2783 y=4313 revision=152 steps=11 wall_us=232344 compute_total_us=45775 compute_max_us=10353 present_total_us=17892 present_max_us=9175 tick_max_us=10593 producer_failures=0 presentation_failures=0
[18:43:23] TINYDRAW_PAN_BASELINE zoom=400 x=2453 y=4346 frames=3 reused=0 compose_avg_us=27902 compose_max_us=28313 present_avg_us=19645 present_max_us=19871 tear_wait_avg_us=6229 tear_wait_max_us=16426 failures=0
[18:43:23] TINYDRAW_FILL_BASELINE result=superseded zoom=400 x=2604 y=4320 revision=152 steps=24 wall_us=312141 compute_total_us=86988 compute_max_us=10432 present_total_us=33727 present_max_us=7962 tick_max_us=12449 producer_failures=0 presentation_failures=0
[18:43:23] TINYDRAW_PAN_BASELINE zoom=400 x=2249 y=4386 frames=3 reused=0 compose_avg_us=27491 compose_max_us=27681 present_avg_us=19859 present_max_us=20116 tear_wait_avg_us=9117 tear_wait_max_us=16522 failures=0
[18:43:23] TINYDRAW_FILL_BASELINE result=superseded zoom=400 x=2453 y=4346 revision=152 steps=9 wall_us=247194 compute_total_us=37804 compute_max_us=10347 present_total_us=15961 present_max_us=8796 tick_max_us=11486 producer_failures=0 presentation_failures=0
[18:43:24] TINYDRAW_PAN_BASELINE zoom=400 x=2037 y=4372 frames=3 reused=0 compose_avg_us=27936 compose_max_us=27996 present_avg_us=19754 present_max_us=20019 tear_wait_avg_us=7095 tear_wait_max_us=16649 failures=0
[18:43:24] TINYDRAW_FILL_BASELINE result=superseded zoom=400 x=2249 y=4386 revision=152 steps=10 wall_us=247284 compute_total_us=42838 compute_max_us=10304 present_total_us=17585 present_max_us=8973 tick_max_us=10672 producer_failures=0 presentation_failures=0
[18:43:24] TINYDRAW_PAN_BASELINE zoom=400 x=1840 y=4372 frames=3 reused=0 compose_avg_us=28856 compose_max_us=29650 present_avg_us=19764 present_max_us=19941 tear_wait_avg_us=11510 tear_wait_max_us=16056 failures=0
[18:43:24] TINYDRAW_FILL_BASELINE result=superseded zoom=400 x=2037 y=4372 revision=152 steps=23 wall_us=347268 compute_total_us=100446 compute_max_us=10608 present_total_us=34436 present_max_us=8777 tick_max_us=11533 producer_failures=0 presentation_failures=0
[18:43:24] TINYDRAW_PAN_BASELINE zoom=400 x=1593 y=4346 frames=3 reused=0 compose_avg_us=27775 compose_max_us=28980 present_avg_us=19684 present_max_us=19999 tear_wait_avg_us=4996 tear_wait_max_us=13747 failures=0
[18:43:24] TINYDRAW_FILL_BASELINE result=superseded zoom=400 x=1840 y=4372 revision=152 steps=7 wall_us=230014 compute_total_us=39927 compute_max_us=10477 present_total_us=7389 present_max_us=7389 tick_max_us=11325 producer_failures=0 presentation_failures=0
[18:43:25] TINYDRAW_FILL_BASELINE result=complete zoom=400 x=1593 y=4346 revision=152 steps=64 wall_us=356440 compute_total_us=285403 compute_max_us=11205 present_total_us=60497 present_max_us=8645 tick_max_us=11959 producer_failures=0 presentation_failures=0
[18:43:25] TINYDRAW_LIVE_FILL_DONE zoom=400 x=1593 y=4346 revision=152
[18:43:25] TINYDRAW_PAN_BASELINE zoom=400 x=1879 y=4350 frames=3 reused=0 compose_avg_us=30248 compose_max_us=30376 present_avg_us=19481 present_max_us=19557 tear_wait_avg_us=12164 tear_wait_max_us=14407 failures=0
[18:43:26] TINYDRAW_PAN_BASELINE zoom=400 x=2145 y=4352 frames=3 reused=0 compose_avg_us=30807 compose_max_us=31319 present_avg_us=19397 present_max_us=19490 tear_wait_avg_us=11063 tear_wait_max_us=14623 failures=0
[18:43:26] TINYDRAW_FILL_BASELINE result=superseded zoom=400 x=1879 y=4350 revision=152 steps=39 wall_us=403008 compute_total_us=144285 compute_max_us=10301 present_total_us=20686 present_max_us=8951 tick_max_us=11671 producer_failures=0 presentation_failures=0
[18:43:26] TINYDRAW_PAN_BASELINE zoom=400 x=2366 y=4376 frames=3 reused=0 compose_avg_us=30532 compose_max_us=31640 present_avg_us=19840 present_max_us=20039 tear_wait_avg_us=14084 tear_wait_max_us=14722 failures=0
[18:43:26] TINYDRAW_FILL_BASELINE result=superseded zoom=400 x=2145 y=4352 revision=152 steps=23 wall_us=348099 compute_total_us=86029 compute_max_us=10189 present_total_us=24309 present_max_us=9067 tick_max_us=12169 producer_failures=0 presentation_failures=0
[18:43:26] TINYDRAW_FILL_BASELINE result=complete zoom=400 x=2366 y=4376 revision=152 steps=24 wall_us=109162 compute_total_us=87502 compute_max_us=10215 present_total_us=17391 present_max_us=6954 tick_max_us=12226 producer_failures=0 presentation_failures=0
[18:43:26] TINYDRAW_LIVE_FILL_DONE zoom=400 x=2366 y=4376 revision=152
[18:43:26] TINYDRAW_PAN_BASELINE zoom=400 x=2580 y=4368 frames=3 reused=0 compose_avg_us=28770 compose_max_us=29211 present_avg_us=19700 present_max_us=20150 tear_wait_avg_us=5647 tear_wait_max_us=10917 failures=0
[18:43:26] TINYDRAW_FILL_BASELINE result=complete zoom=400 x=2580 y=4368 revision=152 steps=13 wall_us=43072 compute_total_us=36532 compute_max_us=5886 present_total_us=3871 present_max_us=1291 tick_max_us=6306 producer_failures=0 presentation_failures=0
[18:43:26] TINYDRAW_LIVE_FILL_DONE zoom=400 x=2580 y=4368 revision=152
[18:43:27] TINYDRAW_PAN_BASELINE zoom=400 x=2812 y=4381 frames=3 reused=0 compose_avg_us=28153 compose_max_us=29091 present_avg_us=19540 present_max_us=20047 tear_wait_avg_us=14436 tear_wait_max_us=16705 failures=0
[18:43:27] TINYDRAW_FILL_BASELINE result=complete zoom=400 x=2812 y=4381 revision=152 steps=15 wall_us=59980 compute_total_us=44301 compute_max_us=8039 present_total_us=12107 present_max_us=6214 tick_max_us=8444 producer_failures=0 presentation_failures=0
[18:43:27] TINYDRAW_LIVE_FILL_DONE zoom=400 x=2812 y=4381 revision=152
[18:43:27] TINYDRAW_PAN_BASELINE zoom=400 x=3042 y=4381 frames=3 reused=0 compose_avg_us=28923 compose_max_us=29829 present_avg_us=19457 present_max_us=19608 tear_wait_avg_us=12443 tear_wait_max_us=15536 failures=0
[18:43:27] TINYDRAW_FILL_BASELINE result=complete zoom=400 x=3042 y=4381 revision=152 steps=7 wall_us=34994 compute_total_us=28871 compute_max_us=10188 present_total_us=3714 present_max_us=2424 tick_max_us=10638 producer_failures=0 presentation_failures=0
[18:43:27] TINYDRAW_LIVE_FILL_DONE zoom=400 x=3042 y=4381 revision=152
[18:43:27] TINYDRAW_PAN_BASELINE zoom=400 x=3278 y=4356 frames=3 reused=0 compose_avg_us=30648 compose_max_us=31814 present_avg_us=19824 present_max_us=20173 tear_wait_avg_us=8822 tear_wait_max_us=13262 failures=0
[18:43:28] TINYDRAW_FILL_BASELINE result=complete zoom=400 x=3278 y=4356 revision=152 steps=22 wall_us=86047 compute_total_us=68646 compute_max_us=9021 present_total_us=14345 present_max_us=7549 tick_max_us=9927 producer_failures=0 presentation_failures=0
[18:43:28] TINYDRAW_LIVE_FILL_DONE zoom=400 x=3278 y=4356 revision=152
[18:43:28] TINYDRAW_PAN_BASELINE zoom=400 x=3532 y=4346 frames=3 reused=0 compose_avg_us=30876 compose_max_us=31293 present_avg_us=19452 present_max_us=19601 tear_wait_avg_us=14495 tear_wait_max_us=15589 failures=0
[18:43:28] TINYDRAW_FILL_BASELINE result=complete zoom=400 x=3532 y=4346 revision=152 steps=26 wall_us=90959 compute_total_us=71974 compute_max_us=8965 present_total_us=15250 present_max_us=7301 tick_max_us=10596 producer_failures=0 presentation_failures=0
[18:43:28] TINYDRAW_LIVE_FILL_DONE zoom=400 x=3532 y=4346 revision=152
[18:43:28] TINYDRAW_PAN_BASELINE zoom=400 x=3779 y=4372 frames=3 reused=0 compose_avg_us=30199 compose_max_us=31315 present_avg_us=19726 present_max_us=19867 tear_wait_avg_us=10533 tear_wait_max_us=15152 failures=0
[18:43:28] TINYDRAW_PAN_BASELINE zoom=400 x=4059 y=4375 frames=3 reused=0 compose_avg_us=29472 compose_max_us=30709 present_avg_us=19698 present_max_us=19936 tear_wait_avg_us=14642 tear_wait_max_us=15744 failures=0
[18:43:28] TINYDRAW_FILL_BASELINE result=superseded zoom=400 x=3779 y=4372 revision=152 steps=23 wall_us=336012 compute_total_us=78808 compute_max_us=10184 present_total_us=26901 present_max_us=8688 tick_max_us=12435 producer_failures=0 presentation_failures=0
[18:43:29] TINYDRAW_PAN_BASELINE zoom=400 x=4271 y=4389 frames=3 reused=0 compose_avg_us=29102 compose_max_us=30240 present_avg_us=19610 present_max_us=20058 tear_wait_avg_us=12102 tear_wait_max_us=16667 failures=0
[18:43:29] TINYDRAW_FILL_BASELINE result=superseded zoom=400 x=4059 y=4375 revision=152 steps=17 wall_us=281200 compute_total_us=62230 compute_max_us=10498 present_total_us=17871 present_max_us=9071 tick_max_us=12625 producer_failures=0 presentation_failures=0
[18:43:29] TINYDRAW_PAN_BASELINE zoom=400 x=4519 y=4391 frames=4 reused=0 compose_avg_us=27594 compose_max_us=29210 present_avg_us=19615 present_max_us=20061 tear_wait_avg_us=4167 tear_wait_max_us=14480 failures=0
[18:43:29] TINYDRAW_FILL_BASELINE result=superseded zoom=400 x=4271 y=4389 revision=152 steps=13 wall_us=330105 compute_total_us=66392 compute_max_us=10585 present_total_us=26551 present_max_us=9110 tick_max_us=10842 producer_failures=0 presentation_failures=0
[18:43:29] TINYDRAW_PAN_BASELINE zoom=400 x=4758 y=4415 frames=3 reused=0 compose_avg_us=27486 compose_max_us=27778 present_avg_us=19688 present_max_us=20100 tear_wait_avg_us=1932 tear_wait_max_us=5253 failures=0
[18:43:29] TINYDRAW_FILL_BASELINE result=superseded zoom=400 x=4519 y=4391 revision=152 steps=9 wall_us=230108 compute_total_us=39957 compute_max_us=10551 present_total_us=14794 present_max_us=9527 tick_max_us=12011 producer_failures=0 presentation_failures=0
[18:43:30] TINYDRAW_PAN_BASELINE zoom=400 x=4920 y=4398 frames=3 reused=0 compose_avg_us=29507 compose_max_us=30070 present_avg_us=19798 present_max_us=19968 tear_wait_avg_us=14824 tear_wait_max_us=15299 failures=0
[18:43:30] TINYDRAW_FILL_BASELINE result=superseded zoom=400 x=4758 y=4415 revision=152 steps=34 wall_us=415446 compute_total_us=151813 compute_max_us=10584 present_total_us=50962 present_max_us=8822 tick_max_us=11961 producer_failures=0 presentation_failures=0
[18:43:30] TINYDRAW_FILL_BASELINE result=complete zoom=400 x=4920 y=4398 revision=152 steps=28 wall_us=186080 compute_total_us=142476 compute_max_us=10404 present_total_us=38716 present_max_us=8675 tick_max_us=12547 producer_failures=0 presentation_failures=0
[18:43:30] TINYDRAW_LIVE_FILL_DONE zoom=400 x=4920 y=4398 revision=152
[18:43:31] TINYDRAW_PAN_BASELINE zoom=400 x=5173 y=4377 frames=3 reused=0 compose_avg_us=29121 compose_max_us=29994 present_avg_us=19643 present_max_us=20166 tear_wait_avg_us=11639 tear_wait_max_us=16299 failures=0
[18:43:31] TINYDRAW_PAN_BASELINE zoom=400 x=5320 y=4375 frames=3 reused=0 compose_avg_us=27940 compose_max_us=28532 present_avg_us=19900 present_max_us=20158 tear_wait_avg_us=6934 tear_wait_max_us=16330 failures=0
[18:43:31] TINYDRAW_FILL_BASELINE result=superseded zoom=400 x=5173 y=4377 revision=152 steps=25 wall_us=368928 compute_total_us=122259 compute_max_us=10428 present_total_us=39757 present_max_us=8012 tick_max_us=12865 producer_failures=0 presentation_failures=0
[18:43:31] TINYDRAW_FILL_BASELINE result=complete zoom=400 x=5320 y=4375 revision=152 steps=24 wall_us=120161 compute_total_us=80409 compute_max_us=6043 present_total_us=34840 present_max_us=7987 tick_max_us=6145 producer_failures=0 presentation_failures=0
[18:43:31] TINYDRAW_LIVE_FILL_DONE zoom=400 x=5320 y=4375 revision=152
[18:43:32] TINYDRAW_PAN_BASELINE zoom=400 x=5098 y=4376 frames=4 reused=3 compose_avg_us=23523 compose_max_us=25322 present_avg_us=19666 present_max_us=19995 tear_wait_avg_us=4467 tear_wait_max_us=8155 failures=0
[18:43:32] TINYDRAW_FILL_BASELINE result=complete zoom=400 x=5098 y=4376 revision=152 steps=1 wall_us=2756 compute_total_us=2711 compute_max_us=2711 present_total_us=0 present_max_us=0 tick_max_us=2730 producer_failures=0 presentation_failures=0
[18:43:33] TINYDRAW_LIVE_FILL_DONE zoom=400 x=5098 y=4376 revision=152
[18:43:33] TINYDRAW_PAN_BASELINE zoom=400 x=4877 y=4414 frames=3 reused=2 compose_avg_us=23291 compose_max_us=30297 present_avg_us=19752 present_max_us=20082 tear_wait_avg_us=10125 tear_wait_max_us=14731 failures=0
[18:43:33] TINYDRAW_FILL_BASELINE result=complete zoom=400 x=4877 y=4414 revision=152 steps=1 wall_us=2262 compute_total_us=2217 compute_max_us=2217 present_total_us=0 present_max_us=0 tick_max_us=2236 producer_failures=0 presentation_failures=0
[18:43:33] TINYDRAW_LIVE_FILL_DONE zoom=400 x=4877 y=4414 revision=152
[18:43:33] TINYDRAW_PAN_BASELINE zoom=400 x=4647 y=4409 frames=3 reused=1 compose_avg_us=25767 compose_max_us=29435 present_avg_us=19493 present_max_us=19615 tear_wait_avg_us=11940 tear_wait_max_us=15766 failures=0
[18:43:33] TINYDRAW_FILL_BASELINE result=complete zoom=400 x=4647 y=4409 revision=152 steps=13 wall_us=79007 compute_total_us=61729 compute_max_us=10356 present_total_us=13476 present_max_us=5964 tick_max_us=10584 producer_failures=0 presentation_failures=0
[18:43:33] TINYDRAW_LIVE_FILL_DONE zoom=400 x=4647 y=4409 revision=152
[18:43:34] TINYDRAW_PAN_BASELINE zoom=400 x=4424 y=4419 frames=3 reused=0 compose_avg_us=29350 compose_max_us=29865 present_avg_us=19542 present_max_us=20059 tear_wait_avg_us=13169 tear_wait_max_us=15868 failures=0
[18:43:34] TINYDRAW_PAN_BASELINE zoom=400 x=4253 y=4424 frames=3 reused=0 compose_avg_us=30704 compose_max_us=32070 present_avg_us=19673 present_max_us=19838 tear_wait_avg_us=14090 tear_wait_max_us=15675 failures=0
[18:43:34] TINYDRAW_FILL_BASELINE result=superseded zoom=400 x=4424 y=4419 revision=152 steps=28 wall_us=369012 compute_total_us=110132 compute_max_us=10170 present_total_us=19497 present_max_us=8838 tick_max_us=11311 producer_failures=0 presentation_failures=0
[18:43:34] TINYDRAW_PAN_BASELINE zoom=400 x=4088 y=4421 frames=3 reused=0 compose_avg_us=31665 compose_max_us=32203 present_avg_us=19765 present_max_us=19934 tear_wait_avg_us=9029 tear_wait_max_us=13256 failures=0
[18:43:34] TINYDRAW_FILL_BASELINE result=superseded zoom=400 x=4253 y=4424 revision=152 steps=24 wall_us=332991 compute_total_us=93085 compute_max_us=10215 present_total_us=12616 present_max_us=3968 tick_max_us=10610 producer_failures=0 presentation_failures=0
[18:43:35] TINYDRAW_FILL_BASELINE result=complete zoom=400 x=4088 y=4421 revision=152 steps=28 wall_us=122242 compute_total_us=100058 compute_max_us=10047 present_total_us=18052 present_max_us=8810 tick_max_us=11233 producer_failures=0 presentation_failures=0
[18:43:35] TINYDRAW_LIVE_FILL_DONE zoom=400 x=4088 y=4421 revision=152
[18:43:35] TINYDRAW_PAN_BASELINE zoom=400 x=3913 y=4433 frames=4 reused=1 compose_avg_us=28203 compose_max_us=31094 present_avg_us=19863 present_max_us=20085 tear_wait_avg_us=9176 tear_wait_max_us=13732 failures=0
[18:43:35] TINYDRAW_PAN_BASELINE zoom=400 x=3735 y=4444 frames=3 reused=0 compose_avg_us=30272 compose_max_us=30623 present_avg_us=19574 present_max_us=20099 tear_wait_avg_us=7685 tear_wait_max_us=14395 failures=0
[18:43:35] TINYDRAW_FILL_BASELINE result=superseded zoom=400 x=3913 y=4433 revision=152 steps=12 wall_us=269016 compute_total_us=38937 compute_max_us=5700 present_total_us=5795 present_max_us=2963 tick_max_us=5722 producer_failures=0 presentation_failures=0
[18:43:35] TINYDRAW_FILL_BASELINE result=complete zoom=400 x=3735 y=4444 revision=152 steps=12 wall_us=43498 compute_total_us=37456 compute_max_us=4776 present_total_us=3386 present_max_us=2011 tick_max_us=4799 producer_failures=0 presentation_failures=0
[18:43:35] TINYDRAW_LIVE_FILL_DONE zoom=400 x=3735 y=4444 revision=152
[18:43:36] TINYDRAW_PAN_BASELINE zoom=400 x=3517 y=4434 frames=4 reused=0 compose_avg_us=29435 compose_max_us=30272 present_avg_us=20020 present_max_us=20184 tear_wait_avg_us=11607 tear_wait_max_us=15580 failures=0
[18:43:36] TINYDRAW_FILL_BASELINE result=complete zoom=400 x=3517 y=4434 revision=152 steps=9 wall_us=32961 compute_total_us=28698 compute_max_us=5228 present_total_us=1268 present_max_us=1243 tick_max_us=5797 producer_failures=0 presentation_failures=0
[18:43:36] TINYDRAW_LIVE_FILL_DONE zoom=400 x=3517 y=4434 revision=152
[18:43:36] TINYDRAW_PAN_BASELINE zoom=400 x=3323 y=4419 frames=4 reused=1 compose_avg_us=28128 compose_max_us=30578 present_avg_us=19834 present_max_us=20153 tear_wait_avg_us=9175 tear_wait_max_us=16039 failures=0
[18:43:36] TINYDRAW_FILL_BASELINE result=complete zoom=400 x=3323 y=4419 revision=152 steps=3 wall_us=11049 compute_total_us=9233 compute_max_us=4930 present_total_us=13 present_max_us=13 tick_max_us=4952 producer_failures=0 presentation_failures=0
[18:43:36] TINYDRAW_LIVE_FILL_DONE zoom=400 x=3323 y=4419 revision=152
[18:43:36] TINYDRAW_PAN_BASELINE zoom=400 x=3088 y=4434 frames=4 reused=1 compose_avg_us=28628 compose_max_us=30144 present_avg_us=19590 present_max_us=19972 tear_wait_avg_us=8685 tear_wait_max_us=15037 failures=0
[18:43:36] TINYDRAW_FILL_BASELINE result=complete zoom=400 x=3088 y=4434 revision=152 steps=7 wall_us=24042 compute_total_us=22492 compute_max_us=7418 present_total_us=31 present_max_us=18 tick_max_us=7435 producer_failures=0 presentation_failures=0
[18:43:36] TINYDRAW_LIVE_FILL_DONE zoom=400 x=3088 y=4434 revision=152
[18:43:37] TINYDRAW_PAN_BASELINE zoom=400 x=2860 y=4450 frames=3 reused=0 compose_avg_us=28911 compose_max_us=30563 present_avg_us=19825 present_max_us=20170 tear_wait_avg_us=8703 tear_wait_max_us=16538 failures=0
[18:43:37] TINYDRAW_FILL_BASELINE result=complete zoom=400 x=2860 y=4450 revision=152 steps=29 wall_us=122072 compute_total_us=99037 compute_max_us=10304 present_total_us=18534 present_max_us=7774 tick_max_us=10550 producer_failures=0 presentation_failures=0
[18:43:37] TINYDRAW_LIVE_FILL_DONE zoom=400 x=2860 y=4450 revision=152
[18:43:37] TINYDRAW_PAN_BASELINE zoom=400 x=2610 y=4429 frames=4 reused=0 compose_avg_us=26431 compose_max_us=27579 present_avg_us=19633 present_max_us=19815 tear_wait_avg_us=4612 tear_wait_max_us=12724 failures=0
[18:43:37] TINYDRAW_FILL_BASELINE result=complete zoom=400 x=2610 y=4429 revision=152 steps=30 wall_us=145040 compute_total_us=118270 compute_max_us=10295 present_total_us=21711 present_max_us=8504 tick_max_us=11404 producer_failures=0 presentation_failures=0
[18:43:37] TINYDRAW_LIVE_FILL_DONE zoom=400 x=2610 y=4429 revision=152
[18:43:37] TINYDRAW_PAN_BASELINE zoom=400 x=2410 y=4406 frames=4 reused=0 compose_avg_us=27119 compose_max_us=27720 present_avg_us=19779 present_max_us=20021 tear_wait_avg_us=5717 tear_wait_max_us=16585 failures=0
[18:43:38] TINYDRAW_PAN_BASELINE zoom=400 x=2200 y=4413 frames=4 reused=0 compose_avg_us=28913 compose_max_us=29037 present_avg_us=19605 present_max_us=19863 tear_wait_avg_us=12359 tear_wait_max_us=16012 failures=0
[18:43:38] TINYDRAW_FILL_BASELINE result=superseded zoom=400 x=2410 y=4406 revision=152 steps=22 wall_us=386083 compute_total_us=90270 compute_max_us=10506 present_total_us=19886 present_max_us=8804 tick_max_us=10891 producer_failures=0 presentation_failures=0
[18:43:38] TINYDRAW_PAN_BASELINE zoom=400 x=1974 y=4393 frames=4 reused=0 compose_avg_us=28233 compose_max_us=29429 present_avg_us=19807 present_max_us=20042 tear_wait_avg_us=4824 tear_wait_max_us=15743 failures=0
[18:43:38] TINYDRAW_FILL_BASELINE result=superseded zoom=400 x=2200 y=4413 revision=152 steps=11 wall_us=298158 compute_total_us=41080 compute_max_us=10424 present_total_us=17593 present_max_us=8971 tick_max_us=10436 producer_failures=0 presentation_failures=0
[18:43:38] TINYDRAW_PAN_BASELINE zoom=400 x=1762 y=4406 frames=3 reused=0 compose_avg_us=28301 compose_max_us=29263 present_avg_us=19527 present_max_us=19810 tear_wait_avg_us=8294 tear_wait_max_us=16779 failures=0
[18:43:38] TINYDRAW_FILL_BASELINE result=superseded zoom=400 x=1974 y=4393 revision=152 steps=15 wall_us=297248 compute_total_us=76118 compute_max_us=10563 present_total_us=25998 present_max_us=8957 tick_max_us=11580 producer_failures=0 presentation_failures=0
[18:43:39] TINYDRAW_PAN_BASELINE zoom=400 x=1521 y=4403 frames=3 reused=0 compose_avg_us=28760 compose_max_us=30650 present_avg_us=19700 present_max_us=19959 tear_wait_avg_us=8971 tear_wait_max_us=16138 failures=0
[18:43:39] TINYDRAW_FILL_BASELINE result=superseded zoom=400 x=1762 y=4406 revision=152 steps=19 wall_us=349159 compute_total_us=111043 compute_max_us=10587 present_total_us=35281 present_max_us=8614 tick_max_us=11366 producer_failures=0 presentation_failures=0
[18:43:39] TINYDRAW_PAN_BASELINE zoom=400 x=1285 y=4352 frames=4 reused=0 compose_avg_us=28403 compose_max_us=29584 present_avg_us=19742 present_max_us=19960 tear_wait_avg_us=11204 tear_wait_max_us=16474 failures=0
[18:43:39] TINYDRAW_FILL_BASELINE result=superseded zoom=400 x=1521 y=4403 revision=152 steps=18 wall_us=396232 compute_total_us=93125 compute_max_us=11740 present_total_us=26180 present_max_us=8842 tick_max_us=11764 producer_failures=0 presentation_failures=0
[18:43:39] TINYDRAW_FILL_BASELINE result=complete zoom=400 x=1285 y=4352 revision=152 steps=33 wall_us=187130 compute_total_us=130964 compute_max_us=10028 present_total_us=51791 present_max_us=8449 tick_max_us=11406 producer_failures=0 presentation_failures=0
[18:43:39] TINYDRAW_LIVE_FILL_DONE zoom=400 x=1285 y=4352 revision=152
[18:43:40] TINYDRAW_PAN_BASELINE zoom=400 x=1616 y=4233 frames=4 reused=0 compose_avg_us=28564 compose_max_us=29249 present_avg_us=19909 present_max_us=20060 tear_wait_avg_us=11234 tear_wait_max_us=15980 failures=0
[18:43:40] TINYDRAW_FILL_BASELINE result=complete zoom=400 x=1616 y=4233 revision=152 steps=30 wall_us=163941 compute_total_us=118744 compute_max_us=10142 present_total_us=39614 present_max_us=8434 tick_max_us=12378 producer_failures=0 presentation_failures=0
[18:43:40] TINYDRAW_LIVE_FILL_DONE zoom=400 x=1616 y=4233 revision=152
[18:43:41] TINYDRAW_PAN_BASELINE zoom=400 x=1839 y=4168 frames=4 reused=0 compose_avg_us=29455 compose_max_us=29959 present_avg_us=19712 present_max_us=19835 tear_wait_avg_us=13895 tear_wait_max_us=15269 failures=0
[18:43:41] TINYDRAW_PAN_BASELINE zoom=400 x=2099 y=4149 frames=4 reused=0 compose_avg_us=29794 compose_max_us=30165 present_avg_us=19796 present_max_us=20141 tear_wait_avg_us=12286 tear_wait_max_us=15186 failures=0
[18:43:41] TINYDRAW_FILL_BASELINE result=superseded zoom=400 x=1839 y=4168 revision=152 steps=28 wall_us=419940 compute_total_us=109887 compute_max_us=10338 present_total_us=30386 present_max_us=8743 tick_max_us=11743 producer_failures=0 presentation_failures=0
[18:43:41] TINYDRAW_PAN_BASELINE zoom=400 x=2323 y=4131 frames=3 reused=0 compose_avg_us=30472 compose_max_us=30832 present_avg_us=19596 present_max_us=19735 tear_wait_avg_us=12410 tear_wait_max_us=14555 failures=0
[18:43:41] TINYDRAW_FILL_BASELINE result=superseded zoom=400 x=2099 y=4149 revision=152 steps=27 wall_us=347096 compute_total_us=90933 compute_max_us=10327 present_total_us=22749 present_max_us=9133 tick_max_us=12192 producer_failures=0 presentation_failures=0
[18:43:42] TINYDRAW_PAN_BASELINE zoom=400 x=2573 y=4091 frames=3 reused=0 compose_avg_us=30644 compose_max_us=31613 present_avg_us=19768 present_max_us=20094 tear_wait_avg_us=9706 tear_wait_max_us=14897 failures=0
[18:43:42] TINYDRAW_FILL_BASELINE result=superseded zoom=400 x=2323 y=4131 revision=152 steps=33 wall_us=348119 compute_total_us=96093 compute_max_us=10158 present_total_us=29349 present_max_us=8777 tick_max_us=11415 producer_failures=0 presentation_failures=0
[18:43:42] TINYDRAW_PAN_BASELINE zoom=400 x=2812 y=4055 frames=3 reused=0 compose_avg_us=31138 compose_max_us=31652 present_avg_us=19998 present_max_us=20225 tear_wait_avg_us=12658 tear_wait_max_us=13722 failures=0
[18:43:42] TINYDRAW_FILL_BASELINE result=superseded zoom=400 x=2573 y=4091 revision=152 steps=43 wall_us=381271 compute_total_us=110249 compute_max_us=10198 present_total_us=36790 present_max_us=9268 tick_max_us=11967 producer_failures=0 presentation_failures=0
[18:43:42] TINYDRAW_PAN_BASELINE zoom=400 x=3040 y=4009 frames=3 reused=0 compose_avg_us=30433 compose_max_us=32445 present_avg_us=19682 present_max_us=20168 tear_wait_avg_us=11354 tear_wait_max_us=16592 failures=0
[18:43:42] TINYDRAW_FILL_BASELINE result=superseded zoom=400 x=2812 y=4055 revision=152 steps=59 wall_us=417083 compute_total_us=136486 compute_max_us=11627 present_total_us=37282 present_max_us=8681 tick_max_us=11658 producer_failures=0 presentation_failures=0
[18:43:43] TINYDRAW_PAN_BASELINE zoom=400 x=3257 y=3960 frames=3 reused=0 compose_avg_us=28758 compose_max_us=30429 present_avg_us=19883 present_max_us=20133 tear_wait_avg_us=9800 tear_wait_max_us=15805 failures=0
[18:43:43] TINYDRAW_FILL_BASELINE result=superseded zoom=400 x=3040 y=4009 revision=152 steps=73 wall_us=412040 compute_total_us=163356 compute_max_us=11597 present_total_us=33987 present_max_us=8439 tick_max_us=11721 producer_failures=0 presentation_failures=0
[18:43:43] TINYDRAW_PAN_BASELINE zoom=400 x=3486 y=3931 frames=3 reused=0 compose_avg_us=28355 compose_max_us=28970 present_avg_us=19755 present_max_us=20040 tear_wait_avg_us=7670 tear_wait_max_us=16368 failures=0
[18:43:43] TINYDRAW_FILL_BASELINE result=superseded zoom=400 x=3257 y=3960 revision=152 steps=48 wall_us=348093 compute_total_us=111341 compute_max_us=10425 present_total_us=24045 present_max_us=9162 tick_max_us=12393 producer_failures=0 presentation_failures=0
[18:43:44] TINYDRAW_PAN_BASELINE zoom=400 x=3241 y=3923 frames=3 reused=0 compose_avg_us=28897 compose_max_us=29305 present_avg_us=19784 present_max_us=20127 tear_wait_avg_us=15783 tear_wait_max_us=16372 failures=0
[18:43:44] TINYDRAW_FILL_BASELINE result=superseded zoom=400 x=3486 y=3931 revision=152 steps=62 wall_us=448201 compute_total_us=174672 compute_max_us=10560 present_total_us=43934 present_max_us=8990 tick_max_us=11187 producer_failures=0 presentation_failures=0
[18:43:44] TINYDRAW_FILL_BASELINE result=complete zoom=400 x=3241 y=3923 revision=152 steps=54 wall_us=107072 compute_total_us=92142 compute_max_us=10168 present_total_us=9662 present_max_us=3564 tick_max_us=10192 producer_failures=0 presentation_failures=0
[18:43:44] TINYDRAW_LIVE_FILL_DONE zoom=400 x=3241 y=3923 revision=152
[18:43:44] TINYDRAW_PAN_BASELINE zoom=400 x=2998 y=3934 frames=3 reused=0 compose_avg_us=29467 compose_max_us=30788 present_avg_us=19758 present_max_us=19868 tear_wait_avg_us=12856 tear_wait_max_us=16073 failures=0
[18:43:44] TINYDRAW_FILL_BASELINE result=complete zoom=400 x=2998 y=3934 revision=152 steps=65 wall_us=137986 compute_total_us=115565 compute_max_us=10100 present_total_us=17325 present_max_us=8155 tick_max_us=12116 producer_failures=0 presentation_failures=0
[18:43:44] TINYDRAW_LIVE_FILL_DONE zoom=400 x=2998 y=3934 revision=152
[18:43:45] TINYDRAW_PAN_BASELINE zoom=400 x=2893 y=4146 frames=4 reused=1 compose_avg_us=31443 compose_max_us=34012 present_avg_us=19778 present_max_us=20098 tear_wait_avg_us=8406 tear_wait_max_us=11988 failures=0
[18:43:45] TINYDRAW_FILL_BASELINE result=complete zoom=400 x=2893 y=4146 revision=152 steps=20 wall_us=59047 compute_total_us=56268 compute_max_us=6417 present_total_us=61 present_max_us=19 tick_max_us=6434 producer_failures=0 presentation_failures=0
[18:43:45] TINYDRAW_LIVE_FILL_DONE zoom=400 x=2893 y=4146 revision=152
[18:43:46] TINYDRAW_PAN_BASELINE zoom=400 x=2889 y=4309 frames=4 reused=1 compose_avg_us=29140 compose_max_us=33454 present_avg_us=19751 present_max_us=20154 tear_wait_avg_us=7921 tear_wait_max_us=14890 failures=0
[18:43:46] TINYDRAW_FILL_BASELINE result=complete zoom=400 x=2889 y=4309 revision=152 steps=9 wall_us=26044 compute_total_us=22316 compute_max_us=8435 present_total_us=2106 present_max_us=2093 tick_max_us=8470 producer_failures=0 presentation_failures=0
[18:43:46] TINYDRAW_LIVE_FILL_DONE zoom=400 x=2889 y=4309 revision=152
[18:43:47] TINYDRAW_PAN_BASELINE zoom=400 x=2920 y=4584 frames=11 reused=2 compose_avg_us=25674 compose_max_us=29088 present_avg_us=19700 present_max_us=20132 tear_wait_avg_us=4619 tear_wait_max_us=14624 failures=0
[18:43:47] TINYDRAW_FILL_BASELINE result=complete zoom=400 x=2920 y=4584 revision=152 steps=45 wall_us=215974 compute_total_us=179861 compute_max_us=9755 present_total_us=29285 present_max_us=6553 tick_max_us=9777 producer_failures=0 presentation_failures=0
[18:43:47] TINYDRAW_LIVE_FILL_DONE zoom=400 x=2920 y=4584 revision=152
[18:43:48] TINYDRAW_PAN_BASELINE zoom=400 x=2927 y=4883 frames=11 reused=4 compose_avg_us=25292 compose_max_us=27966 present_avg_us=19716 present_max_us=20097 tear_wait_avg_us=6045 tear_wait_max_us=16419 failures=0
[18:43:48] TINYDRAW_FILL_BASELINE result=complete zoom=400 x=2927 y=4883 revision=152 steps=26 wall_us=142982 compute_total_us=111590 compute_max_us=9871 present_total_us=25394 present_max_us=6257 tick_max_us=9894 producer_failures=0 presentation_failures=0
[18:43:48] TINYDRAW_LIVE_FILL_DONE zoom=400 x=2927 y=4883 revision=152
[18:43:49] TINYDRAW_PAN_BASELINE zoom=400 x=2938 y=5145 frames=10 reused=3 compose_avg_us=24183 compose_max_us=27262 present_avg_us=19697 present_max_us=20100 tear_wait_avg_us=6436 tear_wait_max_us=14839 failures=0
[18:43:49] TINYDRAW_FILL_BASELINE result=complete zoom=400 x=2938 y=5145 revision=152 steps=24 wall_us=139985 compute_total_us=104529 compute_max_us=8439 present_total_us=30378 present_max_us=8630 tick_max_us=8544 producer_failures=0 presentation_failures=0
[18:43:49] TINYDRAW_LIVE_FILL_DONE zoom=400 x=2938 y=5145 revision=152
[18:43:49] TINYDRAW_PAN_BASELINE zoom=400 x=2945 y=5470 frames=10 reused=2 compose_avg_us=24436 compose_max_us=25747 present_avg_us=19742 present_max_us=20167 tear_wait_avg_us=3927 tear_wait_max_us=9425 failures=0
[18:43:50] TINYDRAW_FILL_BASELINE result=complete zoom=400 x=2945 y=5470 revision=152 steps=27 wall_us=132040 compute_total_us=91868 compute_max_us=6032 present_total_us=35282 present_max_us=6964 tick_max_us=6133 producer_failures=0 presentation_failures=0
[18:43:50] TINYDRAW_LIVE_FILL_DONE zoom=400 x=2945 y=5470 revision=152
[18:43:50] TINYDRAW_PAN_BASELINE zoom=400 x=2966 y=5107 frames=8 reused=1 compose_avg_us=23844 compose_max_us=25045 present_avg_us=19733 present_max_us=20058 tear_wait_avg_us=4150 tear_wait_max_us=10329 failures=0
[18:43:50] TINYDRAW_FILL_BASELINE result=complete zoom=400 x=2966 y=5107 revision=152 steps=15 wall_us=61083 compute_total_us=53825 compute_max_us=7593 present_total_us=4146 present_max_us=1338 tick_max_us=7609 producer_failures=0 presentation_failures=0
[18:43:50] TINYDRAW_LIVE_FILL_DONE zoom=400 x=2966 y=5107 revision=152
[18:43:51] TINYDRAW_PAN_BASELINE zoom=400 x=2973 y=4757 frames=9 reused=4 compose_avg_us=25212 compose_max_us=30000 present_avg_us=19710 present_max_us=20035 tear_wait_avg_us=9443 tear_wait_max_us=15969 failures=0
[18:43:51] TINYDRAW_FILL_BASELINE result=complete zoom=400 x=2973 y=4757 revision=152 steps=9 wall_us=40074 compute_total_us=32155 compute_max_us=7409 present_total_us=5051 present_max_us=1830 tick_max_us=7434 producer_failures=0 presentation_failures=0
[18:43:51] TINYDRAW_LIVE_FILL_DONE zoom=400 x=2973 y=4757 revision=152
[18:43:52] TINYDRAW_PAN_BASELINE zoom=400 x=3033 y=4421 frames=6 reused=0 compose_avg_us=28880 compose_max_us=29713 present_avg_us=19507 present_max_us=19820 tear_wait_avg_us=10865 tear_wait_max_us=16171 failures=0
[18:43:52] TINYDRAW_FILL_BASELINE result=complete zoom=400 x=3033 y=4421 revision=152 steps=16 wall_us=71984 compute_total_us=56108 compute_max_us=10174 present_total_us=12132 present_max_us=5553 tick_max_us=11687 producer_failures=0 presentation_failures=0
[18:43:52] TINYDRAW_LIVE_FILL_DONE zoom=400 x=3033 y=4421 revision=152
[18:43:53] TINYDRAW_PAN_BASELINE zoom=400 x=3118 y=4090 frames=6 reused=2 compose_avg_us=28991 compose_max_us=31000 present_avg_us=19765 present_max_us=20021 tear_wait_avg_us=9135 tear_wait_max_us=14829 failures=0
[18:43:53] TINYDRAW_FILL_BASELINE result=complete zoom=400 x=3118 y=4090 revision=152 steps=13 wall_us=36044 compute_total_us=31336 compute_max_us=7313 present_total_us=1697 present_max_us=1684 tick_max_us=7336 producer_failures=0 presentation_failures=0
[18:43:53] TINYDRAW_LIVE_FILL_DONE zoom=400 x=3118 y=4090 revision=152
[18:43:53] TINYDRAW_PAN_BASELINE zoom=400 x=3174 y=3765 frames=5 reused=1 compose_avg_us=28420 compose_max_us=30634 present_avg_us=19512 present_max_us=19798 tear_wait_avg_us=12037 tear_wait_max_us=16091 failures=0
[18:43:54] TINYDRAW_FILL_BASELINE result=complete zoom=400 x=3174 y=3765 revision=152 steps=137 wall_us=271983 compute_total_us=230269 compute_max_us=10203 present_total_us=32729 present_max_us=5848 tick_max_us=12075 producer_failures=0 presentation_failures=0
[18:43:54] TINYDRAW_LIVE_FILL_DONE zoom=400 x=3174 y=3765 revision=152
[18:43:54] TINYDRAW_PAN_BASELINE zoom=400 x=3220 y=3447 frames=6 reused=2 compose_avg_us=27133 compose_max_us=31232 present_avg_us=19643 present_max_us=19993 tear_wait_avg_us=12211 tear_wait_max_us=15996 failures=0
[18:43:55] TINYDRAW_FILL_BASELINE result=complete zoom=400 x=3220 y=3447 revision=152 steps=185 wall_us=417960 compute_total_us=349010 compute_max_us=10253 present_total_us=55685 present_max_us=8704 tick_max_us=12570 producer_failures=0 presentation_failures=0
[18:43:55] TINYDRAW_LIVE_FILL_DONE zoom=400 x=3220 y=3447 revision=152
[18:43:55] TINYDRAW_PAN_BASELINE zoom=400 x=3275 y=3100 frames=5 reused=0 compose_avg_us=30003 compose_max_us=31650 present_avg_us=19731 present_max_us=20082 tear_wait_avg_us=12175 tear_wait_max_us=16530 failures=0
[18:43:56] TINYDRAW_PAN_BASELINE zoom=400 x=3315 y=2747 frames=5 reused=0 compose_avg_us=29766 compose_max_us=31771 present_avg_us=19716 present_max_us=20128 tear_wait_avg_us=14261 tear_wait_max_us=16390 failures=0
[18:43:56] TINYDRAW_FILL_BASELINE result=superseded zoom=400 x=3275 y=3100 revision=152 steps=135 wall_us=740985 compute_total_us=265392 compute_max_us=10174 present_total_us=49123 present_max_us=9300 tick_max_us=10988 producer_failures=0 presentation_failures=0
[18:43:57] TINYDRAW_PAN_BASELINE zoom=400 x=3360 y=2410 frames=5 reused=0 compose_avg_us=30450 compose_max_us=31754 present_avg_us=19643 present_max_us=20069 tear_wait_avg_us=11650 tear_wait_max_us=15685 failures=0
[18:43:57] TINYDRAW_FILL_BASELINE result=superseded zoom=400 x=3315 y=2747 revision=152 steps=126 wall_us=749045 compute_total_us=294318 compute_max_us=10426 present_total_us=70378 present_max_us=9121 tick_max_us=12397 producer_failures=0 presentation_failures=0
[18:43:57] TINYDRAW_FILL_BASELINE result=complete zoom=400 x=3360 y=2410 revision=152 steps=102 wall_us=338990 compute_total_us=272292 compute_max_us=10462 present_total_us=57055 present_max_us=8293 tick_max_us=12299 producer_failures=0 presentation_failures=0
[18:43:57] TINYDRAW_LIVE_FILL_DONE zoom=400 x=3360 y=2410 revision=152
[18:43:58] TINYDRAW_PAN_BASELINE zoom=400 x=3360 y=2696 frames=6 reused=2 compose_avg_us=27889 compose_max_us=31721 present_avg_us=19737 present_max_us=20059 tear_wait_avg_us=11350 tear_wait_max_us=14553 failures=0
[18:43:58] TINYDRAW_FILL_BASELINE result=complete zoom=400 x=3360 y=2696 revision=152 steps=22 wall_us=60956 compute_total_us=54912 compute_max_us=7824 present_total_us=2863 present_max_us=1976 tick_max_us=7847 producer_failures=0 presentation_failures=0
[18:43:58] TINYDRAW_LIVE_FILL_DONE zoom=400 x=3360 y=2696 revision=152
[18:43:58] TINYDRAW_PAN_BASELINE zoom=400 x=3326 y=2973 frames=6 reused=3 compose_avg_us=27202 compose_max_us=32000 present_avg_us=19663 present_max_us=20132 tear_wait_avg_us=8546 tear_wait_max_us=13562 failures=0
[18:43:58] TINYDRAW_FILL_BASELINE result=complete zoom=400 x=3326 y=2973 revision=152 steps=16 wall_us=38065 compute_total_us=30924 compute_max_us=7334 present_total_us=3627 present_max_us=2661 tick_max_us=7357 producer_failures=0 presentation_failures=0
[18:43:58] TINYDRAW_LIVE_FILL_DONE zoom=400 x=3326 y=2973 revision=152
[18:43:59] TINYDRAW_PAN_BASELINE zoom=400 x=3317 y=3276 frames=6 reused=2 compose_avg_us=28704 compose_max_us=32287 present_avg_us=19628 present_max_us=20049 tear_wait_avg_us=7737 tear_wait_max_us=14025 failures=0
[18:43:59] TINYDRAW_FILL_BASELINE result=complete zoom=400 x=3317 y=3276 revision=152 steps=27 wall_us=66007 compute_total_us=57167 compute_max_us=8884 present_total_us=5536 present_max_us=3553 tick_max_us=8906 producer_failures=0 presentation_failures=0
[18:43:59] TINYDRAW_LIVE_FILL_DONE zoom=400 x=3317 y=3276 revision=152
[18:43:59] TINYDRAW_PAN_BASELINE zoom=400 x=3298 y=3555 frames=6 reused=2 compose_avg_us=29526 compose_max_us=32532 present_avg_us=19792 present_max_us=20146 tear_wait_avg_us=11981 tear_wait_max_us=16792 failures=0
[18:43:59] TINYDRAW_FILL_BASELINE result=complete zoom=400 x=3298 y=3555 revision=152 steps=21 wall_us=47959 compute_total_us=41794 compute_max_us=6061 present_total_us=2676 present_max_us=1689 tick_max_us=6083 producer_failures=0 presentation_failures=0
[18:43:59] TINYDRAW_LIVE_FILL_DONE zoom=400 x=3298 y=3555 revision=152
[18:44:00] TINYDRAW_PAN_BASELINE zoom=400 x=3286 y=3814 frames=6 reused=2 compose_avg_us=27353 compose_max_us=31092 present_avg_us=19587 present_max_us=19918 tear_wait_avg_us=11202 tear_wait_max_us=15463 failures=0
[18:44:00] TINYDRAW_FILL_BASELINE result=complete zoom=400 x=3286 y=3814 revision=152 steps=18 wall_us=46956 compute_total_us=40573 compute_max_us=6626 present_total_us=3793 present_max_us=3251 tick_max_us=6648 producer_failures=0 presentation_failures=0
[18:44:00] TINYDRAW_LIVE_FILL_DONE zoom=400 x=3286 y=3814 revision=152
[18:44:00] TINYDRAW_PAN_BASELINE zoom=400 x=3277 y=4064 frames=5 reused=2 compose_avg_us=27145 compose_max_us=29086 present_avg_us=19549 present_max_us=19795 tear_wait_avg_us=10443 tear_wait_max_us=16105 failures=0
[18:44:01] TINYDRAW_FILL_BASELINE result=complete zoom=400 x=3277 y=4064 revision=152 steps=33 wall_us=95933 compute_total_us=81978 compute_max_us=7052 present_total_us=9438 present_max_us=3567 tick_max_us=7075 producer_failures=0 presentation_failures=0
[18:44:01] TINYDRAW_LIVE_FILL_DONE zoom=400 x=3277 y=4064 revision=152
[18:44:01] TINYDRAW_PAN_BASELINE zoom=400 x=3268 y=4337 frames=5 reused=0 compose_avg_us=28484 compose_max_us=28627 present_avg_us=19674 present_max_us=20057 tear_wait_avg_us=15200 tear_wait_max_us=16587 failures=0
[18:44:02] TINYDRAW_PAN_BASELINE zoom=400 x=3260 y=4562 frames=7 reused=0 compose_avg_us=28087 compose_max_us=29909 present_avg_us=19733 present_max_us=20062 tear_wait_avg_us=6719 tear_wait_max_us=16020 failures=0
[18:44:02] TINYDRAW_FILL_BASELINE result=superseded zoom=400 x=3268 y=4337 revision=152 steps=34 wall_us=587874 compute_total_us=100001 compute_max_us=9977 present_total_us=25953 present_max_us=6967 tick_max_us=10601 producer_failures=0 presentation_failures=0
[18:44:02] TINYDRAW_PAN_BASELINE zoom=400 x=3243 y=4745 frames=7 reused=0 compose_avg_us=27600 compose_max_us=29163 present_avg_us=19693 present_max_us=20040 tear_wait_avg_us=5546 tear_wait_max_us=16685 failures=0
[18:44:02] TINYDRAW_FILL_BASELINE result=superseded zoom=400 x=3260 y=4562 revision=152 steps=31 wall_us=566192 compute_total_us=107759 compute_max_us=10466 present_total_us=19824 present_max_us=5591 tick_max_us=10955 producer_failures=0 presentation_failures=0
[18:44:02] TINYDRAW_FILL_BASELINE result=complete zoom=400 x=3243 y=4745 revision=152 steps=21 wall_us=139142 compute_total_us=108717 compute_max_us=10523 present_total_us=26427 present_max_us=9062 tick_max_us=12901 producer_failures=0 presentation_failures=0
[18:44:02] TINYDRAW_LIVE_FILL_DONE zoom=400 x=3243 y=4745 revision=152
[18:44:03] TINYDRAW_PAN_BASELINE zoom=400 x=3231 y=4987 frames=6 reused=2 compose_avg_us=26183 compose_max_us=28240 present_avg_us=19839 present_max_us=20181 tear_wait_avg_us=6308 tear_wait_max_us=14153 failures=0
[18:44:03] TINYDRAW_FILL_BASELINE result=complete zoom=400 x=3231 y=4987 revision=152 steps=21 wall_us=95045 compute_total_us=80422 compute_max_us=7247 present_total_us=11462 present_max_us=6161 tick_max_us=7270 producer_failures=0 presentation_failures=0
[18:44:03] TINYDRAW_LIVE_FILL_DONE zoom=400 x=3231 y=4987 revision=152
[18:44:03] TINYDRAW_PAN_BASELINE zoom=400 x=3219 y=5216 frames=5 reused=1 compose_avg_us=25589 compose_max_us=27559 present_avg_us=19619 present_max_us=20039 tear_wait_avg_us=3728 tear_wait_max_us=7133 failures=0
[18:44:04] TINYDRAW_FILL_BASELINE result=complete zoom=400 x=3219 y=5216 revision=152 steps=27 wall_us=114128 compute_total_us=90452 compute_max_us=7875 present_total_us=19097 present_max_us=5252 tick_max_us=7897 producer_failures=0 presentation_failures=0
[18:44:04] TINYDRAW_LIVE_FILL_DONE zoom=400 x=3219 y=5216 revision=152
[18:44:04] TINYDRAW_PAN_BASELINE zoom=400 x=3208 y=5429 frames=6 reused=1 compose_avg_us=24077 compose_max_us=24893 present_avg_us=19752 present_max_us=20220 tear_wait_avg_us=7397 tear_wait_max_us=14619 failures=0
[18:44:04] TINYDRAW_FILL_BASELINE result=complete zoom=400 x=3208 y=5429 revision=152 steps=12 wall_us=56069 compute_total_us=38694 compute_max_us=5956 present_total_us=13678 present_max_us=4490 tick_max_us=6061 producer_failures=0 presentation_failures=0
[18:44:04] TINYDRAW_LIVE_FILL_DONE zoom=400 x=3208 y=5429 revision=152
[18:44:05] TINYDRAW_PAN_BASELINE zoom=400 x=3281 y=5116 frames=7 reused=1 compose_avg_us=24429 compose_max_us=25804 present_avg_us=19751 present_max_us=20157 tear_wait_avg_us=4951 tear_wait_max_us=14301 failures=0
[18:44:05] TINYDRAW_FILL_BASELINE result=complete zoom=400 x=3281 y=5116 revision=152 steps=15 wall_us=60087 compute_total_us=52949 compute_max_us=7207 present_total_us=4071 present_max_us=1384 tick_max_us=7229 producer_failures=0 presentation_failures=0
[18:44:05] TINYDRAW_LIVE_FILL_DONE zoom=400 x=3281 y=5116 revision=152
[18:44:05] TINYDRAW_PAN_BASELINE zoom=400 x=3302 y=4811 frames=6 reused=1 compose_avg_us=26501 compose_max_us=27484 present_avg_us=19707 present_max_us=20146 tear_wait_avg_us=2752 tear_wait_max_us=11791 failures=0
[18:44:05] TINYDRAW_FILL_BASELINE result=complete zoom=400 x=3302 y=4811 revision=152 steps=6 wall_us=27072 compute_total_us=22485 compute_max_us=6427 present_total_us=2191 present_max_us=1120 tick_max_us=6449 producer_failures=0 presentation_failures=0
[18:44:05] TINYDRAW_LIVE_FILL_DONE zoom=400 x=3302 y=4811 revision=152
[18:44:06] TINYDRAW_PAN_BASELINE zoom=400 x=3341 y=4559 frames=5 reused=2 compose_avg_us=25088 compose_max_us=28131 present_avg_us=19635 present_max_us=19868 tear_wait_avg_us=7116 tear_wait_max_us=16512 failures=0
[18:44:06] TINYDRAW_FILL_BASELINE result=complete zoom=400 x=3341 y=4559 revision=152 steps=13 wall_us=40097 compute_total_us=31018 compute_max_us=7265 present_total_us=6515 present_max_us=3515 tick_max_us=7288 producer_failures=0 presentation_failures=0
[18:44:06] TINYDRAW_LIVE_FILL_DONE zoom=400 x=3341 y=4559 revision=152
[18:44:07] TINYDRAW_PAN_BASELINE zoom=400 x=3394 y=4319 frames=4 reused=0 compose_avg_us=28615 compose_max_us=29960 present_avg_us=19674 present_max_us=20104 tear_wait_avg_us=14463 tear_wait_max_us=16415 failures=0
[18:44:07] TINYDRAW_FILL_BASELINE result=complete zoom=400 x=3394 y=4319 revision=152 steps=43 wall_us=133987 compute_total_us=108596 compute_max_us=7160 present_total_us=20296 present_max_us=4256 tick_max_us=8196 producer_failures=0 presentation_failures=0
[18:44:07] TINYDRAW_LIVE_FILL_DONE zoom=400 x=3394 y=4319 revision=152
[18:44:07] TINYDRAW_PAN_BASELINE zoom=400 x=3437 y=4076 frames=5 reused=0 compose_avg_us=29918 compose_max_us=30600 present_avg_us=19680 present_max_us=20118 tear_wait_avg_us=13971 tear_wait_max_us=15161 failures=0
[18:44:08] TINYDRAW_FILL_BASELINE result=complete zoom=400 x=3437 y=4076 revision=152 steps=30 wall_us=106985 compute_total_us=87200 compute_max_us=10172 present_total_us=14748 present_max_us=6480 tick_max_us=10832 producer_failures=0 presentation_failures=0
[18:44:08] TINYDRAW_LIVE_FILL_DONE zoom=400 x=3437 y=4076 revision=152
[18:44:08] TINYDRAW_PAN_BASELINE zoom=400 x=3402 y=4308 frames=4 reused=1 compose_avg_us=29342 compose_max_us=30621 present_avg_us=19658 present_max_us=19962 tear_wait_avg_us=6383 tear_wait_max_us=14177 failures=0
[18:44:08] TINYDRAW_FILL_BASELINE result=complete zoom=400 x=3402 y=4308 revision=152 steps=1 wall_us=2056 compute_total_us=2006 compute_max_us=2006 present_total_us=0 present_max_us=0 tick_max_us=2030 producer_failures=0 presentation_failures=0
[18:44:08] TINYDRAW_LIVE_FILL_DONE zoom=400 x=3402 y=4308 revision=152
[18:44:12] TINYDRAW_PAN_BASELINE zoom=400 x=3572 y=4340 frames=59 reused=24 compose_avg_us=26269 compose_max_us=31501 present_avg_us=19729 present_max_us=20212 tear_wait_avg_us=11347 tear_wait_max_us=16185 failures=0
[18:44:12] TINYDRAW_FILL_BASELINE result=complete zoom=400 x=3572 y=4340 revision=152 steps=33 wall_us=132835 compute_total_us=102338 compute_max_us=10234 present_total_us=25516 present_max_us=6643 tick_max_us=12500 producer_failures=0 presentation_failures=0
[18:44:12] TINYDRAW_LIVE_FILL_DONE zoom=400 x=3572 y=4340 revision=152
[18:44:13] TINYDRAW_PAN_BASELINE zoom=400 x=3238 y=4270 frames=14 reused=9 compose_avg_us=24316 compose_max_us=30864 present_avg_us=19711 present_max_us=20129 tear_wait_avg_us=9211 tear_wait_max_us=15202 failures=0
[18:44:13] TINYDRAW_FILL_BASELINE result=complete zoom=400 x=3238 y=4270 revision=152 steps=19 wall_us=54980 compute_total_us=45410 compute_max_us=7229 present_total_us=5885 present_max_us=2736 tick_max_us=7320 producer_failures=0 presentation_failures=0
[18:44:13] TINYDRAW_LIVE_FILL_DONE zoom=400 x=3238 y=4270 revision=152
[18:44:14] TINYDRAW_PAN_BASELINE zoom=400 x=3566 y=4274 frames=9 reused=8 compose_avg_us=22593 compose_max_us=30034 present_avg_us=19788 present_max_us=20143 tear_wait_avg_us=6006 tear_wait_max_us=8877 failures=0
[18:44:14] TINYDRAW_FILL_BASELINE result=complete zoom=400 x=3566 y=4274 revision=152 steps=1 wall_us=2302 compute_total_us=2257 compute_max_us=2257 present_total_us=0 present_max_us=0 tick_max_us=2276 producer_failures=0 presentation_failures=0
[18:44:14] TINYDRAW_LIVE_FILL_DONE zoom=400 x=3566 y=4274 revision=152
[18:44:16] TINYDRAW_PAN_BASELINE zoom=400 x=3743 y=4336 frames=16 reused=2 compose_avg_us=29261 compose_max_us=31354 present_avg_us=19656 present_max_us=20140 tear_wait_avg_us=10572 tear_wait_max_us=14757 failures=0
[18:44:16] TINYDRAW_FILL_BASELINE result=complete zoom=400 x=3743 y=4336 revision=152 steps=46 wall_us=185864 compute_total_us=147973 compute_max_us=10323 present_total_us=32925 present_max_us=8904 tick_max_us=12609 producer_failures=0 presentation_failures=0
[18:44:16] TINYDRAW_LIVE_FILL_DONE zoom=400 x=3743 y=4336 revision=152
[18:44:17] TINYDRAW_PAN_BASELINE zoom=400 x=3527 y=4348 frames=8 reused=7 compose_avg_us=21612 compose_max_us=32410 present_avg_us=19671 present_max_us=20120 tear_wait_avg_us=7755 tear_wait_max_us=11328 failures=0
[18:44:17] TINYDRAW_FILL_BASELINE result=complete zoom=400 x=3527 y=4348 revision=152 steps=1 wall_us=2132 compute_total_us=2083 compute_max_us=2083 present_total_us=0 present_max_us=0 tick_max_us=2107 producer_failures=0 presentation_failures=0
[18:44:17] TINYDRAW_LIVE_FILL_DONE zoom=400 x=3527 y=4348 revision=152
[18:44:19] TINYDRAW_PAN_BASELINE zoom=400 x=3620 y=4295 frames=30 reused=30 compose_avg_us=20771 compose_max_us=26821 present_avg_us=19741 present_max_us=20217 tear_wait_avg_us=7386 tear_wait_max_us=14558 failures=0
[18:44:19] TINYDRAW_FILL_BASELINE result=complete zoom=400 x=3620 y=4295 revision=152 steps=1 wall_us=2366 compute_total_us=2307 compute_max_us=2307 present_total_us=0 present_max_us=0 tick_max_us=2327 producer_failures=0 presentation_failures=0
[18:44:19] TINYDRAW_LIVE_FILL_DONE zoom=400 x=3620 y=4295 revision=152
[18:44:20] TINYDRAW_PAN_BASELINE zoom=400 x=3803 y=4187 frames=9 reused=1 compose_avg_us=28984 compose_max_us=31673 present_avg_us=19666 present_max_us=20101 tear_wait_avg_us=14178 tear_wait_max_us=15995 failures=0
[18:44:20] TINYDRAW_FILL_BASELINE result=complete zoom=400 x=3803 y=4187 revision=152 steps=33 wall_us=107963 compute_total_us=87874 compute_max_us=7313 present_total_us=14749 present_max_us=5167 tick_max_us=8159 producer_failures=0 presentation_failures=0
[18:44:20] TINYDRAW_LIVE_FILL_DONE zoom=400 x=3803 y=4187 revision=152
[18:44:21] TINYDRAW_PAN_BASELINE zoom=400 x=3852 y=4304 frames=16 reused=1 compose_avg_us=31192 compose_max_us=33496 present_avg_us=19683 present_max_us=20198 tear_wait_avg_us=11705 tear_wait_max_us=14354 failures=0
[18:44:21] TINYDRAW_FILL_BASELINE result=complete zoom=400 x=3852 y=4304 revision=152 steps=5 wall_us=14864 compute_total_us=12761 compute_max_us=8083 present_total_us=12 present_max_us=12 tick_max_us=8106 producer_failures=0 presentation_failures=0
[18:44:21] TINYDRAW_LIVE_FILL_DONE zoom=400 x=3852 y=4304 revision=152
[18:44:22] TINYDRAW_PAN_BASELINE zoom=400 x=4032 y=4431 frames=16 reused=0 compose_avg_us=30323 compose_max_us=32277 present_avg_us=19637 present_max_us=20108 tear_wait_avg_us=14529 tear_wait_max_us=16345 failures=0
[18:44:23] TINYDRAW_FILL_BASELINE result=complete zoom=400 x=4032 y=4431 revision=152 steps=57 wall_us=255858 compute_total_us=207950 compute_max_us=10164 present_total_us=39267 present_max_us=8684 tick_max_us=11892 producer_failures=0 presentation_failures=0
[18:44:23] TINYDRAW_LIVE_FILL_DONE zoom=400 x=4032 y=4431 revision=152
[18:44:23] TINYDRAW_PAN_BASELINE zoom=400 x=4002 y=4420 frames=10 reused=1 compose_avg_us=29458 compose_max_us=32206 present_avg_us=19670 present_max_us=20177 tear_wait_avg_us=12460 tear_wait_max_us=15056 failures=0
[18:44:24] TINYDRAW_FILL_BASELINE result=complete zoom=400 x=4002 y=4420 revision=152 steps=3 wall_us=12835 compute_total_us=11353 compute_max_us=4672 present_total_us=13 present_max_us=13 tick_max_us=4712 producer_failures=0 presentation_failures=0
[18:44:24] TINYDRAW_LIVE_FILL_DONE zoom=400 x=4002 y=4420 revision=152
[18:44:24] TINYDRAW_PAN_BASELINE zoom=400 x=3706 y=4465 frames=4 reused=1 compose_avg_us=29357 compose_max_us=31696 present_avg_us=19656 present_max_us=19941 tear_wait_avg_us=11627 tear_wait_max_us=14789 failures=0
[18:44:24] TINYDRAW_FILL_BASELINE result=complete zoom=400 x=3706 y=4465 revision=152 steps=3 wall_us=12959 compute_total_us=11396 compute_max_us=4810 present_total_us=13 present_max_us=13 tick_max_us=4832 producer_failures=0 presentation_failures=0
[18:44:24] TINYDRAW_LIVE_FILL_DONE zoom=400 x=3706 y=4465 revision=152
[18:44:24] TINYDRAW_PAN_BASELINE zoom=400 x=3464 y=4394 frames=4 reused=1 compose_avg_us=26898 compose_max_us=29859 present_avg_us=19645 present_max_us=19943 tear_wait_avg_us=13368 tear_wait_max_us=16224 failures=0
[18:44:24] TINYDRAW_FILL_BASELINE result=complete zoom=400 x=3464 y=4394 revision=152 steps=1 wall_us=2156 compute_total_us=2111 compute_max_us=2111 present_total_us=0 present_max_us=0 tick_max_us=2130 producer_failures=0 presentation_failures=0
[18:44:24] TINYDRAW_LIVE_FILL_DONE zoom=400 x=3464 y=4394 revision=152
[18:44:25] TINYDRAW_PAN_BASELINE zoom=400 x=3256 y=4314 frames=5 reused=4 compose_avg_us=23197 compose_max_us=31285 present_avg_us=19626 present_max_us=20027 tear_wait_avg_us=6193 tear_wait_max_us=13623 failures=0
[18:44:25] TINYDRAW_FILL_BASELINE result=complete zoom=400 x=3256 y=4314 revision=152 steps=1 wall_us=2226 compute_total_us=2175 compute_max_us=2175 present_total_us=0 present_max_us=0 tick_max_us=2194 producer_failures=0 presentation_failures=0
[18:44:25] TINYDRAW_LIVE_FILL_DONE zoom=400 x=3256 y=4314 revision=152
[18:44:26] TINYDRAW_PAN_BASELINE zoom=400 x=3039 y=4223 frames=4 reused=2 compose_avg_us=24654 compose_max_us=28971 present_avg_us=19851 present_max_us=20124 tear_wait_avg_us=9952 tear_wait_max_us=16163 failures=0
[18:44:26] TINYDRAW_PAN_BASELINE zoom=400 x=2828 y=4315 frames=3 reused=0 compose_avg_us=29459 compose_max_us=30670 present_avg_us=19766 present_max_us=20112 tear_wait_avg_us=15901 tear_wait_max_us=16239 failures=0
[18:44:26] TINYDRAW_FILL_BASELINE result=superseded zoom=400 x=3039 y=4223 revision=152 steps=55 wall_us=420095 compute_total_us=143761 compute_max_us=11224 present_total_us=35737 present_max_us=9652 tick_max_us=11246 producer_failures=0 presentation_failures=0
[18:44:26] TINYDRAW_FILL_BASELINE result=complete zoom=400 x=2828 y=4315 revision=152 steps=42 wall_us=153073 compute_total_us=117988 compute_max_us=10911 present_total_us=29268 present_max_us=8225 tick_max_us=12314 producer_failures=0 presentation_failures=0
[18:44:26] TINYDRAW_LIVE_FILL_DONE zoom=400 x=2828 y=4315 revision=152
[18:44:26] TINYDRAW_PAN_BASELINE zoom=400 x=2685 y=4169 frames=3 reused=0 compose_avg_us=29497 compose_max_us=30792 present_avg_us=19779 present_max_us=20175 tear_wait_avg_us=12164 tear_wait_max_us=14824 failures=0
[18:44:27] TINYDRAW_PAN_BASELINE zoom=400 x=2414 y=4142 frames=4 reused=0 compose_avg_us=30171 compose_max_us=32541 present_avg_us=19752 present_max_us=20119 tear_wait_avg_us=13697 tear_wait_max_us=15708 failures=0
[18:44:27] TINYDRAW_FILL_BASELINE result=superseded zoom=400 x=2685 y=4169 revision=152 steps=58 wall_us=485033 compute_total_us=163191 compute_max_us=11503 present_total_us=36747 present_max_us=8973 tick_max_us=11531 producer_failures=0 presentation_failures=0
[18:44:27] TINYDRAW_PAN_BASELINE zoom=400 x=2220 y=4268 frames=3 reused=0 compose_avg_us=28541 compose_max_us=29897 present_avg_us=19630 present_max_us=19842 tear_wait_avg_us=7960 tear_wait_max_us=16072 failures=0
[18:44:27] TINYDRAW_FILL_BASELINE result=superseded zoom=400 x=2414 y=4142 revision=152 steps=13 wall_us=280016 compute_total_us=44586 compute_max_us=10322 present_total_us=12830 present_max_us=7967 tick_max_us=11548 producer_failures=0 presentation_failures=0
[18:44:28] TINYDRAW_PAN_BASELINE zoom=400 x=2119 y=4350 frames=3 reused=0 compose_avg_us=29364 compose_max_us=29958 present_avg_us=19470 present_max_us=19647 tear_wait_avg_us=11320 tear_wait_max_us=16228 failures=0
[18:44:28] TINYDRAW_FILL_BASELINE result=superseded zoom=400 x=2220 y=4268 revision=152 steps=30 wall_us=381267 compute_total_us=120756 compute_max_us=10538 present_total_us=37997 present_max_us=8178 tick_max_us=12441 producer_failures=0 presentation_failures=0
[18:44:28] TINYDRAW_FILL_BASELINE result=complete zoom=400 x=2119 y=4350 revision=152 steps=65 wall_us=269069 compute_total_us=217817 compute_max_us=10238 present_total_us=42543 present_max_us=9334 tick_max_us=10249 producer_failures=0 presentation_failures=0
[18:44:28] TINYDRAW_LIVE_FILL_DONE zoom=400 x=2119 y=4350 revision=152
[18:44:29] TINYDRAW_PAN_BASELINE zoom=400 x=2345 y=4326 frames=4 reused=0 compose_avg_us=30482 compose_max_us=31166 present_avg_us=19565 present_max_us=20022 tear_wait_avg_us=13658 tear_wait_max_us=15109 failures=0
[18:44:29] TINYDRAW_PAN_BASELINE zoom=400 x=2484 y=4306 frames=4 reused=3 compose_avg_us=24456 compose_max_us=31440 present_avg_us=19884 present_max_us=20173 tear_wait_avg_us=5852 tear_wait_max_us=7996 failures=0
[18:44:29] TINYDRAW_FILL_BASELINE result=superseded zoom=400 x=2345 y=4326 revision=152 steps=14 wall_us=318839 compute_total_us=52210 compute_max_us=10228 present_total_us=13075 present_max_us=9100 tick_max_us=11388 producer_failures=0 presentation_failures=0
[18:44:29] TINYDRAW_FILL_BASELINE result=complete zoom=400 x=2484 y=4306 revision=152 steps=1 wall_us=2402 compute_total_us=2363 compute_max_us=2363 present_total_us=0 present_max_us=0 tick_max_us=2383 producer_failures=0 presentation_failures=0
[18:44:29] TINYDRAW_LIVE_FILL_DONE zoom=400 x=2484 y=4306 revision=152
[18:44:35] TINYDRAW_LIVE_PRESENT kind=zoom zoom=25 x=0 y=0 compose_us=35546 scroll_us=0 exposed_compose_us=0 chrome_us=0 read_submit_us=48747 read_complete_us=49551 transfer_wait_us=19253 tile_pixels=0 uniform_pixels=0 overview_pixels=164864 fallback_pixels=0 resident_tiles=0 fallback_tiles=0 pushes=21 tear_wait_us=12374 tear_sync=1 frame_reused=0 pass=1
[18:44:38] TINYDRAW_LIVE_PRESENT kind=zoom zoom=50 x=184 y=262 compose_us=29532 scroll_us=0 exposed_compose_us=0 chrome_us=0 read_submit_us=32024 read_complete_us=32832 transfer_wait_us=19976 tile_pixels=162656 uniform_pixels=2208 overview_pixels=0 fallback_pixels=0 resident_tiles=56 fallback_tiles=0 pushes=21 tear_wait_us=1614 tear_sync=1 frame_reused=0 pass=1
[18:44:38] TINYDRAW_FILL_BASELINE result=complete zoom=50 x=184 y=262 revision=152 steps=1 wall_us=1578 compute_total_us=1523 compute_max_us=1523 present_total_us=0 present_max_us=0 tick_max_us=1545 producer_failures=0 presentation_failures=0
[18:44:38] TINYDRAW_LIVE_FILL_DONE zoom=50 x=184 y=262 revision=152
[18:44:39] TINYDRAW_LIVE_PRESENT kind=zoom zoom=100 x=552 y=710 compose_us=29150 scroll_us=0 exposed_compose_us=0 chrome_us=0 read_submit_us=39216 read_complete_us=40020 transfer_wait_us=19784 tile_pixels=164480 uniform_pixels=384 overview_pixels=0 fallback_pixels=0 resident_tiles=56 fallback_tiles=0 pushes=21 tear_wait_us=9169 tear_sync=1 frame_reused=0 pass=1
[18:44:39] TINYDRAW_FILL_BASELINE result=complete zoom=100 x=552 y=710 revision=152 steps=1 wall_us=1281 compute_total_us=1238 compute_max_us=1238 present_total_us=0 present_max_us=0 tick_max_us=1257 producer_failures=0 presentation_failures=0
[18:44:39] TINYDRAW_LIVE_FILL_DONE zoom=100 x=552 y=710 revision=152
[18:44:40] TINYDRAW_LIVE_PRESENT kind=zoom zoom=200 x=1288 y=1606 compose_us=28405 scroll_us=0 exposed_compose_us=0 chrome_us=0 read_submit_us=40604 read_complete_us=41402 transfer_wait_us=19396 tile_pixels=164864 uniform_pixels=0 overview_pixels=0 fallback_pixels=0 resident_tiles=48 fallback_tiles=0 pushes=21 tear_wait_us=11359 tear_sync=1 frame_reused=0 pass=1
[18:44:40] TINYDRAW_FILL_BASELINE result=complete zoom=200 x=1288 y=1606 revision=152 steps=1 wall_us=961 compute_total_us=918 compute_max_us=918 present_total_us=0 present_max_us=0 tick_max_us=936 producer_failures=0 presentation_failures=0
[18:44:40] TINYDRAW_LIVE_FILL_DONE zoom=200 x=1288 y=1606 revision=152
[18:44:42] TINYDRAW_LIVE_PRESENT kind=zoom zoom=400 x=2760 y=3398 compose_us=27062 scroll_us=0 exposed_compose_us=0 chrome_us=0 read_submit_us=43294 read_complete_us=44098 transfer_wait_us=19706 tile_pixels=0 uniform_pixels=0 overview_pixels=0 fallback_pixels=164864 resident_tiles=0 fallback_tiles=48 pushes=21 tear_wait_us=15355 tear_sync=1 frame_reused=0 pass=1
[18:44:43] TINYDRAW_FILL_BASELINE result=complete zoom=400 x=2760 y=3398 revision=152 steps=385 wall_us=676908 compute_total_us=584014 compute_max_us=11025 present_total_us=72179 present_max_us=8773 tick_max_us=11518 producer_failures=0 presentation_failures=0
[18:44:43] TINYDRAW_LIVE_FILL_DONE zoom=400 x=2760 y=3398 revision=152
[18:44:49] TINYDRAW_LIVE_PRESENT kind=zoom zoom=25 x=0 y=0 compose_us=35591 scroll_us=0 exposed_compose_us=0 chrome_us=0 read_submit_us=46276 read_complete_us=47080 transfer_wait_us=19724 tile_pixels=0 uniform_pixels=0 overview_pixels=164864 fallback_pixels=0 resident_tiles=0 fallback_tiles=0 pushes=21 tear_wait_us=9804 tear_sync=1 frame_reused=0 pass=1
[18:44:50] TINYDRAW_LIVE_PRESENT kind=zoom zoom=50 x=184 y=262 compose_us=29520 scroll_us=0 exposed_compose_us=0 chrome_us=0 read_submit_us=34378 read_complete_us=35181 transfer_wait_us=19622 tile_pixels=162656 uniform_pixels=2208 overview_pixels=0 fallback_pixels=0 resident_tiles=56 fallback_tiles=0 pushes=21 tear_wait_us=4033 tear_sync=1 frame_reused=0 pass=1
[18:44:50] TINYDRAW_FILL_BASELINE result=complete zoom=50 x=184 y=262 revision=152 steps=1 wall_us=1574 compute_total_us=1515 compute_max_us=1515 present_total_us=0 present_max_us=0 tick_max_us=1537 producer_failures=0 presentation_failures=0
[18:44:50] TINYDRAW_LIVE_FILL_DONE zoom=50 x=184 y=262 revision=152
[18:44:50] TINYDRAW_LIVE_PRESENT kind=zoom zoom=100 x=552 y=710 compose_us=29161 scroll_us=0 exposed_compose_us=0 chrome_us=0 read_submit_us=39899 read_complete_us=40704 transfer_wait_us=20101 tile_pixels=164480 uniform_pixels=384 overview_pixels=0 fallback_pixels=0 resident_tiles=56 fallback_tiles=0 pushes=21 tear_wait_us=9867 tear_sync=1 frame_reused=0 pass=1
[18:44:50] TINYDRAW_FILL_BASELINE result=complete zoom=100 x=552 y=710 revision=152 steps=1 wall_us=1285 compute_total_us=1242 compute_max_us=1242 present_total_us=0 present_max_us=0 tick_max_us=1261 producer_failures=0 presentation_failures=0
[18:44:50] TINYDRAW_LIVE_FILL_DONE zoom=100 x=552 y=710 revision=152
[18:44:51] TINYDRAW_LIVE_PRESENT kind=zoom zoom=200 x=1288 y=1606 compose_us=28391 scroll_us=0 exposed_compose_us=0 chrome_us=0 read_submit_us=32542 read_complete_us=33343 transfer_wait_us=19458 tile_pixels=164864 uniform_pixels=0 overview_pixels=0 fallback_pixels=0 resident_tiles=48 fallback_tiles=0 pushes=21 tear_wait_us=3337 tear_sync=1 frame_reused=0 pass=1
[18:44:51] TINYDRAW_FILL_BASELINE result=complete zoom=200 x=1288 y=1606 revision=152 steps=1 wall_us=955 compute_total_us=912 compute_max_us=912 present_total_us=0 present_max_us=0 tick_max_us=930 producer_failures=0 presentation_failures=0
[18:44:51] TINYDRAW_LIVE_FILL_DONE zoom=200 x=1288 y=1606 revision=152
[18:44:51] TINYDRAW_LIVE_PRESENT kind=zoom zoom=400 x=2760 y=3398 compose_us=31268 scroll_us=0 exposed_compose_us=0 chrome_us=0 read_submit_us=42782 read_complete_us=43586 transfer_wait_us=19218 tile_pixels=153472 uniform_pixels=11392 overview_pixels=0 fallback_pixels=0 resident_tiles=48 fallback_tiles=0 pushes=21 tear_wait_us=10669 tear_sync=1 frame_reused=0 pass=1
[18:44:51] TINYDRAW_FILL_BASELINE result=complete zoom=400 x=2760 y=3398 revision=152 steps=1 wall_us=1954 compute_total_us=1899 compute_max_us=1899 present_total_us=0 present_max_us=0 tick_max_us=1918 producer_failures=0 presentation_failures=0
[18:44:51] TINYDRAW_LIVE_FILL_DONE zoom=400 x=2760 y=3398 revision=152
[18:44:51] TINYDRAW_LIVE_PRESENT kind=zoom zoom=25 x=0 y=0 compose_us=35517 scroll_us=0 exposed_compose_us=0 chrome_us=0 read_submit_us=39423 read_complete_us=40227 transfer_wait_us=19577 tile_pixels=0 uniform_pixels=0 overview_pixels=164864 fallback_pixels=0 resident_tiles=0 fallback_tiles=0 pushes=21 tear_wait_us=3079 tear_sync=1 frame_reused=0 pass=1
[18:44:52] TINYDRAW_LIVE_PRESENT kind=zoom zoom=50 x=184 y=262 compose_us=29539 scroll_us=0 exposed_compose_us=0 chrome_us=0 read_submit_us=38207 read_complete_us=39011 transfer_wait_us=19793 tile_pixels=162656 uniform_pixels=2208 overview_pixels=0 fallback_pixels=0 resident_tiles=56 fallback_tiles=0 pushes=21 tear_wait_us=7789 tear_sync=1 frame_reused=0 pass=1
[18:44:52] TINYDRAW_FILL_BASELINE result=complete zoom=50 x=184 y=262 revision=152 steps=1 wall_us=1557 compute_total_us=1510 compute_max_us=1510 present_total_us=0 present_max_us=0 tick_max_us=1529 producer_failures=0 presentation_failures=0
[18:44:53] TINYDRAW_LIVE_FILL_DONE zoom=50 x=184 y=262 revision=152
[18:44:53] TINYDRAW_LIVE_PRESENT kind=zoom zoom=100 x=552 y=710 compose_us=29141 scroll_us=0 exposed_compose_us=0 chrome_us=0 read_submit_us=46101 read_complete_us=46905 transfer_wait_us=19899 tile_pixels=164480 uniform_pixels=384 overview_pixels=0 fallback_pixels=0 resident_tiles=56 fallback_tiles=0 pushes=21 tear_wait_us=16079 tear_sync=1 frame_reused=0 pass=1
[18:44:53] TINYDRAW_FILL_BASELINE result=complete zoom=100 x=552 y=710 revision=152 steps=1 wall_us=1309 compute_total_us=1266 compute_max_us=1266 present_total_us=0 present_max_us=0 tick_max_us=1284 producer_failures=0 presentation_failures=0
[18:44:53] TINYDRAW_LIVE_FILL_DONE zoom=100 x=552 y=710 revision=152
[18:44:53] TINYDRAW_LIVE_PRESENT kind=zoom zoom=200 x=1288 y=1606 compose_us=28312 scroll_us=0 exposed_compose_us=0 chrome_us=0 read_submit_us=35189 read_complete_us=35993 transfer_wait_us=19811 tile_pixels=164864 uniform_pixels=0 overview_pixels=0 fallback_pixels=0 resident_tiles=48 fallback_tiles=0 pushes=21 tear_wait_us=6003 tear_sync=1 frame_reused=0 pass=1
[18:44:53] TINYDRAW_FILL_BASELINE result=complete zoom=200 x=1288 y=1606 revision=152 steps=1 wall_us=966 compute_total_us=917 compute_max_us=917 present_total_us=0 present_max_us=0 tick_max_us=936 producer_failures=0 presentation_failures=0
[18:44:53] TINYDRAW_LIVE_FILL_DONE zoom=200 x=1288 y=1606 revision=152
[18:44:53] TINYDRAW_LIVE_PRESENT kind=zoom zoom=400 x=2760 y=3398 compose_us=31265 scroll_us=0 exposed_compose_us=0 chrome_us=0 read_submit_us=35273 read_complete_us=36077 transfer_wait_us=19727 tile_pixels=153472 uniform_pixels=11392 overview_pixels=0 fallback_pixels=0 resident_tiles=48 fallback_tiles=0 pushes=21 tear_wait_us=3148 tear_sync=1 frame_reused=0 pass=1
[18:44:53] TINYDRAW_FILL_BASELINE result=complete zoom=400 x=2760 y=3398 revision=152 steps=1 wall_us=2016 compute_total_us=1971 compute_max_us=1971 present_total_us=0 present_max_us=0 tick_max_us=1991 producer_failures=0 presentation_failures=0
[18:44:53] TINYDRAW_LIVE_FILL_DONE zoom=400 x=2760 y=3398 revision=152
[18:44:53] TINYDRAW_LIVE_PRESENT kind=zoom zoom=25 x=0 y=0 compose_us=35480 scroll_us=0 exposed_compose_us=0 chrome_us=0 read_submit_us=49989 read_complete_us=50799 transfer_wait_us=20011 tile_pixels=0 uniform_pixels=0 overview_pixels=164864 fallback_pixels=0 resident_tiles=0 fallback_tiles=0 pushes=21 tear_wait_us=13644 tear_sync=1 frame_reused=0 pass=1
[18:44:54] TINYDRAW_LIVE_PRESENT kind=zoom zoom=50 x=184 y=262 compose_us=29533 scroll_us=0 exposed_compose_us=0 chrome_us=0 read_submit_us=35429 read_complete_us=36233 transfer_wait_us=19571 tile_pixels=162656 uniform_pixels=2208 overview_pixels=0 fallback_pixels=0 resident_tiles=56 fallback_tiles=0 pushes=21 tear_wait_us=5070 tear_sync=1 frame_reused=0 pass=1
[18:44:54] TINYDRAW_FILL_BASELINE result=complete zoom=50 x=184 y=262 revision=152 steps=1 wall_us=1579 compute_total_us=1519 compute_max_us=1519 present_total_us=0 present_max_us=0 tick_max_us=1545 producer_failures=0 presentation_failures=0
[18:44:54] TINYDRAW_LIVE_FILL_DONE zoom=50 x=184 y=262 revision=152
[18:44:54] TINYDRAW_LIVE_PRESENT kind=zoom zoom=100 x=552 y=710 compose_us=29138 scroll_us=0 exposed_compose_us=0 chrome_us=0 read_submit_us=40342 read_complete_us=41146 transfer_wait_us=19658 tile_pixels=164480 uniform_pixels=384 overview_pixels=0 fallback_pixels=0 resident_tiles=56 fallback_tiles=0 pushes=21 tear_wait_us=10376 tear_sync=1 frame_reused=0 pass=1
[18:44:54] TINYDRAW_FILL_BASELINE result=complete zoom=100 x=552 y=710 revision=152 steps=1 wall_us=1301 compute_total_us=1258 compute_max_us=1258 present_total_us=0 present_max_us=0 tick_max_us=1276 producer_failures=0 presentation_failures=0
[18:44:54] TINYDRAW_LIVE_FILL_DONE zoom=100 x=552 y=710 revision=152
[18:44:54] TINYDRAW_LIVE_PRESENT kind=zoom zoom=200 x=1288 y=1606 compose_us=28399 scroll_us=0 exposed_compose_us=0 chrome_us=0 read_submit_us=45154 read_complete_us=45958 transfer_wait_us=19846 tile_pixels=164864 uniform_pixels=0 overview_pixels=0 fallback_pixels=0 resident_tiles=48 fallback_tiles=0 pushes=21 tear_wait_us=15885 tear_sync=1 frame_reused=0 pass=1
[18:44:54] TINYDRAW_FILL_BASELINE result=complete zoom=200 x=1288 y=1606 revision=152 steps=1 wall_us=962 compute_total_us=918 compute_max_us=918 present_total_us=0 present_max_us=0 tick_max_us=938 producer_failures=0 presentation_failures=0
[18:44:54] TINYDRAW_LIVE_FILL_DONE zoom=200 x=1288 y=1606 revision=152
[18:44:54] TINYDRAW_LIVE_PRESENT kind=zoom zoom=400 x=2760 y=3398 compose_us=31264 scroll_us=0 exposed_compose_us=0 chrome_us=0 read_submit_us=38065 read_complete_us=38876 transfer_wait_us=19935 tile_pixels=153472 uniform_pixels=11392 overview_pixels=0 fallback_pixels=0 resident_tiles=48 fallback_tiles=0 pushes=21 tear_wait_us=5925 tear_sync=1 frame_reused=0 pass=1
[18:44:54] TINYDRAW_FILL_BASELINE result=complete zoom=400 x=2760 y=3398 revision=152 steps=1 wall_us=2030 compute_total_us=1984 compute_max_us=1984 present_total_us=0 present_max_us=0 tick_max_us=2005 producer_failures=0 presentation_failures=0
[18:44:54] TINYDRAW_LIVE_FILL_DONE zoom=400 x=2760 y=3398 revision=152
[18:44:55] TINYDRAW_LIVE_PRESENT kind=zoom zoom=25 x=0 y=0 compose_us=35528 scroll_us=0 exposed_compose_us=0 chrome_us=0 read_submit_us=53125 read_complete_us=53928 transfer_wait_us=19875 tile_pixels=0 uniform_pixels=0 overview_pixels=164864 fallback_pixels=0 resident_tiles=0 fallback_tiles=0 pushes=21 tear_wait_us=16730 tear_sync=1 frame_reused=0 pass=1
[18:44:56] TINYDRAW_LIVE_PRESENT kind=zoom zoom=50 x=184 y=262 compose_us=29528 scroll_us=0 exposed_compose_us=0 chrome_us=0 read_submit_us=33277 read_complete_us=34081 transfer_wait_us=19723 tile_pixels=162656 uniform_pixels=2208 overview_pixels=0 fallback_pixels=0 resident_tiles=56 fallback_tiles=0 pushes=21 tear_wait_us=2863 tear_sync=1 frame_reused=0 pass=1
[18:44:56] TINYDRAW_FILL_BASELINE result=complete zoom=50 x=184 y=262 revision=152 steps=1 wall_us=1552 compute_total_us=1504 compute_max_us=1504 present_total_us=0 present_max_us=0 tick_max_us=1526 producer_failures=0 presentation_failures=0
[18:44:56] TINYDRAW_LIVE_FILL_DONE zoom=50 x=184 y=262 revision=152
[18:44:56] TINYDRAW_LIVE_PRESENT kind=zoom zoom=100 x=552 y=710 compose_us=29136 scroll_us=0 exposed_compose_us=0 chrome_us=0 read_submit_us=31361 read_complete_us=32165 transfer_wait_us=19639 tile_pixels=164480 uniform_pixels=384 overview_pixels=0 fallback_pixels=0 resident_tiles=56 fallback_tiles=0 pushes=21 tear_wait_us=1394 tear_sync=1 frame_reused=0 pass=1
[18:44:56] TINYDRAW_FILL_BASELINE result=complete zoom=100 x=552 y=710 revision=152 steps=1 wall_us=1291 compute_total_us=1248 compute_max_us=1248 present_total_us=0 present_max_us=0 tick_max_us=1266 producer_failures=0 presentation_failures=0
[18:44:56] TINYDRAW_LIVE_FILL_DONE zoom=100 x=552 y=710 revision=152
[18:44:56] TINYDRAW_LIVE_PRESENT kind=zoom zoom=200 x=1288 y=1606 compose_us=28401 scroll_us=0 exposed_compose_us=0 chrome_us=0 read_submit_us=29495 read_complete_us=30299 transfer_wait_us=19505 tile_pixels=164864 uniform_pixels=0 overview_pixels=0 fallback_pixels=0 resident_tiles=48 fallback_tiles=0 pushes=21 tear_wait_us=240 tear_sync=1 frame_reused=0 pass=1
[18:44:56] TINYDRAW_FILL_BASELINE result=complete zoom=200 x=1288 y=1606 revision=152 steps=1 wall_us=969 compute_total_us=926 compute_max_us=926 present_total_us=0 present_max_us=0 tick_max_us=945 producer_failures=0 presentation_failures=0
[18:44:56] TINYDRAW_LIVE_FILL_DONE zoom=200 x=1288 y=1606 revision=152
[18:44:56] TINYDRAW_LIVE_PRESENT kind=zoom zoom=400 x=2760 y=3398 compose_us=31269 scroll_us=0 exposed_compose_us=0 chrome_us=0 read_submit_us=46319 read_complete_us=47123 transfer_wait_us=19681 tile_pixels=153472 uniform_pixels=11392 overview_pixels=0 fallback_pixels=0 resident_tiles=48 fallback_tiles=0 pushes=21 tear_wait_us=14217 tear_sync=1 frame_reused=0 pass=1
[18:44:56] TINYDRAW_FILL_BASELINE result=complete zoom=400 x=2760 y=3398 revision=152 steps=1 wall_us=2003 compute_total_us=1957 compute_max_us=1957 present_total_us=0 present_max_us=0 tick_max_us=1977 producer_failures=0 presentation_failures=0
[18:44:56] TINYDRAW_LIVE_FILL_DONE zoom=400 x=2760 y=3398 revision=152
[18:44:57] TINYDRAW_LIVE_PRESENT kind=zoom zoom=25 x=0 y=0 compose_us=35508 scroll_us=0 exposed_compose_us=0 chrome_us=0 read_submit_us=43273 read_complete_us=44077 transfer_wait_us=19727 tile_pixels=0 uniform_pixels=0 overview_pixels=164864 fallback_pixels=0 resident_tiles=0 fallback_tiles=0 pushes=21 tear_wait_us=6910 tear_sync=1 frame_reused=0 pass=1
[18:44:57] TINYDRAW_LIVE_PRESENT kind=zoom zoom=50 x=184 y=262 compose_us=29532 scroll_us=0 exposed_compose_us=0 chrome_us=0 read_submit_us=42225 read_complete_us=43029 transfer_wait_us=19775 tile_pixels=162656 uniform_pixels=2208 overview_pixels=0 fallback_pixels=0 resident_tiles=56 fallback_tiles=0 pushes=21 tear_wait_us=11819 tear_sync=1 frame_reused=0 pass=1
[18:44:57] TINYDRAW_FILL_BASELINE result=complete zoom=50 x=184 y=262 revision=152 steps=1 wall_us=1570 compute_total_us=1526 compute_max_us=1526 present_total_us=0 present_max_us=0 tick_max_us=1546 producer_failures=0 presentation_failures=0
[18:44:57] TINYDRAW_LIVE_FILL_DONE zoom=50 x=184 y=262 revision=152
[18:44:59] TINYDRAW_LIVE_PRESENT kind=zoom zoom=100 x=552 y=710 compose_us=29138 scroll_us=0 exposed_compose_us=0 chrome_us=0 read_submit_us=32353 read_complete_us=33157 transfer_wait_us=19647 tile_pixels=164480 uniform_pixels=384 overview_pixels=0 fallback_pixels=0 resident_tiles=56 fallback_tiles=0 pushes=21 tear_wait_us=2389 tear_sync=1 frame_reused=0 pass=1
[18:44:59] TINYDRAW_FILL_BASELINE result=complete zoom=100 x=552 y=710 revision=152 steps=1 wall_us=1285 compute_total_us=1242 compute_max_us=1242 present_total_us=0 present_max_us=0 tick_max_us=1260 producer_failures=0 presentation_failures=0
[18:44:59] TINYDRAW_LIVE_FILL_DONE zoom=100 x=552 y=710 revision=152
[18:45:00] TINYDRAW_LIVE_PRESENT kind=zoom zoom=200 x=1288 y=1606 compose_us=28404 scroll_us=0 exposed_compose_us=0 chrome_us=0 read_submit_us=43591 read_complete_us=44390 transfer_wait_us=19409 tile_pixels=164864 uniform_pixels=0 overview_pixels=0 fallback_pixels=0 resident_tiles=48 fallback_tiles=0 pushes=21 tear_wait_us=14351 tear_sync=1 frame_reused=0 pass=1
[18:45:00] TINYDRAW_FILL_BASELINE result=complete zoom=200 x=1288 y=1606 revision=152 steps=1 wall_us=963 compute_total_us=919 compute_max_us=919 present_total_us=0 present_max_us=0 tick_max_us=938 producer_failures=0 presentation_failures=0
[18:45:00] TINYDRAW_LIVE_FILL_DONE zoom=200 x=1288 y=1606 revision=152
[18:45:02] TINYDRAW_LIVE_PRESENT kind=chrome zoom=200 x=1288 y=1606 compose_us=39061 scroll_us=0 exposed_compose_us=0 chrome_us=0 read_submit_us=56296 read_complete_us=57100 transfer_wait_us=19666 tile_pixels=164864 uniform_pixels=0 overview_pixels=0 fallback_pixels=0 resident_tiles=48 fallback_tiles=0 pushes=21 tear_wait_us=16431 tear_sync=1 frame_reused=0 pass=1
[18:45:04] TINYDRAW_PAN_BASELINE zoom=200 x=1500 y=1794 frames=13 reused=1 compose_avg_us=37896 compose_max_us=40570 present_avg_us=19748 present_max_us=20173 tear_wait_avg_us=5664 tear_wait_max_us=13674 failures=0
[18:45:04] TINYDRAW_PAN_BASELINE zoom=200 x=1737 y=1941 frames=5 reused=0 compose_avg_us=38613 compose_max_us=40269 present_avg_us=19632 present_max_us=19960 tear_wait_avg_us=5673 tear_wait_max_us=7084 failures=0
[18:45:05] TINYDRAW_PAN_BASELINE zoom=200 x=1892 y=2003 frames=3 reused=0 compose_avg_us=37907 compose_max_us=38111 present_avg_us=19910 present_max_us=20124 tear_wait_avg_us=5936 tear_wait_max_us=6319 failures=0
[18:45:05] TINYDRAW_LIVE_PRESENT kind=chrome zoom=200 x=1892 y=2003 compose_us=27594 scroll_us=0 exposed_compose_us=0 chrome_us=0 read_submit_us=36844 read_complete_us=37647 transfer_wait_us=20116 tile_pixels=0 uniform_pixels=0 overview_pixels=0 fallback_pixels=164864 resident_tiles=0 fallback_tiles=56 pushes=21 tear_wait_us=8401 tear_sync=1 frame_reused=0 pass=1
[18:45:06] TINYDRAW_FILL_BASELINE result=complete zoom=200 x=1892 y=2003 revision=152 steps=99 wall_us=429819 compute_total_us=337586 compute_max_us=10427 present_total_us=78868 present_max_us=8886 tick_max_us=12552 producer_failures=0 presentation_failures=0
[18:45:06] TINYDRAW_LIVE_FILL_DONE zoom=200 x=1892 y=2003 revision=152
[18:45:16] TINYDRAW_PAN_BASELINE zoom=200 x=1937 y=2266 frames=6 reused=1 compose_avg_us=29563 compose_max_us=31652 present_avg_us=19713 present_max_us=20103 tear_wait_avg_us=11906 tear_wait_max_us=15543 failures=0
[18:45:17] TINYDRAW_PAN_BASELINE zoom=200 x=1929 y=2471 frames=4 reused=0 compose_avg_us=29057 compose_max_us=29915 present_avg_us=19731 present_max_us=20107 tear_wait_avg_us=14095 tear_wait_max_us=16477 failures=0
[18:45:17] TINYDRAW_FILL_BASELINE result=superseded zoom=200 x=1937 y=2266 revision=152 steps=12 wall_us=353011 compute_total_us=54633 compute_max_us=10229 present_total_us=15569 present_max_us=5973 tick_max_us=10480 producer_failures=0 presentation_failures=0
[18:45:17] TINYDRAW_PAN_BASELINE zoom=200 x=1893 y=2705 frames=4 reused=0 compose_avg_us=27850 compose_max_us=28058 present_avg_us=19755 present_max_us=20133 tear_wait_avg_us=7997 tear_wait_max_us=16474 failures=0
[18:45:17] TINYDRAW_FILL_BASELINE result=superseded zoom=200 x=1929 y=2471 revision=152 steps=9 wall_us=315119 compute_total_us=41436 compute_max_us=8048 present_total_us=24012 present_max_us=8038 tick_max_us=8188 producer_failures=0 presentation_failures=0
[18:45:18] TINYDRAW_PAN_BASELINE zoom=200 x=1983 y=2521 frames=9 reused=0 compose_avg_us=25570 compose_max_us=27092 present_avg_us=19796 present_max_us=20216 tear_wait_avg_us=3322 tear_wait_max_us=12248 failures=0
[18:45:18] TINYDRAW_FILL_BASELINE result=superseded zoom=200 x=1893 y=2705 revision=152 steps=19 wall_us=600447 compute_total_us=72026 compute_max_us=6103 present_total_us=43001 present_max_us=8119 tick_max_us=6216 producer_failures=0 presentation_failures=0
[18:45:22] TINYDRAW_PAN_BASELINE zoom=200 x=1993 y=2532 frames=89 reused=0 compose_avg_us=26729 compose_max_us=28519 present_avg_us=19721 present_max_us=20179 tear_wait_avg_us=3803 tear_wait_max_us=16775 failures=0
[18:45:22] TINYDRAW_FILL_BASELINE result=superseded zoom=200 x=1983 y=2521 revision=152 steps=10 wall_us=4891467 compute_total_us=52338 compute_max_us=10396 present_total_us=17478 present_max_us=9048 tick_max_us=10645 producer_failures=0 presentation_failures=0
[18:45:22] TINYDRAW_FILL_BASELINE result=complete zoom=200 x=1993 y=2532 revision=152 steps=12 wall_us=44015 compute_total_us=32880 compute_max_us=5236 present_total_us=7700 present_max_us=3507 tick_max_us=5258 producer_failures=0 presentation_failures=0
[18:45:22] TINYDRAW_LIVE_FILL_DONE zoom=200 x=1993 y=2532 revision=152
[18:45:24] TINYDRAW_PAN_BASELINE zoom=200 x=1796 y=2397 frames=22 reused=0 compose_avg_us=28361 compose_max_us=31498 present_avg_us=19621 present_max_us=20150 tear_wait_avg_us=10840 tear_wait_max_us=16716 failures=0
[18:45:27] TINYDRAW_PAN_BASELINE zoom=200 x=1838 y=2105 frames=41 reused=2 compose_avg_us=28976 compose_max_us=31863 present_avg_us=19682 present_max_us=20157 tear_wait_avg_us=13097 tear_wait_max_us=16658 failures=0
[18:45:27] TINYDRAW_FILL_BASELINE result=superseded zoom=200 x=1796 y=2397 revision=152 steps=17 wall_us=2809078 compute_total_us=58666 compute_max_us=8033 present_total_us=22684 present_max_us=8474 tick_max_us=9467 producer_failures=0 presentation_failures=0
[18:45:27] TINYDRAW_FILL_BASELINE result=complete zoom=200 x=1838 y=2105 revision=152 steps=18 wall_us=54173 compute_total_us=45954 compute_max_us=7095 present_total_us=4461 present_max_us=1777 tick_max_us=7120 producer_failures=0 presentation_failures=0
[18:45:27] TINYDRAW_LIVE_FILL_DONE zoom=200 x=1838 y=2105 revision=152
[18:45:28] TINYDRAW_PAN_BASELINE zoom=200 x=1895 y=1733 frames=4 reused=0 compose_avg_us=30574 compose_max_us=31626 present_avg_us=19811 present_max_us=20013 tear_wait_avg_us=14071 tear_wait_max_us=15485 failures=0
[18:45:28] TINYDRAW_PAN_BASELINE zoom=200 x=2037 y=1439 frames=4 reused=0 compose_avg_us=29241 compose_max_us=30630 present_avg_us=19713 present_max_us=20048 tear_wait_avg_us=14422 tear_wait_max_us=16297 failures=0
[18:45:28] TINYDRAW_FILL_BASELINE result=superseded zoom=200 x=1895 y=1733 revision=152 steps=34 wall_us=420017 compute_total_us=108997 compute_max_us=10249 present_total_us=31590 present_max_us=9489 tick_max_us=12677 producer_failures=0 presentation_failures=0
[18:45:29] TINYDRAW_PAN_BASELINE zoom=200 x=2184 y=1151 frames=12 reused=0 compose_avg_us=28124 compose_max_us=29311 present_avg_us=19677 present_max_us=20091 tear_wait_avg_us=11326 tear_wait_max_us=16810 failures=0
[18:45:29] TINYDRAW_FILL_BASELINE result=superseded zoom=200 x=2037 y=1439 revision=152 steps=10 wall_us=837162 compute_total_us=44479 compute_max_us=10413 present_total_us=18053 present_max_us=9047 tick_max_us=12902 producer_failures=0 presentation_failures=0
[18:45:29] TINYDRAW_FILL_BASELINE result=complete zoom=200 x=2184 y=1151 revision=152 steps=66 wall_us=350097 compute_total_us=266374 compute_max_us=10385 present_total_us=74471 present_max_us=9155 tick_max_us=12524 producer_failures=0 presentation_failures=0
[18:45:29] TINYDRAW_LIVE_FILL_DONE zoom=200 x=2184 y=1151 revision=152
[18:45:30] TINYDRAW_PAN_BASELINE zoom=200 x=2123 y=1345 frames=4 reused=0 compose_avg_us=31229 compose_max_us=31318 present_avg_us=19695 present_max_us=19869 tear_wait_avg_us=10091 tear_wait_max_us=13455 failures=0
[18:45:30] TINYDRAW_FILL_BASELINE result=complete zoom=200 x=2123 y=1345 revision=152 steps=51 wall_us=183960 compute_total_us=149800 compute_max_us=10014 present_total_us=26541 present_max_us=5058 tick_max_us=11599 producer_failures=0 presentation_failures=0
[18:45:30] TINYDRAW_LIVE_FILL_DONE zoom=200 x=2123 y=1345 revision=152
[18:45:30] TINYDRAW_PAN_BASELINE zoom=200 x=2044 y=1608 frames=4 reused=0 compose_avg_us=31794 compose_max_us=32675 present_avg_us=19623 present_max_us=20041 tear_wait_avg_us=13493 tear_wait_max_us=15124 failures=0
[18:45:31] TINYDRAW_FILL_BASELINE result=complete zoom=200 x=2044 y=1608 revision=152 steps=38 wall_us=129997 compute_total_us=109947 compute_max_us=10182 present_total_us=14691 present_max_us=4130 tick_max_us=10193 producer_failures=0 presentation_failures=0
[18:45:31] TINYDRAW_LIVE_FILL_DONE zoom=200 x=2044 y=1608 revision=152
[18:45:31] TINYDRAW_PAN_BASELINE zoom=200 x=2131 y=1247 frames=5 reused=0 compose_avg_us=32274 compose_max_us=32890 present_avg_us=19612 present_max_us=19949 tear_wait_avg_us=12853 tear_wait_max_us=13603 failures=0
[18:45:31] TINYDRAW_FILL_BASELINE result=complete zoom=200 x=2131 y=1247 revision=152 steps=23 wall_us=57989 compute_total_us=50077 compute_max_us=6299 present_total_us=4354 present_max_us=2351 tick_max_us=6321 producer_failures=0 presentation_failures=0
[18:45:31] TINYDRAW_LIVE_FILL_DONE zoom=200 x=2131 y=1247 revision=152
[18:45:32] TINYDRAW_PAN_BASELINE zoom=200 x=2095 y=1037 frames=4 reused=1 compose_avg_us=28970 compose_max_us=32142 present_avg_us=19610 present_max_us=19955 tear_wait_avg_us=10513 tear_wait_max_us=13141 failures=0
[18:45:32] TINYDRAW_FILL_BASELINE result=complete zoom=200 x=2095 y=1037 revision=152 steps=40 wall_us=145005 compute_total_us=116296 compute_max_us=9959 present_total_us=22779 present_max_us=5886 tick_max_us=11895 producer_failures=0 presentation_failures=0
[18:45:32] TINYDRAW_LIVE_FILL_DONE zoom=200 x=2095 y=1037 revision=152
[18:45:33] TINYDRAW_PAN_BASELINE zoom=200 x=1990 y=1290 frames=4 reused=0 compose_avg_us=32455 compose_max_us=33995 present_avg_us=19786 present_max_us=20153 tear_wait_avg_us=12889 tear_wait_max_us=15135 failures=0
[18:45:33] TINYDRAW_FILL_BASELINE result=complete zoom=200 x=1990 y=1290 revision=152 steps=25 wall_us=73980 compute_total_us=59215 compute_max_us=5650 present_total_us=11181 present_max_us=3966 tick_max_us=7245 producer_failures=0 presentation_failures=0
[18:45:33] TINYDRAW_LIVE_FILL_DONE zoom=200 x=1990 y=1290 revision=152
[18:45:33] TINYDRAW_PAN_BASELINE zoom=200 x=1909 y=1479 frames=3 reused=0 compose_avg_us=31530 compose_max_us=31647 present_avg_us=19557 present_max_us=19667 tear_wait_avg_us=13629 tear_wait_max_us=15123 failures=0
[18:45:33] TINYDRAW_FILL_BASELINE result=complete zoom=200 x=1909 y=1479 revision=152 steps=60 wall_us=148959 compute_total_us=125481 compute_max_us=6808 present_total_us=19662 present_max_us=5803 tick_max_us=7889 producer_failures=0 presentation_failures=0
[18:45:33] TINYDRAW_LIVE_FILL_DONE zoom=200 x=1909 y=1479 revision=152
[18:45:34] TINYDRAW_PAN_BASELINE zoom=200 x=1868 y=1705 frames=4 reused=2 compose_avg_us=27864 compose_max_us=31288 present_avg_us=19622 present_max_us=19985 tear_wait_avg_us=6160 tear_wait_max_us=13435 failures=0
[18:45:34] TINYDRAW_FILL_BASELINE result=complete zoom=200 x=1868 y=1705 revision=152 steps=1 wall_us=1901 compute_total_us=1853 compute_max_us=1853 present_total_us=0 present_max_us=0 tick_max_us=1877 producer_failures=0 presentation_failures=0
[18:45:34] TINYDRAW_LIVE_FILL_DONE zoom=200 x=1868 y=1705 revision=152
[18:45:44] TINYDRAW_LIVE_PRESENT kind=chrome zoom=200 x=1868 y=1705 compose_us=42306 scroll_us=0 exposed_compose_us=0 chrome_us=0 read_submit_us=54281 read_complete_us=55085 transfer_wait_us=19680 tile_pixels=141056 uniform_pixels=23808 overview_pixels=0 fallback_pixels=0 resident_tiles=48 fallback_tiles=0 pushes=21 tear_wait_us=11180 tear_sync=1 frame_reused=0 pass=1
[18:45:45] TINYDRAW_V2_EXPORT_PROGRESS row=0 of=1792
[18:45:46] TINYDRAW_V2_EXPORT_PROGRESS row=256 of=1792
[18:45:47] TINYDRAW_V2_EXPORT_PROGRESS row=512 of=1792
[18:45:49] TINYDRAW_V2_EXPORT_PROGRESS row=768 of=1792
[18:45:51] TINYDRAW_V2_EXPORT_PROGRESS row=1024 of=1792
[18:45:52] E (471479) task_wdt: Task watchdog got triggered. The following tasks/users did not reset the watchdog in time:
[18:45:52] E (471479) task_wdt:  - IDLE0 (CPU 0)
[18:45:52] E (471479) task_wdt: Tasks currently running:
[18:45:52] E (471479) task_wdt: CPU 0: main
[18:45:52] E (471479) task_wdt: CPU 1: IDLE1
[18:45:52] E (471479) task_wdt: Print CPU 0 (current core) backtrace
[18:45:52] 
[18:45:52] 
[18:45:52] Backtrace: 0x4202A279:0x3FC95A10 0x403787AD:0x3FC95A50 0x4202F018:0x3FC9BE20 0x42014FF3:0x3FC9BE80 0x42015326:0x3FC9BEC0 0x4201281D:0x3FC9BEE0 0x420111AD:0x3FC9BF40 0x420113C9:0x3FC9BFF0 0x4200F668:0x3FC9C020 0x4200D849:0x3FC9C090 0x4200F58F:0x3FC9D300 0x42007A12:0x3FC9D320
[18:45:52] 
[18:45:52] TINYDRAW_V2_EXPORT_PROGRESS row=1280 of=1792
[18:45:53] TINYDRAW_V2_EXPORT_PROGRESS row=1536 of=1792
