=== RUN 1 ===
[16:15:49] ESP-ROM:esp32s3-20210327
[16:15:49] Build:Mar 27 2021
[16:15:49] rst:0x15 (USB_UART_CHIP_RESET),boot:0x2b (SPI_FAST_FLASH_BOOT)
[16:15:49] Saved PC:0x4201a057
[16:15:49] SPIWP:0xee
[16:15:49] mode:DIO, clock div:1
[16:15:49] load:0x3fce2820,len:0x1664
[16:15:49] load:0x403c8700,len:0xf38
[16:15:49] load:0x403cb700,len:0x31e8
[16:15:49] entry 0x403c8930
[16:15:49] I (24) boot: ESP-IDF v6.0.2 2nd stage bootloader
[16:15:49] I (24) boot: compile time Aug 14 2026 16:13:20
[16:15:49] I (25) boot: Multicore bootloader
[16:15:49] I (25) boot: chip revision: v0.2
[16:15:49] I (28) boot: efuse block revision: v1.3
[16:15:49] I (31) qio_mode: Enabling default flash chip QIO
[16:15:49] I (36) boot.esp32s3: Boot SPI Speed : 80MHz
[16:15:49] I (39) boot.esp32s3: SPI Mode       : QIO
[16:15:49] I (43) boot.esp32s3: SPI Flash Size : 16MB
[16:15:49] I (47) boot: Enabling RNG early entropy source...
[16:15:49] I (51) boot: Partition Table:
[16:15:49] I (54) boot: ## Label            Usage          Type ST Offset   Length
[16:15:49] I (60) boot:  0 nvs              WiFi data        01 02 00009000 00006000
[16:15:49] I (67) boot:  1 phy_init         RF data          01 01 0000f000 00001000
[16:15:49] I (73) boot:  2 factory          factory app      00 00 00010000 00100000
[16:15:49] I (80) boot:  3 drawing          Unknown data     01 40 00110000 00300000
[16:15:49] I (86) boot:  4 export           Unknown data     01 41 00410000 00500000
[16:15:49] I (93) boot:  5 coredump         Unknown data     01 03 00910000 00010000
[16:15:49] I (100) boot: End of partition table
[16:15:49] I (103) esp_image: segment 0: paddr=00010020 vaddr=3c040020 size=0fa04h ( 64004) map
[16:15:49] I (120) esp_image: segment 1: paddr=0001fa2c vaddr=3fc93e00 size=005ech (  1516) load
[16:15:49] I (121) esp_image: segment 2: paddr=00020020 vaddr=42000020 size=32790h (206736) map
[16:15:49] I (157) esp_image: segment 3: paddr=000527b8 vaddr=3fc943ec size=03038h ( 12344) load
[16:15:49] I (160) esp_image: segment 4: paddr=000557f8 vaddr=40374000 size=0fd1ch ( 64796) load
[16:15:49] I (174) esp_image: segment 5: paddr=0006551c vaddr=50000000 size=00024h (    36) load
[16:15:49] I (181) boot: Loaded app from partition at offset 0x10000
[16:15:49] I (181) boot: Disabling RNG early entropy source...
[16:15:49] I (192) octal_psram: vendor id    : 0x0d (AP)
[16:15:49] I (192) octal_psram: dev id       : 0x02 (generation 3)
[16:15:49] I (192) octal_psram: density      : 0x03 (64 Mbit)
[16:15:49] I (194) octal_psram: good-die     : 0x01 (Pass)
[16:15:49] I (198) octal_psram: Latency      : 0x01 (Fixed)
[16:15:49] I (203) octal_psram: VCC          : 0x01 (3V)
[16:15:49] I (207) octal_psram: SRF          : 0x01 (Fast Refresh)
[16:15:49] I (212) octal_psram: BurstType    : 0x01 (Hybrid Wrap)
[16:15:49] I (217) octal_psram: BurstLen     : 0x01 (32 Byte)
[16:15:49] I (221) octal_psram: Readlatency  : 0x02 (10 cycles@Fixed)
[16:15:49] I (226) octal_psram: DriveStrength: 0x00 (1/1)
[16:15:49] I (231) MSPI Timing: Enter psram timing tuning
[16:15:49] I (235) esp_psram: Found 8MB PSRAM device
[16:15:49] I (238) esp_psram: Speed: 80MHz
[16:15:49] I (241) cpu_start: Multicore app
[16:15:49] I (657) esp_psram: SPI SRAM memory test OK
[16:15:49] I (666) cpu_start: GPIO 44 and 43 are used as console UART I/O pins
[16:15:49] I (666) cpu_start: Pro cpu start user code
[16:15:49] I (666) cpu_start: cpu freq: 240000000 Hz
[16:15:49] I (668) app_init: Application information:
[16:15:49] I (672) app_init: Project name:     tinydraw_esp32
[16:15:49] I (676) app_init: App version:      092f2a3-dirty
[16:15:49] I (681) app_init: Compile time:     Aug 14 2026 16:13:14
[16:15:49] I (686) app_init: ELF file SHA256:  756a2e4bd...
[16:15:49] I (690) app_init: ESP-IDF:          v6.0.2
[16:15:49] I (694) efuse_init: Min chip rev:     v0.0
[16:15:49] I (698) efuse_init: Max chip rev:     v0.99 
[16:15:49] I (702) efuse_init: Chip rev:         v0.2
[16:15:50] I (706) heap_init: Initializing. RAM available for dynamic allocation:
[16:15:50] I (712) heap_init: At 3FC97EF0 len 00051820 (326 KiB): RAM
[16:15:50] I (717) heap_init: At 3FCE9710 len 00005724 (21 KiB): RAM
[16:15:50] I (722) heap_init: At 3FCF0000 len 00008000 (32 KiB): DRAM
[16:15:50] I (727) heap_init: At 600FE000 len 00001FE8 (7 KiB): RTCRAM
[16:15:50] I (733) esp_psram: Adding pool of 8192K of PSRAM memory to heap allocator
[16:15:50] I (740) spi_flash: detected chip: generic
[16:15:50] I (743) spi_flash: flash io: qio
[16:15:50] I (746) sleep_gpio: Configure to isolate all GPIO pins in sleep state
[16:15:50] I (752) sleep_gpio: Enable automatic switching of GPIO sleep configuration
[16:15:50] I (759) main_task: Started on CPU0
[16:15:50] I (762) main_task: Calling app_main()
[16:15:50] TINYDRAW_PANEL_HARD_RESET=1
[16:15:50] I (959) co5300: version: 2.1.0
[16:15:50] I (960) co5300_spi: LCD panel create success, version: 2.1.0
[16:15:50] W (1040) co5300_spi: The 3Ah command has been used and will be overwritten by external initialization sequence
[16:15:50] I (1141) CST816S: IC id: 183
[16:15:50] TINYDRAW_LIVE_PRESENT kind=startup zoom=25 x=0 y=0 compose_us=35137 scroll_us=0 exposed_compose_us=0 chrome_us=0 read_submit_us=0 read_complete_us=0 transfer_wait_us=19614 tile_pixels=0 uniform_pixels=0 overview_pixels=164864 fallback_pixels=0 resident_tiles=0 fallback_tiles=0 pushes=21 tear_wait_us=10216 tear_sync=1 frame_reused=0 pass=1
[16:15:50] TINYDRAW_LIVE_STRESS operations=1000 samples=20000 total_us=469492 average_us=469 maximum_us=868 free_psram=3042440 largest_psram=3014656
[16:15:51] TINYDRAW_LIVE_PRESENT kind=gate_fallback zoom=100 x=0 y=0 compose_us=23694 scroll_us=0 exposed_compose_us=0 chrome_us=0 read_submit_us=28751 read_complete_us=29552 transfer_wait_us=19512 tile_pixels=0 uniform_pixels=0 overview_pixels=0 fallback_pixels=164864 resident_tiles=0 fallback_tiles=42 pushes=21 tear_wait_us=4210 tear_sync=1 frame_reused=0 pass=1
[16:15:51] TINYDRAW_GATE1_HARD zoom=100 cold=1 operations=1000 samples=20000 steps=192 tiles=42 scanned=12000 rendered=1659 max_supertask_us=8962 presentation_us=62967 total_us=259731 pass=1
[16:15:51] TINYDRAW_LIVE_PRESENT kind=gate_fallback zoom=400 x=0 y=0 compose_us=22969 scroll_us=0 exposed_compose_us=0 chrome_us=0 read_submit_us=30384 read_complete_us=31176 transfer_wait_us=20210 tile_pixels=0 uniform_pixels=0 overview_pixels=0 fallback_pixels=164864 resident_tiles=0 fallback_tiles=42 pushes=21 tear_wait_us=6575 tear_sync=1 frame_reused=0 pass=1
[16:15:51] TINYDRAW_GATE1_HARD zoom=400 cold=1 operations=1000 samples=20000 steps=196 tiles=42 scanned=12000 rendered=120 max_supertask_us=8336 presentation_us=62553 total_us=195819 pass=1
[16:15:52] TINYDRAW_OVERLAP_WORKLOAD operations=8 samples=1200 radius_world=80
[16:15:52] TINYDRAW_GATE1_PACED_COLD corpus=overlap zoom=50 x=215 y=255 steps=334 tiles=56 compute_us=363109 present_us=76461 touch_us=1371 pacing_us=25002 wall_us=465943 max_tick_us=8999 touch_samples=2175 touch_interval_max_us=1933 touch_read_max_us=569 touch_events=0 touch_down=0 touch_up=0 touch_events_ge_8ms=0 touch_event_age_max_us=0 touch_errors=0 touch_overflows=0 pass=1
[16:15:52] TINYDRAW_GATE1_PACED_COLD corpus=overlap zoom=100 x=583 y=703 steps=172 tiles=48 compute_us=223715 present_us=73564 touch_us=751 pacing_us=14947 wall_us=312977 max_tick_us=8647 touch_samples=385 touch_interval_max_us=1826 touch_read_max_us=545 touch_events=0 touch_down=0 touch_up=0 touch_events_ge_8ms=0 touch_event_age_max_us=0 touch_errors=0 touch_overflows=0 pass=1
[16:15:53] TINYDRAW_GATE1_PACED_COLD corpus=overlap zoom=200 x=1319 y=1599 steps=128 tiles=56 compute_us=224090 present_us=75236 touch_us=623 pacing_us=11008 wall_us=310957 max_tick_us=8611 touch_samples=385 touch_interval_max_us=1149 touch_read_max_us=446 touch_events=0 touch_down=0 touch_up=0 touch_events_ge_8ms=0 touch_event_age_max_us=0 touch_errors=0 touch_overflows=0 pass=1
[16:15:53] TINYDRAW_GATE1_PACED_COLD corpus=overlap zoom=400 x=2791 y=3391 steps=94 tiles=56 compute_us=209071 present_us=71094 touch_us=560 pacing_us=7251 wall_us=287976 max_tick_us=8221 touch_samples=363 touch_interval_max_us=1153 touch_read_max_us=455 touch_events=0 touch_down=0 touch_up=0 touch_events_ge_8ms=0 touch_event_age_max_us=0 touch_errors=0 touch_overflows=0 pass=1
[16:15:53] TINYDRAW_ADVERSARIAL_TAPERED_WORKLOAD operations=128 samples=4096 erasers=12 load_us=221802 appended=1
[16:15:54] TINYDRAW_GATE1_PACED_COLD corpus=adversarial_tapered_4x zoom=50 x=0 y=0 steps=104 tiles=42 compute_us=93309 present_us=55066 touch_us=501 pacing_us=9100 wall_us=157976 max_tick_us=6925 touch_samples=492 touch_interval_max_us=1166 touch_read_max_us=432 touch_events=0 touch_down=0 touch_up=0 touch_events_ge_8ms=0 touch_event_age_max_us=0 touch_errors=0 touch_overflows=0 pass=1
[16:15:54] TINYDRAW_GATE1_PACED_COLD corpus=adversarial_tapered_4x zoom=100 x=0 y=0 steps=348 tiles=42 compute_us=156821 present_us=53731 touch_us=1109 pacing_us=25288 wall_us=236949 max_tick_us=7387 touch_samples=314 touch_interval_max_us=1141 touch_read_max_us=401 touch_events=0 touch_down=0 touch_up=0 touch_events_ge_8ms=0 touch_event_age_max_us=0 touch_errors=0 touch_overflows=0 pass=1
[16:15:55] TINYDRAW_GATE1_PACED_COLD corpus=adversarial_tapered_4x zoom=200 x=0 y=0 steps=1214 tiles=42 compute_us=441941 present_us=57732 touch_us=3655 pacing_us=91649 wall_us=594977 max_tick_us=7749 touch_samples=678 touch_interval_max_us=1175 touch_read_max_us=447 touch_events=0 touch_down=0 touch_up=0 touch_events_ge_8ms=0 touch_event_age_max_us=0 touch_errors=0 touch_overflows=0 pass=1
[16:15:55] TINYDRAW_GATE1_PACED_COLD corpus=adversarial_tapered_4x zoom=400 x=0 y=0 steps=904 tiles=42 compute_us=545333 present_us=60655 touch_us=2961 pacing_us=64944 wall_us=673893 max_tick_us=7999 touch_samples=752 touch_interval_max_us=1142 touch_read_max_us=426 touch_events=0 touch_down=0 touch_up=0 touch_events_ge_8ms=0 touch_event_age_max_us=0 touch_errors=0 touch_overflows=0 pass=1
[16:15:56] TINYDRAW_GATE1_WORKLOAD kind=realistic seed=7 operations=1000 samples=19844 maximum_stroke=198 load_us=376572 raw_source=1 lod_copies=0
[16:15:56] TINYDRAW_GATE1_PACED_COLD corpus=seed7 zoom=400 x=63 y=63 steps=281 tiles=56 compute_us=264071 present_us=79234 touch_us=952 pacing_us=19723 wall_us=363980 max_tick_us=10727 touch_samples=934 touch_interval_max_us=1631 touch_read_max_us=470 touch_events=0 touch_down=0 touch_up=0 touch_events_ge_8ms=0 touch_event_age_max_us=0 touch_errors=0 touch_overflows=0 pass=1
[16:15:56] TINYDRAW_LIVE_PRESENT kind=gate_fallback zoom=100 x=0 y=0 compose_us=23998 scroll_us=0 exposed_compose_us=0 chrome_us=0 read_submit_us=32386 read_complete_us=33187 transfer_wait_us=19373 tile_pixels=0 uniform_pixels=0 overview_pixels=0 fallback_pixels=164864 resident_tiles=0 fallback_tiles=42 pushes=21 tear_wait_us=7543 tear_sync=1 frame_reused=0 pass=1
[16:15:58] TINYDRAW_GATE1_HARD zoom=100 cold=1 operations=1000 samples=19844 steps=275 tiles=42 scanned=12000 rendered=5232 max_supertask_us=9076 presentation_us=61818 total_us=363549 pass=1
[16:15:58] TINYDRAW_GATE1_PAN zoom=100 from_x=0 from_y=0 to_x=88 to_y=88 compose_us=27545 scroll_us=11395 exposed_compose_us=16150 chrome_us=0 event_submit_us=30847 event_complete_us=31647 transfer_us=20110 setup=1 present=1 moved=1 frame_reused=1 pass=1
[16:15:58] TINYDRAW_LIVE_PRESENT kind=gate_fallback zoom=400 x=0 y=0 compose_us=23178 scroll_us=0 exposed_compose_us=0 chrome_us=0 read_submit_us=36737 read_complete_us=37538 transfer_wait_us=19723 tile_pixels=0 uniform_pixels=0 overview_pixels=0 fallback_pixels=164864 resident_tiles=0 fallback_tiles=42 pushes=21 tear_wait_us=12614 tear_sync=1 frame_reused=0 pass=1
[16:15:58] TINYDRAW_GATE1_HARD zoom=400 cold=1 operations=1000 samples=19844 steps=211 tiles=42 scanned=12000 rendered=591 max_supertask_us=10684 presentation_us=61894 total_us=253907 pass=1
[16:15:58] TINYDRAW_GATE1_PAN zoom=400 from_x=0 from_y=0 to_x=88 to_y=88 compose_us=27422 scroll_us=11382 exposed_compose_us=16040 chrome_us=0 event_submit_us=30309 event_complete_us=31110 transfer_us=19646 setup=1 present=1 moved=1 frame_reused=1 pass=1
[16:15:58] TINYDRAW_GATE1_DRAW_FILL zoom=400 revision=2140 append_us=1186 poll_gap_us=89 event_submit_us=2336 event_complete_us=2512 max_compute_slice_us=4790 max_display_slice_us=10675 fill_us=249243 revision_restarted=1 pass=1
=== RUN 2 ===
[16:16:03] TINYDRAW_GATE1_LONG_GESTURE path=reference samples=1600 chunks=2ESP-ROM:esp32s3-20210327
[16:16:03] Build:Mar 27 2021
[16:16:03] rst:0x15 (USB_UART_CHIP_RESET),boot:0x2b (SPI_FAST_FLASH_BOOT)
[16:16:03] Saved PC:0x4037b7d6
[16:16:03] SPIWP:0xee
[16:16:03] mode:DIO, clock div:1
[16:16:03] load:0x3fce2820,len:0x1664
[16:16:03] load:0x403c8700,len:0xf38
[16:16:03] load:0x403cb700,len:0x31e8
[16:16:03] entry 0x403c8930
[16:16:03] I (24) boot: ESP-IDF v6.0.2 2nd stage bootloader
[16:16:03] I (24) boot: compile time Aug 14 2026 16:13:20
[16:16:03] I (25) boot: Multicore bootloader
[16:16:03] I (25) boot: chip revision: v0.2
[16:16:03] I (28) boot: efuse block revision: v1.3
[16:16:03] I (31) qio_mode: Enabling default flash chip QIO
[16:16:03] I (36) boot.esp32s3: Boot SPI Speed : 80MHz
[16:16:03] I (39) boot.esp32s3: SPI Mode       : QIO
[16:16:03] I (43) boot.esp32s3: SPI Flash Size : 16MB
[16:16:03] I (47) boot: Enabling RNG early entropy source...
[16:16:03] I (51) boot: Partition Table:
[16:16:03] I (54) boot: ## Label            Usage          Type ST Offset   Length
[16:16:03] I (60) boot:  0 nvs              WiFi data        01 02 00009000 00006000
[16:16:03] I (67) boot:  1 phy_init         RF data          01 01 0000f000 00001000
[16:16:03] I (73) boot:  2 factory          factory app      00 00 00010000 00100000
[16:16:03] I (80) boot:  3 drawing          Unknown data     01 40 00110000 00300000
[16:16:03] I (86) boot:  4 export           Unknown data     01 41 00410000 00500000
[16:16:03] I (93) boot:  5 coredump         Unknown data     01 03 00910000 00010000
[16:16:03] I (100) boot: End of partition table
[16:16:03] I (103) esp_image: segment 0: paddr=00010020 vaddr=3c040020 size=0fa04h ( 64004) map
[16:16:03] I (120) esp_image: segment 1: paddr=0001fa2c vaddr=3fc93e00 size=005ech (  1516) load
[16:16:03] I (121) esp_image: segment 2: paddr=00020020 vaddr=42000020 size=32790h (206736) map
[16:16:03] I (157) esp_image: segment 3: paddr=000527b8 vaddr=3fc943ec size=03038h ( 12344) load
[16:16:03] I (160) esp_image: segment 4: paddr=000557f8 vaddr=40374000 size=0fd1ch ( 64796) load
[16:16:03] I (174) esp_image: segment 5: paddr=0006551c vaddr=50000000 size=00024h (    36) load
[16:16:03] I (181) boot: Loaded app from partition at offset 0x10000
[16:16:03] I (181) boot: Disabling RNG early entropy source...
[16:16:03] I (192) octal_psram: vendor id    : 0x0d (AP)
[16:16:03] I (192) octal_psram: dev id       : 0x02 (generation 3)
[16:16:03] I (192) octal_psram: density      : 0x03 (64 Mbit)
[16:16:03] I (194) octal_psram: good-die     : 0x01 (Pass)
[16:16:03] I (198) octal_psram: Latency      : 0x01 (Fixed)
[16:16:03] I (203) octal_psram: VCC          : 0x01 (3V)
[16:16:03] I (207) octal_psram: SRF          : 0x01 (Fast Refresh)
[16:16:03] I (212) octal_psram: BurstType    : 0x01 (Hybrid Wrap)
[16:16:03] I (217) octal_psram: BurstLen     : 0x01 (32 Byte)
[16:16:03] I (221) octal_psram: Readlatency  : 0x02 (10 cycles@Fixed)
[16:16:03] I (226) octal_psram: DriveStrength: 0x00 (1/1)
[16:16:03] I (231) MSPI Timing: Enter psram timing tuning
[16:16:03] I (235) esp_psram: Found 8MB PSRAM device
[16:16:03] I (238) esp_psram: Speed: 80MHz
[16:16:03] I (241) cpu_start: Multicore app
[16:16:04] I (657) esp_psram: SPI SRAM memory test OK
[16:16:04] I (666) cpu_start: GPIO 44 and 43 are used as console UART I/O pins
[16:16:04] I (666) cpu_start: Pro cpu start user code
[16:16:04] I (666) cpu_start: cpu freq: 240000000 Hz
[16:16:04] I (668) app_init: Application information:
[16:16:04] I (672) app_init: Project name:     tinydraw_esp32
[16:16:04] I (676) app_init: App version:      092f2a3-dirty
[16:16:04] I (681) app_init: Compile time:     Aug 14 2026 16:13:14
[16:16:04] I (686) app_init: ELF file SHA256:  756a2e4bd...
[16:16:04] I (690) app_init: ESP-IDF:          v6.0.2
[16:16:04] I (694) efuse_init: Min chip rev:     v0.0
[16:16:04] I (698) efuse_init: Max chip rev:     v0.99 
[16:16:04] I (702) efuse_init: Chip rev:         v0.2
[16:16:04] I (706) heap_init: Initializing. RAM available for dynamic allocation:
[16:16:04] I (712) heap_init: At 3FC97EF0 len 00051820 (326 KiB): RAM
[16:16:04] I (717) heap_init: At 3FCE9710 len 00005724 (21 KiB): RAM
[16:16:04] I (722) heap_init: At 3FCF0000 len 00008000 (32 KiB): DRAM
[16:16:04] I (727) heap_init: At 600FE000 len 00001FE8 (7 KiB): RTCRAM
[16:16:04] I (733) esp_psram: Adding pool of 8192K of PSRAM memory to heap allocator
[16:16:04] I (740) spi_flash: detected chip: generic
[16:16:04] I (743) spi_flash: flash io: qio
[16:16:04] I (746) sleep_gpio: Configure to isolate all GPIO pins in sleep state
[16:16:04] I (752) sleep_gpio: Enable automatic switching of GPIO sleep configuration
[16:16:04] I (759) main_task: Started on CPU0
[16:16:04] I (762) main_task: Calling app_main()
[16:16:04] TINYDRAW_PANEL_HARD_RESET=0
[16:16:04] I (959) co5300: version: 2.1.0
[16:16:04] I (960) co5300_spi: LCD panel create success, version: 2.1.0
[16:16:04] W (1040) co5300_spi: The 3Ah command has been used and will be overwritten by external initialization sequence
[16:16:04] I (1141) CST816S: IC id: 183
[16:16:04] TINYDRAW_LIVE_PRESENT kind=startup zoom=25 x=0 y=0 compose_us=35117 scroll_us=0 exposed_compose_us=0 chrome_us=0 read_submit_us=0 read_complete_us=0 transfer_wait_us=20237 tile_pixels=0 uniform_pixels=0 overview_pixels=164864 fallback_pixels=0 resident_tiles=0 fallback_tiles=0 pushes=21 tear_wait_us=39623 tear_sync=0 frame_reused=0 pass=1
[16:16:05] TINYDRAW_LIVE_STRESS operations=1000 samples=20000 total_us=468329 average_us=468 maximum_us=871 free_psram=3042440 largest_psram=3014656
[16:16:05] TINYDRAW_LIVE_PRESENT kind=gate_fallback zoom=100 x=0 y=0 compose_us=23629 scroll_us=0 exposed_compose_us=0 chrome_us=0 read_submit_us=64292 read_complete_us=65094 transfer_wait_us=20230 tile_pixels=0 uniform_pixels=0 overview_pixels=0 fallback_pixels=164864 resident_tiles=0 fallback_tiles=42 pushes=21 tear_wait_us=39815 tear_sync=0 frame_reused=0 pass=1
[16:16:05] TINYDRAW_GATE1_HARD zoom=100 cold=1 operations=1000 samples=20000 steps=192 tiles=42 scanned=12000 rendered=1659 max_supertask_us=8913 presentation_us=63218 total_us=259652 pass=1
[16:16:05] TINYDRAW_LIVE_PRESENT kind=gate_fallback zoom=400 x=0 y=0 compose_us=22950 scroll_us=0 exposed_compose_us=0 chrome_us=0 read_submit_us=63327 read_complete_us=64127 transfer_wait_us=20254 tile_pixels=0 uniform_pixels=0 overview_pixels=0 fallback_pixels=164864 resident_tiles=0 fallback_tiles=42 pushes=21 tear_wait_us=39563 tear_sync=0 frame_reused=0 pass=1
[16:16:05] TINYDRAW_GATE1_HARD zoom=400 cold=1 operations=1000 samples=20000 steps=196 tiles=42 scanned=12000 rendered=120 max_supertask_us=8308 presentation_us=61772 total_us=194626 pass=1
[16:16:06] TINYDRAW_OVERLAP_WORKLOAD operations=8 samples=1200 radius_world=80
[16:16:06] TINYDRAW_GATE1_PACED_COLD corpus=overlap zoom=50 x=215 y=255 steps=334 tiles=56 compute_us=362524 present_us=75294 touch_us=1352 pacing_us=25803 wall_us=464973 max_tick_us=8919 touch_samples=2296 touch_interval_max_us=1923 touch_read_max_us=562 touch_events=0 touch_down=0 touch_up=0 touch_events_ge_8ms=0 touch_event_age_max_us=0 touch_errors=0 touch_overflows=0 pass=1
[16:16:07] TINYDRAW_GATE1_PACED_COLD corpus=overlap zoom=100 x=583 y=703 steps=172 tiles=48 compute_us=223342 present_us=73726 touch_us=762 pacing_us=15150 wall_us=312980 max_tick_us=8656 touch_samples=420 touch_interval_max_us=1901 touch_read_max_us=451 touch_events=0 touch_down=0 touch_up=0 touch_events_ge_8ms=0 touch_event_age_max_us=0 touch_errors=0 touch_overflows=0 pass=1
[16:16:07] TINYDRAW_GATE1_PACED_COLD corpus=overlap zoom=200 x=1319 y=1599 steps=128 tiles=56 compute_us=223732 present_us=75427 touch_us=622 pacing_us=11177 wall_us=310958 max_tick_us=8656 touch_samples=420 touch_interval_max_us=1145 touch_read_max_us=428 touch_events=0 touch_down=0 touch_up=0 touch_events_ge_8ms=0 touch_event_age_max_us=0 touch_errors=0 touch_overflows=0 pass=1
[16:16:08] TINYDRAW_GATE1_PACED_COLD corpus=overlap zoom=400 x=2791 y=3391 steps=94 tiles=56 compute_us=208812 present_us=71119 touch_us=544 pacing_us=7506 wall_us=287981 max_tick_us=8268 touch_samples=397 touch_interval_max_us=1167 touch_read_max_us=487 touch_events=0 touch_down=0 touch_up=0 touch_events_ge_8ms=0 touch_event_age_max_us=0 touch_errors=0 touch_overflows=0 pass=1
[16:16:08] TINYDRAW_ADVERSARIAL_TAPERED_WORKLOAD operations=128 samples=4096 erasers=12 load_us=221647 appended=1
[16:16:08] TINYDRAW_GATE1_PACED_COLD corpus=adversarial_tapered_4x zoom=50 x=0 y=0 steps=104 tiles=42 compute_us=93091 present_us=54142 touch_us=494 pacing_us=7248 wall_us=154975 max_tick_us=6919 touch_samples=520 touch_interval_max_us=1844 touch_read_max_us=444 touch_events=0 touch_down=0 touch_up=0 touch_events_ge_8ms=0 touch_event_age_max_us=0 touch_errors=0 touch_overflows=0 pass=1
[16:16:09] TINYDRAW_GATE1_PACED_COLD corpus=adversarial_tapered_4x zoom=100 x=0 y=0 steps=348 tiles=42 compute_us=157141 present_us=53729 touch_us=1146 pacing_us=24943 wall_us=236959 max_tick_us=7397 touch_samples=346 touch_interval_max_us=1142 touch_read_max_us=415 touch_events=0 touch_down=0 touch_up=0 touch_events_ge_8ms=0 touch_event_age_max_us=0 touch_errors=0 touch_overflows=0 pass=1
[16:16:10] TINYDRAW_GATE1_PACED_COLD corpus=adversarial_tapered_4x zoom=200 x=0 y=0 steps=1214 tiles=42 compute_us=441930 present_us=57779 touch_us=3647 pacing_us=92622 wall_us=595978 max_tick_us=7771 touch_samples=704 touch_interval_max_us=1167 touch_read_max_us=437 touch_events=0 touch_down=0 touch_up=0 touch_events_ge_8ms=0 touch_event_age_max_us=0 touch_errors=0 touch_overflows=0 pass=1
[16:16:10] TINYDRAW_GATE1_PACED_COLD corpus=adversarial_tapered_4x zoom=400 x=0 y=0 steps=904 tiles=42 compute_us=544634 present_us=60750 touch_us=3005 pacing_us=65499 wall_us=673888 max_tick_us=7999 touch_samples=782 touch_interval_max_us=1142 touch_read_max_us=426 touch_events=0 touch_down=0 touch_up=0 touch_events_ge_8ms=0 touch_event_age_max_us=0 touch_errors=0 touch_overflows=0 pass=1
[16:16:11] TINYDRAW_GATE1_WORKLOAD kind=realistic seed=7 operations=1000 samples=19844 maximum_stroke=198 load_us=369937 raw_source=1 lod_copies=0
[16:16:11] TINYDRAW_GATE1_PACED_COLD corpus=seed7 zoom=400 x=63 y=63 steps=281 tiles=56 compute_us=263915 present_us=79271 touch_us=952 pacing_us=19838 wall_us=363976 max_tick_us=10737 touch_samples=958 touch_interval_max_us=1534 touch_read_max_us=467 touch_events=0 touch_down=0 touch_up=0 touch_events_ge_8ms=0 touch_event_age_max_us=0 touch_errors=0 touch_overflows=0 pass=1
[16:16:13] TINYDRAW_LIVE_PRESENT kind=gate_fallback zoom=100 x=0 y=0 compose_us=23923 scroll_us=0 exposed_compose_us=0 chrome_us=0 read_submit_us=64518 read_complete_us=65321 transfer_wait_us=20245 tile_pixels=0 uniform_pixels=0 overview_pixels=0 fallback_pixels=164864 resident_tiles=0 fallback_tiles=42 pushes=21 tear_wait_us=39770 tear_sync=0 frame_reused=0 pass=1
[16:16:13] TINYDRAW_GATE1_HARD zoom=100 cold=1 operations=1000 samples=19844 steps=275 tiles=42 scanned=12000 rendered=5232 max_supertask_us=9091 presentation_us=61587 total_us=363478 pass=1
[16:16:13] TINYDRAW_GATE1_PAN zoom=100 from_x=0 from_y=0 to_x=88 to_y=88 compose_us=27436 scroll_us=11386 exposed_compose_us=16050 chrome_us=0 event_submit_us=67668 event_complete_us=68468 transfer_us=20289 setup=1 present=1 moved=1 frame_reused=1 pass=0
[16:16:13] TINYDRAW_GATE1_AUTOMATED_DONE stress=1 stress_100=1 stress_400=1 overlap_ready=1 overlap_cold=1 adversarial_ready=1 adversarial_cold=1 workload=1 paced_cold=1 hard_100=1 hard_400=0 pan_100=0 pan_400=0 draw_fill=0 long_gesture=0 cache=0 full_world_cache=0 export_reserve=0 return=1 ssaa_receipt=yellow
[16:16:13] TINYDRAW_VECTOR_V2_GATE_HARNESS_DONE pass=0
[16:16:13] I (9182) main_task: Returned from app_main()
=== RUN 3 ===
[16:16:15] ESP-ROM:esp32s3-20210327
[16:16:15] Build:Mar 27 2021
[16:16:15] rst:0x15 (USB_UART_CHIP_RESET),boot:0x2b (SPI_FAST_FLASH_BOOT)
[16:16:15] Saved PC:0x4037b7d6
[16:16:15] SPIWP:0xee
[16:16:15] mode:DIO, clock div:1
[16:16:15] load:0x3fce2820,len:0x1664
[16:16:15] load:0x403c8700,len:0xf38
[16:16:15] load:0x403cb700,len:0x31e8
[16:16:15] entry 0x403c8930
[16:16:15] I (24) boot: ESP-IDF v6.0.2 2nd stage bootloader
[16:16:15] I (24) boot: compile time Aug 14 2026 16:13:20
[16:16:15] I (25) boot: Multicore bootloader
[16:16:15] I (25) boot: chip revision: v0.2
[16:16:15] I (28) boot: efuse block revision: v1.3
[16:16:15] I (31) qio_mode: Enabling default flash chip QIO
[16:16:15] I (36) boot.esp32s3: Boot SPI Speed : 80MHz
[16:16:15] I (39) boot.esp32s3: SPI Mode       : QIO
[16:16:15] I (43) boot.esp32s3: SPI Flash Size : 16MB
[16:16:15] I (47) boot: Enabling RNG early entropy source...
[16:16:15] I (51) boot: Partition Table:
[16:16:15] I (54) boot: ## Label            Usage          Type ST Offset   Length
[16:16:15] I (60) boot:  0 nvs              WiFi data        01 02 00009000 00006000
[16:16:15] I (67) boot:  1 phy_init         RF data          01 01 0000f000 00001000
[16:16:15] I (73) boot:  2 factory          factory app      00 00 00010000 00100000
[16:16:15] I (80) boot:  3 drawing          Unknown data     01 40 00110000 00300000
[16:16:15] I (86) boot:  4 export           Unknown data     01 41 00410000 00500000
[16:16:15] I (93) boot:  5 coredump         Unknown data     01 03 00910000 00010000
[16:16:15] I (100) boot: End of partition table
[16:16:15] I (103) esp_image: segment 0: paddr=00010020 vaddr=3c040020 size=0fa04h ( 64004) map
[16:16:15] I (120) esp_image: segment 1: paddr=0001fa2c vaddr=3fc93e00 size=005ech (  1516) load
[16:16:15] I (121) esp_image: segment 2: paddr=00020020 vaddr=42000020 size=32790h (206736) map
[16:16:15] I (157) esp_image: segment 3: paddr=000527b8 vaddr=3fc943ec size=03038h ( 12344) load
[16:16:15] I (160) esp_image: segment 4: paddr=000557f8 vaddr=40374000 size=0fd1ch ( 64796) load
[16:16:15] I (174) esp_image: segment 5: paddr=0006551c vaddr=50000000 size=00024h (    36) load
[16:16:15] I (181) boot: Loaded app from partition at offset 0x10000
[16:16:15] I (181) boot: Disabling RNG early entropy source...
[16:16:15] I (192) octal_psram: vendor id    : 0x0d (AP)
[16:16:15] I (192) octal_psram: dev id       : 0x02 (generation 3)
[16:16:15] I (192) octal_psram: density      : 0x03 (64 Mbit)
[16:16:15] I (194) octal_psram: good-die     : 0x01 (Pass)
[16:16:15] I (198) octal_psram: Latency      : 0x01 (Fixed)
[16:16:15] I (203) octal_psram: VCC          : 0x01 (3V)
[16:16:15] I (207) octal_psram: SRF          : 0x01 (Fast Refresh)
[16:16:15] I (212) octal_psram: BurstType    : 0x01 (Hybrid Wrap)
[16:16:15] I (217) octal_psram: BurstLen     : 0x01 (32 Byte)
[16:16:15] I (221) octal_psram: Readlatency  : 0x02 (10 cycles@Fixed)
[16:16:15] I (226) octal_psram: DriveStrength: 0x00 (1/1)
[16:16:15] I (231) MSPI Timing: Enter psram timing tuning
[16:16:15] I (235) esp_psram: Found 8MB PSRAM device
[16:16:15] I (238) esp_psram: Speed: 80MHz
[16:16:15] I (241) cpu_start: Multicore app
[16:16:15] I (657) esp_psram: SPI SRAM memory test OK
[16:16:15] I (666) cpu_start: GPIO 44 and 43 are used as console UART I/O pins
[16:16:15] I (666) cpu_start: Pro cpu start user code
[16:16:15] I (666) cpu_start: cpu freq: 240000000 Hz
[16:16:15] I (668) app_init: Application information:
[16:16:15] I (672) app_init: Project name:     tinydraw_esp32
[16:16:15] I (676) app_init: App version:      092f2a3-dirty
[16:16:15] I (681) app_init: Compile time:     Aug 14 2026 16:13:14
[16:16:15] I (686) app_init: ELF file SHA256:  756a2e4bd...
[16:16:15] I (690) app_init: ESP-IDF:          v6.0.2
[16:16:15] I (694) efuse_init: Min chip rev:     v0.0
[16:16:15] I (698) efuse_init: Max chip rev:     v0.99 
[16:16:15] I (702) efuse_init: Chip rev:         v0.2
[16:16:15] I (706) heap_init: Initializing. RAM available for dynamic allocation:
[16:16:15] I (712) heap_init: At 3FC97EF0 len 00051820 (326 KiB): RAM
[16:16:15] I (717) heap_init: At 3FCE9710 len 00005724 (21 KiB): RAM
[16:16:15] I (722) heap_init: At 3FCF0000 len 00008000 (32 KiB): DRAM
[16:16:15] I (727) heap_init: At 600FE000 len 00001FE8 (7 KiB): RTCRAM
[16:16:15] I (733) esp_psram: Adding pool of 8192K of PSRAM memory to heap allocator
[16:16:15] I (740) spi_flash: detected chip: generic
[16:16:15] I (743) spi_flash: flash io: qio
[16:16:15] I (746) sleep_gpio: Configure to isolate all GPIO pins in sleep state
[16:16:15] I (752) sleep_gpio: Enable automatic switching of GPIO sleep configuration
[16:16:15] I (759) main_task: Started on CPU0
[16:16:15] I (762) main_task: Calling app_main()
[16:16:15] TINYDRAW_PANEL_HARD_RESET=1
[16:16:15] I (959) co5300: version: 2.1.0
[16:16:15] I (960) co5300_spi: LCD panel create success, version: 2.1.0
[16:16:15] W (1040) co5300_spi: The 3Ah command has been used and will be overwritten by external initialization sequence
[16:16:15] I (1141) CST816S: IC id: 183
[16:16:16] TINYDRAW_LIVE_PRESENT kind=startup zoom=25 x=0 y=0 compose_us=35137 scroll_us=0 exposed_compose_us=0 chrome_us=0 read_submit_us=0 read_complete_us=0 transfer_wait_us=19744 tile_pixels=0 uniform_pixels=0 overview_pixels=164864 fallback_pixels=0 resident_tiles=0 fallback_tiles=0 pushes=21 tear_wait_us=10058 tear_sync=1 frame_reused=0 pass=1
[16:16:16] TINYDRAW_LIVE_STRESS operations=1000 samples=20000 total_us=469940 average_us=469 maximum_us=863 free_psram=3042440 largest_psram=3014656
[16:16:16] TINYDRAW_LIVE_PRESENT kind=gate_fallback zoom=100 x=0 y=0 compose_us=23709 scroll_us=0 exposed_compose_us=0 chrome_us=0 read_submit_us=27870 read_complete_us=28671 transfer_wait_us=20022 tile_pixels=0 uniform_pixels=0 overview_pixels=0 fallback_pixels=164864 resident_tiles=0 fallback_tiles=42 pushes=21 tear_wait_us=3264 tear_sync=1 frame_reused=0 pass=1
[16:16:16] TINYDRAW_GATE1_HARD zoom=100 cold=1 operations=1000 samples=20000 steps=192 tiles=42 scanned=12000 rendered=1659 max_supertask_us=8943 presentation_us=64018 total_us=260800 pass=1
[16:16:16] TINYDRAW_LIVE_PRESENT kind=gate_fallback zoom=400 x=0 y=0 compose_us=23047 scroll_us=0 exposed_compose_us=0 chrome_us=0 read_submit_us=28547 read_complete_us=29343 transfer_wait_us=19990 tile_pixels=0 uniform_pixels=0 overview_pixels=0 fallback_pixels=164864 resident_tiles=0 fallback_tiles=42 pushes=21 tear_wait_us=4599 tear_sync=1 frame_reused=0 pass=1
[16:16:17] TINYDRAW_GATE1_HARD zoom=400 cold=1 operations=1000 samples=20000 steps=196 tiles=42 scanned=12000 rendered=120 max_supertask_us=8326 presentation_us=62646 total_us=195756 pass=1
[16:16:17] TINYDRAW_OVERLAP_WORKLOAD operations=8 samples=1200 radius_world=80
[16:16:18] TINYDRAW_GATE1_PACED_COLD corpus=overlap zoom=50 x=215 y=255 steps=334 tiles=56 compute_us=363149 present_us=77002 touch_us=1342 pacing_us=25444 wall_us=466937 max_tick_us=8992 touch_samples=2176 touch_interval_max_us=1946 touch_read_max_us=570 touch_events=0 touch_down=0 touch_up=0 touch_events_ge_8ms=0 touch_event_age_max_us=0 touch_errors=0 touch_overflows=0 pass=1
[16:16:18] TINYDRAW_GATE1_PACED_COLD corpus=overlap zoom=100 x=583 y=703 steps=172 tiles=48 compute_us=223885 present_us=73530 touch_us=737 pacing_us=14825 wall_us=312977 max_tick_us=8619 touch_samples=384 touch_interval_max_us=1871 touch_read_max_us=517 touch_events=0 touch_down=0 touch_up=0 touch_events_ge_8ms=0 touch_event_age_max_us=0 touch_errors=0 touch_overflows=0 pass=1
[16:16:18] TINYDRAW_GATE1_PACED_COLD corpus=overlap zoom=200 x=1319 y=1599 steps=128 tiles=56 compute_us=224161 present_us=75135 touch_us=660 pacing_us=11001 wall_us=310957 max_tick_us=8611 touch_samples=384 touch_interval_max_us=1181 touch_read_max_us=441 touch_events=0 touch_down=0 touch_up=0 touch_events_ge_8ms=0 touch_event_age_max_us=0 touch_errors=0 touch_overflows=0 pass=1
[16:16:19] TINYDRAW_GATE1_PACED_COLD corpus=overlap zoom=400 x=2791 y=3391 steps=94 tiles=56 compute_us=209154 present_us=71105 touch_us=538 pacing_us=7193 wall_us=287990 max_tick_us=8248 touch_samples=364 touch_interval_max_us=1144 touch_read_max_us=476 touch_events=0 touch_down=0 touch_up=0 touch_events_ge_8ms=0 touch_event_age_max_us=0 touch_errors=0 touch_overflows=0 pass=1
[16:16:19] TINYDRAW_ADVERSARIAL_TAPERED_WORKLOAD operations=128 samples=4096 erasers=12 load_us=221712 appended=1
[16:16:19] TINYDRAW_GATE1_PACED_COLD corpus=adversarial_tapered_4x zoom=50 x=0 y=0 steps=104 tiles=42 compute_us=93127 present_us=54139 touch_us=492 pacing_us=8217 wall_us=155975 max_tick_us=6922 touch_samples=490 touch_interval_max_us=1504 touch_read_max_us=408 touch_events=0 touch_down=0 touch_up=0 touch_events_ge_8ms=0 touch_event_age_max_us=0 touch_errors=0 touch_overflows=0 pass=1
[16:16:20] TINYDRAW_GATE1_PACED_COLD corpus=adversarial_tapered_4x zoom=100 x=0 y=0 steps=348 tiles=42 compute_us=157069 present_us=53755 touch_us=1125 pacing_us=26009 wall_us=237958 max_tick_us=7418 touch_samples=317 touch_interval_max_us=1156 touch_read_max_us=418 touch_events=0 touch_down=0 touch_up=0 touch_events_ge_8ms=0 touch_event_age_max_us=0 touch_errors=0 touch_overflows=0 pass=1
[16:16:21] TINYDRAW_GATE1_PACED_COLD corpus=adversarial_tapered_4x zoom=200 x=0 y=0 steps=1214 tiles=42 compute_us=442065 present_us=57748 touch_us=3609 pacing_us=90555 wall_us=593977 max_tick_us=7765 touch_samples=676 touch_interval_max_us=1177 touch_read_max_us=451 touch_events=0 touch_down=0 touch_up=0 touch_events_ge_8ms=0 touch_event_age_max_us=0 touch_errors=0 touch_overflows=0 pass=1
[16:16:21] TINYDRAW_GATE1_PACED_COLD corpus=adversarial_tapered_4x zoom=400 x=0 y=0 steps=904 tiles=42 compute_us=545150 present_us=60644 touch_us=2922 pacing_us=64178 wall_us=672894 max_tick_us=7992 touch_samples=751 touch_interval_max_us=1154 touch_read_max_us=430 touch_events=0 touch_down=0 touch_up=0 touch_events_ge_8ms=0 touch_event_age_max_us=0 touch_errors=0 touch_overflows=0 pass=1
[16:16:21] TINYDRAW_GATE1_WORKLOAD kind=realistic seed=7 operations=1000 samples=19844 maximum_stroke=198 load_us=375653 raw_source=1 lod_copies=0
[16:16:22] TINYDRAW_GATE1_PACED_COLD corpus=seed7 zoom=400 x=63 y=63 steps=281 tiles=56 compute_us=264318 present_us=79017 touch_us=944 pacing_us=19699 wall_us=363978 max_tick_us=10742 touch_samples=935 touch_interval_max_us=1970 touch_read_max_us=467 touch_events=0 touch_down=0 touch_up=0 touch_events_ge_8ms=0 touch_event_age_max_us=0 touch_errors=0 touch_overflows=0 pass=1
[16:16:22] TINYDRAW_LIVE_PRESENT kind=gate_fallback zoom=100 x=0 y=0 compose_us=23960 scroll_us=0 exposed_compose_us=0 chrome_us=0 read_submit_us=31868 read_complete_us=32670 transfer_wait_us=19899 tile_pixels=0 uniform_pixels=0 overview_pixels=0 fallback_pixels=164864 resident_tiles=0 fallback_tiles=42 pushes=21 tear_wait_us=7030 tear_sync=1 frame_reused=0 pass=1
[16:16:24] TINYDRAW_GATE1_HARD zoom=100 cold=1 operations=1000 samples=19844 steps=275 tiles=42 scanned=12000 rendered=5232 max_supertask_us=9104 presentation_us=61470 total_us=363580 pass=1
[16:16:24] TINYDRAW_GATE1_PAN zoom=100 from_x=0 from_y=0 to_x=88 to_y=88 compose_us=27499 scroll_us=11394 exposed_compose_us=16105 chrome_us=0 event_submit_us=30196 event_complete_us=30996 transfer_us=19762 setup=1 present=1 moved=1 frame_reused=1 pass=1
[16:16:24] TINYDRAW_LIVE_PRESENT kind=gate_fallback zoom=400 x=0 y=0 compose_us=23143 scroll_us=0 exposed_compose_us=0 chrome_us=0 read_submit_us=36990 read_complete_us=37789 transfer_wait_us=19471 tile_pixels=0 uniform_pixels=0 overview_pixels=0 fallback_pixels=164864 resident_tiles=0 fallback_tiles=42 pushes=21 tear_wait_us=12995 tear_sync=1 frame_reused=0 pass=1
[16:16:24] TINYDRAW_GATE1_HARD zoom=400 cold=1 operations=1000 samples=19844 steps=211 tiles=42 scanned=12000 rendered=591 max_supertask_us=10695 presentation_us=61815 total_us=253913 pass=1
[16:16:24] TINYDRAW_GATE1_PAN zoom=400 from_x=0 from_y=0 to_x=88 to_y=88 compose_us=27436 scroll_us=11385 exposed_compose_us=16051 chrome_us=0 event_submit_us=30660 event_complete_us=31460 transfer_us=20298 setup=1 present=1 moved=1 frame_reused=1 pass=1
[16:16:24] TINYDRAW_GATE1_DRAW_FILL zoom=400 revision=2140 append_us=1153 poll_gap_us=98 event_submit_us=2304 event_complete_us=2480 max_compute_slice_us=4789 max_display_slice_us=10673 fill_us=249389 revision_restarted=1 pass=1
=== RUN 4 ===
[16:16:25] ESP-ROM:esp32s3-20210327
[16:16:25] Build:Mar 27 2021
[16:16:25] rst:0x15 (USB_UART_CHIP_RESET),boot:0x2b (SPI_FAST_FLASH_BOOT)
[16:16:25] Saved PC:0x4201d016
[16:16:25] SPIWP:0xee
[16:16:25] mode:DIO, clock div:1
[16:16:25] load:0x3fce2820,len:0x1664
[16:16:25] load:0x403c8700,len:0xf38
[16:16:25] load:0x403cb700,len:0x31e8
[16:16:25] entry 0x403c8930
[16:16:25] I (24) boot: ESP-IDF v6.0.2 2nd stage bootloader
[16:16:25] I (24) boot: compile time Aug 14 2026 16:13:20
[16:16:25] I (25) boot: Multicore bootloader
[16:16:25] I (25) boot: chip revision: v0.2
[16:16:25] I (28) boot: efuse block revision: v1.3
[16:16:25] I (31) qio_mode: Enabling default flash chip QIO
[16:16:25] I (36) boot.esp32s3: Boot SPI Speed : 80MHz
[16:16:25] I (39) boot.esp32s3: SPI Mode       : QIO
[16:16:25] I (43) boot.esp32s3: SPI Flash Size : 16MB
[16:16:25] I (47) boot: Enabling RNG early entropy source...
[16:16:25] I (51) boot: Partition Table:
[16:16:25] I (54) boot: ## Label            Usage          Type ST Offset   Length
[16:16:25] I (60) boot:  0 nvs              WiFi data        01 02 00009000 00006000
[16:16:25] I (67) boot:  1 phy_init         RF data          01 01 0000f000 00001000
[16:16:25] I (73) boot:  2 factory          factory app      00 00 00010000 00100000
[16:16:25] I (80) boot:  3 drawing          Unknown data     01 40 00110000 00300000
[16:16:25] I (86) boot:  4 export           Unknown data     01 41 00410000 00500000
[16:16:25] I (93) boot:  5 coredump         Unknown data     01 03 00910000 00010000
[16:16:25] I (100) boot: End of partition table
[16:16:25] I (103) esp_image: segment 0: paddr=00010020 vaddr=3c040020 size=0fa04h ( 64004) map
[16:16:25] I (120) esp_image: segment 1: paddr=0001fa2c vaddr=3fc93e00 size=005ech (  1516) load
[16:16:25] I (121) esp_image: segment 2: paddr=00020020 vaddr=42000020 size=32790h (206736) map
[16:16:25] I (157) esp_image: segment 3: paddr=000527b8 vaddr=3fc943ec size=03038h ( 12344) load
[16:16:25] I (160) esp_image: segment 4: paddr=000557f8 vaddr=40374000 size=0fd1ch ( 64796) load
[16:16:25] I (174) esp_image: segment 5: paddr=0006551c vaddr=50000000 size=00024h (    36) load
[16:16:25] I (181) boot: Loaded app from partition at offset 0x10000
[16:16:25] I (181) boot: Disabling RNG early entropy source...
[16:16:25] I (192) octal_psram: vendor id    : 0x0d (AP)
[16:16:25] I (192) octal_psram: dev id       : 0x02 (generation 3)
[16:16:25] I (192) octal_psram: density      : 0x03 (64 Mbit)
[16:16:25] I (194) octal_psram: good-die     : 0x01 (Pass)
[16:16:25] I (198) octal_psram: Latency      : 0x01 (Fixed)
[16:16:25] I (203) octal_psram: VCC          : 0x01 (3V)
[16:16:25] I (207) octal_psram: SRF          : 0x01 (Fast Refresh)
[16:16:25] I (212) octal_psram: BurstType    : 0x01 (Hybrid Wrap)
[16:16:25] I (217) octal_psram: BurstLen     : 0x01 (32 Byte)
[16:16:25] I (221) octal_psram: Readlatency  : 0x02 (10 cycles@Fixed)
[16:16:25] I (226) octal_psram: DriveStrength: 0x00 (1/1)
[16:16:25] I (231) MSPI Timing: Enter psram timing tuning
[16:16:25] I (235) esp_psram: Found 8MB PSRAM device
[16:16:25] I (238) esp_psram: Speed: 80MHz
[16:16:25] I (241) cpu_start: Multicore app
[16:16:26] I (657) esp_psram: SPI SRAM memory test OK
[16:16:26] I (666) cpu_start: GPIO 44 and 43 are used as console UART I/O pins
[16:16:26] I (666) cpu_start: Pro cpu start user code
[16:16:26] I (666) cpu_start: cpu freq: 240000000 Hz
[16:16:26] I (668) app_init: Application information:
[16:16:26] I (672) app_init: Project name:     tinydraw_esp32
[16:16:26] I (676) app_init: App version:      092f2a3-dirty
[16:16:26] I (681) app_init: Compile time:     Aug 14 2026 16:13:14
[16:16:26] I (686) app_init: ELF file SHA256:  756a2e4bd...
[16:16:26] I (690) app_init: ESP-IDF:          v6.0.2
[16:16:26] I (694) efuse_init: Min chip rev:     v0.0
[16:16:26] I (698) efuse_init: Max chip rev:     v0.99 
[16:16:26] I (702) efuse_init: Chip rev:         v0.2
[16:16:26] I (706) heap_init: Initializing. RAM available for dynamic allocation:
[16:16:26] I (712) heap_init: At 3FC97EF0 len 00051820 (326 KiB): RAM
[16:16:26] I (717) heap_init: At 3FCE9710 len 00005724 (21 KiB): RAM
[16:16:26] I (722) heap_init: At 3FCF0000 len 00008000 (32 KiB): DRAM
[16:16:26] I (727) heap_init: At 600FE000 len 00001FE8 (7 KiB): RTCRAM
[16:16:26] I (733) esp_psram: Adding pool of 8192K of PSRAM memory to heap allocator
[16:16:26] I (740) spi_flash: detected chip: generic
[16:16:26] I (743) spi_flash: flash io: qio
[16:16:26] I (746) sleep_gpio: Configure to isolate all GPIO pins in sleep state
[16:16:26] I (752) sleep_gpio: Enable automatic switching of GPIO sleep configuration
[16:16:26] I (759) main_task: Started on CPU0
[16:16:26] I (762) main_task: Calling app_main()
[16:16:26] TINYDRAW_PANEL_HARD_RESET=1
[16:16:26] I (959) co5300: version: 2.1.0
[16:16:26] I (960) co5300_spi: LCD panel create success, version: 2.1.0
[16:16:26] W (1040) co5300_spi: The 3Ah command has been used and will be overwritten by external initialization sequence
[16:16:26] I (1141) CST816S: IC id: 183
[16:16:26] TINYDRAW_LIVE_PRESENT kind=startup zoom=25 x=0 y=0 compose_us=35137 scroll_us=0 exposed_compose_us=0 chrome_us=0 read_submit_us=0 read_complete_us=0 transfer_wait_us=19620 tile_pixels=0 uniform_pixels=0 overview_pixels=164864 fallback_pixels=0 resident_tiles=0 fallback_tiles=0 pushes=21 tear_wait_us=10209 tear_sync=1 frame_reused=0 pass=1
[16:16:27] TINYDRAW_LIVE_STRESS operations=1000 samples=20000 total_us=469506 average_us=469 maximum_us=867 free_psram=3042440 largest_psram=3014656
[16:16:27] TINYDRAW_LIVE_PRESENT kind=gate_fallback zoom=100 x=0 y=0 compose_us=23711 scroll_us=0 exposed_compose_us=0 chrome_us=0 read_submit_us=28870 read_complete_us=29670 transfer_wait_us=19373 tile_pixels=0 uniform_pixels=0 overview_pixels=0 fallback_pixels=164864 resident_tiles=0 fallback_tiles=42 pushes=21 tear_wait_us=4300 tear_sync=1 frame_reused=0 pass=1
[16:16:27] TINYDRAW_GATE1_HARD zoom=100 cold=1 operations=1000 samples=20000 steps=192 tiles=42 scanned=12000 rendered=1659 max_supertask_us=8936 presentation_us=63167 total_us=259802 pass=1
[16:16:27] TINYDRAW_LIVE_PRESENT kind=gate_fallback zoom=400 x=0 y=0 compose_us=23021 scroll_us=0 exposed_compose_us=0 chrome_us=0 read_submit_us=30639 read_complete_us=31440 transfer_wait_us=19889 tile_pixels=0 uniform_pixels=0 overview_pixels=0 fallback_pixels=164864 resident_tiles=0 fallback_tiles=42 pushes=21 tear_wait_us=6715 tear_sync=1 frame_reused=0 pass=1
[16:16:27] TINYDRAW_GATE1_HARD zoom=400 cold=1 operations=1000 samples=20000 steps=196 tiles=42 scanned=12000 rendered=120 max_supertask_us=8327 presentation_us=62576 total_us=195840 pass=1
[16:16:28] TINYDRAW_OVERLAP_WORKLOAD operations=8 samples=1200 radius_world=80
[16:16:28] TINYDRAW_GATE1_PACED_COLD corpus=overlap zoom=50 x=215 y=255 steps=334 tiles=56 compute_us=363345 present_us=75456 touch_us=1339 pacing_us=25793 wall_us=465933 max_tick_us=8875 touch_samples=2175 touch_interval_max_us=1948 touch_read_max_us=570 touch_events=0 touch_down=0 touch_up=0 touch_events_ge_8ms=0 touch_event_age_max_us=0 touch_errors=0 touch_overflows=0 pass=1
[16:16:29] TINYDRAW_GATE1_PACED_COLD corpus=overlap zoom=100 x=583 y=703 steps=172 tiles=48 compute_us=223859 present_us=74519 touch_us=751 pacing_us=15849 wall_us=314978 max_tick_us=8637 touch_samples=387 touch_interval_max_us=1830 touch_read_max_us=547 touch_events=0 touch_down=0 touch_up=0 touch_events_ge_8ms=0 touch_event_age_max_us=0 touch_errors=0 touch_overflows=0 pass=1
[16:16:29] TINYDRAW_GATE1_PACED_COLD corpus=overlap zoom=200 x=1319 y=1599 steps=128 tiles=56 compute_us=224100 present_us=75188 touch_us=616 pacing_us=11053 wall_us=310957 max_tick_us=8622 touch_samples=383 touch_interval_max_us=1157 touch_read_max_us=438 touch_events=0 touch_down=0 touch_up=0 touch_events_ge_8ms=0 touch_event_age_max_us=0 touch_errors=0 touch_overflows=0 pass=1
[16:16:29] TINYDRAW_GATE1_PACED_COLD corpus=overlap zoom=400 x=2791 y=3391 steps=94 tiles=56 compute_us=209160 present_us=72022 touch_us=565 pacing_us=7231 wall_us=288978 max_tick_us=8190 touch_samples=365 touch_interval_max_us=1161 touch_read_max_us=465 touch_events=0 touch_down=0 touch_up=0 touch_events_ge_8ms=0 touch_event_age_max_us=0 touch_errors=0 touch_overflows=0 pass=1
[16:16:30] TINYDRAW_ADVERSARIAL_TAPERED_WORKLOAD operations=128 samples=4096 erasers=12 load_us=222026 appended=1
[16:16:30] TINYDRAW_GATE1_PACED_COLD corpus=adversarial_tapered_4x zoom=50 x=0 y=0 steps=104 tiles=42 compute_us=93520 present_us=55067 touch_us=506 pacing_us=8883 wall_us=157976 max_tick_us=6923 touch_samples=491 touch_interval_max_us=1132 touch_read_max_us=408 touch_events=0 touch_down=0 touch_up=0 touch_events_ge_8ms=0 touch_event_age_max_us=0 touch_errors=0 touch_overflows=0 pass=1
[16:16:30] TINYDRAW_GATE1_PACED_COLD corpus=adversarial_tapered_4x zoom=100 x=0 y=0 steps=348 tiles=42 compute_us=156786 present_us=53801 touch_us=1101 pacing_us=25270 wall_us=236958 max_tick_us=7447 touch_samples=314 touch_interval_max_us=1144 touch_read_max_us=414 touch_events=0 touch_down=0 touch_up=0 touch_events_ge_8ms=0 touch_event_age_max_us=0 touch_errors=0 touch_overflows=0 pass=1
[16:16:32] TINYDRAW_GATE1_PACED_COLD corpus=adversarial_tapered_4x zoom=200 x=0 y=0 steps=1214 tiles=42 compute_us=442457 present_us=57758 touch_us=3610 pacing_us=93152 wall_us=596977 max_tick_us=7765 touch_samples=680 touch_interval_max_us=1169 touch_read_max_us=442 touch_events=0 touch_down=0 touch_up=0 touch_events_ge_8ms=0 touch_event_age_max_us=0 touch_errors=0 touch_overflows=0 pass=1
[16:16:32] TINYDRAW_GATE1_PACED_COLD corpus=adversarial_tapered_4x zoom=400 x=0 y=0 steps=904 tiles=42 compute_us=545242 present_us=61684 touch_us=2914 pacing_us=65061 wall_us=674901 max_tick_us=8043 touch_samples=751 touch_interval_max_us=1148 touch_read_max_us=436 touch_events=0 touch_down=0 touch_up=0 touch_events_ge_8ms=0 touch_event_age_max_us=0 touch_errors=0 touch_overflows=0 pass=1
[16:16:32] TINYDRAW_GATE1_WORKLOAD kind=realistic seed=7 operations=1000 samples=19844 maximum_stroke=198 load_us=374567 raw_source=1 lod_copies=0
[16:16:33] TINYDRAW_GATE1_PACED_COLD corpus=seed7 zoom=400 x=63 y=63 steps=281 tiles=56 compute_us=264081 present_us=79128 touch_us=935 pacing_us=19836 wall_us=363980 max_tick_us=10733 touch_samples=932 touch_interval_max_us=1934 touch_read_max_us=482 touch_events=0 touch_down=0 touch_up=0 touch_events_ge_8ms=0 touch_event_age_max_us=0 touch_errors=0 touch_overflows=0 pass=1
[16:16:33] TINYDRAW_LIVE_PRESENT kind=gate_fallback zoom=100 x=0 y=0 compose_us=23874 scroll_us=0 exposed_compose_us=0 chrome_us=0 read_submit_us=32531 read_complete_us=33333 transfer_wait_us=20229 tile_pixels=0 uniform_pixels=0 overview_pixels=0 fallback_pixels=164864 resident_tiles=0 fallback_tiles=42 pushes=21 tear_wait_us=7819 tear_sync=1 frame_reused=0 pass=1
[16:16:35] TINYDRAW_GATE1_HARD zoom=100 cold=1 operations=1000 samples=19844 steps=275 tiles=42 scanned=12000 rendered=5232 max_supertask_us=9106 presentation_us=61799 total_us=363597 pass=1
[16:16:35] TINYDRAW_GATE1_PAN zoom=100 from_x=0 from_y=0 to_x=88 to_y=88 compose_us=27492 scroll_us=11391 exposed_compose_us=16101 chrome_us=0 event_submit_us=30595 event_complete_us=31395 transfer_us=19362 setup=1 present=1 moved=1 frame_reused=1 pass=1
[16:16:35] TINYDRAW_LIVE_PRESENT kind=gate_fallback zoom=400 x=0 y=0 compose_us=23127 scroll_us=0 exposed_compose_us=0 chrome_us=0 read_submit_us=37533 read_complete_us=38335 transfer_wait_us=19921 tile_pixels=0 uniform_pixels=0 overview_pixels=0 fallback_pixels=164864 resident_tiles=0 fallback_tiles=42 pushes=21 tear_wait_us=13499 tear_sync=1 frame_reused=0 pass=1
[16:16:35] TINYDRAW_GATE1_HARD zoom=400 cold=1 operations=1000 samples=19844 steps=211 tiles=42 scanned=12000 rendered=591 max_supertask_us=10691 presentation_us=61955 total_us=253925 pass=1
[16:16:35] TINYDRAW_GATE1_PAN zoom=400 from_x=0 from_y=0 to_x=88 to_y=88 compose_us=27445 scroll_us=11405 exposed_compose_us=16040 chrome_us=0 event_submit_us=30210 event_complete_us=31010 transfer_us=19746 setup=1 present=1 moved=1 frame_reused=1 pass=1
[16:16:35] TINYDRAW_GATE1_DRAW_FILL zoom=400 revision=2140 append_us=1143 poll_gap_us=87 event_submit_us=2327 event_complete_us=2503 max_compute_slice_us=4775 max_display_slice_us=10676 fill_us=249490 revision_restarted=1 pass=1
=== RUN 5 ===
[16:16:36] ESP-ROM:esp32s3-20210327
[16:16:36] Build:Mar 27 2021
[16:16:36] rst:0x15 (USB_UART_CHIP_RESET),boot:0x2b (SPI_FAST_FLASH_BOOT)
[16:16:36] Saved PC:0x4201d019
[16:16:36] SPIWP:0xee
[16:16:36] mode:DIO, clock div:1
[16:16:36] load:0x3fce2820,len:0x1664
[16:16:36] load:0x403c8700,len:0xf38
[16:16:36] load:0x403cb700,len:0x31e8
[16:16:36] entry 0x403c8930
[16:16:36] I (24) boot: ESP-IDF v6.0.2 2nd stage bootloader
[16:16:36] I (24) boot: compile time Aug 14 2026 16:13:20
[16:16:36] I (25) boot: Multicore bootloader
[16:16:36] I (25) boot: chip revision: v0.2
[16:16:36] I (28) boot: efuse block revision: v1.3
[16:16:36] I (31) qio_mode: Enabling default flash chip QIO
[16:16:36] I (36) boot.esp32s3: Boot SPI Speed : 80MHz
[16:16:36] I (39) boot.esp32s3: SPI Mode       : QIO
[16:16:36] I (43) boot.esp32s3: SPI Flash Size : 16MB
[16:16:36] I (47) boot: Enabling RNG early entropy source...
[16:16:36] I (51) boot: Partition Table:
[16:16:36] I (54) boot: ## Label            Usage          Type ST Offset   Length
[16:16:36] I (60) boot:  0 nvs              WiFi data        01 02 00009000 00006000
[16:16:36] I (67) boot:  1 phy_init         RF data          01 01 0000f000 00001000
[16:16:36] I (73) boot:  2 factory          factory app      00 00 00010000 00100000
[16:16:36] I (80) boot:  3 drawing          Unknown data     01 40 00110000 00300000
[16:16:36] I (86) boot:  4 export           Unknown data     01 41 00410000 00500000
[16:16:36] I (93) boot:  5 coredump         Unknown data     01 03 00910000 00010000
[16:16:36] I (100) boot: End of partition table
[16:16:36] I (103) esp_image: segment 0: paddr=00010020 vaddr=3c040020 size=0fa04h ( 64004) map
[16:16:36] I (120) esp_image: segment 1: paddr=0001fa2c vaddr=3fc93e00 size=005ech (  1516) load
[16:16:36] I (121) esp_image: segment 2: paddr=00020020 vaddr=42000020 size=32790h (206736) map
[16:16:36] I (157) esp_image: segment 3: paddr=000527b8 vaddr=3fc943ec size=03038h ( 12344) load
[16:16:36] I (160) esp_image: segment 4: paddr=000557f8 vaddr=40374000 size=0fd1ch ( 64796) load
[16:16:36] I (174) esp_image: segment 5: paddr=0006551c vaddr=50000000 size=00024h (    36) load
[16:16:36] I (181) boot: Loaded app from partition at offset 0x10000
[16:16:36] I (181) boot: Disabling RNG early entropy source...
[16:16:36] I (192) octal_psram: vendor id    : 0x0d (AP)
[16:16:36] I (192) octal_psram: dev id       : 0x02 (generation 3)
[16:16:36] I (192) octal_psram: density      : 0x03 (64 Mbit)
[16:16:36] I (194) octal_psram: good-die     : 0x01 (Pass)
[16:16:36] I (198) octal_psram: Latency      : 0x01 (Fixed)
[16:16:36] I (203) octal_psram: VCC          : 0x01 (3V)
[16:16:36] I (207) octal_psram: SRF          : 0x01 (Fast Refresh)
[16:16:36] I (212) octal_psram: BurstType    : 0x01 (Hybrid Wrap)
[16:16:36] I (217) octal_psram: BurstLen     : 0x01 (32 Byte)
[16:16:36] I (221) octal_psram: Readlatency  : 0x02 (10 cycles@Fixed)
[16:16:36] I (226) octal_psram: DriveStrength: 0x00 (1/1)
[16:16:36] I (231) MSPI Timing: Enter psram timing tuning
[16:16:36] I (235) esp_psram: Found 8MB PSRAM device
[16:16:36] I (238) esp_psram: Speed: 80MHz
[16:16:36] I (241) cpu_start: Multicore app
[16:16:37] I (657) esp_psram: SPI SRAM memory test OK
[16:16:37] I (666) cpu_start: GPIO 44 and 43 are used as console UART I/O pins
[16:16:37] I (666) cpu_start: Pro cpu start user code
[16:16:37] I (666) cpu_start: cpu freq: 240000000 Hz
[16:16:37] I (668) app_init: Application information:
[16:16:37] I (672) app_init: Project name:     tinydraw_esp32
[16:16:37] I (676) app_init: App version:      092f2a3-dirty
[16:16:37] I (681) app_init: Compile time:     Aug 14 2026 16:13:14
[16:16:37] I (686) app_init: ELF file SHA256:  756a2e4bd...
[16:16:37] I (690) app_init: ESP-IDF:          v6.0.2
[16:16:37] I (694) efuse_init: Min chip rev:     v0.0
[16:16:37] I (698) efuse_init: Max chip rev:     v0.99 
[16:16:37] I (702) efuse_init: Chip rev:         v0.2
[16:16:37] I (706) heap_init: Initializing. RAM available for dynamic allocation:
[16:16:37] I (712) heap_init: At 3FC97EF0 len 00051820 (326 KiB): RAM
[16:16:37] I (717) heap_init: At 3FCE9710 len 00005724 (21 KiB): RAM
[16:16:37] I (722) heap_init: At 3FCF0000 len 00008000 (32 KiB): DRAM
[16:16:37] I (727) heap_init: At 600FE000 len 00001FE8 (7 KiB): RTCRAM
[16:16:37] I (733) esp_psram: Adding pool of 8192K of PSRAM memory to heap allocator
[16:16:37] I (740) spi_flash: detected chip: generic
[16:16:37] I (743) spi_flash: flash io: qio
[16:16:37] I (746) sleep_gpio: Configure to isolate all GPIO pins in sleep state
[16:16:37] I (752) sleep_gpio: Enable automatic switching of GPIO sleep configuration
[16:16:37] I (759) main_task: Started on CPU0
[16:16:37] I (762) main_task: Calling app_main()
[16:16:37] TINYDRAW_PANEL_HARD_RESET=1
[16:16:37] I (959) co5300: version: 2.1.0
[16:16:37] I (960) co5300_spi: LCD panel create success, version: 2.1.0
[16:16:37] W (1040) co5300_spi: The 3Ah command has been used and will be overwritten by external initialization sequence
[16:16:37] I (1141) CST816S: IC id: 183
[16:16:37] TINYDRAW_LIVE_PRESENT kind=startup zoom=25 x=0 y=0 compose_us=35137 scroll_us=0 exposed_compose_us=0 chrome_us=0 read_submit_us=0 read_complete_us=0 transfer_wait_us=19695 tile_pixels=0 uniform_pixels=0 overview_pixels=164864 fallback_pixels=0 resident_tiles=0 fallback_tiles=0 pushes=21 tear_wait_us=10134 tear_sync=1 frame_reused=0 pass=1
[16:16:38] TINYDRAW_LIVE_STRESS operations=1000 samples=20000 total_us=470313 average_us=470 maximum_us=876 free_psram=3042440 largest_psram=3014656
[16:16:38] TINYDRAW_LIVE_PRESENT kind=gate_fallback zoom=100 x=0 y=0 compose_us=23632 scroll_us=0 exposed_compose_us=0 chrome_us=0 read_submit_us=27692 read_complete_us=28493 transfer_wait_us=19857 tile_pixels=0 uniform_pixels=0 overview_pixels=0 fallback_pixels=164864 resident_tiles=0 fallback_tiles=42 pushes=21 tear_wait_us=3167 tear_sync=1 frame_reused=0 pass=1
[16:16:38] TINYDRAW_GATE1_HARD zoom=100 cold=1 operations=1000 samples=20000 steps=192 tiles=42 scanned=12000 rendered=1659 max_supertask_us=8951 presentation_us=63056 total_us=259751 pass=1
[16:16:38] TINYDRAW_LIVE_PRESENT kind=gate_fallback zoom=400 x=0 y=0 compose_us=22969 scroll_us=0 exposed_compose_us=0 chrome_us=0 read_submit_us=29821 read_complete_us=30622 transfer_wait_us=19763 tile_pixels=0 uniform_pixels=0 overview_pixels=0 fallback_pixels=164864 resident_tiles=0 fallback_tiles=42 pushes=21 tear_wait_us=5998 tear_sync=1 frame_reused=0 pass=1
[16:16:38] TINYDRAW_GATE1_HARD zoom=400 cold=1 operations=1000 samples=20000 steps=196 tiles=42 scanned=12000 rendered=120 max_supertask_us=8331 presentation_us=62662 total_us=195791 pass=1
[16:16:39] TINYDRAW_OVERLAP_WORKLOAD operations=8 samples=1200 radius_world=80
[16:16:39] TINYDRAW_GATE1_PACED_COLD corpus=overlap zoom=50 x=215 y=255 steps=334 tiles=56 compute_us=362948 present_us=75004 touch_us=1357 pacing_us=25623 wall_us=464932 max_tick_us=8880 touch_samples=2174 touch_interval_max_us=1935 touch_read_max_us=570 touch_events=0 touch_down=0 touch_up=0 touch_events_ge_8ms=0 touch_event_age_max_us=0 touch_errors=0 touch_overflows=0 pass=1
[16:16:40] TINYDRAW_GATE1_PACED_COLD corpus=overlap zoom=100 x=583 y=703 steps=172 tiles=48 compute_us=223828 present_us=73484 touch_us=768 pacing_us=14899 wall_us=312979 max_tick_us=8627 touch_samples=386 touch_interval_max_us=1843 touch_read_max_us=543 touch_events=0 touch_down=0 touch_up=0 touch_events_ge_8ms=0 touch_event_age_max_us=0 touch_errors=0 touch_overflows=0 pass=1
[16:16:40] TINYDRAW_GATE1_PACED_COLD corpus=overlap zoom=200 x=1319 y=1599 steps=128 tiles=56 compute_us=224132 present_us=76064 touch_us=642 pacing_us=11119 wall_us=311957 max_tick_us=8687 touch_samples=386 touch_interval_max_us=1140 touch_read_max_us=441 touch_events=0 touch_down=0 touch_up=0 touch_events_ge_8ms=0 touch_event_age_max_us=0 touch_errors=0 touch_overflows=0 pass=1
[16:16:40] TINYDRAW_GATE1_PACED_COLD corpus=overlap zoom=400 x=2791 y=3391 steps=94 tiles=56 compute_us=208899 present_us=73068 touch_us=557 pacing_us=7455 wall_us=289979 max_tick_us=8265 touch_samples=364 touch_interval_max_us=1140 touch_read_max_us=464 touch_events=0 touch_down=0 touch_up=0 touch_events_ge_8ms=0 touch_event_age_max_us=0 touch_errors=0 touch_overflows=0 pass=1
[16:16:41] TINYDRAW_ADVERSARIAL_TAPERED_WORKLOAD operations=128 samples=4096 erasers=12 load_us=222112 appended=1
[16:16:41] TINYDRAW_GATE1_PACED_COLD corpus=adversarial_tapered_4x zoom=50 x=0 y=0 steps=104 tiles=42 compute_us=93346 present_us=55082 touch_us=490 pacing_us=9059 wall_us=157977 max_tick_us=6918 touch_samples=489 touch_interval_max_us=1151 touch_read_max_us=415 touch_events=0 touch_down=0 touch_up=0 touch_events_ge_8ms=0 touch_event_age_max_us=0 touch_errors=0 touch_overflows=0 pass=1
[16:16:41] TINYDRAW_GATE1_PACED_COLD corpus=adversarial_tapered_4x zoom=100 x=0 y=0 steps=348 tiles=42 compute_us=156715 present_us=53756 touch_us=1157 pacing_us=25329 wall_us=236957 max_tick_us=7415 touch_samples=315 touch_interval_max_us=1148 touch_read_max_us=418 touch_events=0 touch_down=0 touch_up=0 touch_events_ge_8ms=0 touch_event_age_max_us=0 touch_errors=0 touch_overflows=0 pass=1
[16:16:43] TINYDRAW_GATE1_PACED_COLD corpus=adversarial_tapered_4x zoom=200 x=0 y=0 steps=1214 tiles=42 compute_us=442235 present_us=57673 touch_us=3701 pacing_us=93368 wall_us=596977 max_tick_us=7759 touch_samples=679 touch_interval_max_us=1170 touch_read_max_us=442 touch_events=0 touch_down=0 touch_up=0 touch_events_ge_8ms=0 touch_event_age_max_us=0 touch_errors=0 touch_overflows=0 pass=1
[16:16:43] TINYDRAW_GATE1_PACED_COLD corpus=adversarial_tapered_4x zoom=400 x=0 y=0 steps=904 tiles=42 compute_us=545483 present_us=60681 touch_us=3021 pacing_us=64699 wall_us=673884 max_tick_us=7986 touch_samples=749 touch_interval_max_us=1141 touch_read_max_us=443 touch_events=0 touch_down=0 touch_up=0 touch_events_ge_8ms=0 touch_event_age_max_us=0 touch_errors=0 touch_overflows=0 pass=1
[16:16:43] TINYDRAW_GATE1_WORKLOAD kind=realistic seed=7 operations=1000 samples=19844 maximum_stroke=198 load_us=375531 raw_source=1 lod_copies=0
[16:16:44] TINYDRAW_GATE1_PACED_COLD corpus=seed7 zoom=400 x=63 y=63 steps=281 tiles=56 compute_us=264079 present_us=79060 touch_us=971 pacing_us=19868 wall_us=363978 max_tick_us=10746 touch_samples=933 touch_interval_max_us=1544 touch_read_max_us=458 touch_events=0 touch_down=0 touch_up=0 touch_events_ge_8ms=0 touch_event_age_max_us=0 touch_errors=0 touch_overflows=0 pass=1
[16:16:44] TINYDRAW_LIVE_PRESENT kind=gate_fallback zoom=100 x=0 y=0 compose_us=23993 scroll_us=0 exposed_compose_us=0 chrome_us=0 read_submit_us=31764 read_complete_us=32558 transfer_wait_us=19996 tile_pixels=0 uniform_pixels=0 overview_pixels=0 fallback_pixels=164864 resident_tiles=0 fallback_tiles=42 pushes=21 tear_wait_us=6889 tear_sync=1 frame_reused=0 pass=1
[16:16:46] TINYDRAW_GATE1_HARD zoom=100 cold=1 operations=1000 samples=19844 steps=275 tiles=42 scanned=12000 rendered=5232 max_supertask_us=9091 presentation_us=61781 total_us=363576 pass=1
[16:16:46] TINYDRAW_GATE1_PAN zoom=100 from_x=0 from_y=0 to_x=88 to_y=88 compose_us=27410 scroll_us=11392 exposed_compose_us=16018 chrome_us=0 event_submit_us=30583 event_complete_us=31381 transfer_us=19374 setup=1 present=1 moved=1 frame_reused=1 pass=1
[16:16:46] TINYDRAW_LIVE_PRESENT kind=gate_fallback zoom=400 x=0 y=0 compose_us=23086 scroll_us=0 exposed_compose_us=0 chrome_us=0 read_submit_us=37404 read_complete_us=38205 transfer_wait_us=20051 tile_pixels=0 uniform_pixels=0 overview_pixels=0 fallback_pixels=164864 resident_tiles=0 fallback_tiles=42 pushes=21 tear_wait_us=13432 tear_sync=1 frame_reused=0 pass=1
[16:16:46] TINYDRAW_GATE1_HARD zoom=400 cold=1 operations=1000 samples=19844 steps=211 tiles=42 scanned=12000 rendered=591 max_supertask_us=10695 presentation_us=61883 total_us=253911 pass=1
[16:16:46] TINYDRAW_GATE1_PAN zoom=400 from_x=0 from_y=0 to_x=88 to_y=88 compose_us=27463 scroll_us=11403 exposed_compose_us=16060 chrome_us=0 event_submit_us=30212 event_complete_us=31012 transfer_us=19745 setup=1 present=1 moved=1 frame_reused=1 pass=1
[16:16:46] TINYDRAW_GATE1_DRAW_FILL zoom=400 revision=2140 append_us=1179 poll_gap_us=92 event_submit_us=2321 event_complete_us=2497 max_compute_slice_us=4778 max_display_slice_us=10678 fill_us=249266 revision_restarted=1 pass=1
=== RUN 6 ===
[16:16:47] TINYDRAW_GATE1_LONG_GESTURE path=reference samples=1600 chunks=2ESP-ROM:esp32s3-20210327
[16:16:47] Build:Mar 27 2021
[16:16:47] rst:0x15 (USB_UART_CHIP_RESET),boot:0x2b (SPI_FAST_FLASH_BOOT)
[16:16:47] Saved PC:0x4202b3f1
[16:16:47] SPIWP:0xee
[16:16:47] mode:DIO, clock div:1
[16:16:47] load:0x3fce2820,len:0x1664
[16:16:47] load:0x403c8700,len:0xf38
[16:16:47] load:0x403cb700,len:0x31e8
[16:16:47] entry 0x403c8930
[16:16:47] I (24) boot: ESP-IDF v6.0.2 2nd stage bootloader
[16:16:47] I (24) boot: compile time Aug 14 2026 16:13:20
[16:16:47] I (25) boot: Multicore bootloader
[16:16:47] I (25) boot: chip revision: v0.2
[16:16:47] I (28) boot: efuse block revision: v1.3
[16:16:47] I (31) qio_mode: Enabling default flash chip QIO
[16:16:47] I (36) boot.esp32s3: Boot SPI Speed : 80MHz
[16:16:47] I (39) boot.esp32s3: SPI Mode       : QIO
[16:16:47] I (43) boot.esp32s3: SPI Flash Size : 16MB
[16:16:47] I (47) boot: Enabling RNG early entropy source...
[16:16:47] I (51) boot: Partition Table:
[16:16:47] I (54) boot: ## Label            Usage          Type ST Offset   Length
[16:16:47] I (60) boot:  0 nvs              WiFi data        01 02 00009000 00006000
[16:16:47] I (67) boot:  1 phy_init         RF data          01 01 0000f000 00001000
[16:16:47] I (73) boot:  2 factory          factory app      00 00 00010000 00100000
[16:16:47] I (80) boot:  3 drawing          Unknown data     01 40 00110000 00300000
[16:16:47] I (86) boot:  4 export           Unknown data     01 41 00410000 00500000
[16:16:47] I (93) boot:  5 coredump         Unknown data     01 03 00910000 00010000
[16:16:47] I (100) boot: End of partition table
[16:16:47] I (103) esp_image: segment 0: paddr=00010020 vaddr=3c040020 size=0fa04h ( 64004) map
[16:16:47] I (120) esp_image: segment 1: paddr=0001fa2c vaddr=3fc93e00 size=005ech (  1516) load
[16:16:47] I (121) esp_image: segment 2: paddr=00020020 vaddr=42000020 size=32790h (206736) map
[16:16:47] I (157) esp_image: segment 3: paddr=000527b8 vaddr=3fc943ec size=03038h ( 12344) load
[16:16:47] I (160) esp_image: segment 4: paddr=000557f8 vaddr=40374000 size=0fd1ch ( 64796) load
[16:16:47] I (174) esp_image: segment 5: paddr=0006551c vaddr=50000000 size=00024h (    36) load
[16:16:47] I (181) boot: Loaded app from partition at offset 0x10000
[16:16:47] I (181) boot: Disabling RNG early entropy source...
[16:16:47] I (192) octal_psram: vendor id    : 0x0d (AP)
[16:16:47] I (192) octal_psram: dev id       : 0x02 (generation 3)
[16:16:47] I (192) octal_psram: density      : 0x03 (64 Mbit)
[16:16:47] I (194) octal_psram: good-die     : 0x01 (Pass)
[16:16:47] I (198) octal_psram: Latency      : 0x01 (Fixed)
[16:16:47] I (203) octal_psram: VCC          : 0x01 (3V)
[16:16:47] I (207) octal_psram: SRF          : 0x01 (Fast Refresh)
[16:16:47] I (212) octal_psram: BurstType    : 0x01 (Hybrid Wrap)
[16:16:47] I (217) octal_psram: BurstLen     : 0x01 (32 Byte)
[16:16:47] I (221) octal_psram: Readlatency  : 0x02 (10 cycles@Fixed)
[16:16:47] I (226) octal_psram: DriveStrength: 0x00 (1/1)
[16:16:47] I (231) MSPI Timing: Enter psram timing tuning
[16:16:47] I (235) esp_psram: Found 8MB PSRAM device
[16:16:47] I (238) esp_psram: Speed: 80MHz
[16:16:47] I (241) cpu_start: Multicore app
[16:16:48] I (657) esp_psram: SPI SRAM memory test OK
[16:16:48] I (666) cpu_start: GPIO 44 and 43 are used as console UART I/O pins
[16:16:48] I (666) cpu_start: Pro cpu start user code
[16:16:48] I (666) cpu_start: cpu freq: 240000000 Hz
[16:16:48] I (668) app_init: Application information:
[16:16:48] I (672) app_init: Project name:     tinydraw_esp32
[16:16:48] I (676) app_init: App version:      092f2a3-dirty
[16:16:48] I (681) app_init: Compile time:     Aug 14 2026 16:13:14
[16:16:48] I (686) app_init: ELF file SHA256:  756a2e4bd...
[16:16:48] I (690) app_init: ESP-IDF:          v6.0.2
[16:16:48] I (694) efuse_init: Min chip rev:     v0.0
[16:16:48] I (698) efuse_init: Max chip rev:     v0.99 
[16:16:48] I (702) efuse_init: Chip rev:         v0.2
[16:16:48] I (706) heap_init: Initializing. RAM available for dynamic allocation:
[16:16:48] I (712) heap_init: At 3FC97EF0 len 00051820 (326 KiB): RAM
[16:16:48] I (717) heap_init: At 3FCE9710 len 00005724 (21 KiB): RAM
[16:16:48] I (722) heap_init: At 3FCF0000 len 00008000 (32 KiB): DRAM
[16:16:48] I (727) heap_init: At 600FE000 len 00001FE8 (7 KiB): RTCRAM
[16:16:48] I (733) esp_psram: Adding pool of 8192K of PSRAM memory to heap allocator
[16:16:48] I (740) spi_flash: detected chip: generic
[16:16:48] I (743) spi_flash: flash io: qio
[16:16:48] I (746) sleep_gpio: Configure to isolate all GPIO pins in sleep state
[16:16:48] I (752) sleep_gpio: Enable automatic switching of GPIO sleep configuration
[16:16:48] I (759) main_task: Started on CPU0
[16:16:48] I (762) main_task: Calling app_main()
[16:16:48] TINYDRAW_PANEL_HARD_RESET=1
[16:16:48] I (959) co5300: version: 2.1.0
[16:16:48] I (960) co5300_spi: LCD panel create success, version: 2.1.0
[16:16:48] W (1040) co5300_spi: The 3Ah command has been used and will be overwritten by external initialization sequence
[16:16:48] I (1141) CST816S: IC id: 183
[16:16:48] TINYDRAW_LIVE_PRESENT kind=startup zoom=25 x=0 y=0 compose_us=35135 scroll_us=0 exposed_compose_us=0 chrome_us=0 read_submit_us=0 read_complete_us=0 transfer_wait_us=19765 tile_pixels=0 uniform_pixels=0 overview_pixels=164864 fallback_pixels=0 resident_tiles=0 fallback_tiles=0 pushes=21 tear_wait_us=10039 tear_sync=1 frame_reused=0 pass=1
[16:16:49] TINYDRAW_LIVE_STRESS operations=1000 samples=20000 total_us=470323 average_us=470 maximum_us=872 free_psram=3042440 largest_psram=3014656
[16:16:49] TINYDRAW_LIVE_PRESENT kind=gate_fallback zoom=100 x=0 y=0 compose_us=23633 scroll_us=0 exposed_compose_us=0 chrome_us=0 read_submit_us=27439 read_complete_us=28240 transfer_wait_us=20095 tile_pixels=0 uniform_pixels=0 overview_pixels=0 fallback_pixels=164864 resident_tiles=0 fallback_tiles=42 pushes=21 tear_wait_us=2917 tear_sync=1 frame_reused=0 pass=1
[16:16:49] TINYDRAW_GATE1_HARD zoom=100 cold=1 operations=1000 samples=20000 steps=192 tiles=42 scanned=12000 rendered=1659 max_supertask_us=8919 presentation_us=64015 total_us=260842 pass=1
[16:16:49] TINYDRAW_LIVE_PRESENT kind=gate_fallback zoom=400 x=0 y=0 compose_us=23143 scroll_us=0 exposed_compose_us=0 chrome_us=0 read_submit_us=28403 read_complete_us=29204 transfer_wait_us=20093 tile_pixels=0 uniform_pixels=0 overview_pixels=0 fallback_pixels=164864 resident_tiles=0 fallback_tiles=42 pushes=21 tear_wait_us=4391 tear_sync=1 frame_reused=0 pass=1
[16:16:49] TINYDRAW_GATE1_HARD zoom=400 cold=1 operations=1000 samples=20000 steps=196 tiles=42 scanned=12000 rendered=120 max_supertask_us=8328 presentation_us=62631 total_us=195766 pass=1
[16:16:50] TINYDRAW_OVERLAP_WORKLOAD operations=8 samples=1200 radius_world=80
[16:16:50] TINYDRAW_GATE1_PACED_COLD corpus=overlap zoom=50 x=215 y=255 steps=334 tiles=56 compute_us=363148 present_us=75642 touch_us=1364 pacing_us=25801 wall_us=465955 max_tick_us=8872 touch_samples=2173 touch_interval_max_us=1931 touch_read_max_us=569 touch_events=0 touch_down=0 touch_up=0 touch_events_ge_8ms=0 touch_event_age_max_us=0 touch_errors=0 touch_overflows=0 pass=1
[16:16:51] TINYDRAW_GATE1_PACED_COLD corpus=overlap zoom=100 x=583 y=703 steps=172 tiles=48 compute_us=223816 present_us=73494 touch_us=759 pacing_us=15909 wall_us=313978 max_tick_us=8649 touch_samples=386 touch_interval_max_us=1820 touch_read_max_us=552 touch_events=0 touch_down=0 touch_up=0 touch_events_ge_8ms=0 touch_event_age_max_us=0 touch_errors=0 touch_overflows=0 pass=1
[16:16:51] TINYDRAW_GATE1_PACED_COLD corpus=overlap zoom=200 x=1319 y=1599 steps=128 tiles=56 compute_us=224163 present_us=75142 touch_us=630 pacing_us=11021 wall_us=310956 max_tick_us=8643 touch_samples=383 touch_interval_max_us=1153 touch_read_max_us=436 touch_events=0 touch_down=0 touch_up=0 touch_events_ge_8ms=0 touch_event_age_max_us=0 touch_errors=0 touch_overflows=0 pass=1
[16:16:51] TINYDRAW_GATE1_PACED_COLD corpus=overlap zoom=400 x=2791 y=3391 steps=94 tiles=56 compute_us=209175 present_us=71928 touch_us=551 pacing_us=7325 wall_us=288979 max_tick_us=8151 touch_samples=365 touch_interval_max_us=1143 touch_read_max_us=461 touch_events=0 touch_down=0 touch_up=0 touch_events_ge_8ms=0 touch_event_age_max_us=0 touch_errors=0 touch_overflows=0 pass=1
[16:16:52] TINYDRAW_ADVERSARIAL_TAPERED_WORKLOAD operations=128 samples=4096 erasers=12 load_us=221972 appended=1
[16:16:52] TINYDRAW_GATE1_PACED_COLD corpus=adversarial_tapered_4x zoom=50 x=0 y=0 steps=104 tiles=42 compute_us=93438 present_us=54094 touch_us=506 pacing_us=8943 wall_us=156981 max_tick_us=6918 touch_samples=490 touch_interval_max_us=1125 touch_read_max_us=409 touch_events=0 touch_down=0 touch_up=0 touch_events_ge_8ms=0 touch_event_age_max_us=0 touch_errors=0 touch_overflows=0 pass=1
[16:16:52] TINYDRAW_GATE1_PACED_COLD corpus=adversarial_tapered_4x zoom=100 x=0 y=0 steps=348 tiles=42 compute_us=156927 present_us=53786 touch_us=1165 pacing_us=26079 wall_us=237957 max_tick_us=7453 touch_samples=316 touch_interval_max_us=1148 touch_read_max_us=422 touch_events=0 touch_down=0 touch_up=0 touch_events_ge_8ms=0 touch_event_age_max_us=0 touch_errors=0 touch_overflows=0 pass=1
[16:16:54] TINYDRAW_GATE1_PACED_COLD corpus=adversarial_tapered_4x zoom=200 x=0 y=0 steps=1214 tiles=42 compute_us=442462 present_us=57740 touch_us=3679 pacing_us=94096 wall_us=597977 max_tick_us=7773 touch_samples=679 touch_interval_max_us=1167 touch_read_max_us=441 touch_events=0 touch_down=0 touch_up=0 touch_events_ge_8ms=0 touch_event_age_max_us=0 touch_errors=0 touch_overflows=0 pass=1
[16:16:54] TINYDRAW_GATE1_PACED_COLD corpus=adversarial_tapered_4x zoom=400 x=0 y=0 steps=904 tiles=42 compute_us=545458 present_us=60676 touch_us=2980 pacing_us=65773 wall_us=674887 max_tick_us=7999 touch_samples=750 touch_interval_max_us=1152 touch_read_max_us=430 touch_events=0 touch_down=0 touch_up=0 touch_events_ge_8ms=0 touch_event_age_max_us=0 touch_errors=0 touch_overflows=0 pass=1
[16:16:54] TINYDRAW_GATE1_WORKLOAD kind=realistic seed=7 operations=1000 samples=19844 maximum_stroke=198 load_us=375024 raw_source=1 lod_copies=0
[16:16:55] TINYDRAW_GATE1_PACED_COLD corpus=seed7 zoom=400 x=63 y=63 steps=281 tiles=56 compute_us=264134 present_us=80104 touch_us=958 pacing_us=19783 wall_us=364979 max_tick_us=10731 touch_samples=933 touch_interval_max_us=1511 touch_read_max_us=459 touch_events=0 touch_down=0 touch_up=0 touch_events_ge_8ms=0 touch_event_age_max_us=0 touch_errors=0 touch_overflows=0 pass=1
[16:16:55] TINYDRAW_LIVE_PRESENT kind=gate_fallback zoom=100 x=0 y=0 compose_us=23975 scroll_us=0 exposed_compose_us=0 chrome_us=0 read_submit_us=30715 read_complete_us=31516 transfer_wait_us=20030 tile_pixels=0 uniform_pixels=0 overview_pixels=0 fallback_pixels=164864 resident_tiles=0 fallback_tiles=42 pushes=21 tear_wait_us=5873 tear_sync=1 frame_reused=0 pass=1
[16:16:57] TINYDRAW_GATE1_HARD zoom=100 cold=1 operations=1000 samples=19844 steps=275 tiles=42 scanned=12000 rendered=5232 max_supertask_us=9121 presentation_us=61365 total_us=363575 pass=1
[16:16:57] TINYDRAW_GATE1_PAN zoom=100 from_x=0 from_y=0 to_x=88 to_y=88 compose_us=27553 scroll_us=11390 exposed_compose_us=16163 chrome_us=0 event_submit_us=30722 event_complete_us=31522 transfer_us=20235 setup=1 present=1 moved=1 frame_reused=1 pass=1
[16:16:57] TINYDRAW_LIVE_PRESENT kind=gate_fallback zoom=400 x=0 y=0 compose_us=23167 scroll_us=0 exposed_compose_us=0 chrome_us=0 read_submit_us=36529 read_complete_us=37330 transfer_wait_us=19928 tile_pixels=0 uniform_pixels=0 overview_pixels=0 fallback_pixels=164864 resident_tiles=0 fallback_tiles=42 pushes=21 tear_wait_us=12430 tear_sync=1 frame_reused=0 pass=1
[16:16:57] TINYDRAW_GATE1_HARD zoom=400 cold=1 operations=1000 samples=19844 steps=211 tiles=42 scanned=12000 rendered=591 max_supertask_us=10699 presentation_us=61904 total_us=253920 pass=1
[16:16:57] TINYDRAW_GATE1_PAN zoom=400 from_x=0 from_y=0 to_x=88 to_y=88 compose_us=27443 scroll_us=11407 exposed_compose_us=16036 chrome_us=0 event_submit_us=30307 event_complete_us=31108 transfer_us=19650 setup=1 present=1 moved=1 frame_reused=1 pass=1
[16:16:57] TINYDRAW_GATE1_DRAW_FILL zoom=400 revision=2140 append_us=1138 poll_gap_us=87 event_submit_us=2336 event_complete_us=2512 max_compute_slice_us=4767 max_display_slice_us=10671 fill_us=249422 revision_restarted=1 pass=1
=== RUN 7 ===
[16:16:58] TINYDRAW_GATE1_LONG_GESTURE path=reference samples=1600 chunks=2ESP-ROM:esp32s3-20210327
[16:16:58] Build:Mar 27 2021
[16:16:58] rst:0x15 (USB_UART_CHIP_RESET),boot:0x2b (SPI_FAST_FLASH_BOOT)
[16:16:58] Saved PC:0x4037b7d6
[16:16:58] SPIWP:0xee
[16:16:58] mode:DIO, clock div:1
[16:16:58] load:0x3fce2820,len:0x1664
[16:16:58] load:0x403c8700,len:0xf38
[16:16:58] load:0x403cb700,len:0x31e8
[16:16:58] entry 0x403c8930
[16:16:58] I (24) boot: ESP-IDF v6.0.2 2nd stage bootloader
[16:16:58] I (24) boot: compile time Aug 14 2026 16:13:20
[16:16:58] I (25) boot: Multicore bootloader
[16:16:58] I (25) boot: chip revision: v0.2
[16:16:58] I (28) boot: efuse block revision: v1.3
[16:16:58] I (31) qio_mode: Enabling default flash chip QIO
[16:16:58] I (36) boot.esp32s3: Boot SPI Speed : 80MHz
[16:16:58] I (39) boot.esp32s3: SPI Mode       : QIO
[16:16:58] I (43) boot.esp32s3: SPI Flash Size : 16MB
[16:16:58] I (47) boot: Enabling RNG early entropy source...
[16:16:58] I (51) boot: Partition Table:
[16:16:58] I (54) boot: ## Label            Usage          Type ST Offset   Length
[16:16:58] I (60) boot:  0 nvs              WiFi data        01 02 00009000 00006000
[16:16:58] I (67) boot:  1 phy_init         RF data          01 01 0000f000 00001000
[16:16:58] I (73) boot:  2 factory          factory app      00 00 00010000 00100000
[16:16:58] I (80) boot:  3 drawing          Unknown data     01 40 00110000 00300000
[16:16:58] I (86) boot:  4 export           Unknown data     01 41 00410000 00500000
[16:16:58] I (93) boot:  5 coredump         Unknown data     01 03 00910000 00010000
[16:16:58] I (100) boot: End of partition table
[16:16:58] I (103) esp_image: segment 0: paddr=00010020 vaddr=3c040020 size=0fa04h ( 64004) map
[16:16:58] I (120) esp_image: segment 1: paddr=0001fa2c vaddr=3fc93e00 size=005ech (  1516) load
[16:16:58] I (121) esp_image: segment 2: paddr=00020020 vaddr=42000020 size=32790h (206736) map
[16:16:58] I (157) esp_image: segment 3: paddr=000527b8 vaddr=3fc943ec size=03038h ( 12344) load
[16:16:58] I (160) esp_image: segment 4: paddr=000557f8 vaddr=40374000 size=0fd1ch ( 64796) load
[16:16:58] I (174) esp_image: segment 5: paddr=0006551c vaddr=50000000 size=00024h (    36) load
[16:16:58] I (181) boot: Loaded app from partition at offset 0x10000
[16:16:58] I (181) boot: Disabling RNG early entropy source...
[16:16:58] I (192) octal_psram: vendor id    : 0x0d (AP)
[16:16:58] I (192) octal_psram: dev id       : 0x02 (generation 3)
[16:16:58] I (192) octal_psram: density      : 0x03 (64 Mbit)
[16:16:58] I (194) octal_psram: good-die     : 0x01 (Pass)
[16:16:58] I (198) octal_psram: Latency      : 0x01 (Fixed)
[16:16:58] I (203) octal_psram: VCC          : 0x01 (3V)
[16:16:58] I (207) octal_psram: SRF          : 0x01 (Fast Refresh)
[16:16:58] I (212) octal_psram: BurstType    : 0x01 (Hybrid Wrap)
[16:16:58] I (217) octal_psram: BurstLen     : 0x01 (32 Byte)
[16:16:58] I (221) octal_psram: Readlatency  : 0x02 (10 cycles@Fixed)
[16:16:58] I (226) octal_psram: DriveStrength: 0x00 (1/1)
[16:16:58] I (231) MSPI Timing: Enter psram timing tuning
[16:16:58] I (235) esp_psram: Found 8MB PSRAM device
[16:16:58] I (238) esp_psram: Speed: 80MHz
[16:16:58] I (241) cpu_start: Multicore app
[16:16:58] I (657) esp_psram: SPI SRAM memory test OK
[16:16:58] I (666) cpu_start: GPIO 44 and 43 are used as console UART I/O pins
[16:16:58] I (666) cpu_start: Pro cpu start user code
[16:16:58] I (666) cpu_start: cpu freq: 240000000 Hz
[16:16:58] I (668) app_init: Application information:
[16:16:58] I (672) app_init: Project name:     tinydraw_esp32
[16:16:58] I (676) app_init: App version:      092f2a3-dirty
[16:16:58] I (681) app_init: Compile time:     Aug 14 2026 16:13:14
[16:16:58] I (686) app_init: ELF file SHA256:  756a2e4bd...
[16:16:58] I (690) app_init: ESP-IDF:          v6.0.2
[16:16:58] I (694) efuse_init: Min chip rev:     v0.0
[16:16:58] I (698) efuse_init: Max chip rev:     v0.99 
[16:16:58] I (702) efuse_init: Chip rev:         v0.2
[16:16:58] I (706) heap_init: Initializing. RAM available for dynamic allocation:
[16:16:59] I (712) heap_init: At 3FC97EF0 len 00051820 (326 KiB): RAM
[16:16:59] I (717) heap_init: At 3FCE9710 len 00005724 (21 KiB): RAM
[16:16:59] I (722) heap_init: At 3FCF0000 len 00008000 (32 KiB): DRAM
[16:16:59] I (727) heap_init: At 600FE000 len 00001FE8 (7 KiB): RTCRAM
[16:16:59] I (733) esp_psram: Adding pool of 8192K of PSRAM memory to heap allocator
[16:16:59] I (740) spi_flash: detected chip: generic
[16:16:59] I (743) spi_flash: flash io: qio
[16:16:59] I (746) sleep_gpio: Configure to isolate all GPIO pins in sleep state
[16:16:59] I (752) sleep_gpio: Enable automatic switching of GPIO sleep configuration
[16:16:59] I (759) main_task: Started on CPU0
[16:16:59] I (762) main_task: Calling app_main()
[16:16:59] TINYDRAW_PANEL_HARD_RESET=1
[16:16:59] I (959) co5300: version: 2.1.0
[16:16:59] I (960) co5300_spi: LCD panel create success, version: 2.1.0
[16:16:59] W (1040) co5300_spi: The 3Ah command has been used and will be overwritten by external initialization sequence
[16:16:59] I (1141) CST816S: IC id: 183
[16:16:59] TINYDRAW_LIVE_PRESENT kind=startup zoom=25 x=0 y=0 compose_us=35135 scroll_us=0 exposed_compose_us=0 chrome_us=0 read_submit_us=0 read_complete_us=0 transfer_wait_us=19762 tile_pixels=0 uniform_pixels=0 overview_pixels=164864 fallback_pixels=0 resident_tiles=0 fallback_tiles=0 pushes=21 tear_wait_us=10043 tear_sync=1 frame_reused=0 pass=1
[16:17:00] TINYDRAW_LIVE_STRESS operations=1000 samples=20000 total_us=470906 average_us=470 maximum_us=876 free_psram=3042440 largest_psram=3014656
[16:17:00] TINYDRAW_LIVE_PRESENT kind=gate_fallback zoom=100 x=0 y=0 compose_us=23661 scroll_us=0 exposed_compose_us=0 chrome_us=0 read_submit_us=26813 read_complete_us=27613 transfer_wait_us=20103 tile_pixels=0 uniform_pixels=0 overview_pixels=0 fallback_pixels=164864 resident_tiles=0 fallback_tiles=42 pushes=21 tear_wait_us=2235 tear_sync=1 frame_reused=0 pass=1
[16:17:00] TINYDRAW_GATE1_HARD zoom=100 cold=1 operations=1000 samples=20000 steps=192 tiles=42 scanned=12000 rendered=1659 max_supertask_us=8968 presentation_us=64038 total_us=260828 pass=1
[16:17:00] TINYDRAW_LIVE_PRESENT kind=gate_fallback zoom=400 x=0 y=0 compose_us=23015 scroll_us=0 exposed_compose_us=0 chrome_us=0 read_submit_us=28417 read_complete_us=29219 transfer_wait_us=20099 tile_pixels=0 uniform_pixels=0 overview_pixels=0 fallback_pixels=164864 resident_tiles=0 fallback_tiles=42 pushes=21 tear_wait_us=4494 tear_sync=1 frame_reused=0 pass=1
[16:17:00] TINYDRAW_GATE1_HARD zoom=400 cold=1 operations=1000 samples=20000 steps=196 tiles=42 scanned=12000 rendered=120 max_supertask_us=8327 presentation_us=62702 total_us=195779 pass=1
[16:17:01] TINYDRAW_OVERLAP_WORKLOAD operations=8 samples=1200 radius_world=80
[16:17:01] TINYDRAW_GATE1_PACED_COLD corpus=overlap zoom=50 x=215 y=255 steps=334 tiles=56 compute_us=363097 present_us=76435 touch_us=1327 pacing_us=26080 wall_us=466939 max_tick_us=8989 touch_samples=2175 touch_interval_max_us=1923 touch_read_max_us=569 touch_events=0 touch_down=0 touch_up=0 touch_events_ge_8ms=0 touch_event_age_max_us=0 touch_errors=0 touch_overflows=0 pass=1
[16:17:02] TINYDRAW_GATE1_PACED_COLD corpus=overlap zoom=100 x=583 y=703 steps=172 tiles=48 compute_us=223754 present_us=73598 touch_us=765 pacing_us=15861 wall_us=313978 max_tick_us=8656 touch_samples=384 touch_interval_max_us=1851 touch_read_max_us=530 touch_events=0 touch_down=0 touch_up=0 touch_events_ge_8ms=0 touch_event_age_max_us=0 touch_errors=0 touch_overflows=0 pass=1
[16:17:02] TINYDRAW_GATE1_PACED_COLD corpus=overlap zoom=200 x=1319 y=1599 steps=128 tiles=56 compute_us=224207 present_us=75147 touch_us=628 pacing_us=10975 wall_us=310957 max_tick_us=8626 touch_samples=384 touch_interval_max_us=1147 touch_read_max_us=448 touch_events=0 touch_down=0 touch_up=0 touch_events_ge_8ms=0 touch_event_age_max_us=0 touch_errors=0 touch_overflows=0 pass=1
[16:17:02] TINYDRAW_GATE1_PACED_COLD corpus=overlap zoom=400 x=2791 y=3391 steps=94 tiles=56 compute_us=209166 present_us=72951 touch_us=552 pacing_us=7310 wall_us=289979 max_tick_us=8179 touch_samples=365 touch_interval_max_us=1162 touch_read_max_us=452 touch_events=0 touch_down=0 touch_up=0 touch_events_ge_8ms=0 touch_event_age_max_us=0 touch_errors=0 touch_overflows=0 pass=1
[16:17:03] TINYDRAW_ADVERSARIAL_TAPERED_WORKLOAD operations=128 samples=4096 erasers=12 load_us=221589 appended=1
[16:17:03] TINYDRAW_GATE1_PACED_COLD corpus=adversarial_tapered_4x zoom=50 x=0 y=0 steps=104 tiles=42 compute_us=93254 present_us=55124 touch_us=498 pacing_us=9093 wall_us=157969 max_tick_us=6922 touch_samples=489 touch_interval_max_us=1157 touch_read_max_us=443 touch_events=0 touch_down=0 touch_up=0 touch_events_ge_8ms=0 touch_event_age_max_us=0 touch_errors=0 touch_overflows=0 pass=1
[16:17:03] TINYDRAW_GATE1_PACED_COLD corpus=adversarial_tapered_4x zoom=100 x=0 y=0 steps=348 tiles=42 compute_us=156945 present_us=53790 touch_us=1158 pacing_us=26064 wall_us=237957 max_tick_us=7428 touch_samples=316 touch_interval_max_us=1138 touch_read_max_us=408 touch_events=0 touch_down=0 touch_up=0 touch_events_ge_8ms=0 touch_event_age_max_us=0 touch_errors=0 touch_overflows=0 pass=1
[16:17:05] TINYDRAW_GATE1_PACED_COLD corpus=adversarial_tapered_4x zoom=200 x=0 y=0 steps=1214 tiles=42 compute_us=441927 present_us=57700 touch_us=3710 pacing_us=92640 wall_us=595977 max_tick_us=7766 touch_samples=677 touch_interval_max_us=1163 touch_read_max_us=447 touch_events=0 touch_down=0 touch_up=0 touch_events_ge_8ms=0 touch_event_age_max_us=0 touch_errors=0 touch_overflows=0 pass=1
[16:17:05] TINYDRAW_GATE1_PACED_COLD corpus=adversarial_tapered_4x zoom=400 x=0 y=0 steps=904 tiles=42 compute_us=545351 present_us=60675 touch_us=3041 pacing_us=66822 wall_us=675889 max_tick_us=8000 touch_samples=752 touch_interval_max_us=1175 touch_read_max_us=431 touch_events=0 touch_down=0 touch_up=0 touch_events_ge_8ms=0 touch_event_age_max_us=0 touch_errors=0 touch_overflows=0 pass=1
[16:17:05] TINYDRAW_GATE1_WORKLOAD kind=realistic seed=7 operations=1000 samples=19844 maximum_stroke=198 load_us=376459 raw_source=1 lod_copies=0
[16:17:06] TINYDRAW_GATE1_PACED_COLD corpus=seed7 zoom=400 x=63 y=63 steps=281 tiles=56 compute_us=264053 present_us=79133 touch_us=951 pacing_us=19842 wall_us=363979 max_tick_us=10725 touch_samples=931 touch_interval_max_us=1954 touch_read_max_us=485 touch_events=0 touch_down=0 touch_up=0 touch_events_ge_8ms=0 touch_event_age_max_us=0 touch_errors=0 touch_overflows=0 pass=1
[16:17:06] TINYDRAW_LIVE_PRESENT kind=gate_fallback zoom=100 x=0 y=0 compose_us=23881 scroll_us=0 exposed_compose_us=0 chrome_us=0 read_submit_us=31989 read_complete_us=32790 transfer_wait_us=19774 tile_pixels=0 uniform_pixels=0 overview_pixels=0 fallback_pixels=164864 resident_tiles=0 fallback_tiles=42 pushes=21 tear_wait_us=7229 tear_sync=1 frame_reused=0 pass=1
[16:17:08] TINYDRAW_GATE1_HARD zoom=100 cold=1 operations=1000 samples=19844 steps=275 tiles=42 scanned=12000 rendered=5232 max_supertask_us=9105 presentation_us=61341 total_us=363562 pass=1
[16:17:08] TINYDRAW_GATE1_PAN zoom=100 from_x=0 from_y=0 to_x=88 to_y=88 compose_us=27455 scroll_us=11401 exposed_compose_us=16054 chrome_us=0 event_submit_us=30886 event_complete_us=31686 transfer_us=20071 setup=1 present=1 moved=1 frame_reused=1 pass=1
[16:17:08] TINYDRAW_LIVE_PRESENT kind=gate_fallback zoom=400 x=0 y=0 compose_us=23105 scroll_us=0 exposed_compose_us=0 chrome_us=0 read_submit_us=36696 read_complete_us=37498 transfer_wait_us=19761 tile_pixels=0 uniform_pixels=0 overview_pixels=0 fallback_pixels=164864 resident_tiles=0 fallback_tiles=42 pushes=21 tear_wait_us=12683 tear_sync=1 frame_reused=0 pass=1
[16:17:08] TINYDRAW_GATE1_HARD zoom=400 cold=1 operations=1000 samples=19844 steps=211 tiles=42 scanned=12000 rendered=591 max_supertask_us=10687 presentation_us=61882 total_us=253933 pass=1
[16:17:08] TINYDRAW_GATE1_PAN zoom=400 from_x=0 from_y=0 to_x=88 to_y=88 compose_us=27443 scroll_us=11400 exposed_compose_us=16043 chrome_us=0 event_submit_us=30723 event_complete_us=31523 transfer_us=20232 setup=1 present=1 moved=1 frame_reused=1 pass=1
[16:17:08] TINYDRAW_GATE1_DRAW_FILL zoom=400 revision=2140 append_us=1132 poll_gap_us=95 event_submit_us=2307 event_complete_us=2484 max_compute_slice_us=4788 max_display_slice_us=10683 fill_us=249375 revision_restarted=1 pass=1
=== RUN 8 ===
[16:17:09] ESP-ROM:esp32s3-20210327
[16:17:09] Build:Mar 27 2021
[16:17:09] rst:0x15 (USB_UART_CHIP_RESET),boot:0x2b (SPI_FAST_FLASH_BOOT)
[16:17:09] Saved PC:0x4201d016
[16:17:09] SPIWP:0xee
[16:17:09] mode:DIO, clock div:1
[16:17:09] load:0x3fce2820,len:0x1664
[16:17:09] load:0x403c8700,len:0xf38
[16:17:09] load:0x403cb700,len:0x31e8
[16:17:09] entry 0x403c8930
[16:17:09] I (24) boot: ESP-IDF v6.0.2 2nd stage bootloader
[16:17:09] I (24) boot: compile time Aug 14 2026 16:13:20
[16:17:09] I (25) boot: Multicore bootloader
[16:17:09] I (25) boot: chip revision: v0.2
[16:17:09] I (28) boot: efuse block revision: v1.3
[16:17:09] I (31) qio_mode: Enabling default flash chip QIO
[16:17:09] I (36) boot.esp32s3: Boot SPI Speed : 80MHz
[16:17:09] I (39) boot.esp32s3: SPI Mode       : QIO
[16:17:09] I (43) boot.esp32s3: SPI Flash Size : 16MB
[16:17:09] I (47) boot: Enabling RNG early entropy source...
[16:17:09] I (51) boot: Partition Table:
[16:17:09] I (54) boot: ## Label            Usage          Type ST Offset   Length
[16:17:09] I (60) boot:  0 nvs              WiFi data        01 02 00009000 00006000
[16:17:09] I (67) boot:  1 phy_init         RF data          01 01 0000f000 00001000
[16:17:09] I (73) boot:  2 factory          factory app      00 00 00010000 00100000
[16:17:09] I (80) boot:  3 drawing          Unknown data     01 40 00110000 00300000
[16:17:09] I (86) boot:  4 export           Unknown data     01 41 00410000 00500000
[16:17:09] I (93) boot:  5 coredump         Unknown data     01 03 00910000 00010000
[16:17:09] I (100) boot: End of partition table
[16:17:09] I (103) esp_image: segment 0: paddr=00010020 vaddr=3c040020 size=0fa04h ( 64004) map
[16:17:09] I (120) esp_image: segment 1: paddr=0001fa2c vaddr=3fc93e00 size=005ech (  1516) load
[16:17:09] I (121) esp_image: segment 2: paddr=00020020 vaddr=42000020 size=32790h (206736) map
[16:17:09] I (157) esp_image: segment 3: paddr=000527b8 vaddr=3fc943ec size=03038h ( 12344) load
[16:17:09] I (160) esp_image: segment 4: paddr=000557f8 vaddr=40374000 size=0fd1ch ( 64796) load
[16:17:09] I (174) esp_image: segment 5: paddr=0006551c vaddr=50000000 size=00024h (    36) load
[16:17:09] I (181) boot: Loaded app from partition at offset 0x10000
[16:17:09] I (181) boot: Disabling RNG early entropy source...
[16:17:09] I (192) octal_psram: vendor id    : 0x0d (AP)
[16:17:09] I (192) octal_psram: dev id       : 0x02 (generation 3)
[16:17:09] I (192) octal_psram: density      : 0x03 (64 Mbit)
[16:17:09] I (194) octal_psram: good-die     : 0x01 (Pass)
[16:17:09] I (198) octal_psram: Latency      : 0x01 (Fixed)
[16:17:09] I (203) octal_psram: VCC          : 0x01 (3V)
[16:17:09] I (207) octal_psram: SRF          : 0x01 (Fast Refresh)
[16:17:09] I (212) octal_psram: BurstType    : 0x01 (Hybrid Wrap)
[16:17:09] I (217) octal_psram: BurstLen     : 0x01 (32 Byte)
[16:17:09] I (221) octal_psram: Readlatency  : 0x02 (10 cycles@Fixed)
[16:17:09] I (226) octal_psram: DriveStrength: 0x00 (1/1)
[16:17:09] I (231) MSPI Timing: Enter psram timing tuning
[16:17:09] I (235) esp_psram: Found 8MB PSRAM device
[16:17:09] I (238) esp_psram: Speed: 80MHz
[16:17:09] I (241) cpu_start: Multicore app
[16:17:09] I (657) esp_psram: SPI SRAM memory test OK
[16:17:09] I (666) cpu_start: GPIO 44 and 43 are used as console UART I/O pins
[16:17:09] I (666) cpu_start: Pro cpu start user code
[16:17:09] I (666) cpu_start: cpu freq: 240000000 Hz
[16:17:09] I (668) app_init: Application information:
[16:17:09] I (672) app_init: Project name:     tinydraw_esp32
[16:17:09] I (676) app_init: App version:      092f2a3-dirty
[16:17:09] I (681) app_init: Compile time:     Aug 14 2026 16:13:14
[16:17:09] I (686) app_init: ELF file SHA256:  756a2e4bd...
[16:17:09] I (690) app_init: ESP-IDF:          v6.0.2
[16:17:09] I (694) efuse_init: Min chip rev:     v0.0
[16:17:09] I (698) efuse_init: Max chip rev:     v0.99 
[16:17:09] I (702) efuse_init: Chip rev:         v0.2
[16:17:10] I (706) heap_init: Initializing. RAM available for dynamic allocation:
[16:17:10] I (712) heap_init: At 3FC97EF0 len 00051820 (326 KiB): RAM
[16:17:10] I (717) heap_init: At 3FCE9710 len 00005724 (21 KiB): RAM
[16:17:10] I (722) heap_init: At 3FCF0000 len 00008000 (32 KiB): DRAM
[16:17:10] I (727) heap_init: At 600FE000 len 00001FE8 (7 KiB): RTCRAM
[16:17:10] I (733) esp_psram: Adding pool of 8192K of PSRAM memory to heap allocator
[16:17:10] I (740) spi_flash: detected chip: generic
[16:17:10] I (743) spi_flash: flash io: qio
[16:17:10] I (746) sleep_gpio: Configure to isolate all GPIO pins in sleep state
[16:17:10] I (752) sleep_gpio: Enable automatic switching of GPIO sleep configuration
[16:17:10] I (759) main_task: Started on CPU0
[16:17:10] I (762) main_task: Calling app_main()
[16:17:10] TINYDRAW_PANEL_HARD_RESET=1
[16:17:10] I (959) co5300: version: 2.1.0
[16:17:10] I (960) co5300_spi: LCD panel create success, version: 2.1.0
[16:17:10] W (1040) co5300_spi: The 3Ah command has been used and will be overwritten by external initialization sequence
[16:17:10] I (1141) CST816S: IC id: 183
[16:17:10] TINYDRAW_LIVE_PRESENT kind=startup zoom=25 x=0 y=0 compose_us=35134 scroll_us=0 exposed_compose_us=0 chrome_us=0 read_submit_us=0 read_complete_us=0 transfer_wait_us=19692 tile_pixels=0 uniform_pixels=0 overview_pixels=164864 fallback_pixels=0 resident_tiles=0 fallback_tiles=0 pushes=21 tear_wait_us=10139 tear_sync=1 frame_reused=0 pass=1
[16:17:11] TINYDRAW_LIVE_STRESS operations=1000 samples=20000 total_us=471364 average_us=471 maximum_us=876 free_psram=3042440 largest_psram=3014656
[16:17:11] TINYDRAW_LIVE_PRESENT kind=gate_fallback zoom=100 x=0 y=0 compose_us=23665 scroll_us=0 exposed_compose_us=0 chrome_us=0 read_submit_us=26893 read_complete_us=27694 transfer_wait_us=19564 tile_pixels=0 uniform_pixels=0 overview_pixels=0 fallback_pixels=164864 resident_tiles=0 fallback_tiles=42 pushes=21 tear_wait_us=2392 tear_sync=1 frame_reused=0 pass=1
[16:17:11] TINYDRAW_GATE1_HARD zoom=100 cold=1 operations=1000 samples=20000 steps=192 tiles=42 scanned=12000 rendered=1659 max_supertask_us=8939 presentation_us=63999 total_us=260824 pass=1
[16:17:11] TINYDRAW_LIVE_PRESENT kind=gate_fallback zoom=400 x=0 y=0 compose_us=23117 scroll_us=0 exposed_compose_us=0 chrome_us=0 read_submit_us=29219 read_complete_us=30020 transfer_wait_us=20284 tile_pixels=0 uniform_pixels=0 overview_pixels=0 fallback_pixels=164864 resident_tiles=0 fallback_tiles=42 pushes=21 tear_wait_us=5253 tear_sync=1 frame_reused=0 pass=1
[16:17:11] TINYDRAW_GATE1_HARD zoom=400 cold=1 operations=1000 samples=20000 steps=196 tiles=42 scanned=12000 rendered=120 max_supertask_us=8319 presentation_us=61701 total_us=194792 pass=1
[16:17:12] TINYDRAW_OVERLAP_WORKLOAD operations=8 samples=1200 radius_world=80
[16:17:12] TINYDRAW_GATE1_PACED_COLD corpus=overlap zoom=50 x=215 y=255 steps=334 tiles=56 compute_us=362877 present_us=75999 touch_us=1364 pacing_us=24715 wall_us=464955 max_tick_us=8890 touch_samples=2158 touch_interval_max_us=1937 touch_read_max_us=570 touch_events=0 touch_down=0 touch_up=0 touch_events_ge_8ms=0 touch_event_age_max_us=0 touch_errors=0 touch_overflows=0 pass=1
[16:17:12] TINYDRAW_GATE1_PACED_COLD corpus=overlap zoom=100 x=583 y=703 steps=172 tiles=48 compute_us=223801 present_us=73556 touch_us=754 pacing_us=15868 wall_us=313979 max_tick_us=8642 touch_samples=387 touch_interval_max_us=1884 touch_read_max_us=509 touch_events=0 touch_down=0 touch_up=0 touch_events_ge_8ms=0 touch_event_age_max_us=0 touch_errors=0 touch_overflows=0 pass=1
[16:17:13] TINYDRAW_GATE1_PACED_COLD corpus=overlap zoom=200 x=1319 y=1599 steps=128 tiles=56 compute_us=224131 present_us=75187 touch_us=646 pacing_us=10994 wall_us=310958 max_tick_us=8635 touch_samples=384 touch_interval_max_us=1140 touch_read_max_us=432 touch_events=0 touch_down=0 touch_up=0 touch_events_ge_8ms=0 touch_event_age_max_us=0 touch_errors=0 touch_overflows=0 pass=1
[16:17:13] TINYDRAW_GATE1_PACED_COLD corpus=overlap zoom=400 x=2791 y=3391 steps=94 tiles=56 compute_us=209123 present_us=72055 touch_us=549 pacing_us=7251 wall_us=288978 max_tick_us=8257 touch_samples=365 touch_interval_max_us=1154 touch_read_max_us=451 touch_events=0 touch_down=0 touch_up=0 touch_events_ge_8ms=0 touch_event_age_max_us=0 touch_errors=0 touch_overflows=0 pass=1
[16:17:13] TINYDRAW_ADVERSARIAL_TAPERED_WORKLOAD operations=128 samples=4096 erasers=12 load_us=222034 appended=1
[16:17:14] TINYDRAW_GATE1_PACED_COLD corpus=adversarial_tapered_4x zoom=50 x=0 y=0 steps=104 tiles=42 compute_us=93279 present_us=55098 touch_us=511 pacing_us=9089 wall_us=157977 max_tick_us=6915 touch_samples=491 touch_interval_max_us=1123 touch_read_max_us=416 touch_events=0 touch_down=0 touch_up=0 touch_events_ge_8ms=0 touch_event_age_max_us=0 touch_errors=0 touch_overflows=0 pass=1
[16:17:14] TINYDRAW_GATE1_PACED_COLD corpus=adversarial_tapered_4x zoom=100 x=0 y=0 steps=348 tiles=42 compute_us=156941 present_us=53761 touch_us=1164 pacing_us=26092 wall_us=237958 max_tick_us=7434 touch_samples=315 touch_interval_max_us=1147 touch_read_max_us=417 touch_events=0 touch_down=0 touch_up=0 touch_events_ge_8ms=0 touch_event_age_max_us=0 touch_errors=0 touch_overflows=0 pass=1
[16:17:15] TINYDRAW_GATE1_PACED_COLD corpus=adversarial_tapered_4x zoom=200 x=0 y=0 steps=1214 tiles=42 compute_us=442107 present_us=57782 touch_us=3734 pacing_us=92355 wall_us=595978 max_tick_us=7760 touch_samples=678 touch_interval_max_us=1164 touch_read_max_us=436 touch_events=0 touch_down=0 touch_up=0 touch_events_ge_8ms=0 touch_event_age_max_us=0 touch_errors=0 touch_overflows=0 pass=1
[16:17:15] TINYDRAW_GATE1_PACED_COLD corpus=adversarial_tapered_4x zoom=400 x=0 y=0 steps=904 tiles=42 compute_us=545324 present_us=60624 touch_us=3052 pacing_us=65889 wall_us=674889 max_tick_us=7994 touch_samples=751 touch_interval_max_us=1161 touch_read_max_us=427 touch_events=0 touch_down=0 touch_up=0 touch_events_ge_8ms=0 touch_event_age_max_us=0 touch_errors=0 touch_overflows=0 pass=1
[16:17:16] TINYDRAW_GATE1_WORKLOAD kind=realistic seed=7 operations=1000 samples=19844 maximum_stroke=198 load_us=374605 raw_source=1 lod_copies=0
[16:17:16] TINYDRAW_GATE1_PACED_COLD corpus=seed7 zoom=400 x=63 y=63 steps=281 tiles=56 compute_us=263962 present_us=79252 touch_us=975 pacing_us=19791 wall_us=363980 max_tick_us=10741 touch_samples=930 touch_interval_max_us=1976 touch_read_max_us=507 touch_events=0 touch_down=0 touch_up=0 touch_events_ge_8ms=0 touch_event_age_max_us=0 touch_errors=0 touch_overflows=0 pass=1
[16:17:16] TINYDRAW_LIVE_PRESENT kind=gate_fallback zoom=100 x=0 y=0 compose_us=23983 scroll_us=0 exposed_compose_us=0 chrome_us=0 read_submit_us=31771 read_complete_us=32567 transfer_wait_us=19991 tile_pixels=0 uniform_pixels=0 overview_pixels=0 fallback_pixels=164864 resident_tiles=0 fallback_tiles=42 pushes=21 tear_wait_us=6906 tear_sync=1 frame_reused=0 pass=1
[16:17:19] TINYDRAW_GATE1_HARD zoom=100 cold=1 operations=1000 samples=19844 steps=275 tiles=42 scanned=12000 rendered=5232 max_supertask_us=9098 presentation_us=61556 total_us=363456 pass=1
[16:17:19] TINYDRAW_GATE1_PAN zoom=100 from_x=0 from_y=0 to_x=88 to_y=88 compose_us=27500 scroll_us=11394 exposed_compose_us=16106 chrome_us=0 event_submit_us=30598 event_complete_us=31398 transfer_us=19360 setup=1 present=1 moved=1 frame_reused=1 pass=1
[16:17:19] TINYDRAW_LIVE_PRESENT kind=gate_fallback zoom=400 x=0 y=0 compose_us=23123 scroll_us=0 exposed_compose_us=0 chrome_us=0 read_submit_us=37545 read_complete_us=38346 transfer_wait_us=19913 tile_pixels=0 uniform_pixels=0 overview_pixels=0 fallback_pixels=164864 resident_tiles=0 fallback_tiles=42 pushes=21 tear_wait_us=13504 tear_sync=1 frame_reused=0 pass=1
[16:17:19] TINYDRAW_GATE1_HARD zoom=400 cold=1 operations=1000 samples=19844 steps=211 tiles=42 scanned=12000 rendered=591 max_supertask_us=10687 presentation_us=61912 total_us=253912 pass=1
[16:17:19] TINYDRAW_GATE1_PAN zoom=400 from_x=0 from_y=0 to_x=88 to_y=88 compose_us=27440 scroll_us=11389 exposed_compose_us=16051 chrome_us=0 event_submit_us=30326 event_complete_us=31127 transfer_us=19631 setup=1 present=1 moved=1 frame_reused=1 pass=1
[16:17:19] TINYDRAW_GATE1_DRAW_FILL zoom=400 revision=2140 append_us=1128 poll_gap_us=89 event_submit_us=2319 event_complete_us=2497 max_compute_slice_us=4770 max_display_slice_us=10674 fill_us=249302 revision_restarted=1 pass=1
=== RUN 9 ===
[16:17:20] TINYDRAW_GATE1_LONG_GESTURE path=reference samples=1600 chunks=2ESP-ROM:esp32s3-20210327
[16:17:20] Build:Mar 27 2021
[16:17:20] rst:0x15 (USB_UART_CHIP_RESET),boot:0x2b (SPI_FAST_FLASH_BOOT)
[16:17:20] Saved PC:0x4202b3f8
[16:17:20] SPIWP:0xee
[16:17:20] mode:DIO, clock div:1
[16:17:20] load:0x3fce2820,len:0x1664
[16:17:20] load:0x403c8700,len:0xf38
[16:17:20] load:0x403cb700,len:0x31e8
[16:17:20] entry 0x403c8930
[16:17:20] I (24) boot: ESP-IDF v6.0.2 2nd stage bootloader
[16:17:20] I (24) boot: compile time Aug 14 2026 16:13:20
[16:17:20] I (25) boot: Multicore bootloader
[16:17:20] I (25) boot: chip revision: v0.2
[16:17:20] I (28) boot: efuse block revision: v1.3
[16:17:20] I (31) qio_mode: Enabling default flash chip QIO
[16:17:20] I (36) boot.esp32s3: Boot SPI Speed : 80MHz
[16:17:20] I (39) boot.esp32s3: SPI Mode       : QIO
[16:17:20] I (43) boot.esp32s3: SPI Flash Size : 16MB
[16:17:20] I (47) boot: Enabling RNG early entropy source...
[16:17:20] I (51) boot: Partition Table:
[16:17:20] I (54) boot: ## Label            Usage          Type ST Offset   Length
[16:17:20] I (60) boot:  0 nvs              WiFi data        01 02 00009000 00006000
[16:17:20] I (67) boot:  1 phy_init         RF data          01 01 0000f000 00001000
[16:17:20] I (73) boot:  2 factory          factory app      00 00 00010000 00100000
[16:17:20] I (80) boot:  3 drawing          Unknown data     01 40 00110000 00300000
[16:17:20] I (86) boot:  4 export           Unknown data     01 41 00410000 00500000
[16:17:20] I (93) boot:  5 coredump         Unknown data     01 03 00910000 00010000
[16:17:20] I (100) boot: End of partition table
[16:17:20] I (103) esp_image: segment 0: paddr=00010020 vaddr=3c040020 size=0fa04h ( 64004) map
[16:17:20] I (120) esp_image: segment 1: paddr=0001fa2c vaddr=3fc93e00 size=005ech (  1516) load
[16:17:20] I (121) esp_image: segment 2: paddr=00020020 vaddr=42000020 size=32790h (206736) map
[16:17:20] I (157) esp_image: segment 3: paddr=000527b8 vaddr=3fc943ec size=03038h ( 12344) load
[16:17:20] I (160) esp_image: segment 4: paddr=000557f8 vaddr=40374000 size=0fd1ch ( 64796) load
[16:17:20] I (174) esp_image: segment 5: paddr=0006551c vaddr=50000000 size=00024h (    36) load
[16:17:20] I (181) boot: Loaded app from partition at offset 0x10000
[16:17:20] I (181) boot: Disabling RNG early entropy source...
[16:17:20] I (192) octal_psram: vendor id    : 0x0d (AP)
[16:17:20] I (192) octal_psram: dev id       : 0x02 (generation 3)
[16:17:20] I (192) octal_psram: density      : 0x03 (64 Mbit)
[16:17:20] I (194) octal_psram: good-die     : 0x01 (Pass)
[16:17:20] I (198) octal_psram: Latency      : 0x01 (Fixed)
[16:17:20] I (203) octal_psram: VCC          : 0x01 (3V)
[16:17:20] I (207) octal_psram: SRF          : 0x01 (Fast Refresh)
[16:17:20] I (212) octal_psram: BurstType    : 0x01 (Hybrid Wrap)
[16:17:20] I (217) octal_psram: BurstLen     : 0x01 (32 Byte)
[16:17:20] I (221) octal_psram: Readlatency  : 0x02 (10 cycles@Fixed)
[16:17:20] I (226) octal_psram: DriveStrength: 0x00 (1/1)
[16:17:20] I (231) MSPI Timing: Enter psram timing tuning
[16:17:20] I (235) esp_psram: Found 8MB PSRAM device
[16:17:20] I (238) esp_psram: Speed: 80MHz
[16:17:20] I (241) cpu_start: Multicore app
[16:17:20] I (657) esp_psram: SPI SRAM memory test OK
[16:17:20] I (666) cpu_start: GPIO 44 and 43 are used as console UART I/O pins
[16:17:20] I (666) cpu_start: Pro cpu start user code
[16:17:20] I (666) cpu_start: cpu freq: 240000000 Hz
[16:17:20] I (668) app_init: Application information:
[16:17:20] I (672) app_init: Project name:     tinydraw_esp32
[16:17:20] I (676) app_init: App version:      092f2a3-dirty
[16:17:20] I (681) app_init: Compile time:     Aug 14 2026 16:13:14
[16:17:20] I (686) app_init: ELF file SHA256:  756a2e4bd...
[16:17:20] I (690) app_init: ESP-IDF:          v6.0.2
[16:17:20] I (694) efuse_init: Min chip rev:     v0.0
[16:17:20] I (698) efuse_init: Max chip rev:     v0.99 
[16:17:20] I (702) efuse_init: Chip rev:         v0.2
[16:17:21] I (706) heap_init: Initializing. RAM available for dynamic allocation:
[16:17:21] I (712) heap_init: At 3FC97EF0 len 00051820 (326 KiB): RAM
[16:17:21] I (717) heap_init: At 3FCE9710 len 00005724 (21 KiB): RAM
[16:17:21] I (722) heap_init: At 3FCF0000 len 00008000 (32 KiB): DRAM
[16:17:21] I (727) heap_init: At 600FE000 len 00001FE8 (7 KiB): RTCRAM
[16:17:21] I (733) esp_psram: Adding pool of 8192K of PSRAM memory to heap allocator
[16:17:21] I (740) spi_flash: detected chip: generic
[16:17:21] I (743) spi_flash: flash io: qio
[16:17:21] I (746) sleep_gpio: Configure to isolate all GPIO pins in sleep state
[16:17:21] I (752) sleep_gpio: Enable automatic switching of GPIO sleep configuration
[16:17:21] I (759) main_task: Started on CPU0
[16:17:21] I (762) main_task: Calling app_main()
[16:17:21] TINYDRAW_PANEL_HARD_RESET=1
[16:17:21] I (959) co5300: version: 2.1.0
[16:17:21] I (960) co5300_spi: LCD panel create success, version: 2.1.0
[16:17:21] W (1040) co5300_spi: The 3Ah command has been used and will be overwritten by external initialization sequence
[16:17:21] I (1141) CST816S: IC id: 183
[16:17:21] TINYDRAW_LIVE_PRESENT kind=startup zoom=25 x=0 y=0 compose_us=35137 scroll_us=0 exposed_compose_us=0 chrome_us=0 read_submit_us=0 read_complete_us=0 transfer_wait_us=19727 tile_pixels=0 uniform_pixels=0 overview_pixels=164864 fallback_pixels=0 resident_tiles=0 fallback_tiles=0 pushes=21 tear_wait_us=10090 tear_sync=1 frame_reused=0 pass=1
[16:17:21] TINYDRAW_LIVE_STRESS operations=1000 samples=20000 total_us=469284 average_us=469 maximum_us=869 free_psram=3042440 largest_psram=3014656
[16:17:22] TINYDRAW_LIVE_PRESENT kind=gate_fallback zoom=100 x=0 y=0 compose_us=23640 scroll_us=0 exposed_compose_us=0 chrome_us=0 read_submit_us=28416 read_complete_us=29208 transfer_wait_us=20163 tile_pixels=0 uniform_pixels=0 overview_pixels=0 fallback_pixels=164864 resident_tiles=0 fallback_tiles=42 pushes=21 tear_wait_us=3904 tear_sync=1 frame_reused=0 pass=1
[16:17:22] TINYDRAW_GATE1_HARD zoom=100 cold=1 operations=1000 samples=20000 steps=192 tiles=42 scanned=12000 rendered=1659 max_supertask_us=8956 presentation_us=63996 total_us=260846 pass=1
[16:17:22] TINYDRAW_LIVE_PRESENT kind=gate_fallback zoom=400 x=0 y=0 compose_us=23047 scroll_us=0 exposed_compose_us=0 chrome_us=0 read_submit_us=28385 read_complete_us=29186 transfer_wait_us=20111 tile_pixels=0 uniform_pixels=0 overview_pixels=0 fallback_pixels=164864 resident_tiles=0 fallback_tiles=42 pushes=21 tear_wait_us=4444 tear_sync=1 frame_reused=0 pass=1
[16:17:22] TINYDRAW_GATE1_HARD zoom=400 cold=1 operations=1000 samples=20000 steps=196 tiles=42 scanned=12000 rendered=120 max_supertask_us=8316 presentation_us=62655 total_us=195757 pass=1
[16:17:23] TINYDRAW_OVERLAP_WORKLOAD operations=8 samples=1200 radius_world=80
[16:17:23] TINYDRAW_GATE1_PACED_COLD corpus=overlap zoom=50 x=215 y=255 steps=334 tiles=56 compute_us=363041 present_us=76048 touch_us=1340 pacing_us=24501 wall_us=464930 max_tick_us=8881 touch_samples=2173 touch_interval_max_us=1941 touch_read_max_us=570 touch_events=0 touch_down=0 touch_up=0 touch_events_ge_8ms=0 touch_event_age_max_us=0 touch_errors=0 touch_overflows=0 pass=1
[16:17:23] TINYDRAW_GATE1_PACED_COLD corpus=overlap zoom=100 x=583 y=703 steps=172 tiles=48 compute_us=223779 present_us=73577 touch_us=761 pacing_us=15861 wall_us=313978 max_tick_us=8658 touch_samples=387 touch_interval_max_us=1855 touch_read_max_us=529 touch_events=0 touch_down=0 touch_up=0 touch_events_ge_8ms=0 touch_event_age_max_us=0 touch_errors=0 touch_overflows=0 pass=1
[16:17:24] TINYDRAW_GATE1_PACED_COLD corpus=overlap zoom=200 x=1319 y=1599 steps=128 tiles=56 compute_us=224169 present_us=75174 touch_us=619 pacing_us=10995 wall_us=310957 max_tick_us=8607 touch_samples=383 touch_interval_max_us=1147 touch_read_max_us=434 touch_events=0 touch_down=0 touch_up=0 touch_events_ge_8ms=0 touch_event_age_max_us=0 touch_errors=0 touch_overflows=0 pass=1
[16:17:24] TINYDRAW_GATE1_PACED_COLD corpus=overlap zoom=400 x=2791 y=3391 steps=94 tiles=56 compute_us=209039 present_us=72048 touch_us=542 pacing_us=7348 wall_us=288977 max_tick_us=8264 touch_samples=365 touch_interval_max_us=1146 touch_read_max_us=471 touch_events=0 touch_down=0 touch_up=0 touch_events_ge_8ms=0 touch_event_age_max_us=0 touch_errors=0 touch_overflows=0 pass=1
[16:17:24] TINYDRAW_ADVERSARIAL_TAPERED_WORKLOAD operations=128 samples=4096 erasers=12 load_us=221631 appended=1
[16:17:25] TINYDRAW_GATE1_PACED_COLD corpus=adversarial_tapered_4x zoom=50 x=0 y=0 steps=104 tiles=42 compute_us=93239 present_us=55070 touch_us=496 pacing_us=8171 wall_us=156976 max_tick_us=6919 touch_samples=490 touch_interval_max_us=1594 touch_read_max_us=458 touch_events=0 touch_down=0 touch_up=0 touch_events_ge_8ms=0 touch_event_age_max_us=0 touch_errors=0 touch_overflows=0 pass=1
[16:17:25] TINYDRAW_GATE1_PACED_COLD corpus=adversarial_tapered_4x zoom=100 x=0 y=0 steps=348 tiles=42 compute_us=157241 present_us=53728 touch_us=1140 pacing_us=25849 wall_us=237958 max_tick_us=7398 touch_samples=316 touch_interval_max_us=1134 touch_read_max_us=405 touch_events=0 touch_down=0 touch_up=0 touch_events_ge_8ms=0 touch_event_age_max_us=0 touch_errors=0 touch_overflows=0 pass=1
[16:17:26] TINYDRAW_GATE1_PACED_COLD corpus=adversarial_tapered_4x zoom=200 x=0 y=0 steps=1214 tiles=42 compute_us=442106 present_us=57754 touch_us=3633 pacing_us=92484 wall_us=595977 max_tick_us=7762 touch_samples=677 touch_interval_max_us=1169 touch_read_max_us=442 touch_events=0 touch_down=0 touch_up=0 touch_events_ge_8ms=0 touch_event_age_max_us=0 touch_errors=0 touch_overflows=0 pass=1
[16:17:26] TINYDRAW_GATE1_PACED_COLD corpus=adversarial_tapered_4x zoom=400 x=0 y=0 steps=904 tiles=42 compute_us=545047 present_us=60641 touch_us=2982 pacing_us=65228 wall_us=673898 max_tick_us=8006 touch_samples=750 touch_interval_max_us=1154 touch_read_max_us=439 touch_events=0 touch_down=0 touch_up=0 touch_events_ge_8ms=0 touch_event_age_max_us=0 touch_errors=0 touch_overflows=0 pass=1
[16:17:27] TINYDRAW_GATE1_WORKLOAD kind=realistic seed=7 operations=1000 samples=19844 maximum_stroke=198 load_us=375508 raw_source=1 lod_copies=0
[16:17:27] TINYDRAW_GATE1_PACED_COLD corpus=seed7 zoom=400 x=63 y=63 steps=281 tiles=56 compute_us=264027 present_us=79174 touch_us=947 pacing_us=19831 wall_us=363979 max_tick_us=10753 touch_samples=934 touch_interval_max_us=1549 touch_read_max_us=465 touch_events=0 touch_down=0 touch_up=0 touch_events_ge_8ms=0 touch_event_age_max_us=0 touch_errors=0 touch_overflows=0 pass=1
[16:17:27] TINYDRAW_LIVE_PRESENT kind=gate_fallback zoom=100 x=0 y=0 compose_us=23968 scroll_us=0 exposed_compose_us=0 chrome_us=0 read_submit_us=31658 read_complete_us=32459 transfer_wait_us=20099 tile_pixels=0 uniform_pixels=0 overview_pixels=0 fallback_pixels=164864 resident_tiles=0 fallback_tiles=42 pushes=21 tear_wait_us=6812 tear_sync=1 frame_reused=0 pass=1
[16:17:29] TINYDRAW_GATE1_HARD zoom=100 cold=1 operations=1000 samples=19844 steps=275 tiles=42 scanned=12000 rendered=5232 max_supertask_us=9120 presentation_us=61914 total_us=363404 pass=1
[16:17:29] TINYDRAW_GATE1_PAN zoom=100 from_x=0 from_y=0 to_x=88 to_y=88 compose_us=27473 scroll_us=11390 exposed_compose_us=16083 chrome_us=0 event_submit_us=30924 event_complete_us=31724 transfer_us=20033 setup=1 present=1 moved=1 frame_reused=1 pass=1
[16:17:29] TINYDRAW_LIVE_PRESENT kind=gate_fallback zoom=400 x=0 y=0 compose_us=23106 scroll_us=0 exposed_compose_us=0 chrome_us=0 read_submit_us=36741 read_complete_us=37542 transfer_wait_us=19717 tile_pixels=0 uniform_pixels=0 overview_pixels=0 fallback_pixels=164864 resident_tiles=0 fallback_tiles=42 pushes=21 tear_wait_us=12739 tear_sync=1 frame_reused=0 pass=1
[16:17:29] TINYDRAW_GATE1_HARD zoom=400 cold=1 operations=1000 samples=19844 steps=211 tiles=42 scanned=12000 rendered=591 max_supertask_us=10690 presentation_us=61932 total_us=253944 pass=1
[16:17:29] TINYDRAW_GATE1_PAN zoom=400 from_x=0 from_y=0 to_x=88 to_y=88 compose_us=27491 scroll_us=11401 exposed_compose_us=16090 chrome_us=0 event_submit_us=30888 event_complete_us=31688 transfer_us=20070 setup=1 present=1 moved=1 frame_reused=1 pass=1
[16:17:29] TINYDRAW_GATE1_DRAW_FILL zoom=400 revision=2140 append_us=1137 poll_gap_us=89 event_submit_us=2329 event_complete_us=2505 max_compute_slice_us=4770 max_display_slice_us=10676 fill_us=249372 revision_restarted=1 pass=1
=== RUN 10 ===
[16:17:31] ESP-ROM:esp32s3-20210327
[16:17:31] Build:Mar 27 2021
[16:17:31] rst:0x15 (USB_UART_CHIP_RESET),boot:0x2b (SPI_FAST_FLASH_BOOT)
[16:17:31] Saved PC:0x4201d016
[16:17:31] SPIWP:0xee
[16:17:31] mode:DIO, clock div:1
[16:17:31] load:0x3fce2820,len:0x1664
[16:17:31] load:0x403c8700,len:0xf38
[16:17:31] load:0x403cb700,len:0x31e8
[16:17:31] entry 0x403c8930
[16:17:31] I (24) boot: ESP-IDF v6.0.2 2nd stage bootloader
[16:17:31] I (24) boot: compile time Aug 14 2026 16:13:20
[16:17:31] I (25) boot: Multicore bootloader
[16:17:31] I (25) boot: chip revision: v0.2
[16:17:31] I (28) boot: efuse block revision: v1.3
[16:17:31] I (31) qio_mode: Enabling default flash chip QIO
[16:17:31] I (36) boot.esp32s3: Boot SPI Speed : 80MHz
[16:17:31] I (39) boot.esp32s3: SPI Mode       : QIO
[16:17:31] I (43) boot.esp32s3: SPI Flash Size : 16MB
[16:17:31] I (47) boot: Enabling RNG early entropy source...
[16:17:31] I (51) boot: Partition Table:
[16:17:31] I (54) boot: ## Label            Usage          Type ST Offset   Length
[16:17:31] I (60) boot:  0 nvs              WiFi data        01 02 00009000 00006000
[16:17:31] I (67) boot:  1 phy_init         RF data          01 01 0000f000 00001000
[16:17:31] I (73) boot:  2 factory          factory app      00 00 00010000 00100000
[16:17:31] I (80) boot:  3 drawing          Unknown data     01 40 00110000 00300000
[16:17:31] I (86) boot:  4 export           Unknown data     01 41 00410000 00500000
[16:17:31] I (93) boot:  5 coredump         Unknown data     01 03 00910000 00010000
[16:17:31] I (100) boot: End of partition table
[16:17:31] I (103) esp_image: segment 0: paddr=00010020 vaddr=3c040020 size=0fa04h ( 64004) map
[16:17:31] I (120) esp_image: segment 1: paddr=0001fa2c vaddr=3fc93e00 size=005ech (  1516) load
[16:17:31] I (121) esp_image: segment 2: paddr=00020020 vaddr=42000020 size=32790h (206736) map
[16:17:31] I (157) esp_image: segment 3: paddr=000527b8 vaddr=3fc943ec size=03038h ( 12344) load
[16:17:31] I (160) esp_image: segment 4: paddr=000557f8 vaddr=40374000 size=0fd1ch ( 64796) load
[16:17:31] I (174) esp_image: segment 5: paddr=0006551c vaddr=50000000 size=00024h (    36) load
[16:17:31] I (181) boot: Loaded app from partition at offset 0x10000
[16:17:31] I (181) boot: Disabling RNG early entropy source...
[16:17:31] I (192) octal_psram: vendor id    : 0x0d (AP)
[16:17:31] I (192) octal_psram: dev id       : 0x02 (generation 3)
[16:17:31] I (192) octal_psram: density      : 0x03 (64 Mbit)
[16:17:31] I (194) octal_psram: good-die     : 0x01 (Pass)
[16:17:31] I (198) octal_psram: Latency      : 0x01 (Fixed)
[16:17:31] I (203) octal_psram: VCC          : 0x01 (3V)
[16:17:31] I (207) octal_psram: SRF          : 0x01 (Fast Refresh)
[16:17:31] I (212) octal_psram: BurstType    : 0x01 (Hybrid Wrap)
[16:17:31] I (217) octal_psram: BurstLen     : 0x01 (32 Byte)
[16:17:31] I (221) octal_psram: Readlatency  : 0x02 (10 cycles@Fixed)
[16:17:31] I (226) octal_psram: DriveStrength: 0x00 (1/1)
[16:17:31] I (231) MSPI Timing: Enter psram timing tuning
[16:17:31] I (235) esp_psram: Found 8MB PSRAM device
[16:17:31] I (238) esp_psram: Speed: 80MHz
[16:17:31] I (241) cpu_start: Multicore app
[16:17:31] I (657) esp_psram: SPI SRAM memory test OK
[16:17:31] I (666) cpu_start: GPIO 44 and 43 are used as console UART I/O pins
[16:17:31] I (666) cpu_start: Pro cpu start user code
[16:17:31] I (666) cpu_start: cpu freq: 240000000 Hz
[16:17:31] I (668) app_init: Application information:
[16:17:31] I (672) app_init: Project name:     tinydraw_esp32
[16:17:31] I (676) app_init: App version:      092f2a3-dirty
[16:17:31] I (681) app_init: Compile time:     Aug 14 2026 16:13:14
[16:17:31] I (686) app_init: ELF file SHA256:  756a2e4bd...
[16:17:31] I (690) app_init: ESP-IDF:          v6.0.2
[16:17:31] I (694) efuse_init: Min chip rev:     v0.0
[16:17:31] I (698) efuse_init: Max chip rev:     v0.99 
[16:17:31] I (702) efuse_init: Chip rev:         v0.2
[16:17:31] I (706) heap_init: Initializing. RAM available for dynamic allocation:
[16:17:31] I (712) heap_init: At 3FC97EF0 len 00051820 (326 KiB): RAM
[16:17:31] I (717) heap_init: At 3FCE9710 len 00005724 (21 KiB): RAM
[16:17:31] I (722) heap_init: At 3FCF0000 len 00008000 (32 KiB): DRAM
[16:17:31] I (727) heap_init: At 600FE000 len 00001FE8 (7 KiB): RTCRAM
[16:17:31] I (733) esp_psram: Adding pool of 8192K of PSRAM memory to heap allocator
[16:17:31] I (740) spi_flash: detected chip: generic
[16:17:31] I (743) spi_flash: flash io: qio
[16:17:31] I (746) sleep_gpio: Configure to isolate all GPIO pins in sleep state
[16:17:31] I (752) sleep_gpio: Enable automatic switching of GPIO sleep configuration
[16:17:31] I (759) main_task: Started on CPU0
[16:17:31] I (762) main_task: Calling app_main()
[16:17:32] TINYDRAW_PANEL_HARD_RESET=1
[16:17:32] I (959) co5300: version: 2.1.0
[16:17:32] I (960) co5300_spi: LCD panel create success, version: 2.1.0
[16:17:32] W (1040) co5300_spi: The 3Ah command has been used and will be overwritten by external initialization sequence
[16:17:32] I (1141) CST816S: IC id: 183
[16:17:32] TINYDRAW_LIVE_PRESENT kind=startup zoom=25 x=0 y=0 compose_us=35137 scroll_us=0 exposed_compose_us=0 chrome_us=0 read_submit_us=0 read_complete_us=0 transfer_wait_us=19667 tile_pixels=0 uniform_pixels=0 overview_pixels=164864 fallback_pixels=0 resident_tiles=0 fallback_tiles=0 pushes=21 tear_wait_us=10160 tear_sync=1 frame_reused=0 pass=1
[16:17:32] TINYDRAW_LIVE_STRESS operations=1000 samples=20000 total_us=468701 average_us=468 maximum_us=869 free_psram=3042440 largest_psram=3014656
[16:17:33] TINYDRAW_LIVE_PRESENT kind=gate_fallback zoom=100 x=0 y=0 compose_us=23672 scroll_us=0 exposed_compose_us=0 chrome_us=0 read_submit_us=29560 read_complete_us=30361 transfer_wait_us=19510 tile_pixels=0 uniform_pixels=0 overview_pixels=0 fallback_pixels=164864 resident_tiles=0 fallback_tiles=42 pushes=21 tear_wait_us=5080 tear_sync=1 frame_reused=0 pass=1
[16:17:33] TINYDRAW_GATE1_HARD zoom=100 cold=1 operations=1000 samples=20000 steps=192 tiles=42 scanned=12000 rendered=1659 max_supertask_us=8950 presentation_us=63071 total_us=259802 pass=1
[16:17:33] TINYDRAW_LIVE_PRESENT kind=gate_fallback zoom=400 x=0 y=0 compose_us=23021 scroll_us=0 exposed_compose_us=0 chrome_us=0 read_submit_us=30326 read_complete_us=31116 transfer_wait_us=20198 tile_pixels=0 uniform_pixels=0 overview_pixels=0 fallback_pixels=164864 resident_tiles=0 fallback_tiles=42 pushes=21 tear_wait_us=6423 tear_sync=1 frame_reused=0 pass=1
[16:17:33] TINYDRAW_GATE1_HARD zoom=400 cold=1 operations=1000 samples=20000 steps=196 tiles=42 scanned=12000 rendered=120 max_supertask_us=8325 presentation_us=62618 total_us=195768 pass=1
[16:17:34] TINYDRAW_OVERLAP_WORKLOAD operations=8 samples=1200 radius_world=80
[16:17:34] TINYDRAW_GATE1_PACED_COLD corpus=overlap zoom=50 x=215 y=255 steps=334 tiles=56 compute_us=363232 present_us=75507 touch_us=1365 pacing_us=25838 wall_us=465942 max_tick_us=9006 touch_samples=2175 touch_interval_max_us=1945 touch_read_max_us=569 touch_events=0 touch_down=0 touch_up=0 touch_events_ge_8ms=0 touch_event_age_max_us=0 touch_errors=0 touch_overflows=0 pass=1
[16:17:35] TINYDRAW_GATE1_PACED_COLD corpus=overlap zoom=100 x=583 y=703 steps=172 tiles=48 compute_us=223715 present_us=73593 touch_us=759 pacing_us=15910 wall_us=313977 max_tick_us=8656 touch_samples=386 touch_interval_max_us=1839 touch_read_max_us=540 touch_events=0 touch_down=0 touch_up=0 touch_events_ge_8ms=0 touch_event_age_max_us=0 touch_errors=0 touch_overflows=0 pass=1
[16:17:35] TINYDRAW_GATE1_PACED_COLD corpus=overlap zoom=200 x=1319 y=1599 steps=128 tiles=56 compute_us=224183 present_us=75166 touch_us=639 pacing_us=10968 wall_us=310956 max_tick_us=8623 touch_samples=383 touch_interval_max_us=1145 touch_read_max_us=432 touch_events=0 touch_down=0 touch_up=0 touch_events_ge_8ms=0 touch_event_age_max_us=0 touch_errors=0 touch_overflows=0 pass=1
[16:17:35] TINYDRAW_GATE1_PACED_COLD corpus=overlap zoom=400 x=2791 y=3391 steps=94 tiles=56 compute_us=209159 present_us=71025 touch_us=546 pacing_us=7260 wall_us=287990 max_tick_us=8212 touch_samples=364 touch_interval_max_us=1145 touch_read_max_us=473 touch_events=0 touch_down=0 touch_up=0 touch_events_ge_8ms=0 touch_event_age_max_us=0 touch_errors=0 touch_overflows=0 pass=1
[16:17:35] TINYDRAW_ADVERSARIAL_TAPERED_WORKLOAD operations=128 samples=4096 erasers=12 load_us=222580 appended=1
[16:17:36] TINYDRAW_GATE1_PACED_COLD corpus=adversarial_tapered_4x zoom=50 x=0 y=0 steps=104 tiles=42 compute_us=93309 present_us=55108 touch_us=505 pacing_us=9054 wall_us=157976 max_tick_us=6925 touch_samples=492 touch_interval_max_us=1506 touch_read_max_us=449 touch_events=0 touch_down=0 touch_up=0 touch_events_ge_8ms=0 touch_event_age_max_us=0 touch_errors=0 touch_overflows=0 pass=1
[16:17:36] TINYDRAW_GATE1_PACED_COLD corpus=adversarial_tapered_4x zoom=100 x=0 y=0 steps=348 tiles=42 compute_us=156782 present_us=53730 touch_us=1125 pacing_us=25320 wall_us=236957 max_tick_us=7383 touch_samples=314 touch_interval_max_us=1154 touch_read_max_us=420 touch_events=0 touch_down=0 touch_up=0 touch_events_ge_8ms=0 touch_event_age_max_us=0 touch_errors=0 touch_overflows=0 pass=1
[16:17:37] TINYDRAW_GATE1_PACED_COLD corpus=adversarial_tapered_4x zoom=200 x=0 y=0 steps=1214 tiles=42 compute_us=441655 present_us=57723 touch_us=3615 pacing_us=90984 wall_us=593977 max_tick_us=7761 touch_samples=677 touch_interval_max_us=1173 touch_read_max_us=442 touch_events=0 touch_down=0 touch_up=0 touch_events_ge_8ms=0 touch_event_age_max_us=0 touch_errors=0 touch_overflows=0 pass=1
[16:17:37] TINYDRAW_GATE1_PACED_COLD corpus=adversarial_tapered_4x zoom=400 x=0 y=0 steps=904 tiles=42 compute_us=545423 present_us=60640 touch_us=2960 pacing_us=65857 wall_us=674880 max_tick_us=7988 touch_samples=754 touch_interval_max_us=1142 touch_read_max_us=421 touch_events=0 touch_down=0 touch_up=0 touch_events_ge_8ms=0 touch_event_age_max_us=0 touch_errors=0 touch_overflows=0 pass=1
[16:17:38] TINYDRAW_GATE1_WORKLOAD kind=realistic seed=7 operations=1000 samples=19844 maximum_stroke=198 load_us=375383 raw_source=1 lod_copies=0
[16:17:38] TINYDRAW_GATE1_PACED_COLD corpus=seed7 zoom=400 x=63 y=63 steps=281 tiles=56 compute_us=264032 present_us=80173 touch_us=937 pacing_us=19836 wall_us=364978 max_tick_us=10742 touch_samples=934 touch_interval_max_us=1582 touch_read_max_us=465 touch_events=0 touch_down=0 touch_up=0 touch_events_ge_8ms=0 touch_event_age_max_us=0 touch_errors=0 touch_overflows=0 pass=1
[16:17:38] TINYDRAW_LIVE_PRESENT kind=gate_fallback zoom=100 x=0 y=0 compose_us=23992 scroll_us=0 exposed_compose_us=0 chrome_us=0 read_submit_us=31281 read_complete_us=32080 transfer_wait_us=19481 tile_pixels=0 uniform_pixels=0 overview_pixels=0 fallback_pixels=164864 resident_tiles=0 fallback_tiles=42 pushes=21 tear_wait_us=6477 tear_sync=1 frame_reused=0 pass=1
[16:17:40] TINYDRAW_GATE1_HARD zoom=100 cold=1 operations=1000 samples=19844 steps=275 tiles=42 scanned=12000 rendered=5232 max_supertask_us=9075 presentation_us=61646 total_us=363670 pass=1
[16:17:40] TINYDRAW_GATE1_PAN zoom=100 from_x=0 from_y=0 to_x=88 to_y=88 compose_us=27495 scroll_us=11386 exposed_compose_us=16109 chrome_us=0 event_submit_us=30932 event_complete_us=31732 transfer_us=20025 setup=1 present=1 moved=1 frame_reused=1 pass=1
[16:17:40] TINYDRAW_LIVE_PRESENT kind=gate_fallback zoom=400 x=0 y=0 compose_us=23104 scroll_us=0 exposed_compose_us=0 chrome_us=0 read_submit_us=36752 read_complete_us=37553 transfer_wait_us=19705 tile_pixels=0 uniform_pixels=0 overview_pixels=0 fallback_pixels=164864 resident_tiles=0 fallback_tiles=42 pushes=21 tear_wait_us=12789 tear_sync=1 frame_reused=0 pass=1
[16:17:40] TINYDRAW_GATE1_HARD zoom=400 cold=1 operations=1000 samples=19844 steps=211 tiles=42 scanned=12000 rendered=591 max_supertask_us=10691 presentation_us=61843 total_us=253935 pass=1
[16:17:40] TINYDRAW_GATE1_PAN zoom=400 from_x=0 from_y=0 to_x=88 to_y=88 compose_us=27466 scroll_us=11385 exposed_compose_us=16081 chrome_us=0 event_submit_us=30538 event_complete_us=31337 transfer_us=19419 setup=1 present=1 moved=1 frame_reused=1 pass=1
[16:17:40] TINYDRAW_GATE1_DRAW_FILL zoom=400 revision=2140 append_us=1145 poll_gap_us=97 event_submit_us=2313 event_complete_us=2490 max_compute_slice_us=4773 max_display_slice_us=10698 fill_us=249372 revision_restarted=1 pass=1
=== RUN 11 ===
[16:17:42] TINYDRAW_GATE1_LONG_GESTURE path=reference samples=1600 chunks=2ESP-ROM:esp32s3-20210327
[16:17:42] Build:Mar 27 2021
[16:17:42] rst:0x15 (USB_UART_CHIP_RESET),boot:0x2b (SPI_FAST_FLASH_BOOT)
[16:17:42] Saved PC:0x4202b394
[16:17:42] SPIWP:0xee
[16:17:42] mode:DIO, clock div:1
[16:17:42] load:0x3fce2820,len:0x1664
[16:17:42] load:0x403c8700,len:0xf38
[16:17:42] load:0x403cb700,len:0x31e8
[16:17:42] entry 0x403c8930
[16:17:42] I (24) boot: ESP-IDF v6.0.2 2nd stage bootloader
[16:17:42] I (24) boot: compile time Aug 14 2026 16:13:20
[16:17:42] I (25) boot: Multicore bootloader
[16:17:42] I (25) boot: chip revision: v0.2
[16:17:42] I (28) boot: efuse block revision: v1.3
[16:17:42] I (31) qio_mode: Enabling default flash chip QIO
[16:17:42] I (36) boot.esp32s3: Boot SPI Speed : 80MHz
[16:17:42] I (39) boot.esp32s3: SPI Mode       : QIO
[16:17:42] I (43) boot.esp32s3: SPI Flash Size : 16MB
[16:17:42] I (47) boot: Enabling RNG early entropy source...
[16:17:42] I (51) boot: Partition Table:
[16:17:42] I (54) boot: ## Label            Usage          Type ST Offset   Length
[16:17:42] I (60) boot:  0 nvs              WiFi data        01 02 00009000 00006000
[16:17:42] I (67) boot:  1 phy_init         RF data          01 01 0000f000 00001000
[16:17:42] I (73) boot:  2 factory          factory app      00 00 00010000 00100000
[16:17:42] I (80) boot:  3 drawing          Unknown data     01 40 00110000 00300000
[16:17:42] I (86) boot:  4 export           Unknown data     01 41 00410000 00500000
[16:17:42] I (93) boot:  5 coredump         Unknown data     01 03 00910000 00010000
[16:17:42] I (100) boot: End of partition table
[16:17:42] I (103) esp_image: segment 0: paddr=00010020 vaddr=3c040020 size=0fa04h ( 64004) map
[16:17:42] I (120) esp_image: segment 1: paddr=0001fa2c vaddr=3fc93e00 size=005ech (  1516) load
[16:17:42] I (121) esp_image: segment 2: paddr=00020020 vaddr=42000020 size=32790h (206736) map
[16:17:42] I (157) esp_image: segment 3: paddr=000527b8 vaddr=3fc943ec size=03038h ( 12344) load
[16:17:42] I (160) esp_image: segment 4: paddr=000557f8 vaddr=40374000 size=0fd1ch ( 64796) load
[16:17:42] I (174) esp_image: segment 5: paddr=0006551c vaddr=50000000 size=00024h (    36) load
[16:17:42] I (181) boot: Loaded app from partition at offset 0x10000
[16:17:42] I (181) boot: Disabling RNG early entropy source...
[16:17:42] I (192) octal_psram: vendor id    : 0x0d (AP)
[16:17:42] I (192) octal_psram: dev id       : 0x02 (generation 3)
[16:17:42] I (192) octal_psram: density      : 0x03 (64 Mbit)
[16:17:42] I (194) octal_psram: good-die     : 0x01 (Pass)
[16:17:42] I (198) octal_psram: Latency      : 0x01 (Fixed)
[16:17:42] I (203) octal_psram: VCC          : 0x01 (3V)
[16:17:42] I (207) octal_psram: SRF          : 0x01 (Fast Refresh)
[16:17:42] I (212) octal_psram: BurstType    : 0x01 (Hybrid Wrap)
[16:17:42] I (217) octal_psram: BurstLen     : 0x01 (32 Byte)
[16:17:42] I (221) octal_psram: Readlatency  : 0x02 (10 cycles@Fixed)
[16:17:42] I (226) octal_psram: DriveStrength: 0x00 (1/1)
[16:17:42] I (231) MSPI Timing: Enter psram timing tuning
[16:17:42] I (235) esp_psram: Found 8MB PSRAM device
[16:17:42] I (238) esp_psram: Speed: 80MHz
[16:17:42] I (241) cpu_start: Multicore app
[16:17:42] I (657) esp_psram: SPI SRAM memory test OK
[16:17:42] I (666) cpu_start: GPIO 44 and 43 are used as console UART I/O pins
[16:17:42] I (666) cpu_start: Pro cpu start user code
[16:17:42] I (666) cpu_start: cpu freq: 240000000 Hz
[16:17:42] I (668) app_init: Application information:
[16:17:42] I (672) app_init: Project name:     tinydraw_esp32
[16:17:42] I (676) app_init: App version:      092f2a3-dirty
[16:17:42] I (681) app_init: Compile time:     Aug 14 2026 16:13:14
[16:17:42] I (686) app_init: ELF file SHA256:  756a2e4bd...
[16:17:42] I (690) app_init: ESP-IDF:          v6.0.2
[16:17:42] I (694) efuse_init: Min chip rev:     v0.0
[16:17:42] I (698) efuse_init: Max chip rev:     v0.99 
[16:17:42] I (702) efuse_init: Chip rev:         v0.2
[16:17:42] I (706) heap_init: Initializing. RAM available for dynamic allocation:
[16:17:42] I (712) heap_init: At 3FC97EF0 len 00051820 (326 KiB): RAM
[16:17:42] I (717) heap_init: At 3FCE9710 len 00005724 (21 KiB): RAM
[16:17:42] I (722) heap_init: At 3FCF0000 len 00008000 (32 KiB): DRAM
[16:17:42] I (727) heap_init: At 600FE000 len 00001FE8 (7 KiB): RTCRAM
[16:17:42] I (733) esp_psram: Adding pool of 8192K of PSRAM memory to heap allocator
[16:17:42] I (740) spi_flash: detected chip: generic
[16:17:42] I (743) spi_flash: flash io: qio
[16:17:42] I (746) sleep_gpio: Configure to isolate all GPIO pins in sleep state
[16:17:42] I (752) sleep_gpio: Enable automatic switching of GPIO sleep configuration
[16:17:42] I (759) main_task: Started on CPU0
[16:17:42] I (762) main_task: Calling app_main()
[16:17:43] TINYDRAW_PANEL_HARD_RESET=1
[16:17:43] I (959) co5300: version: 2.1.0
[16:17:43] I (960) co5300_spi: LCD panel create success, version: 2.1.0
[16:17:43] W (1040) co5300_spi: The 3Ah command has been used and will be overwritten by external initialization sequence
[16:17:43] I (1141) CST816S: IC id: 183
[16:17:43] TINYDRAW_LIVE_PRESENT kind=startup zoom=25 x=0 y=0 compose_us=35137 scroll_us=0 exposed_compose_us=0 chrome_us=0 read_submit_us=0 read_complete_us=0 transfer_wait_us=19630 tile_pixels=0 uniform_pixels=0 overview_pixels=164864 fallback_pixels=0 resident_tiles=0 fallback_tiles=0 pushes=21 tear_wait_us=10199 tear_sync=1 frame_reused=0 pass=1
[16:17:43] TINYDRAW_LIVE_STRESS operations=1000 samples=20000 total_us=470835 average_us=470 maximum_us=869 free_psram=3042440 largest_psram=3014656
[16:17:43] TINYDRAW_LIVE_PRESENT kind=gate_fallback zoom=100 x=0 y=0 compose_us=23590 scroll_us=0 exposed_compose_us=0 chrome_us=0 read_submit_us=27748 read_complete_us=28549 transfer_wait_us=20221 tile_pixels=0 uniform_pixels=0 overview_pixels=0 fallback_pixels=164864 resident_tiles=0 fallback_tiles=42 pushes=21 tear_wait_us=3313 tear_sync=1 frame_reused=0 pass=1
[16:17:44] TINYDRAW_GATE1_HARD zoom=100 cold=1 operations=1000 samples=20000 steps=192 tiles=42 scanned=12000 rendered=1659 max_supertask_us=8933 presentation_us=62947 total_us=259820 pass=1
[16:17:44] TINYDRAW_LIVE_PRESENT kind=gate_fallback zoom=400 x=0 y=0 compose_us=23032 scroll_us=0 exposed_compose_us=0 chrome_us=0 read_submit_us=29834 read_complete_us=30635 transfer_wait_us=19692 tile_pixels=0 uniform_pixels=0 overview_pixels=0 fallback_pixels=164864 resident_tiles=0 fallback_tiles=42 pushes=21 tear_wait_us=5927 tear_sync=1 frame_reused=0 pass=1
[16:17:44] TINYDRAW_GATE1_HARD zoom=400 cold=1 operations=1000 samples=20000 steps=196 tiles=42 scanned=12000 rendered=120 max_supertask_us=8324 presentation_us=62679 total_us=195802 pass=1
[16:17:44] TINYDRAW_OVERLAP_WORKLOAD operations=8 samples=1200 radius_world=80
[16:17:45] TINYDRAW_GATE1_PACED_COLD corpus=overlap zoom=50 x=215 y=255 steps=334 tiles=56 compute_us=363359 present_us=75531 touch_us=1386 pacing_us=25666 wall_us=465942 max_tick_us=8884 touch_samples=2159 touch_interval_max_us=1944 touch_read_max_us=570 touch_events=0 touch_down=0 touch_up=0 touch_events_ge_8ms=0 touch_event_age_max_us=0 touch_errors=0 touch_overflows=0 pass=1
[16:17:45] TINYDRAW_GATE1_PACED_COLD corpus=overlap zoom=100 x=583 y=703 steps=172 tiles=48 compute_us=223650 present_us=74578 touch_us=765 pacing_us=14984 wall_us=313977 max_tick_us=8650 touch_samples=386 touch_interval_max_us=1850 touch_read_max_us=542 touch_events=0 touch_down=0 touch_up=0 touch_events_ge_8ms=0 touch_event_age_max_us=0 touch_errors=0 touch_overflows=0 pass=1
[16:17:46] TINYDRAW_GATE1_PACED_COLD corpus=overlap zoom=200 x=1319 y=1599 steps=128 tiles=56 compute_us=224215 present_us=75105 touch_us=621 pacing_us=11016 wall_us=310957 max_tick_us=8619 touch_samples=384 touch_interval_max_us=1148 touch_read_max_us=435 touch_events=0 touch_down=0 touch_up=0 touch_events_ge_8ms=0 touch_event_age_max_us=0 touch_errors=0 touch_overflows=0 pass=1
[16:17:46] TINYDRAW_GATE1_PACED_COLD corpus=overlap zoom=400 x=2791 y=3391 steps=94 tiles=56 compute_us=209230 present_us=70966 touch_us=537 pacing_us=7244 wall_us=287977 max_tick_us=8172 touch_samples=364 touch_interval_max_us=1154 touch_read_max_us=459 touch_events=0 touch_down=0 touch_up=0 touch_events_ge_8ms=0 touch_event_age_max_us=0 touch_errors=0 touch_overflows=0 pass=1
[16:17:46] TINYDRAW_ADVERSARIAL_TAPERED_WORKLOAD operations=128 samples=4096 erasers=12 load_us=221836 appended=1
[16:17:46] TINYDRAW_GATE1_PACED_COLD corpus=adversarial_tapered_4x zoom=50 x=0 y=0 steps=104 tiles=42 compute_us=93471 present_us=55074 touch_us=494 pacing_us=8937 wall_us=157976 max_tick_us=6918 touch_samples=493 touch_interval_max_us=1139 touch_read_max_us=423 touch_events=0 touch_down=0 touch_up=0 touch_events_ge_8ms=0 touch_event_age_max_us=0 touch_errors=0 touch_overflows=0 pass=1
[16:17:47] TINYDRAW_GATE1_PACED_COLD corpus=adversarial_tapered_4x zoom=100 x=0 y=0 steps=348 tiles=42 compute_us=156936 present_us=53762 touch_us=1125 pacing_us=26135 wall_us=237958 max_tick_us=7433 touch_samples=315 touch_interval_max_us=1149 touch_read_max_us=421 touch_events=0 touch_down=0 touch_up=0 touch_events_ge_8ms=0 touch_event_age_max_us=0 touch_errors=0 touch_overflows=0 pass=1
[16:17:48] TINYDRAW_GATE1_PACED_COLD corpus=adversarial_tapered_4x zoom=200 x=0 y=0 steps=1214 tiles=42 compute_us=442204 present_us=57728 touch_us=3661 pacing_us=94384 wall_us=597977 max_tick_us=7754 touch_samples=680 touch_interval_max_us=1173 touch_read_max_us=444 touch_events=0 touch_down=0 touch_up=0 touch_events_ge_8ms=0 touch_event_age_max_us=0 touch_errors=0 touch_overflows=0 pass=1
[16:17:48] TINYDRAW_GATE1_PACED_COLD corpus=adversarial_tapered_4x zoom=400 x=0 y=0 steps=904 tiles=42 compute_us=545314 present_us=60671 touch_us=3014 pacing_us=65890 wall_us=674889 max_tick_us=7993 touch_samples=750 touch_interval_max_us=1152 touch_read_max_us=441 touch_events=0 touch_down=0 touch_up=0 touch_events_ge_8ms=0 touch_event_age_max_us=0 touch_errors=0 touch_overflows=0 pass=1
[16:17:49] TINYDRAW_GATE1_WORKLOAD kind=realistic seed=7 operations=1000 samples=19844 maximum_stroke=198 load_us=375590 raw_source=1 lod_copies=0
[16:17:49] TINYDRAW_GATE1_PACED_COLD corpus=seed7 zoom=400 x=63 y=63 steps=281 tiles=56 compute_us=264131 present_us=79090 touch_us=966 pacing_us=19793 wall_us=363980 max_tick_us=10735 touch_samples=932 touch_interval_max_us=1969 touch_read_max_us=491 touch_events=0 touch_down=0 touch_up=0 touch_events_ge_8ms=0 touch_event_age_max_us=0 touch_errors=0 touch_overflows=0 pass=1
[16:17:49] TINYDRAW_LIVE_PRESENT kind=gate_fallback zoom=100 x=0 y=0 compose_us=24003 scroll_us=0 exposed_compose_us=0 chrome_us=0 read_submit_us=32666 read_complete_us=33467 transfer_wait_us=20095 tile_pixels=0 uniform_pixels=0 overview_pixels=0 fallback_pixels=164864 resident_tiles=0 fallback_tiles=42 pushes=21 tear_wait_us=7791 tear_sync=1 frame_reused=0 pass=1
[16:17:51] TINYDRAW_GATE1_HARD zoom=100 cold=1 operations=1000 samples=19844 steps=275 tiles=42 scanned=12000 rendered=5232 max_supertask_us=9087 presentation_us=61537 total_us=363569 pass=1
[16:17:51] TINYDRAW_GATE1_PAN zoom=100 from_x=0 from_y=0 to_x=88 to_y=88 compose_us=27483 scroll_us=11390 exposed_compose_us=16093 chrome_us=0 event_submit_us=30361 event_complete_us=31161 transfer_us=19596 setup=1 present=1 moved=1 frame_reused=1 pass=1
[16:17:51] TINYDRAW_LIVE_PRESENT kind=gate_fallback zoom=400 x=0 y=0 compose_us=23167 scroll_us=0 exposed_compose_us=0 chrome_us=0 read_submit_us=37322 read_complete_us=38122 transfer_wait_us=20135 tile_pixels=0 uniform_pixels=0 overview_pixels=0 fallback_pixels=164864 resident_tiles=0 fallback_tiles=42 pushes=21 tear_wait_us=13233 tear_sync=1 frame_reused=0 pass=1
[16:17:51] TINYDRAW_GATE1_HARD zoom=400 cold=1 operations=1000 samples=19844 steps=211 tiles=42 scanned=12000 rendered=591 max_supertask_us=10681 presentation_us=61827 total_us=253910 pass=1
[16:17:51] TINYDRAW_GATE1_PAN zoom=400 from_x=0 from_y=0 to_x=88 to_y=88 compose_us=27494 scroll_us=11379 exposed_compose_us=16115 chrome_us=0 event_submit_us=30577 event_complete_us=31378 transfer_us=19378 setup=1 present=1 moved=1 frame_reused=1 pass=1
[16:17:51] TINYDRAW_GATE1_DRAW_FILL zoom=400 revision=2140 append_us=1157 poll_gap_us=92 event_submit_us=2326 event_complete_us=2503 max_compute_slice_us=4759 max_display_slice_us=10676 fill_us=249303 revision_restarted=1 pass=1
=== RUN 12 ===
[16:17:53] TINYDRAW_GATE1_LONG_GESTURE path=reference samples=1600 chunks=2ESP-ROM:esp32s3-20210327
[16:17:53] Build:Mar 27 2021
[16:17:53] rst:0x15 (USB_UART_CHIP_RESET),boot:0x2b (SPI_FAST_FLASH_BOOT)
[16:17:53] Saved PC:0x4201b144
[16:17:53] SPIWP:0xee
[16:17:53] mode:DIO, clock div:1
[16:17:53] load:0x3fce2820,len:0x1664
[16:17:53] load:0x403c8700,len:0xf38
[16:17:53] load:0x403cb700,len:0x31e8
[16:17:53] entry 0x403c8930
[16:17:53] I (24) boot: ESP-IDF v6.0.2 2nd stage bootloader
[16:17:53] I (24) boot: compile time Aug 14 2026 16:13:20
[16:17:53] I (25) boot: Multicore bootloader
[16:17:53] I (25) boot: chip revision: v0.2
[16:17:53] I (28) boot: efuse block revision: v1.3
[16:17:53] I (31) qio_mode: Enabling default flash chip QIO
[16:17:53] I (36) boot.esp32s3: Boot SPI Speed : 80MHz
[16:17:53] I (39) boot.esp32s3: SPI Mode       : QIO
[16:17:53] I (43) boot.esp32s3: SPI Flash Size : 16MB
[16:17:53] I (47) boot: Enabling RNG early entropy source...
[16:17:53] I (51) boot: Partition Table:
[16:17:53] I (54) boot: ## Label            Usage          Type ST Offset   Length
[16:17:53] I (60) boot:  0 nvs              WiFi data        01 02 00009000 00006000
[16:17:53] I (67) boot:  1 phy_init         RF data          01 01 0000f000 00001000
[16:17:53] I (73) boot:  2 factory          factory app      00 00 00010000 00100000
[16:17:53] I (80) boot:  3 drawing          Unknown data     01 40 00110000 00300000
[16:17:53] I (86) boot:  4 export           Unknown data     01 41 00410000 00500000
[16:17:53] I (93) boot:  5 coredump         Unknown data     01 03 00910000 00010000
[16:17:53] I (100) boot: End of partition table
[16:17:53] I (103) esp_image: segment 0: paddr=00010020 vaddr=3c040020 size=0fa04h ( 64004) map
[16:17:53] I (120) esp_image: segment 1: paddr=0001fa2c vaddr=3fc93e00 size=005ech (  1516) load
[16:17:53] I (121) esp_image: segment 2: paddr=00020020 vaddr=42000020 size=32790h (206736) map
[16:17:53] I (157) esp_image: segment 3: paddr=000527b8 vaddr=3fc943ec size=03038h ( 12344) load
[16:17:53] I (160) esp_image: segment 4: paddr=000557f8 vaddr=40374000 size=0fd1ch ( 64796) load
[16:17:53] I (174) esp_image: segment 5: paddr=0006551c vaddr=50000000 size=00024h (    36) load
[16:17:53] I (181) boot: Loaded app from partition at offset 0x10000
[16:17:53] I (181) boot: Disabling RNG early entropy source...
[16:17:53] I (192) octal_psram: vendor id    : 0x0d (AP)
[16:17:53] I (192) octal_psram: dev id       : 0x02 (generation 3)
[16:17:53] I (192) octal_psram: density      : 0x03 (64 Mbit)
[16:17:53] I (194) octal_psram: good-die     : 0x01 (Pass)
[16:17:53] I (198) octal_psram: Latency      : 0x01 (Fixed)
[16:17:53] I (203) octal_psram: VCC          : 0x01 (3V)
[16:17:53] I (207) octal_psram: SRF          : 0x01 (Fast Refresh)
[16:17:53] I (212) octal_psram: BurstType    : 0x01 (Hybrid Wrap)
[16:17:53] I (217) octal_psram: BurstLen     : 0x01 (32 Byte)
[16:17:53] I (221) octal_psram: Readlatency  : 0x02 (10 cycles@Fixed)
[16:17:53] I (226) octal_psram: DriveStrength: 0x00 (1/1)
[16:17:53] I (231) MSPI Timing: Enter psram timing tuning
[16:17:53] I (235) esp_psram: Found 8MB PSRAM device
[16:17:53] I (238) esp_psram: Speed: 80MHz
[16:17:53] I (241) cpu_start: Multicore app
[16:17:53] I (657) esp_psram: SPI SRAM memory test OK
[16:17:53] I (666) cpu_start: GPIO 44 and 43 are used as console UART I/O pins
[16:17:53] I (666) cpu_start: Pro cpu start user code
[16:17:53] I (666) cpu_start: cpu freq: 240000000 Hz
[16:17:53] I (668) app_init: Application information:
[16:17:53] I (672) app_init: Project name:     tinydraw_esp32
[16:17:53] I (676) app_init: App version:      092f2a3-dirty
[16:17:53] I (681) app_init: Compile time:     Aug 14 2026 16:13:14
[16:17:53] I (686) app_init: ELF file SHA256:  756a2e4bd...
[16:17:53] I (690) app_init: ESP-IDF:          v6.0.2
[16:17:53] I (694) efuse_init: Min chip rev:     v0.0
[16:17:53] I (698) efuse_init: Max chip rev:     v0.99 
[16:17:53] I (702) efuse_init: Chip rev:         v0.2
[16:17:53] I (706) heap_init: Initializing. RAM available for dynamic allocation:
[16:17:53] I (712) heap_init: At 3FC97EF0 len 00051820 (326 KiB): RAM
[16:17:53] I (717) heap_init: At 3FCE9710 len 00005724 (21 KiB): RAM
[16:17:53] I (722) heap_init: At 3FCF0000 len 00008000 (32 KiB): DRAM
[16:17:53] I (727) heap_init: At 600FE000 len 00001FE8 (7 KiB): RTCRAM
[16:17:53] I (733) esp_psram: Adding pool of 8192K of PSRAM memory to heap allocator
[16:17:53] I (740) spi_flash: detected chip: generic
[16:17:53] I (743) spi_flash: flash io: qio
[16:17:53] I (746) sleep_gpio: Configure to isolate all GPIO pins in sleep state
[16:17:53] I (752) sleep_gpio: Enable automatic switching of GPIO sleep configuration
[16:17:53] I (759) main_task: Started on CPU0
[16:17:53] I (762) main_task: Calling app_main()
[16:17:53] TINYDRAW_PANEL_HARD_RESET=1
[16:17:53] I (959) co5300: version: 2.1.0
[16:17:53] I (960) co5300_spi: LCD panel create success, version: 2.1.0
[16:17:54] W (1040) co5300_spi: The 3Ah command has been used and will be overwritten by external initialization sequence
[16:17:54] I (1141) CST816S: IC id: 183
[16:17:54] TINYDRAW_LIVE_PRESENT kind=startup zoom=25 x=0 y=0 compose_us=35138 scroll_us=0 exposed_compose_us=0 chrome_us=0 read_submit_us=0 read_complete_us=0 transfer_wait_us=19682 tile_pixels=0 uniform_pixels=0 overview_pixels=164864 fallback_pixels=0 resident_tiles=0 fallback_tiles=0 pushes=21 tear_wait_us=10146 tear_sync=1 frame_reused=0 pass=1
[16:17:54] TINYDRAW_LIVE_STRESS operations=1000 samples=20000 total_us=470828 average_us=470 maximum_us=873 free_psram=3042440 largest_psram=3014656
[16:17:54] TINYDRAW_LIVE_PRESENT kind=gate_fallback zoom=100 x=0 y=0 compose_us=23609 scroll_us=0 exposed_compose_us=0 chrome_us=0 read_submit_us=27446 read_complete_us=28247 transfer_wait_us=19520 tile_pixels=0 uniform_pixels=0 overview_pixels=0 fallback_pixels=164864 resident_tiles=0 fallback_tiles=42 pushes=21 tear_wait_us=3019 tear_sync=1 frame_reused=0 pass=1
[16:17:55] TINYDRAW_GATE1_HARD zoom=100 cold=1 operations=1000 samples=20000 steps=192 tiles=42 scanned=12000 rendered=1659 max_supertask_us=8939 presentation_us=63215 total_us=259648 pass=1
[16:17:55] TINYDRAW_LIVE_PRESENT kind=gate_fallback zoom=400 x=0 y=0 compose_us=23117 scroll_us=0 exposed_compose_us=0 chrome_us=0 read_submit_us=30564 read_complete_us=31365 transfer_wait_us=20104 tile_pixels=0 uniform_pixels=0 overview_pixels=0 fallback_pixels=164864 resident_tiles=0 fallback_tiles=42 pushes=21 tear_wait_us=6581 tear_sync=1 frame_reused=0 pass=1
[16:17:55] TINYDRAW_GATE1_HARD zoom=400 cold=1 operations=1000 samples=20000 steps=196 tiles=42 scanned=12000 rendered=120 max_supertask_us=8327 presentation_us=62588 total_us=195768 pass=1
[16:17:55] TINYDRAW_OVERLAP_WORKLOAD operations=8 samples=1200 radius_world=80
[16:17:56] TINYDRAW_GATE1_PACED_COLD corpus=overlap zoom=50 x=215 y=255 steps=334 tiles=56 compute_us=363034 present_us=75584 touch_us=1376 pacing_us=25961 wall_us=465955 max_tick_us=8882 touch_samples=2159 touch_interval_max_us=1944 touch_read_max_us=570 touch_events=0 touch_down=0 touch_up=0 touch_events_ge_8ms=0 touch_event_age_max_us=0 touch_errors=0 touch_overflows=0 pass=1
[16:17:56] TINYDRAW_GATE1_PACED_COLD corpus=overlap zoom=100 x=583 y=703 steps=172 tiles=48 compute_us=223603 present_us=74555 touch_us=783 pacing_us=16037 wall_us=314978 max_tick_us=8655 touch_samples=387 touch_interval_max_us=1826 touch_read_max_us=548 touch_events=0 touch_down=0 touch_up=0 touch_events_ge_8ms=0 touch_event_age_max_us=0 touch_errors=0 touch_overflows=0 pass=1
[16:17:57] TINYDRAW_GATE1_PACED_COLD corpus=overlap zoom=200 x=1319 y=1599 steps=128 tiles=56 compute_us=224078 present_us=75205 touch_us=642 pacing_us=11032 wall_us=310957 max_tick_us=8620 touch_samples=383 touch_interval_max_us=1149 touch_read_max_us=437 touch_events=0 touch_down=0 touch_up=0 touch_events_ge_8ms=0 touch_event_age_max_us=0 touch_errors=0 touch_overflows=0 pass=1
[16:17:57] TINYDRAW_GATE1_PACED_COLD corpus=overlap zoom=400 x=2791 y=3391 steps=94 tiles=56 compute_us=209125 present_us=72997 touch_us=552 pacing_us=7313 wall_us=289987 max_tick_us=8129 touch_samples=366 touch_interval_max_us=1140 touch_read_max_us=476 touch_events=0 touch_down=0 touch_up=0 touch_events_ge_8ms=0 touch_event_age_max_us=0 touch_errors=0 touch_overflows=0 pass=1
[16:17:57] TINYDRAW_ADVERSARIAL_TAPERED_WORKLOAD operations=128 samples=4096 erasers=12 load_us=222213 appended=1
[16:17:57] TINYDRAW_GATE1_PACED_COLD corpus=adversarial_tapered_4x zoom=50 x=0 y=0 steps=104 tiles=42 compute_us=93184 present_us=54118 touch_us=501 pacing_us=8173 wall_us=155976 max_tick_us=6922 touch_samples=488 touch_interval_max_us=1515 touch_read_max_us=430 touch_events=0 touch_down=0 touch_up=0 touch_events_ge_8ms=0 touch_event_age_max_us=0 touch_errors=0 touch_overflows=0 pass=1
[16:17:58] TINYDRAW_GATE1_PACED_COLD corpus=adversarial_tapered_4x zoom=100 x=0 y=0 steps=348 tiles=42 compute_us=156866 present_us=53780 touch_us=1168 pacing_us=26144 wall_us=237958 max_tick_us=7437 touch_samples=318 touch_interval_max_us=1130 touch_read_max_us=407 touch_events=0 touch_down=0 touch_up=0 touch_events_ge_8ms=0 touch_event_age_max_us=0 touch_errors=0 touch_overflows=0 pass=1
[16:17:59] TINYDRAW_GATE1_PACED_COLD corpus=adversarial_tapered_4x zoom=200 x=0 y=0 steps=1214 tiles=42 compute_us=442240 present_us=57744 touch_us=3686 pacing_us=92308 wall_us=595978 max_tick_us=7751 touch_samples=677 touch_interval_max_us=1161 touch_read_max_us=434 touch_events=0 touch_down=0 touch_up=0 touch_events_ge_8ms=0 touch_event_age_max_us=0 touch_errors=0 touch_overflows=0 pass=1
[16:17:59] TINYDRAW_GATE1_PACED_COLD corpus=adversarial_tapered_4x zoom=400 x=0 y=0 steps=904 tiles=42 compute_us=544824 present_us=60716 touch_us=3048 pacing_us=64317 wall_us=672905 max_tick_us=7986 touch_samples=750 touch_interval_max_us=1134 touch_read_max_us=434 touch_events=0 touch_down=0 touch_up=0 touch_events_ge_8ms=0 touch_event_age_max_us=0 touch_errors=0 touch_overflows=0 pass=1
[16:18:00] TINYDRAW_GATE1_WORKLOAD kind=realistic seed=7 operations=1000 samples=19844 maximum_stroke=198 load_us=376452 raw_source=1 lod_copies=0
[16:18:00] TINYDRAW_GATE1_PACED_COLD corpus=seed7 zoom=400 x=63 y=63 steps=281 tiles=56 compute_us=264294 present_us=78990 touch_us=955 pacing_us=19741 wall_us=363980 max_tick_us=10737 touch_samples=936 touch_interval_max_us=1564 touch_read_max_us=465 touch_events=0 touch_down=0 touch_up=0 touch_events_ge_8ms=0 touch_event_age_max_us=0 touch_errors=0 touch_overflows=0 pass=1
[16:18:00] TINYDRAW_LIVE_PRESENT kind=gate_fallback zoom=100 x=0 y=0 compose_us=23923 scroll_us=0 exposed_compose_us=0 chrome_us=0 read_submit_us=31912 read_complete_us=32713 transfer_wait_us=19851 tile_pixels=0 uniform_pixels=0 overview_pixels=0 fallback_pixels=164864 resident_tiles=0 fallback_tiles=42 pushes=21 tear_wait_us=7103 tear_sync=1 frame_reused=0 pass=1
[16:18:02] TINYDRAW_GATE1_HARD zoom=100 cold=1 operations=1000 samples=19844 steps=275 tiles=42 scanned=12000 rendered=5232 max_supertask_us=9098 presentation_us=61927 total_us=363419 pass=1
[16:18:02] TINYDRAW_GATE1_PAN zoom=100 from_x=0 from_y=0 to_x=88 to_y=88 compose_us=27518 scroll_us=11399 exposed_compose_us=16119 chrome_us=0 event_submit_us=30860 event_complete_us=31660 transfer_us=20097 setup=1 present=1 moved=1 frame_reused=1 pass=1
[16:18:02] TINYDRAW_LIVE_PRESENT kind=gate_fallback zoom=400 x=0 y=0 compose_us=23181 scroll_us=0 exposed_compose_us=0 chrome_us=0 read_submit_us=36750 read_complete_us=37551 transfer_wait_us=19708 tile_pixels=0 uniform_pixels=0 overview_pixels=0 fallback_pixels=164864 resident_tiles=0 fallback_tiles=42 pushes=21 tear_wait_us=12633 tear_sync=1 frame_reused=0 pass=1
[16:18:02] TINYDRAW_GATE1_HARD zoom=400 cold=1 operations=1000 samples=19844 steps=211 tiles=42 scanned=12000 rendered=591 max_supertask_us=10693 presentation_us=61865 total_us=253918 pass=1
[16:18:02] TINYDRAW_GATE1_PAN zoom=400 from_x=0 from_y=0 to_x=88 to_y=88 compose_us=27465 scroll_us=11384 exposed_compose_us=16081 chrome_us=0 event_submit_us=30445 event_complete_us=31246 transfer_us=19513 setup=1 present=1 moved=1 frame_reused=1 pass=1
[16:18:02] TINYDRAW_GATE1_DRAW_FILL zoom=400 revision=2140 append_us=1135 poll_gap_us=90 event_submit_us=2310 event_complete_us=2486 max_compute_slice_us=4765 max_display_slice_us=10693 fill_us=249328 revision_restarted=1 pass=1
=== RUN 13 ===
[16:18:04] TINYDRAW_GATE1_LONG_GESTURE path=reference samples=1600 chunks=2ESP-ROM:esp32s3-20210327
[16:18:04] Build:Mar 27 2021
[16:18:04] rst:0x15 (USB_UART_CHIP_RESET),boot:0x2b (SPI_FAST_FLASH_BOOT)
[16:18:04] Saved PC:0x4037b7d6
[16:18:04] SPIWP:0xee
[16:18:04] mode:DIO, clock div:1
[16:18:04] load:0x3fce2820,len:0x1664
[16:18:04] load:0x403c8700,len:0xf38
[16:18:04] load:0x403cb700,len:0x31e8
[16:18:04] entry 0x403c8930
[16:18:04] I (24) boot: ESP-IDF v6.0.2 2nd stage bootloader
[16:18:04] I (24) boot: compile time Aug 14 2026 16:13:20
[16:18:04] I (25) boot: Multicore bootloader
[16:18:04] I (25) boot: chip revision: v0.2
[16:18:04] I (28) boot: efuse block revision: v1.3
[16:18:04] I (31) qio_mode: Enabling default flash chip QIO
[16:18:04] I (36) boot.esp32s3: Boot SPI Speed : 80MHz
[16:18:04] I (39) boot.esp32s3: SPI Mode       : QIO
[16:18:04] I (43) boot.esp32s3: SPI Flash Size : 16MB
[16:18:04] I (47) boot: Enabling RNG early entropy source...
[16:18:04] I (51) boot: Partition Table:
[16:18:04] I (54) boot: ## Label            Usage          Type ST Offset   Length
[16:18:04] I (60) boot:  0 nvs              WiFi data        01 02 00009000 00006000
[16:18:04] I (67) boot:  1 phy_init         RF data          01 01 0000f000 00001000
[16:18:04] I (73) boot:  2 factory          factory app      00 00 00010000 00100000
[16:18:04] I (80) boot:  3 drawing          Unknown data     01 40 00110000 00300000
[16:18:04] I (86) boot:  4 export           Unknown data     01 41 00410000 00500000
[16:18:04] I (93) boot:  5 coredump         Unknown data     01 03 00910000 00010000
[16:18:04] I (100) boot: End of partition table
[16:18:04] I (103) esp_image: segment 0: paddr=00010020 vaddr=3c040020 size=0fa04h ( 64004) map
[16:18:04] I (120) esp_image: segment 1: paddr=0001fa2c vaddr=3fc93e00 size=005ech (  1516) load
[16:18:04] I (121) esp_image: segment 2: paddr=00020020 vaddr=42000020 size=32790h (206736) map
[16:18:04] I (157) esp_image: segment 3: paddr=000527b8 vaddr=3fc943ec size=03038h ( 12344) load
[16:18:04] I (160) esp_image: segment 4: paddr=000557f8 vaddr=40374000 size=0fd1ch ( 64796) load
[16:18:04] I (174) esp_image: segment 5: paddr=0006551c vaddr=50000000 size=00024h (    36) load
[16:18:04] I (181) boot: Loaded app from partition at offset 0x10000
[16:18:04] I (181) boot: Disabling RNG early entropy source...
[16:18:04] I (192) octal_psram: vendor id    : 0x0d (AP)
[16:18:04] I (192) octal_psram: dev id       : 0x02 (generation 3)
[16:18:04] I (192) octal_psram: density      : 0x03 (64 Mbit)
[16:18:04] I (194) octal_psram: good-die     : 0x01 (Pass)
[16:18:04] I (198) octal_psram: Latency      : 0x01 (Fixed)
[16:18:04] I (203) octal_psram: VCC          : 0x01 (3V)
[16:18:04] I (207) octal_psram: SRF          : 0x01 (Fast Refresh)
[16:18:04] I (212) octal_psram: BurstType    : 0x01 (Hybrid Wrap)
[16:18:04] I (217) octal_psram: BurstLen     : 0x01 (32 Byte)
[16:18:04] I (221) octal_psram: Readlatency  : 0x02 (10 cycles@Fixed)
[16:18:04] I (226) octal_psram: DriveStrength: 0x00 (1/1)
[16:18:04] I (231) MSPI Timing: Enter psram timing tuning
[16:18:04] I (235) esp_psram: Found 8MB PSRAM device
[16:18:04] I (238) esp_psram: Speed: 80MHz
[16:18:04] I (241) cpu_start: Multicore app
[16:18:04] I (657) esp_psram: SPI SRAM memory test OK
[16:18:04] I (666) cpu_start: GPIO 44 and 43 are used as console UART I/O pins
[16:18:04] I (666) cpu_start: Pro cpu start user code
[16:18:04] I (666) cpu_start: cpu freq: 240000000 Hz
[16:18:04] I (668) app_init: Application information:
[16:18:04] I (672) app_init: Project name:     tinydraw_esp32
[16:18:04] I (676) app_init: App version:      092f2a3-dirty
[16:18:04] I (681) app_init: Compile time:     Aug 14 2026 16:13:14
[16:18:04] I (686) app_init: ELF file SHA256:  756a2e4bd...
[16:18:04] I (690) app_init: ESP-IDF:          v6.0.2
[16:18:04] I (694) efuse_init: Min chip rev:     v0.0
[16:18:04] I (698) efuse_init: Max chip rev:     v0.99 
[16:18:04] I (702) efuse_init: Chip rev:         v0.2
[16:18:04] I (706) heap_init: Initializing. RAM available for dynamic allocation:
[16:18:04] I (712) heap_init: At 3FC97EF0 len 00051820 (326 KiB): RAM
[16:18:04] I (717) heap_init: At 3FCE9710 len 00005724 (21 KiB): RAM
[16:18:04] I (722) heap_init: At 3FCF0000 len 00008000 (32 KiB): DRAM
[16:18:04] I (727) heap_init: At 600FE000 len 00001FE8 (7 KiB): RTCRAM
[16:18:04] I (733) esp_psram: Adding pool of 8192K of PSRAM memory to heap allocator
[16:18:04] I (740) spi_flash: detected chip: generic
[16:18:04] I (743) spi_flash: flash io: qio
[16:18:04] I (746) sleep_gpio: Configure to isolate all GPIO pins in sleep state
[16:18:04] I (752) sleep_gpio: Enable automatic switching of GPIO sleep configuration
[16:18:04] I (759) main_task: Started on CPU0
[16:18:04] I (762) main_task: Calling app_main()
[16:18:04] TINYDRAW_PANEL_HARD_RESET=1
[16:18:04] I (959) co5300: version: 2.1.0
[16:18:04] I (960) co5300_spi: LCD panel create success, version: 2.1.0
[16:18:05] W (1040) co5300_spi: The 3Ah command has been used and will be overwritten by external initialization sequence
[16:18:05] I (1141) CST816S: IC id: 183
[16:18:05] TINYDRAW_LIVE_PRESENT kind=startup zoom=25 x=0 y=0 compose_us=35138 scroll_us=0 exposed_compose_us=0 chrome_us=0 read_submit_us=0 read_complete_us=0 transfer_wait_us=19645 tile_pixels=0 uniform_pixels=0 overview_pixels=164864 fallback_pixels=0 resident_tiles=0 fallback_tiles=0 pushes=21 tear_wait_us=10183 tear_sync=1 frame_reused=0 pass=1
[16:18:05] TINYDRAW_LIVE_STRESS operations=1000 samples=20000 total_us=469850 average_us=469 maximum_us=860 free_psram=3042440 largest_psram=3014656
[16:18:05] TINYDRAW_LIVE_PRESENT kind=gate_fallback zoom=100 x=0 y=0 compose_us=23597 scroll_us=0 exposed_compose_us=0 chrome_us=0 read_submit_us=28681 read_complete_us=29483 transfer_wait_us=20273 tile_pixels=0 uniform_pixels=0 overview_pixels=0 fallback_pixels=164864 resident_tiles=0 fallback_tiles=42 pushes=21 tear_wait_us=4245 tear_sync=1 frame_reused=0 pass=1
[16:18:06] TINYDRAW_GATE1_HARD zoom=100 cold=1 operations=1000 samples=20000 steps=192 tiles=42 scanned=12000 rendered=1659 max_supertask_us=8939 presentation_us=63193 total_us=259822 pass=1
[16:18:06] TINYDRAW_LIVE_PRESENT kind=gate_fallback zoom=400 x=0 y=0 compose_us=23005 scroll_us=0 exposed_compose_us=0 chrome_us=0 read_submit_us=29743 read_complete_us=30544 transfer_wait_us=19773 tile_pixels=0 uniform_pixels=0 overview_pixels=0 fallback_pixels=164864 resident_tiles=0 fallback_tiles=42 pushes=21 tear_wait_us=5831 tear_sync=1 frame_reused=0 pass=1
[16:18:06] TINYDRAW_GATE1_HARD zoom=400 cold=1 operations=1000 samples=20000 steps=196 tiles=42 scanned=12000 rendered=120 max_supertask_us=8331 presentation_us=62682 total_us=195793 pass=1
[16:18:06] TINYDRAW_OVERLAP_WORKLOAD operations=8 samples=1200 radius_world=80
[16:18:07] TINYDRAW_GATE1_PACED_COLD corpus=overlap zoom=50 x=215 y=255 steps=334 tiles=56 compute_us=362970 present_us=75557 touch_us=1361 pacing_us=26052 wall_us=465940 max_tick_us=8882 touch_samples=2159 touch_interval_max_us=1944 touch_read_max_us=569 touch_events=0 touch_down=0 touch_up=0 touch_events_ge_8ms=0 touch_event_age_max_us=0 touch_errors=0 touch_overflows=0 pass=1
[16:18:07] TINYDRAW_GATE1_PACED_COLD corpus=overlap zoom=100 x=583 y=703 steps=172 tiles=48 compute_us=223714 present_us=73577 touch_us=756 pacing_us=14931 wall_us=312978 max_tick_us=8652 touch_samples=385 touch_interval_max_us=1835 touch_read_max_us=544 touch_events=0 touch_down=0 touch_up=0 touch_events_ge_8ms=0 touch_event_age_max_us=0 touch_errors=0 touch_overflows=0 pass=1
[16:18:08] TINYDRAW_GATE1_PACED_COLD corpus=overlap zoom=200 x=1319 y=1599 steps=128 tiles=56 compute_us=224145 present_us=75195 touch_us=641 pacing_us=10977 wall_us=310958 max_tick_us=8640 touch_samples=385 touch_interval_max_us=1156 touch_read_max_us=435 touch_events=0 touch_down=0 touch_up=0 touch_events_ge_8ms=0 touch_event_age_max_us=0 touch_errors=0 touch_overflows=0 pass=1
[16:18:08] TINYDRAW_GATE1_PACED_COLD corpus=overlap zoom=400 x=2791 y=3391 steps=94 tiles=56 compute_us=209190 present_us=71008 touch_us=546 pacing_us=7234 wall_us=287978 max_tick_us=8156 touch_samples=363 touch_interval_max_us=1142 touch_read_max_us=468 touch_events=0 touch_down=0 touch_up=0 touch_events_ge_8ms=0 touch_event_age_max_us=0 touch_errors=0 touch_overflows=0 pass=1
[16:18:08] TINYDRAW_ADVERSARIAL_TAPERED_WORKLOAD operations=128 samples=4096 erasers=12 load_us=222113 appended=1
[16:18:08] TINYDRAW_GATE1_PACED_COLD corpus=adversarial_tapered_4x zoom=50 x=0 y=0 steps=104 tiles=42 compute_us=93430 present_us=55095 touch_us=505 pacing_us=8947 wall_us=157977 max_tick_us=6921 touch_samples=493 touch_interval_max_us=1124 touch_read_max_us=408 touch_events=0 touch_down=0 touch_up=0 touch_events_ge_8ms=0 touch_event_age_max_us=0 touch_errors=0 touch_overflows=0 pass=1
[16:18:09] TINYDRAW_GATE1_PACED_COLD corpus=adversarial_tapered_4x zoom=100 x=0 y=0 steps=348 tiles=42 compute_us=157046 present_us=53801 touch_us=1143 pacing_us=25967 wall_us=237957 max_tick_us=7446 touch_samples=315 touch_interval_max_us=1139 touch_read_max_us=408 touch_events=0 touch_down=0 touch_up=0 touch_events_ge_8ms=0 touch_event_age_max_us=0 touch_errors=0 touch_overflows=0 pass=1
[16:18:10] TINYDRAW_GATE1_PACED_COLD corpus=adversarial_tapered_4x zoom=200 x=0 y=0 steps=1214 tiles=42 compute_us=442201 present_us=57678 touch_us=3739 pacing_us=93359 wall_us=596977 max_tick_us=7770 touch_samples=679 touch_interval_max_us=1169 touch_read_max_us=442 touch_events=0 touch_down=0 touch_up=0 touch_events_ge_8ms=0 touch_event_age_max_us=0 touch_errors=0 touch_overflows=0 pass=1
[16:18:10] TINYDRAW_GATE1_PACED_COLD corpus=adversarial_tapered_4x zoom=400 x=0 y=0 steps=904 tiles=42 compute_us=545469 present_us=60684 touch_us=2972 pacing_us=65759 wall_us=674884 max_tick_us=7986 touch_samples=750 touch_interval_max_us=1180 touch_read_max_us=437 touch_events=0 touch_down=0 touch_up=0 touch_events_ge_8ms=0 touch_event_age_max_us=0 touch_errors=0 touch_overflows=0 pass=1
[16:18:11] TINYDRAW_GATE1_WORKLOAD kind=realistic seed=7 operations=1000 samples=19844 maximum_stroke=198 load_us=373598 raw_source=1 lod_copies=0
[16:18:11] TINYDRAW_GATE1_PACED_COLD corpus=seed7 zoom=400 x=63 y=63 steps=281 tiles=56 compute_us=264106 present_us=79127 touch_us=951 pacing_us=19795 wall_us=363979 max_tick_us=10724 touch_samples=933 touch_interval_max_us=1913 touch_read_max_us=506 touch_events=0 touch_down=0 touch_up=0 touch_events_ge_8ms=0 touch_event_age_max_us=0 touch_errors=0 touch_overflows=0 pass=1
[16:18:11] TINYDRAW_LIVE_PRESENT kind=gate_fallback zoom=100 x=0 y=0 compose_us=23914 scroll_us=0 exposed_compose_us=0 chrome_us=0 read_submit_us=32039 read_complete_us=32840 transfer_wait_us=19723 tile_pixels=0 uniform_pixels=0 overview_pixels=0 fallback_pixels=164864 resident_tiles=0 fallback_tiles=42 pushes=21 tear_wait_us=7290 tear_sync=1 frame_reused=0 pass=1
[16:18:13] TINYDRAW_GATE1_HARD zoom=100 cold=1 operations=1000 samples=19844 steps=275 tiles=42 scanned=12000 rendered=5232 max_supertask_us=9119 presentation_us=61411 total_us=363567 pass=1
[16:18:13] TINYDRAW_GATE1_PAN zoom=100 from_x=0 from_y=0 to_x=88 to_y=88 compose_us=27477 scroll_us=11392 exposed_compose_us=16085 chrome_us=0 event_submit_us=30192 event_complete_us=30992 transfer_us=19765 setup=1 present=1 moved=1 frame_reused=1 pass=1
[16:18:13] TINYDRAW_LIVE_PRESENT kind=gate_fallback zoom=400 x=0 y=0 compose_us=23185 scroll_us=0 exposed_compose_us=0 chrome_us=0 read_submit_us=37075 read_complete_us=37875 transfer_wait_us=19384 tile_pixels=0 uniform_pixels=0 overview_pixels=0 fallback_pixels=164864 resident_tiles=0 fallback_tiles=42 pushes=21 tear_wait_us=13012 tear_sync=1 frame_reused=0 pass=1
[16:18:13] TINYDRAW_GATE1_HARD zoom=400 cold=1 operations=1000 samples=19844 steps=211 tiles=42 scanned=12000 rendered=591 max_supertask_us=10699 presentation_us=61755 total_us=253922 pass=1
[16:18:13] TINYDRAW_GATE1_PAN zoom=400 from_x=0 from_y=0 to_x=88 to_y=88 compose_us=27435 scroll_us=11401 exposed_compose_us=16034 chrome_us=0 event_submit_us=30979 event_complete_us=31774 transfer_us=19977 setup=1 present=1 moved=1 frame_reused=1 pass=1
[16:18:13] TINYDRAW_GATE1_DRAW_FILL zoom=400 revision=2140 append_us=1156 poll_gap_us=93 event_submit_us=2300 event_complete_us=2477 max_compute_slice_us=4767 max_display_slice_us=10678 fill_us=249377 revision_restarted=1 pass=1
=== RUN 14 ===
[16:18:15] TINYDRAW_GATE1_LONG_GESTURE path=reference samples=1600 chunks=2ESP-ROM:esp32s3-20210327
[16:18:15] Build:Mar 27 2021
[16:18:15] rst:0x15 (USB_UART_CHIP_RESET),boot:0x2b (SPI_FAST_FLASH_BOOT)
[16:18:15] Saved PC:0x40379d73
[16:18:15] SPIWP:0xee
[16:18:15] mode:DIO, clock div:1
[16:18:15] load:0x3fce2820,len:0x1664
[16:18:15] load:0x403c8700,len:0xf38
[16:18:15] load:0x403cb700,len:0x31e8
[16:18:15] entry 0x403c8930
[16:18:15] I (24) boot: ESP-IDF v6.0.2 2nd stage bootloader
[16:18:15] I (24) boot: compile time Aug 14 2026 16:13:20
[16:18:15] I (25) boot: Multicore bootloader
[16:18:15] I (25) boot: chip revision: v0.2
[16:18:15] I (28) boot: efuse block revision: v1.3
[16:18:15] I (31) qio_mode: Enabling default flash chip QIO
[16:18:15] I (36) boot.esp32s3: Boot SPI Speed : 80MHz
[16:18:15] I (39) boot.esp32s3: SPI Mode       : QIO
[16:18:15] I (43) boot.esp32s3: SPI Flash Size : 16MB
[16:18:15] I (47) boot: Enabling RNG early entropy source...
[16:18:15] I (51) boot: Partition Table:
[16:18:15] I (54) boot: ## Label            Usage          Type ST Offset   Length
[16:18:15] I (60) boot:  0 nvs              WiFi data        01 02 00009000 00006000
[16:18:15] I (67) boot:  1 phy_init         RF data          01 01 0000f000 00001000
[16:18:15] I (73) boot:  2 factory          factory app      00 00 00010000 00100000
[16:18:15] I (80) boot:  3 drawing          Unknown data     01 40 00110000 00300000
[16:18:15] I (86) boot:  4 export           Unknown data     01 41 00410000 00500000
[16:18:15] I (93) boot:  5 coredump         Unknown data     01 03 00910000 00010000
[16:18:15] I (100) boot: End of partition table
[16:18:15] I (103) esp_image: segment 0: paddr=00010020 vaddr=3c040020 size=0fa04h ( 64004) map
[16:18:15] I (120) esp_image: segment 1: paddr=0001fa2c vaddr=3fc93e00 size=005ech (  1516) load
[16:18:15] I (121) esp_image: segment 2: paddr=00020020 vaddr=42000020 size=32790h (206736) map
[16:18:15] I (157) esp_image: segment 3: paddr=000527b8 vaddr=3fc943ec size=03038h ( 12344) load
[16:18:15] I (160) esp_image: segment 4: paddr=000557f8 vaddr=40374000 size=0fd1ch ( 64796) load
[16:18:15] I (174) esp_image: segment 5: paddr=0006551c vaddr=50000000 size=00024h (    36) load
[16:18:15] I (181) boot: Loaded app from partition at offset 0x10000
[16:18:15] I (181) boot: Disabling RNG early entropy source...
[16:18:15] I (192) octal_psram: vendor id    : 0x0d (AP)
[16:18:15] I (192) octal_psram: dev id       : 0x02 (generation 3)
[16:18:15] I (192) octal_psram: density      : 0x03 (64 Mbit)
[16:18:15] I (194) octal_psram: good-die     : 0x01 (Pass)
[16:18:15] I (198) octal_psram: Latency      : 0x01 (Fixed)
[16:18:15] I (203) octal_psram: VCC          : 0x01 (3V)
[16:18:15] I (207) octal_psram: SRF          : 0x01 (Fast Refresh)
[16:18:15] I (212) octal_psram: BurstType    : 0x01 (Hybrid Wrap)
[16:18:15] I (217) octal_psram: BurstLen     : 0x01 (32 Byte)
[16:18:15] I (221) octal_psram: Readlatency  : 0x02 (10 cycles@Fixed)
[16:18:15] I (226) octal_psram: DriveStrength: 0x00 (1/1)
[16:18:15] I (231) MSPI Timing: Enter psram timing tuning
[16:18:15] I (235) esp_psram: Found 8MB PSRAM device
[16:18:15] I (238) esp_psram: Speed: 80MHz
[16:18:15] I (241) cpu_start: Multicore app
[16:18:15] I (657) esp_psram: SPI SRAM memory test OK
[16:18:15] I (666) cpu_start: GPIO 44 and 43 are used as console UART I/O pins
[16:18:15] I (666) cpu_start: Pro cpu start user code
[16:18:15] I (666) cpu_start: cpu freq: 240000000 Hz
[16:18:15] I (668) app_init: Application information:
[16:18:15] I (672) app_init: Project name:     tinydraw_esp32
[16:18:15] I (676) app_init: App version:      092f2a3-dirty
[16:18:15] I (681) app_init: Compile time:     Aug 14 2026 16:13:14
[16:18:15] I (686) app_init: ELF file SHA256:  756a2e4bd...
[16:18:15] I (690) app_init: ESP-IDF:          v6.0.2
[16:18:15] I (694) efuse_init: Min chip rev:     v0.0
[16:18:15] I (698) efuse_init: Max chip rev:     v0.99 
[16:18:15] I (702) efuse_init: Chip rev:         v0.2
[16:18:15] I (706) heap_init: Initializing. RAM available for dynamic allocation:
[16:18:15] I (712) heap_init: At 3FC97EF0 len 00051820 (326 KiB): RAM
[16:18:15] I (717) heap_init: At 3FCE9710 len 00005724 (21 KiB): RAM
[16:18:15] I (722) heap_init: At 3FCF0000 len 00008000 (32 KiB): DRAM
[16:18:15] I (727) heap_init: At 600FE000 len 00001FE8 (7 KiB): RTCRAM
[16:18:15] I (733) esp_psram: Adding pool of 8192K of PSRAM memory to heap allocator
[16:18:15] I (740) spi_flash: detected chip: generic
[16:18:15] I (743) spi_flash: flash io: qio
[16:18:15] I (746) sleep_gpio: Configure to isolate all GPIO pins in sleep state
[16:18:15] I (752) sleep_gpio: Enable automatic switching of GPIO sleep configuration
[16:18:15] I (759) main_task: Started on CPU0
[16:18:15] I (762) main_task: Calling app_main()
[16:18:15] TINYDRAW_PANEL_HARD_RESET=1
[16:18:15] I (959) co5300: version: 2.1.0
[16:18:15] I (960) co5300_spi: LCD panel create success, version: 2.1.0
[16:18:15] W (1040) co5300_spi: The 3Ah command has been used and will be overwritten by external initialization sequence
[16:18:15] I (1141) CST816S: IC id: 183
[16:18:16] TINYDRAW_LIVE_PRESENT kind=startup zoom=25 x=0 y=0 compose_us=35140 scroll_us=0 exposed_compose_us=0 chrome_us=0 read_submit_us=0 read_complete_us=0 transfer_wait_us=19509 tile_pixels=0 uniform_pixels=0 overview_pixels=164864 fallback_pixels=0 resident_tiles=0 fallback_tiles=0 pushes=21 tear_wait_us=10332 tear_sync=1 frame_reused=0 pass=1
[16:18:16] TINYDRAW_LIVE_STRESS operations=1000 samples=20000 total_us=471491 average_us=471 maximum_us=869 free_psram=3042440 largest_psram=3014656
[16:18:16] TINYDRAW_LIVE_PRESENT kind=gate_fallback zoom=100 x=0 y=0 compose_us=23697 scroll_us=0 exposed_compose_us=0 chrome_us=0 read_submit_us=27449 read_complete_us=28251 transfer_wait_us=19816 tile_pixels=0 uniform_pixels=0 overview_pixels=0 fallback_pixels=164864 resident_tiles=0 fallback_tiles=42 pushes=21 tear_wait_us=2877 tear_sync=1 frame_reused=0 pass=1
[16:18:16] TINYDRAW_GATE1_HARD zoom=100 cold=1 operations=1000 samples=20000 steps=192 tiles=42 scanned=12000 rendered=1659 max_supertask_us=8950 presentation_us=63035 total_us=259800 pass=1
[16:18:16] TINYDRAW_LIVE_PRESENT kind=gate_fallback zoom=400 x=0 y=0 compose_us=23035 scroll_us=0 exposed_compose_us=0 chrome_us=0 read_submit_us=30347 read_complete_us=31148 transfer_wait_us=20182 tile_pixels=0 uniform_pixels=0 overview_pixels=0 fallback_pixels=164864 resident_tiles=0 fallback_tiles=42 pushes=21 tear_wait_us=6426 tear_sync=1 frame_reused=0 pass=1
[16:18:17] TINYDRAW_GATE1_HARD zoom=400 cold=1 operations=1000 samples=20000 steps=196 tiles=42 scanned=12000 rendered=120 max_supertask_us=8254 presentation_us=62735 total_us=195798 pass=1
[16:18:17] TINYDRAW_OVERLAP_WORKLOAD operations=8 samples=1200 radius_world=80
[16:18:18] TINYDRAW_GATE1_PACED_COLD corpus=overlap zoom=50 x=215 y=255 steps=334 tiles=56 compute_us=363030 present_us=76522 touch_us=1415 pacing_us=25957 wall_us=466924 max_tick_us=8996 touch_samples=2161 touch_interval_max_us=1937 touch_read_max_us=570 touch_events=0 touch_down=0 touch_up=0 touch_events_ge_8ms=0 touch_event_age_max_us=0 touch_errors=0 touch_overflows=0 pass=1
[16:18:18] TINYDRAW_GATE1_PACED_COLD corpus=overlap zoom=100 x=583 y=703 steps=172 tiles=48 compute_us=223903 present_us=73516 touch_us=778 pacing_us=15781 wall_us=313978 max_tick_us=8653 touch_samples=386 touch_interval_max_us=1871 touch_read_max_us=518 touch_events=0 touch_down=0 touch_up=0 touch_events_ge_8ms=0 touch_event_age_max_us=0 touch_errors=0 touch_overflows=0 pass=1
[16:18:19] TINYDRAW_GATE1_PACED_COLD corpus=overlap zoom=200 x=1319 y=1599 steps=128 tiles=56 compute_us=224143 present_us=75152 touch_us=652 pacing_us=11011 wall_us=310958 max_tick_us=8616 touch_samples=384 touch_interval_max_us=1148 touch_read_max_us=433 touch_events=0 touch_down=0 touch_up=0 touch_events_ge_8ms=0 touch_event_age_max_us=0 touch_errors=0 touch_overflows=0 pass=1
[16:18:19] TINYDRAW_GATE1_PACED_COLD corpus=overlap zoom=400 x=2791 y=3391 steps=94 tiles=56 compute_us=209092 present_us=72048 touch_us=559 pacing_us=7280 wall_us=288979 max_tick_us=8257 touch_samples=365 touch_interval_max_us=1142 touch_read_max_us=468 touch_events=0 touch_down=0 touch_up=0 touch_events_ge_8ms=0 touch_event_age_max_us=0 touch_errors=0 touch_overflows=0 pass=1
[16:18:19] TINYDRAW_ADVERSARIAL_TAPERED_WORKLOAD operations=128 samples=4096 erasers=12 load_us=222329 appended=1
[16:18:19] TINYDRAW_GATE1_PACED_COLD corpus=adversarial_tapered_4x zoom=50 x=0 y=0 steps=104 tiles=42 compute_us=93391 present_us=55120 touch_us=504 pacing_us=8954 wall_us=157969 max_tick_us=6919 touch_samples=491 touch_interval_max_us=1164 touch_read_max_us=448 touch_events=0 touch_down=0 touch_up=0 touch_events_ge_8ms=0 touch_event_age_max_us=0 touch_errors=0 touch_overflows=0 pass=1
[16:18:20] TINYDRAW_GATE1_PACED_COLD corpus=adversarial_tapered_4x zoom=100 x=0 y=0 steps=348 tiles=42 compute_us=157030 present_us=53744 touch_us=1157 pacing_us=26027 wall_us=237958 max_tick_us=7411 touch_samples=316 touch_interval_max_us=1178 touch_read_max_us=447 touch_events=0 touch_down=0 touch_up=0 touch_events_ge_8ms=0 touch_event_age_max_us=0 touch_errors=0 touch_overflows=0 pass=1
[16:18:21] TINYDRAW_GATE1_PACED_COLD corpus=adversarial_tapered_4x zoom=200 x=0 y=0 steps=1214 tiles=42 compute_us=441899 present_us=57723 touch_us=3701 pacing_us=94655 wall_us=597978 max_tick_us=7776 touch_samples=680 touch_interval_max_us=1186 touch_read_max_us=457 touch_events=0 touch_down=0 touch_up=0 touch_events_ge_8ms=0 touch_event_age_max_us=0 touch_errors=0 touch_overflows=0 pass=1
[16:18:21] TINYDRAW_GATE1_PACED_COLD corpus=adversarial_tapered_4x zoom=400 x=0 y=0 steps=904 tiles=42 compute_us=545694 present_us=60611 touch_us=3051 pacing_us=65528 wall_us=674884 max_tick_us=7998 touch_samples=750 touch_interval_max_us=1139 touch_read_max_us=435 touch_events=0 touch_down=0 touch_up=0 touch_events_ge_8ms=0 touch_event_age_max_us=0 touch_errors=0 touch_overflows=0 pass=1
[16:18:22] TINYDRAW_GATE1_WORKLOAD kind=realistic seed=7 operations=1000 samples=19844 maximum_stroke=198 load_us=375496 raw_source=1 lod_copies=0
[16:18:22] TINYDRAW_GATE1_PACED_COLD corpus=seed7 zoom=400 x=63 y=63 steps=281 tiles=56 compute_us=264089 present_us=79153 touch_us=960 pacing_us=19777 wall_us=363979 max_tick_us=10737 touch_samples=933 touch_interval_max_us=1996 touch_read_max_us=468 touch_events=0 touch_down=0 touch_up=0 touch_events_ge_8ms=0 touch_event_age_max_us=0 touch_errors=0 touch_overflows=0 pass=1
[16:18:22] TINYDRAW_LIVE_PRESENT kind=gate_fallback zoom=100 x=0 y=0 compose_us=23917 scroll_us=0 exposed_compose_us=0 chrome_us=0 read_submit_us=32021 read_complete_us=32822 transfer_wait_us=19743 tile_pixels=0 uniform_pixels=0 overview_pixels=0 fallback_pixels=164864 resident_tiles=0 fallback_tiles=42 pushes=21 tear_wait_us=7237 tear_sync=1 frame_reused=0 pass=1
[16:18:24] TINYDRAW_GATE1_HARD zoom=100 cold=1 operations=1000 samples=19844 steps=275 tiles=42 scanned=12000 rendered=5232 max_supertask_us=9084 presentation_us=61585 total_us=363595 pass=1
[16:18:24] TINYDRAW_GATE1_PAN zoom=100 from_x=0 from_y=0 to_x=88 to_y=88 compose_us=27458 scroll_us=11392 exposed_compose_us=16066 chrome_us=0 event_submit_us=30154 event_complete_us=30956 transfer_us=19804 setup=1 present=1 moved=1 frame_reused=1 pass=1
[16:18:24] TINYDRAW_LIVE_PRESENT kind=gate_fallback zoom=400 x=0 y=0 compose_us=23140 scroll_us=0 exposed_compose_us=0 chrome_us=0 read_submit_us=36962 read_complete_us=37762 transfer_wait_us=19496 tile_pixels=0 uniform_pixels=0 overview_pixels=0 fallback_pixels=164864 resident_tiles=0 fallback_tiles=42 pushes=21 tear_wait_us=12989 tear_sync=1 frame_reused=0 pass=1
[16:18:24] TINYDRAW_GATE1_HARD zoom=400 cold=1 operations=1000 samples=19844 steps=211 tiles=42 scanned=12000 rendered=591 max_supertask_us=10704 presentation_us=61699 total_us=253915 pass=1
[16:18:24] TINYDRAW_GATE1_PAN zoom=400 from_x=0 from_y=0 to_x=88 to_y=88 compose_us=27439 scroll_us=11407 exposed_compose_us=16032 chrome_us=0 event_submit_us=31098 event_complete_us=31898 transfer_us=19860 setup=1 present=1 moved=1 frame_reused=1 pass=1
[16:18:24] TINYDRAW_GATE1_DRAW_FILL zoom=400 revision=2140 append_us=1141 poll_gap_us=87 event_submit_us=2319 event_complete_us=2496 max_compute_slice_us=4783 max_display_slice_us=10683 fill_us=249421 revision_restarted=1 pass=1
=== RUN 15 ===
[16:18:26] TINYDRAW_GATE1_LONG_GESTURE path=reference samples=1600 chunks=2ESP-ROM:esp32s3-20210327
[16:18:26] Build:Mar 27 2021
[16:18:26] rst:0x15 (USB_UART_CHIP_RESET),boot:0x2b (SPI_FAST_FLASH_BOOT)
[16:18:26] Saved PC:0x4201fc69
[16:18:26] SPIWP:0xee
[16:18:26] mode:DIO, clock div:1
[16:18:26] load:0x3fce2820,len:0x1664
[16:18:26] load:0x403c8700,len:0xf38
[16:18:26] load:0x403cb700,len:0x31e8
[16:18:26] entry 0x403c8930
[16:18:26] I (24) boot: ESP-IDF v6.0.2 2nd stage bootloader
[16:18:26] I (24) boot: compile time Aug 14 2026 16:13:20
[16:18:26] I (25) boot: Multicore bootloader
[16:18:26] I (25) boot: chip revision: v0.2
[16:18:26] I (28) boot: efuse block revision: v1.3
[16:18:26] I (31) qio_mode: Enabling default flash chip QIO
[16:18:26] I (36) boot.esp32s3: Boot SPI Speed : 80MHz
[16:18:26] I (39) boot.esp32s3: SPI Mode       : QIO
[16:18:26] I (43) boot.esp32s3: SPI Flash Size : 16MB
[16:18:26] I (47) boot: Enabling RNG early entropy source...
[16:18:26] I (51) boot: Partition Table:
[16:18:26] I (54) boot: ## Label            Usage          Type ST Offset   Length
[16:18:26] I (60) boot:  0 nvs              WiFi data        01 02 00009000 00006000
[16:18:26] I (67) boot:  1 phy_init         RF data          01 01 0000f000 00001000
[16:18:26] I (73) boot:  2 factory          factory app      00 00 00010000 00100000
[16:18:26] I (80) boot:  3 drawing          Unknown data     01 40 00110000 00300000
[16:18:26] I (86) boot:  4 export           Unknown data     01 41 00410000 00500000
[16:18:26] I (93) boot:  5 coredump         Unknown data     01 03 00910000 00010000
[16:18:26] I (100) boot: End of partition table
[16:18:26] I (103) esp_image: segment 0: paddr=00010020 vaddr=3c040020 size=0fa04h ( 64004) map
[16:18:26] I (120) esp_image: segment 1: paddr=0001fa2c vaddr=3fc93e00 size=005ech (  1516) load
[16:18:26] I (121) esp_image: segment 2: paddr=00020020 vaddr=42000020 size=32790h (206736) map
[16:18:26] I (157) esp_image: segment 3: paddr=000527b8 vaddr=3fc943ec size=03038h ( 12344) load
[16:18:26] I (160) esp_image: segment 4: paddr=000557f8 vaddr=40374000 size=0fd1ch ( 64796) load
[16:18:26] I (174) esp_image: segment 5: paddr=0006551c vaddr=50000000 size=00024h (    36) load
[16:18:26] I (181) boot: Loaded app from partition at offset 0x10000
[16:18:26] I (181) boot: Disabling RNG early entropy source...
[16:18:26] I (192) octal_psram: vendor id    : 0x0d (AP)
[16:18:26] I (192) octal_psram: dev id       : 0x02 (generation 3)
[16:18:26] I (192) octal_psram: density      : 0x03 (64 Mbit)
[16:18:26] I (194) octal_psram: good-die     : 0x01 (Pass)
[16:18:26] I (198) octal_psram: Latency      : 0x01 (Fixed)
[16:18:26] I (203) octal_psram: VCC          : 0x01 (3V)
[16:18:26] I (207) octal_psram: SRF          : 0x01 (Fast Refresh)
[16:18:26] I (212) octal_psram: BurstType    : 0x01 (Hybrid Wrap)
[16:18:26] I (217) octal_psram: BurstLen     : 0x01 (32 Byte)
[16:18:26] I (221) octal_psram: Readlatency  : 0x02 (10 cycles@Fixed)
[16:18:26] I (226) octal_psram: DriveStrength: 0x00 (1/1)
[16:18:26] I (231) MSPI Timing: Enter psram timing tuning
[16:18:26] I (235) esp_psram: Found 8MB PSRAM device
[16:18:26] I (238) esp_psram: Speed: 80MHz
[16:18:26] I (241) cpu_start: Multicore app
[16:18:26] I (657) esp_psram: SPI SRAM memory test OK
[16:18:26] I (666) cpu_start: GPIO 44 and 43 are used as console UART I/O pins
[16:18:26] I (666) cpu_start: Pro cpu start user code
[16:18:26] I (666) cpu_start: cpu freq: 240000000 Hz
[16:18:26] I (668) app_init: Application information:
[16:18:26] I (672) app_init: Project name:     tinydraw_esp32
[16:18:26] I (676) app_init: App version:      092f2a3-dirty
[16:18:26] I (681) app_init: Compile time:     Aug 14 2026 16:13:14
[16:18:26] I (686) app_init: ELF file SHA256:  756a2e4bd...
[16:18:26] I (690) app_init: ESP-IDF:          v6.0.2
[16:18:26] I (694) efuse_init: Min chip rev:     v0.0
[16:18:26] I (698) efuse_init: Max chip rev:     v0.99 
[16:18:26] I (702) efuse_init: Chip rev:         v0.2
[16:18:26] I (706) heap_init: Initializing. RAM available for dynamic allocation:
[16:18:26] I (712) heap_init: At 3FC97EF0 len 00051820 (326 KiB): RAM
[16:18:26] I (717) heap_init: At 3FCE9710 len 00005724 (21 KiB): RAM
[16:18:26] I (722) heap_init: At 3FCF0000 len 00008000 (32 KiB): DRAM
[16:18:26] I (727) heap_init: At 600FE000 len 00001FE8 (7 KiB): RTCRAM
[16:18:26] I (733) esp_psram: Adding pool of 8192K of PSRAM memory to heap allocator
[16:18:26] I (740) spi_flash: detected chip: generic
[16:18:26] I (743) spi_flash: flash io: qio
[16:18:26] I (746) sleep_gpio: Configure to isolate all GPIO pins in sleep state
[16:18:26] I (752) sleep_gpio: Enable automatic switching of GPIO sleep configuration
[16:18:26] I (759) main_task: Started on CPU0
[16:18:26] I (762) main_task: Calling app_main()
[16:18:26] TINYDRAW_PANEL_HARD_RESET=1
[16:18:26] I (959) co5300: version: 2.1.0
[16:18:26] I (960) co5300_spi: LCD panel create success, version: 2.1.0
[16:18:26] W (1040) co5300_spi: The 3Ah command has been used and will be overwritten by external initialization sequence
[16:18:26] I (1141) CST816S: IC id: 183
[16:18:27] TINYDRAW_LIVE_PRESENT kind=startup zoom=25 x=0 y=0 compose_us=35138 scroll_us=0 exposed_compose_us=0 chrome_us=0 read_submit_us=0 read_complete_us=0 transfer_wait_us=19636 tile_pixels=0 uniform_pixels=0 overview_pixels=164864 fallback_pixels=0 resident_tiles=0 fallback_tiles=0 pushes=21 tear_wait_us=10192 tear_sync=1 frame_reused=0 pass=1
[16:18:27] TINYDRAW_LIVE_STRESS operations=1000 samples=20000 total_us=469670 average_us=469 maximum_us=862 free_psram=3042440 largest_psram=3014656
[16:18:27] TINYDRAW_LIVE_PRESENT kind=gate_fallback zoom=100 x=0 y=0 compose_us=23684 scroll_us=0 exposed_compose_us=0 chrome_us=0 read_submit_us=28718 read_complete_us=29519 transfer_wait_us=19380 tile_pixels=0 uniform_pixels=0 overview_pixels=0 fallback_pixels=164864 resident_tiles=0 fallback_tiles=42 pushes=21 tear_wait_us=4216 tear_sync=1 frame_reused=0 pass=1
[16:18:27] TINYDRAW_GATE1_HARD zoom=100 cold=1 operations=1000 samples=20000 steps=192 tiles=42 scanned=12000 rendered=1659 max_supertask_us=8936 presentation_us=63225 total_us=259784 pass=1
[16:18:27] TINYDRAW_LIVE_PRESENT kind=gate_fallback zoom=400 x=0 y=0 compose_us=23104 scroll_us=0 exposed_compose_us=0 chrome_us=0 read_submit_us=30593 read_complete_us=31394 transfer_wait_us=19963 tile_pixels=0 uniform_pixels=0 overview_pixels=0 fallback_pixels=164864 resident_tiles=0 fallback_tiles=42 pushes=21 tear_wait_us=6615 tear_sync=1 frame_reused=0 pass=1
[16:18:28] TINYDRAW_GATE1_HARD zoom=400 cold=1 operations=1000 samples=20000 steps=196 tiles=42 scanned=12000 rendered=120 max_supertask_us=8325 presentation_us=62624 total_us=195790 pass=1
[16:18:28] TINYDRAW_OVERLAP_WORKLOAD operations=8 samples=1200 radius_world=80
[16:18:29] TINYDRAW_GATE1_PACED_COLD corpus=overlap zoom=50 x=215 y=255 steps=334 tiles=56 compute_us=363134 present_us=75489 touch_us=1366 pacing_us=25966 wall_us=465955 max_tick_us=8879 touch_samples=2175 touch_interval_max_us=1952 touch_read_max_us=569 touch_events=0 touch_down=0 touch_up=0 touch_events_ge_8ms=0 touch_event_age_max_us=0 touch_errors=0 touch_overflows=0 pass=1
[16:18:29] TINYDRAW_GATE1_PACED_COLD corpus=overlap zoom=100 x=583 y=703 steps=172 tiles=48 compute_us=223814 present_us=73577 touch_us=754 pacing_us=15834 wall_us=313979 max_tick_us=8651 touch_samples=387 touch_interval_max_us=1842 touch_read_max_us=543 touch_events=0 touch_down=0 touch_up=0 touch_events_ge_8ms=0 touch_event_age_max_us=0 touch_errors=0 touch_overflows=0 pass=1
[16:18:29] TINYDRAW_GATE1_PACED_COLD corpus=overlap zoom=200 x=1319 y=1599 steps=128 tiles=56 compute_us=224073 present_us=75166 touch_us=650 pacing_us=11067 wall_us=310956 max_tick_us=8613 touch_samples=384 touch_interval_max_us=1157 touch_read_max_us=436 touch_events=0 touch_down=0 touch_up=0 touch_events_ge_8ms=0 touch_event_age_max_us=0 touch_errors=0 touch_overflows=0 pass=1
[16:18:30] TINYDRAW_GATE1_PACED_COLD corpus=overlap zoom=400 x=2791 y=3391 steps=94 tiles=56 compute_us=209049 present_us=72030 touch_us=559 pacing_us=7341 wall_us=288979 max_tick_us=8254 touch_samples=365 touch_interval_max_us=1145 touch_read_max_us=469 touch_events=0 touch_down=0 touch_up=0 touch_events_ge_8ms=0 touch_event_age_max_us=0 touch_errors=0 touch_overflows=0 pass=1
[16:18:30] TINYDRAW_ADVERSARIAL_TAPERED_WORKLOAD operations=128 samples=4096 erasers=12 load_us=221840 appended=1
[16:18:30] TINYDRAW_GATE1_PACED_COLD corpus=adversarial_tapered_4x zoom=50 x=0 y=0 steps=104 tiles=42 compute_us=93197 present_us=54096 touch_us=518 pacing_us=8173 wall_us=155984 max_tick_us=6926 touch_samples=489 touch_interval_max_us=1133 touch_read_max_us=412 touch_events=0 touch_down=0 touch_up=0 touch_events_ge_8ms=0 touch_event_age_max_us=0 touch_errors=0 touch_overflows=0 pass=1
[16:18:31] TINYDRAW_GATE1_PACED_COLD corpus=adversarial_tapered_4x zoom=100 x=0 y=0 steps=348 tiles=42 compute_us=156854 present_us=53800 touch_us=1144 pacing_us=25155 wall_us=236953 max_tick_us=7445 touch_samples=316 touch_interval_max_us=1140 touch_read_max_us=402 touch_events=0 touch_down=0 touch_up=0 touch_events_ge_8ms=0 touch_event_age_max_us=0 touch_errors=0 touch_overflows=0 pass=1
[16:18:32] TINYDRAW_GATE1_PACED_COLD corpus=adversarial_tapered_4x zoom=200 x=0 y=0 steps=1214 tiles=42 compute_us=442231 present_us=57680 touch_us=3674 pacing_us=91392 wall_us=594977 max_tick_us=7747 touch_samples=678 touch_interval_max_us=1180 touch_read_max_us=449 touch_events=0 touch_down=0 touch_up=0 touch_events_ge_8ms=0 touch_event_age_max_us=0 touch_errors=0 touch_overflows=0 pass=1
[16:18:32] TINYDRAW_GATE1_PACED_COLD corpus=adversarial_tapered_4x zoom=400 x=0 y=0 steps=904 tiles=42 compute_us=545599 present_us=60677 touch_us=3022 pacing_us=65591 wall_us=674889 max_tick_us=7984 touch_samples=753 touch_interval_max_us=1148 touch_read_max_us=425 touch_events=0 touch_down=0 touch_up=0 touch_events_ge_8ms=0 touch_event_age_max_us=0 touch_errors=0 touch_overflows=0 pass=1
[16:18:32] TINYDRAW_GATE1_WORKLOAD kind=realistic seed=7 operations=1000 samples=19844 maximum_stroke=198 load_us=376612 raw_source=1 lod_copies=0
[16:18:33] TINYDRAW_GATE1_PACED_COLD corpus=seed7 zoom=400 x=63 y=63 steps=281 tiles=56 compute_us=264045 present_us=79224 touch_us=965 pacing_us=19745 wall_us=363979 max_tick_us=10730 touch_samples=933 touch_interval_max_us=1923 touch_read_max_us=497 touch_events=0 touch_down=0 touch_up=0 touch_events_ge_8ms=0 touch_event_age_max_us=0 touch_errors=0 touch_overflows=0 pass=1
[16:18:33] TINYDRAW_LIVE_PRESENT kind=gate_fallback zoom=100 x=0 y=0 compose_us=23869 scroll_us=0 exposed_compose_us=0 chrome_us=0 read_submit_us=32474 read_complete_us=33275 transfer_wait_us=20283 tile_pixels=0 uniform_pixels=0 overview_pixels=0 fallback_pixels=164864 resident_tiles=0 fallback_tiles=42 pushes=21 tear_wait_us=7764 tear_sync=1 frame_reused=0 pass=1
[16:18:35] TINYDRAW_GATE1_HARD zoom=100 cold=1 operations=1000 samples=19844 steps=275 tiles=42 scanned=12000 rendered=5232 max_supertask_us=9097 presentation_us=61679 total_us=363556 pass=1
[16:18:35] TINYDRAW_GATE1_PAN zoom=100 from_x=0 from_y=0 to_x=88 to_y=88 compose_us=27412 scroll_us=11403 exposed_compose_us=16009 chrome_us=0 event_submit_us=31085 event_complete_us=31885 transfer_us=19872 setup=1 present=1 moved=1 frame_reused=1 pass=1
[16:18:35] TINYDRAW_LIVE_PRESENT kind=gate_fallback zoom=400 x=0 y=0 compose_us=23061 scroll_us=0 exposed_compose_us=0 chrome_us=0 read_submit_us=36935 read_complete_us=37737 transfer_wait_us=19525 tile_pixels=0 uniform_pixels=0 overview_pixels=0 fallback_pixels=164864 resident_tiles=0 fallback_tiles=42 pushes=21 tear_wait_us=13026 tear_sync=1 frame_reused=0 pass=1
[16:18:35] TINYDRAW_GATE1_HARD zoom=400 cold=1 operations=1000 samples=19844 steps=211 tiles=42 scanned=12000 rendered=591 max_supertask_us=10692 presentation_us=61856 total_us=253923 pass=1
[16:18:35] TINYDRAW_GATE1_PAN zoom=400 from_x=0 from_y=0 to_x=88 to_y=88 compose_us=27481 scroll_us=11403 exposed_compose_us=16078 chrome_us=0 event_submit_us=30825 event_complete_us=31626 transfer_us=20131 setup=1 present=1 moved=1 frame_reused=1 pass=1
[16:18:35] TINYDRAW_GATE1_DRAW_FILL zoom=400 revision=2140 append_us=1157 poll_gap_us=96 event_submit_us=2298 event_complete_us=2474 max_compute_slice_us=4763 max_display_slice_us=10674 fill_us=249317 revision_restarted=1 pass=1
=== RUN 16 ===
[16:18:37] TINYDRAW_GATE1_LONG_GESTURE path=reference samples=1600 chunks=2ESP-ROM:esp32s3-20210327
[16:18:37] Build:Mar 27 2021
[16:18:37] rst:0x15 (USB_UART_CHIP_RESET),boot:0x2b (SPI_FAST_FLASH_BOOT)
[16:18:37] Saved PC:0x4202b399
[16:18:37] SPIWP:0xee
[16:18:37] mode:DIO, clock div:1
[16:18:37] load:0x3fce2820,len:0x1664
[16:18:37] load:0x403c8700,len:0xf38
[16:18:37] load:0x403cb700,len:0x31e8
[16:18:37] entry 0x403c8930
[16:18:37] I (24) boot: ESP-IDF v6.0.2 2nd stage bootloader
[16:18:37] I (24) boot: compile time Aug 14 2026 16:13:20
[16:18:37] I (25) boot: Multicore bootloader
[16:18:37] I (25) boot: chip revision: v0.2
[16:18:37] I (28) boot: efuse block revision: v1.3
[16:18:37] I (31) qio_mode: Enabling default flash chip QIO
[16:18:37] I (36) boot.esp32s3: Boot SPI Speed : 80MHz
[16:18:37] I (39) boot.esp32s3: SPI Mode       : QIO
[16:18:37] I (43) boot.esp32s3: SPI Flash Size : 16MB
[16:18:37] I (47) boot: Enabling RNG early entropy source...
[16:18:37] I (51) boot: Partition Table:
[16:18:37] I (54) boot: ## Label            Usage          Type ST Offset   Length
[16:18:37] I (60) boot:  0 nvs              WiFi data        01 02 00009000 00006000
[16:18:37] I (67) boot:  1 phy_init         RF data          01 01 0000f000 00001000
[16:18:37] I (73) boot:  2 factory          factory app      00 00 00010000 00100000
[16:18:37] I (80) boot:  3 drawing          Unknown data     01 40 00110000 00300000
[16:18:37] I (86) boot:  4 export           Unknown data     01 41 00410000 00500000
[16:18:37] I (93) boot:  5 coredump         Unknown data     01 03 00910000 00010000
[16:18:37] I (100) boot: End of partition table
[16:18:37] I (103) esp_image: segment 0: paddr=00010020 vaddr=3c040020 size=0fa04h ( 64004) map
[16:18:37] I (120) esp_image: segment 1: paddr=0001fa2c vaddr=3fc93e00 size=005ech (  1516) load
[16:18:37] I (121) esp_image: segment 2: paddr=00020020 vaddr=42000020 size=32790h (206736) map
[16:18:37] I (157) esp_image: segment 3: paddr=000527b8 vaddr=3fc943ec size=03038h ( 12344) load
[16:18:37] I (160) esp_image: segment 4: paddr=000557f8 vaddr=40374000 size=0fd1ch ( 64796) load
[16:18:37] I (174) esp_image: segment 5: paddr=0006551c vaddr=50000000 size=00024h (    36) load
[16:18:37] I (181) boot: Loaded app from partition at offset 0x10000
[16:18:37] I (181) boot: Disabling RNG early entropy source...
[16:18:37] I (192) octal_psram: vendor id    : 0x0d (AP)
[16:18:37] I (192) octal_psram: dev id       : 0x02 (generation 3)
[16:18:37] I (192) octal_psram: density      : 0x03 (64 Mbit)
[16:18:37] I (194) octal_psram: good-die     : 0x01 (Pass)
[16:18:37] I (198) octal_psram: Latency      : 0x01 (Fixed)
[16:18:37] I (203) octal_psram: VCC          : 0x01 (3V)
[16:18:37] I (207) octal_psram: SRF          : 0x01 (Fast Refresh)
[16:18:37] I (212) octal_psram: BurstType    : 0x01 (Hybrid Wrap)
[16:18:37] I (217) octal_psram: BurstLen     : 0x01 (32 Byte)
[16:18:37] I (221) octal_psram: Readlatency  : 0x02 (10 cycles@Fixed)
[16:18:37] I (226) octal_psram: DriveStrength: 0x00 (1/1)
[16:18:37] I (231) MSPI Timing: Enter psram timing tuning
[16:18:37] I (235) esp_psram: Found 8MB PSRAM device
[16:18:37] I (238) esp_psram: Speed: 80MHz
[16:18:37] I (241) cpu_start: Multicore app
[16:18:37] I (657) esp_psram: SPI SRAM memory test OK
[16:18:37] I (666) cpu_start: GPIO 44 and 43 are used as console UART I/O pins
[16:18:37] I (666) cpu_start: Pro cpu start user code
[16:18:37] I (666) cpu_start: cpu freq: 240000000 Hz
[16:18:37] I (668) app_init: Application information:
[16:18:37] I (672) app_init: Project name:     tinydraw_esp32
[16:18:37] I (676) app_init: App version:      092f2a3-dirty
[16:18:37] I (681) app_init: Compile time:     Aug 14 2026 16:13:14
[16:18:37] I (686) app_init: ELF file SHA256:  756a2e4bd...
[16:18:37] I (690) app_init: ESP-IDF:          v6.0.2
[16:18:37] I (694) efuse_init: Min chip rev:     v0.0
[16:18:37] I (698) efuse_init: Max chip rev:     v0.99 
[16:18:37] I (702) efuse_init: Chip rev:         v0.2
[16:18:37] I (706) heap_init: Initializing. RAM available for dynamic allocation:
[16:18:37] I (712) heap_init: At 3FC97EF0 len 00051820 (326 KiB): RAM
[16:18:37] I (717) heap_init: At 3FCE9710 len 00005724 (21 KiB): RAM
[16:18:37] I (722) heap_init: At 3FCF0000 len 00008000 (32 KiB): DRAM
[16:18:37] I (727) heap_init: At 600FE000 len 00001FE8 (7 KiB): RTCRAM
[16:18:37] I (733) esp_psram: Adding pool of 8192K of PSRAM memory to heap allocator
[16:18:37] I (740) spi_flash: detected chip: generic
[16:18:37] I (743) spi_flash: flash io: qio
[16:18:37] I (746) sleep_gpio: Configure to isolate all GPIO pins in sleep state
[16:18:37] I (752) sleep_gpio: Enable automatic switching of GPIO sleep configuration
[16:18:37] I (759) main_task: Started on CPU0
[16:18:37] I (762) main_task: Calling app_main()
[16:18:37] TINYDRAW_PANEL_HARD_RESET=1
[16:18:37] I (959) co5300: version: 2.1.0
[16:18:37] I (960) co5300_spi: LCD panel create success, version: 2.1.0
[16:18:37] W (1040) co5300_spi: The 3Ah command has been used and will be overwritten by external initialization sequence
[16:18:37] I (1141) CST816S: IC id: 183
[16:18:38] TINYDRAW_LIVE_PRESENT kind=startup zoom=25 x=0 y=0 compose_us=35137 scroll_us=0 exposed_compose_us=0 chrome_us=0 read_submit_us=0 read_complete_us=0 transfer_wait_us=19548 tile_pixels=0 uniform_pixels=0 overview_pixels=164864 fallback_pixels=0 resident_tiles=0 fallback_tiles=0 pushes=21 tear_wait_us=10284 tear_sync=1 frame_reused=0 pass=1
[16:18:38] TINYDRAW_LIVE_STRESS operations=1000 samples=20000 total_us=469847 average_us=469 maximum_us=876 free_psram=3042440 largest_psram=3014656
[16:18:38] TINYDRAW_LIVE_PRESENT kind=gate_fallback zoom=100 x=0 y=0 compose_us=23602 scroll_us=0 exposed_compose_us=0 chrome_us=0 read_submit_us=28992 read_complete_us=29795 transfer_wait_us=19967 tile_pixels=0 uniform_pixels=0 overview_pixels=0 fallback_pixels=164864 resident_tiles=0 fallback_tiles=42 pushes=21 tear_wait_us=4506 tear_sync=1 frame_reused=0 pass=1
[16:18:38] TINYDRAW_GATE1_HARD zoom=100 cold=1 operations=1000 samples=20000 steps=192 tiles=42 scanned=12000 rendered=1659 max_supertask_us=8926 presentation_us=63113 total_us=259839 pass=1
[16:18:38] TINYDRAW_LIVE_PRESENT kind=gate_fallback zoom=400 x=0 y=0 compose_us=23119 scroll_us=0 exposed_compose_us=0 chrome_us=0 read_submit_us=30142 read_complete_us=30943 transfer_wait_us=19346 tile_pixels=0 uniform_pixels=0 overview_pixels=0 fallback_pixels=164864 resident_tiles=0 fallback_tiles=42 pushes=21 tear_wait_us=6177 tear_sync=1 frame_reused=0 pass=1
[16:18:39] TINYDRAW_GATE1_HARD zoom=400 cold=1 operations=1000 samples=20000 steps=196 tiles=42 scanned=12000 rendered=120 max_supertask_us=8322 presentation_us=62670 total_us=195766 pass=1
[16:18:39] TINYDRAW_OVERLAP_WORKLOAD operations=8 samples=1200 radius_world=80
[16:18:40] TINYDRAW_GATE1_PACED_COLD corpus=overlap zoom=50 x=215 y=255 steps=334 tiles=56 compute_us=363021 present_us=75986 touch_us=1372 pacing_us=24553 wall_us=464932 max_tick_us=8888 touch_samples=2160 touch_interval_max_us=1919 touch_read_max_us=570 touch_events=0 touch_down=0 touch_up=0 touch_events_ge_8ms=0 touch_event_age_max_us=0 touch_errors=0 touch_overflows=0 pass=1
[16:18:40] TINYDRAW_GATE1_PACED_COLD corpus=overlap zoom=100 x=583 y=703 steps=172 tiles=48 compute_us=223843 present_us=73526 touch_us=733 pacing_us=15875 wall_us=313977 max_tick_us=8653 touch_samples=387 touch_interval_max_us=1835 touch_read_max_us=545 touch_events=0 touch_down=0 touch_up=0 touch_events_ge_8ms=0 touch_event_age_max_us=0 touch_errors=0 touch_overflows=0 pass=1
[16:18:40] TINYDRAW_GATE1_PACED_COLD corpus=overlap zoom=200 x=1319 y=1599 steps=128 tiles=56 compute_us=224208 present_us=76145 touch_us=623 pacing_us=10981 wall_us=311957 max_tick_us=8684 touch_samples=385 touch_interval_max_us=1151 touch_read_max_us=433 touch_events=0 touch_down=0 touch_up=0 touch_events_ge_8ms=0 touch_event_age_max_us=0 touch_errors=0 touch_overflows=0 pass=1
[16:18:41] TINYDRAW_GATE1_PACED_COLD corpus=overlap zoom=400 x=2791 y=3391 steps=94 tiles=56 compute_us=209246 present_us=71969 touch_us=549 pacing_us=7223 wall_us=288987 max_tick_us=8190 touch_samples=364 touch_interval_max_us=1148 touch_read_max_us=473 touch_events=0 touch_down=0 touch_up=0 touch_events_ge_8ms=0 touch_event_age_max_us=0 touch_errors=0 touch_overflows=0 pass=1
[16:18:41] TINYDRAW_ADVERSARIAL_TAPERED_WORKLOAD operations=128 samples=4096 erasers=12 load_us=223141 appended=1
[16:18:41] TINYDRAW_GATE1_PACED_COLD corpus=adversarial_tapered_4x zoom=50 x=0 y=0 steps=104 tiles=42 compute_us=93486 present_us=55094 touch_us=504 pacing_us=8892 wall_us=157976 max_tick_us=6920 touch_samples=492 touch_interval_max_us=1486 touch_read_max_us=434 touch_events=0 touch_down=0 touch_up=0 touch_events_ge_8ms=0 touch_event_age_max_us=0 touch_errors=0 touch_overflows=0 pass=1
[16:18:42] TINYDRAW_GATE1_PACED_COLD corpus=adversarial_tapered_4x zoom=100 x=0 y=0 steps=348 tiles=42 compute_us=157241 present_us=53720 touch_us=1150 pacing_us=24847 wall_us=236958 max_tick_us=7392 touch_samples=314 touch_interval_max_us=1133 touch_read_max_us=417 touch_events=0 touch_down=0 touch_up=0 touch_events_ge_8ms=0 touch_event_age_max_us=0 touch_errors=0 touch_overflows=0 pass=1
[16:18:43] TINYDRAW_GATE1_PACED_COLD corpus=adversarial_tapered_4x zoom=200 x=0 y=0 steps=1214 tiles=42 compute_us=441818 present_us=57730 touch_us=3633 pacing_us=91796 wall_us=594977 max_tick_us=7753 touch_samples=678 touch_interval_max_us=1184 touch_read_max_us=455 touch_events=0 touch_down=0 touch_up=0 touch_events_ge_8ms=0 touch_event_age_max_us=0 touch_errors=0 touch_overflows=0 pass=1
[16:18:43] TINYDRAW_GATE1_PACED_COLD corpus=adversarial_tapered_4x zoom=400 x=0 y=0 steps=904 tiles=42 compute_us=545252 present_us=61544 touch_us=2982 pacing_us=65106 wall_us=674884 max_tick_us=8037 touch_samples=753 touch_interval_max_us=1139 touch_read_max_us=428 touch_events=0 touch_down=0 touch_up=0 touch_events_ge_8ms=0 touch_event_age_max_us=0 touch_errors=0 touch_overflows=0 pass=1
[16:18:43] TINYDRAW_GATE1_WORKLOAD kind=realistic seed=7 operations=1000 samples=19844 maximum_stroke=198 load_us=374996 raw_source=1 lod_copies=0
[16:18:44] TINYDRAW_GATE1_PACED_COLD corpus=seed7 zoom=400 x=63 y=63 steps=281 tiles=56 compute_us=264155 present_us=79062 touch_us=940 pacing_us=19821 wall_us=363978 max_tick_us=10745 touch_samples=932 touch_interval_max_us=1979 touch_read_max_us=474 touch_events=0 touch_down=0 touch_up=0 touch_events_ge_8ms=0 touch_event_age_max_us=0 touch_errors=0 touch_overflows=0 pass=1
[16:18:44] TINYDRAW_LIVE_PRESENT kind=gate_fallback zoom=100 x=0 y=0 compose_us=23902 scroll_us=0 exposed_compose_us=0 chrome_us=0 read_submit_us=31569 read_complete_us=32359 transfer_wait_us=20194 tile_pixels=0 uniform_pixels=0 overview_pixels=0 fallback_pixels=164864 resident_tiles=0 fallback_tiles=42 pushes=21 tear_wait_us=6809 tear_sync=1 frame_reused=0 pass=1
[16:18:46] TINYDRAW_GATE1_HARD zoom=100 cold=1 operations=1000 samples=19844 steps=275 tiles=42 scanned=12000 rendered=5232 max_supertask_us=9042 presentation_us=61951 total_us=363561 pass=1
[16:18:46] TINYDRAW_GATE1_PAN zoom=100 from_x=0 from_y=0 to_x=88 to_y=88 compose_us=27491 scroll_us=11400 exposed_compose_us=16091 chrome_us=0 event_submit_us=30238 event_complete_us=31038 transfer_us=19719 setup=1 present=1 moved=1 frame_reused=1 pass=1
[16:18:46] TINYDRAW_LIVE_PRESENT kind=gate_fallback zoom=400 x=0 y=0 compose_us=23183 scroll_us=0 exposed_compose_us=0 chrome_us=0 read_submit_us=37127 read_complete_us=37926 transfer_wait_us=20332 tile_pixels=0 uniform_pixels=0 overview_pixels=0 fallback_pixels=164864 resident_tiles=0 fallback_tiles=42 pushes=21 tear_wait_us=13074 tear_sync=1 frame_reused=0 pass=1
[16:18:46] TINYDRAW_GATE1_HARD zoom=400 cold=1 operations=1000 samples=19844 steps=211 tiles=42 scanned=12000 rendered=591 max_supertask_us=10694 presentation_us=61811 total_us=253910 pass=1
[16:18:46] TINYDRAW_GATE1_PAN zoom=400 from_x=0 from_y=0 to_x=88 to_y=88 compose_us=27458 scroll_us=11411 exposed_compose_us=16047 chrome_us=0 event_submit_us=31050 event_complete_us=31850 transfer_us=19908 setup=1 present=1 moved=1 frame_reused=1 pass=1
[16:18:46] TINYDRAW_GATE1_DRAW_FILL zoom=400 revision=2140 append_us=1132 poll_gap_us=89 event_submit_us=2338 event_complete_us=2515 max_compute_slice_us=4764 max_display_slice_us=10681 fill_us=249407 revision_restarted=1 pass=1
=== RUN 17 ===
[16:18:48] TINYDRAW_GATE1_LONG_GESTURE path=reference samples=1600 chunks=2ESP-ROM:esp32s3-20210327
[16:18:48] Build:Mar 27 2021
[16:18:48] rst:0x15 (USB_UART_CHIP_RESET),boot:0x2b (SPI_FAST_FLASH_BOOT)
[16:18:48] Saved PC:0x4037b7d6
[16:18:48] SPIWP:0xee
[16:18:48] mode:DIO, clock div:1
[16:18:48] load:0x3fce2820,len:0x1664
[16:18:48] load:0x403c8700,len:0xf38
[16:18:48] load:0x403cb700,len:0x31e8
[16:18:48] entry 0x403c8930
[16:18:48] I (24) boot: ESP-IDF v6.0.2 2nd stage bootloader
[16:18:48] I (24) boot: compile time Aug 14 2026 16:13:20
[16:18:48] I (25) boot: Multicore bootloader
[16:18:48] I (25) boot: chip revision: v0.2
[16:18:48] I (28) boot: efuse block revision: v1.3
[16:18:48] I (31) qio_mode: Enabling default flash chip QIO
[16:18:48] I (36) boot.esp32s3: Boot SPI Speed : 80MHz
[16:18:48] I (39) boot.esp32s3: SPI Mode       : QIO
[16:18:48] I (43) boot.esp32s3: SPI Flash Size : 16MB
[16:18:48] I (47) boot: Enabling RNG early entropy source...
[16:18:48] I (51) boot: Partition Table:
[16:18:48] I (54) boot: ## Label            Usage          Type ST Offset   Length
[16:18:48] I (60) boot:  0 nvs              WiFi data        01 02 00009000 00006000
[16:18:48] I (67) boot:  1 phy_init         RF data          01 01 0000f000 00001000
[16:18:48] I (73) boot:  2 factory          factory app      00 00 00010000 00100000
[16:18:48] I (80) boot:  3 drawing          Unknown data     01 40 00110000 00300000
[16:18:48] I (86) boot:  4 export           Unknown data     01 41 00410000 00500000
[16:18:48] I (93) boot:  5 coredump         Unknown data     01 03 00910000 00010000
[16:18:48] I (100) boot: End of partition table
[16:18:48] I (103) esp_image: segment 0: paddr=00010020 vaddr=3c040020 size=0fa04h ( 64004) map
[16:18:48] I (120) esp_image: segment 1: paddr=0001fa2c vaddr=3fc93e00 size=005ech (  1516) load
[16:18:48] I (121) esp_image: segment 2: paddr=00020020 vaddr=42000020 size=32790h (206736) map
[16:18:48] I (157) esp_image: segment 3: paddr=000527b8 vaddr=3fc943ec size=03038h ( 12344) load
[16:18:48] I (160) esp_image: segment 4: paddr=000557f8 vaddr=40374000 size=0fd1ch ( 64796) load
[16:18:48] I (174) esp_image: segment 5: paddr=0006551c vaddr=50000000 size=00024h (    36) load
[16:18:48] I (181) boot: Loaded app from partition at offset 0x10000
[16:18:48] I (181) boot: Disabling RNG early entropy source...
[16:18:48] I (192) octal_psram: vendor id    : 0x0d (AP)
[16:18:48] I (192) octal_psram: dev id       : 0x02 (generation 3)
[16:18:48] I (192) octal_psram: density      : 0x03 (64 Mbit)
[16:18:48] I (194) octal_psram: good-die     : 0x01 (Pass)
[16:18:48] I (198) octal_psram: Latency      : 0x01 (Fixed)
[16:18:48] I (203) octal_psram: VCC          : 0x01 (3V)
[16:18:48] I (207) octal_psram: SRF          : 0x01 (Fast Refresh)
[16:18:48] I (212) octal_psram: BurstType    : 0x01 (Hybrid Wrap)
[16:18:48] I (217) octal_psram: BurstLen     : 0x01 (32 Byte)
[16:18:48] I (221) octal_psram: Readlatency  : 0x02 (10 cycles@Fixed)
[16:18:48] I (226) octal_psram: DriveStrength: 0x00 (1/1)
[16:18:48] I (231) MSPI Timing: Enter psram timing tuning
[16:18:48] I (235) esp_psram: Found 8MB PSRAM device
[16:18:48] I (238) esp_psram: Speed: 80MHz
[16:18:48] I (241) cpu_start: Multicore app
[16:18:48] I (657) esp_psram: SPI SRAM memory test OK
[16:18:48] I (666) cpu_start: GPIO 44 and 43 are used as console UART I/O pins
[16:18:48] I (666) cpu_start: Pro cpu start user code
[16:18:48] I (666) cpu_start: cpu freq: 240000000 Hz
[16:18:48] I (668) app_init: Application information:
[16:18:48] I (672) app_init: Project name:     tinydraw_esp32
[16:18:48] I (676) app_init: App version:      092f2a3-dirty
[16:18:48] I (681) app_init: Compile time:     Aug 14 2026 16:13:14
[16:18:48] I (686) app_init: ELF file SHA256:  756a2e4bd...
[16:18:48] I (690) app_init: ESP-IDF:          v6.0.2
[16:18:48] I (694) efuse_init: Min chip rev:     v0.0
[16:18:48] I (698) efuse_init: Max chip rev:     v0.99 
[16:18:48] I (702) efuse_init: Chip rev:         v0.2
[16:18:48] I (706) heap_init: Initializing. RAM available for dynamic allocation:
[16:18:48] I (712) heap_init: At 3FC97EF0 len 00051820 (326 KiB): RAM
[16:18:48] I (717) heap_init: At 3FCE9710 len 00005724 (21 KiB): RAM
[16:18:48] I (722) heap_init: At 3FCF0000 len 00008000 (32 KiB): DRAM
[16:18:48] I (727) heap_init: At 600FE000 len 00001FE8 (7 KiB): RTCRAM
[16:18:48] I (733) esp_psram: Adding pool of 8192K of PSRAM memory to heap allocator
[16:18:48] I (740) spi_flash: detected chip: generic
[16:18:48] I (743) spi_flash: flash io: qio
[16:18:48] I (746) sleep_gpio: Configure to isolate all GPIO pins in sleep state
[16:18:48] I (752) sleep_gpio: Enable automatic switching of GPIO sleep configuration
[16:18:48] I (759) main_task: Started on CPU0
[16:18:48] I (762) main_task: Calling app_main()
[16:18:48] TINYDRAW_PANEL_HARD_RESET=1
[16:18:48] I (959) co5300: version: 2.1.0
[16:18:48] I (960) co5300_spi: LCD panel create success, version: 2.1.0
[16:18:48] W (1040) co5300_spi: The 3Ah command has been used and will be overwritten by external initialization sequence
[16:18:48] I (1141) CST816S: IC id: 183
[16:18:49] TINYDRAW_LIVE_PRESENT kind=startup zoom=25 x=0 y=0 compose_us=35131 scroll_us=0 exposed_compose_us=0 chrome_us=0 read_submit_us=0 read_complete_us=0 transfer_wait_us=19661 tile_pixels=0 uniform_pixels=0 overview_pixels=164864 fallback_pixels=0 resident_tiles=0 fallback_tiles=0 pushes=21 tear_wait_us=10173 tear_sync=1 frame_reused=0 pass=1
[16:18:49] TINYDRAW_LIVE_STRESS operations=1000 samples=20000 total_us=469861 average_us=469 maximum_us=871 free_psram=3042440 largest_psram=3014656
[16:18:49] TINYDRAW_LIVE_PRESENT kind=gate_fallback zoom=100 x=0 y=0 compose_us=23635 scroll_us=0 exposed_compose_us=0 chrome_us=0 read_submit_us=28442 read_complete_us=29243 transfer_wait_us=19499 tile_pixels=0 uniform_pixels=0 overview_pixels=0 fallback_pixels=164864 resident_tiles=0 fallback_tiles=42 pushes=21 tear_wait_us=3998 tear_sync=1 frame_reused=0 pass=1
[16:18:49] TINYDRAW_GATE1_HARD zoom=100 cold=1 operations=1000 samples=20000 steps=192 tiles=42 scanned=12000 rendered=1659 max_supertask_us=8934 presentation_us=63986 total_us=260867 pass=1
[16:18:49] TINYDRAW_LIVE_PRESENT kind=gate_fallback zoom=400 x=0 y=0 compose_us=23121 scroll_us=0 exposed_compose_us=0 chrome_us=0 read_submit_us=29407 read_complete_us=30209 transfer_wait_us=20082 tile_pixels=0 uniform_pixels=0 overview_pixels=0 fallback_pixels=164864 resident_tiles=0 fallback_tiles=42 pushes=21 tear_wait_us=5415 tear_sync=1 frame_reused=0 pass=1
[16:18:50] TINYDRAW_GATE1_HARD zoom=400 cold=1 operations=1000 samples=20000 steps=196 tiles=42 scanned=12000 rendered=120 max_supertask_us=8295 presentation_us=62686 total_us=195799 pass=1
[16:18:50] TINYDRAW_OVERLAP_WORKLOAD operations=8 samples=1200 radius_world=80
[16:18:51] TINYDRAW_GATE1_PACED_COLD corpus=overlap zoom=50 x=215 y=255 steps=334 tiles=56 compute_us=363221 present_us=77011 touch_us=1366 pacing_us=25326 wall_us=466924 max_tick_us=9005 touch_samples=2177 touch_interval_max_us=1930 touch_read_max_us=570 touch_events=0 touch_down=0 touch_up=0 touch_events_ge_8ms=0 touch_event_age_max_us=0 touch_errors=0 touch_overflows=0 pass=1
[16:18:51] TINYDRAW_GATE1_PACED_COLD corpus=overlap zoom=100 x=583 y=703 steps=172 tiles=48 compute_us=223819 present_us=73529 touch_us=750 pacing_us=15880 wall_us=313978 max_tick_us=8649 touch_samples=385 touch_interval_max_us=1867 touch_read_max_us=522 touch_events=0 touch_down=0 touch_up=0 touch_events_ge_8ms=0 touch_event_age_max_us=0 touch_errors=0 touch_overflows=0 pass=1
[16:18:51] TINYDRAW_GATE1_PACED_COLD corpus=overlap zoom=200 x=1319 y=1599 steps=128 tiles=56 compute_us=224116 present_us=75172 touch_us=631 pacing_us=11039 wall_us=310958 max_tick_us=8628 touch_samples=384 touch_interval_max_us=1153 touch_read_max_us=437 touch_events=0 touch_down=0 touch_up=0 touch_events_ge_8ms=0 touch_event_age_max_us=0 touch_errors=0 touch_overflows=0 pass=1
[16:18:52] TINYDRAW_GATE1_PACED_COLD corpus=overlap zoom=400 x=2791 y=3391 steps=94 tiles=56 compute_us=209118 present_us=72051 touch_us=574 pacing_us=7236 wall_us=288979 max_tick_us=8237 touch_samples=365 touch_interval_max_us=1142 touch_read_max_us=465 touch_events=0 touch_down=0 touch_up=0 touch_events_ge_8ms=0 touch_event_age_max_us=0 touch_errors=0 touch_overflows=0 pass=1
[16:18:52] TINYDRAW_ADVERSARIAL_TAPERED_WORKLOAD operations=128 samples=4096 erasers=12 load_us=221844 appended=1
[16:18:52] TINYDRAW_GATE1_PACED_COLD corpus=adversarial_tapered_4x zoom=50 x=0 y=0 steps=104 tiles=42 compute_us=93465 present_us=55067 touch_us=502 pacing_us=8943 wall_us=157977 max_tick_us=6924 touch_samples=491 touch_interval_max_us=1129 touch_read_max_us=401 touch_events=0 touch_down=0 touch_up=0 touch_events_ge_8ms=0 touch_event_age_max_us=0 touch_errors=0 touch_overflows=0 pass=1
[16:18:53] TINYDRAW_GATE1_PACED_COLD corpus=adversarial_tapered_4x zoom=100 x=0 y=0 steps=348 tiles=42 compute_us=157167 present_us=53764 touch_us=1157 pacing_us=24869 wall_us=236957 max_tick_us=7401 touch_samples=314 touch_interval_max_us=1181 touch_read_max_us=438 touch_events=0 touch_down=0 touch_up=0 touch_events_ge_8ms=0 touch_event_age_max_us=0 touch_errors=0 touch_overflows=0 pass=1
[16:18:54] TINYDRAW_GATE1_PACED_COLD corpus=adversarial_tapered_4x zoom=200 x=0 y=0 steps=1214 tiles=42 compute_us=442309 present_us=57687 touch_us=3694 pacing_us=91287 wall_us=594977 max_tick_us=7766 touch_samples=678 touch_interval_max_us=1180 touch_read_max_us=453 touch_events=0 touch_down=0 touch_up=0 touch_events_ge_8ms=0 touch_event_age_max_us=0 touch_errors=0 touch_overflows=0 pass=1
[16:18:54] TINYDRAW_GATE1_PACED_COLD corpus=adversarial_tapered_4x zoom=400 x=0 y=0 steps=904 tiles=42 compute_us=545494 present_us=60653 touch_us=3008 pacing_us=65738 wall_us=674893 max_tick_us=8000 touch_samples=752 touch_interval_max_us=1134 touch_read_max_us=424 touch_events=0 touch_down=0 touch_up=0 touch_events_ge_8ms=0 touch_event_age_max_us=0 touch_errors=0 touch_overflows=0 pass=1
[16:18:54] TINYDRAW_GATE1_WORKLOAD kind=realistic seed=7 operations=1000 samples=19844 maximum_stroke=198 load_us=375825 raw_source=1 lod_copies=0
[16:18:55] TINYDRAW_GATE1_PACED_COLD corpus=seed7 zoom=400 x=63 y=63 steps=281 tiles=56 compute_us=264016 present_us=79170 touch_us=950 pacing_us=19843 wall_us=363979 max_tick_us=10733 touch_samples=933 touch_interval_max_us=1955 touch_read_max_us=467 touch_events=0 touch_down=0 touch_up=0 touch_events_ge_8ms=0 touch_event_age_max_us=0 touch_errors=0 touch_overflows=0 pass=1
[16:18:55] TINYDRAW_LIVE_PRESENT kind=gate_fallback zoom=100 x=0 y=0 compose_us=23943 scroll_us=0 exposed_compose_us=0 chrome_us=0 read_submit_us=31751 read_complete_us=32552 transfer_wait_us=20011 tile_pixels=0 uniform_pixels=0 overview_pixels=0 fallback_pixels=164864 resident_tiles=0 fallback_tiles=42 pushes=21 tear_wait_us=6939 tear_sync=1 frame_reused=0 pass=1
[16:18:57] TINYDRAW_GATE1_HARD zoom=100 cold=1 operations=1000 samples=19844 steps=275 tiles=42 scanned=12000 rendered=5232 max_supertask_us=9041 presentation_us=62276 total_us=363359 pass=1
[16:18:57] TINYDRAW_GATE1_PAN zoom=100 from_x=0 from_y=0 to_x=88 to_y=88 compose_us=27473 scroll_us=11387 exposed_compose_us=16086 chrome_us=0 event_submit_us=30555 event_complete_us=31355 transfer_us=19402 setup=1 present=1 moved=1 frame_reused=1 pass=1
[16:18:57] TINYDRAW_LIVE_PRESENT kind=gate_fallback zoom=400 x=0 y=0 compose_us=23132 scroll_us=0 exposed_compose_us=0 chrome_us=0 read_submit_us=37467 read_complete_us=38263 transfer_wait_us=19991 tile_pixels=0 uniform_pixels=0 overview_pixels=0 fallback_pixels=164864 resident_tiles=0 fallback_tiles=42 pushes=21 tear_wait_us=13434 tear_sync=1 frame_reused=0 pass=1
[16:18:57] TINYDRAW_GATE1_HARD zoom=400 cold=1 operations=1000 samples=19844 steps=211 tiles=42 scanned=12000 rendered=591 max_supertask_us=10699 presentation_us=61820 total_us=253921 pass=1
[16:18:57] TINYDRAW_GATE1_PAN zoom=400 from_x=0 from_y=0 to_x=88 to_y=88 compose_us=27477 scroll_us=11392 exposed_compose_us=16085 chrome_us=0 event_submit_us=30179 event_complete_us=30980 transfer_us=19778 setup=1 present=1 moved=1 frame_reused=1 pass=1
[16:18:57] TINYDRAW_GATE1_DRAW_FILL zoom=400 revision=2140 append_us=1151 poll_gap_us=89 event_submit_us=2327 event_complete_us=2505 max_compute_slice_us=4770 max_display_slice_us=10690 fill_us=249370 revision_restarted=1 pass=1
=== RUN 18 ===
[16:18:58] ESP-ROM:esp32s3-20210327
[16:18:58] Build:Mar 27 2021
[16:18:58] rst:0x15 (USB_UART_CHIP_RESET),boot:0x2b (SPI_FAST_FLASH_BOOT)
[16:18:58] Saved PC:0x4201b12d
[16:18:58] SPIWP:0xee
[16:18:58] mode:DIO, clock div:1
[16:18:58] load:0x3fce2820,len:0x1664
[16:18:58] load:0x403c8700,len:0xf38
[16:18:58] load:0x403cb700,len:0x31e8
[16:18:58] entry 0x403c8930
[16:18:58] I (24) boot: ESP-IDF v6.0.2 2nd stage bootloader
[16:18:58] I (24) boot: compile time Aug 14 2026 16:13:20
[16:18:58] I (25) boot: Multicore bootloader
[16:18:58] I (25) boot: chip revision: v0.2
[16:18:58] I (28) boot: efuse block revision: v1.3
[16:18:58] I (31) qio_mode: Enabling default flash chip QIO
[16:18:58] I (36) boot.esp32s3: Boot SPI Speed : 80MHz
[16:18:58] I (39) boot.esp32s3: SPI Mode       : QIO
[16:18:58] I (43) boot.esp32s3: SPI Flash Size : 16MB
[16:18:58] I (47) boot: Enabling RNG early entropy source...
[16:18:58] I (51) boot: Partition Table:
[16:18:58] I (54) boot: ## Label            Usage          Type ST Offset   Length
[16:18:58] I (60) boot:  0 nvs              WiFi data        01 02 00009000 00006000
[16:18:58] I (67) boot:  1 phy_init         RF data          01 01 0000f000 00001000
[16:18:58] I (73) boot:  2 factory          factory app      00 00 00010000 00100000
[16:18:58] I (80) boot:  3 drawing          Unknown data     01 40 00110000 00300000
[16:18:58] I (86) boot:  4 export           Unknown data     01 41 00410000 00500000
[16:18:58] I (93) boot:  5 coredump         Unknown data     01 03 00910000 00010000
[16:18:58] I (100) boot: End of partition table
[16:18:58] I (103) esp_image: segment 0: paddr=00010020 vaddr=3c040020 size=0fa04h ( 64004) map
[16:18:58] I (120) esp_image: segment 1: paddr=0001fa2c vaddr=3fc93e00 size=005ech (  1516) load
[16:18:58] I (121) esp_image: segment 2: paddr=00020020 vaddr=42000020 size=32790h (206736) map
[16:18:58] I (157) esp_image: segment 3: paddr=000527b8 vaddr=3fc943ec size=03038h ( 12344) load
[16:18:58] I (160) esp_image: segment 4: paddr=000557f8 vaddr=40374000 size=0fd1ch ( 64796) load
[16:18:58] I (174) esp_image: segment 5: paddr=0006551c vaddr=50000000 size=00024h (    36) load
[16:18:58] I (181) boot: Loaded app from partition at offset 0x10000
[16:18:58] I (181) boot: Disabling RNG early entropy source...
[16:18:58] I (192) octal_psram: vendor id    : 0x0d (AP)
[16:18:58] I (192) octal_psram: dev id       : 0x02 (generation 3)
[16:18:58] I (192) octal_psram: density      : 0x03 (64 Mbit)
[16:18:58] I (194) octal_psram: good-die     : 0x01 (Pass)
[16:18:58] I (198) octal_psram: Latency      : 0x01 (Fixed)
[16:18:58] I (203) octal_psram: VCC          : 0x01 (3V)
[16:18:58] I (207) octal_psram: SRF          : 0x01 (Fast Refresh)
[16:18:58] I (212) octal_psram: BurstType    : 0x01 (Hybrid Wrap)
[16:18:58] I (217) octal_psram: BurstLen     : 0x01 (32 Byte)
[16:18:58] I (221) octal_psram: Readlatency  : 0x02 (10 cycles@Fixed)
[16:18:58] I (226) octal_psram: DriveStrength: 0x00 (1/1)
[16:18:58] I (231) MSPI Timing: Enter psram timing tuning
[16:18:58] I (235) esp_psram: Found 8MB PSRAM device
[16:18:58] I (238) esp_psram: Speed: 80MHz
[16:18:58] I (241) cpu_start: Multicore app
[16:18:59] I (657) esp_psram: SPI SRAM memory test OK
[16:18:59] I (666) cpu_start: GPIO 44 and 43 are used as console UART I/O pins
[16:18:59] I (666) cpu_start: Pro cpu start user code
[16:18:59] I (666) cpu_start: cpu freq: 240000000 Hz
[16:18:59] I (668) app_init: Application information:
[16:18:59] I (672) app_init: Project name:     tinydraw_esp32
[16:18:59] I (676) app_init: App version:      092f2a3-dirty
[16:18:59] I (681) app_init: Compile time:     Aug 14 2026 16:13:14
[16:18:59] I (686) app_init: ELF file SHA256:  756a2e4bd...
[16:18:59] I (690) app_init: ESP-IDF:          v6.0.2
[16:18:59] I (694) efuse_init: Min chip rev:     v0.0
[16:18:59] I (698) efuse_init: Max chip rev:     v0.99 
[16:18:59] I (702) efuse_init: Chip rev:         v0.2
[16:18:59] I (706) heap_init: Initializing. RAM available for dynamic allocation:
[16:18:59] I (712) heap_init: At 3FC97EF0 len 00051820 (326 KiB): RAM
[16:18:59] I (717) heap_init: At 3FCE9710 len 00005724 (21 KiB): RAM
[16:18:59] I (722) heap_init: At 3FCF0000 len 00008000 (32 KiB): DRAM
[16:18:59] I (727) heap_init: At 600FE000 len 00001FE8 (7 KiB): RTCRAM
[16:18:59] I (733) esp_psram: Adding pool of 8192K of PSRAM memory to heap allocator
[16:18:59] I (740) spi_flash: detected chip: generic
[16:18:59] I (743) spi_flash: flash io: qio
[16:18:59] I (746) sleep_gpio: Configure to isolate all GPIO pins in sleep state
[16:18:59] I (752) sleep_gpio: Enable automatic switching of GPIO sleep configuration
[16:18:59] I (759) main_task: Started on CPU0
[16:18:59] I (762) main_task: Calling app_main()
[16:18:59] TINYDRAW_PANEL_HARD_RESET=1
[16:18:59] I (959) co5300: version: 2.1.0
[16:18:59] I (960) co5300_spi: LCD panel create success, version: 2.1.0
[16:18:59] W (1040) co5300_spi: The 3Ah command has been used and will be overwritten by external initialization sequence
[16:18:59] I (1141) CST816S: IC id: 183
[16:18:59] TINYDRAW_LIVE_PRESENT kind=startup zoom=25 x=0 y=0 compose_us=35138 scroll_us=0 exposed_compose_us=0 chrome_us=0 read_submit_us=0 read_complete_us=0 transfer_wait_us=19651 tile_pixels=0 uniform_pixels=0 overview_pixels=164864 fallback_pixels=0 resident_tiles=0 fallback_tiles=0 pushes=21 tear_wait_us=10177 tear_sync=1 frame_reused=0 pass=1
[16:19:00] TINYDRAW_LIVE_STRESS operations=1000 samples=20000 total_us=469254 average_us=469 maximum_us=863 free_psram=3042440 largest_psram=3014656
[16:19:00] TINYDRAW_LIVE_PRESENT kind=gate_fallback zoom=100 x=0 y=0 compose_us=23712 scroll_us=0 exposed_compose_us=0 chrome_us=0 read_submit_us=29051 read_complete_us=29852 transfer_wait_us=19552 tile_pixels=0 uniform_pixels=0 overview_pixels=0 fallback_pixels=164864 resident_tiles=0 fallback_tiles=42 pushes=21 tear_wait_us=4520 tear_sync=1 frame_reused=0 pass=1
[16:19:00] TINYDRAW_GATE1_HARD zoom=100 cold=1 operations=1000 samples=20000 steps=192 tiles=42 scanned=12000 rendered=1659 max_supertask_us=8946 presentation_us=63056 total_us=259866 pass=1
[16:19:00] TINYDRAW_LIVE_PRESENT kind=gate_fallback zoom=400 x=0 y=0 compose_us=23091 scroll_us=0 exposed_compose_us=0 chrome_us=0 read_submit_us=30331 read_complete_us=31131 transfer_wait_us=20144 tile_pixels=0 uniform_pixels=0 overview_pixels=0 fallback_pixels=164864 resident_tiles=0 fallback_tiles=42 pushes=21 tear_wait_us=6364 tear_sync=1 frame_reused=0 pass=1
[16:19:00] TINYDRAW_GATE1_HARD zoom=400 cold=1 operations=1000 samples=20000 steps=196 tiles=42 scanned=12000 rendered=120 max_supertask_us=8318 presentation_us=62650 total_us=195786 pass=1
[16:19:01] TINYDRAW_OVERLAP_WORKLOAD operations=8 samples=1200 radius_world=80
[16:19:01] TINYDRAW_GATE1_PACED_COLD corpus=overlap zoom=50 x=215 y=255 steps=334 tiles=56 compute_us=362908 present_us=76533 touch_us=1389 pacing_us=25105 wall_us=465935 max_tick_us=9018 touch_samples=2174 touch_interval_max_us=1943 touch_read_max_us=569 touch_events=0 touch_down=0 touch_up=0 touch_events_ge_8ms=0 touch_event_age_max_us=0 touch_errors=0 touch_overflows=0 pass=1
[16:19:02] TINYDRAW_GATE1_PACED_COLD corpus=overlap zoom=100 x=583 y=703 steps=172 tiles=48 compute_us=223801 present_us=73579 touch_us=752 pacing_us=15847 wall_us=313979 max_tick_us=8655 touch_samples=386 touch_interval_max_us=1836 touch_read_max_us=546 touch_events=0 touch_down=0 touch_up=0 touch_events_ge_8ms=0 touch_event_age_max_us=0 touch_errors=0 touch_overflows=0 pass=1
[16:19:02] TINYDRAW_GATE1_PACED_COLD corpus=overlap zoom=200 x=1319 y=1599 steps=128 tiles=56 compute_us=224038 present_us=75177 touch_us=667 pacing_us=11075 wall_us=310957 max_tick_us=8629 touch_samples=384 touch_interval_max_us=1142 touch_read_max_us=436 touch_events=0 touch_down=0 touch_up=0 touch_events_ge_8ms=0 touch_event_age_max_us=0 touch_errors=0 touch_overflows=0 pass=1
[16:19:02] TINYDRAW_GATE1_PACED_COLD corpus=overlap zoom=400 x=2791 y=3391 steps=94 tiles=56 compute_us=209147 present_us=71995 touch_us=547 pacing_us=7290 wall_us=288979 max_tick_us=8168 touch_samples=365 touch_interval_max_us=1139 touch_read_max_us=469 touch_events=0 touch_down=0 touch_up=0 touch_events_ge_8ms=0 touch_event_age_max_us=0 touch_errors=0 touch_overflows=0 pass=1
[16:19:03] TINYDRAW_ADVERSARIAL_TAPERED_WORKLOAD operations=128 samples=4096 erasers=12 load_us=221946 appended=1
[16:19:03] TINYDRAW_GATE1_PACED_COLD corpus=adversarial_tapered_4x zoom=50 x=0 y=0 steps=104 tiles=42 compute_us=93408 present_us=54092 touch_us=496 pacing_us=8984 wall_us=156980 max_tick_us=6923 touch_samples=490 touch_interval_max_us=1129 touch_read_max_us=405 touch_events=0 touch_down=0 touch_up=0 touch_events_ge_8ms=0 touch_event_age_max_us=0 touch_errors=0 touch_overflows=0 pass=1
[16:19:04] TINYDRAW_GATE1_PACED_COLD corpus=adversarial_tapered_4x zoom=100 x=0 y=0 steps=348 tiles=42 compute_us=157284 present_us=53780 touch_us=1151 pacing_us=25742 wall_us=237957 max_tick_us=7423 touch_samples=317 touch_interval_max_us=1143 touch_read_max_us=416 touch_events=0 touch_down=0 touch_up=0 touch_events_ge_8ms=0 touch_event_age_max_us=0 touch_errors=0 touch_overflows=0 pass=1
[16:19:05] TINYDRAW_GATE1_PACED_COLD corpus=adversarial_tapered_4x zoom=200 x=0 y=0 steps=1214 tiles=42 compute_us=442629 present_us=57707 touch_us=3714 pacing_us=93927 wall_us=597977 max_tick_us=7747 touch_samples=679 touch_interval_max_us=1163 touch_read_max_us=439 touch_events=0 touch_down=0 touch_up=0 touch_events_ge_8ms=0 touch_event_age_max_us=0 touch_errors=0 touch_overflows=0 pass=1
[16:19:05] TINYDRAW_GATE1_PACED_COLD corpus=adversarial_tapered_4x zoom=400 x=0 y=0 steps=904 tiles=42 compute_us=545388 present_us=60626 touch_us=3009 pacing_us=64862 wall_us=673885 max_tick_us=7989 touch_samples=749 touch_interval_max_us=1142 touch_read_max_us=428 touch_events=0 touch_down=0 touch_up=0 touch_events_ge_8ms=0 touch_event_age_max_us=0 touch_errors=0 touch_overflows=0 pass=1
[16:19:05] TINYDRAW_GATE1_WORKLOAD kind=realistic seed=7 operations=1000 samples=19844 maximum_stroke=198 load_us=374722 raw_source=1 lod_copies=0
[16:19:06] TINYDRAW_GATE1_PACED_COLD corpus=seed7 zoom=400 x=63 y=63 steps=281 tiles=56 compute_us=264318 present_us=79013 touch_us=959 pacing_us=19690 wall_us=363980 max_tick_us=10733 touch_samples=933 touch_interval_max_us=1917 touch_read_max_us=506 touch_events=0 touch_down=0 touch_up=0 touch_events_ge_8ms=0 touch_event_age_max_us=0 touch_errors=0 touch_overflows=0 pass=1
[16:19:06] TINYDRAW_LIVE_PRESENT kind=gate_fallback zoom=100 x=0 y=0 compose_us=23939 scroll_us=0 exposed_compose_us=0 chrome_us=0 read_submit_us=32556 read_complete_us=33348 transfer_wait_us=20207 tile_pixels=0 uniform_pixels=0 overview_pixels=0 fallback_pixels=164864 resident_tiles=0 fallback_tiles=42 pushes=21 tear_wait_us=7770 tear_sync=1 frame_reused=0 pass=1
[16:19:08] TINYDRAW_GATE1_HARD zoom=100 cold=1 operations=1000 samples=19844 steps=275 tiles=42 scanned=12000 rendered=5232 max_supertask_us=9112 presentation_us=61608 total_us=363531 pass=1
[16:19:08] TINYDRAW_GATE1_PAN zoom=100 from_x=0 from_y=0 to_x=88 to_y=88 compose_us=27477 scroll_us=11398 exposed_compose_us=16079 chrome_us=0 event_submit_us=30187 event_complete_us=30988 transfer_us=19770 setup=1 present=1 moved=1 frame_reused=1 pass=1
[16:19:08] TINYDRAW_LIVE_PRESENT kind=gate_fallback zoom=400 x=0 y=0 compose_us=23137 scroll_us=0 exposed_compose_us=0 chrome_us=0 read_submit_us=36955 read_complete_us=37756 transfer_wait_us=19502 tile_pixels=0 uniform_pixels=0 overview_pixels=0 fallback_pixels=164864 resident_tiles=0 fallback_tiles=42 pushes=21 tear_wait_us=12983 tear_sync=1 frame_reused=0 pass=1
[16:19:08] TINYDRAW_GATE1_HARD zoom=400 cold=1 operations=1000 samples=19844 steps=211 tiles=42 scanned=12000 rendered=591 max_supertask_us=10699 presentation_us=61814 total_us=253918 pass=1
[16:19:08] TINYDRAW_GATE1_PAN zoom=400 from_x=0 from_y=0 to_x=88 to_y=88 compose_us=27450 scroll_us=11399 exposed_compose_us=16051 chrome_us=0 event_submit_us=30778 event_complete_us=31577 transfer_us=20178 setup=1 present=1 moved=1 frame_reused=1 pass=1
[16:19:08] TINYDRAW_GATE1_DRAW_FILL zoom=400 revision=2140 append_us=1147 poll_gap_us=90 event_submit_us=2320 event_complete_us=2497 max_compute_slice_us=4763 max_display_slice_us=10681 fill_us=249416 revision_restarted=1 pass=1
=== RUN 19 ===
[16:19:09] TINYDRAW_GATE1_LONG_GESTURE path=reference samples=1600 chunks=2ESP-ROM:esp32s3-20210327
[16:19:09] Build:Mar 27 2021
[16:19:09] rst:0x15 (USB_UART_CHIP_RESET),boot:0x2b (SPI_FAST_FLASH_BOOT)
[16:19:09] Saved PC:0x4201769d
[16:19:09] SPIWP:0xee
[16:19:09] mode:DIO, clock div:1
[16:19:09] load:0x3fce2820,len:0x1664
[16:19:09] load:0x403c8700,len:0xf38
[16:19:09] load:0x403cb700,len:0x31e8
[16:19:09] entry 0x403c8930
[16:19:09] I (24) boot: ESP-IDF v6.0.2 2nd stage bootloader
[16:19:09] I (24) boot: compile time Aug 14 2026 16:13:20
[16:19:09] I (25) boot: Multicore bootloader
[16:19:09] I (25) boot: chip revision: v0.2
[16:19:09] I (28) boot: efuse block revision: v1.3
[16:19:09] I (31) qio_mode: Enabling default flash chip QIO
[16:19:09] I (36) boot.esp32s3: Boot SPI Speed : 80MHz
[16:19:09] I (39) boot.esp32s3: SPI Mode       : QIO
[16:19:09] I (43) boot.esp32s3: SPI Flash Size : 16MB
[16:19:09] I (47) boot: Enabling RNG early entropy source...
[16:19:09] I (51) boot: Partition Table:
[16:19:09] I (54) boot: ## Label            Usage          Type ST Offset   Length
[16:19:09] I (60) boot:  0 nvs              WiFi data        01 02 00009000 00006000
[16:19:09] I (67) boot:  1 phy_init         RF data          01 01 0000f000 00001000
[16:19:09] I (73) boot:  2 factory          factory app      00 00 00010000 00100000
[16:19:09] I (80) boot:  3 drawing          Unknown data     01 40 00110000 00300000
[16:19:09] I (86) boot:  4 export           Unknown data     01 41 00410000 00500000
[16:19:09] I (93) boot:  5 coredump         Unknown data     01 03 00910000 00010000
[16:19:09] I (100) boot: End of partition table
[16:19:09] I (103) esp_image: segment 0: paddr=00010020 vaddr=3c040020 size=0fa04h ( 64004) map
[16:19:09] I (120) esp_image: segment 1: paddr=0001fa2c vaddr=3fc93e00 size=005ech (  1516) load
[16:19:09] I (121) esp_image: segment 2: paddr=00020020 vaddr=42000020 size=32790h (206736) map
[16:19:09] I (157) esp_image: segment 3: paddr=000527b8 vaddr=3fc943ec size=03038h ( 12344) load
[16:19:09] I (160) esp_image: segment 4: paddr=000557f8 vaddr=40374000 size=0fd1ch ( 64796) load
[16:19:09] I (174) esp_image: segment 5: paddr=0006551c vaddr=50000000 size=00024h (    36) load
[16:19:09] I (181) boot: Loaded app from partition at offset 0x10000
[16:19:09] I (181) boot: Disabling RNG early entropy source...
[16:19:09] I (192) octal_psram: vendor id    : 0x0d (AP)
[16:19:09] I (192) octal_psram: dev id       : 0x02 (generation 3)
[16:19:09] I (192) octal_psram: density      : 0x03 (64 Mbit)
[16:19:09] I (194) octal_psram: good-die     : 0x01 (Pass)
[16:19:09] I (198) octal_psram: Latency      : 0x01 (Fixed)
[16:19:09] I (203) octal_psram: VCC          : 0x01 (3V)
[16:19:09] I (207) octal_psram: SRF          : 0x01 (Fast Refresh)
[16:19:09] I (212) octal_psram: BurstType    : 0x01 (Hybrid Wrap)
[16:19:09] I (217) octal_psram: BurstLen     : 0x01 (32 Byte)
[16:19:09] I (221) octal_psram: Readlatency  : 0x02 (10 cycles@Fixed)
[16:19:09] I (226) octal_psram: DriveStrength: 0x00 (1/1)
[16:19:09] I (231) MSPI Timing: Enter psram timing tuning
[16:19:09] I (235) esp_psram: Found 8MB PSRAM device
[16:19:09] I (238) esp_psram: Speed: 80MHz
[16:19:09] I (241) cpu_start: Multicore app
[16:19:10] I (657) esp_psram: SPI SRAM memory test OK
[16:19:10] I (666) cpu_start: GPIO 44 and 43 are used as console UART I/O pins
[16:19:10] I (666) cpu_start: Pro cpu start user code
[16:19:10] I (666) cpu_start: cpu freq: 240000000 Hz
[16:19:10] I (668) app_init: Application information:
[16:19:10] I (672) app_init: Project name:     tinydraw_esp32
[16:19:10] I (676) app_init: App version:      092f2a3-dirty
[16:19:10] I (681) app_init: Compile time:     Aug 14 2026 16:13:14
[16:19:10] I (686) app_init: ELF file SHA256:  756a2e4bd...
[16:19:10] I (690) app_init: ESP-IDF:          v6.0.2
[16:19:10] I (694) efuse_init: Min chip rev:     v0.0
[16:19:10] I (698) efuse_init: Max chip rev:     v0.99 
[16:19:10] I (702) efuse_init: Chip rev:         v0.2
[16:19:10] I (706) heap_init: Initializing. RAM available for dynamic allocation:
[16:19:10] I (712) heap_init: At 3FC97EF0 len 00051820 (326 KiB): RAM
[16:19:10] I (717) heap_init: At 3FCE9710 len 00005724 (21 KiB): RAM
[16:19:10] I (722) heap_init: At 3FCF0000 len 00008000 (32 KiB): DRAM
[16:19:10] I (727) heap_init: At 600FE000 len 00001FE8 (7 KiB): RTCRAM
[16:19:10] I (733) esp_psram: Adding pool of 8192K of PSRAM memory to heap allocator
[16:19:10] I (740) spi_flash: detected chip: generic
[16:19:10] I (743) spi_flash: flash io: qio
[16:19:10] I (746) sleep_gpio: Configure to isolate all GPIO pins in sleep state
[16:19:10] I (752) sleep_gpio: Enable automatic switching of GPIO sleep configuration
[16:19:10] I (759) main_task: Started on CPU0
[16:19:10] I (762) main_task: Calling app_main()
[16:19:10] TINYDRAW_PANEL_HARD_RESET=1
[16:19:10] I (959) co5300: version: 2.1.0
[16:19:10] I (960) co5300_spi: LCD panel create success, version: 2.1.0
[16:19:10] W (1040) co5300_spi: The 3Ah command has been used and will be overwritten by external initialization sequence
[16:19:10] I (1141) CST816S: IC id: 183
[16:19:10] TINYDRAW_LIVE_PRESENT kind=startup zoom=25 x=0 y=0 compose_us=35139 scroll_us=0 exposed_compose_us=0 chrome_us=0 read_submit_us=0 read_complete_us=0 transfer_wait_us=19735 tile_pixels=0 uniform_pixels=0 overview_pixels=164864 fallback_pixels=0 resident_tiles=0 fallback_tiles=0 pushes=21 tear_wait_us=10066 tear_sync=1 frame_reused=0 pass=1
[16:19:11] TINYDRAW_LIVE_STRESS operations=1000 samples=20000 total_us=470418 average_us=470 maximum_us=862 free_psram=3042440 largest_psram=3014656
[16:19:11] TINYDRAW_LIVE_PRESENT kind=gate_fallback zoom=100 x=0 y=0 compose_us=23678 scroll_us=0 exposed_compose_us=0 chrome_us=0 read_submit_us=27616 read_complete_us=28417 transfer_wait_us=19774 tile_pixels=0 uniform_pixels=0 overview_pixels=0 fallback_pixels=164864 resident_tiles=0 fallback_tiles=42 pushes=21 tear_wait_us=3052 tear_sync=1 frame_reused=0 pass=1
[16:19:11] TINYDRAW_GATE1_HARD zoom=100 cold=1 operations=1000 samples=20000 steps=192 tiles=42 scanned=12000 rendered=1659 max_supertask_us=8954 presentation_us=63132 total_us=259784 pass=1
[16:19:11] TINYDRAW_LIVE_PRESENT kind=gate_fallback zoom=400 x=0 y=0 compose_us=23111 scroll_us=0 exposed_compose_us=0 chrome_us=0 read_submit_us=30175 read_complete_us=30975 transfer_wait_us=19376 tile_pixels=0 uniform_pixels=0 overview_pixels=0 fallback_pixels=164864 resident_tiles=0 fallback_tiles=42 pushes=21 tear_wait_us=6229 tear_sync=1 frame_reused=0 pass=1
[16:19:11] TINYDRAW_GATE1_HARD zoom=400 cold=1 operations=1000 samples=20000 steps=196 tiles=42 scanned=12000 rendered=120 max_supertask_us=8336 presentation_us=62591 total_us=195806 pass=1
[16:19:12] TINYDRAW_OVERLAP_WORKLOAD operations=8 samples=1200 radius_world=80
[16:19:12] TINYDRAW_GATE1_PACED_COLD corpus=overlap zoom=50 x=215 y=255 steps=334 tiles=56 compute_us=363313 present_us=75569 touch_us=1365 pacing_us=25729 wall_us=465976 max_tick_us=8880 touch_samples=2157 touch_interval_max_us=1956 touch_read_max_us=570 touch_events=0 touch_down=0 touch_up=0 touch_events_ge_8ms=0 touch_event_age_max_us=0 touch_errors=0 touch_overflows=0 pass=1
[16:19:13] TINYDRAW_GATE1_PACED_COLD corpus=overlap zoom=100 x=583 y=703 steps=172 tiles=48 compute_us=223633 present_us=73508 touch_us=747 pacing_us=16091 wall_us=313979 max_tick_us=8648 touch_samples=386 touch_interval_max_us=1843 touch_read_max_us=540 touch_events=0 touch_down=0 touch_up=0 touch_events_ge_8ms=0 touch_event_age_max_us=0 touch_errors=0 touch_overflows=0 pass=1
[16:19:13] TINYDRAW_GATE1_PACED_COLD corpus=overlap zoom=200 x=1319 y=1599 steps=128 tiles=56 compute_us=224121 present_us=75140 touch_us=646 pacing_us=11051 wall_us=310958 max_tick_us=8617 touch_samples=384 touch_interval_max_us=1147 touch_read_max_us=435 touch_events=0 touch_down=0 touch_up=0 touch_events_ge_8ms=0 touch_event_age_max_us=0 touch_errors=0 touch_overflows=0 pass=1
[16:19:13] TINYDRAW_GATE1_PACED_COLD corpus=overlap zoom=400 x=2791 y=3391 steps=94 tiles=56 compute_us=209136 present_us=71986 touch_us=551 pacing_us=7306 wall_us=288979 max_tick_us=8184 touch_samples=365 touch_interval_max_us=1141 touch_read_max_us=468 touch_events=0 touch_down=0 touch_up=0 touch_events_ge_8ms=0 touch_event_age_max_us=0 touch_errors=0 touch_overflows=0 pass=1
[16:19:14] TINYDRAW_ADVERSARIAL_TAPERED_WORKLOAD operations=128 samples=4096 erasers=12 load_us=221636 appended=1
[16:19:14] TINYDRAW_GATE1_PACED_COLD corpus=adversarial_tapered_4x zoom=50 x=0 y=0 steps=104 tiles=42 compute_us=93264 present_us=55065 touch_us=495 pacing_us=9153 wall_us=157977 max_tick_us=6916 touch_samples=491 touch_interval_max_us=1571 touch_read_max_us=457 touch_events=0 touch_down=0 touch_up=0 touch_events_ge_8ms=0 touch_event_age_max_us=0 touch_errors=0 touch_overflows=0 pass=1
[16:19:14] TINYDRAW_GATE1_PACED_COLD corpus=adversarial_tapered_4x zoom=100 x=0 y=0 steps=348 tiles=42 compute_us=157183 present_us=53745 touch_us=1145 pacing_us=25884 wall_us=237957 max_tick_us=7395 touch_samples=315 touch_interval_max_us=1162 touch_read_max_us=419 touch_events=0 touch_down=0 touch_up=0 touch_events_ge_8ms=0 touch_event_age_max_us=0 touch_errors=0 touch_overflows=0 pass=1
[16:19:16] TINYDRAW_GATE1_PACED_COLD corpus=adversarial_tapered_4x zoom=200 x=0 y=0 steps=1214 tiles=42 compute_us=442405 present_us=57699 touch_us=3696 pacing_us=91177 wall_us=594977 max_tick_us=7748 touch_samples=677 touch_interval_max_us=1175 touch_read_max_us=447 touch_events=0 touch_down=0 touch_up=0 touch_events_ge_8ms=0 touch_event_age_max_us=0 touch_errors=0 touch_overflows=0 pass=1
[16:19:16] TINYDRAW_GATE1_PACED_COLD corpus=adversarial_tapered_4x zoom=400 x=0 y=0 steps=904 tiles=42 compute_us=545482 present_us=60681 touch_us=3027 pacing_us=65692 wall_us=674882 max_tick_us=7997 touch_samples=753 touch_interval_max_us=1153 touch_read_max_us=436 touch_events=0 touch_down=0 touch_up=0 touch_events_ge_8ms=0 touch_event_age_max_us=0 touch_errors=0 touch_overflows=0 pass=1
[16:19:16] TINYDRAW_GATE1_WORKLOAD kind=realistic seed=7 operations=1000 samples=19844 maximum_stroke=198 load_us=375437 raw_source=1 lod_copies=0
[16:19:17] TINYDRAW_GATE1_PACED_COLD corpus=seed7 zoom=400 x=63 y=63 steps=281 tiles=56 compute_us=264230 present_us=79108 touch_us=946 pacing_us=19696 wall_us=363980 max_tick_us=10742 touch_samples=934 touch_interval_max_us=1563 touch_read_max_us=472 touch_events=0 touch_down=0 touch_up=0 touch_events_ge_8ms=0 touch_event_age_max_us=0 touch_errors=0 touch_overflows=0 pass=1
[16:19:17] TINYDRAW_LIVE_PRESENT kind=gate_fallback zoom=100 x=0 y=0 compose_us=23923 scroll_us=0 exposed_compose_us=0 chrome_us=0 read_submit_us=32744 read_complete_us=33545 transfer_wait_us=20015 tile_pixels=0 uniform_pixels=0 overview_pixels=0 fallback_pixels=164864 resident_tiles=0 fallback_tiles=42 pushes=21 tear_wait_us=7949 tear_sync=1 frame_reused=0 pass=1
[16:19:19] TINYDRAW_GATE1_HARD zoom=100 cold=1 operations=1000 samples=19844 steps=275 tiles=42 scanned=12000 rendered=5232 max_supertask_us=9114 presentation_us=61676 total_us=363563 pass=1
[16:19:19] TINYDRAW_GATE1_PAN zoom=100 from_x=0 from_y=0 to_x=88 to_y=88 compose_us=27583 scroll_us=11382 exposed_compose_us=16201 chrome_us=0 event_submit_us=30716 event_complete_us=31516 transfer_us=20240 setup=1 present=1 moved=1 frame_reused=1 pass=1
[16:19:19] TINYDRAW_LIVE_PRESENT kind=gate_fallback zoom=400 x=0 y=0 compose_us=23145 scroll_us=0 exposed_compose_us=0 chrome_us=0 read_submit_us=36638 read_complete_us=37440 transfer_wait_us=19829 tile_pixels=0 uniform_pixels=0 overview_pixels=0 fallback_pixels=164864 resident_tiles=0 fallback_tiles=42 pushes=21 tear_wait_us=12567 tear_sync=1 frame_reused=0 pass=1
[16:19:19] TINYDRAW_GATE1_HARD zoom=400 cold=1 operations=1000 samples=19844 steps=211 tiles=42 scanned=12000 rendered=591 max_supertask_us=10692 presentation_us=61776 total_us=253914 pass=1
[16:19:19] TINYDRAW_GATE1_PAN zoom=400 from_x=0 from_y=0 to_x=88 to_y=88 compose_us=27439 scroll_us=11386 exposed_compose_us=16053 chrome_us=0 event_submit_us=30355 event_complete_us=31155 transfer_us=19600 setup=1 present=1 moved=1 frame_reused=1 pass=1
[16:19:19] TINYDRAW_GATE1_DRAW_FILL zoom=400 revision=2140 append_us=1151 poll_gap_us=93 event_submit_us=2335 event_complete_us=2512 max_compute_slice_us=4765 max_display_slice_us=10675 fill_us=249359 revision_restarted=1 pass=1
=== RUN 20 ===
[16:19:20] TINYDRAW_GATE1_LONG_GESTURE path=reference samples=1600 chunks=2ESP-ROM:esp32s3-20210327
[16:19:20] Build:Mar 27 2021
[16:19:20] rst:0x15 (USB_UART_CHIP_RESET),boot:0x2b (SPI_FAST_FLASH_BOOT)
[16:19:20] Saved PC:0x42030b19
[16:19:20] SPIWP:0xee
[16:19:20] mode:DIO, clock div:1
[16:19:20] load:0x3fce2820,len:0x1664
[16:19:20] load:0x403c8700,len:0xf38
[16:19:20] load:0x403cb700,len:0x31e8
[16:19:20] entry 0x403c8930
[16:19:20] I (24) boot: ESP-IDF v6.0.2 2nd stage bootloader
[16:19:20] I (24) boot: compile time Aug 14 2026 16:13:20
[16:19:20] I (25) boot: Multicore bootloader
[16:19:20] I (25) boot: chip revision: v0.2
[16:19:20] I (28) boot: efuse block revision: v1.3
[16:19:20] I (31) qio_mode: Enabling default flash chip QIO
[16:19:20] I (36) boot.esp32s3: Boot SPI Speed : 80MHz
[16:19:20] I (39) boot.esp32s3: SPI Mode       : QIO
[16:19:20] I (43) boot.esp32s3: SPI Flash Size : 16MB
[16:19:20] I (47) boot: Enabling RNG early entropy source...
[16:19:20] I (51) boot: Partition Table:
[16:19:20] I (54) boot: ## Label            Usage          Type ST Offset   Length
[16:19:20] I (60) boot:  0 nvs              WiFi data        01 02 00009000 00006000
[16:19:20] I (67) boot:  1 phy_init         RF data          01 01 0000f000 00001000
[16:19:20] I (73) boot:  2 factory          factory app      00 00 00010000 00100000
[16:19:20] I (80) boot:  3 drawing          Unknown data     01 40 00110000 00300000
[16:19:20] I (86) boot:  4 export           Unknown data     01 41 00410000 00500000
[16:19:20] I (93) boot:  5 coredump         Unknown data     01 03 00910000 00010000
[16:19:20] I (100) boot: End of partition table
[16:19:20] I (103) esp_image: segment 0: paddr=00010020 vaddr=3c040020 size=0fa04h ( 64004) map
[16:19:20] I (120) esp_image: segment 1: paddr=0001fa2c vaddr=3fc93e00 size=005ech (  1516) load
[16:19:20] I (121) esp_image: segment 2: paddr=00020020 vaddr=42000020 size=32790h (206736) map
[16:19:20] I (157) esp_image: segment 3: paddr=000527b8 vaddr=3fc943ec size=03038h ( 12344) load
[16:19:20] I (160) esp_image: segment 4: paddr=000557f8 vaddr=40374000 size=0fd1ch ( 64796) load
[16:19:20] I (174) esp_image: segment 5: paddr=0006551c vaddr=50000000 size=00024h (    36) load
[16:19:20] I (181) boot: Loaded app from partition at offset 0x10000
[16:19:20] I (181) boot: Disabling RNG early entropy source...
[16:19:20] I (192) octal_psram: vendor id    : 0x0d (AP)
[16:19:20] I (192) octal_psram: dev id       : 0x02 (generation 3)
[16:19:20] I (192) octal_psram: density      : 0x03 (64 Mbit)
[16:19:20] I (194) octal_psram: good-die     : 0x01 (Pass)
[16:19:20] I (198) octal_psram: Latency      : 0x01 (Fixed)
[16:19:20] I (203) octal_psram: VCC          : 0x01 (3V)
[16:19:20] I (207) octal_psram: SRF          : 0x01 (Fast Refresh)
[16:19:20] I (212) octal_psram: BurstType    : 0x01 (Hybrid Wrap)
[16:19:20] I (217) octal_psram: BurstLen     : 0x01 (32 Byte)
[16:19:20] I (221) octal_psram: Readlatency  : 0x02 (10 cycles@Fixed)
[16:19:20] I (226) octal_psram: DriveStrength: 0x00 (1/1)
[16:19:20] I (231) MSPI Timing: Enter psram timing tuning
[16:19:20] I (235) esp_psram: Found 8MB PSRAM device
[16:19:20] I (238) esp_psram: Speed: 80MHz
[16:19:20] I (241) cpu_start: Multicore app
[16:19:21] I (657) esp_psram: SPI SRAM memory test OK
[16:19:21] I (666) cpu_start: GPIO 44 and 43 are used as console UART I/O pins
[16:19:21] I (666) cpu_start: Pro cpu start user code
[16:19:21] I (666) cpu_start: cpu freq: 240000000 Hz
[16:19:21] I (668) app_init: Application information:
[16:19:21] I (672) app_init: Project name:     tinydraw_esp32
[16:19:21] I (676) app_init: App version:      092f2a3-dirty
[16:19:21] I (681) app_init: Compile time:     Aug 14 2026 16:13:14
[16:19:21] I (686) app_init: ELF file SHA256:  756a2e4bd...
[16:19:21] I (690) app_init: ESP-IDF:          v6.0.2
[16:19:21] I (694) efuse_init: Min chip rev:     v0.0
[16:19:21] I (698) efuse_init: Max chip rev:     v0.99 
[16:19:21] I (702) efuse_init: Chip rev:         v0.2
[16:19:21] I (706) heap_init: Initializing. RAM available for dynamic allocation:
[16:19:21] I (712) heap_init: At 3FC97EF0 len 00051820 (326 KiB): RAM
[16:19:21] I (717) heap_init: At 3FCE9710 len 00005724 (21 KiB): RAM
[16:19:21] I (722) heap_init: At 3FCF0000 len 00008000 (32 KiB): DRAM
[16:19:21] I (727) heap_init: At 600FE000 len 00001FE8 (7 KiB): RTCRAM
[16:19:21] I (733) esp_psram: Adding pool of 8192K of PSRAM memory to heap allocator
[16:19:21] I (740) spi_flash: detected chip: generic
[16:19:21] I (743) spi_flash: flash io: qio
[16:19:21] I (746) sleep_gpio: Configure to isolate all GPIO pins in sleep state
[16:19:21] I (752) sleep_gpio: Enable automatic switching of GPIO sleep configuration
[16:19:21] I (759) main_task: Started on CPU0
[16:19:21] I (762) main_task: Calling app_main()
[16:19:21] TINYDRAW_PANEL_HARD_RESET=1
[16:19:21] I (959) co5300: version: 2.1.0
[16:19:21] I (960) co5300_spi: LCD panel create success, version: 2.1.0
[16:19:21] W (1040) co5300_spi: The 3Ah command has been used and will be overwritten by external initialization sequence
[16:19:21] I (1141) CST816S: IC id: 183
[16:19:21] TINYDRAW_LIVE_PRESENT kind=startup zoom=25 x=0 y=0 compose_us=35138 scroll_us=0 exposed_compose_us=0 chrome_us=0 read_submit_us=0 read_complete_us=0 transfer_wait_us=19565 tile_pixels=0 uniform_pixels=0 overview_pixels=164864 fallback_pixels=0 resident_tiles=0 fallback_tiles=0 pushes=21 tear_wait_us=10265 tear_sync=1 frame_reused=0 pass=1
[16:19:22] TINYDRAW_LIVE_STRESS operations=1000 samples=20000 total_us=469549 average_us=469 maximum_us=872 free_psram=3042440 largest_psram=3014656
[16:19:22] TINYDRAW_LIVE_PRESENT kind=gate_fallback zoom=100 x=0 y=0 compose_us=23681 scroll_us=0 exposed_compose_us=0 chrome_us=0 read_submit_us=29203 read_complete_us=29999 transfer_wait_us=19989 tile_pixels=0 uniform_pixels=0 overview_pixels=0 fallback_pixels=164864 resident_tiles=0 fallback_tiles=42 pushes=21 tear_wait_us=4622 tear_sync=1 frame_reused=0 pass=1
[16:19:22] TINYDRAW_GATE1_HARD zoom=100 cold=1 operations=1000 samples=20000 steps=192 tiles=42 scanned=12000 rendered=1659 max_supertask_us=8958 presentation_us=63088 total_us=259796 pass=1
[16:19:22] TINYDRAW_LIVE_PRESENT kind=gate_fallback zoom=400 x=0 y=0 compose_us=23046 scroll_us=0 exposed_compose_us=0 chrome_us=0 read_submit_us=30193 read_complete_us=30992 transfer_wait_us=19351 tile_pixels=0 uniform_pixels=0 overview_pixels=0 fallback_pixels=164864 resident_tiles=0 fallback_tiles=42 pushes=21 tear_wait_us=6295 tear_sync=1 frame_reused=0 pass=1
[16:19:22] TINYDRAW_GATE1_HARD zoom=400 cold=1 operations=1000 samples=20000 steps=196 tiles=42 scanned=12000 rendered=120 max_supertask_us=8329 presentation_us=61668 total_us=194798 pass=1
[16:19:23] TINYDRAW_OVERLAP_WORKLOAD operations=8 samples=1200 radius_world=80
[16:19:23] TINYDRAW_GATE1_PACED_COLD corpus=overlap zoom=50 x=215 y=255 steps=334 tiles=56 compute_us=362998 present_us=75530 touch_us=1375 pacing_us=26043 wall_us=465946 max_tick_us=8882 touch_samples=2160 touch_interval_max_us=1938 touch_read_max_us=570 touch_events=0 touch_down=0 touch_up=0 touch_events_ge_8ms=0 touch_event_age_max_us=0 touch_errors=0 touch_overflows=0 pass=1
[16:19:24] TINYDRAW_GATE1_PACED_COLD corpus=overlap zoom=100 x=583 y=703 steps=172 tiles=48 compute_us=223764 present_us=73632 touch_us=793 pacing_us=15788 wall_us=313977 max_tick_us=8656 touch_samples=386 touch_interval_max_us=1822 touch_read_max_us=551 touch_events=0 touch_down=0 touch_up=0 touch_events_ge_8ms=0 touch_event_age_max_us=0 touch_errors=0 touch_overflows=0 pass=1
[16:19:24] TINYDRAW_GATE1_PACED_COLD corpus=overlap zoom=200 x=1319 y=1599 steps=128 tiles=56 compute_us=224134 present_us=75137 touch_us=642 pacing_us=11044 wall_us=310957 max_tick_us=8619 touch_samples=384 touch_interval_max_us=1166 touch_read_max_us=442 touch_events=0 touch_down=0 touch_up=0 touch_events_ge_8ms=0 touch_event_age_max_us=0 touch_errors=0 touch_overflows=0 pass=1
[16:19:24] TINYDRAW_GATE1_PACED_COLD corpus=overlap zoom=400 x=2791 y=3391 steps=94 tiles=56 compute_us=209253 present_us=71962 touch_us=563 pacing_us=7200 wall_us=288978 max_tick_us=8158 touch_samples=365 touch_interval_max_us=1161 touch_read_max_us=472 touch_events=0 touch_down=0 touch_up=0 touch_events_ge_8ms=0 touch_event_age_max_us=0 touch_errors=0 touch_overflows=0 pass=1
[16:19:25] TINYDRAW_ADVERSARIAL_TAPERED_WORKLOAD operations=128 samples=4096 erasers=12 load_us=221861 appended=1
[16:19:25] TINYDRAW_GATE1_PACED_COLD corpus=adversarial_tapered_4x zoom=50 x=0 y=0 steps=104 tiles=42 compute_us=93293 present_us=54106 touch_us=515 pacing_us=9064 wall_us=156978 max_tick_us=6920 touch_samples=491 touch_interval_max_us=1121 touch_read_max_us=402 touch_events=0 touch_down=0 touch_up=0 touch_events_ge_8ms=0 touch_event_age_max_us=0 touch_errors=0 touch_overflows=0 pass=1
[16:19:25] TINYDRAW_GATE1_PACED_COLD corpus=adversarial_tapered_4x zoom=100 x=0 y=0 steps=348 tiles=42 compute_us=157036 present_us=53775 touch_us=1141 pacing_us=25005 wall_us=236957 max_tick_us=7419 touch_samples=316 touch_interval_max_us=1147 touch_read_max_us=419 touch_events=0 touch_down=0 touch_up=0 touch_events_ge_8ms=0 touch_event_age_max_us=0 touch_errors=0 touch_overflows=0 pass=1
[16:19:27] TINYDRAW_GATE1_PACED_COLD corpus=adversarial_tapered_4x zoom=200 x=0 y=0 steps=1214 tiles=42 compute_us=442061 present_us=57743 touch_us=3712 pacing_us=93461 wall_us=596977 max_tick_us=7749 touch_samples=680 touch_interval_max_us=1168 touch_read_max_us=439 touch_events=0 touch_down=0 touch_up=0 touch_events_ge_8ms=0 touch_event_age_max_us=0 touch_errors=0 touch_overflows=0 pass=1
[16:19:27] TINYDRAW_GATE1_PACED_COLD corpus=adversarial_tapered_4x zoom=400 x=0 y=0 steps=904 tiles=42 compute_us=545228 present_us=60674 touch_us=3072 pacing_us=65907 wall_us=674881 max_tick_us=7993 touch_samples=751 touch_interval_max_us=1142 touch_read_max_us=428 touch_events=0 touch_down=0 touch_up=0 touch_events_ge_8ms=0 touch_event_age_max_us=0 touch_errors=0 touch_overflows=0 pass=1
[16:19:27] TINYDRAW_GATE1_WORKLOAD kind=realistic seed=7 operations=1000 samples=19844 maximum_stroke=198 load_us=375495 raw_source=1 lod_copies=0
[16:19:28] TINYDRAW_GATE1_PACED_COLD corpus=seed7 zoom=400 x=63 y=63 steps=281 tiles=56 compute_us=264179 present_us=79038 touch_us=966 pacing_us=19794 wall_us=363977 max_tick_us=10756 touch_samples=934 touch_interval_max_us=1553 touch_read_max_us=467 touch_events=0 touch_down=0 touch_up=0 touch_events_ge_8ms=0 touch_event_age_max_us=0 touch_errors=0 touch_overflows=0 pass=1
[16:19:28] TINYDRAW_LIVE_PRESENT kind=gate_fallback zoom=100 x=0 y=0 compose_us=23929 scroll_us=0 exposed_compose_us=0 chrome_us=0 read_submit_us=32181 read_complete_us=32982 transfer_wait_us=19586 tile_pixels=0 uniform_pixels=0 overview_pixels=0 fallback_pixels=164864 resident_tiles=0 fallback_tiles=42 pushes=21 tear_wait_us=7428 tear_sync=1 frame_reused=0 pass=1
[16:19:30] TINYDRAW_GATE1_HARD zoom=100 cold=1 operations=1000 samples=19844 steps=275 tiles=42 scanned=12000 rendered=5232 max_supertask_us=9094 presentation_us=61586 total_us=363568 pass=1
[16:19:30] TINYDRAW_GATE1_PAN zoom=100 from_x=0 from_y=0 to_x=88 to_y=88 compose_us=27481 scroll_us=11386 exposed_compose_us=16095 chrome_us=0 event_submit_us=30197 event_complete_us=30997 transfer_us=19760 setup=1 present=1 moved=1 frame_reused=1 pass=1
[16:19:30] TINYDRAW_LIVE_PRESENT kind=gate_fallback zoom=400 x=0 y=0 compose_us=23116 scroll_us=0 exposed_compose_us=0 chrome_us=0 read_submit_us=37099 read_complete_us=37899 transfer_wait_us=19359 tile_pixels=0 uniform_pixels=0 overview_pixels=0 fallback_pixels=164864 resident_tiles=0 fallback_tiles=42 pushes=21 tear_wait_us=13124 tear_sync=1 frame_reused=0 pass=1
[16:19:30] TINYDRAW_GATE1_HARD zoom=400 cold=1 operations=1000 samples=19844 steps=211 tiles=42 scanned=12000 rendered=591 max_supertask_us=10703 presentation_us=61853 total_us=253931 pass=1
[16:19:30] TINYDRAW_GATE1_PAN zoom=400 from_x=0 from_y=0 to_x=88 to_y=88 compose_us=27487 scroll_us=11400 exposed_compose_us=16087 chrome_us=0 event_submit_us=30189 event_complete_us=30990 transfer_us=19768 setup=1 present=1 moved=1 frame_reused=1 pass=1
[16:19:30] TINYDRAW_GATE1_DRAW_FILL zoom=400 revision=2140 append_us=1139 poll_gap_us=87 event_submit_us=2304 event_complete_us=2482 max_compute_slice_us=4788 max_display_slice_us=10678 fill_us=249397 revision_restarted=1 pass=1
