=== RUN 1 ===
[13:55:04] ESP-ROM:esp32s3-20210327
[13:55:04] Build:Mar 27 2021
[13:55:04] rst:0x15 (USB_UART_CHIP_RESET),boot:0x2b (SPI_FAST_FLASH_BOOT)
[13:55:04] Saved PC:0x4037b7d6
[13:55:04] SPIWP:0xee
[13:55:04] mode:DIO, clock div:1
[13:55:04] load:0x3fce2820,len:0x1664
[13:55:04] load:0x403c8700,len:0xf38
[13:55:04] load:0x403cb700,len:0x31e8
[13:55:04] entry 0x403c8930
[13:55:04] I (24) boot: ESP-IDF v6.0.2 2nd stage bootloader
[13:55:04] I (24) boot: compile time Aug 14 2026 13:53:22
[13:55:04] I (25) boot: Multicore bootloader
[13:55:04] I (25) boot: chip revision: v0.2
[13:55:04] I (28) boot: efuse block revision: v1.3
[13:55:04] I (31) qio_mode: Enabling default flash chip QIO
[13:55:04] I (36) boot.esp32s3: Boot SPI Speed : 80MHz
[13:55:04] I (39) boot.esp32s3: SPI Mode       : QIO
[13:55:04] I (43) boot.esp32s3: SPI Flash Size : 16MB
[13:55:04] I (47) boot: Enabling RNG early entropy source...
[13:55:04] I (51) boot: Partition Table:
[13:55:04] I (54) boot: ## Label            Usage          Type ST Offset   Length
[13:55:04] I (60) boot:  0 nvs              WiFi data        01 02 00009000 00006000
[13:55:04] I (67) boot:  1 phy_init         RF data          01 01 0000f000 00001000
[13:55:04] I (73) boot:  2 factory          factory app      00 00 00010000 00100000
[13:55:04] I (80) boot:  3 drawing          Unknown data     01 40 00110000 00300000
[13:55:04] I (86) boot:  4 export           Unknown data     01 41 00410000 00500000
[13:55:04] I (93) boot:  5 coredump         Unknown data     01 03 00910000 00010000
[13:55:04] I (100) boot: End of partition table
[13:55:04] I (103) esp_image: segment 0: paddr=00010020 vaddr=3c040020 size=0f864h ( 63588) map
[13:55:04] I (120) esp_image: segment 1: paddr=0001f88c vaddr=3fc93e00 size=0078ch (  1932) load
[13:55:04] I (121) esp_image: segment 2: paddr=00020020 vaddr=42000020 size=3075ch (198492) map
[13:55:04] I (156) esp_image: segment 3: paddr=00050784 vaddr=3fc9458c size=02e98h ( 11928) load
[13:55:04] I (159) esp_image: segment 4: paddr=00053624 vaddr=40374000 size=0fd1ch ( 64796) load
[13:55:04] I (173) esp_image: segment 5: paddr=00063348 vaddr=50000000 size=00024h (    36) load
[13:55:04] I (180) boot: Loaded app from partition at offset 0x10000
[13:55:04] I (180) boot: Disabling RNG early entropy source...
[13:55:04] I (191) octal_psram: vendor id    : 0x0d (AP)
[13:55:04] I (191) octal_psram: dev id       : 0x02 (generation 3)
[13:55:04] I (191) octal_psram: density      : 0x03 (64 Mbit)
[13:55:04] I (193) octal_psram: good-die     : 0x01 (Pass)
[13:55:04] I (197) octal_psram: Latency      : 0x01 (Fixed)
[13:55:04] I (201) octal_psram: VCC          : 0x01 (3V)
[13:55:04] I (206) octal_psram: SRF          : 0x01 (Fast Refresh)
[13:55:04] I (211) octal_psram: BurstType    : 0x01 (Hybrid Wrap)
[13:55:04] I (215) octal_psram: BurstLen     : 0x01 (32 Byte)
[13:55:04] I (220) octal_psram: Readlatency  : 0x02 (10 cycles@Fixed)
[13:55:04] I (225) octal_psram: DriveStrength: 0x00 (1/1)
[13:55:04] I (229) MSPI Timing: Enter psram timing tuning
[13:55:04] I (234) esp_psram: Found 8MB PSRAM device
[13:55:04] I (237) esp_psram: Speed: 80MHz
[13:55:04] I (240) cpu_start: Multicore app
[13:55:04] I (656) esp_psram: SPI SRAM memory test OK
[13:55:04] I (664) cpu_start: GPIO 44 and 43 are used as console UART I/O pins
[13:55:04] I (665) cpu_start: Pro cpu start user code
[13:55:04] I (665) cpu_start: cpu freq: 240000000 Hz
[13:55:04] I (667) app_init: Application information:
[13:55:04] I (670) app_init: Project name:     tinydraw_esp32
[13:55:04] I (675) app_init: App version:      26a05f5
[13:55:04] I (679) app_init: Compile time:     Aug 14 2026 13:53:16
[13:55:04] I (684) app_init: ELF file SHA256:  73355c8d3...
[13:55:04] I (688) app_init: ESP-IDF:          v6.0.2
[13:55:04] I (692) efuse_init: Min chip rev:     v0.0
[13:55:04] I (696) efuse_init: Max chip rev:     v0.99 
[13:55:04] I (700) efuse_init: Chip rev:         v0.2
[13:55:04] I (704) heap_init: Initializing. RAM available for dynamic allocation:
[13:55:05] I (710) heap_init: At 3FC97EF0 len 00051820 (326 KiB): RAM
[13:55:05] I (715) heap_init: At 3FCE9710 len 00005724 (21 KiB): RAM
[13:55:05] I (720) heap_init: At 3FCF0000 len 00008000 (32 KiB): DRAM
[13:55:05] I (725) heap_init: At 600FE000 len 00001FE8 (7 KiB): RTCRAM
[13:55:05] I (731) esp_psram: Adding pool of 8192K of PSRAM memory to heap allocator
[13:55:05] I (738) spi_flash: detected chip: generic
[13:55:05] I (741) spi_flash: flash io: qio
[13:55:05] I (744) sleep_gpio: Configure to isolate all GPIO pins in sleep state
[13:55:05] I (750) sleep_gpio: Enable automatic switching of GPIO sleep configuration
[13:55:05] I (757) main_task: Started on CPU0
[13:55:05] I (760) main_task: Calling app_main()
[13:55:05] TINYDRAW_PANEL_HARD_RESET=1
[13:55:05] I (957) co5300: version: 2.1.0
[13:55:05] I (958) co5300_spi: LCD panel create success, version: 2.1.0
[13:55:05] W (1038) co5300_spi: The 3Ah command has been used and will be overwritten by external initialization sequence
[13:55:05] I (1139) CST816S: IC id: 183
[13:55:05] TINYDRAW_LIVE_PRESENT kind=startup zoom=25 x=0 y=0 compose_us=35071 scroll_us=0 exposed_compose_us=0 chrome_us=0 read_submit_us=0 read_complete_us=0 transfer_wait_us=19594 tile_pixels=0 uniform_pixels=0 overview_pixels=164864 fallback_pixels=0 resident_tiles=0 fallback_tiles=0 pushes=21 tear_wait_us=10323 tear_sync=1 frame_reused=0 pass=1
[13:55:07] TINYDRAW_LIVE_STRESS operations=1000 samples=20000 total_us=2470647 average_us=2470 maximum_us=2567 free_psram=3042440 largest_psram=3014656
[13:55:08] TINYDRAW_LIVE_PRESENT kind=gate_fallback zoom=100 x=0 y=0 compose_us=23165 scroll_us=0 exposed_compose_us=0 chrome_us=0 read_submit_us=29096 read_complete_us=29891 transfer_wait_us=19869 tile_pixels=0 uniform_pixels=0 overview_pixels=0 fallback_pixels=164864 resident_tiles=0 fallback_tiles=42 pushes=21 tear_wait_us=5041 tear_sync=1 frame_reused=0 pass=1
[13:55:08] TINYDRAW_GATE1_HARD zoom=100 cold=1 operations=1000 samples=20000 steps=192 tiles=42 scanned=12000 rendered=1659 max_supertask_us=8841 presentation_us=64424 total_us=259693 pass=1
[13:55:08] TINYDRAW_LIVE_PRESENT kind=gate_fallback zoom=400 x=0 y=0 compose_us=22639 scroll_us=0 exposed_compose_us=0 chrome_us=0 read_submit_us=30179 read_complete_us=30974 transfer_wait_us=19498 tile_pixels=0 uniform_pixels=0 overview_pixels=0 fallback_pixels=164864 resident_tiles=0 fallback_tiles=42 pushes=21 tear_wait_us=6714 tear_sync=1 frame_reused=0 pass=1
[13:55:08] TINYDRAW_GATE1_HARD zoom=400 cold=1 operations=1000 samples=20000 steps=196 tiles=42 scanned=12000 rendered=120 max_supertask_us=8077 presentation_us=60550 total_us=190142 pass=1
[13:55:09] TINYDRAW_OVERLAP_WORKLOAD operations=8 samples=1200 radius_world=80
[13:55:09] TINYDRAW_GATE1_PACED_COLD corpus=overlap zoom=50 x=215 y=255 steps=535 tiles=56 compute_us=423939 present_us=76157 touch_us=1779 pacing_us=36445 wall_us=538320 max_tick_us=8968 touch_samples=4218 touch_interval_max_us=1997 touch_read_max_us=557 touch_event_age_max_us=0 touch_errors=0 touch_overflows=0 pass=1
[13:55:10] TINYDRAW_GATE1_PACED_COLD corpus=overlap zoom=100 x=583 y=703 steps=448 tiles=48 compute_us=299758 present_us=73836 touch_us=1375 pacing_us=28984 wall_us=403953 max_tick_us=9011 touch_samples=471 touch_interval_max_us=1801 touch_read_max_us=482 touch_event_age_max_us=0 touch_errors=0 touch_overflows=0 pass=1
[13:55:10] TINYDRAW_GATE1_PACED_COLD corpus=overlap zoom=200 x=1319 y=1599 steps=503 tiles=56 compute_us=306016 present_us=74257 touch_us=1476 pacing_us=34218 wall_us=415967 max_tick_us=9011 touch_samples=483 touch_interval_max_us=1140 touch_read_max_us=435 touch_event_age_max_us=0 touch_errors=0 touch_overflows=0 pass=1
[13:55:11] TINYDRAW_GATE1_PACED_COLD corpus=overlap zoom=400 x=2791 y=3391 steps=555 tiles=56 compute_us=300059 present_us=72261 touch_us=1536 pacing_us=41109 wall_us=414965 max_tick_us=8282 touch_samples=486 touch_interval_max_us=1150 touch_read_max_us=424 touch_event_age_max_us=0 touch_errors=0 touch_overflows=0 pass=1
[13:55:11] TINYDRAW_ADVERSARIAL_TAPERED_WORKLOAD operations=128 samples=4096 erasers=12 load_us=462932 appended=1
[13:55:11] TINYDRAW_GATE1_PACED_COLD corpus=adversarial_tapered_4x zoom=50 x=0 y=0 steps=104 tiles=42 compute_us=101798 present_us=54016 touch_us=462 pacing_us=7693 wall_us=163969 max_tick_us=6949 touch_samples=741 touch_interval_max_us=1112 touch_read_max_us=397 touch_event_age_max_us=0 touch_errors=0 touch_overflows=0 pass=1
[13:55:12] TINYDRAW_GATE1_PACED_COLD corpus=adversarial_tapered_4x zoom=100 x=0 y=0 steps=348 tiles=42 compute_us=163705 present_us=51810 touch_us=1031 pacing_us=27410 wall_us=243956 max_tick_us=7332 touch_samples=315 touch_interval_max_us=1163 touch_read_max_us=423 touch_event_age_max_us=0 touch_errors=0 touch_overflows=0 pass=1
[13:55:12] TINYDRAW_GATE1_PACED_COLD corpus=adversarial_tapered_4x zoom=200 x=0 y=0 steps=1214 tiles=42 compute_us=456580 present_us=58021 touch_us=3237 pacing_us=85131 wall_us=602969 max_tick_us=7723 touch_samples=679 touch_interval_max_us=1169 touch_read_max_us=445 touch_event_age_max_us=0 touch_errors=0 touch_overflows=0 pass=1
[13:55:14] TINYDRAW_GATE1_PACED_COLD corpus=adversarial_tapered_4x zoom=400 x=0 y=0 steps=4018 tiles=42 compute_us=1110536 present_us=60717 touch_us=9680 pacing_us=267967 wall_us=1448900 max_tick_us=7785 touch_samples=1518 touch_interval_max_us=1159 touch_read_max_us=424 touch_event_age_max_us=0 touch_errors=0 touch_overflows=0 pass=1
[13:55:16] TINYDRAW_GATE1_WORKLOAD kind=realistic seed=7 operations=1000 samples=19844 maximum_stroke=198 load_us=2416469 raw_source=1 lod_copies=0
[13:55:17] TINYDRAW_GATE1_PACED_COLD corpus=seed7 zoom=400 x=63 y=63 steps=281 tiles=56 compute_us=244409 present_us=77955 touch_us=794 pacing_us=19811 wall_us=342969 max_tick_us=9784 touch_samples=2946 touch_interval_max_us=1170 touch_read_max_us=453 touch_event_age_max_us=0 touch_errors=0 touch_overflows=0 pass=1
[13:55:17] TINYDRAW_LIVE_PRESENT kind=gate_fallback zoom=100 x=0 y=0 compose_us=23364 scroll_us=0 exposed_compose_us=0 chrome_us=0 read_submit_us=24503 read_complete_us=25298 transfer_wait_us=19684 tile_pixels=0 uniform_pixels=0 overview_pixels=0 fallback_pixels=164864 resident_tiles=0 fallback_tiles=42 pushes=21 tear_wait_us=132 tear_sync=1 frame_reused=0 pass=1
[13:55:19] TINYDRAW_GATE1_HARD zoom=100 cold=1 operations=1000 samples=19844 steps=275 tiles=42 scanned=12000 rendered=5232 max_supertask_us=9045 presentation_us=63579 total_us=363289 pass=1
[13:55:19] TINYDRAW_GATE1_PAN zoom=100 from_x=0 from_y=0 to_x=88 to_y=88 compose_us=27146 scroll_us=11371 exposed_compose_us=15775 chrome_us=0 event_submit_us=30276 event_complete_us=31077 transfer_us=19685 setup=1 present=1 moved=1 frame_reused=1 pass=1
[13:55:19] TINYDRAW_LIVE_PRESENT kind=gate_fallback zoom=400 x=0 y=0 compose_us=22671 scroll_us=0 exposed_compose_us=0 chrome_us=0 read_submit_us=37041 read_complete_us=37838 transfer_wait_us=19408 tile_pixels=0 uniform_pixels=0 overview_pixels=0 fallback_pixels=164864 resident_tiles=0 fallback_tiles=42 pushes=21 tear_wait_us=13528 tear_sync=1 frame_reused=0 pass=1
[13:55:19] TINYDRAW_GATE1_HARD zoom=400 cold=1 operations=1000 samples=19844 steps=211 tiles=42 scanned=12000 rendered=591 max_supertask_us=9784 presentation_us=61687 total_us=240152 pass=1
[13:55:19] TINYDRAW_GATE1_PAN zoom=400 from_x=0 from_y=0 to_x=88 to_y=88 compose_us=27083 scroll_us=11359 exposed_compose_us=15724 chrome_us=0 event_submit_us=30666 event_complete_us=31467 transfer_us=20297 setup=1 present=1 moved=1 frame_reused=1 pass=1
[13:55:19] TINYDRAW_GATE1_DRAW_FILL zoom=400 revision=2140 append_us=2930 poll_gap_us=80 event_submit_us=2319 event_complete_us=2486 max_compute_slice_us=3915 max_display_slice_us=9793 fill_us=236367 revision_restarted=1 pass=1
=== RUN 2 ===
[13:55:19] ESP-ROM:esp32s3-20210327
[13:55:19] Build:Mar 27 2021
[13:55:19] rst:0x15 (USB_UART_CHIP_RESET),boot:0x2b (SPI_FAST_FLASH_BOOT)
[13:55:19] Saved PC:0x4201d0ed
[13:55:19] SPIWP:0xee
[13:55:19] mode:DIO, clock div:1
[13:55:19] load:0x3fce2820,len:0x1664
[13:55:19] load:0x403c8700,len:0xf38
[13:55:19] load:0x403cb700,len:0x31e8
[13:55:19] entry 0x403c8930
[13:55:19] I (24) boot: ESP-IDF v6.0.2 2nd stage bootloader
[13:55:19] I (24) boot: compile time Aug 14 2026 13:53:22
[13:55:19] I (25) boot: Multicore bootloader
[13:55:19] I (25) boot: chip revision: v0.2
[13:55:19] I (28) boot: efuse block revision: v1.3
[13:55:19] I (31) qio_mode: Enabling default flash chip QIO
[13:55:19] I (36) boot.esp32s3: Boot SPI Speed : 80MHz
[13:55:19] I (39) boot.esp32s3: SPI Mode       : QIO
[13:55:19] I (43) boot.esp32s3: SPI Flash Size : 16MB
[13:55:19] I (47) boot: Enabling RNG early entropy source...
[13:55:19] I (51) boot: Partition Table:
[13:55:19] I (54) boot: ## Label            Usage          Type ST Offset   Length
[13:55:19] I (60) boot:  0 nvs              WiFi data        01 02 00009000 00006000
[13:55:19] I (67) boot:  1 phy_init         RF data          01 01 0000f000 00001000
[13:55:19] I (73) boot:  2 factory          factory app      00 00 00010000 00100000
[13:55:19] I (80) boot:  3 drawing          Unknown data     01 40 00110000 00300000
[13:55:19] I (86) boot:  4 export           Unknown data     01 41 00410000 00500000
[13:55:19] I (93) boot:  5 coredump         Unknown data     01 03 00910000 00010000
[13:55:19] I (100) boot: End of partition table
[13:55:19] I (103) esp_image: segment 0: paddr=00010020 vaddr=3c040020 size=0f864h ( 63588) map
[13:55:19] I (120) esp_image: segment 1: paddr=0001f88c vaddr=3fc93e00 size=0078ch (  1932) load
[13:55:19] I (121) esp_image: segment 2: paddr=00020020 vaddr=42000020 size=3075ch (198492) map
[13:55:19] I (156) esp_image: segment 3: paddr=00050784 vaddr=3fc9458c size=02e98h ( 11928) load
[13:55:19] I (159) esp_image: segment 4: paddr=00053624 vaddr=40374000 size=0fd1ch ( 64796) load
[13:55:19] I (173) esp_image: segment 5: paddr=00063348 vaddr=50000000 size=00024h (    36) load
[13:55:19] I (180) boot: Loaded app from partition at offset 0x10000
[13:55:19] I (180) boot: Disabling RNG early entropy source...
[13:55:19] I (191) octal_psram: vendor id    : 0x0d (AP)
[13:55:19] I (191) octal_psram: dev id       : 0x02 (generation 3)
[13:55:19] I (191) octal_psram: density      : 0x03 (64 Mbit)
[13:55:19] I (193) octal_psram: good-die     : 0x01 (Pass)
[13:55:19] I (197) octal_psram: Latency      : 0x01 (Fixed)
[13:55:19] I (201) octal_psram: VCC          : 0x01 (3V)
[13:55:19] I (206) octal_psram: SRF          : 0x01 (Fast Refresh)
[13:55:19] I (211) octal_psram: BurstType    : 0x01 (Hybrid Wrap)
[13:55:19] I (215) octal_psram: BurstLen     : 0x01 (32 Byte)
[13:55:19] I (220) octal_psram: Readlatency  : 0x02 (10 cycles@Fixed)
[13:55:19] I (225) octal_psram: DriveStrength: 0x00 (1/1)
[13:55:19] I (229) MSPI Timing: Enter psram timing tuning
[13:55:19] I (234) esp_psram: Found 8MB PSRAM device
[13:55:19] I (237) esp_psram: Speed: 80MHz
[13:55:19] I (240) cpu_start: Multicore app
[13:55:20] I (656) esp_psram: SPI SRAM memory test OK
[13:55:20] I (664) cpu_start: GPIO 44 and 43 are used as console UART I/O pins
[13:55:20] I (665) cpu_start: Pro cpu start user code
[13:55:20] I (665) cpu_start: cpu freq: 240000000 Hz
[13:55:20] I (667) app_init: Application information:
[13:55:20] I (670) app_init: Project name:     tinydraw_esp32
[13:55:20] I (675) app_init: App version:      26a05f5
[13:55:20] I (679) app_init: Compile time:     Aug 14 2026 13:53:16
[13:55:20] I (684) app_init: ELF file SHA256:  73355c8d3...
[13:55:20] I (688) app_init: ESP-IDF:          v6.0.2
[13:55:20] I (692) efuse_init: Min chip rev:     v0.0
[13:55:20] I (696) efuse_init: Max chip rev:     v0.99 
[13:55:20] I (700) efuse_init: Chip rev:         v0.2
[13:55:20] I (704) heap_init: Initializing. RAM available for dynamic allocation:
[13:55:20] I (710) heap_init: At 3FC97EF0 len 00051820 (326 KiB): RAM
[13:55:20] I (715) heap_init: At 3FCE9710 len 00005724 (21 KiB): RAM
[13:55:20] I (720) heap_init: At 3FCF0000 len 00008000 (32 KiB): DRAM
[13:55:20] I (725) heap_init: At 600FE000 len 00001FE8 (7 KiB): RTCRAM
[13:55:20] I (731) esp_psram: Adding pool of 8192K of PSRAM memory to heap allocator
[13:55:20] I (738) spi_flash: detected chip: generic
[13:55:20] I (741) spi_flash: flash io: qio
[13:55:20] I (744) sleep_gpio: Configure to isolate all GPIO pins in sleep state
[13:55:20] I (750) sleep_gpio: Enable automatic switching of GPIO sleep configuration
[13:55:20] I (757) main_task: Started on CPU0
[13:55:20] I (760) main_task: Calling app_main()
[13:55:20] TINYDRAW_PANEL_HARD_RESET=1
[13:55:20] I (957) co5300: version: 2.1.0
[13:55:20] I (958) co5300_spi: LCD panel create success, version: 2.1.0
[13:55:20] W (1038) co5300_spi: The 3Ah command has been used and will be overwritten by external initialization sequence
[13:55:20] I (1139) CST816S: IC id: 183
[13:55:20] TINYDRAW_LIVE_PRESENT kind=startup zoom=25 x=0 y=0 compose_us=35075 scroll_us=0 exposed_compose_us=0 chrome_us=0 read_submit_us=0 read_complete_us=0 transfer_wait_us=19711 tile_pixels=0 uniform_pixels=0 overview_pixels=164864 fallback_pixels=0 resident_tiles=0 fallback_tiles=0 pushes=21 tear_wait_us=10191 tear_sync=1 frame_reused=0 pass=1
[13:55:23] TINYDRAW_LIVE_STRESS operations=1000 samples=20000 total_us=2470082 average_us=2470 maximum_us=2570 free_psram=3042440 largest_psram=3014656
[13:55:23] TINYDRAW_LIVE_PRESENT kind=gate_fallback zoom=100 x=0 y=0 compose_us=23184 scroll_us=0 exposed_compose_us=0 chrome_us=0 read_submit_us=28034 read_complete_us=28830 transfer_wait_us=19521 tile_pixels=0 uniform_pixels=0 overview_pixels=0 fallback_pixels=164864 resident_tiles=0 fallback_tiles=42 pushes=21 tear_wait_us=4016 tear_sync=1 frame_reused=0 pass=1
[13:55:23] TINYDRAW_GATE1_HARD zoom=100 cold=1 operations=1000 samples=20000 steps=192 tiles=42 scanned=12000 rendered=1659 max_supertask_us=8810 presentation_us=62658 total_us=257739 pass=1
[13:55:23] TINYDRAW_LIVE_PRESENT kind=gate_fallback zoom=400 x=0 y=0 compose_us=22628 scroll_us=0 exposed_compose_us=0 chrome_us=0 read_submit_us=32458 read_complete_us=33251 transfer_wait_us=20171 tile_pixels=0 uniform_pixels=0 overview_pixels=0 fallback_pixels=164864 resident_tiles=0 fallback_tiles=42 pushes=21 tear_wait_us=8963 tear_sync=1 frame_reused=0 pass=1
[13:55:23] TINYDRAW_GATE1_HARD zoom=400 cold=1 operations=1000 samples=20000 steps=196 tiles=42 scanned=12000 rendered=120 max_supertask_us=8069 presentation_us=60601 total_us=190164 pass=1
[13:55:24] TINYDRAW_OVERLAP_WORKLOAD operations=8 samples=1200 radius_world=80
[13:55:24] TINYDRAW_GATE1_PACED_COLD corpus=overlap zoom=50 x=215 y=255 steps=535 tiles=56 compute_us=424255 present_us=75123 touch_us=1760 pacing_us=38181 wall_us=539319 max_tick_us=8956 touch_samples=4218 touch_interval_max_us=1863 touch_read_max_us=557 touch_event_age_max_us=0 touch_errors=0 touch_overflows=0 pass=1
[13:55:25] TINYDRAW_GATE1_PACED_COLD corpus=overlap zoom=100 x=583 y=703 steps=448 tiles=48 compute_us=299861 present_us=73831 touch_us=1381 pacing_us=29880 wall_us=404953 max_tick_us=9009 touch_samples=471 touch_interval_max_us=1786 touch_read_max_us=493 touch_event_age_max_us=0 touch_errors=0 touch_overflows=0 pass=1
[13:55:25] TINYDRAW_GATE1_PACED_COLD corpus=overlap zoom=200 x=1319 y=1599 steps=503 tiles=56 compute_us=306095 present_us=74223 touch_us=1450 pacing_us=34198 wall_us=415966 max_tick_us=9010 touch_samples=482 touch_interval_max_us=1145 touch_read_max_us=426 touch_event_age_max_us=0 touch_errors=0 touch_overflows=0 pass=1
[13:55:26] TINYDRAW_GATE1_PACED_COLD corpus=overlap zoom=400 x=2791 y=3391 steps=555 tiles=56 compute_us=300116 present_us=72221 touch_us=1580 pacing_us=41049 wall_us=414966 max_tick_us=8256 touch_samples=487 touch_interval_max_us=1120 touch_read_max_us=415 touch_event_age_max_us=0 touch_errors=0 touch_overflows=0 pass=1
[13:55:26] TINYDRAW_ADVERSARIAL_TAPERED_WORKLOAD operations=128 samples=4096 erasers=12 load_us=463050 appended=1
[13:55:27] TINYDRAW_GATE1_PACED_COLD corpus=adversarial_tapered_4x zoom=50 x=0 y=0 steps=104 tiles=42 compute_us=101807 present_us=54004 touch_us=463 pacing_us=8696 wall_us=164970 max_tick_us=6941 touch_samples=742 touch_interval_max_us=1139 touch_read_max_us=409 touch_event_age_max_us=0 touch_errors=0 touch_overflows=0 pass=1
[13:55:27] TINYDRAW_GATE1_PACED_COLD corpus=adversarial_tapered_4x zoom=100 x=0 y=0 steps=348 tiles=42 compute_us=163210 present_us=51856 touch_us=1067 pacing_us=26822 wall_us=242955 max_tick_us=7348 touch_samples=314 touch_interval_max_us=1103 touch_read_max_us=387 touch_event_age_max_us=0 touch_errors=0 touch_overflows=0 pass=1
[13:55:27] TINYDRAW_GATE1_PACED_COLD corpus=adversarial_tapered_4x zoom=200 x=0 y=0 steps=1214 tiles=42 compute_us=455119 present_us=58016 touch_us=3317 pacing_us=86515 wall_us=602967 max_tick_us=7727 touch_samples=679 touch_interval_max_us=1149 touch_read_max_us=424 touch_event_age_max_us=0 touch_errors=0 touch_overflows=0 pass=1
[13:55:29] TINYDRAW_GATE1_PACED_COLD corpus=adversarial_tapered_4x zoom=400 x=0 y=0 steps=4018 tiles=42 compute_us=1108107 present_us=60697 touch_us=10094 pacing_us=269009 wall_us=1447907 max_tick_us=7787 touch_samples=1518 touch_interval_max_us=1155 touch_read_max_us=422 touch_event_age_max_us=0 touch_errors=0 touch_overflows=0 pass=1
[13:55:31] TINYDRAW_GATE1_WORKLOAD kind=realistic seed=7 operations=1000 samples=19844 maximum_stroke=198 load_us=2429342 raw_source=1 lod_copies=0
[13:55:32] TINYDRAW_GATE1_PACED_COLD corpus=seed7 zoom=400 x=63 y=63 steps=281 tiles=56 compute_us=244465 present_us=77936 touch_us=797 pacing_us=19771 wall_us=342969 max_tick_us=9787 touch_samples=2965 touch_interval_max_us=1845 touch_read_max_us=490 touch_event_age_max_us=0 touch_errors=0 touch_overflows=0 pass=1
[13:55:32] TINYDRAW_LIVE_PRESENT kind=gate_fallback zoom=100 x=0 y=0 compose_us=23359 scroll_us=0 exposed_compose_us=0 chrome_us=0 read_submit_us=25472 read_complete_us=26269 transfer_wait_us=19717 tile_pixels=0 uniform_pixels=0 overview_pixels=0 fallback_pixels=164864 resident_tiles=0 fallback_tiles=42 pushes=21 tear_wait_us=1262 tear_sync=1 frame_reused=0 pass=1
[13:55:34] TINYDRAW_GATE1_HARD zoom=100 cold=1 operations=1000 samples=19844 steps=275 tiles=42 scanned=12000 rendered=5232 max_supertask_us=9069 presentation_us=63615 total_us=363217 pass=1
[13:55:34] TINYDRAW_GATE1_PAN zoom=100 from_x=0 from_y=0 to_x=88 to_y=88 compose_us=27165 scroll_us=11383 exposed_compose_us=15782 chrome_us=0 event_submit_us=31059 event_complete_us=31860 transfer_us=19903 setup=1 present=1 moved=1 frame_reused=1 pass=1
[13:55:34] TINYDRAW_LIVE_PRESENT kind=gate_fallback zoom=400 x=0 y=0 compose_us=22665 scroll_us=0 exposed_compose_us=0 chrome_us=0 read_submit_us=36866 read_complete_us=37664 transfer_wait_us=19583 tile_pixels=0 uniform_pixels=0 overview_pixels=0 fallback_pixels=164864 resident_tiles=0 fallback_tiles=42 pushes=21 tear_wait_us=13365 tear_sync=1 frame_reused=0 pass=1
[13:55:34] TINYDRAW_GATE1_HARD zoom=400 cold=1 operations=1000 samples=19844 steps=211 tiles=42 scanned=12000 rendered=591 max_supertask_us=9784 presentation_us=61708 total_us=239987 pass=1
[13:55:34] TINYDRAW_GATE1_PAN zoom=400 from_x=0 from_y=0 to_x=88 to_y=88 compose_us=27097 scroll_us=11377 exposed_compose_us=15720 chrome_us=0 event_submit_us=30988 event_complete_us=31788 transfer_us=19975 setup=1 present=1 moved=1 frame_reused=1 pass=1
[13:55:34] TINYDRAW_GATE1_DRAW_FILL zoom=400 revision=2140 append_us=2924 poll_gap_us=82 event_submit_us=2332 event_complete_us=2499 max_compute_slice_us=3915 max_display_slice_us=9795 fill_us=236404 revision_restarted=1 pass=1
=== RUN 3 ===
[13:55:35] ESP-ROM:esp32s3-20210327
[13:55:35] Build:Mar 27 2021
[13:55:35] rst:0x15 (USB_UART_CHIP_RESET),boot:0x2b (SPI_FAST_FLASH_BOOT)
[13:55:35] Saved PC:0x420196cc
[13:55:35] SPIWP:0xee
[13:55:35] mode:DIO, clock div:1
[13:55:35] load:0x3fce2820,len:0x1664
[13:55:35] load:0x403c8700,len:0xf38
[13:55:35] load:0x403cb700,len:0x31e8
[13:55:35] entry 0x403c8930
[13:55:35] I (24) boot: ESP-IDF v6.0.2 2nd stage bootloader
[13:55:35] I (24) boot: compile time Aug 14 2026 13:53:22
[13:55:35] I (25) boot: Multicore bootloader
[13:55:35] I (25) boot: chip revision: v0.2
[13:55:35] I (28) boot: efuse block revision: v1.3
[13:55:35] I (31) qio_mode: Enabling default flash chip QIO
[13:55:35] I (36) boot.esp32s3: Boot SPI Speed : 80MHz
[13:55:35] I (39) boot.esp32s3: SPI Mode       : QIO
[13:55:35] I (43) boot.esp32s3: SPI Flash Size : 16MB
[13:55:35] I (47) boot: Enabling RNG early entropy source...
[13:55:35] I (51) boot: Partition Table:
[13:55:35] I (54) boot: ## Label            Usage          Type ST Offset   Length
[13:55:35] I (60) boot:  0 nvs              WiFi data        01 02 00009000 00006000
[13:55:35] I (67) boot:  1 phy_init         RF data          01 01 0000f000 00001000
[13:55:35] I (73) boot:  2 factory          factory app      00 00 00010000 00100000
[13:55:35] I (80) boot:  3 drawing          Unknown data     01 40 00110000 00300000
[13:55:35] I (86) boot:  4 export           Unknown data     01 41 00410000 00500000
[13:55:35] I (93) boot:  5 coredump         Unknown data     01 03 00910000 00010000
[13:55:35] I (100) boot: End of partition table
[13:55:35] I (103) esp_image: segment 0: paddr=00010020 vaddr=3c040020 size=0f864h ( 63588) map
[13:55:35] I (120) esp_image: segment 1: paddr=0001f88c vaddr=3fc93e00 size=0078ch (  1932) load
[13:55:35] I (121) esp_image: segment 2: paddr=00020020 vaddr=42000020 size=3075ch (198492) map
[13:55:35] I (156) esp_image: segment 3: paddr=00050784 vaddr=3fc9458c size=02e98h ( 11928) load
[13:55:35] I (159) esp_image: segment 4: paddr=00053624 vaddr=40374000 size=0fd1ch ( 64796) load
[13:55:35] I (173) esp_image: segment 5: paddr=00063348 vaddr=50000000 size=00024h (    36) load
[13:55:35] I (180) boot: Loaded app from partition at offset 0x10000
[13:55:35] I (180) boot: Disabling RNG early entropy source...
[13:55:35] I (191) octal_psram: vendor id    : 0x0d (AP)
[13:55:35] I (191) octal_psram: dev id       : 0x02 (generation 3)
[13:55:35] I (191) octal_psram: density      : 0x03 (64 Mbit)
[13:55:35] I (193) octal_psram: good-die     : 0x01 (Pass)
[13:55:35] I (197) octal_psram: Latency      : 0x01 (Fixed)
[13:55:35] I (201) octal_psram: VCC          : 0x01 (3V)
[13:55:35] I (206) octal_psram: SRF          : 0x01 (Fast Refresh)
[13:55:35] I (211) octal_psram: BurstType    : 0x01 (Hybrid Wrap)
[13:55:35] I (215) octal_psram: BurstLen     : 0x01 (32 Byte)
[13:55:35] I (220) octal_psram: Readlatency  : 0x02 (10 cycles@Fixed)
[13:55:35] I (225) octal_psram: DriveStrength: 0x00 (1/1)
[13:55:35] I (229) MSPI Timing: Enter psram timing tuning
[13:55:35] I (234) esp_psram: Found 8MB PSRAM device
[13:55:35] I (237) esp_psram: Speed: 80MHz
[13:55:35] I (240) cpu_start: Multicore app
[13:55:35] I (656) esp_psram: SPI SRAM memory test OK
[13:55:35] I (664) cpu_start: GPIO 44 and 43 are used as console UART I/O pins
[13:55:35] I (665) cpu_start: Pro cpu start user code
[13:55:35] I (665) cpu_start: cpu freq: 240000000 Hz
[13:55:35] I (667) app_init: Application information:
[13:55:35] I (670) app_init: Project name:     tinydraw_esp32
[13:55:35] I (675) app_init: App version:      26a05f5
[13:55:35] I (679) app_init: Compile time:     Aug 14 2026 13:53:16
[13:55:35] I (684) app_init: ELF file SHA256:  73355c8d3...
[13:55:35] I (688) app_init: ESP-IDF:          v6.0.2
[13:55:35] I (692) efuse_init: Min chip rev:     v0.0
[13:55:35] I (696) efuse_init: Max chip rev:     v0.99 
[13:55:35] I (700) efuse_init: Chip rev:         v0.2
[13:55:35] I (704) heap_init: Initializing. RAM available for dynamic allocation:
[13:55:35] I (710) heap_init: At 3FC97EF0 len 00051820 (326 KiB): RAM
[13:55:35] I (715) heap_init: At 3FCE9710 len 00005724 (21 KiB): RAM
[13:55:35] I (720) heap_init: At 3FCF0000 len 00008000 (32 KiB): DRAM
[13:55:35] I (725) heap_init: At 600FE000 len 00001FE8 (7 KiB): RTCRAM
[13:55:35] I (731) esp_psram: Adding pool of 8192K of PSRAM memory to heap allocator
[13:55:35] I (738) spi_flash: detected chip: generic
[13:55:35] I (741) spi_flash: flash io: qio
[13:55:35] I (744) sleep_gpio: Configure to isolate all GPIO pins in sleep state
[13:55:35] I (750) sleep_gpio: Enable automatic switching of GPIO sleep configuration
[13:55:35] I (757) main_task: Started on CPU0
[13:55:35] I (760) main_task: Calling app_main()
[13:55:35] TINYDRAW_PANEL_HARD_RESET=1
[13:55:35] I (957) co5300: version: 2.1.0
[13:55:35] I (958) co5300_spi: LCD panel create success, version: 2.1.0
[13:55:35] W (1038) co5300_spi: The 3Ah command has been used and will be overwritten by external initialization sequence
[13:55:35] I (1139) CST816S: IC id: 183
[13:55:36] TINYDRAW_LIVE_PRESENT kind=startup zoom=25 x=0 y=0 compose_us=35075 scroll_us=0 exposed_compose_us=0 chrome_us=0 read_submit_us=0 read_complete_us=0 transfer_wait_us=19676 tile_pixels=0 uniform_pixels=0 overview_pixels=164864 fallback_pixels=0 resident_tiles=0 fallback_tiles=0 pushes=21 tear_wait_us=10238 tear_sync=1 frame_reused=0 pass=1
[13:55:38] TINYDRAW_LIVE_STRESS operations=1000 samples=20000 total_us=2468520 average_us=2468 maximum_us=2586 free_psram=3042440 largest_psram=3014656
[13:55:38] TINYDRAW_LIVE_PRESENT kind=gate_fallback zoom=100 x=0 y=0 compose_us=23180 scroll_us=0 exposed_compose_us=0 chrome_us=0 read_submit_us=29981 read_complete_us=30776 transfer_wait_us=20118 tile_pixels=0 uniform_pixels=0 overview_pixels=0 fallback_pixels=164864 resident_tiles=0 fallback_tiles=42 pushes=21 tear_wait_us=5910 tear_sync=1 frame_reused=0 pass=1
[13:55:38] TINYDRAW_GATE1_HARD zoom=100 cold=1 operations=1000 samples=20000 steps=192 tiles=42 scanned=12000 rendered=1659 max_supertask_us=8818 presentation_us=63542 total_us=258701 pass=1
[13:55:38] TINYDRAW_LIVE_PRESENT kind=gate_fallback zoom=400 x=0 y=0 compose_us=22619 scroll_us=0 exposed_compose_us=0 chrome_us=0 read_submit_us=30880 read_complete_us=31676 transfer_wait_us=19810 tile_pixels=0 uniform_pixels=0 overview_pixels=0 fallback_pixels=164864 resident_tiles=0 fallback_tiles=42 pushes=21 tear_wait_us=7380 tear_sync=1 frame_reused=0 pass=1
[13:55:39] TINYDRAW_GATE1_HARD zoom=400 cold=1 operations=1000 samples=20000 steps=196 tiles=42 scanned=12000 rendered=120 max_supertask_us=8050 presentation_us=60545 total_us=190161 pass=1
[13:55:39] TINYDRAW_OVERLAP_WORKLOAD operations=8 samples=1200 radius_world=80
[13:55:40] TINYDRAW_GATE1_PACED_COLD corpus=overlap zoom=50 x=215 y=255 steps=535 tiles=56 compute_us=424137 present_us=75054 touch_us=1801 pacing_us=39343 wall_us=540335 max_tick_us=8941 touch_samples=4219 touch_interval_max_us=2032 touch_read_max_us=557 touch_event_age_max_us=0 touch_errors=0 touch_overflows=0 pass=1
[13:55:40] TINYDRAW_GATE1_PACED_COLD corpus=overlap zoom=100 x=583 y=703 steps=448 tiles=48 compute_us=299735 present_us=73797 touch_us=1371 pacing_us=29050 wall_us=403953 max_tick_us=8990 touch_samples=469 touch_interval_max_us=1788 touch_read_max_us=497 touch_event_age_max_us=0 touch_errors=0 touch_overflows=0 pass=1
[13:55:41] TINYDRAW_GATE1_PACED_COLD corpus=overlap zoom=200 x=1319 y=1599 steps=503 tiles=56 compute_us=306072 present_us=74291 touch_us=1497 pacing_us=34107 wall_us=415967 max_tick_us=9010 touch_samples=483 touch_interval_max_us=1126 touch_read_max_us=425 touch_event_age_max_us=0 touch_errors=0 touch_overflows=0 pass=1
[13:55:41] TINYDRAW_GATE1_PACED_COLD corpus=overlap zoom=400 x=2791 y=3391 steps=555 tiles=56 compute_us=300027 present_us=72192 touch_us=1564 pacing_us=41182 wall_us=414965 max_tick_us=8262 touch_samples=486 touch_interval_max_us=1156 touch_read_max_us=414 touch_event_age_max_us=0 touch_errors=0 touch_overflows=0 pass=1
[13:55:42] TINYDRAW_ADVERSARIAL_TAPERED_WORKLOAD operations=128 samples=4096 erasers=12 load_us=463324 appended=1
[13:55:42] TINYDRAW_GATE1_PACED_COLD corpus=adversarial_tapered_4x zoom=50 x=0 y=0 steps=104 tiles=42 compute_us=101414 present_us=54008 touch_us=460 pacing_us=8098 wall_us=163980 max_tick_us=6956 touch_samples=742 touch_interval_max_us=1119 touch_read_max_us=408 touch_event_age_max_us=0 touch_errors=0 touch_overflows=0 pass=1
[13:55:42] TINYDRAW_GATE1_PACED_COLD corpus=adversarial_tapered_4x zoom=100 x=0 y=0 steps=348 tiles=42 compute_us=163135 present_us=51846 touch_us=1056 pacing_us=26918 wall_us=242955 max_tick_us=7350 touch_samples=315 touch_interval_max_us=1099 touch_read_max_us=399 touch_event_age_max_us=0 touch_errors=0 touch_overflows=0 pass=1
[13:55:43] TINYDRAW_GATE1_PACED_COLD corpus=adversarial_tapered_4x zoom=200 x=0 y=0 steps=1214 tiles=42 compute_us=456747 present_us=58064 touch_us=3286 pacing_us=84871 wall_us=602968 max_tick_us=7734 touch_samples=679 touch_interval_max_us=1161 touch_read_max_us=429 touch_event_age_max_us=0 touch_errors=0 touch_overflows=0 pass=1
[13:55:44] TINYDRAW_GATE1_PACED_COLD corpus=adversarial_tapered_4x zoom=400 x=0 y=0 steps=4018 tiles=42 compute_us=1110694 present_us=60716 touch_us=10029 pacing_us=267452 wall_us=1448891 max_tick_us=7786 touch_samples=1519 touch_interval_max_us=1143 touch_read_max_us=403 touch_event_age_max_us=0 touch_errors=0 touch_overflows=0 pass=1
[13:55:47] TINYDRAW_GATE1_WORKLOAD kind=realistic seed=7 operations=1000 samples=19844 maximum_stroke=198 load_us=2432986 raw_source=1 lod_copies=0
[13:55:47] TINYDRAW_GATE1_PACED_COLD corpus=seed7 zoom=400 x=63 y=63 steps=281 tiles=56 compute_us=244359 present_us=77989 touch_us=818 pacing_us=19803 wall_us=342969 max_tick_us=9785 touch_samples=2963 touch_interval_max_us=1872 touch_read_max_us=473 touch_event_age_max_us=0 touch_errors=0 touch_overflows=0 pass=1
[13:55:47] TINYDRAW_LIVE_PRESENT kind=gate_fallback zoom=100 x=0 y=0 compose_us=23362 scroll_us=0 exposed_compose_us=0 chrome_us=0 read_submit_us=25108 read_complete_us=25906 transfer_wait_us=20081 tile_pixels=0 uniform_pixels=0 overview_pixels=0 fallback_pixels=164864 resident_tiles=0 fallback_tiles=42 pushes=21 tear_wait_us=875 tear_sync=1 frame_reused=0 pass=1
[13:55:49] TINYDRAW_GATE1_HARD zoom=100 cold=1 operations=1000 samples=19844 steps=275 tiles=42 scanned=12000 rendered=5232 max_supertask_us=9048 presentation_us=63333 total_us=363194 pass=1
[13:55:49] TINYDRAW_GATE1_PAN zoom=100 from_x=0 from_y=0 to_x=88 to_y=88 compose_us=27155 scroll_us=11372 exposed_compose_us=15783 chrome_us=0 event_submit_us=30821 event_complete_us=31623 transfer_us=20142 setup=1 present=1 moved=1 frame_reused=1 pass=1
[13:55:49] TINYDRAW_LIVE_PRESENT kind=gate_fallback zoom=400 x=0 y=0 compose_us=22684 scroll_us=0 exposed_compose_us=0 chrome_us=0 read_submit_us=36675 read_complete_us=37472 transfer_wait_us=19775 tile_pixels=0 uniform_pixels=0 overview_pixels=0 fallback_pixels=164864 resident_tiles=0 fallback_tiles=42 pushes=21 tear_wait_us=13098 tear_sync=1 frame_reused=0 pass=1
[13:55:49] TINYDRAW_GATE1_HARD zoom=400 cold=1 operations=1000 samples=19844 steps=211 tiles=42 scanned=12000 rendered=591 max_supertask_us=9781 presentation_us=61645 total_us=240156 pass=1
[13:55:49] TINYDRAW_GATE1_PAN zoom=400 from_x=0 from_y=0 to_x=88 to_y=88 compose_us=27118 scroll_us=11376 exposed_compose_us=15742 chrome_us=0 event_submit_us=30876 event_complete_us=31677 transfer_us=20089 setup=1 present=1 moved=1 frame_reused=1 pass=1
[13:55:49] TINYDRAW_GATE1_DRAW_FILL zoom=400 revision=2140 append_us=2922 poll_gap_us=82 event_submit_us=2323 event_complete_us=2490 max_compute_slice_us=3913 max_display_slice_us=9790 fill_us=236375 revision_restarted=1 pass=1
=== RUN 4 ===
[13:55:50] ESP-ROM:esp32s3-20210327
[13:55:50] Build:Mar 27 2021
[13:55:50] rst:0x15 (USB_UART_CHIP_RESET),boot:0x2b (SPI_FAST_FLASH_BOOT)
[13:55:50] Saved PC:0x4201867c
[13:55:50] SPIWP:0xee
[13:55:50] mode:DIO, clock div:1
[13:55:50] load:0x3fce2820,len:0x1664
[13:55:50] load:0x403c8700,len:0xf38
[13:55:50] load:0x403cb700,len:0x31e8
[13:55:50] entry 0x403c8930
[13:55:50] I (24) boot: ESP-IDF v6.0.2 2nd stage bootloader
[13:55:50] I (24) boot: compile time Aug 14 2026 13:53:22
[13:55:50] I (25) boot: Multicore bootloader
[13:55:50] I (25) boot: chip revision: v0.2
[13:55:50] I (28) boot: efuse block revision: v1.3
[13:55:50] I (31) qio_mode: Enabling default flash chip QIO
[13:55:50] I (36) boot.esp32s3: Boot SPI Speed : 80MHz
[13:55:50] I (39) boot.esp32s3: SPI Mode       : QIO
[13:55:50] I (43) boot.esp32s3: SPI Flash Size : 16MB
[13:55:50] I (47) boot: Enabling RNG early entropy source...
[13:55:50] I (51) boot: Partition Table:
[13:55:50] I (54) boot: ## Label            Usage          Type ST Offset   Length
[13:55:50] I (60) boot:  0 nvs              WiFi data        01 02 00009000 00006000
[13:55:50] I (67) boot:  1 phy_init         RF data          01 01 0000f000 00001000
[13:55:50] I (73) boot:  2 factory          factory app      00 00 00010000 00100000
[13:55:50] I (80) boot:  3 drawing          Unknown data     01 40 00110000 00300000
[13:55:50] I (86) boot:  4 export           Unknown data     01 41 00410000 00500000
[13:55:50] I (93) boot:  5 coredump         Unknown data     01 03 00910000 00010000
[13:55:50] I (100) boot: End of partition table
[13:55:50] I (103) esp_image: segment 0: paddr=00010020 vaddr=3c040020 size=0f864h ( 63588) map
[13:55:50] I (120) esp_image: segment 1: paddr=0001f88c vaddr=3fc93e00 size=0078ch (  1932) load
[13:55:50] I (121) esp_image: segment 2: paddr=00020020 vaddr=42000020 size=3075ch (198492) map
[13:55:50] I (156) esp_image: segment 3: paddr=00050784 vaddr=3fc9458c size=02e98h ( 11928) load
[13:55:50] I (159) esp_image: segment 4: paddr=00053624 vaddr=40374000 size=0fd1ch ( 64796) load
[13:55:50] I (173) esp_image: segment 5: paddr=00063348 vaddr=50000000 size=00024h (    36) load
[13:55:50] I (180) boot: Loaded app from partition at offset 0x10000
[13:55:50] I (180) boot: Disabling RNG early entropy source...
[13:55:50] I (191) octal_psram: vendor id    : 0x0d (AP)
[13:55:50] I (191) octal_psram: dev id       : 0x02 (generation 3)
[13:55:50] I (191) octal_psram: density      : 0x03 (64 Mbit)
[13:55:50] I (193) octal_psram: good-die     : 0x01 (Pass)
[13:55:50] I (197) octal_psram: Latency      : 0x01 (Fixed)
[13:55:50] I (201) octal_psram: VCC          : 0x01 (3V)
[13:55:50] I (206) octal_psram: SRF          : 0x01 (Fast Refresh)
[13:55:50] I (211) octal_psram: BurstType    : 0x01 (Hybrid Wrap)
[13:55:50] I (215) octal_psram: BurstLen     : 0x01 (32 Byte)
[13:55:50] I (220) octal_psram: Readlatency  : 0x02 (10 cycles@Fixed)
[13:55:50] I (225) octal_psram: DriveStrength: 0x00 (1/1)
[13:55:50] I (229) MSPI Timing: Enter psram timing tuning
[13:55:50] I (234) esp_psram: Found 8MB PSRAM device
[13:55:50] I (237) esp_psram: Speed: 80MHz
[13:55:50] I (240) cpu_start: Multicore app
[13:55:50] I (656) esp_psram: SPI SRAM memory test OK
[13:55:50] I (664) cpu_start: GPIO 44 and 43 are used as console UART I/O pins
[13:55:50] I (665) cpu_start: Pro cpu start user code
[13:55:50] I (665) cpu_start: cpu freq: 240000000 Hz
[13:55:50] I (667) app_init: Application information:
[13:55:50] I (670) app_init: Project name:     tinydraw_esp32
[13:55:50] I (675) app_init: App version:      26a05f5
[13:55:50] I (679) app_init: Compile time:     Aug 14 2026 13:53:16
[13:55:50] I (684) app_init: ELF file SHA256:  73355c8d3...
[13:55:50] I (688) app_init: ESP-IDF:          v6.0.2
[13:55:50] I (692) efuse_init: Min chip rev:     v0.0
[13:55:50] I (696) efuse_init: Max chip rev:     v0.99 
[13:55:50] I (700) efuse_init: Chip rev:         v0.2
[13:55:50] I (704) heap_init: Initializing. RAM available for dynamic allocation:
[13:55:50] I (710) heap_init: At 3FC97EF0 len 00051820 (326 KiB): RAM
[13:55:50] I (715) heap_init: At 3FCE9710 len 00005724 (21 KiB): RAM
[13:55:50] I (720) heap_init: At 3FCF0000 len 00008000 (32 KiB): DRAM
[13:55:50] I (725) heap_init: At 600FE000 len 00001FE8 (7 KiB): RTCRAM
[13:55:50] I (731) esp_psram: Adding pool of 8192K of PSRAM memory to heap allocator
[13:55:50] I (738) spi_flash: detected chip: generic
[13:55:50] I (741) spi_flash: flash io: qio
[13:55:50] I (744) sleep_gpio: Configure to isolate all GPIO pins in sleep state
[13:55:50] I (750) sleep_gpio: Enable automatic switching of GPIO sleep configuration
[13:55:50] I (757) main_task: Started on CPU0
[13:55:50] I (760) main_task: Calling app_main()
[13:55:50] TINYDRAW_PANEL_HARD_RESET=1
[13:55:50] I (957) co5300: version: 2.1.0
[13:55:50] I (958) co5300_spi: LCD panel create success, version: 2.1.0
[13:55:51] W (1038) co5300_spi: The 3Ah command has been used and will be overwritten by external initialization sequence
[13:55:51] I (1139) CST816S: IC id: 183
[13:55:51] TINYDRAW_LIVE_PRESENT kind=startup zoom=25 x=0 y=0 compose_us=35071 scroll_us=0 exposed_compose_us=0 chrome_us=0 read_submit_us=0 read_complete_us=0 transfer_wait_us=19630 tile_pixels=0 uniform_pixels=0 overview_pixels=164864 fallback_pixels=0 resident_tiles=0 fallback_tiles=0 pushes=21 tear_wait_us=10286 tear_sync=1 frame_reused=0 pass=1
[13:55:53] TINYDRAW_LIVE_STRESS operations=1000 samples=20000 total_us=2474001 average_us=2474 maximum_us=2589 free_psram=3042440 largest_psram=3014656
[13:55:53] TINYDRAW_LIVE_PRESENT kind=gate_fallback zoom=100 x=0 y=0 compose_us=23181 scroll_us=0 exposed_compose_us=0 chrome_us=0 read_submit_us=25259 read_complete_us=26050 transfer_wait_us=19372 tile_pixels=0 uniform_pixels=0 overview_pixels=0 fallback_pixels=164864 resident_tiles=0 fallback_tiles=42 pushes=21 tear_wait_us=1233 tear_sync=1 frame_reused=0 pass=1
[13:55:54] TINYDRAW_GATE1_HARD zoom=100 cold=1 operations=1000 samples=20000 steps=192 tiles=42 scanned=12000 rendered=1659 max_supertask_us=8831 presentation_us=64508 total_us=259803 pass=1
[13:55:54] TINYDRAW_LIVE_PRESENT kind=gate_fallback zoom=400 x=0 y=0 compose_us=22624 scroll_us=0 exposed_compose_us=0 chrome_us=0 read_submit_us=30524 read_complete_us=31318 transfer_wait_us=20074 tile_pixels=0 uniform_pixels=0 overview_pixels=0 fallback_pixels=164864 resident_tiles=0 fallback_tiles=42 pushes=21 tear_wait_us=7024 tear_sync=1 frame_reused=0 pass=1
[13:55:54] TINYDRAW_GATE1_HARD zoom=400 cold=1 operations=1000 samples=20000 steps=196 tiles=42 scanned=12000 rendered=120 max_supertask_us=8090 presentation_us=60671 total_us=190164 pass=1
[13:55:54] TINYDRAW_OVERLAP_WORKLOAD operations=8 samples=1200 radius_world=80
[13:55:55] TINYDRAW_GATE1_PACED_COLD corpus=overlap zoom=50 x=215 y=255 steps=535 tiles=56 compute_us=424315 present_us=76136 touch_us=1777 pacing_us=39102 wall_us=541330 max_tick_us=8955 touch_samples=4219 touch_interval_max_us=1991 touch_read_max_us=557 touch_event_age_max_us=0 touch_errors=0 touch_overflows=0 pass=1
[13:55:55] TINYDRAW_GATE1_PACED_COLD corpus=overlap zoom=100 x=583 y=703 steps=448 tiles=48 compute_us=300074 present_us=74727 touch_us=1391 pacing_us=28762 wall_us=404954 max_tick_us=9120 touch_samples=469 touch_interval_max_us=1800 touch_read_max_us=489 touch_event_age_max_us=0 touch_errors=0 touch_overflows=0 pass=1
[13:55:56] TINYDRAW_GATE1_PACED_COLD corpus=overlap zoom=200 x=1319 y=1599 steps=503 tiles=56 compute_us=305861 present_us=74218 touch_us=1512 pacing_us=34376 wall_us=415967 max_tick_us=9011 touch_samples=482 touch_interval_max_us=1133 touch_read_max_us=425 touch_event_age_max_us=0 touch_errors=0 touch_overflows=0 pass=1
[13:55:56] TINYDRAW_GATE1_PACED_COLD corpus=overlap zoom=400 x=2791 y=3391 steps=555 tiles=56 compute_us=300150 present_us=72207 touch_us=1549 pacing_us=42061 wall_us=415967 max_tick_us=8274 touch_samples=487 touch_interval_max_us=1125 touch_read_max_us=423 touch_event_age_max_us=0 touch_errors=0 touch_overflows=0 pass=1
[13:55:57] TINYDRAW_ADVERSARIAL_TAPERED_WORKLOAD operations=128 samples=4096 erasers=12 load_us=462425 appended=1
[13:55:57] TINYDRAW_GATE1_PACED_COLD corpus=adversarial_tapered_4x zoom=50 x=0 y=0 steps=104 tiles=42 compute_us=101357 present_us=54006 touch_us=483 pacing_us=8122 wall_us=163968 max_tick_us=6945 touch_samples=740 touch_interval_max_us=1123 touch_read_max_us=412 touch_event_age_max_us=0 touch_errors=0 touch_overflows=0 pass=1
[13:55:57] TINYDRAW_GATE1_PACED_COLD corpus=adversarial_tapered_4x zoom=100 x=0 y=0 steps=348 tiles=42 compute_us=163693 present_us=51837 touch_us=1045 pacing_us=26380 wall_us=242955 max_tick_us=7335 touch_samples=314 touch_interval_max_us=1139 touch_read_max_us=419 touch_event_age_max_us=0 touch_errors=0 touch_overflows=0 pass=1
[13:55:58] TINYDRAW_GATE1_PACED_COLD corpus=adversarial_tapered_4x zoom=200 x=0 y=0 steps=1214 tiles=42 compute_us=457047 present_us=58017 touch_us=3231 pacing_us=84673 wall_us=602968 max_tick_us=7717 touch_samples=680 touch_interval_max_us=1138 touch_read_max_us=417 touch_event_age_max_us=0 touch_errors=0 touch_overflows=0 pass=1
[13:56:00] TINYDRAW_GATE1_PACED_COLD corpus=adversarial_tapered_4x zoom=400 x=0 y=0 steps=4018 tiles=42 compute_us=1110789 present_us=60649 touch_us=9793 pacing_us=267656 wall_us=1448887 max_tick_us=7750 touch_samples=1518 touch_interval_max_us=1162 touch_read_max_us=428 touch_event_age_max_us=0 touch_errors=0 touch_overflows=0 pass=1
[13:56:02] TINYDRAW_GATE1_WORKLOAD kind=realistic seed=7 operations=1000 samples=19844 maximum_stroke=198 load_us=2425257 raw_source=1 lod_copies=0
[13:56:03] TINYDRAW_GATE1_PACED_COLD corpus=seed7 zoom=400 x=63 y=63 steps=281 tiles=56 compute_us=244402 present_us=77935 touch_us=794 pacing_us=19837 wall_us=342968 max_tick_us=9788 touch_samples=2960 touch_interval_max_us=1838 touch_read_max_us=492 touch_event_age_max_us=0 touch_errors=0 touch_overflows=0 pass=1
[13:56:03] TINYDRAW_LIVE_PRESENT kind=gate_fallback zoom=100 x=0 y=0 compose_us=23358 scroll_us=0 exposed_compose_us=0 chrome_us=0 read_submit_us=25188 read_complete_us=25980 transfer_wait_us=20001 tile_pixels=0 uniform_pixels=0 overview_pixels=0 fallback_pixels=164864 resident_tiles=0 fallback_tiles=42 pushes=21 tear_wait_us=948 tear_sync=1 frame_reused=0 pass=1
[13:56:05] TINYDRAW_GATE1_HARD zoom=100 cold=1 operations=1000 samples=19844 steps=275 tiles=42 scanned=12000 rendered=5232 max_supertask_us=9073 presentation_us=63889 total_us=363193 pass=1
[13:56:05] TINYDRAW_GATE1_PAN zoom=100 from_x=0 from_y=0 to_x=88 to_y=88 compose_us=27144 scroll_us=11394 exposed_compose_us=15750 chrome_us=0 event_submit_us=30921 event_complete_us=31722 transfer_us=20040 setup=1 present=1 moved=1 frame_reused=1 pass=1
[13:56:05] TINYDRAW_LIVE_PRESENT kind=gate_fallback zoom=400 x=0 y=0 compose_us=22688 scroll_us=0 exposed_compose_us=0 chrome_us=0 read_submit_us=36685 read_complete_us=37481 transfer_wait_us=19764 tile_pixels=0 uniform_pixels=0 overview_pixels=0 fallback_pixels=164864 resident_tiles=0 fallback_tiles=42 pushes=21 tear_wait_us=13092 tear_sync=1 frame_reused=0 pass=1
[13:56:05] TINYDRAW_GATE1_HARD zoom=400 cold=1 operations=1000 samples=19844 steps=211 tiles=42 scanned=12000 rendered=591 max_supertask_us=9786 presentation_us=61716 total_us=239980 pass=1
[13:56:05] TINYDRAW_GATE1_PAN zoom=400 from_x=0 from_y=0 to_x=88 to_y=88 compose_us=27100 scroll_us=11372 exposed_compose_us=15728 chrome_us=0 event_submit_us=30135 event_complete_us=30936 transfer_us=19830 setup=1 present=1 moved=1 frame_reused=1 pass=1
[13:56:05] TINYDRAW_GATE1_DRAW_FILL zoom=400 revision=2140 append_us=2927 poll_gap_us=82 event_submit_us=2316 event_complete_us=2483 max_compute_slice_us=3913 max_display_slice_us=9802 fill_us=236414 revision_restarted=1 pass=1
=== RUN 5 ===
[13:56:05] ESP-ROM:esp32s3-20210327
[13:56:05] Build:Mar 27 2021
[13:56:05] rst:0x15 (USB_UART_CHIP_RESET),boot:0x2b (SPI_FAST_FLASH_BOOT)
[13:56:05] Saved PC:0x420183e6
[13:56:05] SPIWP:0xee
[13:56:05] mode:DIO, clock div:1
[13:56:05] load:0x3fce2820,len:0x1664
[13:56:05] load:0x403c8700,len:0xf38
[13:56:05] load:0x403cb700,len:0x31e8
[13:56:05] entry 0x403c8930
[13:56:05] I (24) boot: ESP-IDF v6.0.2 2nd stage bootloader
[13:56:05] I (24) boot: compile time Aug 14 2026 13:53:22
[13:56:05] I (25) boot: Multicore bootloader
[13:56:05] I (25) boot: chip revision: v0.2
[13:56:05] I (28) boot: efuse block revision: v1.3
[13:56:05] I (31) qio_mode: Enabling default flash chip QIO
[13:56:05] I (36) boot.esp32s3: Boot SPI Speed : 80MHz
[13:56:05] I (39) boot.esp32s3: SPI Mode       : QIO
[13:56:05] I (43) boot.esp32s3: SPI Flash Size : 16MB
[13:56:05] I (47) boot: Enabling RNG early entropy source...
[13:56:05] I (51) boot: Partition Table:
[13:56:05] I (54) boot: ## Label            Usage          Type ST Offset   Length
[13:56:05] I (60) boot:  0 nvs              WiFi data        01 02 00009000 00006000
[13:56:05] I (67) boot:  1 phy_init         RF data          01 01 0000f000 00001000
[13:56:05] I (73) boot:  2 factory          factory app      00 00 00010000 00100000
[13:56:05] I (80) boot:  3 drawing          Unknown data     01 40 00110000 00300000
[13:56:05] I (86) boot:  4 export           Unknown data     01 41 00410000 00500000
[13:56:05] I (93) boot:  5 coredump         Unknown data     01 03 00910000 00010000
[13:56:05] I (100) boot: End of partition table
[13:56:05] I (103) esp_image: segment 0: paddr=00010020 vaddr=3c040020 size=0f864h ( 63588) map
[13:56:05] I (120) esp_image: segment 1: paddr=0001f88c vaddr=3fc93e00 size=0078ch (  1932) load
[13:56:05] I (121) esp_image: segment 2: paddr=00020020 vaddr=42000020 size=3075ch (198492) map
[13:56:05] I (156) esp_image: segment 3: paddr=00050784 vaddr=3fc9458c size=02e98h ( 11928) load
[13:56:05] I (159) esp_image: segment 4: paddr=00053624 vaddr=40374000 size=0fd1ch ( 64796) load
[13:56:05] I (173) esp_image: segment 5: paddr=00063348 vaddr=50000000 size=00024h (    36) load
[13:56:05] I (180) boot: Loaded app from partition at offset 0x10000
[13:56:05] I (180) boot: Disabling RNG early entropy source...
[13:56:05] I (191) octal_psram: vendor id    : 0x0d (AP)
[13:56:05] I (191) octal_psram: dev id       : 0x02 (generation 3)
[13:56:05] I (191) octal_psram: density      : 0x03 (64 Mbit)
[13:56:05] I (193) octal_psram: good-die     : 0x01 (Pass)
[13:56:05] I (197) octal_psram: Latency      : 0x01 (Fixed)
[13:56:05] I (201) octal_psram: VCC          : 0x01 (3V)
[13:56:05] I (206) octal_psram: SRF          : 0x01 (Fast Refresh)
[13:56:05] I (211) octal_psram: BurstType    : 0x01 (Hybrid Wrap)
[13:56:05] I (215) octal_psram: BurstLen     : 0x01 (32 Byte)
[13:56:05] I (220) octal_psram: Readlatency  : 0x02 (10 cycles@Fixed)
[13:56:05] I (225) octal_psram: DriveStrength: 0x00 (1/1)
[13:56:05] I (229) MSPI Timing: Enter psram timing tuning
[13:56:05] I (234) esp_psram: Found 8MB PSRAM device
[13:56:05] I (237) esp_psram: Speed: 80MHz
[13:56:05] I (240) cpu_start: Multicore app
[13:56:05] I (656) esp_psram: SPI SRAM memory test OK
[13:56:05] I (664) cpu_start: GPIO 44 and 43 are used as console UART I/O pins
[13:56:05] I (665) cpu_start: Pro cpu start user code
[13:56:05] I (665) cpu_start: cpu freq: 240000000 Hz
[13:56:05] I (667) app_init: Application information:
[13:56:05] I (670) app_init: Project name:     tinydraw_esp32
[13:56:05] I (675) app_init: App version:      26a05f5
[13:56:05] I (679) app_init: Compile time:     Aug 14 2026 13:53:16
[13:56:05] I (684) app_init: ELF file SHA256:  73355c8d3...
[13:56:05] I (688) app_init: ESP-IDF:          v6.0.2
[13:56:05] I (692) efuse_init: Min chip rev:     v0.0
[13:56:05] I (696) efuse_init: Max chip rev:     v0.99 
[13:56:05] I (700) efuse_init: Chip rev:         v0.2
[13:56:06] I (704) heap_init: Initializing. RAM available for dynamic allocation:
[13:56:06] I (710) heap_init: At 3FC97EF0 len 00051820 (326 KiB): RAM
[13:56:06] I (715) heap_init: At 3FCE9710 len 00005724 (21 KiB): RAM
[13:56:06] I (720) heap_init: At 3FCF0000 len 00008000 (32 KiB): DRAM
[13:56:06] I (725) heap_init: At 600FE000 len 00001FE8 (7 KiB): RTCRAM
[13:56:06] I (731) esp_psram: Adding pool of 8192K of PSRAM memory to heap allocator
[13:56:06] I (738) spi_flash: detected chip: generic
[13:56:06] I (741) spi_flash: flash io: qio
[13:56:06] I (744) sleep_gpio: Configure to isolate all GPIO pins in sleep state
[13:56:06] I (750) sleep_gpio: Enable automatic switching of GPIO sleep configuration
[13:56:06] I (757) main_task: Started on CPU0
[13:56:06] I (760) main_task: Calling app_main()
[13:56:06] TINYDRAW_PANEL_HARD_RESET=1
[13:56:06] I (957) co5300: version: 2.1.0
[13:56:06] I (958) co5300_spi: LCD panel create success, version: 2.1.0
[13:56:06] W (1038) co5300_spi: The 3Ah command has been used and will be overwritten by external initialization sequence
[13:56:06] I (1139) CST816S: IC id: 183
[13:56:06] TINYDRAW_LIVE_PRESENT kind=startup zoom=25 x=0 y=0 compose_us=35074 scroll_us=0 exposed_compose_us=0 chrome_us=0 read_submit_us=0 read_complete_us=0 transfer_wait_us=19742 tile_pixels=0 uniform_pixels=0 overview_pixels=164864 fallback_pixels=0 resident_tiles=0 fallback_tiles=0 pushes=21 tear_wait_us=10146 tear_sync=1 frame_reused=0 pass=1
[13:56:08] TINYDRAW_LIVE_STRESS operations=1000 samples=20000 total_us=2472429 average_us=2472 maximum_us=2593 free_psram=3042440 largest_psram=3014656
[13:56:09] TINYDRAW_LIVE_PRESENT kind=gate_fallback zoom=100 x=0 y=0 compose_us=23195 scroll_us=0 exposed_compose_us=0 chrome_us=0 read_submit_us=24566 read_complete_us=25362 transfer_wait_us=19617 tile_pixels=0 uniform_pixels=0 overview_pixels=0 fallback_pixels=164864 resident_tiles=0 fallback_tiles=42 pushes=21 tear_wait_us=463 tear_sync=1 frame_reused=0 pass=1
[13:56:09] TINYDRAW_GATE1_HARD zoom=100 cold=1 operations=1000 samples=20000 steps=192 tiles=42 scanned=12000 rendered=1659 max_supertask_us=8798 presentation_us=63800 total_us=258857 pass=1
[13:56:09] TINYDRAW_LIVE_PRESENT kind=gate_fallback zoom=400 x=0 y=0 compose_us=22641 scroll_us=0 exposed_compose_us=0 chrome_us=0 read_submit_us=30977 read_complete_us=31773 transfer_wait_us=19622 tile_pixels=0 uniform_pixels=0 overview_pixels=0 fallback_pixels=164864 resident_tiles=0 fallback_tiles=42 pushes=21 tear_wait_us=7499 tear_sync=1 frame_reused=0 pass=1
[13:56:09] TINYDRAW_GATE1_HARD zoom=400 cold=1 operations=1000 samples=20000 steps=196 tiles=42 scanned=12000 rendered=120 max_supertask_us=8070 presentation_us=60538 total_us=190148 pass=1
[13:56:10] TINYDRAW_OVERLAP_WORKLOAD operations=8 samples=1200 radius_world=80
[13:56:10] TINYDRAW_GATE1_PACED_COLD corpus=overlap zoom=50 x=215 y=255 steps=535 tiles=56 compute_us=424262 present_us=76060 touch_us=1777 pacing_us=39222 wall_us=541321 max_tick_us=8947 touch_samples=4217 touch_interval_max_us=2005 touch_read_max_us=557 touch_event_age_max_us=0 touch_errors=0 touch_overflows=0 pass=1
[13:56:11] TINYDRAW_GATE1_PACED_COLD corpus=overlap zoom=100 x=583 y=703 steps=448 tiles=48 compute_us=299946 present_us=73761 touch_us=1374 pacing_us=29873 wall_us=404954 max_tick_us=8988 touch_samples=467 touch_interval_max_us=1785 touch_read_max_us=496 touch_event_age_max_us=0 touch_errors=0 touch_overflows=0 pass=1
[13:56:11] TINYDRAW_GATE1_PACED_COLD corpus=overlap zoom=200 x=1319 y=1599 steps=503 tiles=56 compute_us=306176 present_us=74252 touch_us=1461 pacing_us=34086 wall_us=415975 max_tick_us=9010 touch_samples=482 touch_interval_max_us=1141 touch_read_max_us=416 touch_event_age_max_us=0 touch_errors=0 touch_overflows=0 pass=1
[13:56:12] TINYDRAW_GATE1_PACED_COLD corpus=overlap zoom=400 x=2791 y=3391 steps=555 tiles=56 compute_us=299936 present_us=72310 touch_us=1552 pacing_us=41168 wall_us=414966 max_tick_us=8269 touch_samples=487 touch_interval_max_us=1123 touch_read_max_us=415 touch_event_age_max_us=0 touch_errors=0 touch_overflows=0 pass=1
[13:56:12] TINYDRAW_ADVERSARIAL_TAPERED_WORKLOAD operations=128 samples=4096 erasers=12 load_us=463756 appended=1
[13:56:13] TINYDRAW_GATE1_PACED_COLD corpus=adversarial_tapered_4x zoom=50 x=0 y=0 steps=104 tiles=42 compute_us=101928 present_us=53969 touch_us=462 pacing_us=8611 wall_us=164970 max_tick_us=6938 touch_samples=741 touch_interval_max_us=1134 touch_read_max_us=411 touch_event_age_max_us=0 touch_errors=0 touch_overflows=0 pass=1
[13:56:13] TINYDRAW_GATE1_PACED_COLD corpus=adversarial_tapered_4x zoom=100 x=0 y=0 steps=348 tiles=42 compute_us=163696 present_us=51861 touch_us=1076 pacing_us=26322 wall_us=242955 max_tick_us=7338 touch_samples=314 touch_interval_max_us=1104 touch_read_max_us=384 touch_event_age_max_us=0 touch_errors=0 touch_overflows=0 pass=1
[13:56:13] TINYDRAW_GATE1_PACED_COLD corpus=adversarial_tapered_4x zoom=200 x=0 y=0 steps=1214 tiles=42 compute_us=456506 present_us=58005 touch_us=3267 pacing_us=85190 wall_us=602968 max_tick_us=7731 touch_samples=679 touch_interval_max_us=1156 touch_read_max_us=427 touch_event_age_max_us=0 touch_errors=0 touch_overflows=0 pass=1
[13:56:15] TINYDRAW_GATE1_PACED_COLD corpus=adversarial_tapered_4x zoom=400 x=0 y=0 steps=4018 tiles=42 compute_us=1112028 present_us=60662 touch_us=9933 pacing_us=269282 wall_us=1451905 max_tick_us=7756 touch_samples=1522 touch_interval_max_us=1137 touch_read_max_us=404 touch_event_age_max_us=0 touch_errors=0 touch_overflows=0 pass=1
[13:56:18] TINYDRAW_GATE1_WORKLOAD kind=realistic seed=7 operations=1000 samples=19844 maximum_stroke=198 load_us=2424754 raw_source=1 lod_copies=0
[13:56:18] TINYDRAW_GATE1_PACED_COLD corpus=seed7 zoom=400 x=63 y=63 steps=281 tiles=56 compute_us=244382 present_us=78025 touch_us=796 pacing_us=19765 wall_us=342968 max_tick_us=9782 touch_samples=2958 touch_interval_max_us=1821 touch_read_max_us=500 touch_event_age_max_us=0 touch_errors=0 touch_overflows=0 pass=1
[13:56:18] TINYDRAW_LIVE_PRESENT kind=gate_fallback zoom=100 x=0 y=0 compose_us=23360 scroll_us=0 exposed_compose_us=0 chrome_us=0 read_submit_us=25398 read_complete_us=26195 transfer_wait_us=19791 tile_pixels=0 uniform_pixels=0 overview_pixels=0 fallback_pixels=164864 resident_tiles=0 fallback_tiles=42 pushes=21 tear_wait_us=1152 tear_sync=1 frame_reused=0 pass=1
[13:56:20] TINYDRAW_GATE1_HARD zoom=100 cold=1 operations=1000 samples=19844 steps=275 tiles=42 scanned=12000 rendered=5232 max_supertask_us=9072 presentation_us=63518 total_us=363146 pass=1
[13:56:20] TINYDRAW_GATE1_PAN zoom=100 from_x=0 from_y=0 to_x=88 to_y=88 compose_us=27146 scroll_us=11372 exposed_compose_us=15774 chrome_us=0 event_submit_us=30859 event_complete_us=31660 transfer_us=20103 setup=1 present=1 moved=1 frame_reused=1 pass=1
[13:56:20] TINYDRAW_LIVE_PRESENT kind=gate_fallback zoom=400 x=0 y=0 compose_us=22668 scroll_us=0 exposed_compose_us=0 chrome_us=0 read_submit_us=36684 read_complete_us=37482 transfer_wait_us=19764 tile_pixels=0 uniform_pixels=0 overview_pixels=0 fallback_pixels=164864 resident_tiles=0 fallback_tiles=42 pushes=21 tear_wait_us=13130 tear_sync=1 frame_reused=0 pass=1
[13:56:20] TINYDRAW_GATE1_HARD zoom=400 cold=1 operations=1000 samples=19844 steps=211 tiles=42 scanned=12000 rendered=591 max_supertask_us=9797 presentation_us=61677 total_us=240097 pass=1
[13:56:20] TINYDRAW_GATE1_PAN zoom=400 from_x=0 from_y=0 to_x=88 to_y=88 compose_us=27082 scroll_us=11360 exposed_compose_us=15722 chrome_us=0 event_submit_us=30459 event_complete_us=31260 transfer_us=19507 setup=1 present=1 moved=1 frame_reused=1 pass=1
[13:56:20] TINYDRAW_GATE1_DRAW_FILL zoom=400 revision=2140 append_us=2928 poll_gap_us=93 event_submit_us=2318 event_complete_us=2485 max_compute_slice_us=3915 max_display_slice_us=9779 fill_us=236400 revision_restarted=1 pass=1
=== RUN 6 ===
[13:56:20] ESP-ROM:esp32s3-20210327
[13:56:20] Build:Mar 27 2021
[13:56:20] rst:0x15 (USB_UART_CHIP_RESET),boot:0x2b (SPI_FAST_FLASH_BOOT)
[13:56:20] Saved PC:0x420277b4
[13:56:20] SPIWP:0xee
[13:56:20] mode:DIO, clock div:1
[13:56:20] load:0x3fce2820,len:0x1664
[13:56:20] load:0x403c8700,len:0xf38
[13:56:20] load:0x403cb700,len:0x31e8
[13:56:20] entry 0x403c8930
[13:56:20] I (24) boot: ESP-IDF v6.0.2 2nd stage bootloader
[13:56:20] I (24) boot: compile time Aug 14 2026 13:53:22
[13:56:20] I (25) boot: Multicore bootloader
[13:56:20] I (25) boot: chip revision: v0.2
[13:56:20] I (28) boot: efuse block revision: v1.3
[13:56:20] I (31) qio_mode: Enabling default flash chip QIO
[13:56:20] I (36) boot.esp32s3: Boot SPI Speed : 80MHz
[13:56:20] I (39) boot.esp32s3: SPI Mode       : QIO
[13:56:20] I (43) boot.esp32s3: SPI Flash Size : 16MB
[13:56:20] I (47) boot: Enabling RNG early entropy source...
[13:56:20] I (51) boot: Partition Table:
[13:56:20] I (54) boot: ## Label            Usage          Type ST Offset   Length
[13:56:20] I (60) boot:  0 nvs              WiFi data        01 02 00009000 00006000
[13:56:20] I (67) boot:  1 phy_init         RF data          01 01 0000f000 00001000
[13:56:20] I (73) boot:  2 factory          factory app      00 00 00010000 00100000
[13:56:20] I (80) boot:  3 drawing          Unknown data     01 40 00110000 00300000
[13:56:20] I (86) boot:  4 export           Unknown data     01 41 00410000 00500000
[13:56:20] I (93) boot:  5 coredump         Unknown data     01 03 00910000 00010000
[13:56:20] I (100) boot: End of partition table
[13:56:20] I (103) esp_image: segment 0: paddr=00010020 vaddr=3c040020 size=0f864h ( 63588) map
[13:56:20] I (120) esp_image: segment 1: paddr=0001f88c vaddr=3fc93e00 size=0078ch (  1932) load
[13:56:20] I (121) esp_image: segment 2: paddr=00020020 vaddr=42000020 size=3075ch (198492) map
[13:56:20] I (156) esp_image: segment 3: paddr=00050784 vaddr=3fc9458c size=02e98h ( 11928) load
[13:56:20] I (159) esp_image: segment 4: paddr=00053624 vaddr=40374000 size=0fd1ch ( 64796) load
[13:56:20] I (173) esp_image: segment 5: paddr=00063348 vaddr=50000000 size=00024h (    36) load
[13:56:20] I (180) boot: Loaded app from partition at offset 0x10000
[13:56:20] I (180) boot: Disabling RNG early entropy source...
[13:56:20] I (191) octal_psram: vendor id    : 0x0d (AP)
[13:56:20] I (191) octal_psram: dev id       : 0x02 (generation 3)
[13:56:20] I (191) octal_psram: density      : 0x03 (64 Mbit)
[13:56:20] I (193) octal_psram: good-die     : 0x01 (Pass)
[13:56:20] I (197) octal_psram: Latency      : 0x01 (Fixed)
[13:56:20] I (201) octal_psram: VCC          : 0x01 (3V)
[13:56:20] I (206) octal_psram: SRF          : 0x01 (Fast Refresh)
[13:56:20] I (211) octal_psram: BurstType    : 0x01 (Hybrid Wrap)
[13:56:20] I (215) octal_psram: BurstLen     : 0x01 (32 Byte)
[13:56:20] I (220) octal_psram: Readlatency  : 0x02 (10 cycles@Fixed)
[13:56:20] I (225) octal_psram: DriveStrength: 0x00 (1/1)
[13:56:20] I (229) MSPI Timing: Enter psram timing tuning
[13:56:20] I (234) esp_psram: Found 8MB PSRAM device
[13:56:20] I (237) esp_psram: Speed: 80MHz
[13:56:20] I (240) cpu_start: Multicore app
[13:56:21] I (656) esp_psram: SPI SRAM memory test OK
[13:56:21] I (664) cpu_start: GPIO 44 and 43 are used as console UART I/O pins
[13:56:21] I (665) cpu_start: Pro cpu start user code
[13:56:21] I (665) cpu_start: cpu freq: 240000000 Hz
[13:56:21] I (667) app_init: Application information:
[13:56:21] I (670) app_init: Project name:     tinydraw_esp32
[13:56:21] I (675) app_init: App version:      26a05f5
[13:56:21] I (679) app_init: Compile time:     Aug 14 2026 13:53:16
[13:56:21] I (684) app_init: ELF file SHA256:  73355c8d3...
[13:56:21] I (688) app_init: ESP-IDF:          v6.0.2
[13:56:21] I (692) efuse_init: Min chip rev:     v0.0
[13:56:21] I (696) efuse_init: Max chip rev:     v0.99 
[13:56:21] I (700) efuse_init: Chip rev:         v0.2
[13:56:21] I (704) heap_init: Initializing. RAM available for dynamic allocation:
[13:56:21] I (710) heap_init: At 3FC97EF0 len 00051820 (326 KiB): RAM
[13:56:21] I (715) heap_init: At 3FCE9710 len 00005724 (21 KiB): RAM
[13:56:21] I (720) heap_init: At 3FCF0000 len 00008000 (32 KiB): DRAM
[13:56:21] I (725) heap_init: At 600FE000 len 00001FE8 (7 KiB): RTCRAM
[13:56:21] I (731) esp_psram: Adding pool of 8192K of PSRAM memory to heap allocator
[13:56:21] I (738) spi_flash: detected chip: generic
[13:56:21] I (741) spi_flash: flash io: qio
[13:56:21] I (744) sleep_gpio: Configure to isolate all GPIO pins in sleep state
[13:56:21] I (750) sleep_gpio: Enable automatic switching of GPIO sleep configuration
[13:56:21] I (757) main_task: Started on CPU0
[13:56:21] I (760) main_task: Calling app_main()
[13:56:21] TINYDRAW_PANEL_HARD_RESET=1
[13:56:21] I (957) co5300: version: 2.1.0
[13:56:21] I (958) co5300_spi: LCD panel create success, version: 2.1.0
[13:56:21] W (1038) co5300_spi: The 3Ah command has been used and will be overwritten by external initialization sequence
[13:56:21] I (1139) CST816S: IC id: 183
[13:56:21] TINYDRAW_LIVE_PRESENT kind=startup zoom=25 x=0 y=0 compose_us=35074 scroll_us=0 exposed_compose_us=0 chrome_us=0 read_submit_us=0 read_complete_us=0 transfer_wait_us=19713 tile_pixels=0 uniform_pixels=0 overview_pixels=164864 fallback_pixels=0 resident_tiles=0 fallback_tiles=0 pushes=21 tear_wait_us=10188 tear_sync=1 frame_reused=0 pass=1
[13:56:24] TINYDRAW_LIVE_STRESS operations=1000 samples=20000 total_us=2470140 average_us=2470 maximum_us=2585 free_psram=3042440 largest_psram=3014656
[13:56:24] TINYDRAW_LIVE_PRESENT kind=gate_fallback zoom=100 x=0 y=0 compose_us=23169 scroll_us=0 exposed_compose_us=0 chrome_us=0 read_submit_us=26740 read_complete_us=27536 transfer_wait_us=19750 tile_pixels=0 uniform_pixels=0 overview_pixels=0 fallback_pixels=164864 resident_tiles=0 fallback_tiles=42 pushes=21 tear_wait_us=2668 tear_sync=1 frame_reused=0 pass=1
[13:56:24] TINYDRAW_GATE1_HARD zoom=100 cold=1 operations=1000 samples=20000 steps=192 tiles=42 scanned=12000 rendered=1659 max_supertask_us=8821 presentation_us=63446 total_us=258738 pass=1
[13:56:24] TINYDRAW_LIVE_PRESENT kind=gate_fallback zoom=400 x=0 y=0 compose_us=22628 scroll_us=0 exposed_compose_us=0 chrome_us=0 read_submit_us=30974 read_complete_us=31770 transfer_wait_us=19659 tile_pixels=0 uniform_pixels=0 overview_pixels=0 fallback_pixels=164864 resident_tiles=0 fallback_tiles=42 pushes=21 tear_wait_us=7505 tear_sync=1 frame_reused=0 pass=1
[13:56:25] TINYDRAW_GATE1_HARD zoom=400 cold=1 operations=1000 samples=20000 steps=196 tiles=42 scanned=12000 rendered=120 max_supertask_us=8074 presentation_us=60499 total_us=190156 pass=1
[13:56:25] TINYDRAW_OVERLAP_WORKLOAD operations=8 samples=1200 radius_world=80
[13:56:26] TINYDRAW_GATE1_PACED_COLD corpus=overlap zoom=50 x=215 y=255 steps=535 tiles=56 compute_us=424679 present_us=75911 touch_us=1830 pacing_us=39908 wall_us=542328 max_tick_us=8936 touch_samples=4219 touch_interval_max_us=1989 touch_read_max_us=557 touch_event_age_max_us=0 touch_errors=0 touch_overflows=0 pass=1
[13:56:26] TINYDRAW_GATE1_PACED_COLD corpus=overlap zoom=100 x=583 y=703 steps=448 tiles=48 compute_us=300236 present_us=74735 touch_us=1394 pacing_us=29588 wall_us=405953 max_tick_us=9118 touch_samples=468 touch_interval_max_us=1789 touch_read_max_us=494 touch_event_age_max_us=0 touch_errors=0 touch_overflows=0 pass=1
[13:56:27] TINYDRAW_GATE1_PACED_COLD corpus=overlap zoom=200 x=1319 y=1599 steps=503 tiles=56 compute_us=306076 present_us=74260 touch_us=1502 pacing_us=34128 wall_us=415966 max_tick_us=9010 touch_samples=480 touch_interval_max_us=1154 touch_read_max_us=426 touch_event_age_max_us=0 touch_errors=0 touch_overflows=0 pass=1
[13:56:27] TINYDRAW_GATE1_PACED_COLD corpus=overlap zoom=400 x=2791 y=3391 steps=555 tiles=56 compute_us=299920 present_us=72255 touch_us=1585 pacing_us=41205 wall_us=414965 max_tick_us=8259 touch_samples=487 touch_interval_max_us=1118 touch_read_max_us=422 touch_event_age_max_us=0 touch_errors=0 touch_overflows=0 pass=1
[13:56:28] TINYDRAW_ADVERSARIAL_TAPERED_WORKLOAD operations=128 samples=4096 erasers=12 load_us=463147 appended=1
[13:56:28] TINYDRAW_GATE1_PACED_COLD corpus=adversarial_tapered_4x zoom=50 x=0 y=0 steps=104 tiles=42 compute_us=101789 present_us=54024 touch_us=473 pacing_us=8687 wall_us=164973 max_tick_us=6947 touch_samples=742 touch_interval_max_us=1110 touch_read_max_us=397 touch_event_age_max_us=0 touch_errors=0 touch_overflows=0 pass=1
[13:56:28] TINYDRAW_GATE1_PACED_COLD corpus=adversarial_tapered_4x zoom=100 x=0 y=0 steps=348 tiles=42 compute_us=163232 present_us=51858 touch_us=1044 pacing_us=26823 wall_us=242957 max_tick_us=7350 touch_samples=313 touch_interval_max_us=1096 touch_read_max_us=389 touch_event_age_max_us=0 touch_errors=0 touch_overflows=0 pass=1
[13:56:29] TINYDRAW_GATE1_PACED_COLD corpus=adversarial_tapered_4x zoom=200 x=0 y=0 steps=1214 tiles=42 compute_us=454837 present_us=58061 touch_us=3313 pacing_us=84757 wall_us=600968 max_tick_us=7739 touch_samples=677 touch_interval_max_us=1149 touch_read_max_us=420 touch_event_age_max_us=0 touch_errors=0 touch_overflows=0 pass=1
[13:56:30] TINYDRAW_GATE1_PACED_COLD corpus=adversarial_tapered_4x zoom=400 x=0 y=0 steps=4018 tiles=42 compute_us=1106775 present_us=60766 touch_us=9937 pacing_us=270414 wall_us=1447892 max_tick_us=7787 touch_samples=1520 touch_interval_max_us=1152 touch_read_max_us=418 touch_event_age_max_us=0 touch_errors=0 touch_overflows=0 pass=1
[13:56:33] TINYDRAW_GATE1_WORKLOAD kind=realistic seed=7 operations=1000 samples=19844 maximum_stroke=198 load_us=2428243 raw_source=1 lod_copies=0
[13:56:33] TINYDRAW_GATE1_PACED_COLD corpus=seed7 zoom=400 x=63 y=63 steps=281 tiles=56 compute_us=244406 present_us=77910 touch_us=809 pacing_us=19843 wall_us=342968 max_tick_us=9792 touch_samples=2960 touch_interval_max_us=1850 touch_read_max_us=481 touch_event_age_max_us=0 touch_errors=0 touch_overflows=0 pass=1
[13:56:33] TINYDRAW_LIVE_PRESENT kind=gate_fallback zoom=100 x=0 y=0 compose_us=23356 scroll_us=0 exposed_compose_us=0 chrome_us=0 read_submit_us=25097 read_complete_us=25895 transfer_wait_us=20091 tile_pixels=0 uniform_pixels=0 overview_pixels=0 fallback_pixels=164864 resident_tiles=0 fallback_tiles=42 pushes=21 tear_wait_us=855 tear_sync=1 frame_reused=0 pass=1
[13:56:35] TINYDRAW_GATE1_HARD zoom=100 cold=1 operations=1000 samples=19844 steps=275 tiles=42 scanned=12000 rendered=5232 max_supertask_us=9046 presentation_us=63596 total_us=363258 pass=1
[13:56:35] TINYDRAW_GATE1_PAN zoom=100 from_x=0 from_y=0 to_x=88 to_y=88 compose_us=27134 scroll_us=11371 exposed_compose_us=15763 chrome_us=0 event_submit_us=30647 event_complete_us=31448 transfer_us=19316 setup=1 present=1 moved=1 frame_reused=1 pass=1
[13:56:35] TINYDRAW_LIVE_PRESENT kind=gate_fallback zoom=400 x=0 y=0 compose_us=22666 scroll_us=0 exposed_compose_us=0 chrome_us=0 read_submit_us=37449 read_complete_us=38250 transfer_wait_us=19997 tile_pixels=0 uniform_pixels=0 overview_pixels=0 fallback_pixels=164864 resident_tiles=0 fallback_tiles=42 pushes=21 tear_wait_us=13891 tear_sync=1 frame_reused=0 pass=1
[13:56:35] TINYDRAW_GATE1_HARD zoom=400 cold=1 operations=1000 samples=19844 steps=211 tiles=42 scanned=12000 rendered=591 max_supertask_us=9784 presentation_us=61678 total_us=240040 pass=1
[13:56:35] TINYDRAW_GATE1_PAN zoom=400 from_x=0 from_y=0 to_x=88 to_y=88 compose_us=27082 scroll_us=11361 exposed_compose_us=15721 chrome_us=0 event_submit_us=30163 event_complete_us=30966 transfer_us=19801 setup=1 present=1 moved=1 frame_reused=1 pass=1
[13:56:35] TINYDRAW_GATE1_DRAW_FILL zoom=400 revision=2140 append_us=2927 poll_gap_us=81 event_submit_us=2320 event_complete_us=2488 max_compute_slice_us=3914 max_display_slice_us=9789 fill_us=236413 revision_restarted=1 pass=1
=== RUN 7 ===
[13:56:36] ESP-ROM:esp32s3-20210327
[13:56:36] Build:Mar 27 2021
[13:56:36] rst:0x15 (USB_UART_CHIP_RESET),boot:0x2b (SPI_FAST_FLASH_BOOT)
[13:56:36] Saved PC:0x42029fd0
[13:56:36] SPIWP:0xee
[13:56:36] mode:DIO, clock div:1
[13:56:36] load:0x3fce2820,len:0x1664
[13:56:36] load:0x403c8700,len:0xf38
[13:56:36] load:0x403cb700,len:0x31e8
[13:56:36] entry 0x403c8930
[13:56:36] I (24) boot: ESP-IDF v6.0.2 2nd stage bootloader
[13:56:36] I (24) boot: compile time Aug 14 2026 13:53:22
[13:56:36] I (25) boot: Multicore bootloader
[13:56:36] I (25) boot: chip revision: v0.2
[13:56:36] I (28) boot: efuse block revision: v1.3
[13:56:36] I (31) qio_mode: Enabling default flash chip QIO
[13:56:36] I (36) boot.esp32s3: Boot SPI Speed : 80MHz
[13:56:36] I (39) boot.esp32s3: SPI Mode       : QIO
[13:56:36] I (43) boot.esp32s3: SPI Flash Size : 16MB
[13:56:36] I (47) boot: Enabling RNG early entropy source...
[13:56:36] I (51) boot: Partition Table:
[13:56:36] I (54) boot: ## Label            Usage          Type ST Offset   Length
[13:56:36] I (60) boot:  0 nvs              WiFi data        01 02 00009000 00006000
[13:56:36] I (67) boot:  1 phy_init         RF data          01 01 0000f000 00001000
[13:56:36] I (73) boot:  2 factory          factory app      00 00 00010000 00100000
[13:56:36] I (80) boot:  3 drawing          Unknown data     01 40 00110000 00300000
[13:56:36] I (86) boot:  4 export           Unknown data     01 41 00410000 00500000
[13:56:36] I (93) boot:  5 coredump         Unknown data     01 03 00910000 00010000
[13:56:36] I (100) boot: End of partition table
[13:56:36] I (103) esp_image: segment 0: paddr=00010020 vaddr=3c040020 size=0f864h ( 63588) map
[13:56:36] I (120) esp_image: segment 1: paddr=0001f88c vaddr=3fc93e00 size=0078ch (  1932) load
[13:56:36] I (121) esp_image: segment 2: paddr=00020020 vaddr=42000020 size=3075ch (198492) map
[13:56:36] I (156) esp_image: segment 3: paddr=00050784 vaddr=3fc9458c size=02e98h ( 11928) load
[13:56:36] I (159) esp_image: segment 4: paddr=00053624 vaddr=40374000 size=0fd1ch ( 64796) load
[13:56:36] I (173) esp_image: segment 5: paddr=00063348 vaddr=50000000 size=00024h (    36) load
[13:56:36] I (180) boot: Loaded app from partition at offset 0x10000
[13:56:36] I (180) boot: Disabling RNG early entropy source...
[13:56:36] I (191) octal_psram: vendor id    : 0x0d (AP)
[13:56:36] I (191) octal_psram: dev id       : 0x02 (generation 3)
[13:56:36] I (191) octal_psram: density      : 0x03 (64 Mbit)
[13:56:36] I (193) octal_psram: good-die     : 0x01 (Pass)
[13:56:36] I (197) octal_psram: Latency      : 0x01 (Fixed)
[13:56:36] I (201) octal_psram: VCC          : 0x01 (3V)
[13:56:36] I (206) octal_psram: SRF          : 0x01 (Fast Refresh)
[13:56:36] I (211) octal_psram: BurstType    : 0x01 (Hybrid Wrap)
[13:56:36] I (215) octal_psram: BurstLen     : 0x01 (32 Byte)
[13:56:36] I (220) octal_psram: Readlatency  : 0x02 (10 cycles@Fixed)
[13:56:36] I (225) octal_psram: DriveStrength: 0x00 (1/1)
[13:56:36] I (229) MSPI Timing: Enter psram timing tuning
[13:56:36] I (234) esp_psram: Found 8MB PSRAM device
[13:56:36] I (237) esp_psram: Speed: 80MHz
[13:56:36] I (240) cpu_start: Multicore app
[13:56:36] I (656) esp_psram: SPI SRAM memory test OK
[13:56:36] I (664) cpu_start: GPIO 44 and 43 are used as console UART I/O pins
[13:56:36] I (665) cpu_start: Pro cpu start user code
[13:56:36] I (665) cpu_start: cpu freq: 240000000 Hz
[13:56:36] I (667) app_init: Application information:
[13:56:36] I (670) app_init: Project name:     tinydraw_esp32
[13:56:36] I (675) app_init: App version:      26a05f5
[13:56:36] I (679) app_init: Compile time:     Aug 14 2026 13:53:16
[13:56:36] I (684) app_init: ELF file SHA256:  73355c8d3...
[13:56:36] I (688) app_init: ESP-IDF:          v6.0.2
[13:56:36] I (692) efuse_init: Min chip rev:     v0.0
[13:56:36] I (696) efuse_init: Max chip rev:     v0.99 
[13:56:36] I (700) efuse_init: Chip rev:         v0.2
[13:56:36] I (704) heap_init: Initializing. RAM available for dynamic allocation:
[13:56:36] I (710) heap_init: At 3FC97EF0 len 00051820 (326 KiB): RAM
[13:56:36] I (715) heap_init: At 3FCE9710 len 00005724 (21 KiB): RAM
[13:56:36] I (720) heap_init: At 3FCF0000 len 00008000 (32 KiB): DRAM
[13:56:36] I (725) heap_init: At 600FE000 len 00001FE8 (7 KiB): RTCRAM
[13:56:36] I (731) esp_psram: Adding pool of 8192K of PSRAM memory to heap allocator
[13:56:36] I (738) spi_flash: detected chip: generic
[13:56:36] I (741) spi_flash: flash io: qio
[13:56:36] I (744) sleep_gpio: Configure to isolate all GPIO pins in sleep state
[13:56:36] I (750) sleep_gpio: Enable automatic switching of GPIO sleep configuration
[13:56:36] I (757) main_task: Started on CPU0
[13:56:36] I (760) main_task: Calling app_main()
[13:56:36] TINYDRAW_PANEL_HARD_RESET=1
[13:56:36] I (957) co5300: version: 2.1.0
[13:56:36] I (958) co5300_spi: LCD panel create success, version: 2.1.0
[13:56:37] W (1038) co5300_spi: The 3Ah command has been used and will be overwritten by external initialization sequence
[13:56:37] I (1139) CST816S: IC id: 183
[13:56:37] TINYDRAW_LIVE_PRESENT kind=startup zoom=25 x=0 y=0 compose_us=35071 scroll_us=0 exposed_compose_us=0 chrome_us=0 read_submit_us=0 read_complete_us=0 transfer_wait_us=19615 tile_pixels=0 uniform_pixels=0 overview_pixels=164864 fallback_pixels=0 resident_tiles=0 fallback_tiles=0 pushes=21 tear_wait_us=10300 tear_sync=1 frame_reused=0 pass=1
[13:56:39] TINYDRAW_LIVE_STRESS operations=1000 samples=20000 total_us=2467317 average_us=2467 maximum_us=2588 free_psram=3042440 largest_psram=3014656
[13:56:39] TINYDRAW_LIVE_PRESENT kind=gate_fallback zoom=100 x=0 y=0 compose_us=23180 scroll_us=0 exposed_compose_us=0 chrome_us=0 read_submit_us=31716 read_complete_us=32512 transfer_wait_us=19607 tile_pixels=0 uniform_pixels=0 overview_pixels=0 fallback_pixels=164864 resident_tiles=0 fallback_tiles=42 pushes=21 tear_wait_us=7700 tear_sync=1 frame_reused=0 pass=1
[13:56:40] TINYDRAW_GATE1_HARD zoom=100 cold=1 operations=1000 samples=20000 steps=192 tiles=42 scanned=12000 rendered=1659 max_supertask_us=8827 presentation_us=63516 total_us=258752 pass=1
[13:56:40] TINYDRAW_LIVE_PRESENT kind=gate_fallback zoom=400 x=0 y=0 compose_us=22625 scroll_us=0 exposed_compose_us=0 chrome_us=0 read_submit_us=31382 read_complete_us=32178 transfer_wait_us=20234 tile_pixels=0 uniform_pixels=0 overview_pixels=0 fallback_pixels=164864 resident_tiles=0 fallback_tiles=42 pushes=21 tear_wait_us=7905 tear_sync=1 frame_reused=0 pass=1
[13:56:40] TINYDRAW_GATE1_HARD zoom=400 cold=1 operations=1000 samples=20000 steps=196 tiles=42 scanned=12000 rendered=120 max_supertask_us=8066 presentation_us=60611 total_us=190171 pass=1
[13:56:40] TINYDRAW_OVERLAP_WORKLOAD operations=8 samples=1200 radius_world=80
[13:56:41] TINYDRAW_GATE1_PACED_COLD corpus=overlap zoom=50 x=215 y=255 steps=535 tiles=56 compute_us=424478 present_us=76063 touch_us=1787 pacing_us=37991 wall_us=540319 max_tick_us=8952 touch_samples=4220 touch_interval_max_us=1977 touch_read_max_us=557 touch_event_age_max_us=0 touch_errors=0 touch_overflows=0 pass=1
[13:56:41] TINYDRAW_GATE1_PACED_COLD corpus=overlap zoom=100 x=583 y=703 steps=448 tiles=48 compute_us=300148 present_us=74672 touch_us=1381 pacing_us=29752 wall_us=405953 max_tick_us=9124 touch_samples=470 touch_interval_max_us=1796 touch_read_max_us=486 touch_event_age_max_us=0 touch_errors=0 touch_overflows=0 pass=1
[13:56:42] TINYDRAW_GATE1_PACED_COLD corpus=overlap zoom=200 x=1319 y=1599 steps=503 tiles=56 compute_us=306216 present_us=74216 touch_us=1479 pacing_us=34055 wall_us=415966 max_tick_us=9010 touch_samples=481 touch_interval_max_us=1158 touch_read_max_us=432 touch_event_age_max_us=0 touch_errors=0 touch_overflows=0 pass=1
[13:56:42] TINYDRAW_GATE1_PACED_COLD corpus=overlap zoom=400 x=2791 y=3391 steps=555 tiles=56 compute_us=300013 present_us=72207 touch_us=1594 pacing_us=41151 wall_us=414965 max_tick_us=8270 touch_samples=487 touch_interval_max_us=1126 touch_read_max_us=416 touch_event_age_max_us=0 touch_errors=0 touch_overflows=0 pass=1
[13:56:43] TINYDRAW_ADVERSARIAL_TAPERED_WORKLOAD operations=128 samples=4096 erasers=12 load_us=462542 appended=1
[13:56:43] TINYDRAW_GATE1_PACED_COLD corpus=adversarial_tapered_4x zoom=50 x=0 y=0 steps=104 tiles=42 compute_us=101956 present_us=53991 touch_us=465 pacing_us=8559 wall_us=164971 max_tick_us=6950 touch_samples=742 touch_interval_max_us=1128 touch_read_max_us=410 touch_event_age_max_us=0 touch_errors=0 touch_overflows=0 pass=1
[13:56:43] TINYDRAW_GATE1_PACED_COLD corpus=adversarial_tapered_4x zoom=100 x=0 y=0 steps=348 tiles=42 compute_us=163551 present_us=51820 touch_us=1078 pacing_us=26507 wall_us=242956 max_tick_us=7324 touch_samples=314 touch_interval_max_us=1100 touch_read_max_us=380 touch_event_age_max_us=0 touch_errors=0 touch_overflows=0 pass=1
[13:56:44] TINYDRAW_GATE1_PACED_COLD corpus=adversarial_tapered_4x zoom=200 x=0 y=0 steps=1214 tiles=42 compute_us=456534 present_us=58021 touch_us=3260 pacing_us=85154 wall_us=602969 max_tick_us=7725 touch_samples=679 touch_interval_max_us=1146 touch_read_max_us=424 touch_event_age_max_us=0 touch_errors=0 touch_overflows=0 pass=1
[13:56:45] TINYDRAW_GATE1_PACED_COLD corpus=adversarial_tapered_4x zoom=400 x=0 y=0 steps=4018 tiles=42 compute_us=1110109 present_us=60760 touch_us=9900 pacing_us=268119 wall_us=1448888 max_tick_us=7772 touch_samples=1519 touch_interval_max_us=1136 touch_read_max_us=407 touch_event_age_max_us=0 touch_errors=0 touch_overflows=0 pass=1
[13:56:48] TINYDRAW_GATE1_WORKLOAD kind=realistic seed=7 operations=1000 samples=19844 maximum_stroke=198 load_us=2417394 raw_source=1 lod_copies=0
[13:56:48] TINYDRAW_GATE1_PACED_COLD corpus=seed7 zoom=400 x=63 y=63 steps=281 tiles=56 compute_us=244488 present_us=77903 touch_us=795 pacing_us=19783 wall_us=342969 max_tick_us=9800 touch_samples=2942 touch_interval_max_us=1173 touch_read_max_us=471 touch_event_age_max_us=0 touch_errors=0 touch_overflows=0 pass=1
[13:56:48] TINYDRAW_LIVE_PRESENT kind=gate_fallback zoom=100 x=0 y=0 compose_us=23356 scroll_us=0 exposed_compose_us=0 chrome_us=0 read_submit_us=24668 read_complete_us=25466 transfer_wait_us=19521 tile_pixels=0 uniform_pixels=0 overview_pixels=0 fallback_pixels=164864 resident_tiles=0 fallback_tiles=42 pushes=21 tear_wait_us=457 tear_sync=1 frame_reused=0 pass=1
[13:56:50] TINYDRAW_GATE1_HARD zoom=100 cold=1 operations=1000 samples=19844 steps=275 tiles=42 scanned=12000 rendered=5232 max_supertask_us=9076 presentation_us=64014 total_us=363083 pass=1
[13:56:50] TINYDRAW_GATE1_PAN zoom=100 from_x=0 from_y=0 to_x=88 to_y=88 compose_us=27184 scroll_us=11398 exposed_compose_us=15786 chrome_us=0 event_submit_us=31025 event_complete_us=31826 transfer_us=19938 setup=1 present=1 moved=1 frame_reused=1 pass=1
[13:56:50] TINYDRAW_LIVE_PRESENT kind=gate_fallback zoom=400 x=0 y=0 compose_us=22669 scroll_us=0 exposed_compose_us=0 chrome_us=0 read_submit_us=36729 read_complete_us=37526 transfer_wait_us=19720 tile_pixels=0 uniform_pixels=0 overview_pixels=0 fallback_pixels=164864 resident_tiles=0 fallback_tiles=42 pushes=21 tear_wait_us=13201 tear_sync=1 frame_reused=0 pass=1
[13:56:50] TINYDRAW_GATE1_HARD zoom=400 cold=1 operations=1000 samples=19844 steps=211 tiles=42 scanned=12000 rendered=591 max_supertask_us=9789 presentation_us=61684 total_us=239967 pass=1
[13:56:50] TINYDRAW_GATE1_PAN zoom=400 from_x=0 from_y=0 to_x=88 to_y=88 compose_us=27086 scroll_us=11371 exposed_compose_us=15715 chrome_us=0 event_submit_us=30805 event_complete_us=31604 transfer_us=20160 setup=1 present=1 moved=1 frame_reused=1 pass=1
[13:56:50] TINYDRAW_GATE1_DRAW_FILL zoom=400 revision=2140 append_us=2917 poll_gap_us=82 event_submit_us=2328 event_complete_us=2495 max_compute_slice_us=3913 max_display_slice_us=9782 fill_us=236385 revision_restarted=1 pass=1
=== RUN 8 ===
[13:56:51] ESP-ROM:esp32s3-20210327
[13:56:51] Build:Mar 27 2021
[13:56:51] rst:0x15 (USB_UART_CHIP_RESET),boot:0x2b (SPI_FAST_FLASH_BOOT)
[13:56:51] Saved PC:0x42018a71
[13:56:51] SPIWP:0xee
[13:56:51] mode:DIO, clock div:1
[13:56:51] load:0x3fce2820,len:0x1664
[13:56:51] load:0x403c8700,len:0xf38
[13:56:51] load:0x403cb700,len:0x31e8
[13:56:51] entry 0x403c8930
[13:56:51] I (24) boot: ESP-IDF v6.0.2 2nd stage bootloader
[13:56:51] I (24) boot: compile time Aug 14 2026 13:53:22
[13:56:51] I (25) boot: Multicore bootloader
[13:56:51] I (25) boot: chip revision: v0.2
[13:56:51] I (28) boot: efuse block revision: v1.3
[13:56:51] I (31) qio_mode: Enabling default flash chip QIO
[13:56:51] I (36) boot.esp32s3: Boot SPI Speed : 80MHz
[13:56:51] I (39) boot.esp32s3: SPI Mode       : QIO
[13:56:51] I (43) boot.esp32s3: SPI Flash Size : 16MB
[13:56:51] I (47) boot: Enabling RNG early entropy source...
[13:56:51] I (51) boot: Partition Table:
[13:56:51] I (54) boot: ## Label            Usage          Type ST Offset   Length
[13:56:51] I (60) boot:  0 nvs              WiFi data        01 02 00009000 00006000
[13:56:51] I (67) boot:  1 phy_init         RF data          01 01 0000f000 00001000
[13:56:51] I (73) boot:  2 factory          factory app      00 00 00010000 00100000
[13:56:51] I (80) boot:  3 drawing          Unknown data     01 40 00110000 00300000
[13:56:51] I (86) boot:  4 export           Unknown data     01 41 00410000 00500000
[13:56:51] I (93) boot:  5 coredump         Unknown data     01 03 00910000 00010000
[13:56:51] I (100) boot: End of partition table
[13:56:51] I (103) esp_image: segment 0: paddr=00010020 vaddr=3c040020 size=0f864h ( 63588) map
[13:56:51] I (120) esp_image: segment 1: paddr=0001f88c vaddr=3fc93e00 size=0078ch (  1932) load
[13:56:51] I (121) esp_image: segment 2: paddr=00020020 vaddr=42000020 size=3075ch (198492) map
[13:56:51] I (156) esp_image: segment 3: paddr=00050784 vaddr=3fc9458c size=02e98h ( 11928) load
[13:56:51] I (159) esp_image: segment 4: paddr=00053624 vaddr=40374000 size=0fd1ch ( 64796) load
[13:56:51] I (173) esp_image: segment 5: paddr=00063348 vaddr=50000000 size=00024h (    36) load
[13:56:51] I (180) boot: Loaded app from partition at offset 0x10000
[13:56:51] I (180) boot: Disabling RNG early entropy source...
[13:56:51] I (191) octal_psram: vendor id    : 0x0d (AP)
[13:56:51] I (191) octal_psram: dev id       : 0x02 (generation 3)
[13:56:51] I (191) octal_psram: density      : 0x03 (64 Mbit)
[13:56:51] I (193) octal_psram: good-die     : 0x01 (Pass)
[13:56:51] I (197) octal_psram: Latency      : 0x01 (Fixed)
[13:56:51] I (201) octal_psram: VCC          : 0x01 (3V)
[13:56:51] I (206) octal_psram: SRF          : 0x01 (Fast Refresh)
[13:56:51] I (211) octal_psram: BurstType    : 0x01 (Hybrid Wrap)
[13:56:51] I (215) octal_psram: BurstLen     : 0x01 (32 Byte)
[13:56:51] I (220) octal_psram: Readlatency  : 0x02 (10 cycles@Fixed)
[13:56:51] I (225) octal_psram: DriveStrength: 0x00 (1/1)
[13:56:51] I (229) MSPI Timing: Enter psram timing tuning
[13:56:51] I (234) esp_psram: Found 8MB PSRAM device
[13:56:51] I (237) esp_psram: Speed: 80MHz
[13:56:51] I (240) cpu_start: Multicore app
[13:56:51] I (656) esp_psram: SPI SRAM memory test OK
[13:56:51] I (664) cpu_start: GPIO 44 and 43 are used as console UART I/O pins
[13:56:51] I (665) cpu_start: Pro cpu start user code
[13:56:51] I (665) cpu_start: cpu freq: 240000000 Hz
[13:56:51] I (667) app_init: Application information:
[13:56:51] I (670) app_init: Project name:     tinydraw_esp32
[13:56:51] I (675) app_init: App version:      26a05f5
[13:56:51] I (679) app_init: Compile time:     Aug 14 2026 13:53:16
[13:56:51] I (684) app_init: ELF file SHA256:  73355c8d3...
[13:56:51] I (688) app_init: ESP-IDF:          v6.0.2
[13:56:51] I (692) efuse_init: Min chip rev:     v0.0
[13:56:51] I (696) efuse_init: Max chip rev:     v0.99 
[13:56:51] I (700) efuse_init: Chip rev:         v0.2
[13:56:52] I (704) heap_init: Initializing. RAM available for dynamic allocation:
[13:56:52] I (710) heap_init: At 3FC97EF0 len 00051820 (326 KiB): RAM
[13:56:52] I (715) heap_init: At 3FCE9710 len 00005724 (21 KiB): RAM
[13:56:52] I (720) heap_init: At 3FCF0000 len 00008000 (32 KiB): DRAM
[13:56:52] I (725) heap_init: At 600FE000 len 00001FE8 (7 KiB): RTCRAM
[13:56:52] I (731) esp_psram: Adding pool of 8192K of PSRAM memory to heap allocator
[13:56:52] I (738) spi_flash: detected chip: generic
[13:56:52] I (741) spi_flash: flash io: qio
[13:56:52] I (744) sleep_gpio: Configure to isolate all GPIO pins in sleep state
[13:56:52] I (750) sleep_gpio: Enable automatic switching of GPIO sleep configuration
[13:56:52] I (757) main_task: Started on CPU0
[13:56:52] I (760) main_task: Calling app_main()
[13:56:52] TINYDRAW_PANEL_HARD_RESET=1
[13:56:52] I (957) co5300: version: 2.1.0
[13:56:52] I (958) co5300_spi: LCD panel create success, version: 2.1.0
[13:56:52] W (1038) co5300_spi: The 3Ah command has been used and will be overwritten by external initialization sequence
[13:56:52] I (1139) CST816S: IC id: 183
[13:56:52] TINYDRAW_LIVE_PRESENT kind=startup zoom=25 x=0 y=0 compose_us=35075 scroll_us=0 exposed_compose_us=0 chrome_us=0 read_submit_us=0 read_complete_us=0 transfer_wait_us=19714 tile_pixels=0 uniform_pixels=0 overview_pixels=164864 fallback_pixels=0 resident_tiles=0 fallback_tiles=0 pushes=21 tear_wait_us=10187 tear_sync=1 frame_reused=0 pass=1
[13:56:54] TINYDRAW_LIVE_STRESS operations=1000 samples=20000 total_us=2471534 average_us=2471 maximum_us=2586 free_psram=3042440 largest_psram=3014656
[13:56:55] TINYDRAW_LIVE_PRESENT kind=gate_fallback zoom=100 x=0 y=0 compose_us=23163 scroll_us=0 exposed_compose_us=0 chrome_us=0 read_submit_us=26354 read_complete_us=27150 transfer_wait_us=19735 tile_pixels=0 uniform_pixels=0 overview_pixels=0 fallback_pixels=164864 resident_tiles=0 fallback_tiles=42 pushes=21 tear_wait_us=2321 tear_sync=1 frame_reused=0 pass=1
[13:56:55] TINYDRAW_GATE1_HARD zoom=100 cold=1 operations=1000 samples=20000 steps=192 tiles=42 scanned=12000 rendered=1659 max_supertask_us=8832 presentation_us=64337 total_us=259718 pass=1
[13:56:55] TINYDRAW_LIVE_PRESENT kind=gate_fallback zoom=400 x=0 y=0 compose_us=22642 scroll_us=0 exposed_compose_us=0 chrome_us=0 read_submit_us=30001 read_complete_us=30797 transfer_wait_us=19658 tile_pixels=0 uniform_pixels=0 overview_pixels=0 fallback_pixels=164864 resident_tiles=0 fallback_tiles=42 pushes=21 tear_wait_us=6512 tear_sync=1 frame_reused=0 pass=1
[13:56:55] TINYDRAW_GATE1_HARD zoom=400 cold=1 operations=1000 samples=20000 steps=196 tiles=42 scanned=12000 rendered=120 max_supertask_us=8088 presentation_us=60532 total_us=190161 pass=1
[13:56:55] TINYDRAW_OVERLAP_WORKLOAD operations=8 samples=1200 radius_world=80
[13:56:56] TINYDRAW_GATE1_PACED_COLD corpus=overlap zoom=50 x=215 y=255 steps=535 tiles=56 compute_us=423456 present_us=76114 touch_us=1818 pacing_us=36942 wall_us=538330 max_tick_us=8966 touch_samples=4215 touch_interval_max_us=2050 touch_read_max_us=557 touch_event_age_max_us=0 touch_errors=0 touch_overflows=0 pass=1
[13:56:57] TINYDRAW_GATE1_PACED_COLD corpus=overlap zoom=100 x=583 y=703 steps=448 tiles=48 compute_us=299990 present_us=74748 touch_us=1369 pacing_us=29847 wall_us=405954 max_tick_us=9118 touch_samples=473 touch_interval_max_us=1783 touch_read_max_us=501 touch_event_age_max_us=0 touch_errors=0 touch_overflows=0 pass=1
[13:56:57] TINYDRAW_GATE1_PACED_COLD corpus=overlap zoom=200 x=1319 y=1599 steps=503 tiles=56 compute_us=306097 present_us=74232 touch_us=1484 pacing_us=34153 wall_us=415966 max_tick_us=9010 touch_samples=480 touch_interval_max_us=1146 touch_read_max_us=422 touch_event_age_max_us=0 touch_errors=0 touch_overflows=0 pass=1
[13:56:58] TINYDRAW_GATE1_PACED_COLD corpus=overlap zoom=400 x=2791 y=3391 steps=555 tiles=56 compute_us=300049 present_us=72243 touch_us=1545 pacing_us=41128 wall_us=414965 max_tick_us=8266 touch_samples=487 touch_interval_max_us=1132 touch_read_max_us=423 touch_event_age_max_us=0 touch_errors=0 touch_overflows=0 pass=1
[13:56:58] TINYDRAW_ADVERSARIAL_TAPERED_WORKLOAD operations=128 samples=4096 erasers=12 load_us=463475 appended=1
[13:56:58] TINYDRAW_GATE1_PACED_COLD corpus=adversarial_tapered_4x zoom=50 x=0 y=0 steps=104 tiles=42 compute_us=101640 present_us=53999 touch_us=465 pacing_us=7865 wall_us=163969 max_tick_us=6951 touch_samples=741 touch_interval_max_us=1117 touch_read_max_us=404 touch_event_age_max_us=0 touch_errors=0 touch_overflows=0 pass=1
[13:56:59] TINYDRAW_GATE1_PACED_COLD corpus=adversarial_tapered_4x zoom=100 x=0 y=0 steps=348 tiles=42 compute_us=163678 present_us=51848 touch_us=1062 pacing_us=26368 wall_us=242956 max_tick_us=7364 touch_samples=314 touch_interval_max_us=1139 touch_read_max_us=415 touch_event_age_max_us=0 touch_errors=0 touch_overflows=0 pass=1
[13:56:59] TINYDRAW_GATE1_PACED_COLD corpus=adversarial_tapered_4x zoom=200 x=0 y=0 steps=1214 tiles=42 compute_us=457094 present_us=58051 touch_us=3289 pacing_us=84535 wall_us=602969 max_tick_us=7729 touch_samples=680 touch_interval_max_us=1148 touch_read_max_us=424 touch_event_age_max_us=0 touch_errors=0 touch_overflows=0 pass=1
[13:57:01] TINYDRAW_GATE1_PACED_COLD corpus=adversarial_tapered_4x zoom=400 x=0 y=0 steps=4018 tiles=42 compute_us=1110580 present_us=60718 touch_us=9952 pacing_us=268636 wall_us=1449886 max_tick_us=7786 touch_samples=1519 touch_interval_max_us=1152 touch_read_max_us=416 touch_event_age_max_us=0 touch_errors=0 touch_overflows=0 pass=1
[13:57:03] TINYDRAW_GATE1_WORKLOAD kind=realistic seed=7 operations=1000 samples=19844 maximum_stroke=198 load_us=2419193 raw_source=1 lod_copies=0
[13:57:04] TINYDRAW_GATE1_PACED_COLD corpus=seed7 zoom=400 x=63 y=63 steps=281 tiles=56 compute_us=244381 present_us=77941 touch_us=795 pacing_us=19851 wall_us=342968 max_tick_us=9801 touch_samples=2946 touch_interval_max_us=1154 touch_read_max_us=444 touch_event_age_max_us=0 touch_errors=0 touch_overflows=0 pass=1
[13:57:04] TINYDRAW_LIVE_PRESENT kind=gate_fallback zoom=100 x=0 y=0 compose_us=23362 scroll_us=0 exposed_compose_us=0 chrome_us=0 read_submit_us=24678 read_complete_us=25475 transfer_wait_us=19511 tile_pixels=0 uniform_pixels=0 overview_pixels=0 fallback_pixels=164864 resident_tiles=0 fallback_tiles=42 pushes=21 tear_wait_us=457 tear_sync=1 frame_reused=0 pass=1
[13:57:06] TINYDRAW_GATE1_HARD zoom=100 cold=1 operations=1000 samples=19844 steps=275 tiles=42 scanned=12000 rendered=5232 max_supertask_us=9044 presentation_us=63704 total_us=363208 pass=1
[13:57:06] TINYDRAW_GATE1_PAN zoom=100 from_x=0 from_y=0 to_x=88 to_y=88 compose_us=27176 scroll_us=11392 exposed_compose_us=15784 chrome_us=0 event_submit_us=31119 event_complete_us=31919 transfer_us=19843 setup=1 present=1 moved=1 frame_reused=1 pass=1
[13:57:06] TINYDRAW_LIVE_PRESENT kind=gate_fallback zoom=400 x=0 y=0 compose_us=22669 scroll_us=0 exposed_compose_us=0 chrome_us=0 read_submit_us=36897 read_complete_us=37694 transfer_wait_us=19552 tile_pixels=0 uniform_pixels=0 overview_pixels=0 fallback_pixels=164864 resident_tiles=0 fallback_tiles=42 pushes=21 tear_wait_us=13384 tear_sync=1 frame_reused=0 pass=1
[13:57:06] TINYDRAW_GATE1_HARD zoom=400 cold=1 operations=1000 samples=19844 steps=211 tiles=42 scanned=12000 rendered=591 max_supertask_us=9782 presentation_us=61655 total_us=239992 pass=1
[13:57:06] TINYDRAW_GATE1_PAN zoom=400 from_x=0 from_y=0 to_x=88 to_y=88 compose_us=27093 scroll_us=11389 exposed_compose_us=15704 chrome_us=0 event_submit_us=30967 event_complete_us=31760 transfer_us=19996 setup=1 present=1 moved=1 frame_reused=1 pass=1
[13:57:06] TINYDRAW_GATE1_DRAW_FILL zoom=400 revision=2140 append_us=2926 poll_gap_us=82 event_submit_us=2311 event_complete_us=2478 max_compute_slice_us=3913 max_display_slice_us=9791 fill_us=236423 revision_restarted=1 pass=1
=== RUN 9 ===
[13:57:06] ESP-ROM:esp32s3-20210327
[13:57:06] Build:Mar 27 2021
[13:57:06] rst:0x15 (USB_UART_CHIP_RESET),boot:0x2b (SPI_FAST_FLASH_BOOT)
[13:57:06] Saved PC:0x42018514
[13:57:06] SPIWP:0xee
[13:57:06] mode:DIO, clock div:1
[13:57:06] load:0x3fce2820,len:0x1664
[13:57:06] load:0x403c8700,len:0xf38
[13:57:06] load:0x403cb700,len:0x31e8
[13:57:06] entry 0x403c8930
[13:57:06] I (24) boot: ESP-IDF v6.0.2 2nd stage bootloader
[13:57:06] I (24) boot: compile time Aug 14 2026 13:53:22
[13:57:06] I (25) boot: Multicore bootloader
[13:57:06] I (25) boot: chip revision: v0.2
[13:57:06] I (28) boot: efuse block revision: v1.3
[13:57:06] I (31) qio_mode: Enabling default flash chip QIO
[13:57:06] I (36) boot.esp32s3: Boot SPI Speed : 80MHz
[13:57:06] I (39) boot.esp32s3: SPI Mode       : QIO
[13:57:06] I (43) boot.esp32s3: SPI Flash Size : 16MB
[13:57:06] I (47) boot: Enabling RNG early entropy source...
[13:57:06] I (51) boot: Partition Table:
[13:57:06] I (54) boot: ## Label            Usage          Type ST Offset   Length
[13:57:06] I (60) boot:  0 nvs              WiFi data        01 02 00009000 00006000
[13:57:06] I (67) boot:  1 phy_init         RF data          01 01 0000f000 00001000
[13:57:06] I (73) boot:  2 factory          factory app      00 00 00010000 00100000
[13:57:06] I (80) boot:  3 drawing          Unknown data     01 40 00110000 00300000
[13:57:06] I (86) boot:  4 export           Unknown data     01 41 00410000 00500000
[13:57:06] I (93) boot:  5 coredump         Unknown data     01 03 00910000 00010000
[13:57:06] I (100) boot: End of partition table
[13:57:06] I (103) esp_image: segment 0: paddr=00010020 vaddr=3c040020 size=0f864h ( 63588) map
[13:57:06] I (120) esp_image: segment 1: paddr=0001f88c vaddr=3fc93e00 size=0078ch (  1932) load
[13:57:06] I (121) esp_image: segment 2: paddr=00020020 vaddr=42000020 size=3075ch (198492) map
[13:57:06] I (156) esp_image: segment 3: paddr=00050784 vaddr=3fc9458c size=02e98h ( 11928) load
[13:57:06] I (159) esp_image: segment 4: paddr=00053624 vaddr=40374000 size=0fd1ch ( 64796) load
[13:57:06] I (173) esp_image: segment 5: paddr=00063348 vaddr=50000000 size=00024h (    36) load
[13:57:06] I (180) boot: Loaded app from partition at offset 0x10000
[13:57:06] I (180) boot: Disabling RNG early entropy source...
[13:57:06] I (191) octal_psram: vendor id    : 0x0d (AP)
[13:57:06] I (191) octal_psram: dev id       : 0x02 (generation 3)
[13:57:06] I (191) octal_psram: density      : 0x03 (64 Mbit)
[13:57:06] I (193) octal_psram: good-die     : 0x01 (Pass)
[13:57:06] I (197) octal_psram: Latency      : 0x01 (Fixed)
[13:57:06] I (201) octal_psram: VCC          : 0x01 (3V)
[13:57:06] I (206) octal_psram: SRF          : 0x01 (Fast Refresh)
[13:57:06] I (211) octal_psram: BurstType    : 0x01 (Hybrid Wrap)
[13:57:06] I (215) octal_psram: BurstLen     : 0x01 (32 Byte)
[13:57:06] I (220) octal_psram: Readlatency  : 0x02 (10 cycles@Fixed)
[13:57:06] I (225) octal_psram: DriveStrength: 0x00 (1/1)
[13:57:06] I (229) MSPI Timing: Enter psram timing tuning
[13:57:06] I (234) esp_psram: Found 8MB PSRAM device
[13:57:06] I (237) esp_psram: Speed: 80MHz
[13:57:06] I (240) cpu_start: Multicore app
[13:57:07] I (656) esp_psram: SPI SRAM memory test OK
[13:57:07] I (664) cpu_start: GPIO 44 and 43 are used as console UART I/O pins
[13:57:07] I (665) cpu_start: Pro cpu start user code
[13:57:07] I (665) cpu_start: cpu freq: 240000000 Hz
[13:57:07] I (667) app_init: Application information:
[13:57:07] I (670) app_init: Project name:     tinydraw_esp32
[13:57:07] I (675) app_init: App version:      26a05f5
[13:57:07] I (679) app_init: Compile time:     Aug 14 2026 13:53:16
[13:57:07] I (684) app_init: ELF file SHA256:  73355c8d3...
[13:57:07] I (688) app_init: ESP-IDF:          v6.0.2
[13:57:07] I (692) efuse_init: Min chip rev:     v0.0
[13:57:07] I (696) efuse_init: Max chip rev:     v0.99 
[13:57:07] I (700) efuse_init: Chip rev:         v0.2
[13:57:07] I (704) heap_init: Initializing. RAM available for dynamic allocation:
[13:57:07] I (710) heap_init: At 3FC97EF0 len 00051820 (326 KiB): RAM
[13:57:07] I (715) heap_init: At 3FCE9710 len 00005724 (21 KiB): RAM
[13:57:07] I (720) heap_init: At 3FCF0000 len 00008000 (32 KiB): DRAM
[13:57:07] I (725) heap_init: At 600FE000 len 00001FE8 (7 KiB): RTCRAM
[13:57:07] I (731) esp_psram: Adding pool of 8192K of PSRAM memory to heap allocator
[13:57:07] I (738) spi_flash: detected chip: generic
[13:57:07] I (741) spi_flash: flash io: qio
[13:57:07] I (744) sleep_gpio: Configure to isolate all GPIO pins in sleep state
[13:57:07] I (750) sleep_gpio: Enable automatic switching of GPIO sleep configuration
[13:57:07] I (757) main_task: Started on CPU0
[13:57:07] I (760) main_task: Calling app_main()
[13:57:07] TINYDRAW_PANEL_HARD_RESET=1
[13:57:07] I (957) co5300: version: 2.1.0
[13:57:07] I (958) co5300_spi: LCD panel create success, version: 2.1.0
[13:57:07] W (1038) co5300_spi: The 3Ah command has been used and will be overwritten by external initialization sequence
[13:57:07] I (1139) CST816S: IC id: 183
[13:57:07] TINYDRAW_LIVE_PRESENT kind=startup zoom=25 x=0 y=0 compose_us=35075 scroll_us=0 exposed_compose_us=0 chrome_us=0 read_submit_us=0 read_complete_us=0 transfer_wait_us=19726 tile_pixels=0 uniform_pixels=0 overview_pixels=164864 fallback_pixels=0 resident_tiles=0 fallback_tiles=0 pushes=21 tear_wait_us=10174 tear_sync=1 frame_reused=0 pass=1
[13:57:10] TINYDRAW_LIVE_STRESS operations=1000 samples=20000 total_us=2470615 average_us=2470 maximum_us=2586 free_psram=3042440 largest_psram=3014656
[13:57:10] TINYDRAW_LIVE_PRESENT kind=gate_fallback zoom=100 x=0 y=0 compose_us=23171 scroll_us=0 exposed_compose_us=0 chrome_us=0 read_submit_us=27307 read_complete_us=28103 transfer_wait_us=19706 tile_pixels=0 uniform_pixels=0 overview_pixels=0 fallback_pixels=164864 resident_tiles=0 fallback_tiles=42 pushes=21 tear_wait_us=3288 tear_sync=1 frame_reused=0 pass=1
[13:57:10] TINYDRAW_GATE1_HARD zoom=100 cold=1 operations=1000 samples=20000 steps=192 tiles=42 scanned=12000 rendered=1659 max_supertask_us=8813 presentation_us=64505 total_us=259815 pass=1
[13:57:10] TINYDRAW_LIVE_PRESENT kind=gate_fallback zoom=400 x=0 y=0 compose_us=22630 scroll_us=0 exposed_compose_us=0 chrome_us=0 read_submit_us=30070 read_complete_us=30866 transfer_wait_us=19520 tile_pixels=0 uniform_pixels=0 overview_pixels=0 fallback_pixels=164864 resident_tiles=0 fallback_tiles=42 pushes=21 tear_wait_us=6610 tear_sync=1 frame_reused=0 pass=1
[13:57:10] TINYDRAW_GATE1_HARD zoom=400 cold=1 operations=1000 samples=20000 steps=196 tiles=42 scanned=12000 rendered=120 max_supertask_us=8088 presentation_us=60538 total_us=190148 pass=1
[13:57:11] TINYDRAW_OVERLAP_WORKLOAD operations=8 samples=1200 radius_world=80
[13:57:11] TINYDRAW_GATE1_PACED_COLD corpus=overlap zoom=50 x=215 y=255 steps=535 tiles=56 compute_us=424622 present_us=75096 touch_us=1762 pacing_us=38854 wall_us=540334 max_tick_us=8952 touch_samples=4220 touch_interval_max_us=1559 touch_read_max_us=557 touch_event_age_max_us=0 touch_errors=0 touch_overflows=0 pass=1
[13:57:12] TINYDRAW_GATE1_PACED_COLD corpus=overlap zoom=100 x=583 y=703 steps=448 tiles=48 compute_us=300016 present_us=74785 touch_us=1386 pacing_us=28766 wall_us=404953 max_tick_us=9104 touch_samples=469 touch_interval_max_us=1790 touch_read_max_us=491 touch_event_age_max_us=0 touch_errors=0 touch_overflows=0 pass=1
[13:57:12] TINYDRAW_GATE1_PACED_COLD corpus=overlap zoom=200 x=1319 y=1599 steps=503 tiles=56 compute_us=306182 present_us=74269 touch_us=1485 pacing_us=34030 wall_us=415966 max_tick_us=9010 touch_samples=482 touch_interval_max_us=1143 touch_read_max_us=418 touch_event_age_max_us=0 touch_errors=0 touch_overflows=0 pass=1
[13:57:13] TINYDRAW_GATE1_PACED_COLD corpus=overlap zoom=400 x=2791 y=3391 steps=555 tiles=56 compute_us=299887 present_us=71153 touch_us=1601 pacing_us=41325 wall_us=413966 max_tick_us=8264 touch_samples=485 touch_interval_max_us=1147 touch_read_max_us=415 touch_event_age_max_us=0 touch_errors=0 touch_overflows=0 pass=1
[13:57:13] TINYDRAW_ADVERSARIAL_TAPERED_WORKLOAD operations=128 samples=4096 erasers=12 load_us=463806 appended=1
[13:57:14] TINYDRAW_GATE1_PACED_COLD corpus=adversarial_tapered_4x zoom=50 x=0 y=0 steps=104 tiles=42 compute_us=101904 present_us=53993 touch_us=460 pacing_us=8613 wall_us=164970 max_tick_us=6948 touch_samples=743 touch_interval_max_us=1123 touch_read_max_us=407 touch_event_age_max_us=0 touch_errors=0 touch_overflows=0 pass=1
[13:57:14] TINYDRAW_GATE1_PACED_COLD corpus=adversarial_tapered_4x zoom=100 x=0 y=0 steps=348 tiles=42 compute_us=163507 present_us=51837 touch_us=1055 pacing_us=26557 wall_us=242956 max_tick_us=7335 touch_samples=314 touch_interval_max_us=1110 touch_read_max_us=391 touch_event_age_max_us=0 touch_errors=0 touch_overflows=0 pass=1
[13:57:14] TINYDRAW_GATE1_PACED_COLD corpus=adversarial_tapered_4x zoom=200 x=0 y=0 steps=1214 tiles=42 compute_us=457050 present_us=58041 touch_us=3239 pacing_us=84639 wall_us=602969 max_tick_us=7723 touch_samples=679 touch_interval_max_us=1157 touch_read_max_us=431 touch_event_age_max_us=0 touch_errors=0 touch_overflows=0 pass=1
[13:57:16] TINYDRAW_GATE1_PACED_COLD corpus=adversarial_tapered_4x zoom=400 x=0 y=0 steps=4018 tiles=42 compute_us=1109169 present_us=60703 touch_us=9951 pacing_us=271062 wall_us=1450885 max_tick_us=7767 touch_samples=1520 touch_interval_max_us=1141 touch_read_max_us=413 touch_event_age_max_us=0 touch_errors=0 touch_overflows=0 pass=1
[13:57:19] TINYDRAW_GATE1_WORKLOAD kind=realistic seed=7 operations=1000 samples=19844 maximum_stroke=198 load_us=2415478 raw_source=1 lod_copies=0
[13:57:19] TINYDRAW_GATE1_PACED_COLD corpus=seed7 zoom=400 x=63 y=63 steps=281 tiles=56 compute_us=244361 present_us=77961 touch_us=796 pacing_us=19851 wall_us=342969 max_tick_us=9780 touch_samples=2943 touch_interval_max_us=1151 touch_read_max_us=442 touch_event_age_max_us=0 touch_errors=0 touch_overflows=0 pass=1
[13:57:19] TINYDRAW_LIVE_PRESENT kind=gate_fallback zoom=100 x=0 y=0 compose_us=23361 scroll_us=0 exposed_compose_us=0 chrome_us=0 read_submit_us=24491 read_complete_us=25287 transfer_wait_us=19697 tile_pixels=0 uniform_pixels=0 overview_pixels=0 fallback_pixels=164864 resident_tiles=0 fallback_tiles=42 pushes=21 tear_wait_us=133 tear_sync=1 frame_reused=0 pass=1
[13:57:21] TINYDRAW_GATE1_HARD zoom=100 cold=1 operations=1000 samples=19844 steps=275 tiles=42 scanned=12000 rendered=5232 max_supertask_us=9083 presentation_us=63218 total_us=363126 pass=1
[13:57:21] TINYDRAW_GATE1_PAN zoom=100 from_x=0 from_y=0 to_x=88 to_y=88 compose_us=27149 scroll_us=11367 exposed_compose_us=15782 chrome_us=0 event_submit_us=30268 event_complete_us=31070 transfer_us=19694 setup=1 present=1 moved=1 frame_reused=1 pass=1
[13:57:21] TINYDRAW_LIVE_PRESENT kind=gate_fallback zoom=400 x=0 y=0 compose_us=22667 scroll_us=0 exposed_compose_us=0 chrome_us=0 read_submit_us=37036 read_complete_us=37830 transfer_wait_us=19414 tile_pixels=0 uniform_pixels=0 overview_pixels=0 fallback_pixels=164864 resident_tiles=0 fallback_tiles=42 pushes=21 tear_wait_us=13524 tear_sync=1 frame_reused=0 pass=1
[13:57:21] TINYDRAW_GATE1_HARD zoom=400 cold=1 operations=1000 samples=19844 steps=211 tiles=42 scanned=12000 rendered=591 max_supertask_us=9784 presentation_us=61670 total_us=240025 pass=1
[13:57:21] TINYDRAW_GATE1_PAN zoom=400 from_x=0 from_y=0 to_x=88 to_y=88 compose_us=27113 scroll_us=11378 exposed_compose_us=15735 chrome_us=0 event_submit_us=31132 event_complete_us=31933 transfer_us=19825 setup=1 present=1 moved=1 frame_reused=1 pass=1
[13:57:21] TINYDRAW_GATE1_DRAW_FILL zoom=400 revision=2140 append_us=2933 poll_gap_us=82 event_submit_us=2327 event_complete_us=2494 max_compute_slice_us=3916 max_display_slice_us=9785 fill_us=236394 revision_restarted=1 pass=1
=== RUN 10 ===
[13:57:22] ESP-ROM:esp32s3-20210327
[13:57:22] Build:Mar 27 2021
[13:57:22] rst:0x15 (USB_UART_CHIP_RESET),boot:0x2b (SPI_FAST_FLASH_BOOT)
[13:57:22] Saved PC:0x4201c9c3
[13:57:22] SPIWP:0xee
[13:57:22] mode:DIO, clock div:1
[13:57:22] load:0x3fce2820,len:0x1664
[13:57:22] load:0x403c8700,len:0xf38
[13:57:22] load:0x403cb700,len:0x31e8
[13:57:22] entry 0x403c8930
[13:57:22] I (24) boot: ESP-IDF v6.0.2 2nd stage bootloader
[13:57:22] I (24) boot: compile time Aug 14 2026 13:53:22
[13:57:22] I (25) boot: Multicore bootloader
[13:57:22] I (25) boot: chip revision: v0.2
[13:57:22] I (28) boot: efuse block revision: v1.3
[13:57:22] I (31) qio_mode: Enabling default flash chip QIO
[13:57:22] I (36) boot.esp32s3: Boot SPI Speed : 80MHz
[13:57:22] I (39) boot.esp32s3: SPI Mode       : QIO
[13:57:22] I (43) boot.esp32s3: SPI Flash Size : 16MB
[13:57:22] I (47) boot: Enabling RNG early entropy source...
[13:57:22] I (51) boot: Partition Table:
[13:57:22] I (54) boot: ## Label            Usage          Type ST Offset   Length
[13:57:22] I (60) boot:  0 nvs              WiFi data        01 02 00009000 00006000
[13:57:22] I (67) boot:  1 phy_init         RF data          01 01 0000f000 00001000
[13:57:22] I (73) boot:  2 factory          factory app      00 00 00010000 00100000
[13:57:22] I (80) boot:  3 drawing          Unknown data     01 40 00110000 00300000
[13:57:22] I (86) boot:  4 export           Unknown data     01 41 00410000 00500000
[13:57:22] I (93) boot:  5 coredump         Unknown data     01 03 00910000 00010000
[13:57:22] I (100) boot: End of partition table
[13:57:22] I (103) esp_image: segment 0: paddr=00010020 vaddr=3c040020 size=0f864h ( 63588) map
[13:57:22] I (120) esp_image: segment 1: paddr=0001f88c vaddr=3fc93e00 size=0078ch (  1932) load
[13:57:22] I (121) esp_image: segment 2: paddr=00020020 vaddr=42000020 size=3075ch (198492) map
[13:57:22] I (156) esp_image: segment 3: paddr=00050784 vaddr=3fc9458c size=02e98h ( 11928) load
[13:57:22] I (159) esp_image: segment 4: paddr=00053624 vaddr=40374000 size=0fd1ch ( 64796) load
[13:57:22] I (173) esp_image: segment 5: paddr=00063348 vaddr=50000000 size=00024h (    36) load
[13:57:22] I (180) boot: Loaded app from partition at offset 0x10000
[13:57:22] I (180) boot: Disabling RNG early entropy source...
[13:57:22] I (191) octal_psram: vendor id    : 0x0d (AP)
[13:57:22] I (191) octal_psram: dev id       : 0x02 (generation 3)
[13:57:22] I (191) octal_psram: density      : 0x03 (64 Mbit)
[13:57:22] I (193) octal_psram: good-die     : 0x01 (Pass)
[13:57:22] I (197) octal_psram: Latency      : 0x01 (Fixed)
[13:57:22] I (201) octal_psram: VCC          : 0x01 (3V)
[13:57:22] I (206) octal_psram: SRF          : 0x01 (Fast Refresh)
[13:57:22] I (211) octal_psram: BurstType    : 0x01 (Hybrid Wrap)
[13:57:22] I (215) octal_psram: BurstLen     : 0x01 (32 Byte)
[13:57:22] I (220) octal_psram: Readlatency  : 0x02 (10 cycles@Fixed)
[13:57:22] I (225) octal_psram: DriveStrength: 0x00 (1/1)
[13:57:22] I (229) MSPI Timing: Enter psram timing tuning
[13:57:22] I (234) esp_psram: Found 8MB PSRAM device
[13:57:22] I (237) esp_psram: Speed: 80MHz
[13:57:22] I (240) cpu_start: Multicore app
[13:57:22] I (656) esp_psram: SPI SRAM memory test OK
[13:57:22] I (664) cpu_start: GPIO 44 and 43 are used as console UART I/O pins
[13:57:22] I (665) cpu_start: Pro cpu start user code
[13:57:22] I (665) cpu_start: cpu freq: 240000000 Hz
[13:57:22] I (667) app_init: Application information:
[13:57:22] I (670) app_init: Project name:     tinydraw_esp32
[13:57:22] I (675) app_init: App version:      26a05f5
[13:57:22] I (679) app_init: Compile time:     Aug 14 2026 13:53:16
[13:57:22] I (684) app_init: ELF file SHA256:  73355c8d3...
[13:57:22] I (688) app_init: ESP-IDF:          v6.0.2
[13:57:22] I (692) efuse_init: Min chip rev:     v0.0
[13:57:22] I (696) efuse_init: Max chip rev:     v0.99 
[13:57:22] I (700) efuse_init: Chip rev:         v0.2
[13:57:22] I (704) heap_init: Initializing. RAM available for dynamic allocation:
[13:57:22] I (710) heap_init: At 3FC97EF0 len 00051820 (326 KiB): RAM
[13:57:22] I (715) heap_init: At 3FCE9710 len 00005724 (21 KiB): RAM
[13:57:22] I (720) heap_init: At 3FCF0000 len 00008000 (32 KiB): DRAM
[13:57:22] I (725) heap_init: At 600FE000 len 00001FE8 (7 KiB): RTCRAM
[13:57:22] I (731) esp_psram: Adding pool of 8192K of PSRAM memory to heap allocator
[13:57:22] I (738) spi_flash: detected chip: generic
[13:57:22] I (741) spi_flash: flash io: qio
[13:57:22] I (744) sleep_gpio: Configure to isolate all GPIO pins in sleep state
[13:57:22] I (750) sleep_gpio: Enable automatic switching of GPIO sleep configuration
[13:57:22] I (757) main_task: Started on CPU0
[13:57:22] I (760) main_task: Calling app_main()
[13:57:22] TINYDRAW_PANEL_HARD_RESET=1
[13:57:22] I (957) co5300: version: 2.1.0
[13:57:22] I (958) co5300_spi: LCD panel create success, version: 2.1.0
[13:57:22] W (1038) co5300_spi: The 3Ah command has been used and will be overwritten by external initialization sequence
[13:57:22] I (1139) CST816S: IC id: 183
[13:57:23] TINYDRAW_LIVE_PRESENT kind=startup zoom=25 x=0 y=0 compose_us=35073 scroll_us=0 exposed_compose_us=0 chrome_us=0 read_submit_us=0 read_complete_us=0 transfer_wait_us=19700 tile_pixels=0 uniform_pixels=0 overview_pixels=164864 fallback_pixels=0 resident_tiles=0 fallback_tiles=0 pushes=21 tear_wait_us=10210 tear_sync=1 frame_reused=0 pass=1
[13:57:25] TINYDRAW_LIVE_STRESS operations=1000 samples=20000 total_us=2470990 average_us=2470 maximum_us=2568 free_psram=3042440 largest_psram=3014656
[13:57:25] TINYDRAW_LIVE_PRESENT kind=gate_fallback zoom=100 x=0 y=0 compose_us=23164 scroll_us=0 exposed_compose_us=0 chrome_us=0 read_submit_us=27226 read_complete_us=28017 transfer_wait_us=19413 tile_pixels=0 uniform_pixels=0 overview_pixels=0 fallback_pixels=164864 resident_tiles=0 fallback_tiles=42 pushes=21 tear_wait_us=3205 tear_sync=1 frame_reused=0 pass=1
[13:57:25] TINYDRAW_GATE1_HARD zoom=100 cold=1 operations=1000 samples=20000 steps=192 tiles=42 scanned=12000 rendered=1659 max_supertask_us=8837 presentation_us=64280 total_us=259845 pass=1
[13:57:25] TINYDRAW_LIVE_PRESENT kind=gate_fallback zoom=400 x=0 y=0 compose_us=22625 scroll_us=0 exposed_compose_us=0 chrome_us=0 read_submit_us=30254 read_complete_us=31047 transfer_wait_us=19332 tile_pixels=0 uniform_pixels=0 overview_pixels=0 fallback_pixels=164864 resident_tiles=0 fallback_tiles=42 pushes=21 tear_wait_us=6787 tear_sync=1 frame_reused=0 pass=1
[13:57:26] TINYDRAW_GATE1_HARD zoom=400 cold=1 operations=1000 samples=20000 steps=196 tiles=42 scanned=12000 rendered=120 max_supertask_us=8078 presentation_us=60589 total_us=190169 pass=1
[13:57:26] TINYDRAW_OVERLAP_WORKLOAD operations=8 samples=1200 radius_world=80
[13:57:27] TINYDRAW_GATE1_PACED_COLD corpus=overlap zoom=50 x=215 y=255 steps=535 tiles=56 compute_us=424639 present_us=75104 touch_us=1809 pacing_us=39769 wall_us=541321 max_tick_us=8959 touch_samples=4219 touch_interval_max_us=1970 touch_read_max_us=557 touch_event_age_max_us=0 touch_errors=0 touch_overflows=0 pass=1
[13:57:27] TINYDRAW_GATE1_PACED_COLD corpus=overlap zoom=100 x=583 y=703 steps=448 tiles=48 compute_us=299973 present_us=74753 touch_us=1393 pacing_us=29834 wall_us=405953 max_tick_us=9120 touch_samples=469 touch_interval_max_us=1783 touch_read_max_us=491 touch_event_age_max_us=0 touch_errors=0 touch_overflows=0 pass=1
[13:57:28] TINYDRAW_GATE1_PACED_COLD corpus=overlap zoom=200 x=1319 y=1599 steps=503 tiles=56 compute_us=306070 present_us=74238 touch_us=1487 pacing_us=34171 wall_us=415966 max_tick_us=9010 touch_samples=480 touch_interval_max_us=1145 touch_read_max_us=437 touch_event_age_max_us=0 touch_errors=0 touch_overflows=0 pass=1
[13:57:28] TINYDRAW_GATE1_PACED_COLD corpus=overlap zoom=400 x=2791 y=3391 steps=555 tiles=56 compute_us=300054 present_us=72130 touch_us=1595 pacing_us=42186 wall_us=415965 max_tick_us=8260 touch_samples=487 touch_interval_max_us=1121 touch_read_max_us=418 touch_event_age_max_us=0 touch_errors=0 touch_overflows=0 pass=1
[13:57:29] TINYDRAW_ADVERSARIAL_TAPERED_WORKLOAD operations=128 samples=4096 erasers=12 load_us=463833 appended=1
[13:57:29] TINYDRAW_GATE1_PACED_COLD corpus=adversarial_tapered_4x zoom=50 x=0 y=0 steps=104 tiles=42 compute_us=101935 present_us=54013 touch_us=462 pacing_us=8560 wall_us=164970 max_tick_us=6950 touch_samples=741 touch_interval_max_us=1140 touch_read_max_us=408 touch_event_age_max_us=0 touch_errors=0 touch_overflows=0 pass=1
[13:57:29] TINYDRAW_GATE1_PACED_COLD corpus=adversarial_tapered_4x zoom=100 x=0 y=0 steps=348 tiles=42 compute_us=163286 present_us=51826 touch_us=1075 pacing_us=26769 wall_us=242956 max_tick_us=7345 touch_samples=313 touch_interval_max_us=1119 touch_read_max_us=391 touch_event_age_max_us=0 touch_errors=0 touch_overflows=0 pass=1
[13:57:30] TINYDRAW_GATE1_PACED_COLD corpus=adversarial_tapered_4x zoom=200 x=0 y=0 steps=1214 tiles=42 compute_us=455899 present_us=58062 touch_us=3240 pacing_us=83768 wall_us=600969 max_tick_us=7728 touch_samples=678 touch_interval_max_us=1170 touch_read_max_us=436 touch_event_age_max_us=0 touch_errors=0 touch_overflows=0 pass=1
[13:57:31] TINYDRAW_GATE1_PACED_COLD corpus=adversarial_tapered_4x zoom=400 x=0 y=0 steps=4018 tiles=42 compute_us=1109519 present_us=60736 touch_us=9977 pacing_us=270677 wall_us=1450909 max_tick_us=7788 touch_samples=1521 touch_interval_max_us=1149 touch_read_max_us=426 touch_event_age_max_us=0 touch_errors=0 touch_overflows=0 pass=1
[13:57:34] TINYDRAW_GATE1_WORKLOAD kind=realistic seed=7 operations=1000 samples=19844 maximum_stroke=198 load_us=2424266 raw_source=1 lod_copies=0
[13:57:34] TINYDRAW_GATE1_PACED_COLD corpus=seed7 zoom=400 x=63 y=63 steps=281 tiles=56 compute_us=244397 present_us=77951 touch_us=798 pacing_us=19823 wall_us=342969 max_tick_us=9791 touch_samples=2956 touch_interval_max_us=1871 touch_read_max_us=486 touch_event_age_max_us=0 touch_errors=0 touch_overflows=0 pass=1
[13:57:34] TINYDRAW_LIVE_PRESENT kind=gate_fallback zoom=100 x=0 y=0 compose_us=23357 scroll_us=0 exposed_compose_us=0 chrome_us=0 read_submit_us=24895 read_complete_us=25692 transfer_wait_us=20293 tile_pixels=0 uniform_pixels=0 overview_pixels=0 fallback_pixels=164864 resident_tiles=0 fallback_tiles=42 pushes=21 tear_wait_us=691 tear_sync=1 frame_reused=0 pass=1
[13:57:36] TINYDRAW_GATE1_HARD zoom=100 cold=1 operations=1000 samples=19844 steps=275 tiles=42 scanned=12000 rendered=5232 max_supertask_us=9042 presentation_us=63543 total_us=363279 pass=1
[13:57:36] TINYDRAW_GATE1_PAN zoom=100 from_x=0 from_y=0 to_x=88 to_y=88 compose_us=27149 scroll_us=11374 exposed_compose_us=15775 chrome_us=0 event_submit_us=30604 event_complete_us=31400 transfer_us=19358 setup=1 present=1 moved=1 frame_reused=1 pass=1
[13:57:36] TINYDRAW_LIVE_PRESENT kind=gate_fallback zoom=400 x=0 y=0 compose_us=22666 scroll_us=0 exposed_compose_us=0 chrome_us=0 read_submit_us=37428 read_complete_us=38225 transfer_wait_us=20022 tile_pixels=0 uniform_pixels=0 overview_pixels=0 fallback_pixels=164864 resident_tiles=0 fallback_tiles=42 pushes=21 tear_wait_us=13870 tear_sync=1 frame_reused=0 pass=1
[13:57:36] TINYDRAW_GATE1_HARD zoom=400 cold=1 operations=1000 samples=19844 steps=211 tiles=42 scanned=12000 rendered=591 max_supertask_us=9774 presentation_us=61671 total_us=240104 pass=1
[13:57:36] TINYDRAW_GATE1_PAN zoom=400 from_x=0 from_y=0 to_x=88 to_y=88 compose_us=27069 scroll_us=11357 exposed_compose_us=15712 chrome_us=0 event_submit_us=30140 event_complete_us=30940 transfer_us=19824 setup=1 present=1 moved=1 frame_reused=1 pass=1
[13:57:36] TINYDRAW_GATE1_DRAW_FILL zoom=400 revision=2140 append_us=2914 poll_gap_us=81 event_submit_us=2312 event_complete_us=2484 max_compute_slice_us=3912 max_display_slice_us=9790 fill_us=236353 revision_restarted=1 pass=1
=== RUN 11 ===
[13:57:37] ESP-ROM:esp32s3-20210327
[13:57:37] Build:Mar 27 2021
[13:57:37] rst:0x15 (USB_UART_CHIP_RESET),boot:0x2b (SPI_FAST_FLASH_BOOT)
[13:57:37] Saved PC:0x420299b8
[13:57:37] SPIWP:0xee
[13:57:37] mode:DIO, clock div:1
[13:57:37] load:0x3fce2820,len:0x1664
[13:57:37] load:0x403c8700,len:0xf38
[13:57:37] load:0x403cb700,len:0x31e8
[13:57:37] entry 0x403c8930
[13:57:37] I (24) boot: ESP-IDF v6.0.2 2nd stage bootloader
[13:57:37] I (24) boot: compile time Aug 14 2026 13:53:22
[13:57:37] I (25) boot: Multicore bootloader
[13:57:37] I (25) boot: chip revision: v0.2
[13:57:37] I (28) boot: efuse block revision: v1.3
[13:57:37] I (31) qio_mode: Enabling default flash chip QIO
[13:57:37] I (36) boot.esp32s3: Boot SPI Speed : 80MHz
[13:57:37] I (39) boot.esp32s3: SPI Mode       : QIO
[13:57:37] I (43) boot.esp32s3: SPI Flash Size : 16MB
[13:57:37] I (47) boot: Enabling RNG early entropy source...
[13:57:37] I (51) boot: Partition Table:
[13:57:37] I (54) boot: ## Label            Usage          Type ST Offset   Length
[13:57:37] I (60) boot:  0 nvs              WiFi data        01 02 00009000 00006000
[13:57:37] I (67) boot:  1 phy_init         RF data          01 01 0000f000 00001000
[13:57:37] I (73) boot:  2 factory          factory app      00 00 00010000 00100000
[13:57:37] I (80) boot:  3 drawing          Unknown data     01 40 00110000 00300000
[13:57:37] I (86) boot:  4 export           Unknown data     01 41 00410000 00500000
[13:57:37] I (93) boot:  5 coredump         Unknown data     01 03 00910000 00010000
[13:57:37] I (100) boot: End of partition table
[13:57:37] I (103) esp_image: segment 0: paddr=00010020 vaddr=3c040020 size=0f864h ( 63588) map
[13:57:37] I (120) esp_image: segment 1: paddr=0001f88c vaddr=3fc93e00 size=0078ch (  1932) load
[13:57:37] I (121) esp_image: segment 2: paddr=00020020 vaddr=42000020 size=3075ch (198492) map
[13:57:37] I (156) esp_image: segment 3: paddr=00050784 vaddr=3fc9458c size=02e98h ( 11928) load
[13:57:37] I (159) esp_image: segment 4: paddr=00053624 vaddr=40374000 size=0fd1ch ( 64796) load
[13:57:37] I (173) esp_image: segment 5: paddr=00063348 vaddr=50000000 size=00024h (    36) load
[13:57:37] I (180) boot: Loaded app from partition at offset 0x10000
[13:57:37] I (180) boot: Disabling RNG early entropy source...
[13:57:37] I (191) octal_psram: vendor id    : 0x0d (AP)
[13:57:37] I (191) octal_psram: dev id       : 0x02 (generation 3)
[13:57:37] I (191) octal_psram: density      : 0x03 (64 Mbit)
[13:57:37] I (193) octal_psram: good-die     : 0x01 (Pass)
[13:57:37] I (197) octal_psram: Latency      : 0x01 (Fixed)
[13:57:37] I (201) octal_psram: VCC          : 0x01 (3V)
[13:57:37] I (206) octal_psram: SRF          : 0x01 (Fast Refresh)
[13:57:37] I (211) octal_psram: BurstType    : 0x01 (Hybrid Wrap)
[13:57:37] I (215) octal_psram: BurstLen     : 0x01 (32 Byte)
[13:57:37] I (220) octal_psram: Readlatency  : 0x02 (10 cycles@Fixed)
[13:57:37] I (225) octal_psram: DriveStrength: 0x00 (1/1)
[13:57:37] I (229) MSPI Timing: Enter psram timing tuning
[13:57:37] I (234) esp_psram: Found 8MB PSRAM device
[13:57:37] I (237) esp_psram: Speed: 80MHz
[13:57:37] I (240) cpu_start: Multicore app
[13:57:37] I (656) esp_psram: SPI SRAM memory test OK
[13:57:37] I (664) cpu_start: GPIO 44 and 43 are used as console UART I/O pins
[13:57:37] I (665) cpu_start: Pro cpu start user code
[13:57:37] I (665) cpu_start: cpu freq: 240000000 Hz
[13:57:37] I (667) app_init: Application information:
[13:57:37] I (670) app_init: Project name:     tinydraw_esp32
[13:57:37] I (675) app_init: App version:      26a05f5
[13:57:37] I (679) app_init: Compile time:     Aug 14 2026 13:53:16
[13:57:37] I (684) app_init: ELF file SHA256:  73355c8d3...
[13:57:37] I (688) app_init: ESP-IDF:          v6.0.2
[13:57:37] I (692) efuse_init: Min chip rev:     v0.0
[13:57:37] I (696) efuse_init: Max chip rev:     v0.99 
[13:57:37] I (700) efuse_init: Chip rev:         v0.2
[13:57:37] I (704) heap_init: Initializing. RAM available for dynamic allocation:
[13:57:37] I (710) heap_init: At 3FC97EF0 len 00051820 (326 KiB): RAM
[13:57:37] I (715) heap_init: At 3FCE9710 len 00005724 (21 KiB): RAM
[13:57:37] I (720) heap_init: At 3FCF0000 len 00008000 (32 KiB): DRAM
[13:57:37] I (725) heap_init: At 600FE000 len 00001FE8 (7 KiB): RTCRAM
[13:57:37] I (731) esp_psram: Adding pool of 8192K of PSRAM memory to heap allocator
[13:57:37] I (738) spi_flash: detected chip: generic
[13:57:37] I (741) spi_flash: flash io: qio
[13:57:37] I (744) sleep_gpio: Configure to isolate all GPIO pins in sleep state
[13:57:37] I (750) sleep_gpio: Enable automatic switching of GPIO sleep configuration
[13:57:37] I (757) main_task: Started on CPU0
[13:57:37] I (760) main_task: Calling app_main()
[13:57:37] TINYDRAW_PANEL_HARD_RESET=1
[13:57:37] I (957) co5300: version: 2.1.0
[13:57:37] I (958) co5300_spi: LCD panel create success, version: 2.1.0
[13:57:38] W (1038) co5300_spi: The 3Ah command has been used and will be overwritten by external initialization sequence
[13:57:38] I (1139) CST816S: IC id: 183
[13:57:38] TINYDRAW_LIVE_PRESENT kind=startup zoom=25 x=0 y=0 compose_us=35074 scroll_us=0 exposed_compose_us=0 chrome_us=0 read_submit_us=0 read_complete_us=0 transfer_wait_us=19658 tile_pixels=0 uniform_pixels=0 overview_pixels=164864 fallback_pixels=0 resident_tiles=0 fallback_tiles=0 pushes=21 tear_wait_us=10257 tear_sync=1 frame_reused=0 pass=1
[13:57:40] TINYDRAW_LIVE_STRESS operations=1000 samples=20000 total_us=2470410 average_us=2470 maximum_us=2588 free_psram=3042440 largest_psram=3014656
[13:57:40] TINYDRAW_LIVE_PRESENT kind=gate_fallback zoom=100 x=0 y=0 compose_us=23204 scroll_us=0 exposed_compose_us=0 chrome_us=0 read_submit_us=28593 read_complete_us=29390 transfer_wait_us=19606 tile_pixels=0 uniform_pixels=0 overview_pixels=0 fallback_pixels=164864 resident_tiles=0 fallback_tiles=42 pushes=21 tear_wait_us=4552 tear_sync=1 frame_reused=0 pass=1
[13:57:41] TINYDRAW_GATE1_HARD zoom=100 cold=1 operations=1000 samples=20000 steps=192 tiles=42 scanned=12000 rendered=1659 max_supertask_us=8809 presentation_us=64272 total_us=259755 pass=1
[13:57:41] TINYDRAW_LIVE_PRESENT kind=gate_fallback zoom=400 x=0 y=0 compose_us=22639 scroll_us=0 exposed_compose_us=0 chrome_us=0 read_submit_us=30377 read_complete_us=31173 transfer_wait_us=20229 tile_pixels=0 uniform_pixels=0 overview_pixels=0 fallback_pixels=164864 resident_tiles=0 fallback_tiles=42 pushes=21 tear_wait_us=6875 tear_sync=1 frame_reused=0 pass=1
[13:57:41] TINYDRAW_GATE1_HARD zoom=400 cold=1 operations=1000 samples=20000 steps=196 tiles=42 scanned=12000 rendered=120 max_supertask_us=8072 presentation_us=60527 total_us=190153 pass=1
[13:57:41] TINYDRAW_OVERLAP_WORKLOAD operations=8 samples=1200 radius_world=80
[13:57:42] TINYDRAW_GATE1_PACED_COLD corpus=overlap zoom=50 x=215 y=255 steps=535 tiles=56 compute_us=423733 present_us=76108 touch_us=1814 pacing_us=37667 wall_us=539322 max_tick_us=8966 touch_samples=4218 touch_interval_max_us=1992 touch_read_max_us=557 touch_event_age_max_us=0 touch_errors=0 touch_overflows=0 pass=1
[13:57:42] TINYDRAW_GATE1_PACED_COLD corpus=overlap zoom=100 x=583 y=703 steps=448 tiles=48 compute_us=299882 present_us=73794 touch_us=1379 pacing_us=28899 wall_us=403954 max_tick_us=9001 touch_samples=470 touch_interval_max_us=1795 touch_read_max_us=484 touch_event_age_max_us=0 touch_errors=0 touch_overflows=0 pass=1
[13:57:43] TINYDRAW_GATE1_PACED_COLD corpus=overlap zoom=200 x=1319 y=1599 steps=503 tiles=56 compute_us=306040 present_us=74204 touch_us=1488 pacing_us=34236 wall_us=415968 max_tick_us=9010 touch_samples=483 touch_interval_max_us=1136 touch_read_max_us=446 touch_event_age_max_us=0 touch_errors=0 touch_overflows=0 pass=1
[13:57:43] TINYDRAW_GATE1_PACED_COLD corpus=overlap zoom=400 x=2791 y=3391 steps=555 tiles=56 compute_us=299902 present_us=72193 touch_us=1567 pacing_us=42304 wall_us=415966 max_tick_us=8264 touch_samples=487 touch_interval_max_us=1172 touch_read_max_us=436 touch_event_age_max_us=0 touch_errors=0 touch_overflows=0 pass=1
[13:57:44] TINYDRAW_ADVERSARIAL_TAPERED_WORKLOAD operations=128 samples=4096 erasers=12 load_us=462292 appended=1
[13:57:44] TINYDRAW_GATE1_PACED_COLD corpus=adversarial_tapered_4x zoom=50 x=0 y=0 steps=104 tiles=42 compute_us=101831 present_us=53993 touch_us=476 pacing_us=7668 wall_us=163968 max_tick_us=6949 touch_samples=740 touch_interval_max_us=1157 touch_read_max_us=416 touch_event_age_max_us=0 touch_errors=0 touch_overflows=0 pass=1
[13:57:44] TINYDRAW_GATE1_PACED_COLD corpus=adversarial_tapered_4x zoom=100 x=0 y=0 steps=348 tiles=42 compute_us=163229 present_us=51853 touch_us=1064 pacing_us=26809 wall_us=242955 max_tick_us=7353 touch_samples=315 touch_interval_max_us=1106 touch_read_max_us=380 touch_event_age_max_us=0 touch_errors=0 touch_overflows=0 pass=1
[13:57:45] TINYDRAW_GATE1_PACED_COLD corpus=adversarial_tapered_4x zoom=200 x=0 y=0 steps=1214 tiles=42 compute_us=456505 present_us=58003 touch_us=3280 pacing_us=85180 wall_us=602968 max_tick_us=7733 touch_samples=679 touch_interval_max_us=1157 touch_read_max_us=434 touch_event_age_max_us=0 touch_errors=0 touch_overflows=0 pass=1
[13:57:47] TINYDRAW_GATE1_PACED_COLD corpus=adversarial_tapered_4x zoom=400 x=0 y=0 steps=4018 tiles=42 compute_us=1109272 present_us=60750 touch_us=9852 pacing_us=270040 wall_us=1449914 max_tick_us=7798 touch_samples=1520 touch_interval_max_us=1128 touch_read_max_us=401 touch_event_age_max_us=0 touch_errors=0 touch_overflows=0 pass=1
[13:57:49] TINYDRAW_GATE1_WORKLOAD kind=realistic seed=7 operations=1000 samples=19844 maximum_stroke=198 load_us=2421114 raw_source=1 lod_copies=0
[13:57:50] TINYDRAW_GATE1_PACED_COLD corpus=seed7 zoom=400 x=63 y=63 steps=281 tiles=56 compute_us=244429 present_us=77874 touch_us=780 pacing_us=19885 wall_us=342968 max_tick_us=9791 touch_samples=2961 touch_interval_max_us=1151 touch_read_max_us=444 touch_event_age_max_us=0 touch_errors=0 touch_overflows=0 pass=1
[13:57:50] TINYDRAW_LIVE_PRESENT kind=gate_fallback zoom=100 x=0 y=0 compose_us=23360 scroll_us=0 exposed_compose_us=0 chrome_us=0 read_submit_us=25154 read_complete_us=25953 transfer_wait_us=20035 tile_pixels=0 uniform_pixels=0 overview_pixels=0 fallback_pixels=164864 resident_tiles=0 fallback_tiles=42 pushes=21 tear_wait_us=917 tear_sync=1 frame_reused=0 pass=1
[13:57:52] TINYDRAW_GATE1_HARD zoom=100 cold=1 operations=1000 samples=19844 steps=275 tiles=42 scanned=12000 rendered=5232 max_supertask_us=9076 presentation_us=63788 total_us=363131 pass=1
[13:57:52] TINYDRAW_GATE1_PAN zoom=100 from_x=0 from_y=0 to_x=88 to_y=88 compose_us=27193 scroll_us=11390 exposed_compose_us=15803 chrome_us=0 event_submit_us=31071 event_complete_us=31872 transfer_us=19892 setup=1 present=1 moved=1 frame_reused=1 pass=1
[13:57:52] TINYDRAW_LIVE_PRESENT kind=gate_fallback zoom=400 x=0 y=0 compose_us=22651 scroll_us=0 exposed_compose_us=0 chrome_us=0 read_submit_us=36780 read_complete_us=37577 transfer_wait_us=19671 tile_pixels=0 uniform_pixels=0 overview_pixels=0 fallback_pixels=164864 resident_tiles=0 fallback_tiles=42 pushes=21 tear_wait_us=13287 tear_sync=1 frame_reused=0 pass=1
[13:57:52] TINYDRAW_GATE1_HARD zoom=400 cold=1 operations=1000 samples=19844 steps=211 tiles=42 scanned=12000 rendered=591 max_supertask_us=9784 presentation_us=61818 total_us=239971 pass=1
[13:57:52] TINYDRAW_GATE1_PAN zoom=400 from_x=0 from_y=0 to_x=88 to_y=88 compose_us=27099 scroll_us=11370 exposed_compose_us=15729 chrome_us=0 event_submit_us=30191 event_complete_us=30991 transfer_us=19773 setup=1 present=1 moved=1 frame_reused=1 pass=1
[13:57:52] TINYDRAW_GATE1_DRAW_FILL zoom=400 revision=2140 append_us=2913 poll_gap_us=81 event_submit_us=2322 event_complete_us=2488 max_compute_slice_us=3913 max_display_slice_us=9791 fill_us=236440 revision_restarted=1 pass=1
=== RUN 12 ===
[13:57:52] ESP-ROM:esp32s3-20210327
[13:57:52] Build:Mar 27 2021
[13:57:52] rst:0x15 (USB_UART_CHIP_RESET),boot:0x2b (SPI_FAST_FLASH_BOOT)
[13:57:52] Saved PC:0x42018955
[13:57:52] SPIWP:0xee
[13:57:52] mode:DIO, clock div:1
[13:57:52] load:0x3fce2820,len:0x1664
[13:57:52] load:0x403c8700,len:0xf38
[13:57:52] load:0x403cb700,len:0x31e8
[13:57:52] entry 0x403c8930
[13:57:52] I (24) boot: ESP-IDF v6.0.2 2nd stage bootloader
[13:57:52] I (24) boot: compile time Aug 14 2026 13:53:22
[13:57:52] I (25) boot: Multicore bootloader
[13:57:52] I (25) boot: chip revision: v0.2
[13:57:52] I (28) boot: efuse block revision: v1.3
[13:57:52] I (31) qio_mode: Enabling default flash chip QIO
[13:57:52] I (36) boot.esp32s3: Boot SPI Speed : 80MHz
[13:57:52] I (39) boot.esp32s3: SPI Mode       : QIO
[13:57:52] I (43) boot.esp32s3: SPI Flash Size : 16MB
[13:57:52] I (47) boot: Enabling RNG early entropy source...
[13:57:52] I (51) boot: Partition Table:
[13:57:52] I (54) boot: ## Label            Usage          Type ST Offset   Length
[13:57:52] I (60) boot:  0 nvs              WiFi data        01 02 00009000 00006000
[13:57:52] I (67) boot:  1 phy_init         RF data          01 01 0000f000 00001000
[13:57:52] I (73) boot:  2 factory          factory app      00 00 00010000 00100000
[13:57:52] I (80) boot:  3 drawing          Unknown data     01 40 00110000 00300000
[13:57:52] I (86) boot:  4 export           Unknown data     01 41 00410000 00500000
[13:57:52] I (93) boot:  5 coredump         Unknown data     01 03 00910000 00010000
[13:57:52] I (100) boot: End of partition table
[13:57:52] I (103) esp_image: segment 0: paddr=00010020 vaddr=3c040020 size=0f864h ( 63588) map
[13:57:52] I (120) esp_image: segment 1: paddr=0001f88c vaddr=3fc93e00 size=0078ch (  1932) load
[13:57:52] I (121) esp_image: segment 2: paddr=00020020 vaddr=42000020 size=3075ch (198492) map
[13:57:52] I (156) esp_image: segment 3: paddr=00050784 vaddr=3fc9458c size=02e98h ( 11928) load
[13:57:52] I (159) esp_image: segment 4: paddr=00053624 vaddr=40374000 size=0fd1ch ( 64796) load
[13:57:52] I (173) esp_image: segment 5: paddr=00063348 vaddr=50000000 size=00024h (    36) load
[13:57:52] I (180) boot: Loaded app from partition at offset 0x10000
[13:57:52] I (180) boot: Disabling RNG early entropy source...
[13:57:52] I (191) octal_psram: vendor id    : 0x0d (AP)
[13:57:52] I (191) octal_psram: dev id       : 0x02 (generation 3)
[13:57:52] I (191) octal_psram: density      : 0x03 (64 Mbit)
[13:57:52] I (193) octal_psram: good-die     : 0x01 (Pass)
[13:57:52] I (197) octal_psram: Latency      : 0x01 (Fixed)
[13:57:52] I (201) octal_psram: VCC          : 0x01 (3V)
[13:57:52] I (206) octal_psram: SRF          : 0x01 (Fast Refresh)
[13:57:52] I (211) octal_psram: BurstType    : 0x01 (Hybrid Wrap)
[13:57:52] I (215) octal_psram: BurstLen     : 0x01 (32 Byte)
[13:57:52] I (220) octal_psram: Readlatency  : 0x02 (10 cycles@Fixed)
[13:57:52] I (225) octal_psram: DriveStrength: 0x00 (1/1)
[13:57:52] I (229) MSPI Timing: Enter psram timing tuning
[13:57:52] I (234) esp_psram: Found 8MB PSRAM device
[13:57:52] I (237) esp_psram: Speed: 80MHz
[13:57:52] I (240) cpu_start: Multicore app
[13:57:52] I (656) esp_psram: SPI SRAM memory test OK
[13:57:52] I (664) cpu_start: GPIO 44 and 43 are used as console UART I/O pins
[13:57:52] I (665) cpu_start: Pro cpu start user code
[13:57:52] I (665) cpu_start: cpu freq: 240000000 Hz
[13:57:52] I (667) app_init: Application information:
[13:57:52] I (670) app_init: Project name:     tinydraw_esp32
[13:57:52] I (675) app_init: App version:      26a05f5
[13:57:52] I (679) app_init: Compile time:     Aug 14 2026 13:53:16
[13:57:52] I (684) app_init: ELF file SHA256:  73355c8d3...
[13:57:52] I (688) app_init: ESP-IDF:          v6.0.2
[13:57:52] I (692) efuse_init: Min chip rev:     v0.0
[13:57:52] I (696) efuse_init: Max chip rev:     v0.99 
[13:57:52] I (700) efuse_init: Chip rev:         v0.2
[13:57:53] I (704) heap_init: Initializing. RAM available for dynamic allocation:
[13:57:53] I (710) heap_init: At 3FC97EF0 len 00051820 (326 KiB): RAM
[13:57:53] I (715) heap_init: At 3FCE9710 len 00005724 (21 KiB): RAM
[13:57:53] I (720) heap_init: At 3FCF0000 len 00008000 (32 KiB): DRAM
[13:57:53] I (725) heap_init: At 600FE000 len 00001FE8 (7 KiB): RTCRAM
[13:57:53] I (731) esp_psram: Adding pool of 8192K of PSRAM memory to heap allocator
[13:57:53] I (738) spi_flash: detected chip: generic
[13:57:53] I (741) spi_flash: flash io: qio
[13:57:53] I (744) sleep_gpio: Configure to isolate all GPIO pins in sleep state
[13:57:53] I (750) sleep_gpio: Enable automatic switching of GPIO sleep configuration
[13:57:53] I (757) main_task: Started on CPU0
[13:57:53] I (760) main_task: Calling app_main()
[13:57:53] TINYDRAW_PANEL_HARD_RESET=1
[13:57:53] I (957) co5300: version: 2.1.0
[13:57:53] I (958) co5300_spi: LCD panel create success, version: 2.1.0
[13:57:53] W (1038) co5300_spi: The 3Ah command has been used and will be overwritten by external initialization sequence
[13:57:53] I (1139) CST816S: IC id: 183
[13:57:53] TINYDRAW_LIVE_PRESENT kind=startup zoom=25 x=0 y=0 compose_us=35071 scroll_us=0 exposed_compose_us=0 chrome_us=0 read_submit_us=0 read_complete_us=0 transfer_wait_us=19756 tile_pixels=0 uniform_pixels=0 overview_pixels=164864 fallback_pixels=0 resident_tiles=0 fallback_tiles=0 pushes=21 tear_wait_us=10131 tear_sync=1 frame_reused=0 pass=1
[13:57:55] TINYDRAW_LIVE_STRESS operations=1000 samples=20000 total_us=2470252 average_us=2470 maximum_us=2590 free_psram=3042440 largest_psram=3014656
[13:57:56] TINYDRAW_LIVE_PRESENT kind=gate_fallback zoom=100 x=0 y=0 compose_us=23201 scroll_us=0 exposed_compose_us=0 chrome_us=0 read_submit_us=28061 read_complete_us=28856 transfer_wait_us=19327 tile_pixels=0 uniform_pixels=0 overview_pixels=0 fallback_pixels=164864 resident_tiles=0 fallback_tiles=42 pushes=21 tear_wait_us=4023 tear_sync=1 frame_reused=0 pass=1
[13:57:56] TINYDRAW_GATE1_HARD zoom=100 cold=1 operations=1000 samples=20000 steps=192 tiles=42 scanned=12000 rendered=1659 max_supertask_us=8799 presentation_us=64366 total_us=259712 pass=1
[13:57:56] TINYDRAW_LIVE_PRESENT kind=gate_fallback zoom=400 x=0 y=0 compose_us=22640 scroll_us=0 exposed_compose_us=0 chrome_us=0 read_submit_us=30758 read_complete_us=31554 transfer_wait_us=19927 tile_pixels=0 uniform_pixels=0 overview_pixels=0 fallback_pixels=164864 resident_tiles=0 fallback_tiles=42 pushes=21 tear_wait_us=7241 tear_sync=1 frame_reused=0 pass=1
[13:57:56] TINYDRAW_GATE1_HARD zoom=400 cold=1 operations=1000 samples=20000 steps=196 tiles=42 scanned=12000 rendered=120 max_supertask_us=8082 presentation_us=60553 total_us=190175 pass=1
[13:57:57] TINYDRAW_OVERLAP_WORKLOAD operations=8 samples=1200 radius_world=80
[13:57:57] TINYDRAW_GATE1_PACED_COLD corpus=overlap zoom=50 x=215 y=255 steps=535 tiles=56 compute_us=424295 present_us=76024 touch_us=1796 pacing_us=39215 wall_us=541330 max_tick_us=8953 touch_samples=4219 touch_interval_max_us=2030 touch_read_max_us=558 touch_event_age_max_us=0 touch_errors=0 touch_overflows=0 pass=1
[13:57:58] TINYDRAW_GATE1_PACED_COLD corpus=overlap zoom=100 x=583 y=703 steps=448 tiles=48 compute_us=300319 present_us=74641 touch_us=1398 pacing_us=29596 wall_us=405954 max_tick_us=9115 touch_samples=469 touch_interval_max_us=1791 touch_read_max_us=492 touch_event_age_max_us=0 touch_errors=0 touch_overflows=0 pass=1
[13:57:58] TINYDRAW_GATE1_PACED_COLD corpus=overlap zoom=200 x=1319 y=1599 steps=503 tiles=56 compute_us=305941 present_us=74269 touch_us=1482 pacing_us=34275 wall_us=415967 max_tick_us=9010 touch_samples=481 touch_interval_max_us=1137 touch_read_max_us=435 touch_event_age_max_us=0 touch_errors=0 touch_overflows=0 pass=1
[13:57:59] TINYDRAW_GATE1_PACED_COLD corpus=overlap zoom=400 x=2791 y=3391 steps=555 tiles=56 compute_us=299884 present_us=72258 touch_us=1606 pacing_us=41218 wall_us=414966 max_tick_us=8279 touch_samples=486 touch_interval_max_us=1116 touch_read_max_us=415 touch_event_age_max_us=0 touch_errors=0 touch_overflows=0 pass=1
[13:57:59] TINYDRAW_ADVERSARIAL_TAPERED_WORKLOAD operations=128 samples=4096 erasers=12 load_us=463730 appended=1
[13:58:00] TINYDRAW_GATE1_PACED_COLD corpus=adversarial_tapered_4x zoom=50 x=0 y=0 steps=104 tiles=42 compute_us=101729 present_us=53967 touch_us=467 pacing_us=8807 wall_us=164970 max_tick_us=6938 touch_samples=741 touch_interval_max_us=1157 touch_read_max_us=413 touch_event_age_max_us=0 touch_errors=0 touch_overflows=0 pass=1
[13:58:00] TINYDRAW_GATE1_PACED_COLD corpus=adversarial_tapered_4x zoom=100 x=0 y=0 steps=348 tiles=42 compute_us=163548 present_us=51834 touch_us=1057 pacing_us=26518 wall_us=242957 max_tick_us=7328 touch_samples=314 touch_interval_max_us=1094 touch_read_max_us=381 touch_event_age_max_us=0 touch_errors=0 touch_overflows=0 pass=1
[13:58:00] TINYDRAW_GATE1_PACED_COLD corpus=adversarial_tapered_4x zoom=200 x=0 y=0 steps=1214 tiles=42 compute_us=456846 present_us=58013 touch_us=3285 pacing_us=84824 wall_us=602968 max_tick_us=7725 touch_samples=679 touch_interval_max_us=1136 touch_read_max_us=410 touch_event_age_max_us=0 touch_errors=0 touch_overflows=0 pass=1
[13:58:02] TINYDRAW_GATE1_PACED_COLD corpus=adversarial_tapered_4x zoom=400 x=0 y=0 steps=4018 tiles=42 compute_us=1110975 present_us=60706 touch_us=10028 pacing_us=267176 wall_us=1448885 max_tick_us=7773 touch_samples=1518 touch_interval_max_us=1145 touch_read_max_us=420 touch_event_age_max_us=0 touch_errors=0 touch_overflows=0 pass=1
[13:58:04] TINYDRAW_GATE1_WORKLOAD kind=realistic seed=7 operations=1000 samples=19844 maximum_stroke=198 load_us=2420743 raw_source=1 lod_copies=0
[13:58:05] TINYDRAW_GATE1_PACED_COLD corpus=seed7 zoom=400 x=63 y=63 steps=281 tiles=56 compute_us=244398 present_us=77925 touch_us=792 pacing_us=19855 wall_us=342970 max_tick_us=9791 touch_samples=2962 touch_interval_max_us=1144 touch_read_max_us=432 touch_event_age_max_us=0 touch_errors=0 touch_overflows=0 pass=1
[13:58:05] TINYDRAW_LIVE_PRESENT kind=gate_fallback zoom=100 x=0 y=0 compose_us=23358 scroll_us=0 exposed_compose_us=0 chrome_us=0 read_submit_us=24817 read_complete_us=25613 transfer_wait_us=19370 tile_pixels=0 uniform_pixels=0 overview_pixels=0 fallback_pixels=164864 resident_tiles=0 fallback_tiles=42 pushes=21 tear_wait_us=613 tear_sync=1 frame_reused=0 pass=1
[13:58:07] TINYDRAW_GATE1_HARD zoom=100 cold=1 operations=1000 samples=19844 steps=275 tiles=42 scanned=12000 rendered=5232 max_supertask_us=9027 presentation_us=63555 total_us=363207 pass=1
[13:58:07] TINYDRAW_GATE1_PAN zoom=100 from_x=0 from_y=0 to_x=88 to_y=88 compose_us=27185 scroll_us=11372 exposed_compose_us=15813 chrome_us=0 event_submit_us=30421 event_complete_us=31222 transfer_us=19541 setup=1 present=1 moved=1 frame_reused=1 pass=1
[13:58:07] TINYDRAW_LIVE_PRESENT kind=gate_fallback zoom=400 x=0 y=0 compose_us=22668 scroll_us=0 exposed_compose_us=0 chrome_us=0 read_submit_us=37356 read_complete_us=38153 transfer_wait_us=20095 tile_pixels=0 uniform_pixels=0 overview_pixels=0 fallback_pixels=164864 resident_tiles=0 fallback_tiles=42 pushes=21 tear_wait_us=13792 tear_sync=1 frame_reused=0 pass=1
[13:58:07] TINYDRAW_GATE1_HARD zoom=400 cold=1 operations=1000 samples=19844 steps=211 tiles=42 scanned=12000 rendered=591 max_supertask_us=9785 presentation_us=61714 total_us=239979 pass=1
[13:58:07] TINYDRAW_GATE1_PAN zoom=400 from_x=0 from_y=0 to_x=88 to_y=88 compose_us=27097 scroll_us=11354 exposed_compose_us=15743 chrome_us=0 event_submit_us=30777 event_complete_us=31573 transfer_us=20186 setup=1 present=1 moved=1 frame_reused=1 pass=1
[13:58:07] TINYDRAW_GATE1_DRAW_FILL zoom=400 revision=2140 append_us=2920 poll_gap_us=92 event_submit_us=2313 event_complete_us=2481 max_compute_slice_us=3909 max_display_slice_us=9794 fill_us=236409 revision_restarted=1 pass=1
=== RUN 13 ===
[13:58:07] ESP-ROM:esp32s3-20210327
[13:58:07] Build:Mar 27 2021
[13:58:07] rst:0x15 (USB_UART_CHIP_RESET),boot:0x2b (SPI_FAST_FLASH_BOOT)
[13:58:07] Saved PC:0x4037d746
[13:58:07] SPIWP:0xee
[13:58:07] mode:DIO, clock div:1
[13:58:07] load:0x3fce2820,len:0x1664
[13:58:07] load:0x403c8700,len:0xf38
[13:58:07] load:0x403cb700,len:0x31e8
[13:58:07] entry 0x403c8930
[13:58:07] I (24) boot: ESP-IDF v6.0.2 2nd stage bootloader
[13:58:07] I (24) boot: compile time Aug 14 2026 13:53:22
[13:58:07] I (25) boot: Multicore bootloader
[13:58:07] I (25) boot: chip revision: v0.2
[13:58:07] I (28) boot: efuse block revision: v1.3
[13:58:07] I (31) qio_mode: Enabling default flash chip QIO
[13:58:07] I (36) boot.esp32s3: Boot SPI Speed : 80MHz
[13:58:07] I (39) boot.esp32s3: SPI Mode       : QIO
[13:58:07] I (43) boot.esp32s3: SPI Flash Size : 16MB
[13:58:07] I (47) boot: Enabling RNG early entropy source...
[13:58:07] I (51) boot: Partition Table:
[13:58:07] I (54) boot: ## Label            Usage          Type ST Offset   Length
[13:58:07] I (60) boot:  0 nvs              WiFi data        01 02 00009000 00006000
[13:58:07] I (67) boot:  1 phy_init         RF data          01 01 0000f000 00001000
[13:58:07] I (73) boot:  2 factory          factory app      00 00 00010000 00100000
[13:58:07] I (80) boot:  3 drawing          Unknown data     01 40 00110000 00300000
[13:58:07] I (86) boot:  4 export           Unknown data     01 41 00410000 00500000
[13:58:07] I (93) boot:  5 coredump         Unknown data     01 03 00910000 00010000
[13:58:07] I (100) boot: End of partition table
[13:58:07] I (103) esp_image: segment 0: paddr=00010020 vaddr=3c040020 size=0f864h ( 63588) map
[13:58:07] I (120) esp_image: segment 1: paddr=0001f88c vaddr=3fc93e00 size=0078ch (  1932) load
[13:58:07] I (121) esp_image: segment 2: paddr=00020020 vaddr=42000020 size=3075ch (198492) map
[13:58:07] I (156) esp_image: segment 3: paddr=00050784 vaddr=3fc9458c size=02e98h ( 11928) load
[13:58:07] I (159) esp_image: segment 4: paddr=00053624 vaddr=40374000 size=0fd1ch ( 64796) load
[13:58:07] I (173) esp_image: segment 5: paddr=00063348 vaddr=50000000 size=00024h (    36) load
[13:58:07] I (180) boot: Loaded app from partition at offset 0x10000
[13:58:07] I (180) boot: Disabling RNG early entropy source...
[13:58:07] I (191) octal_psram: vendor id    : 0x0d (AP)
[13:58:07] I (191) octal_psram: dev id       : 0x02 (generation 3)
[13:58:07] I (191) octal_psram: density      : 0x03 (64 Mbit)
[13:58:07] I (193) octal_psram: good-die     : 0x01 (Pass)
[13:58:07] I (197) octal_psram: Latency      : 0x01 (Fixed)
[13:58:07] I (201) octal_psram: VCC          : 0x01 (3V)
[13:58:07] I (206) octal_psram: SRF          : 0x01 (Fast Refresh)
[13:58:07] I (211) octal_psram: BurstType    : 0x01 (Hybrid Wrap)
[13:58:07] I (215) octal_psram: BurstLen     : 0x01 (32 Byte)
[13:58:07] I (220) octal_psram: Readlatency  : 0x02 (10 cycles@Fixed)
[13:58:07] I (225) octal_psram: DriveStrength: 0x00 (1/1)
[13:58:07] I (229) MSPI Timing: Enter psram timing tuning
[13:58:07] I (234) esp_psram: Found 8MB PSRAM device
[13:58:07] I (237) esp_psram: Speed: 80MHz
[13:58:07] I (240) cpu_start: Multicore app
[13:58:08] I (656) esp_psram: SPI SRAM memory test OK
[13:58:08] I (664) cpu_start: GPIO 44 and 43 are used as console UART I/O pins
[13:58:08] I (665) cpu_start: Pro cpu start user code
[13:58:08] I (665) cpu_start: cpu freq: 240000000 Hz
[13:58:08] I (667) app_init: Application information:
[13:58:08] I (670) app_init: Project name:     tinydraw_esp32
[13:58:08] I (675) app_init: App version:      26a05f5
[13:58:08] I (679) app_init: Compile time:     Aug 14 2026 13:53:16
[13:58:08] I (684) app_init: ELF file SHA256:  73355c8d3...
[13:58:08] I (688) app_init: ESP-IDF:          v6.0.2
[13:58:08] I (692) efuse_init: Min chip rev:     v0.0
[13:58:08] I (696) efuse_init: Max chip rev:     v0.99 
[13:58:08] I (700) efuse_init: Chip rev:         v0.2
[13:58:08] I (704) heap_init: Initializing. RAM available for dynamic allocation:
[13:58:08] I (710) heap_init: At 3FC97EF0 len 00051820 (326 KiB): RAM
[13:58:08] I (715) heap_init: At 3FCE9710 len 00005724 (21 KiB): RAM
[13:58:08] I (720) heap_init: At 3FCF0000 len 00008000 (32 KiB): DRAM
[13:58:08] I (725) heap_init: At 600FE000 len 00001FE8 (7 KiB): RTCRAM
[13:58:08] I (731) esp_psram: Adding pool of 8192K of PSRAM memory to heap allocator
[13:58:08] I (738) spi_flash: detected chip: generic
[13:58:08] I (741) spi_flash: flash io: qio
[13:58:08] I (744) sleep_gpio: Configure to isolate all GPIO pins in sleep state
[13:58:08] I (750) sleep_gpio: Enable automatic switching of GPIO sleep configuration
[13:58:08] I (757) main_task: Started on CPU0
[13:58:08] I (760) main_task: Calling app_main()
[13:58:08] TINYDRAW_PANEL_HARD_RESET=1
[13:58:08] I (957) co5300: version: 2.1.0
[13:58:08] I (958) co5300_spi: LCD panel create success, version: 2.1.0
[13:58:08] W (1038) co5300_spi: The 3Ah command has been used and will be overwritten by external initialization sequence
[13:58:08] I (1139) CST816S: IC id: 183
[13:58:08] TINYDRAW_LIVE_PRESENT kind=startup zoom=25 x=0 y=0 compose_us=35071 scroll_us=0 exposed_compose_us=0 chrome_us=0 read_submit_us=0 read_complete_us=0 transfer_wait_us=19680 tile_pixels=0 uniform_pixels=0 overview_pixels=164864 fallback_pixels=0 resident_tiles=0 fallback_tiles=0 pushes=21 tear_wait_us=10235 tear_sync=1 frame_reused=0 pass=1
[13:58:11] TINYDRAW_LIVE_STRESS operations=1000 samples=20000 total_us=2473051 average_us=2473 maximum_us=2585 free_psram=3042440 largest_psram=3014656
[13:58:11] TINYDRAW_LIVE_PRESENT kind=gate_fallback zoom=100 x=0 y=0 compose_us=23172 scroll_us=0 exposed_compose_us=0 chrome_us=0 read_submit_us=26602 read_complete_us=27400 transfer_wait_us=19978 tile_pixels=0 uniform_pixels=0 overview_pixels=0 fallback_pixels=164864 resident_tiles=0 fallback_tiles=42 pushes=21 tear_wait_us=2537 tear_sync=1 frame_reused=0 pass=1
[13:58:11] TINYDRAW_GATE1_HARD zoom=100 cold=1 operations=1000 samples=20000 steps=192 tiles=42 scanned=12000 rendered=1659 max_supertask_us=8840 presentation_us=63505 total_us=258675 pass=1
[13:58:11] TINYDRAW_LIVE_PRESENT kind=gate_fallback zoom=400 x=0 y=0 compose_us=22618 scroll_us=0 exposed_compose_us=0 chrome_us=0 read_submit_us=31161 read_complete_us=31957 transfer_wait_us=19578 tile_pixels=0 uniform_pixels=0 overview_pixels=0 fallback_pixels=164864 resident_tiles=0 fallback_tiles=42 pushes=21 tear_wait_us=7703 tear_sync=1 frame_reused=0 pass=1
[13:58:12] TINYDRAW_GATE1_HARD zoom=400 cold=1 operations=1000 samples=20000 steps=196 tiles=42 scanned=12000 rendered=120 max_supertask_us=8071 presentation_us=60567 total_us=190130 pass=1
[13:58:12] TINYDRAW_OVERLAP_WORKLOAD operations=8 samples=1200 radius_world=80
[13:58:13] TINYDRAW_GATE1_PACED_COLD corpus=overlap zoom=50 x=215 y=255 steps=535 tiles=56 compute_us=424102 present_us=75141 touch_us=1776 pacing_us=38301 wall_us=539320 max_tick_us=8952 touch_samples=4219 touch_interval_max_us=2004 touch_read_max_us=558 touch_event_age_max_us=0 touch_errors=0 touch_overflows=0 pass=1
[13:58:13] TINYDRAW_GATE1_PACED_COLD corpus=overlap zoom=100 x=583 y=703 steps=448 tiles=48 compute_us=300030 present_us=74753 touch_us=1397 pacing_us=29772 wall_us=405952 max_tick_us=9115 touch_samples=472 touch_interval_max_us=1809 touch_read_max_us=478 touch_event_age_max_us=0 touch_errors=0 touch_overflows=0 pass=1
[13:58:14] TINYDRAW_GATE1_PACED_COLD corpus=overlap zoom=200 x=1319 y=1599 steps=503 tiles=56 compute_us=306187 present_us=74228 touch_us=1503 pacing_us=34041 wall_us=415959 max_tick_us=9010 touch_samples=480 touch_interval_max_us=1146 touch_read_max_us=419 touch_event_age_max_us=0 touch_errors=0 touch_overflows=0 pass=1
[13:58:14] TINYDRAW_GATE1_PACED_COLD corpus=overlap zoom=400 x=2791 y=3391 steps=555 tiles=56 compute_us=299908 present_us=72215 touch_us=1593 pacing_us=41249 wall_us=414965 max_tick_us=8279 touch_samples=487 touch_interval_max_us=1159 touch_read_max_us=427 touch_event_age_max_us=0 touch_errors=0 touch_overflows=0 pass=1
[13:58:15] TINYDRAW_ADVERSARIAL_TAPERED_WORKLOAD operations=128 samples=4096 erasers=12 load_us=463828 appended=1
[13:58:15] TINYDRAW_GATE1_PACED_COLD corpus=adversarial_tapered_4x zoom=50 x=0 y=0 steps=104 tiles=42 compute_us=101904 present_us=53998 touch_us=477 pacing_us=8591 wall_us=164970 max_tick_us=6933 touch_samples=742 touch_interval_max_us=1127 touch_read_max_us=407 touch_event_age_max_us=0 touch_errors=0 touch_overflows=0 pass=1
[13:58:15] TINYDRAW_GATE1_PACED_COLD corpus=adversarial_tapered_4x zoom=100 x=0 y=0 steps=348 tiles=42 compute_us=163206 present_us=51840 touch_us=1063 pacing_us=27847 wall_us=243956 max_tick_us=7353 touch_samples=315 touch_interval_max_us=1103 touch_read_max_us=407 touch_event_age_max_us=0 touch_errors=0 touch_overflows=0 pass=1
[13:58:16] TINYDRAW_GATE1_PACED_COLD corpus=adversarial_tapered_4x zoom=200 x=0 y=0 steps=1214 tiles=42 compute_us=456040 present_us=58083 touch_us=3301 pacing_us=84544 wall_us=601968 max_tick_us=7731 touch_samples=677 touch_interval_max_us=1142 touch_read_max_us=431 touch_event_age_max_us=0 touch_errors=0 touch_overflows=0 pass=1
[13:58:17] TINYDRAW_GATE1_PACED_COLD corpus=adversarial_tapered_4x zoom=400 x=0 y=0 steps=4018 tiles=42 compute_us=1109573 present_us=60660 touch_us=10039 pacing_us=269594 wall_us=1449866 max_tick_us=7756 touch_samples=1521 touch_interval_max_us=1149 touch_read_max_us=407 touch_event_age_max_us=0 touch_errors=0 touch_overflows=0 pass=1
[13:58:20] TINYDRAW_GATE1_WORKLOAD kind=realistic seed=7 operations=1000 samples=19844 maximum_stroke=198 load_us=2433000 raw_source=1 lod_copies=0
[13:58:20] TINYDRAW_GATE1_PACED_COLD corpus=seed7 zoom=400 x=63 y=63 steps=281 tiles=56 compute_us=244464 present_us=77924 touch_us=827 pacing_us=19753 wall_us=342968 max_tick_us=9795 touch_samples=2963 touch_interval_max_us=1860 touch_read_max_us=478 touch_event_age_max_us=0 touch_errors=0 touch_overflows=0 pass=1
[13:58:20] TINYDRAW_LIVE_PRESENT kind=gate_fallback zoom=100 x=0 y=0 compose_us=23364 scroll_us=0 exposed_compose_us=0 chrome_us=0 read_submit_us=24821 read_complete_us=25615 transfer_wait_us=19368 tile_pixels=0 uniform_pixels=0 overview_pixels=0 fallback_pixels=164864 resident_tiles=0 fallback_tiles=42 pushes=21 tear_wait_us=578 tear_sync=1 frame_reused=0 pass=1
[13:58:22] TINYDRAW_GATE1_HARD zoom=100 cold=1 operations=1000 samples=19844 steps=275 tiles=42 scanned=12000 rendered=5232 max_supertask_us=9071 presentation_us=63538 total_us=363271 pass=1
[13:58:22] TINYDRAW_GATE1_PAN zoom=100 from_x=0 from_y=0 to_x=88 to_y=88 compose_us=27159 scroll_us=11371 exposed_compose_us=15788 chrome_us=0 event_submit_us=30592 event_complete_us=31387 transfer_us=19370 setup=1 present=1 moved=1 frame_reused=1 pass=1
[13:58:22] TINYDRAW_LIVE_PRESENT kind=gate_fallback zoom=400 x=0 y=0 compose_us=22666 scroll_us=0 exposed_compose_us=0 chrome_us=0 read_submit_us=37514 read_complete_us=38314 transfer_wait_us=19937 tile_pixels=0 uniform_pixels=0 overview_pixels=0 fallback_pixels=164864 resident_tiles=0 fallback_tiles=42 pushes=21 tear_wait_us=13944 tear_sync=1 frame_reused=0 pass=1
[13:58:22] TINYDRAW_GATE1_HARD zoom=400 cold=1 operations=1000 samples=19844 steps=211 tiles=42 scanned=12000 rendered=591 max_supertask_us=9783 presentation_us=61813 total_us=240046 pass=1
[13:58:22] TINYDRAW_GATE1_PAN zoom=400 from_x=0 from_y=0 to_x=88 to_y=88 compose_us=27093 scroll_us=11369 exposed_compose_us=15724 chrome_us=0 event_submit_us=30925 event_complete_us=31727 transfer_us=20039 setup=1 present=1 moved=1 frame_reused=1 pass=1
[13:58:22] TINYDRAW_GATE1_DRAW_FILL zoom=400 revision=2140 append_us=2921 poll_gap_us=82 event_submit_us=2322 event_complete_us=2489 max_compute_slice_us=3913 max_display_slice_us=9792 fill_us=236390 revision_restarted=1 pass=1
=== RUN 14 ===
[13:58:23] ESP-ROM:esp32s3-20210327
[13:58:23] Build:Mar 27 2021
[13:58:23] rst:0x15 (USB_UART_CHIP_RESET),boot:0x2b (SPI_FAST_FLASH_BOOT)
[13:58:23] Saved PC:0x42017ed2
[13:58:23] SPIWP:0xee
[13:58:23] mode:DIO, clock div:1
[13:58:23] load:0x3fce2820,len:0x1664
[13:58:23] load:0x403c8700,len:0xf38
[13:58:23] load:0x403cb700,len:0x31e8
[13:58:23] entry 0x403c8930
[13:58:23] I (24) boot: ESP-IDF v6.0.2 2nd stage bootloader
[13:58:23] I (24) boot: compile time Aug 14 2026 13:53:22
[13:58:23] I (25) boot: Multicore bootloader
[13:58:23] I (25) boot: chip revision: v0.2
[13:58:23] I (28) boot: efuse block revision: v1.3
[13:58:23] I (31) qio_mode: Enabling default flash chip QIO
[13:58:23] I (36) boot.esp32s3: Boot SPI Speed : 80MHz
[13:58:23] I (39) boot.esp32s3: SPI Mode       : QIO
[13:58:23] I (43) boot.esp32s3: SPI Flash Size : 16MB
[13:58:23] I (47) boot: Enabling RNG early entropy source...
[13:58:23] I (51) boot: Partition Table:
[13:58:23] I (54) boot: ## Label            Usage          Type ST Offset   Length
[13:58:23] I (60) boot:  0 nvs              WiFi data        01 02 00009000 00006000
[13:58:23] I (67) boot:  1 phy_init         RF data          01 01 0000f000 00001000
[13:58:23] I (73) boot:  2 factory          factory app      00 00 00010000 00100000
[13:58:23] I (80) boot:  3 drawing          Unknown data     01 40 00110000 00300000
[13:58:23] I (86) boot:  4 export           Unknown data     01 41 00410000 00500000
[13:58:23] I (93) boot:  5 coredump         Unknown data     01 03 00910000 00010000
[13:58:23] I (100) boot: End of partition table
[13:58:23] I (103) esp_image: segment 0: paddr=00010020 vaddr=3c040020 size=0f864h ( 63588) map
[13:58:23] I (120) esp_image: segment 1: paddr=0001f88c vaddr=3fc93e00 size=0078ch (  1932) load
[13:58:23] I (121) esp_image: segment 2: paddr=00020020 vaddr=42000020 size=3075ch (198492) map
[13:58:23] I (156) esp_image: segment 3: paddr=00050784 vaddr=3fc9458c size=02e98h ( 11928) load
[13:58:23] I (159) esp_image: segment 4: paddr=00053624 vaddr=40374000 size=0fd1ch ( 64796) load
[13:58:23] I (173) esp_image: segment 5: paddr=00063348 vaddr=50000000 size=00024h (    36) load
[13:58:23] I (180) boot: Loaded app from partition at offset 0x10000
[13:58:23] I (180) boot: Disabling RNG early entropy source...
[13:58:23] I (191) octal_psram: vendor id    : 0x0d (AP)
[13:58:23] I (191) octal_psram: dev id       : 0x02 (generation 3)
[13:58:23] I (191) octal_psram: density      : 0x03 (64 Mbit)
[13:58:23] I (193) octal_psram: good-die     : 0x01 (Pass)
[13:58:23] I (197) octal_psram: Latency      : 0x01 (Fixed)
[13:58:23] I (201) octal_psram: VCC          : 0x01 (3V)
[13:58:23] I (206) octal_psram: SRF          : 0x01 (Fast Refresh)
[13:58:23] I (211) octal_psram: BurstType    : 0x01 (Hybrid Wrap)
[13:58:23] I (215) octal_psram: BurstLen     : 0x01 (32 Byte)
[13:58:23] I (220) octal_psram: Readlatency  : 0x02 (10 cycles@Fixed)
[13:58:23] I (225) octal_psram: DriveStrength: 0x00 (1/1)
[13:58:23] I (229) MSPI Timing: Enter psram timing tuning
[13:58:23] I (234) esp_psram: Found 8MB PSRAM device
[13:58:23] I (237) esp_psram: Speed: 80MHz
[13:58:23] I (240) cpu_start: Multicore app
[13:58:23] I (656) esp_psram: SPI SRAM memory test OK
[13:58:23] I (664) cpu_start: GPIO 44 and 43 are used as console UART I/O pins
[13:58:23] I (665) cpu_start: Pro cpu start user code
[13:58:23] I (665) cpu_start: cpu freq: 240000000 Hz
[13:58:23] I (667) app_init: Application information:
[13:58:23] I (670) app_init: Project name:     tinydraw_esp32
[13:58:23] I (675) app_init: App version:      26a05f5
[13:58:23] I (679) app_init: Compile time:     Aug 14 2026 13:53:16
[13:58:23] I (684) app_init: ELF file SHA256:  73355c8d3...
[13:58:23] I (688) app_init: ESP-IDF:          v6.0.2
[13:58:23] I (692) efuse_init: Min chip rev:     v0.0
[13:58:23] I (696) efuse_init: Max chip rev:     v0.99 
[13:58:23] I (700) efuse_init: Chip rev:         v0.2
[13:58:23] I (704) heap_init: Initializing. RAM available for dynamic allocation:
[13:58:23] I (710) heap_init: At 3FC97EF0 len 00051820 (326 KiB): RAM
[13:58:23] I (715) heap_init: At 3FCE9710 len 00005724 (21 KiB): RAM
[13:58:23] I (720) heap_init: At 3FCF0000 len 00008000 (32 KiB): DRAM
[13:58:23] I (725) heap_init: At 600FE000 len 00001FE8 (7 KiB): RTCRAM
[13:58:23] I (731) esp_psram: Adding pool of 8192K of PSRAM memory to heap allocator
[13:58:23] I (738) spi_flash: detected chip: generic
[13:58:23] I (741) spi_flash: flash io: qio
[13:58:23] I (744) sleep_gpio: Configure to isolate all GPIO pins in sleep state
[13:58:23] I (750) sleep_gpio: Enable automatic switching of GPIO sleep configuration
[13:58:23] I (757) main_task: Started on CPU0
[13:58:23] I (760) main_task: Calling app_main()
[13:58:23] TINYDRAW_PANEL_HARD_RESET=1
[13:58:23] I (957) co5300: version: 2.1.0
[13:58:23] I (958) co5300_spi: LCD panel create success, version: 2.1.0
[13:58:23] W (1038) co5300_spi: The 3Ah command has been used and will be overwritten by external initialization sequence
[13:58:23] I (1139) CST816S: IC id: 183
[13:58:24] TINYDRAW_LIVE_PRESENT kind=startup zoom=25 x=0 y=0 compose_us=35071 scroll_us=0 exposed_compose_us=0 chrome_us=0 read_submit_us=0 read_complete_us=0 transfer_wait_us=19655 tile_pixels=0 uniform_pixels=0 overview_pixels=164864 fallback_pixels=0 resident_tiles=0 fallback_tiles=0 pushes=21 tear_wait_us=10261 tear_sync=1 frame_reused=0 pass=1
[13:58:26] TINYDRAW_LIVE_STRESS operations=1000 samples=20000 total_us=2473990 average_us=2473 maximum_us=2590 free_psram=3042440 largest_psram=3014656
[13:58:26] TINYDRAW_LIVE_PRESENT kind=gate_fallback zoom=100 x=0 y=0 compose_us=23172 scroll_us=0 exposed_compose_us=0 chrome_us=0 read_submit_us=25088 read_complete_us=25885 transfer_wait_us=19556 tile_pixels=0 uniform_pixels=0 overview_pixels=0 fallback_pixels=164864 resident_tiles=0 fallback_tiles=42 pushes=21 tear_wait_us=1064 tear_sync=1 frame_reused=0 pass=1
[13:58:27] TINYDRAW_GATE1_HARD zoom=100 cold=1 operations=1000 samples=20000 steps=192 tiles=42 scanned=12000 rendered=1659 max_supertask_us=8841 presentation_us=63459 total_us=258711 pass=1
[13:58:27] TINYDRAW_LIVE_PRESENT kind=gate_fallback zoom=400 x=0 y=0 compose_us=22636 scroll_us=0 exposed_compose_us=0 chrome_us=0 read_submit_us=31448 read_complete_us=32245 transfer_wait_us=20229 tile_pixels=0 uniform_pixels=0 overview_pixels=0 fallback_pixels=164864 resident_tiles=0 fallback_tiles=42 pushes=21 tear_wait_us=7966 tear_sync=1 frame_reused=0 pass=1
[13:58:27] TINYDRAW_GATE1_HARD zoom=400 cold=1 operations=1000 samples=20000 steps=196 tiles=42 scanned=12000 rendered=120 max_supertask_us=8098 presentation_us=60560 total_us=190176 pass=1
[13:58:27] TINYDRAW_OVERLAP_WORKLOAD operations=8 samples=1200 radius_world=80
[13:58:28] TINYDRAW_GATE1_PACED_COLD corpus=overlap zoom=50 x=215 y=255 steps=535 tiles=56 compute_us=423745 present_us=75176 touch_us=1810 pacing_us=36583 wall_us=537314 max_tick_us=8974 touch_samples=4216 touch_interval_max_us=2005 touch_read_max_us=557 touch_event_age_max_us=0 touch_errors=0 touch_overflows=0 pass=1
[13:58:28] TINYDRAW_GATE1_PACED_COLD corpus=overlap zoom=100 x=583 y=703 steps=448 tiles=48 compute_us=299936 present_us=74772 touch_us=1386 pacing_us=29860 wall_us=405954 max_tick_us=9123 touch_samples=474 touch_interval_max_us=1797 touch_read_max_us=484 touch_event_age_max_us=0 touch_errors=0 touch_overflows=0 pass=1
[13:58:29] TINYDRAW_GATE1_PACED_COLD corpus=overlap zoom=200 x=1319 y=1599 steps=503 tiles=56 compute_us=306182 present_us=74223 touch_us=1473 pacing_us=34088 wall_us=415966 max_tick_us=9010 touch_samples=480 touch_interval_max_us=1146 touch_read_max_us=424 touch_event_age_max_us=0 touch_errors=0 touch_overflows=0 pass=1
[13:58:29] TINYDRAW_GATE1_PACED_COLD corpus=overlap zoom=400 x=2791 y=3391 steps=555 tiles=56 compute_us=299930 present_us=72223 touch_us=1563 pacing_us=41249 wall_us=414965 max_tick_us=8278 touch_samples=487 touch_interval_max_us=1183 touch_read_max_us=444 touch_event_age_max_us=0 touch_errors=0 touch_overflows=0 pass=1
[13:58:30] TINYDRAW_ADVERSARIAL_TAPERED_WORKLOAD operations=128 samples=4096 erasers=12 load_us=462746 appended=1
[13:58:30] TINYDRAW_GATE1_PACED_COLD corpus=adversarial_tapered_4x zoom=50 x=0 y=0 steps=104 tiles=42 compute_us=101894 present_us=53999 touch_us=465 pacing_us=8612 wall_us=164970 max_tick_us=6949 touch_samples=743 touch_interval_max_us=1125 touch_read_max_us=410 touch_event_age_max_us=0 touch_errors=0 touch_overflows=0 pass=1
[13:58:30] TINYDRAW_GATE1_PACED_COLD corpus=adversarial_tapered_4x zoom=100 x=0 y=0 steps=348 tiles=42 compute_us=163284 present_us=51874 touch_us=1042 pacing_us=26756 wall_us=242956 max_tick_us=7373 touch_samples=314 touch_interval_max_us=1091 touch_read_max_us=389 touch_event_age_max_us=0 touch_errors=0 touch_overflows=0 pass=1
[13:58:31] TINYDRAW_GATE1_PACED_COLD corpus=adversarial_tapered_4x zoom=200 x=0 y=0 steps=1214 tiles=42 compute_us=456502 present_us=58058 touch_us=3265 pacing_us=84146 wall_us=601971 max_tick_us=7734 touch_samples=678 touch_interval_max_us=1155 touch_read_max_us=426 touch_event_age_max_us=0 touch_errors=0 touch_overflows=0 pass=1
[13:58:32] TINYDRAW_GATE1_PACED_COLD corpus=adversarial_tapered_4x zoom=400 x=0 y=0 steps=4018 tiles=42 compute_us=1110790 present_us=60706 touch_us=9900 pacing_us=269498 wall_us=1450894 max_tick_us=7758 touch_samples=1522 touch_interval_max_us=1157 touch_read_max_us=432 touch_event_age_max_us=0 touch_errors=0 touch_overflows=0 pass=1
[13:58:35] TINYDRAW_GATE1_WORKLOAD kind=realistic seed=7 operations=1000 samples=19844 maximum_stroke=198 load_us=2421450 raw_source=1 lod_copies=0
[13:58:35] TINYDRAW_GATE1_PACED_COLD corpus=seed7 zoom=400 x=63 y=63 steps=281 tiles=56 compute_us=244403 present_us=77968 touch_us=784 pacing_us=19814 wall_us=342969 max_tick_us=9773 touch_samples=2962 touch_interval_max_us=1139 touch_read_max_us=435 touch_event_age_max_us=0 touch_errors=0 touch_overflows=0 pass=1
[13:58:35] TINYDRAW_LIVE_PRESENT kind=gate_fallback zoom=100 x=0 y=0 compose_us=23360 scroll_us=0 exposed_compose_us=0 chrome_us=0 read_submit_us=24803 read_complete_us=25598 transfer_wait_us=19386 tile_pixels=0 uniform_pixels=0 overview_pixels=0 fallback_pixels=164864 resident_tiles=0 fallback_tiles=42 pushes=21 tear_wait_us=557 tear_sync=1 frame_reused=0 pass=1
[13:58:37] TINYDRAW_GATE1_HARD zoom=100 cold=1 operations=1000 samples=19844 steps=275 tiles=42 scanned=12000 rendered=5232 max_supertask_us=9025 presentation_us=63688 total_us=363249 pass=1
[13:58:37] TINYDRAW_GATE1_PAN zoom=100 from_x=0 from_y=0 to_x=88 to_y=88 compose_us=27161 scroll_us=11356 exposed_compose_us=15805 chrome_us=0 event_submit_us=30381 event_complete_us=31182 transfer_us=19580 setup=1 present=1 moved=1 frame_reused=1 pass=1
[13:58:37] TINYDRAW_LIVE_PRESENT kind=gate_fallback zoom=400 x=0 y=0 compose_us=22658 scroll_us=0 exposed_compose_us=0 chrome_us=0 read_submit_us=37238 read_complete_us=38034 transfer_wait_us=20217 tile_pixels=0 uniform_pixels=0 overview_pixels=0 fallback_pixels=164864 resident_tiles=0 fallback_tiles=42 pushes=21 tear_wait_us=13720 tear_sync=1 frame_reused=0 pass=1
[13:58:37] TINYDRAW_GATE1_HARD zoom=400 cold=1 operations=1000 samples=19844 steps=211 tiles=42 scanned=12000 rendered=591 max_supertask_us=9789 presentation_us=61816 total_us=239969 pass=1
[13:58:37] TINYDRAW_GATE1_PAN zoom=400 from_x=0 from_y=0 to_x=88 to_y=88 compose_us=27095 scroll_us=11381 exposed_compose_us=15714 chrome_us=0 event_submit_us=30236 event_complete_us=31037 transfer_us=19729 setup=1 present=1 moved=1 frame_reused=1 pass=1
[13:58:37] TINYDRAW_GATE1_DRAW_FILL zoom=400 revision=2140 append_us=2921 poll_gap_us=97 event_submit_us=2318 event_complete_us=2490 max_compute_slice_us=3910 max_display_slice_us=9787 fill_us=236419 revision_restarted=1 pass=1
=== RUN 15 ===
[13:58:38] ESP-ROM:esp32s3-20210327
[13:58:38] Build:Mar 27 2021
[13:58:38] rst:0x15 (USB_UART_CHIP_RESET),boot:0x2b (SPI_FAST_FLASH_BOOT)
[13:58:38] Saved PC:0x40057076
[13:58:38] SPIWP:0xee
[13:58:38] mode:DIO, clock div:1
[13:58:38] load:0x3fce2820,len:0x1664
[13:58:38] load:0x403c8700,len:0xf38
[13:58:38] load:0x403cb700,len:0x31e8
[13:58:38] entry 0x403c8930
[13:58:38] I (24) boot: ESP-IDF v6.0.2 2nd stage bootloader
[13:58:38] I (24) boot: compile time Aug 14 2026 13:53:22
[13:58:38] I (25) boot: Multicore bootloader
[13:58:38] I (25) boot: chip revision: v0.2
[13:58:38] I (28) boot: efuse block revision: v1.3
[13:58:38] I (31) qio_mode: Enabling default flash chip QIO
[13:58:38] I (36) boot.esp32s3: Boot SPI Speed : 80MHz
[13:58:38] I (39) boot.esp32s3: SPI Mode       : QIO
[13:58:38] I (43) boot.esp32s3: SPI Flash Size : 16MB
[13:58:38] I (47) boot: Enabling RNG early entropy source...
[13:58:38] I (51) boot: Partition Table:
[13:58:38] I (54) boot: ## Label            Usage          Type ST Offset   Length
[13:58:38] I (60) boot:  0 nvs              WiFi data        01 02 00009000 00006000
[13:58:38] I (67) boot:  1 phy_init         RF data          01 01 0000f000 00001000
[13:58:38] I (73) boot:  2 factory          factory app      00 00 00010000 00100000
[13:58:38] I (80) boot:  3 drawing          Unknown data     01 40 00110000 00300000
[13:58:38] I (86) boot:  4 export           Unknown data     01 41 00410000 00500000
[13:58:38] I (93) boot:  5 coredump         Unknown data     01 03 00910000 00010000
[13:58:38] I (100) boot: End of partition table
[13:58:38] I (103) esp_image: segment 0: paddr=00010020 vaddr=3c040020 size=0f864h ( 63588) map
[13:58:38] I (120) esp_image: segment 1: paddr=0001f88c vaddr=3fc93e00 size=0078ch (  1932) load
[13:58:38] I (121) esp_image: segment 2: paddr=00020020 vaddr=42000020 size=3075ch (198492) map
[13:58:38] I (156) esp_image: segment 3: paddr=00050784 vaddr=3fc9458c size=02e98h ( 11928) load
[13:58:38] I (159) esp_image: segment 4: paddr=00053624 vaddr=40374000 size=0fd1ch ( 64796) load
[13:58:38] I (173) esp_image: segment 5: paddr=00063348 vaddr=50000000 size=00024h (    36) load
[13:58:38] I (180) boot: Loaded app from partition at offset 0x10000
[13:58:38] I (180) boot: Disabling RNG early entropy source...
[13:58:38] I (191) octal_psram: vendor id    : 0x0d (AP)
[13:58:38] I (191) octal_psram: dev id       : 0x02 (generation 3)
[13:58:38] I (191) octal_psram: density      : 0x03 (64 Mbit)
[13:58:38] I (193) octal_psram: good-die     : 0x01 (Pass)
[13:58:38] I (197) octal_psram: Latency      : 0x01 (Fixed)
[13:58:38] I (201) octal_psram: VCC          : 0x01 (3V)
[13:58:38] I (206) octal_psram: SRF          : 0x01 (Fast Refresh)
[13:58:38] I (211) octal_psram: BurstType    : 0x01 (Hybrid Wrap)
[13:58:38] I (215) octal_psram: BurstLen     : 0x01 (32 Byte)
[13:58:38] I (220) octal_psram: Readlatency  : 0x02 (10 cycles@Fixed)
[13:58:38] I (225) octal_psram: DriveStrength: 0x00 (1/1)
[13:58:38] I (229) MSPI Timing: Enter psram timing tuning
[13:58:38] I (234) esp_psram: Found 8MB PSRAM device
[13:58:38] I (237) esp_psram: Speed: 80MHz
[13:58:38] I (240) cpu_start: Multicore app
[13:58:38] I (656) esp_psram: SPI SRAM memory test OK
[13:58:38] I (664) cpu_start: GPIO 44 and 43 are used as console UART I/O pins
[13:58:38] I (665) cpu_start: Pro cpu start user code
[13:58:38] I (665) cpu_start: cpu freq: 240000000 Hz
[13:58:38] I (667) app_init: Application information:
[13:58:38] I (670) app_init: Project name:     tinydraw_esp32
[13:58:38] I (675) app_init: App version:      26a05f5
[13:58:38] I (679) app_init: Compile time:     Aug 14 2026 13:53:16
[13:58:38] I (684) app_init: ELF file SHA256:  73355c8d3...
[13:58:38] I (688) app_init: ESP-IDF:          v6.0.2
[13:58:38] I (692) efuse_init: Min chip rev:     v0.0
[13:58:38] I (696) efuse_init: Max chip rev:     v0.99 
[13:58:38] I (700) efuse_init: Chip rev:         v0.2
[13:58:38] I (704) heap_init: Initializing. RAM available for dynamic allocation:
[13:58:38] I (710) heap_init: At 3FC97EF0 len 00051820 (326 KiB): RAM
[13:58:38] I (715) heap_init: At 3FCE9710 len 00005724 (21 KiB): RAM
[13:58:38] I (720) heap_init: At 3FCF0000 len 00008000 (32 KiB): DRAM
[13:58:38] I (725) heap_init: At 600FE000 len 00001FE8 (7 KiB): RTCRAM
[13:58:38] I (731) esp_psram: Adding pool of 8192K of PSRAM memory to heap allocator
[13:58:38] I (738) spi_flash: detected chip: generic
[13:58:38] I (741) spi_flash: flash io: qio
[13:58:38] I (744) sleep_gpio: Configure to isolate all GPIO pins in sleep state
[13:58:38] I (750) sleep_gpio: Enable automatic switching of GPIO sleep configuration
[13:58:38] I (757) main_task: Started on CPU0
[13:58:38] I (760) main_task: Calling app_main()
[13:58:38] TINYDRAW_PANEL_HARD_RESET=1
[13:58:38] I (957) co5300: version: 2.1.0
[13:58:38] I (958) co5300_spi: LCD panel create success, version: 2.1.0
[13:58:39] W (1038) co5300_spi: The 3Ah command has been used and will be overwritten by external initialization sequence
[13:58:39] I (1139) CST816S: IC id: 183
[13:58:39] TINYDRAW_LIVE_PRESENT kind=startup zoom=25 x=0 y=0 compose_us=35075 scroll_us=0 exposed_compose_us=0 chrome_us=0 read_submit_us=0 read_complete_us=0 transfer_wait_us=19685 tile_pixels=0 uniform_pixels=0 overview_pixels=164864 fallback_pixels=0 resident_tiles=0 fallback_tiles=0 pushes=21 tear_wait_us=10229 tear_sync=1 frame_reused=0 pass=1
[13:58:41] TINYDRAW_LIVE_STRESS operations=1000 samples=20000 total_us=2471163 average_us=2471 maximum_us=2585 free_psram=3042440 largest_psram=3014656
[13:58:42] TINYDRAW_LIVE_PRESENT kind=gate_fallback zoom=100 x=0 y=0 compose_us=23173 scroll_us=0 exposed_compose_us=0 chrome_us=0 read_submit_us=26884 read_complete_us=27681 transfer_wait_us=19586 tile_pixels=0 uniform_pixels=0 overview_pixels=0 fallback_pixels=164864 resident_tiles=0 fallback_tiles=42 pushes=21 tear_wait_us=2853 tear_sync=1 frame_reused=0 pass=1
[13:58:42] TINYDRAW_GATE1_HARD zoom=100 cold=1 operations=1000 samples=20000 steps=192 tiles=42 scanned=12000 rendered=1659 max_supertask_us=8799 presentation_us=63421 total_us=258781 pass=1
[13:58:42] TINYDRAW_LIVE_PRESENT kind=gate_fallback zoom=400 x=0 y=0 compose_us=22621 scroll_us=0 exposed_compose_us=0 chrome_us=0 read_submit_us=31066 read_complete_us=31862 transfer_wait_us=19548 tile_pixels=0 uniform_pixels=0 overview_pixels=0 fallback_pixels=164864 resident_tiles=0 fallback_tiles=42 pushes=21 tear_wait_us=7600 tear_sync=1 frame_reused=0 pass=1
[13:58:42] TINYDRAW_GATE1_HARD zoom=400 cold=1 operations=1000 samples=20000 steps=196 tiles=42 scanned=12000 rendered=120 max_supertask_us=8075 presentation_us=60552 total_us=190123 pass=1
[13:58:43] TINYDRAW_OVERLAP_WORKLOAD operations=8 samples=1200 radius_world=80
[13:58:43] TINYDRAW_GATE1_PACED_COLD corpus=overlap zoom=50 x=215 y=255 steps=535 tiles=56 compute_us=424583 present_us=76100 touch_us=1807 pacing_us=38838 wall_us=541328 max_tick_us=8947 touch_samples=4219 touch_interval_max_us=2002 touch_read_max_us=557 touch_event_age_max_us=0 touch_errors=0 touch_overflows=0 pass=1
[13:58:44] TINYDRAW_GATE1_PACED_COLD corpus=overlap zoom=100 x=583 y=703 steps=448 tiles=48 compute_us=300269 present_us=74728 touch_us=1397 pacing_us=29559 wall_us=405953 max_tick_us=9125 touch_samples=469 touch_interval_max_us=1785 touch_read_max_us=496 touch_event_age_max_us=0 touch_errors=0 touch_overflows=0 pass=1
[13:58:44] TINYDRAW_GATE1_PACED_COLD corpus=overlap zoom=200 x=1319 y=1599 steps=503 tiles=56 compute_us=306112 present_us=74231 touch_us=1483 pacing_us=34141 wall_us=415967 max_tick_us=9010 touch_samples=481 touch_interval_max_us=1145 touch_read_max_us=443 touch_event_age_max_us=0 touch_errors=0 touch_overflows=0 pass=1
[13:58:45] TINYDRAW_GATE1_PACED_COLD corpus=overlap zoom=400 x=2791 y=3391 steps=555 tiles=56 compute_us=299862 present_us=72273 touch_us=1578 pacing_us=41253 wall_us=414966 max_tick_us=8273 touch_samples=486 touch_interval_max_us=1164 touch_read_max_us=431 touch_event_age_max_us=0 touch_errors=0 touch_overflows=0 pass=1
[13:58:45] TINYDRAW_ADVERSARIAL_TAPERED_WORKLOAD operations=128 samples=4096 erasers=12 load_us=463384 appended=1
[13:58:45] TINYDRAW_GATE1_PACED_COLD corpus=adversarial_tapered_4x zoom=50 x=0 y=0 steps=104 tiles=42 compute_us=101632 present_us=53996 touch_us=466 pacing_us=7875 wall_us=163969 max_tick_us=6948 touch_samples=741 touch_interval_max_us=1141 touch_read_max_us=398 touch_event_age_max_us=0 touch_errors=0 touch_overflows=0 pass=1
[13:58:46] TINYDRAW_GATE1_PACED_COLD corpus=adversarial_tapered_4x zoom=100 x=0 y=0 steps=348 tiles=42 compute_us=163399 present_us=51839 touch_us=1079 pacing_us=26639 wall_us=242956 max_tick_us=7328 touch_samples=315 touch_interval_max_us=1093 touch_read_max_us=394 touch_event_age_max_us=0 touch_errors=0 touch_overflows=0 pass=1
[13:58:46] TINYDRAW_GATE1_PACED_COLD corpus=adversarial_tapered_4x zoom=200 x=0 y=0 steps=1214 tiles=42 compute_us=456886 present_us=58036 touch_us=3246 pacing_us=84800 wall_us=602968 max_tick_us=7746 touch_samples=679 touch_interval_max_us=1145 touch_read_max_us=420 touch_event_age_max_us=0 touch_errors=0 touch_overflows=0 pass=1
[13:58:48] TINYDRAW_GATE1_PACED_COLD corpus=adversarial_tapered_4x zoom=400 x=0 y=0 steps=4018 tiles=42 compute_us=1111860 present_us=60710 touch_us=10075 pacing_us=267229 wall_us=1449874 max_tick_us=7777 touch_samples=1520 touch_interval_max_us=1151 touch_read_max_us=416 touch_event_age_max_us=0 touch_errors=0 touch_overflows=0 pass=1
[13:58:50] TINYDRAW_GATE1_WORKLOAD kind=realistic seed=7 operations=1000 samples=19844 maximum_stroke=198 load_us=2427586 raw_source=1 lod_copies=0
[13:58:51] TINYDRAW_GATE1_PACED_COLD corpus=seed7 zoom=400 x=63 y=63 steps=281 tiles=56 compute_us=244351 present_us=78005 touch_us=787 pacing_us=19827 wall_us=342970 max_tick_us=9793 touch_samples=2964 touch_interval_max_us=1501 touch_read_max_us=468 touch_event_age_max_us=0 touch_errors=0 touch_overflows=0 pass=1
[13:58:51] TINYDRAW_LIVE_PRESENT kind=gate_fallback zoom=100 x=0 y=0 compose_us=23356 scroll_us=0 exposed_compose_us=0 chrome_us=0 read_submit_us=25660 read_complete_us=26458 transfer_wait_us=19529 tile_pixels=0 uniform_pixels=0 overview_pixels=0 fallback_pixels=164864 resident_tiles=0 fallback_tiles=42 pushes=21 tear_wait_us=1463 tear_sync=1 frame_reused=0 pass=1
[13:58:53] TINYDRAW_GATE1_HARD zoom=100 cold=1 operations=1000 samples=19844 steps=275 tiles=42 scanned=12000 rendered=5232 max_supertask_us=9037 presentation_us=63382 total_us=363205 pass=1
[13:58:53] TINYDRAW_GATE1_PAN zoom=100 from_x=0 from_y=0 to_x=88 to_y=88 compose_us=27175 scroll_us=11372 exposed_compose_us=15803 chrome_us=0 event_submit_us=30183 event_complete_us=30984 transfer_us=19779 setup=1 present=1 moved=1 frame_reused=1 pass=1
[13:58:53] TINYDRAW_LIVE_PRESENT kind=gate_fallback zoom=400 x=0 y=0 compose_us=22657 scroll_us=0 exposed_compose_us=0 chrome_us=0 read_submit_us=36953 read_complete_us=37749 transfer_wait_us=19501 tile_pixels=0 uniform_pixels=0 overview_pixels=0 fallback_pixels=164864 resident_tiles=0 fallback_tiles=42 pushes=21 tear_wait_us=13473 tear_sync=1 frame_reused=0 pass=1
[13:58:53] TINYDRAW_GATE1_HARD zoom=400 cold=1 operations=1000 samples=19844 steps=211 tiles=42 scanned=12000 rendered=591 max_supertask_us=9777 presentation_us=61733 total_us=240084 pass=1
[13:58:53] TINYDRAW_GATE1_PAN zoom=400 from_x=0 from_y=0 to_x=88 to_y=88 compose_us=27122 scroll_us=11392 exposed_compose_us=15730 chrome_us=0 event_submit_us=31136 event_complete_us=31937 transfer_us=19829 setup=1 present=1 moved=1 frame_reused=1 pass=1
[13:58:53] TINYDRAW_GATE1_DRAW_FILL zoom=400 revision=2140 append_us=2916 poll_gap_us=82 event_submit_us=2315 event_complete_us=2481 max_compute_slice_us=3913 max_display_slice_us=9792 fill_us=236423 revision_restarted=1 pass=1
=== RUN 16 ===
[13:58:53] ESP-ROM:esp32s3-20210327
[13:58:53] Build:Mar 27 2021
[13:58:53] rst:0x15 (USB_UART_CHIP_RESET),boot:0x2b (SPI_FAST_FLASH_BOOT)
[13:58:53] Saved PC:0x40378704
[13:58:53] SPIWP:0xee
[13:58:53] mode:DIO, clock div:1
[13:58:53] load:0x3fce2820,len:0x1664
[13:58:53] load:0x403c8700,len:0xf38
[13:58:53] load:0x403cb700,len:0x31e8
[13:58:53] entry 0x403c8930
[13:58:53] I (24) boot: ESP-IDF v6.0.2 2nd stage bootloader
[13:58:53] I (24) boot: compile time Aug 14 2026 13:53:22
[13:58:53] I (25) boot: Multicore bootloader
[13:58:53] I (25) boot: chip revision: v0.2
[13:58:53] I (28) boot: efuse block revision: v1.3
[13:58:53] I (31) qio_mode: Enabling default flash chip QIO
[13:58:53] I (36) boot.esp32s3: Boot SPI Speed : 80MHz
[13:58:53] I (39) boot.esp32s3: SPI Mode       : QIO
[13:58:53] I (43) boot.esp32s3: SPI Flash Size : 16MB
[13:58:53] I (47) boot: Enabling RNG early entropy source...
[13:58:53] I (51) boot: Partition Table:
[13:58:53] I (54) boot: ## Label            Usage          Type ST Offset   Length
[13:58:53] I (60) boot:  0 nvs              WiFi data        01 02 00009000 00006000
[13:58:53] I (67) boot:  1 phy_init         RF data          01 01 0000f000 00001000
[13:58:53] I (73) boot:  2 factory          factory app      00 00 00010000 00100000
[13:58:53] I (80) boot:  3 drawing          Unknown data     01 40 00110000 00300000
[13:58:53] I (86) boot:  4 export           Unknown data     01 41 00410000 00500000
[13:58:53] I (93) boot:  5 coredump         Unknown data     01 03 00910000 00010000
[13:58:53] I (100) boot: End of partition table
[13:58:53] I (103) esp_image: segment 0: paddr=00010020 vaddr=3c040020 size=0f864h ( 63588) map
[13:58:53] I (120) esp_image: segment 1: paddr=0001f88c vaddr=3fc93e00 size=0078ch (  1932) load
[13:58:53] I (121) esp_image: segment 2: paddr=00020020 vaddr=42000020 size=3075ch (198492) map
[13:58:53] I (156) esp_image: segment 3: paddr=00050784 vaddr=3fc9458c size=02e98h ( 11928) load
[13:58:53] I (159) esp_image: segment 4: paddr=00053624 vaddr=40374000 size=0fd1ch ( 64796) load
[13:58:53] I (173) esp_image: segment 5: paddr=00063348 vaddr=50000000 size=00024h (    36) load
[13:58:53] I (180) boot: Loaded app from partition at offset 0x10000
[13:58:53] I (180) boot: Disabling RNG early entropy source...
[13:58:53] I (191) octal_psram: vendor id    : 0x0d (AP)
[13:58:53] I (191) octal_psram: dev id       : 0x02 (generation 3)
[13:58:53] I (191) octal_psram: density      : 0x03 (64 Mbit)
[13:58:53] I (193) octal_psram: good-die     : 0x01 (Pass)
[13:58:53] I (197) octal_psram: Latency      : 0x01 (Fixed)
[13:58:53] I (201) octal_psram: VCC          : 0x01 (3V)
[13:58:53] I (206) octal_psram: SRF          : 0x01 (Fast Refresh)
[13:58:53] I (211) octal_psram: BurstType    : 0x01 (Hybrid Wrap)
[13:58:53] I (215) octal_psram: BurstLen     : 0x01 (32 Byte)
[13:58:53] I (220) octal_psram: Readlatency  : 0x02 (10 cycles@Fixed)
[13:58:53] I (225) octal_psram: DriveStrength: 0x00 (1/1)
[13:58:53] I (229) MSPI Timing: Enter psram timing tuning
[13:58:53] I (234) esp_psram: Found 8MB PSRAM device
[13:58:53] I (237) esp_psram: Speed: 80MHz
[13:58:53] I (240) cpu_start: Multicore app
[13:58:54] I (656) esp_psram: SPI SRAM memory test OK
[13:58:54] I (664) cpu_start: GPIO 44 and 43 are used as console UART I/O pins
[13:58:54] I (665) cpu_start: Pro cpu start user code
[13:58:54] I (665) cpu_start: cpu freq: 240000000 Hz
[13:58:54] I (667) app_init: Application information:
[13:58:54] I (670) app_init: Project name:     tinydraw_esp32
[13:58:54] I (675) app_init: App version:      26a05f5
[13:58:54] I (679) app_init: Compile time:     Aug 14 2026 13:53:16
[13:58:54] I (684) app_init: ELF file SHA256:  73355c8d3...
[13:58:54] I (688) app_init: ESP-IDF:          v6.0.2
[13:58:54] I (692) efuse_init: Min chip rev:     v0.0
[13:58:54] I (696) efuse_init: Max chip rev:     v0.99 
[13:58:54] I (700) efuse_init: Chip rev:         v0.2
[13:58:54] I (704) heap_init: Initializing. RAM available for dynamic allocation:
[13:58:54] I (710) heap_init: At 3FC97EF0 len 00051820 (326 KiB): RAM
[13:58:54] I (715) heap_init: At 3FCE9710 len 00005724 (21 KiB): RAM
[13:58:54] I (720) heap_init: At 3FCF0000 len 00008000 (32 KiB): DRAM
[13:58:54] I (725) heap_init: At 600FE000 len 00001FE8 (7 KiB): RTCRAM
[13:58:54] I (731) esp_psram: Adding pool of 8192K of PSRAM memory to heap allocator
[13:58:54] I (738) spi_flash: detected chip: generic
[13:58:54] I (741) spi_flash: flash io: qio
[13:58:54] I (744) sleep_gpio: Configure to isolate all GPIO pins in sleep state
[13:58:54] I (750) sleep_gpio: Enable automatic switching of GPIO sleep configuration
[13:58:54] I (757) main_task: Started on CPU0
[13:58:54] I (760) main_task: Calling app_main()
[13:58:54] TINYDRAW_PANEL_HARD_RESET=1
[13:58:54] I (957) co5300: version: 2.1.0
[13:58:54] I (958) co5300_spi: LCD panel create success, version: 2.1.0
[13:58:54] W (1038) co5300_spi: The 3Ah command has been used and will be overwritten by external initialization sequence
[13:58:54] I (1139) CST816S: IC id: 183
[13:58:54] TINYDRAW_LIVE_PRESENT kind=startup zoom=25 x=0 y=0 compose_us=35072 scroll_us=0 exposed_compose_us=0 chrome_us=0 read_submit_us=0 read_complete_us=0 transfer_wait_us=19617 tile_pixels=0 uniform_pixels=0 overview_pixels=164864 fallback_pixels=0 resident_tiles=0 fallback_tiles=0 pushes=21 tear_wait_us=10298 tear_sync=1 frame_reused=0 pass=1
[13:58:57] TINYDRAW_LIVE_STRESS operations=1000 samples=20000 total_us=2469777 average_us=2469 maximum_us=2589 free_psram=3042440 largest_psram=3014656
[13:58:57] TINYDRAW_LIVE_PRESENT kind=gate_fallback zoom=100 x=0 y=0 compose_us=23153 scroll_us=0 exposed_compose_us=0 chrome_us=0 read_submit_us=29676 read_complete_us=30468 transfer_wait_us=20170 tile_pixels=0 uniform_pixels=0 overview_pixels=0 fallback_pixels=164864 resident_tiles=0 fallback_tiles=42 pushes=21 tear_wait_us=5659 tear_sync=1 frame_reused=0 pass=1
[13:58:57] TINYDRAW_GATE1_HARD zoom=100 cold=1 operations=1000 samples=20000 steps=192 tiles=42 scanned=12000 rendered=1659 max_supertask_us=8812 presentation_us=63509 total_us=258707 pass=1
[13:58:57] TINYDRAW_LIVE_PRESENT kind=gate_fallback zoom=400 x=0 y=0 compose_us=22639 scroll_us=0 exposed_compose_us=0 chrome_us=0 read_submit_us=31000 read_complete_us=31796 transfer_wait_us=19692 tile_pixels=0 uniform_pixels=0 overview_pixels=0 fallback_pixels=164864 resident_tiles=0 fallback_tiles=42 pushes=21 tear_wait_us=7522 tear_sync=1 frame_reused=0 pass=1
[13:58:57] TINYDRAW_GATE1_HARD zoom=400 cold=1 operations=1000 samples=20000 steps=196 tiles=42 scanned=12000 rendered=120 max_supertask_us=8058 presentation_us=60531 total_us=190156 pass=1
[13:58:58] TINYDRAW_OVERLAP_WORKLOAD operations=8 samples=1200 radius_world=80
[13:58:58] TINYDRAW_GATE1_PACED_COLD corpus=overlap zoom=50 x=215 y=255 steps=535 tiles=56 compute_us=423715 present_us=76147 touch_us=1790 pacing_us=37680 wall_us=539332 max_tick_us=8970 touch_samples=4219 touch_interval_max_us=2006 touch_read_max_us=557 touch_event_age_max_us=0 touch_errors=0 touch_overflows=0 pass=1
[13:58:59] TINYDRAW_GATE1_PACED_COLD corpus=overlap zoom=100 x=583 y=703 steps=448 tiles=48 compute_us=300157 present_us=74726 touch_us=1384 pacing_us=29686 wall_us=405953 max_tick_us=9118 touch_samples=472 touch_interval_max_us=1789 touch_read_max_us=494 touch_event_age_max_us=0 touch_errors=0 touch_overflows=0 pass=1
[13:58:59] TINYDRAW_GATE1_PACED_COLD corpus=overlap zoom=200 x=1319 y=1599 steps=503 tiles=56 compute_us=306091 present_us=74253 touch_us=1505 pacing_us=34117 wall_us=415966 max_tick_us=9010 touch_samples=481 touch_interval_max_us=1143 touch_read_max_us=422 touch_event_age_max_us=0 touch_errors=0 touch_overflows=0 pass=1
[13:59:00] TINYDRAW_GATE1_PACED_COLD corpus=overlap zoom=400 x=2791 y=3391 steps=555 tiles=56 compute_us=300096 present_us=72198 touch_us=1594 pacing_us=41078 wall_us=414966 max_tick_us=8261 touch_samples=487 touch_interval_max_us=1132 touch_read_max_us=422 touch_event_age_max_us=0 touch_errors=0 touch_overflows=0 pass=1
[13:59:00] TINYDRAW_ADVERSARIAL_TAPERED_WORKLOAD operations=128 samples=4096 erasers=12 load_us=463213 appended=1
[13:59:01] TINYDRAW_GATE1_PACED_COLD corpus=adversarial_tapered_4x zoom=50 x=0 y=0 steps=104 tiles=42 compute_us=101779 present_us=54001 touch_us=469 pacing_us=7711 wall_us=163960 max_tick_us=6929 touch_samples=741 touch_interval_max_us=1113 touch_read_max_us=401 touch_event_age_max_us=0 touch_errors=0 touch_overflows=0 pass=1
[13:59:01] TINYDRAW_GATE1_PACED_COLD corpus=adversarial_tapered_4x zoom=100 x=0 y=0 steps=348 tiles=42 compute_us=163172 present_us=51874 touch_us=1056 pacing_us=26853 wall_us=242955 max_tick_us=7367 touch_samples=315 touch_interval_max_us=1141 touch_read_max_us=417 touch_event_age_max_us=0 touch_errors=0 touch_overflows=0 pass=1
[13:59:02] TINYDRAW_GATE1_PACED_COLD corpus=adversarial_tapered_4x zoom=200 x=0 y=0 steps=1214 tiles=42 compute_us=457020 present_us=58072 touch_us=3232 pacing_us=84645 wall_us=602969 max_tick_us=7731 touch_samples=680 touch_interval_max_us=1145 touch_read_max_us=429 touch_event_age_max_us=0 touch_errors=0 touch_overflows=0 pass=1
[13:59:03] TINYDRAW_GATE1_PACED_COLD corpus=adversarial_tapered_4x zoom=400 x=0 y=0 steps=4018 tiles=42 compute_us=1109973 present_us=60717 touch_us=10054 pacing_us=270142 wall_us=1450886 max_tick_us=7768 touch_samples=1521 touch_interval_max_us=1137 touch_read_max_us=401 touch_event_age_max_us=0 touch_errors=0 touch_overflows=0 pass=1
[13:59:06] TINYDRAW_GATE1_WORKLOAD kind=realistic seed=7 operations=1000 samples=19844 maximum_stroke=198 load_us=2427566 raw_source=1 lod_copies=0
[13:59:06] TINYDRAW_GATE1_PACED_COLD corpus=seed7 zoom=400 x=63 y=63 steps=281 tiles=56 compute_us=244399 present_us=77897 touch_us=808 pacing_us=19865 wall_us=342969 max_tick_us=9794 touch_samples=2961 touch_interval_max_us=1866 touch_read_max_us=474 touch_event_age_max_us=0 touch_errors=0 touch_overflows=0 pass=1
[13:59:06] TINYDRAW_LIVE_PRESENT kind=gate_fallback zoom=100 x=0 y=0 compose_us=23359 scroll_us=0 exposed_compose_us=0 chrome_us=0 read_submit_us=25242 read_complete_us=26042 transfer_wait_us=19946 tile_pixels=0 uniform_pixels=0 overview_pixels=0 fallback_pixels=164864 resident_tiles=0 fallback_tiles=42 pushes=21 tear_wait_us=987 tear_sync=1 frame_reused=0 pass=1
[13:59:08] TINYDRAW_GATE1_HARD zoom=100 cold=1 operations=1000 samples=19844 steps=275 tiles=42 scanned=12000 rendered=5232 max_supertask_us=9056 presentation_us=63516 total_us=363231 pass=1
[13:59:08] TINYDRAW_GATE1_PAN zoom=100 from_x=0 from_y=0 to_x=88 to_y=88 compose_us=27154 scroll_us=11372 exposed_compose_us=15782 chrome_us=0 event_submit_us=30961 event_complete_us=31757 transfer_us=20000 setup=1 present=1 moved=1 frame_reused=1 pass=1
[13:59:08] TINYDRAW_LIVE_PRESENT kind=gate_fallback zoom=400 x=0 y=0 compose_us=22680 scroll_us=0 exposed_compose_us=0 chrome_us=0 read_submit_us=36794 read_complete_us=37591 transfer_wait_us=19663 tile_pixels=0 uniform_pixels=0 overview_pixels=0 fallback_pixels=164864 resident_tiles=0 fallback_tiles=42 pushes=21 tear_wait_us=13265 tear_sync=1 frame_reused=0 pass=1
[13:59:08] TINYDRAW_GATE1_HARD zoom=400 cold=1 operations=1000 samples=19844 steps=211 tiles=42 scanned=12000 rendered=591 max_supertask_us=9791 presentation_us=61686 total_us=239977 pass=1
[13:59:08] TINYDRAW_GATE1_PAN zoom=400 from_x=0 from_y=0 to_x=88 to_y=88 compose_us=27114 scroll_us=11377 exposed_compose_us=15737 chrome_us=0 event_submit_us=30208 event_complete_us=31009 transfer_us=19755 setup=1 present=1 moved=1 frame_reused=1 pass=1
[13:59:08] TINYDRAW_GATE1_DRAW_FILL zoom=400 revision=2140 append_us=2914 poll_gap_us=100 event_submit_us=2307 event_complete_us=2479 max_compute_slice_us=3916 max_display_slice_us=9786 fill_us=236392 revision_restarted=1 pass=1
=== RUN 17 ===
[13:59:09] ESP-ROM:esp32s3-20210327
[13:59:09] Build:Mar 27 2021
[13:59:09] rst:0x15 (USB_UART_CHIP_RESET),boot:0x2b (SPI_FAST_FLASH_BOOT)
[13:59:09] Saved PC:0x42018a59
[13:59:09] SPIWP:0xee
[13:59:09] mode:DIO, clock div:1
[13:59:09] load:0x3fce2820,len:0x1664
[13:59:09] load:0x403c8700,len:0xf38
[13:59:09] load:0x403cb700,len:0x31e8
[13:59:09] entry 0x403c8930
[13:59:09] I (24) boot: ESP-IDF v6.0.2 2nd stage bootloader
[13:59:09] I (24) boot: compile time Aug 14 2026 13:53:22
[13:59:09] I (25) boot: Multicore bootloader
[13:59:09] I (25) boot: chip revision: v0.2
[13:59:09] I (28) boot: efuse block revision: v1.3
[13:59:09] I (31) qio_mode: Enabling default flash chip QIO
[13:59:09] I (36) boot.esp32s3: Boot SPI Speed : 80MHz
[13:59:09] I (39) boot.esp32s3: SPI Mode       : QIO
[13:59:09] I (43) boot.esp32s3: SPI Flash Size : 16MB
[13:59:09] I (47) boot: Enabling RNG early entropy source...
[13:59:09] I (51) boot: Partition Table:
[13:59:09] I (54) boot: ## Label            Usage          Type ST Offset   Length
[13:59:09] I (60) boot:  0 nvs              WiFi data        01 02 00009000 00006000
[13:59:09] I (67) boot:  1 phy_init         RF data          01 01 0000f000 00001000
[13:59:09] I (73) boot:  2 factory          factory app      00 00 00010000 00100000
[13:59:09] I (80) boot:  3 drawing          Unknown data     01 40 00110000 00300000
[13:59:09] I (86) boot:  4 export           Unknown data     01 41 00410000 00500000
[13:59:09] I (93) boot:  5 coredump         Unknown data     01 03 00910000 00010000
[13:59:09] I (100) boot: End of partition table
[13:59:09] I (103) esp_image: segment 0: paddr=00010020 vaddr=3c040020 size=0f864h ( 63588) map
[13:59:09] I (120) esp_image: segment 1: paddr=0001f88c vaddr=3fc93e00 size=0078ch (  1932) load
[13:59:09] I (121) esp_image: segment 2: paddr=00020020 vaddr=42000020 size=3075ch (198492) map
[13:59:09] I (156) esp_image: segment 3: paddr=00050784 vaddr=3fc9458c size=02e98h ( 11928) load
[13:59:09] I (159) esp_image: segment 4: paddr=00053624 vaddr=40374000 size=0fd1ch ( 64796) load
[13:59:09] I (173) esp_image: segment 5: paddr=00063348 vaddr=50000000 size=00024h (    36) load
[13:59:09] I (180) boot: Loaded app from partition at offset 0x10000
[13:59:09] I (180) boot: Disabling RNG early entropy source...
[13:59:09] I (191) octal_psram: vendor id    : 0x0d (AP)
[13:59:09] I (191) octal_psram: dev id       : 0x02 (generation 3)
[13:59:09] I (191) octal_psram: density      : 0x03 (64 Mbit)
[13:59:09] I (193) octal_psram: good-die     : 0x01 (Pass)
[13:59:09] I (197) octal_psram: Latency      : 0x01 (Fixed)
[13:59:09] I (201) octal_psram: VCC          : 0x01 (3V)
[13:59:09] I (206) octal_psram: SRF          : 0x01 (Fast Refresh)
[13:59:09] I (211) octal_psram: BurstType    : 0x01 (Hybrid Wrap)
[13:59:09] I (215) octal_psram: BurstLen     : 0x01 (32 Byte)
[13:59:09] I (220) octal_psram: Readlatency  : 0x02 (10 cycles@Fixed)
[13:59:09] I (225) octal_psram: DriveStrength: 0x00 (1/1)
[13:59:09] I (229) MSPI Timing: Enter psram timing tuning
[13:59:09] I (234) esp_psram: Found 8MB PSRAM device
[13:59:09] I (237) esp_psram: Speed: 80MHz
[13:59:09] I (240) cpu_start: Multicore app
[13:59:09] I (656) esp_psram: SPI SRAM memory test OK
[13:59:09] I (664) cpu_start: GPIO 44 and 43 are used as console UART I/O pins
[13:59:09] I (665) cpu_start: Pro cpu start user code
[13:59:09] I (665) cpu_start: cpu freq: 240000000 Hz
[13:59:09] I (667) app_init: Application information:
[13:59:09] I (670) app_init: Project name:     tinydraw_esp32
[13:59:09] I (675) app_init: App version:      26a05f5
[13:59:09] I (679) app_init: Compile time:     Aug 14 2026 13:53:16
[13:59:09] I (684) app_init: ELF file SHA256:  73355c8d3...
[13:59:09] I (688) app_init: ESP-IDF:          v6.0.2
[13:59:09] I (692) efuse_init: Min chip rev:     v0.0
[13:59:09] I (696) efuse_init: Max chip rev:     v0.99 
[13:59:09] I (700) efuse_init: Chip rev:         v0.2
[13:59:09] I (704) heap_init: Initializing. RAM available for dynamic allocation:
[13:59:09] I (710) heap_init: At 3FC97EF0 len 00051820 (326 KiB): RAM
[13:59:09] I (715) heap_init: At 3FCE9710 len 00005724 (21 KiB): RAM
[13:59:09] I (720) heap_init: At 3FCF0000 len 00008000 (32 KiB): DRAM
[13:59:09] I (725) heap_init: At 600FE000 len 00001FE8 (7 KiB): RTCRAM
[13:59:09] I (731) esp_psram: Adding pool of 8192K of PSRAM memory to heap allocator
[13:59:09] I (738) spi_flash: detected chip: generic
[13:59:09] I (741) spi_flash: flash io: qio
[13:59:09] I (744) sleep_gpio: Configure to isolate all GPIO pins in sleep state
[13:59:09] I (750) sleep_gpio: Enable automatic switching of GPIO sleep configuration
[13:59:09] I (757) main_task: Started on CPU0
[13:59:09] I (760) main_task: Calling app_main()
[13:59:09] TINYDRAW_PANEL_HARD_RESET=1
[13:59:09] I (957) co5300: version: 2.1.0
[13:59:09] I (958) co5300_spi: LCD panel create success, version: 2.1.0
[13:59:09] W (1038) co5300_spi: The 3Ah command has been used and will be overwritten by external initialization sequence
[13:59:09] I (1139) CST816S: IC id: 183
[13:59:10] TINYDRAW_LIVE_PRESENT kind=startup zoom=25 x=0 y=0 compose_us=35075 scroll_us=0 exposed_compose_us=0 chrome_us=0 read_submit_us=0 read_complete_us=0 transfer_wait_us=19683 tile_pixels=0 uniform_pixels=0 overview_pixels=164864 fallback_pixels=0 resident_tiles=0 fallback_tiles=0 pushes=21 tear_wait_us=10231 tear_sync=1 frame_reused=0 pass=1
[13:59:12] TINYDRAW_LIVE_STRESS operations=1000 samples=20000 total_us=2471626 average_us=2471 maximum_us=2586 free_psram=3042440 largest_psram=3014656
[13:59:12] TINYDRAW_LIVE_PRESENT kind=gate_fallback zoom=100 x=0 y=0 compose_us=23170 scroll_us=0 exposed_compose_us=0 chrome_us=0 read_submit_us=27925 read_complete_us=28722 transfer_wait_us=20068 tile_pixels=0 uniform_pixels=0 overview_pixels=0 fallback_pixels=164864 resident_tiles=0 fallback_tiles=42 pushes=21 tear_wait_us=3886 tear_sync=1 frame_reused=0 pass=1
[13:59:12] TINYDRAW_GATE1_HARD zoom=100 cold=1 operations=1000 samples=20000 steps=192 tiles=42 scanned=12000 rendered=1659 max_supertask_us=8821 presentation_us=64550 total_us=259695 pass=1
[13:59:12] TINYDRAW_LIVE_PRESENT kind=gate_fallback zoom=400 x=0 y=0 compose_us=22634 scroll_us=0 exposed_compose_us=0 chrome_us=0 read_submit_us=29976 read_complete_us=30772 transfer_wait_us=19724 tile_pixels=0 uniform_pixels=0 overview_pixels=0 fallback_pixels=164864 resident_tiles=0 fallback_tiles=42 pushes=21 tear_wait_us=6487 tear_sync=1 frame_reused=0 pass=1
[13:59:13] TINYDRAW_GATE1_HARD zoom=400 cold=1 operations=1000 samples=20000 steps=196 tiles=42 scanned=12000 rendered=120 max_supertask_us=8072 presentation_us=60571 total_us=190149 pass=1
[13:59:13] TINYDRAW_OVERLAP_WORKLOAD operations=8 samples=1200 radius_world=80
[13:59:14] TINYDRAW_GATE1_PACED_COLD corpus=overlap zoom=50 x=215 y=255 steps=535 tiles=56 compute_us=424212 present_us=76103 touch_us=1809 pacing_us=38206 wall_us=540330 max_tick_us=8947 touch_samples=4220 touch_interval_max_us=1995 touch_read_max_us=557 touch_event_age_max_us=0 touch_errors=0 touch_overflows=0 pass=1
[13:59:14] TINYDRAW_GATE1_PACED_COLD corpus=overlap zoom=100 x=583 y=703 steps=448 tiles=48 compute_us=300209 present_us=73761 touch_us=1391 pacing_us=29592 wall_us=404953 max_tick_us=9011 touch_samples=469 touch_interval_max_us=1799 touch_read_max_us=489 touch_event_age_max_us=0 touch_errors=0 touch_overflows=0 pass=1
[13:59:15] TINYDRAW_GATE1_PACED_COLD corpus=overlap zoom=200 x=1319 y=1599 steps=503 tiles=56 compute_us=306038 present_us=74265 touch_us=1460 pacing_us=35204 wall_us=416967 max_tick_us=9010 touch_samples=483 touch_interval_max_us=1140 touch_read_max_us=427 touch_event_age_max_us=0 touch_errors=0 touch_overflows=0 pass=1
[13:59:15] TINYDRAW_GATE1_PACED_COLD corpus=overlap zoom=400 x=2791 y=3391 steps=555 tiles=56 compute_us=300166 present_us=72162 touch_us=1598 pacing_us=41039 wall_us=414965 max_tick_us=8255 touch_samples=485 touch_interval_max_us=1124 touch_read_max_us=410 touch_event_age_max_us=0 touch_errors=0 touch_overflows=0 pass=1
[13:59:16] TINYDRAW_ADVERSARIAL_TAPERED_WORKLOAD operations=128 samples=4096 erasers=12 load_us=463455 appended=1
[13:59:16] TINYDRAW_GATE1_PACED_COLD corpus=adversarial_tapered_4x zoom=50 x=0 y=0 steps=104 tiles=42 compute_us=101618 present_us=54015 touch_us=463 pacing_us=7874 wall_us=163970 max_tick_us=6946 touch_samples=742 touch_interval_max_us=1119 touch_read_max_us=402 touch_event_age_max_us=0 touch_errors=0 touch_overflows=0 pass=1
[13:59:16] TINYDRAW_GATE1_PACED_COLD corpus=adversarial_tapered_4x zoom=100 x=0 y=0 steps=348 tiles=42 compute_us=163652 present_us=51842 touch_us=1051 pacing_us=26411 wall_us=242956 max_tick_us=7345 touch_samples=314 touch_interval_max_us=1151 touch_read_max_us=426 touch_event_age_max_us=0 touch_errors=0 touch_overflows=0 pass=1
[13:59:17] TINYDRAW_GATE1_PACED_COLD corpus=adversarial_tapered_4x zoom=200 x=0 y=0 steps=1214 tiles=42 compute_us=456381 present_us=58078 touch_us=3224 pacing_us=85286 wall_us=602969 max_tick_us=7738 touch_samples=680 touch_interval_max_us=1157 touch_read_max_us=431 touch_event_age_max_us=0 touch_errors=0 touch_overflows=0 pass=1
[13:59:18] TINYDRAW_GATE1_PACED_COLD corpus=adversarial_tapered_4x zoom=400 x=0 y=0 steps=4018 tiles=42 compute_us=1110786 present_us=60689 touch_us=10016 pacing_us=269403 wall_us=1450894 max_tick_us=7768 touch_samples=1520 touch_interval_max_us=1151 touch_read_max_us=427 touch_event_age_max_us=0 touch_errors=0 touch_overflows=0 pass=1
[13:59:21] TINYDRAW_GATE1_WORKLOAD kind=realistic seed=7 operations=1000 samples=19844 maximum_stroke=198 load_us=2430563 raw_source=1 lod_copies=0
[13:59:21] TINYDRAW_GATE1_PACED_COLD corpus=seed7 zoom=400 x=63 y=63 steps=281 tiles=56 compute_us=244362 present_us=77942 touch_us=804 pacing_us=19862 wall_us=342970 max_tick_us=9794 touch_samples=2959 touch_interval_max_us=1870 touch_read_max_us=477 touch_event_age_max_us=0 touch_errors=0 touch_overflows=0 pass=1
[13:59:21] TINYDRAW_LIVE_PRESENT kind=gate_fallback zoom=100 x=0 y=0 compose_us=23363 scroll_us=0 exposed_compose_us=0 chrome_us=0 read_submit_us=25330 read_complete_us=26127 transfer_wait_us=19858 tile_pixels=0 uniform_pixels=0 overview_pixels=0 fallback_pixels=164864 resident_tiles=0 fallback_tiles=42 pushes=21 tear_wait_us=1064 tear_sync=1 frame_reused=0 pass=1
[13:59:23] TINYDRAW_GATE1_HARD zoom=100 cold=1 operations=1000 samples=19844 steps=275 tiles=42 scanned=12000 rendered=5232 max_supertask_us=9047 presentation_us=63461 total_us=363212 pass=1
[13:59:23] TINYDRAW_GATE1_PAN zoom=100 from_x=0 from_y=0 to_x=88 to_y=88 compose_us=27181 scroll_us=11357 exposed_compose_us=15824 chrome_us=0 event_submit_us=30653 event_complete_us=31454 transfer_us=19309 setup=1 present=1 moved=1 frame_reused=1 pass=1
[13:59:23] TINYDRAW_LIVE_PRESENT kind=gate_fallback zoom=400 x=0 y=0 compose_us=22670 scroll_us=0 exposed_compose_us=0 chrome_us=0 read_submit_us=37536 read_complete_us=38334 transfer_wait_us=19918 tile_pixels=0 uniform_pixels=0 overview_pixels=0 fallback_pixels=164864 resident_tiles=0 fallback_tiles=42 pushes=21 tear_wait_us=13966 tear_sync=1 frame_reused=0 pass=1
[13:59:23] TINYDRAW_GATE1_HARD zoom=400 cold=1 operations=1000 samples=19844 steps=211 tiles=42 scanned=12000 rendered=591 max_supertask_us=9786 presentation_us=61782 total_us=239981 pass=1
[13:59:23] TINYDRAW_GATE1_PAN zoom=400 from_x=0 from_y=0 to_x=88 to_y=88 compose_us=27102 scroll_us=11358 exposed_compose_us=15744 chrome_us=0 event_submit_us=30501 event_complete_us=31299 transfer_us=19464 setup=1 present=1 moved=1 frame_reused=1 pass=1
[13:59:23] TINYDRAW_GATE1_DRAW_FILL zoom=400 revision=2140 append_us=2925 poll_gap_us=97 event_submit_us=2310 event_complete_us=2478 max_compute_slice_us=3910 max_display_slice_us=9794 fill_us=236371 revision_restarted=1 pass=1
=== RUN 18 ===
[13:59:24] ESP-ROM:esp32s3-20210327
[13:59:24] Build:Mar 27 2021
[13:59:24] rst:0x15 (USB_UART_CHIP_RESET),boot:0x2b (SPI_FAST_FLASH_BOOT)
[13:59:24] Saved PC:0x4201ca79
[13:59:24] SPIWP:0xee
[13:59:24] mode:DIO, clock div:1
[13:59:24] load:0x3fce2820,len:0x1664
[13:59:24] load:0x403c8700,len:0xf38
[13:59:24] load:0x403cb700,len:0x31e8
[13:59:24] entry 0x403c8930
[13:59:24] I (24) boot: ESP-IDF v6.0.2 2nd stage bootloader
[13:59:24] I (24) boot: compile time Aug 14 2026 13:53:22
[13:59:24] I (25) boot: Multicore bootloader
[13:59:24] I (25) boot: chip revision: v0.2
[13:59:24] I (28) boot: efuse block revision: v1.3
[13:59:24] I (31) qio_mode: Enabling default flash chip QIO
[13:59:24] I (36) boot.esp32s3: Boot SPI Speed : 80MHz
[13:59:24] I (39) boot.esp32s3: SPI Mode       : QIO
[13:59:24] I (43) boot.esp32s3: SPI Flash Size : 16MB
[13:59:24] I (47) boot: Enabling RNG early entropy source...
[13:59:24] I (51) boot: Partition Table:
[13:59:24] I (54) boot: ## Label            Usage          Type ST Offset   Length
[13:59:24] I (60) boot:  0 nvs              WiFi data        01 02 00009000 00006000
[13:59:24] I (67) boot:  1 phy_init         RF data          01 01 0000f000 00001000
[13:59:24] I (73) boot:  2 factory          factory app      00 00 00010000 00100000
[13:59:24] I (80) boot:  3 drawing          Unknown data     01 40 00110000 00300000
[13:59:24] I (86) boot:  4 export           Unknown data     01 41 00410000 00500000
[13:59:24] I (93) boot:  5 coredump         Unknown data     01 03 00910000 00010000
[13:59:24] I (100) boot: End of partition table
[13:59:24] I (103) esp_image: segment 0: paddr=00010020 vaddr=3c040020 size=0f864h ( 63588) map
[13:59:24] I (120) esp_image: segment 1: paddr=0001f88c vaddr=3fc93e00 size=0078ch (  1932) load
[13:59:24] I (121) esp_image: segment 2: paddr=00020020 vaddr=42000020 size=3075ch (198492) map
[13:59:24] I (156) esp_image: segment 3: paddr=00050784 vaddr=3fc9458c size=02e98h ( 11928) load
[13:59:24] I (159) esp_image: segment 4: paddr=00053624 vaddr=40374000 size=0fd1ch ( 64796) load
[13:59:24] I (173) esp_image: segment 5: paddr=00063348 vaddr=50000000 size=00024h (    36) load
[13:59:24] I (180) boot: Loaded app from partition at offset 0x10000
[13:59:24] I (180) boot: Disabling RNG early entropy source...
[13:59:24] I (191) octal_psram: vendor id    : 0x0d (AP)
[13:59:24] I (191) octal_psram: dev id       : 0x02 (generation 3)
[13:59:24] I (191) octal_psram: density      : 0x03 (64 Mbit)
[13:59:24] I (193) octal_psram: good-die     : 0x01 (Pass)
[13:59:24] I (197) octal_psram: Latency      : 0x01 (Fixed)
[13:59:24] I (201) octal_psram: VCC          : 0x01 (3V)
[13:59:24] I (206) octal_psram: SRF          : 0x01 (Fast Refresh)
[13:59:24] I (211) octal_psram: BurstType    : 0x01 (Hybrid Wrap)
[13:59:24] I (215) octal_psram: BurstLen     : 0x01 (32 Byte)
[13:59:24] I (220) octal_psram: Readlatency  : 0x02 (10 cycles@Fixed)
[13:59:24] I (225) octal_psram: DriveStrength: 0x00 (1/1)
[13:59:24] I (229) MSPI Timing: Enter psram timing tuning
[13:59:24] I (234) esp_psram: Found 8MB PSRAM device
[13:59:24] I (237) esp_psram: Speed: 80MHz
[13:59:24] I (240) cpu_start: Multicore app
[13:59:24] I (656) esp_psram: SPI SRAM memory test OK
[13:59:24] I (664) cpu_start: GPIO 44 and 43 are used as console UART I/O pins
[13:59:24] I (665) cpu_start: Pro cpu start user code
[13:59:24] I (665) cpu_start: cpu freq: 240000000 Hz
[13:59:24] I (667) app_init: Application information:
[13:59:24] I (670) app_init: Project name:     tinydraw_esp32
[13:59:24] I (675) app_init: App version:      26a05f5
[13:59:24] I (679) app_init: Compile time:     Aug 14 2026 13:53:16
[13:59:24] I (684) app_init: ELF file SHA256:  73355c8d3...
[13:59:24] I (688) app_init: ESP-IDF:          v6.0.2
[13:59:24] I (692) efuse_init: Min chip rev:     v0.0
[13:59:24] I (696) efuse_init: Max chip rev:     v0.99 
[13:59:24] I (700) efuse_init: Chip rev:         v0.2
[13:59:24] I (704) heap_init: Initializing. RAM available for dynamic allocation:
[13:59:24] I (710) heap_init: At 3FC97EF0 len 00051820 (326 KiB): RAM
[13:59:24] I (715) heap_init: At 3FCE9710 len 00005724 (21 KiB): RAM
[13:59:24] I (720) heap_init: At 3FCF0000 len 00008000 (32 KiB): DRAM
[13:59:24] I (725) heap_init: At 600FE000 len 00001FE8 (7 KiB): RTCRAM
[13:59:24] I (731) esp_psram: Adding pool of 8192K of PSRAM memory to heap allocator
[13:59:24] I (738) spi_flash: detected chip: generic
[13:59:24] I (741) spi_flash: flash io: qio
[13:59:24] I (744) sleep_gpio: Configure to isolate all GPIO pins in sleep state
[13:59:24] I (750) sleep_gpio: Enable automatic switching of GPIO sleep configuration
[13:59:24] I (757) main_task: Started on CPU0
[13:59:24] I (760) main_task: Calling app_main()
[13:59:24] TINYDRAW_PANEL_HARD_RESET=1
[13:59:24] I (957) co5300: version: 2.1.0
[13:59:24] I (958) co5300_spi: LCD panel create success, version: 2.1.0
[13:59:25] W (1038) co5300_spi: The 3Ah command has been used and will be overwritten by external initialization sequence
[13:59:25] I (1139) CST816S: IC id: 183
[13:59:25] TINYDRAW_LIVE_PRESENT kind=startup zoom=25 x=0 y=0 compose_us=35071 scroll_us=0 exposed_compose_us=0 chrome_us=0 read_submit_us=0 read_complete_us=0 transfer_wait_us=19688 tile_pixels=0 uniform_pixels=0 overview_pixels=164864 fallback_pixels=0 resident_tiles=0 fallback_tiles=0 pushes=21 tear_wait_us=10224 tear_sync=1 frame_reused=0 pass=1
[13:59:27] TINYDRAW_LIVE_STRESS operations=1000 samples=20000 total_us=2468418 average_us=2468 maximum_us=2587 free_psram=3042440 largest_psram=3014656
[13:59:27] TINYDRAW_LIVE_PRESENT kind=gate_fallback zoom=100 x=0 y=0 compose_us=23196 scroll_us=0 exposed_compose_us=0 chrome_us=0 read_submit_us=30022 read_complete_us=30806 transfer_wait_us=20171 tile_pixels=0 uniform_pixels=0 overview_pixels=0 fallback_pixels=164864 resident_tiles=0 fallback_tiles=42 pushes=21 tear_wait_us=5951 tear_sync=1 frame_reused=0 pass=1
[13:59:28] TINYDRAW_GATE1_HARD zoom=100 cold=1 operations=1000 samples=20000 steps=192 tiles=42 scanned=12000 rendered=1659 max_supertask_us=8812 presentation_us=63326 total_us=258817 pass=1
[13:59:28] TINYDRAW_LIVE_PRESENT kind=gate_fallback zoom=400 x=0 y=0 compose_us=22623 scroll_us=0 exposed_compose_us=0 chrome_us=0 read_submit_us=30800 read_complete_us=31597 transfer_wait_us=19799 tile_pixels=0 uniform_pixels=0 overview_pixels=0 fallback_pixels=164864 resident_tiles=0 fallback_tiles=42 pushes=21 tear_wait_us=7282 tear_sync=1 frame_reused=0 pass=1
[13:59:28] TINYDRAW_GATE1_HARD zoom=400 cold=1 operations=1000 samples=20000 steps=196 tiles=42 scanned=12000 rendered=120 max_supertask_us=8074 presentation_us=60552 total_us=190186 pass=1
[13:59:28] TINYDRAW_OVERLAP_WORKLOAD operations=8 samples=1200 radius_world=80
[13:59:29] TINYDRAW_GATE1_PACED_COLD corpus=overlap zoom=50 x=215 y=255 steps=535 tiles=56 compute_us=423844 present_us=76213 touch_us=1798 pacing_us=36466 wall_us=538321 max_tick_us=8973 touch_samples=4216 touch_interval_max_us=2005 touch_read_max_us=557 touch_event_age_max_us=0 touch_errors=0 touch_overflows=0 pass=1
[13:59:29] TINYDRAW_GATE1_PACED_COLD corpus=overlap zoom=100 x=583 y=703 steps=448 tiles=48 compute_us=300000 present_us=74705 touch_us=1412 pacing_us=29837 wall_us=405954 max_tick_us=9120 touch_samples=473 touch_interval_max_us=1797 touch_read_max_us=489 touch_event_age_max_us=0 touch_errors=0 touch_overflows=0 pass=1
[13:59:30] TINYDRAW_GATE1_PACED_COLD corpus=overlap zoom=200 x=1319 y=1599 steps=503 tiles=56 compute_us=305968 present_us=74238 touch_us=1508 pacing_us=34252 wall_us=415966 max_tick_us=9010 touch_samples=480 touch_interval_max_us=1151 touch_read_max_us=435 touch_event_age_max_us=0 touch_errors=0 touch_overflows=0 pass=1
[13:59:30] TINYDRAW_GATE1_PACED_COLD corpus=overlap zoom=400 x=2791 y=3391 steps=555 tiles=56 compute_us=299990 present_us=72232 touch_us=1599 pacing_us=41144 wall_us=414965 max_tick_us=8270 touch_samples=487 touch_interval_max_us=1126 touch_read_max_us=422 touch_event_age_max_us=0 touch_errors=0 touch_overflows=0 pass=1
[13:59:31] TINYDRAW_ADVERSARIAL_TAPERED_WORKLOAD operations=128 samples=4096 erasers=12 load_us=462919 appended=1
[13:59:31] TINYDRAW_GATE1_PACED_COLD corpus=adversarial_tapered_4x zoom=50 x=0 y=0 steps=104 tiles=42 compute_us=101592 present_us=54019 touch_us=483 pacing_us=7878 wall_us=163972 max_tick_us=6940 touch_samples=741 touch_interval_max_us=1119 touch_read_max_us=405 touch_event_age_max_us=0 touch_errors=0 touch_overflows=0 pass=1
[13:59:31] TINYDRAW_GATE1_PACED_COLD corpus=adversarial_tapered_4x zoom=100 x=0 y=0 steps=348 tiles=42 compute_us=163261 present_us=51856 touch_us=1081 pacing_us=26757 wall_us=242955 max_tick_us=7342 touch_samples=314 touch_interval_max_us=1105 touch_read_max_us=393 touch_event_age_max_us=0 touch_errors=0 touch_overflows=0 pass=1
[13:59:32] TINYDRAW_GATE1_PACED_COLD corpus=adversarial_tapered_4x zoom=200 x=0 y=0 steps=1214 tiles=42 compute_us=456502 present_us=58021 touch_us=3347 pacing_us=85099 wall_us=602969 max_tick_us=7747 touch_samples=679 touch_interval_max_us=1167 touch_read_max_us=437 touch_event_age_max_us=0 touch_errors=0 touch_overflows=0 pass=1
[13:59:34] TINYDRAW_GATE1_PACED_COLD corpus=adversarial_tapered_4x zoom=400 x=0 y=0 steps=4018 tiles=42 compute_us=1111589 present_us=60611 touch_us=10005 pacing_us=269707 wall_us=1451912 max_tick_us=7755 touch_samples=1521 touch_interval_max_us=1165 touch_read_max_us=426 touch_event_age_max_us=0 touch_errors=0 touch_overflows=0 pass=1
[13:59:36] TINYDRAW_GATE1_WORKLOAD kind=realistic seed=7 operations=1000 samples=19844 maximum_stroke=198 load_us=2428716 raw_source=1 lod_copies=0
[13:59:37] TINYDRAW_GATE1_PACED_COLD corpus=seed7 zoom=400 x=63 y=63 steps=281 tiles=56 compute_us=244326 present_us=77916 touch_us=813 pacing_us=19916 wall_us=342971 max_tick_us=9790 touch_samples=2958 touch_interval_max_us=1868 touch_read_max_us=473 touch_event_age_max_us=0 touch_errors=0 touch_overflows=0 pass=1
[13:59:37] TINYDRAW_LIVE_PRESENT kind=gate_fallback zoom=100 x=0 y=0 compose_us=23360 scroll_us=0 exposed_compose_us=0 chrome_us=0 read_submit_us=24950 read_complete_us=25747 transfer_wait_us=20238 tile_pixels=0 uniform_pixels=0 overview_pixels=0 fallback_pixels=164864 resident_tiles=0 fallback_tiles=42 pushes=21 tear_wait_us=738 tear_sync=1 frame_reused=0 pass=1
[13:59:39] TINYDRAW_GATE1_HARD zoom=100 cold=1 operations=1000 samples=19844 steps=275 tiles=42 scanned=12000 rendered=5232 max_supertask_us=9051 presentation_us=63543 total_us=363271 pass=1
[13:59:39] TINYDRAW_GATE1_PAN zoom=100 from_x=0 from_y=0 to_x=88 to_y=88 compose_us=27149 scroll_us=11384 exposed_compose_us=15765 chrome_us=0 event_submit_us=31033 event_complete_us=31835 transfer_us=19930 setup=1 present=1 moved=1 frame_reused=1 pass=1
[13:59:39] TINYDRAW_LIVE_PRESENT kind=gate_fallback zoom=400 x=0 y=0 compose_us=22673 scroll_us=0 exposed_compose_us=0 chrome_us=0 read_submit_us=36820 read_complete_us=37617 transfer_wait_us=19634 tile_pixels=0 uniform_pixels=0 overview_pixels=0 fallback_pixels=164864 resident_tiles=0 fallback_tiles=42 pushes=21 tear_wait_us=13306 tear_sync=1 frame_reused=0 pass=1
[13:59:39] TINYDRAW_GATE1_HARD zoom=400 cold=1 operations=1000 samples=19844 steps=211 tiles=42 scanned=12000 rendered=591 max_supertask_us=9777 presentation_us=61647 total_us=240047 pass=1
[13:59:39] TINYDRAW_GATE1_PAN zoom=400 from_x=0 from_y=0 to_x=88 to_y=88 compose_us=27102 scroll_us=11367 exposed_compose_us=15735 chrome_us=0 event_submit_us=30805 event_complete_us=31601 transfer_us=20158 setup=1 present=1 moved=1 frame_reused=1 pass=1
[13:59:39] TINYDRAW_GATE1_DRAW_FILL zoom=400 revision=2140 append_us=2921 poll_gap_us=81 event_submit_us=2323 event_complete_us=2490 max_compute_slice_us=3916 max_display_slice_us=9787 fill_us=236431 revision_restarted=1 pass=1
=== RUN 19 ===
[13:59:39] ESP-ROM:esp32s3-20210327
[13:59:39] Build:Mar 27 2021
[13:59:39] rst:0x15 (USB_UART_CHIP_RESET),boot:0x2b (SPI_FAST_FLASH_BOOT)
[13:59:39] Saved PC:0x40057065
[13:59:39] SPIWP:0xee
[13:59:39] mode:DIO, clock div:1
[13:59:39] load:0x3fce2820,len:0x1664
[13:59:39] load:0x403c8700,len:0xf38
[13:59:39] load:0x403cb700,len:0x31e8
[13:59:39] entry 0x403c8930
[13:59:39] I (24) boot: ESP-IDF v6.0.2 2nd stage bootloader
[13:59:39] I (24) boot: compile time Aug 14 2026 13:53:22
[13:59:39] I (25) boot: Multicore bootloader
[13:59:39] I (25) boot: chip revision: v0.2
[13:59:39] I (28) boot: efuse block revision: v1.3
[13:59:39] I (31) qio_mode: Enabling default flash chip QIO
[13:59:39] I (36) boot.esp32s3: Boot SPI Speed : 80MHz
[13:59:39] I (39) boot.esp32s3: SPI Mode       : QIO
[13:59:39] I (43) boot.esp32s3: SPI Flash Size : 16MB
[13:59:39] I (47) boot: Enabling RNG early entropy source...
[13:59:39] I (51) boot: Partition Table:
[13:59:39] I (54) boot: ## Label            Usage          Type ST Offset   Length
[13:59:39] I (60) boot:  0 nvs              WiFi data        01 02 00009000 00006000
[13:59:39] I (67) boot:  1 phy_init         RF data          01 01 0000f000 00001000
[13:59:39] I (73) boot:  2 factory          factory app      00 00 00010000 00100000
[13:59:39] I (80) boot:  3 drawing          Unknown data     01 40 00110000 00300000
[13:59:39] I (86) boot:  4 export           Unknown data     01 41 00410000 00500000
[13:59:39] I (93) boot:  5 coredump         Unknown data     01 03 00910000 00010000
[13:59:39] I (100) boot: End of partition table
[13:59:39] I (103) esp_image: segment 0: paddr=00010020 vaddr=3c040020 size=0f864h ( 63588) map
[13:59:39] I (120) esp_image: segment 1: paddr=0001f88c vaddr=3fc93e00 size=0078ch (  1932) load
[13:59:39] I (121) esp_image: segment 2: paddr=00020020 vaddr=42000020 size=3075ch (198492) map
[13:59:39] I (156) esp_image: segment 3: paddr=00050784 vaddr=3fc9458c size=02e98h ( 11928) load
[13:59:39] I (159) esp_image: segment 4: paddr=00053624 vaddr=40374000 size=0fd1ch ( 64796) load
[13:59:39] I (173) esp_image: segment 5: paddr=00063348 vaddr=50000000 size=00024h (    36) load
[13:59:39] I (180) boot: Loaded app from partition at offset 0x10000
[13:59:39] I (180) boot: Disabling RNG early entropy source...
[13:59:39] I (191) octal_psram: vendor id    : 0x0d (AP)
[13:59:39] I (191) octal_psram: dev id       : 0x02 (generation 3)
[13:59:39] I (191) octal_psram: density      : 0x03 (64 Mbit)
[13:59:39] I (193) octal_psram: good-die     : 0x01 (Pass)
[13:59:39] I (197) octal_psram: Latency      : 0x01 (Fixed)
[13:59:39] I (201) octal_psram: VCC          : 0x01 (3V)
[13:59:39] I (206) octal_psram: SRF          : 0x01 (Fast Refresh)
[13:59:39] I (211) octal_psram: BurstType    : 0x01 (Hybrid Wrap)
[13:59:39] I (215) octal_psram: BurstLen     : 0x01 (32 Byte)
[13:59:39] I (220) octal_psram: Readlatency  : 0x02 (10 cycles@Fixed)
[13:59:39] I (225) octal_psram: DriveStrength: 0x00 (1/1)
[13:59:39] I (229) MSPI Timing: Enter psram timing tuning
[13:59:39] I (234) esp_psram: Found 8MB PSRAM device
[13:59:39] I (237) esp_psram: Speed: 80MHz
[13:59:39] I (240) cpu_start: Multicore app
[13:59:39] I (656) esp_psram: SPI SRAM memory test OK
[13:59:39] I (664) cpu_start: GPIO 44 and 43 are used as console UART I/O pins
[13:59:39] I (665) cpu_start: Pro cpu start user code
[13:59:39] I (665) cpu_start: cpu freq: 240000000 Hz
[13:59:39] I (667) app_init: Application information:
[13:59:39] I (670) app_init: Project name:     tinydraw_esp32
[13:59:39] I (675) app_init: App version:      26a05f5
[13:59:39] I (679) app_init: Compile time:     Aug 14 2026 13:53:16
[13:59:39] I (684) app_init: ELF file SHA256:  73355c8d3...
[13:59:39] I (688) app_init: ESP-IDF:          v6.0.2
[13:59:39] I (692) efuse_init: Min chip rev:     v0.0
[13:59:39] I (696) efuse_init: Max chip rev:     v0.99 
[13:59:39] I (700) efuse_init: Chip rev:         v0.2
[13:59:39] I (704) heap_init: Initializing. RAM available for dynamic allocation:
[13:59:40] I (710) heap_init: At 3FC97EF0 len 00051820 (326 KiB): RAM
[13:59:40] I (715) heap_init: At 3FCE9710 len 00005724 (21 KiB): RAM
[13:59:40] I (720) heap_init: At 3FCF0000 len 00008000 (32 KiB): DRAM
[13:59:40] I (725) heap_init: At 600FE000 len 00001FE8 (7 KiB): RTCRAM
[13:59:40] I (731) esp_psram: Adding pool of 8192K of PSRAM memory to heap allocator
[13:59:40] I (738) spi_flash: detected chip: generic
[13:59:40] I (741) spi_flash: flash io: qio
[13:59:40] I (744) sleep_gpio: Configure to isolate all GPIO pins in sleep state
[13:59:40] I (750) sleep_gpio: Enable automatic switching of GPIO sleep configuration
[13:59:40] I (757) main_task: Started on CPU0
[13:59:40] I (760) main_task: Calling app_main()
[13:59:40] TINYDRAW_PANEL_HARD_RESET=1
[13:59:40] I (957) co5300: version: 2.1.0
[13:59:40] I (958) co5300_spi: LCD panel create success, version: 2.1.0
[13:59:40] W (1038) co5300_spi: The 3Ah command has been used and will be overwritten by external initialization sequence
[13:59:40] I (1139) CST816S: IC id: 183
[13:59:40] TINYDRAW_LIVE_PRESENT kind=startup zoom=25 x=0 y=0 compose_us=35074 scroll_us=0 exposed_compose_us=0 chrome_us=0 read_submit_us=0 read_complete_us=0 transfer_wait_us=19736 tile_pixels=0 uniform_pixels=0 overview_pixels=164864 fallback_pixels=0 resident_tiles=0 fallback_tiles=0 pushes=21 tear_wait_us=10153 tear_sync=1 frame_reused=0 pass=1
[13:59:42] TINYDRAW_LIVE_STRESS operations=1000 samples=20000 total_us=2470966 average_us=2470 maximum_us=2595 free_psram=3042440 largest_psram=3014656
[13:59:43] TINYDRAW_LIVE_PRESENT kind=gate_fallback zoom=100 x=0 y=0 compose_us=23165 scroll_us=0 exposed_compose_us=0 chrome_us=0 read_submit_us=27172 read_complete_us=27966 transfer_wait_us=19494 tile_pixels=0 uniform_pixels=0 overview_pixels=0 fallback_pixels=164864 resident_tiles=0 fallback_tiles=42 pushes=21 tear_wait_us=3186 tear_sync=1 frame_reused=0 pass=1
[13:59:43] TINYDRAW_GATE1_HARD zoom=100 cold=1 operations=1000 samples=20000 steps=192 tiles=42 scanned=12000 rendered=1659 max_supertask_us=8827 presentation_us=63533 total_us=258771 pass=1
[13:59:43] TINYDRAW_LIVE_PRESENT kind=gate_fallback zoom=400 x=0 y=0 compose_us=22618 scroll_us=0 exposed_compose_us=0 chrome_us=0 read_submit_us=31388 read_complete_us=32184 transfer_wait_us=20227 tile_pixels=0 uniform_pixels=0 overview_pixels=0 fallback_pixels=164864 resident_tiles=0 fallback_tiles=42 pushes=21 tear_wait_us=7930 tear_sync=1 frame_reused=0 pass=1
[13:59:43] TINYDRAW_GATE1_HARD zoom=400 cold=1 operations=1000 samples=20000 steps=196 tiles=42 scanned=12000 rendered=120 max_supertask_us=8070 presentation_us=60604 total_us=190183 pass=1
[13:59:44] TINYDRAW_OVERLAP_WORKLOAD operations=8 samples=1200 radius_world=80
[13:59:44] TINYDRAW_GATE1_PACED_COLD corpus=overlap zoom=50 x=215 y=255 steps=535 tiles=56 compute_us=424585 present_us=76077 touch_us=1774 pacing_us=38883 wall_us=541319 max_tick_us=8937 touch_samples=4220 touch_interval_max_us=1953 touch_read_max_us=557 touch_event_age_max_us=0 touch_errors=0 touch_overflows=0 pass=1
[13:59:45] TINYDRAW_GATE1_PACED_COLD corpus=overlap zoom=100 x=583 y=703 steps=448 tiles=48 compute_us=299857 present_us=73742 touch_us=1390 pacing_us=29964 wall_us=404953 max_tick_us=8990 touch_samples=469 touch_interval_max_us=1793 touch_read_max_us=486 touch_event_age_max_us=0 touch_errors=0 touch_overflows=0 pass=1
[13:59:45] TINYDRAW_GATE1_PACED_COLD corpus=overlap zoom=200 x=1319 y=1599 steps=503 tiles=56 compute_us=306041 present_us=74305 touch_us=1513 pacing_us=34107 wall_us=415966 max_tick_us=9010 touch_samples=481 touch_interval_max_us=1152 touch_read_max_us=426 touch_event_age_max_us=0 touch_errors=0 touch_overflows=0 pass=1
[13:59:46] TINYDRAW_GATE1_PACED_COLD corpus=overlap zoom=400 x=2791 y=3391 steps=555 tiles=56 compute_us=299884 present_us=72284 touch_us=1571 pacing_us=41226 wall_us=414965 max_tick_us=8273 touch_samples=487 touch_interval_max_us=1132 touch_read_max_us=422 touch_event_age_max_us=0 touch_errors=0 touch_overflows=0 pass=1
[13:59:46] TINYDRAW_ADVERSARIAL_TAPERED_WORKLOAD operations=128 samples=4096 erasers=12 load_us=461696 appended=1
[13:59:46] TINYDRAW_GATE1_PACED_COLD corpus=adversarial_tapered_4x zoom=50 x=0 y=0 steps=104 tiles=42 compute_us=101899 present_us=53989 touch_us=470 pacing_us=8613 wall_us=164971 max_tick_us=6946 touch_samples=742 touch_interval_max_us=1132 touch_read_max_us=415 touch_event_age_max_us=0 touch_errors=0 touch_overflows=0 pass=1
[13:59:47] TINYDRAW_GATE1_PACED_COLD corpus=adversarial_tapered_4x zoom=100 x=0 y=0 steps=348 tiles=42 compute_us=163316 present_us=51817 touch_us=1069 pacing_us=26754 wall_us=242956 max_tick_us=7336 touch_samples=313 touch_interval_max_us=1101 touch_read_max_us=389 touch_event_age_max_us=0 touch_errors=0 touch_overflows=0 pass=1
[13:59:47] TINYDRAW_GATE1_PACED_COLD corpus=adversarial_tapered_4x zoom=200 x=0 y=0 steps=1214 tiles=42 compute_us=456529 present_us=58051 touch_us=3221 pacing_us=84167 wall_us=601968 max_tick_us=7732 touch_samples=679 touch_interval_max_us=1148 touch_read_max_us=430 touch_event_age_max_us=0 touch_errors=0 touch_overflows=0 pass=1
[13:59:49] TINYDRAW_GATE1_PACED_COLD corpus=adversarial_tapered_4x zoom=400 x=0 y=0 steps=4018 tiles=42 compute_us=1110617 present_us=60744 touch_us=9762 pacing_us=268779 wall_us=1449902 max_tick_us=7795 touch_samples=1520 touch_interval_max_us=1150 touch_read_max_us=418 touch_event_age_max_us=0 touch_errors=0 touch_overflows=0 pass=1
[13:59:52] TINYDRAW_GATE1_WORKLOAD kind=realistic seed=7 operations=1000 samples=19844 maximum_stroke=198 load_us=2428657 raw_source=1 lod_copies=0
[13:59:52] TINYDRAW_GATE1_PACED_COLD corpus=seed7 zoom=400 x=63 y=63 steps=281 tiles=56 compute_us=244398 present_us=77953 touch_us=799 pacing_us=19818 wall_us=342968 max_tick_us=9791 touch_samples=2963 touch_interval_max_us=1151 touch_read_max_us=443 touch_event_age_max_us=0 touch_errors=0 touch_overflows=0 pass=1
[13:59:52] TINYDRAW_LIVE_PRESENT kind=gate_fallback zoom=100 x=0 y=0 compose_us=23361 scroll_us=0 exposed_compose_us=0 chrome_us=0 read_submit_us=24924 read_complete_us=25721 transfer_wait_us=20263 tile_pixels=0 uniform_pixels=0 overview_pixels=0 fallback_pixels=164864 resident_tiles=0 fallback_tiles=42 pushes=21 tear_wait_us=711 tear_sync=1 frame_reused=0 pass=1
[13:59:54] TINYDRAW_GATE1_HARD zoom=100 cold=1 operations=1000 samples=19844 steps=275 tiles=42 scanned=12000 rendered=5232 max_supertask_us=9069 presentation_us=63530 total_us=363244 pass=1
[13:59:54] TINYDRAW_GATE1_PAN zoom=100 from_x=0 from_y=0 to_x=88 to_y=88 compose_us=27147 scroll_us=11382 exposed_compose_us=15765 chrome_us=0 event_submit_us=30999 event_complete_us=31800 transfer_us=19962 setup=1 present=1 moved=1 frame_reused=1 pass=1
[13:59:54] TINYDRAW_LIVE_PRESENT kind=gate_fallback zoom=400 x=0 y=0 compose_us=22674 scroll_us=0 exposed_compose_us=0 chrome_us=0 read_submit_us=36752 read_complete_us=37550 transfer_wait_us=19699 tile_pixels=0 uniform_pixels=0 overview_pixels=0 fallback_pixels=164864 resident_tiles=0 fallback_tiles=42 pushes=21 tear_wait_us=13232 tear_sync=1 frame_reused=0 pass=1
[13:59:54] TINYDRAW_GATE1_HARD zoom=400 cold=1 operations=1000 samples=19844 steps=211 tiles=42 scanned=12000 rendered=591 max_supertask_us=9778 presentation_us=61818 total_us=239994 pass=1
[13:59:54] TINYDRAW_GATE1_PAN zoom=400 from_x=0 from_y=0 to_x=88 to_y=88 compose_us=27088 scroll_us=11361 exposed_compose_us=15727 chrome_us=0 event_submit_us=30632 event_complete_us=31431 transfer_us=19332 setup=1 present=1 moved=1 frame_reused=1 pass=1
[13:59:54] TINYDRAW_GATE1_DRAW_FILL zoom=400 revision=2140 append_us=2928 poll_gap_us=82 event_submit_us=2323 event_complete_us=2490 max_compute_slice_us=3915 max_display_slice_us=9794 fill_us=236401 revision_restarted=1 pass=1
=== RUN 20 ===
[13:59:54] ESP-ROM:esp32s3-20210327
[13:59:54] Build:Mar 27 2021
[13:59:54] rst:0x15 (USB_UART_CHIP_RESET),boot:0x2b (SPI_FAST_FLASH_BOOT)
[13:59:54] Saved PC:0x42017ca3
[13:59:54] SPIWP:0xee
[13:59:54] mode:DIO, clock div:1
[13:59:54] load:0x3fce2820,len:0x1664
[13:59:54] load:0x403c8700,len:0xf38
[13:59:54] load:0x403cb700,len:0x31e8
[13:59:54] entry 0x403c8930
[13:59:54] I (24) boot: ESP-IDF v6.0.2 2nd stage bootloader
[13:59:54] I (24) boot: compile time Aug 14 2026 13:53:22
[13:59:54] I (25) boot: Multicore bootloader
[13:59:54] I (25) boot: chip revision: v0.2
[13:59:54] I (28) boot: efuse block revision: v1.3
[13:59:54] I (31) qio_mode: Enabling default flash chip QIO
[13:59:54] I (36) boot.esp32s3: Boot SPI Speed : 80MHz
[13:59:54] I (39) boot.esp32s3: SPI Mode       : QIO
[13:59:54] I (43) boot.esp32s3: SPI Flash Size : 16MB
[13:59:54] I (47) boot: Enabling RNG early entropy source...
[13:59:54] I (51) boot: Partition Table:
[13:59:54] I (54) boot: ## Label            Usage          Type ST Offset   Length
[13:59:54] I (60) boot:  0 nvs              WiFi data        01 02 00009000 00006000
[13:59:54] I (67) boot:  1 phy_init         RF data          01 01 0000f000 00001000
[13:59:54] I (73) boot:  2 factory          factory app      00 00 00010000 00100000
[13:59:54] I (80) boot:  3 drawing          Unknown data     01 40 00110000 00300000
[13:59:54] I (86) boot:  4 export           Unknown data     01 41 00410000 00500000
[13:59:54] I (93) boot:  5 coredump         Unknown data     01 03 00910000 00010000
[13:59:54] I (100) boot: End of partition table
[13:59:54] I (103) esp_image: segment 0: paddr=00010020 vaddr=3c040020 size=0f864h ( 63588) map
[13:59:54] I (120) esp_image: segment 1: paddr=0001f88c vaddr=3fc93e00 size=0078ch (  1932) load
[13:59:54] I (121) esp_image: segment 2: paddr=00020020 vaddr=42000020 size=3075ch (198492) map
[13:59:54] I (156) esp_image: segment 3: paddr=00050784 vaddr=3fc9458c size=02e98h ( 11928) load
[13:59:54] I (159) esp_image: segment 4: paddr=00053624 vaddr=40374000 size=0fd1ch ( 64796) load
[13:59:54] I (173) esp_image: segment 5: paddr=00063348 vaddr=50000000 size=00024h (    36) load
[13:59:54] I (180) boot: Loaded app from partition at offset 0x10000
[13:59:54] I (180) boot: Disabling RNG early entropy source...
[13:59:54] I (191) octal_psram: vendor id    : 0x0d (AP)
[13:59:54] I (191) octal_psram: dev id       : 0x02 (generation 3)
[13:59:54] I (191) octal_psram: density      : 0x03 (64 Mbit)
[13:59:54] I (193) octal_psram: good-die     : 0x01 (Pass)
[13:59:54] I (197) octal_psram: Latency      : 0x01 (Fixed)
[13:59:54] I (201) octal_psram: VCC          : 0x01 (3V)
[13:59:54] I (206) octal_psram: SRF          : 0x01 (Fast Refresh)
[13:59:54] I (211) octal_psram: BurstType    : 0x01 (Hybrid Wrap)
[13:59:54] I (215) octal_psram: BurstLen     : 0x01 (32 Byte)
[13:59:54] I (220) octal_psram: Readlatency  : 0x02 (10 cycles@Fixed)
[13:59:54] I (225) octal_psram: DriveStrength: 0x00 (1/1)
[13:59:54] I (229) MSPI Timing: Enter psram timing tuning
[13:59:54] I (234) esp_psram: Found 8MB PSRAM device
[13:59:54] I (237) esp_psram: Speed: 80MHz
[13:59:54] I (240) cpu_start: Multicore app
[13:59:55] I (656) esp_psram: SPI SRAM memory test OK
[13:59:55] I (664) cpu_start: GPIO 44 and 43 are used as console UART I/O pins
[13:59:55] I (665) cpu_start: Pro cpu start user code
[13:59:55] I (665) cpu_start: cpu freq: 240000000 Hz
[13:59:55] I (667) app_init: Application information:
[13:59:55] I (670) app_init: Project name:     tinydraw_esp32
[13:59:55] I (675) app_init: App version:      26a05f5
[13:59:55] I (679) app_init: Compile time:     Aug 14 2026 13:53:16
[13:59:55] I (684) app_init: ELF file SHA256:  73355c8d3...
[13:59:55] I (688) app_init: ESP-IDF:          v6.0.2
[13:59:55] I (692) efuse_init: Min chip rev:     v0.0
[13:59:55] I (696) efuse_init: Max chip rev:     v0.99 
[13:59:55] I (700) efuse_init: Chip rev:         v0.2
[13:59:55] I (704) heap_init: Initializing. RAM available for dynamic allocation:
[13:59:55] I (710) heap_init: At 3FC97EF0 len 00051820 (326 KiB): RAM
[13:59:55] I (715) heap_init: At 3FCE9710 len 00005724 (21 KiB): RAM
[13:59:55] I (720) heap_init: At 3FCF0000 len 00008000 (32 KiB): DRAM
[13:59:55] I (725) heap_init: At 600FE000 len 00001FE8 (7 KiB): RTCRAM
[13:59:55] I (731) esp_psram: Adding pool of 8192K of PSRAM memory to heap allocator
[13:59:55] I (738) spi_flash: detected chip: generic
[13:59:55] I (741) spi_flash: flash io: qio
[13:59:55] I (744) sleep_gpio: Configure to isolate all GPIO pins in sleep state
[13:59:55] I (750) sleep_gpio: Enable automatic switching of GPIO sleep configuration
[13:59:55] I (757) main_task: Started on CPU0
[13:59:55] I (760) main_task: Calling app_main()
[13:59:55] TINYDRAW_PANEL_HARD_RESET=1
[13:59:55] I (957) co5300: version: 2.1.0
[13:59:55] I (958) co5300_spi: LCD panel create success, version: 2.1.0
[13:59:55] W (1038) co5300_spi: The 3Ah command has been used and will be overwritten by external initialization sequence
[13:59:55] I (1139) CST816S: IC id: 183
[13:59:55] TINYDRAW_LIVE_PRESENT kind=startup zoom=25 x=0 y=0 compose_us=35071 scroll_us=0 exposed_compose_us=0 chrome_us=0 read_submit_us=0 read_complete_us=0 transfer_wait_us=19755 tile_pixels=0 uniform_pixels=0 overview_pixels=164864 fallback_pixels=0 resident_tiles=0 fallback_tiles=0 pushes=21 tear_wait_us=10132 tear_sync=1 frame_reused=0 pass=1
[13:59:58] TINYDRAW_LIVE_STRESS operations=1000 samples=20000 total_us=2478977 average_us=2478 maximum_us=2591 free_psram=3042440 largest_psram=3014656
[13:59:58] TINYDRAW_LIVE_PRESENT kind=gate_fallback zoom=100 x=0 y=0 compose_us=23146 scroll_us=0 exposed_compose_us=0 chrome_us=0 read_submit_us=34309 read_complete_us=35098 transfer_wait_us=19347 tile_pixels=0 uniform_pixels=0 overview_pixels=0 fallback_pixels=164864 resident_tiles=0 fallback_tiles=42 pushes=21 tear_wait_us=10310 tear_sync=1 frame_reused=0 pass=1
[13:59:58] TINYDRAW_GATE1_HARD zoom=100 cold=1 operations=1000 samples=20000 steps=192 tiles=42 scanned=12000 rendered=1659 max_supertask_us=8822 presentation_us=63278 total_us=258728 pass=1
[13:59:58] TINYDRAW_LIVE_PRESENT kind=gate_fallback zoom=400 x=0 y=0 compose_us=22617 scroll_us=0 exposed_compose_us=0 chrome_us=0 read_submit_us=31200 read_complete_us=31987 transfer_wait_us=19409 tile_pixels=0 uniform_pixels=0 overview_pixels=0 fallback_pixels=164864 resident_tiles=0 fallback_tiles=42 pushes=21 tear_wait_us=7733 tear_sync=1 frame_reused=0 pass=1
[13:59:58] TINYDRAW_GATE1_HARD zoom=400 cold=1 operations=1000 samples=20000 steps=196 tiles=42 scanned=12000 rendered=120 max_supertask_us=8091 presentation_us=60497 total_us=190152 pass=1
[13:59:59] TINYDRAW_OVERLAP_WORKLOAD operations=8 samples=1200 radius_world=80
[14:00:00] TINYDRAW_GATE1_PACED_COLD corpus=overlap zoom=50 x=215 y=255 steps=535 tiles=56 compute_us=424380 present_us=76049 touch_us=1829 pacing_us=39073 wall_us=541331 max_tick_us=8955 touch_samples=4233 touch_interval_max_us=2019 touch_read_max_us=557 touch_event_age_max_us=0 touch_errors=0 touch_overflows=0 pass=1
[14:00:00] TINYDRAW_GATE1_PACED_COLD corpus=overlap zoom=100 x=583 y=703 steps=448 tiles=48 compute_us=300135 present_us=74688 touch_us=1376 pacing_us=29754 wall_us=405953 max_tick_us=9107 touch_samples=468 touch_interval_max_us=1793 touch_read_max_us=492 touch_event_age_max_us=0 touch_errors=0 touch_overflows=0 pass=1
[14:00:01] TINYDRAW_GATE1_PACED_COLD corpus=overlap zoom=200 x=1319 y=1599 steps=503 tiles=56 compute_us=306060 present_us=74196 touch_us=1469 pacing_us=34242 wall_us=415967 max_tick_us=9010 touch_samples=481 touch_interval_max_us=1148 touch_read_max_us=422 touch_event_age_max_us=0 touch_errors=0 touch_overflows=0 pass=1
[14:00:01] TINYDRAW_GATE1_PACED_COLD corpus=overlap zoom=400 x=2791 y=3391 steps=555 tiles=56 compute_us=299945 present_us=72177 touch_us=1569 pacing_us=41274 wall_us=414965 max_tick_us=8264 touch_samples=486 touch_interval_max_us=1147 touch_read_max_us=417 touch_event_age_max_us=0 touch_errors=0 touch_overflows=0 pass=1
[14:00:02] TINYDRAW_ADVERSARIAL_TAPERED_WORKLOAD operations=128 samples=4096 erasers=12 load_us=462794 appended=1
[14:00:02] TINYDRAW_GATE1_PACED_COLD corpus=adversarial_tapered_4x zoom=50 x=0 y=0 steps=104 tiles=42 compute_us=101719 present_us=53998 touch_us=483 pacing_us=8770 wall_us=164970 max_tick_us=6941 touch_samples=742 touch_interval_max_us=1120 touch_read_max_us=402 touch_event_age_max_us=0 touch_errors=0 touch_overflows=0 pass=1
[14:00:02] TINYDRAW_GATE1_PACED_COLD corpus=adversarial_tapered_4x zoom=100 x=0 y=0 steps=348 tiles=42 compute_us=163605 present_us=51887 touch_us=1071 pacing_us=26393 wall_us=242956 max_tick_us=7361 touch_samples=313 touch_interval_max_us=1102 touch_read_max_us=393 touch_event_age_max_us=0 touch_errors=0 touch_overflows=0 pass=1
[14:00:03] TINYDRAW_GATE1_PACED_COLD corpus=adversarial_tapered_4x zoom=200 x=0 y=0 steps=1214 tiles=42 compute_us=456713 present_us=58035 touch_us=3276 pacing_us=84944 wall_us=602968 max_tick_us=7733 touch_samples=679 touch_interval_max_us=1166 touch_read_max_us=436 touch_event_age_max_us=0 touch_errors=0 touch_overflows=0 pass=1
[14:00:04] TINYDRAW_GATE1_PACED_COLD corpus=adversarial_tapered_4x zoom=400 x=0 y=0 steps=4018 tiles=42 compute_us=1110999 present_us=60674 touch_us=9889 pacing_us=269339 wall_us=1450901 max_tick_us=7758 touch_samples=1521 touch_interval_max_us=1147 touch_read_max_us=416 touch_event_age_max_us=0 touch_errors=0 touch_overflows=0 pass=1
[14:00:07] TINYDRAW_GATE1_WORKLOAD kind=realistic seed=7 operations=1000 samples=19844 maximum_stroke=198 load_us=2424096 raw_source=1 lod_copies=0
[14:00:07] TINYDRAW_GATE1_PACED_COLD corpus=seed7 zoom=400 x=63 y=63 steps=281 tiles=56 compute_us=244402 present_us=77957 touch_us=791 pacing_us=19819 wall_us=342969 max_tick_us=9785 touch_samples=2958 touch_interval_max_us=1154 touch_read_max_us=454 touch_event_age_max_us=0 touch_errors=0 touch_overflows=0 pass=1
[14:00:07] TINYDRAW_LIVE_PRESENT kind=gate_fallback zoom=100 x=0 y=0 compose_us=23366 scroll_us=0 exposed_compose_us=0 chrome_us=0 read_submit_us=24562 read_complete_us=25358 transfer_wait_us=19627 tile_pixels=0 uniform_pixels=0 overview_pixels=0 fallback_pixels=164864 resident_tiles=0 fallback_tiles=42 pushes=21 tear_wait_us=199 tear_sync=1 frame_reused=0 pass=1
[14:00:09] TINYDRAW_GATE1_HARD zoom=100 cold=1 operations=1000 samples=19844 steps=275 tiles=42 scanned=12000 rendered=5232 max_supertask_us=9060 presentation_us=63339 total_us=363301 pass=1
[14:00:09] TINYDRAW_GATE1_PAN zoom=100 from_x=0 from_y=0 to_x=88 to_y=88 compose_us=27171 scroll_us=11370 exposed_compose_us=15801 chrome_us=0 event_submit_us=30801 event_complete_us=31595 transfer_us=20160 setup=1 present=1 moved=1 frame_reused=1 pass=1
[14:00:09] TINYDRAW_LIVE_PRESENT kind=gate_fallback zoom=400 x=0 y=0 compose_us=22665 scroll_us=0 exposed_compose_us=0 chrome_us=0 read_submit_us=36663 read_complete_us=37461 transfer_wait_us=19790 tile_pixels=0 uniform_pixels=0 overview_pixels=0 fallback_pixels=164864 resident_tiles=0 fallback_tiles=42 pushes=21 tear_wait_us=13099 tear_sync=1 frame_reused=0 pass=1
[14:00:09] TINYDRAW_GATE1_HARD zoom=400 cold=1 operations=1000 samples=19844 steps=211 tiles=42 scanned=12000 rendered=591 max_supertask_us=9782 presentation_us=61806 total_us=239998 pass=1
[14:00:09] TINYDRAW_GATE1_PAN zoom=400 from_x=0 from_y=0 to_x=88 to_y=88 compose_us=27085 scroll_us=11363 exposed_compose_us=15722 chrome_us=0 event_submit_us=30108 event_complete_us=30909 transfer_us=19857 setup=1 present=1 moved=1 frame_reused=1 pass=1
[14:00:09] TINYDRAW_GATE1_DRAW_FILL zoom=400 revision=2140 append_us=2915 poll_gap_us=95 event_submit_us=2301 event_complete_us=2469 max_compute_slice_us=3918 max_display_slice_us=9793 fill_us=236415 revision_restarted=1 pass=1
