=== RUN 1 ===
[17:54:22] ESP-ROM:esp32s3-20210327
[17:54:22] Build:Mar 27 2021
[17:54:22] rst:0x15 (USB_UART_CHIP_RESET),boot:0x2b (SPI_FAST_FLASH_BOOT)
[17:54:22] Saved PC:0x4037b802
[17:54:22] SPIWP:0xee
[17:54:22] mode:DIO, clock div:1
[17:54:22] load:0x3fce2820,len:0x1664
[17:54:22] load:0x403c8700,len:0xf38
[17:54:22] load:0x403cb700,len:0x31e8
[17:54:22] entry 0x403c8930
[17:54:22] I (24) boot: ESP-IDF v6.0.2 2nd stage bootloader
[17:54:22] I (24) boot: compile time Aug 14 2026 17:53:22
[17:54:22] I (25) boot: Multicore bootloader
[17:54:22] I (25) boot: chip revision: v0.2
[17:54:22] I (28) boot: efuse block revision: v1.3
[17:54:22] I (31) qio_mode: Enabling default flash chip QIO
[17:54:22] I (36) boot.esp32s3: Boot SPI Speed : 80MHz
[17:54:22] I (39) boot.esp32s3: SPI Mode       : QIO
[17:54:22] I (43) boot.esp32s3: SPI Flash Size : 16MB
[17:54:22] I (47) boot: Enabling RNG early entropy source...
[17:54:22] I (51) boot: Partition Table:
[17:54:22] I (54) boot: ## Label            Usage          Type ST Offset   Length
[17:54:22] I (60) boot:  0 nvs              WiFi data        01 02 00009000 00006000
[17:54:22] I (67) boot:  1 phy_init         RF data          01 01 0000f000 00001000
[17:54:22] I (73) boot:  2 factory          factory app      00 00 00010000 00100000
[17:54:22] I (80) boot:  3 drawing          Unknown data     01 40 00110000 00300000
[17:54:22] I (86) boot:  4 export           Unknown data     01 41 00410000 00500000
[17:54:22] I (93) boot:  5 coredump         Unknown data     01 03 00910000 00010000
[17:54:22] I (100) boot: End of partition table
[17:54:22] I (103) esp_image: segment 0: paddr=00010020 vaddr=3c040020 size=133dch ( 78812) map
[17:54:22] I (123) esp_image: segment 1: paddr=00023404 vaddr=3fc94500 size=03764h ( 14180) load
[17:54:22] I (126) esp_image: segment 2: paddr=00026b70 vaddr=40374000 size=094a8h ( 38056) load
[17:54:22] I (134) esp_image: segment 3: paddr=00030020 vaddr=42000020 size=3c574h (247156) map
[17:54:22] I (173) esp_image: segment 4: paddr=0006c59c vaddr=4037d4a8 size=06fb4h ( 28596) load
[17:54:22] I (179) esp_image: segment 5: paddr=00073558 vaddr=50000000 size=00024h (    36) load
[17:54:22] I (186) boot: Loaded app from partition at offset 0x10000
[17:54:22] I (186) boot: Disabling RNG early entropy source...
[17:54:22] I (198) octal_psram: vendor id    : 0x0d (AP)
[17:54:22] I (198) octal_psram: dev id       : 0x02 (generation 3)
[17:54:22] I (198) octal_psram: density      : 0x03 (64 Mbit)
[17:54:22] I (200) octal_psram: good-die     : 0x01 (Pass)
[17:54:22] I (205) octal_psram: Latency      : 0x01 (Fixed)
[17:54:22] I (209) octal_psram: VCC          : 0x01 (3V)
[17:54:22] I (213) octal_psram: SRF          : 0x01 (Fast Refresh)
[17:54:22] I (218) octal_psram: BurstType    : 0x01 (Hybrid Wrap)
[17:54:22] I (223) octal_psram: BurstLen     : 0x01 (32 Byte)
[17:54:22] I (227) octal_psram: Readlatency  : 0x02 (10 cycles@Fixed)
[17:54:22] I (233) octal_psram: DriveStrength: 0x00 (1/1)
[17:54:22] I (237) MSPI Timing: Enter psram timing tuning
[17:54:22] I (242) esp_psram: Found 8MB PSRAM device
[17:54:22] I (245) esp_psram: Speed: 80MHz
[17:54:22] I (248) cpu_start: Multicore app
[17:54:22] I (664) esp_psram: SPI SRAM memory test OK
[17:54:22] I (672) cpu_start: GPIO 44 and 43 are used as console UART I/O pins
[17:54:22] I (672) cpu_start: Pro cpu start user code
[17:54:22] I (672) cpu_start: cpu freq: 240000000 Hz
[17:54:22] I (674) app_init: Application information:
[17:54:22] I (678) app_init: Project name:     tinydraw_esp32
[17:54:22] I (682) app_init: App version:      f20c201-dirty
[17:54:22] I (687) app_init: Compile time:     Aug 14 2026 17:53:17
[17:54:22] I (692) app_init: ELF file SHA256:  255ccc852...
[17:54:22] I (696) app_init: ESP-IDF:          v6.0.2
[17:54:22] I (700) efuse_init: Min chip rev:     v0.0
[17:54:22] I (704) efuse_init: Max chip rev:     v0.99 
[17:54:23] I (708) efuse_init: Chip rev:         v0.2
[17:54:23] I (712) heap_init: Initializing. RAM available for dynamic allocation:
[17:54:23] I (718) heap_init: At 3FC99090 len 00050680 (321 KiB): RAM
[17:54:23] I (723) heap_init: At 3FCE9710 len 00005724 (21 KiB): RAM
[17:54:23] I (728) heap_init: At 3FCF0000 len 00008000 (32 KiB): DRAM
[17:54:23] I (733) heap_init: At 600FE000 len 00001FE8 (7 KiB): RTCRAM
[17:54:23] I (739) esp_psram: Adding pool of 8192K of PSRAM memory to heap allocator
[17:54:23] I (746) spi_flash: detected chip: generic
[17:54:23] I (749) spi_flash: flash io: qio
[17:54:23] I (752) sleep_gpio: Configure to isolate all GPIO pins in sleep state
[17:54:23] I (758) sleep_gpio: Enable automatic switching of GPIO sleep configuration
[17:54:23] I (765) main_task: Started on CPU0
[17:54:23] I (768) main_task: Calling app_main()
[17:54:23] TINYDRAW_PANEL_HARD_RESET=1
[17:54:23] I (965) co5300: version: 2.1.0
[17:54:23] I (966) co5300_spi: LCD panel create success, version: 2.1.0
[17:54:23] W (1046) co5300_spi: The 3Ah command has been used and will be overwritten by external initialization sequence
[17:54:23] I (1147) CST816S: IC id: 183
[17:54:23] TINYDRAW_LIVE_PRESENT kind=startup zoom=25 x=0 y=0 compose_us=35229 scroll_us=0 exposed_compose_us=0 chrome_us=0 read_submit_us=0 read_complete_us=0 transfer_wait_us=19711 tile_pixels=0 uniform_pixels=0 overview_pixels=164864 fallback_pixels=0 resident_tiles=0 fallback_tiles=0 pushes=21 tear_wait_us=9562 tear_sync=1 frame_reused=0 pass=1
[17:54:23] TINYDRAW_LIVE_STRESS operations=1000 samples=20000 total_us=433873 average_us=433 maximum_us=891 free_psram=2515208 largest_psram=2490368
[17:54:24] TINYDRAW_LIVE_PRESENT kind=gate_fallback zoom=100 x=0 y=0 compose_us=24661 scroll_us=0 exposed_compose_us=0 chrome_us=0 read_submit_us=30742 read_complete_us=31541 transfer_wait_us=20283 tile_pixels=0 uniform_pixels=0 overview_pixels=0 fallback_pixels=164864 resident_tiles=0 fallback_tiles=42 pushes=21 tear_wait_us=5228 tear_sync=1 frame_reused=0 pass=1
[17:54:24] TINYDRAW_GATE1_HARD zoom=100 cold=1 operations=1000 samples=20000 steps=192 tiles=42 scanned=12000 rendered=1659 max_supertask_us=9336 presentation_us=62997 total_us=268043 pass=1
[17:54:24] TINYDRAW_LIVE_PRESENT kind=gate_fallback zoom=400 x=0 y=0 compose_us=24023 scroll_us=0 exposed_compose_us=0 chrome_us=0 read_submit_us=38242 read_complete_us=39042 transfer_wait_us=20075 tile_pixels=0 uniform_pixels=0 overview_pixels=0 fallback_pixels=164864 resident_tiles=0 fallback_tiles=42 pushes=21 tear_wait_us=13334 tear_sync=1 frame_reused=0 pass=1
[17:54:24] TINYDRAW_GATE1_HARD zoom=400 cold=1 operations=1000 samples=20000 steps=196 tiles=42 scanned=12000 rendered=120 max_supertask_us=8668 presentation_us=60645 total_us=199518 pass=1
[17:54:25] TINYDRAW_OVERLAP_WORKLOAD operations=8 samples=1200 radius_world=80
[17:54:25] TINYDRAW_GATE1_PACED_COLD corpus=overlap zoom=50 x=215 y=255 steps=334 tiles=56 compute_us=378013 present_us=77334 touch_us=592 pacing_us=9088 wall_us=465027 max_tick_us=10144 touch_samples=2159 touch_interval_max_us=1903 touch_read_max_us=619 touch_events=0 touch_down=0 touch_up=0 touch_events_ge_8ms=0 touch_event_age_max_us=0 touch_errors=0 touch_overflows=0 pass=1
[17:54:25] TINYDRAW_GATE1_PACED_COLD corpus=overlap zoom=100 x=583 y=703 steps=172 tiles=48 compute_us=233754 present_us=75375 touch_us=397 pacing_us=6448 wall_us=315974 max_tick_us=9603 touch_samples=389 touch_interval_max_us=1154 touch_read_max_us=425 touch_events=0 touch_down=0 touch_up=0 touch_events_ge_8ms=0 touch_event_age_max_us=0 touch_errors=0 touch_overflows=0 pass=1
[17:54:26] TINYDRAW_GATE1_PACED_COLD corpus=overlap zoom=200 x=1319 y=1599 steps=128 tiles=56 compute_us=234329 present_us=74390 touch_us=367 pacing_us=5888 wall_us=314974 max_tick_us=9698 touch_samples=386 touch_interval_max_us=1110 touch_read_max_us=439 touch_events=0 touch_down=0 touch_up=0 touch_events_ge_8ms=0 touch_event_age_max_us=0 touch_errors=0 touch_overflows=0 pass=1
[17:54:26] TINYDRAW_GATE1_PACED_COLD corpus=overlap zoom=400 x=2791 y=3391 steps=94 tiles=56 compute_us=219481 present_us=73919 touch_us=357 pacing_us=5215 wall_us=298972 max_tick_us=9843 touch_samples=371 touch_interval_max_us=1513 touch_read_max_us=474 touch_events=0 touch_down=0 touch_up=0 touch_events_ge_8ms=0 touch_event_age_max_us=0 touch_errors=0 touch_overflows=0 pass=1
[17:54:26] TINYDRAW_ADVERSARIAL_TAPERED_WORKLOAD operations=128 samples=4096 erasers=12 load_us=218531 appended=1
[17:54:27] TINYDRAW_GATE1_PACED_COLD corpus=adversarial_tapered_4x zoom=50 x=0 y=0 steps=104 tiles=42 compute_us=98727 present_us=55799 touch_us=265 pacing_us=6182 wall_us=160973 max_tick_us=6801 touch_samples=501 touch_interval_max_us=1154 touch_read_max_us=452 touch_events=0 touch_down=0 touch_up=0 touch_events_ge_8ms=0 touch_event_age_max_us=0 touch_errors=0 touch_overflows=0 pass=1
[17:54:27] TINYDRAW_GATE1_PACED_COLD corpus=adversarial_tapered_4x zoom=100 x=0 y=0 steps=348 tiles=42 compute_us=165173 present_us=55962 touch_us=378 pacing_us=5462 wall_us=226975 max_tick_us=10146 touch_samples=301 touch_interval_max_us=1189 touch_read_max_us=449 touch_events=0 touch_down=0 touch_up=0 touch_events_ge_8ms=0 touch_event_age_max_us=0 touch_errors=0 touch_overflows=0 pass=1
[17:54:28] TINYDRAW_GATE1_PACED_COLD corpus=adversarial_tapered_4x zoom=200 x=0 y=0 steps=1214 tiles=42 compute_us=461836 present_us=57178 touch_us=927 pacing_us=18031 wall_us=537972 max_tick_us=8810 touch_samples=614 touch_interval_max_us=1110 touch_read_max_us=407 touch_events=0 touch_down=0 touch_up=0 touch_events_ge_8ms=0 touch_event_age_max_us=0 touch_errors=0 touch_overflows=0 pass=1
[17:54:28] TINYDRAW_GATE1_PACED_COLD corpus=adversarial_tapered_4x zoom=400 x=0 y=0 steps=904 tiles=42 compute_us=566480 present_us=60764 touch_us=945 pacing_us=15328 wall_us=643517 max_tick_us=10025 touch_samples=727 touch_interval_max_us=1143 touch_read_max_us=422 touch_events=0 touch_down=0 touch_up=0 touch_events_ge_8ms=0 touch_event_age_max_us=0 touch_errors=0 touch_overflows=0 pass=1
[17:54:29] TINYDRAW_GATE1_WORKLOAD kind=realistic seed=7 operations=1000 samples=19844 maximum_stroke=198 load_us=359140 raw_source=1 lod_copies=0
[17:54:29] TINYDRAW_GATE1_PACED_COLD corpus=seed7 zoom=400 x=63 y=63 steps=281 tiles=56 compute_us=274831 present_us=78062 touch_us=397 pacing_us=8681 wall_us=361971 max_tick_us=12624 touch_samples=914 touch_interval_max_us=1527 touch_read_max_us=459 touch_events=0 touch_down=0 touch_up=0 touch_events_ge_8ms=0 touch_event_age_max_us=0 touch_errors=0 touch_overflows=0 pass=1
[17:54:31] TINYDRAW_LIVE_PRESENT kind=gate_fallback zoom=100 x=0 y=0 compose_us=24858 scroll_us=0 exposed_compose_us=0 chrome_us=0 read_submit_us=33358 read_complete_us=34156 transfer_wait_us=20446 tile_pixels=0 uniform_pixels=0 overview_pixels=0 fallback_pixels=164864 resident_tiles=0 fallback_tiles=42 pushes=21 tear_wait_us=7680 tear_sync=1 frame_reused=0 pass=1
[17:54:31] TINYDRAW_GATE1_HARD zoom=100 cold=1 operations=1000 samples=19844 steps=275 tiles=42 scanned=12000 rendered=5232 max_supertask_us=9516 presentation_us=61966 total_us=375812 pass=1
[17:54:31] TINYDRAW_GATE1_PAN zoom=100 from_x=0 from_y=0 to_x=88 to_y=88 compose_us=27204 scroll_us=11391 exposed_compose_us=15813 chrome_us=0 event_submit_us=30606 event_complete_us=31404 transfer_us=20351 setup=1 present=1 moved=1 frame_reused=1 pass=1
[17:54:31] TINYDRAW_LIVE_PRESENT kind=gate_fallback zoom=400 x=0 y=0 compose_us=24097 scroll_us=0 exposed_compose_us=0 chrome_us=0 read_submit_us=36495 read_complete_us=37295 transfer_wait_us=19955 tile_pixels=0 uniform_pixels=0 overview_pixels=0 fallback_pixels=164864 resident_tiles=0 fallback_tiles=42 pushes=21 tear_wait_us=11496 tear_sync=1 frame_reused=0 pass=1
[17:54:31] TINYDRAW_GATE1_HARD zoom=400 cold=1 operations=1000 samples=19844 steps=211 tiles=42 scanned=12000 rendered=591 max_supertask_us=11039 presentation_us=62445 total_us=261290 pass=1
[17:54:31] TINYDRAW_GATE1_PAN zoom=400 from_x=0 from_y=0 to_x=88 to_y=88 compose_us=27163 scroll_us=11391 exposed_compose_us=15772 chrome_us=0 event_submit_us=29952 event_complete_us=30748 transfer_us=20003 setup=1 present=1 moved=1 frame_reused=1 pass=1
[17:54:31] TINYDRAW_GATE1_DRAW_FILL zoom=400 revision=2140 append_us=1181 poll_gap_us=88 event_submit_us=2328 event_complete_us=2500 max_compute_slice_us=4916 max_display_slice_us=11084 fill_us=257401 revision_restarted=1 pass=1
=== RUN 2 ===
[17:54:33] ESP-ROM:esp32s3-20210327
[17:54:33] Build:Mar 27 2021
[17:54:33] rst:0x15 (USB_UART_CHIP_RESET),boot:0x2b (SPI_FAST_FLASH_BOOT)
[17:54:33] Saved PC:0x42020350
[17:54:33] SPIWP:0xee
[17:54:33] mode:DIO, clock div:1
[17:54:33] load:0x3fce2820,len:0x1664
[17:54:33] load:0x403c8700,len:0xf38
[17:54:33] load:0x403cb700,len:0x31e8
[17:54:33] entry 0x403c8930
[17:54:33] I (24) boot: ESP-IDF v6.0.2 2nd stage bootloader
[17:54:33] I (24) boot: compile time Aug 14 2026 17:53:22
[17:54:33] I (25) boot: Multicore bootloader
[17:54:33] I (25) boot: chip revision: v0.2
[17:54:33] I (28) boot: efuse block revision: v1.3
[17:54:33] I (31) qio_mode: Enabling default flash chip QIO
[17:54:33] I (36) boot.esp32s3: Boot SPI Speed : 80MHz
[17:54:33] I (39) boot.esp32s3: SPI Mode       : QIO
[17:54:33] I (43) boot.esp32s3: SPI Flash Size : 16MB
[17:54:33] I (47) boot: Enabling RNG early entropy source...
[17:54:33] I (51) boot: Partition Table:
[17:54:33] I (54) boot: ## Label            Usage          Type ST Offset   Length
[17:54:33] I (60) boot:  0 nvs              WiFi data        01 02 00009000 00006000
[17:54:33] I (67) boot:  1 phy_init         RF data          01 01 0000f000 00001000
[17:54:33] I (73) boot:  2 factory          factory app      00 00 00010000 00100000
[17:54:33] I (80) boot:  3 drawing          Unknown data     01 40 00110000 00300000
[17:54:33] I (86) boot:  4 export           Unknown data     01 41 00410000 00500000
[17:54:33] I (93) boot:  5 coredump         Unknown data     01 03 00910000 00010000
[17:54:33] I (100) boot: End of partition table
[17:54:33] I (103) esp_image: segment 0: paddr=00010020 vaddr=3c040020 size=133dch ( 78812) map
[17:54:33] I (123) esp_image: segment 1: paddr=00023404 vaddr=3fc94500 size=03764h ( 14180) load
[17:54:33] I (126) esp_image: segment 2: paddr=00026b70 vaddr=40374000 size=094a8h ( 38056) load
[17:54:33] I (134) esp_image: segment 3: paddr=00030020 vaddr=42000020 size=3c574h (247156) map
[17:54:33] I (173) esp_image: segment 4: paddr=0006c59c vaddr=4037d4a8 size=06fb4h ( 28596) load
[17:54:33] I (179) esp_image: segment 5: paddr=00073558 vaddr=50000000 size=00024h (    36) load
[17:54:33] I (186) boot: Loaded app from partition at offset 0x10000
[17:54:33] I (186) boot: Disabling RNG early entropy source...
[17:54:33] I (198) octal_psram: vendor id    : 0x0d (AP)
[17:54:33] I (198) octal_psram: dev id       : 0x02 (generation 3)
[17:54:33] I (198) octal_psram: density      : 0x03 (64 Mbit)
[17:54:33] I (200) octal_psram: good-die     : 0x01 (Pass)
[17:54:33] I (205) octal_psram: Latency      : 0x01 (Fixed)
[17:54:33] I (209) octal_psram: VCC          : 0x01 (3V)
[17:54:33] I (213) octal_psram: SRF          : 0x01 (Fast Refresh)
[17:54:33] I (218) octal_psram: BurstType    : 0x01 (Hybrid Wrap)
[17:54:33] I (223) octal_psram: BurstLen     : 0x01 (32 Byte)
[17:54:33] I (227) octal_psram: Readlatency  : 0x02 (10 cycles@Fixed)
[17:54:33] I (233) octal_psram: DriveStrength: 0x00 (1/1)
[17:54:33] I (237) MSPI Timing: Enter psram timing tuning
[17:54:33] I (242) esp_psram: Found 8MB PSRAM device
[17:54:33] I (245) esp_psram: Speed: 80MHz
[17:54:33] I (248) cpu_start: Multicore app
[17:54:33] I (664) esp_psram: SPI SRAM memory test OK
[17:54:33] I (672) cpu_start: GPIO 44 and 43 are used as console UART I/O pins
[17:54:33] I (672) cpu_start: Pro cpu start user code
[17:54:33] I (672) cpu_start: cpu freq: 240000000 Hz
[17:54:33] I (674) app_init: Application information:
[17:54:33] I (678) app_init: Project name:     tinydraw_esp32
[17:54:33] I (682) app_init: App version:      f20c201-dirty
[17:54:33] I (687) app_init: Compile time:     Aug 14 2026 17:53:17
[17:54:33] I (692) app_init: ELF file SHA256:  255ccc852...
[17:54:33] I (696) app_init: ESP-IDF:          v6.0.2
[17:54:33] I (700) efuse_init: Min chip rev:     v0.0
[17:54:33] I (704) efuse_init: Max chip rev:     v0.99 
[17:54:33] I (708) efuse_init: Chip rev:         v0.2
[17:54:33] I (712) heap_init: Initializing. RAM available for dynamic allocation:
[17:54:33] I (718) heap_init: At 3FC99090 len 00050680 (321 KiB): RAM
[17:54:33] I (723) heap_init: At 3FCE9710 len 00005724 (21 KiB): RAM
[17:54:33] I (728) heap_init: At 3FCF0000 len 00008000 (32 KiB): DRAM
[17:54:33] I (733) heap_init: At 600FE000 len 00001FE8 (7 KiB): RTCRAM
[17:54:33] I (739) esp_psram: Adding pool of 8192K of PSRAM memory to heap allocator
[17:54:33] I (746) spi_flash: detected chip: generic
[17:54:33] I (749) spi_flash: flash io: qio
[17:54:33] I (752) sleep_gpio: Configure to isolate all GPIO pins in sleep state
[17:54:33] I (758) sleep_gpio: Enable automatic switching of GPIO sleep configuration
[17:54:33] I (765) main_task: Started on CPU0
[17:54:33] I (768) main_task: Calling app_main()
[17:54:34] TINYDRAW_PANEL_HARD_RESET=1
[17:54:34] I (965) co5300: version: 2.1.0
[17:54:34] I (966) co5300_spi: LCD panel create success, version: 2.1.0
[17:54:34] W (1046) co5300_spi: The 3Ah command has been used and will be overwritten by external initialization sequence
[17:54:34] I (1147) CST816S: IC id: 183
[17:54:34] TINYDRAW_LIVE_PRESENT kind=startup zoom=25 x=0 y=0 compose_us=35230 scroll_us=0 exposed_compose_us=0 chrome_us=0 read_submit_us=0 read_complete_us=0 transfer_wait_us=19551 tile_pixels=0 uniform_pixels=0 overview_pixels=164864 fallback_pixels=0 resident_tiles=0 fallback_tiles=0 pushes=21 tear_wait_us=9749 tear_sync=1 frame_reused=0 pass=1
[17:54:34] TINYDRAW_LIVE_STRESS operations=1000 samples=20000 total_us=434882 average_us=434 maximum_us=893 free_psram=2515208 largest_psram=2490368
[17:54:34] TINYDRAW_LIVE_PRESENT kind=gate_fallback zoom=100 x=0 y=0 compose_us=24662 scroll_us=0 exposed_compose_us=0 chrome_us=0 read_submit_us=30294 read_complete_us=31093 transfer_wait_us=19721 tile_pixels=0 uniform_pixels=0 overview_pixels=0 fallback_pixels=164864 resident_tiles=0 fallback_tiles=42 pushes=21 tear_wait_us=4717 tear_sync=1 frame_reused=0 pass=1
[17:54:35] TINYDRAW_GATE1_HARD zoom=100 cold=1 operations=1000 samples=20000 steps=192 tiles=42 scanned=12000 rendered=1659 max_supertask_us=9333 presentation_us=63122 total_us=268202 pass=1
[17:54:35] TINYDRAW_LIVE_PRESENT kind=gate_fallback zoom=400 x=0 y=0 compose_us=24019 scroll_us=0 exposed_compose_us=0 chrome_us=0 read_submit_us=38629 read_complete_us=39429 transfer_wait_us=20525 tile_pixels=0 uniform_pixels=0 overview_pixels=0 fallback_pixels=164864 resident_tiles=0 fallback_tiles=42 pushes=21 tear_wait_us=13780 tear_sync=1 frame_reused=0 pass=1
[17:54:35] TINYDRAW_GATE1_HARD zoom=400 cold=1 operations=1000 samples=20000 steps=196 tiles=42 scanned=12000 rendered=120 max_supertask_us=8651 presentation_us=60589 total_us=199506 pass=1
[17:54:35] TINYDRAW_OVERLAP_WORKLOAD operations=8 samples=1200 radius_world=80
[17:54:36] TINYDRAW_GATE1_PACED_COLD corpus=overlap zoom=50 x=215 y=255 steps=334 tiles=56 compute_us=378005 present_us=78639 touch_us=575 pacing_us=10823 wall_us=468042 max_tick_us=10634 touch_samples=2163 touch_interval_max_us=1919 touch_read_max_us=619 touch_events=0 touch_down=0 touch_up=0 touch_events_ge_8ms=0 touch_event_age_max_us=0 touch_errors=0 touch_overflows=0 pass=1
[17:54:36] TINYDRAW_GATE1_PACED_COLD corpus=overlap zoom=100 x=583 y=703 steps=172 tiles=48 compute_us=233581 present_us=75500 touch_us=406 pacing_us=6484 wall_us=315971 max_tick_us=9602 touch_samples=387 touch_interval_max_us=1152 touch_read_max_us=422 touch_events=0 touch_down=0 touch_up=0 touch_events_ge_8ms=0 touch_event_age_max_us=0 touch_errors=0 touch_overflows=0 pass=1
[17:54:37] TINYDRAW_GATE1_PACED_COLD corpus=overlap zoom=200 x=1319 y=1599 steps=128 tiles=56 compute_us=234310 present_us=74044 touch_us=359 pacing_us=6260 wall_us=314973 max_tick_us=9691 touch_samples=402 touch_interval_max_us=1112 touch_read_max_us=408 touch_events=0 touch_down=0 touch_up=0 touch_events_ge_8ms=0 touch_event_age_max_us=0 touch_errors=0 touch_overflows=0 pass=1
[17:54:37] TINYDRAW_GATE1_PACED_COLD corpus=overlap zoom=400 x=2791 y=3391 steps=94 tiles=56 compute_us=219481 present_us=73991 touch_us=340 pacing_us=6161 wall_us=299973 max_tick_us=9846 touch_samples=372 touch_interval_max_us=1163 touch_read_max_us=471 touch_events=0 touch_down=0 touch_up=0 touch_events_ge_8ms=0 touch_event_age_max_us=0 touch_errors=0 touch_overflows=0 pass=1
[17:54:37] TINYDRAW_ADVERSARIAL_TAPERED_WORKLOAD operations=128 samples=4096 erasers=12 load_us=217803 appended=1
[17:54:37] TINYDRAW_GATE1_PACED_COLD corpus=adversarial_tapered_4x zoom=50 x=0 y=0 steps=104 tiles=42 compute_us=98689 present_us=55825 touch_us=232 pacing_us=6227 wall_us=160973 max_tick_us=6791 touch_samples=500 touch_interval_max_us=1123 touch_read_max_us=414 touch_events=0 touch_down=0 touch_up=0 touch_events_ge_8ms=0 touch_event_age_max_us=0 touch_errors=0 touch_overflows=0 pass=1
[17:54:38] TINYDRAW_GATE1_PACED_COLD corpus=adversarial_tapered_4x zoom=100 x=0 y=0 steps=348 tiles=42 compute_us=165017 present_us=55622 touch_us=375 pacing_us=5958 wall_us=226972 max_tick_us=7585 touch_samples=301 touch_interval_max_us=1164 touch_read_max_us=437 touch_events=0 touch_down=0 touch_up=0 touch_events_ge_8ms=0 touch_event_age_max_us=0 touch_errors=0 touch_overflows=0 pass=1
[17:54:38] TINYDRAW_GATE1_PACED_COLD corpus=adversarial_tapered_4x zoom=200 x=0 y=0 steps=1214 tiles=42 compute_us=461853 present_us=57164 touch_us=925 pacing_us=18029 wall_us=537971 max_tick_us=9463 touch_samples=614 touch_interval_max_us=1126 touch_read_max_us=404 touch_events=0 touch_down=0 touch_up=0 touch_events_ge_8ms=0 touch_event_age_max_us=0 touch_errors=0 touch_overflows=0 pass=1
[17:54:39] TINYDRAW_GATE1_PACED_COLD corpus=adversarial_tapered_4x zoom=400 x=0 y=0 steps=904 tiles=42 compute_us=567004 present_us=61406 touch_us=942 pacing_us=14930 wall_us=644282 max_tick_us=9545 touch_samples=728 touch_interval_max_us=1154 touch_read_max_us=421 touch_events=0 touch_down=0 touch_up=0 touch_events_ge_8ms=0 touch_event_age_max_us=0 touch_errors=0 touch_overflows=0 pass=1
[17:54:40] TINYDRAW_GATE1_WORKLOAD kind=realistic seed=7 operations=1000 samples=19844 maximum_stroke=198 load_us=356749 raw_source=1 lod_copies=0
[17:54:40] TINYDRAW_GATE1_PACED_COLD corpus=seed7 zoom=400 x=63 y=63 steps=281 tiles=56 compute_us=275059 present_us=77559 touch_us=392 pacing_us=7963 wall_us=360973 max_tick_us=12617 touch_samples=910 touch_interval_max_us=1925 touch_read_max_us=488 touch_events=0 touch_down=0 touch_up=0 touch_events_ge_8ms=0 touch_event_age_max_us=0 touch_errors=0 touch_overflows=0 pass=1
[17:54:40] TINYDRAW_LIVE_PRESENT kind=gate_fallback zoom=100 x=0 y=0 compose_us=24852 scroll_us=0 exposed_compose_us=0 chrome_us=0 read_submit_us=35512 read_complete_us=36312 transfer_wait_us=20292 tile_pixels=0 uniform_pixels=0 overview_pixels=0 fallback_pixels=164864 resident_tiles=0 fallback_tiles=42 pushes=21 tear_wait_us=9820 tear_sync=1 frame_reused=0 pass=1
[17:54:42] TINYDRAW_GATE1_HARD zoom=100 cold=1 operations=1000 samples=19844 steps=275 tiles=42 scanned=12000 rendered=5232 max_supertask_us=9497 presentation_us=61733 total_us=375862 pass=1
[17:54:42] TINYDRAW_GATE1_PAN zoom=100 from_x=0 from_y=0 to_x=88 to_y=88 compose_us=27252 scroll_us=11390 exposed_compose_us=15862 chrome_us=0 event_submit_us=30337 event_complete_us=31142 transfer_us=19619 setup=1 present=1 moved=1 frame_reused=1 pass=1
[17:54:42] TINYDRAW_LIVE_PRESENT kind=gate_fallback zoom=400 x=0 y=0 compose_us=24135 scroll_us=0 exposed_compose_us=0 chrome_us=0 read_submit_us=37268 read_complete_us=38056 transfer_wait_us=20184 tile_pixels=0 uniform_pixels=0 overview_pixels=0 fallback_pixels=164864 resident_tiles=0 fallback_tiles=42 pushes=21 tear_wait_us=12243 tear_sync=1 frame_reused=0 pass=1
[17:54:42] TINYDRAW_GATE1_HARD zoom=400 cold=1 operations=1000 samples=19844 steps=211 tiles=42 scanned=12000 rendered=591 max_supertask_us=11047 presentation_us=62380 total_us=261400 pass=1
[17:54:42] TINYDRAW_GATE1_PAN zoom=400 from_x=0 from_y=0 to_x=88 to_y=88 compose_us=27162 scroll_us=11388 exposed_compose_us=15774 chrome_us=0 event_submit_us=30124 event_complete_us=30926 transfer_us=19831 setup=1 present=1 moved=1 frame_reused=1 pass=1
[17:54:42] TINYDRAW_GATE1_DRAW_FILL zoom=400 revision=2140 append_us=1184 poll_gap_us=88 event_submit_us=2313 event_complete_us=2484 max_compute_slice_us=4952 max_display_slice_us=11049 fill_us=257343 revision_restarted=1 pass=1
=== RUN 3 ===
[17:54:44] TINYDRAW_GATE1_LONG_GESTURE path=reference samples=1600 chunks=2ESP-ROM:esp32s3-20210327
[17:54:44] Build:Mar 27 2021
[17:54:44] rst:0x15 (USB_UART_CHIP_RESET),boot:0x2b (SPI_FAST_FLASH_BOOT)
[17:54:44] Saved PC:0x4202489b
[17:54:44] SPIWP:0xee
[17:54:44] mode:DIO, clock div:1
[17:54:44] load:0x3fce2820,len:0x1664
[17:54:44] load:0x403c8700,len:0xf38
[17:54:44] load:0x403cb700,len:0x31e8
[17:54:44] entry 0x403c8930
[17:54:44] I (24) boot: ESP-IDF v6.0.2 2nd stage bootloader
[17:54:44] I (24) boot: compile time Aug 14 2026 17:53:22
[17:54:44] I (25) boot: Multicore bootloader
[17:54:44] I (25) boot: chip revision: v0.2
[17:54:44] I (28) boot: efuse block revision: v1.3
[17:54:44] I (31) qio_mode: Enabling default flash chip QIO
[17:54:44] I (36) boot.esp32s3: Boot SPI Speed : 80MHz
[17:54:44] I (39) boot.esp32s3: SPI Mode       : QIO
[17:54:44] I (43) boot.esp32s3: SPI Flash Size : 16MB
[17:54:44] I (47) boot: Enabling RNG early entropy source...
[17:54:44] I (51) boot: Partition Table:
[17:54:44] I (54) boot: ## Label            Usage          Type ST Offset   Length
[17:54:44] I (60) boot:  0 nvs              WiFi data        01 02 00009000 00006000
[17:54:44] I (67) boot:  1 phy_init         RF data          01 01 0000f000 00001000
[17:54:44] I (73) boot:  2 factory          factory app      00 00 00010000 00100000
[17:54:44] I (80) boot:  3 drawing          Unknown data     01 40 00110000 00300000
[17:54:44] I (86) boot:  4 export           Unknown data     01 41 00410000 00500000
[17:54:44] I (93) boot:  5 coredump         Unknown data     01 03 00910000 00010000
[17:54:44] I (100) boot: End of partition table
[17:54:44] I (103) esp_image: segment 0: paddr=00010020 vaddr=3c040020 size=133dch ( 78812) map
[17:54:44] I (123) esp_image: segment 1: paddr=00023404 vaddr=3fc94500 size=03764h ( 14180) load
[17:54:44] I (126) esp_image: segment 2: paddr=00026b70 vaddr=40374000 size=094a8h ( 38056) load
[17:54:44] I (134) esp_image: segment 3: paddr=00030020 vaddr=42000020 size=3c574h (247156) map
[17:54:44] I (173) esp_image: segment 4: paddr=0006c59c vaddr=4037d4a8 size=06fb4h ( 28596) load
[17:54:44] I (179) esp_image: segment 5: paddr=00073558 vaddr=50000000 size=00024h (    36) load
[17:54:44] I (186) boot: Loaded app from partition at offset 0x10000
[17:54:44] I (186) boot: Disabling RNG early entropy source...
[17:54:44] I (198) octal_psram: vendor id    : 0x0d (AP)
[17:54:44] I (198) octal_psram: dev id       : 0x02 (generation 3)
[17:54:44] I (198) octal_psram: density      : 0x03 (64 Mbit)
[17:54:44] I (200) octal_psram: good-die     : 0x01 (Pass)
[17:54:44] I (205) octal_psram: Latency      : 0x01 (Fixed)
[17:54:44] I (209) octal_psram: VCC          : 0x01 (3V)
[17:54:44] I (213) octal_psram: SRF          : 0x01 (Fast Refresh)
[17:54:44] I (218) octal_psram: BurstType    : 0x01 (Hybrid Wrap)
[17:54:44] I (223) octal_psram: BurstLen     : 0x01 (32 Byte)
[17:54:44] I (227) octal_psram: Readlatency  : 0x02 (10 cycles@Fixed)
[17:54:44] I (233) octal_psram: DriveStrength: 0x00 (1/1)
[17:54:44] I (237) MSPI Timing: Enter psram timing tuning
[17:54:44] I (242) esp_psram: Found 8MB PSRAM device
[17:54:44] I (245) esp_psram: Speed: 80MHz
[17:54:44] I (248) cpu_start: Multicore app
[17:54:44] I (664) esp_psram: SPI SRAM memory test OK
[17:54:44] I (672) cpu_start: GPIO 44 and 43 are used as console UART I/O pins
[17:54:44] I (672) cpu_start: Pro cpu start user code
[17:54:44] I (672) cpu_start: cpu freq: 240000000 Hz
[17:54:44] I (674) app_init: Application information:
[17:54:44] I (678) app_init: Project name:     tinydraw_esp32
[17:54:44] I (682) app_init: App version:      f20c201-dirty
[17:54:44] I (687) app_init: Compile time:     Aug 14 2026 17:53:17
[17:54:44] I (692) app_init: ELF file SHA256:  255ccc852...
[17:54:44] I (696) app_init: ESP-IDF:          v6.0.2
[17:54:44] I (700) efuse_init: Min chip rev:     v0.0
[17:54:44] I (704) efuse_init: Max chip rev:     v0.99 
[17:54:44] I (708) efuse_init: Chip rev:         v0.2
[17:54:44] I (712) heap_init: Initializing. RAM available for dynamic allocation:
[17:54:44] I (718) heap_init: At 3FC99090 len 00050680 (321 KiB): RAM
[17:54:44] I (723) heap_init: At 3FCE9710 len 00005724 (21 KiB): RAM
[17:54:44] I (728) heap_init: At 3FCF0000 len 00008000 (32 KiB): DRAM
[17:54:44] I (733) heap_init: At 600FE000 len 00001FE8 (7 KiB): RTCRAM
[17:54:44] I (739) esp_psram: Adding pool of 8192K of PSRAM memory to heap allocator
[17:54:44] I (746) spi_flash: detected chip: generic
[17:54:44] I (749) spi_flash: flash io: qio
[17:54:44] I (752) sleep_gpio: Configure to isolate all GPIO pins in sleep state
[17:54:44] I (758) sleep_gpio: Enable automatic switching of GPIO sleep configuration
[17:54:44] I (765) main_task: Started on CPU0
[17:54:44] I (768) main_task: Calling app_main()
[17:54:44] TINYDRAW_PANEL_HARD_RESET=1
[17:54:44] I (965) co5300: version: 2.1.0
[17:54:44] I (966) co5300_spi: LCD panel create success, version: 2.1.0
[17:54:44] W (1046) co5300_spi: The 3Ah command has been used and will be overwritten by external initialization sequence
[17:54:44] I (1147) CST816S: IC id: 183
[17:54:45] TINYDRAW_LIVE_PRESENT kind=startup zoom=25 x=0 y=0 compose_us=35226 scroll_us=0 exposed_compose_us=0 chrome_us=0 read_submit_us=0 read_complete_us=0 transfer_wait_us=19539 tile_pixels=0 uniform_pixels=0 overview_pixels=164864 fallback_pixels=0 resident_tiles=0 fallback_tiles=0 pushes=21 tear_wait_us=9774 tear_sync=1 frame_reused=0 pass=1
[17:54:45] TINYDRAW_LIVE_STRESS operations=1000 samples=20000 total_us=434879 average_us=434 maximum_us=892 free_psram=2515208 largest_psram=2490368
[17:54:45] TINYDRAW_LIVE_PRESENT kind=gate_fallback zoom=100 x=0 y=0 compose_us=24661 scroll_us=0 exposed_compose_us=0 chrome_us=0 read_submit_us=30242 read_complete_us=31041 transfer_wait_us=19776 tile_pixels=0 uniform_pixels=0 overview_pixels=0 fallback_pixels=164864 resident_tiles=0 fallback_tiles=42 pushes=21 tear_wait_us=4663 tear_sync=1 frame_reused=0 pass=1
[17:54:45] TINYDRAW_GATE1_HARD zoom=100 cold=1 operations=1000 samples=20000 steps=192 tiles=42 scanned=12000 rendered=1659 max_supertask_us=9304 presentation_us=63051 total_us=268104 pass=1
[17:54:45] TINYDRAW_LIVE_PRESENT kind=gate_fallback zoom=400 x=0 y=0 compose_us=24108 scroll_us=0 exposed_compose_us=0 chrome_us=0 read_submit_us=38497 read_complete_us=39296 transfer_wait_us=19749 tile_pixels=0 uniform_pixels=0 overview_pixels=0 fallback_pixels=164864 resident_tiles=0 fallback_tiles=42 pushes=21 tear_wait_us=13534 tear_sync=1 frame_reused=0 pass=1
[17:54:46] TINYDRAW_GATE1_HARD zoom=400 cold=1 operations=1000 samples=20000 steps=196 tiles=42 scanned=12000 rendered=120 max_supertask_us=8706 presentation_us=60581 total_us=199514 pass=1
[17:54:46] TINYDRAW_OVERLAP_WORKLOAD operations=8 samples=1200 radius_world=80
[17:54:47] TINYDRAW_GATE1_PACED_COLD corpus=overlap zoom=50 x=215 y=255 steps=334 tiles=56 compute_us=378395 present_us=78404 touch_us=594 pacing_us=10645 wall_us=468038 max_tick_us=10641 touch_samples=2164 touch_interval_max_us=1916 touch_read_max_us=619 touch_events=0 touch_down=0 touch_up=0 touch_events_ge_8ms=0 touch_event_age_max_us=0 touch_errors=0 touch_overflows=0 pass=1
[17:54:47] TINYDRAW_GATE1_PACED_COLD corpus=overlap zoom=100 x=583 y=703 steps=172 tiles=48 compute_us=233826 present_us=75424 touch_us=395 pacing_us=6327 wall_us=315972 max_tick_us=9600 touch_samples=386 touch_interval_max_us=1153 touch_read_max_us=428 touch_events=0 touch_down=0 touch_up=0 touch_events_ge_8ms=0 touch_event_age_max_us=0 touch_errors=0 touch_overflows=0 pass=1
[17:54:47] TINYDRAW_GATE1_PACED_COLD corpus=overlap zoom=200 x=1319 y=1599 steps=128 tiles=56 compute_us=234466 present_us=73871 touch_us=384 pacing_us=6251 wall_us=314972 max_tick_us=9698 touch_samples=402 touch_interval_max_us=1124 touch_read_max_us=409 touch_events=0 touch_down=0 touch_up=0 touch_events_ge_8ms=0 touch_event_age_max_us=0 touch_errors=0 touch_overflows=0 pass=1
[17:54:48] TINYDRAW_GATE1_PACED_COLD corpus=overlap zoom=400 x=2791 y=3391 steps=94 tiles=56 compute_us=219391 present_us=73944 touch_us=346 pacing_us=4303 wall_us=297984 max_tick_us=9852 touch_samples=369 touch_interval_max_us=1872 touch_read_max_us=480 touch_events=0 touch_down=0 touch_up=0 touch_events_ge_8ms=0 touch_event_age_max_us=0 touch_errors=0 touch_overflows=0 pass=1
[17:54:48] TINYDRAW_ADVERSARIAL_TAPERED_WORKLOAD operations=128 samples=4096 erasers=12 load_us=218399 appended=1
[17:54:49] TINYDRAW_GATE1_PACED_COLD corpus=adversarial_tapered_4x zoom=50 x=0 y=0 steps=104 tiles=42 compute_us=98865 present_us=55791 touch_us=246 pacing_us=6068 wall_us=160970 max_tick_us=6793 touch_samples=502 touch_interval_max_us=1150 touch_read_max_us=435 touch_events=0 touch_down=0 touch_up=0 touch_events_ge_8ms=0 touch_event_age_max_us=0 touch_errors=0 touch_overflows=0 pass=1
[17:54:49] TINYDRAW_GATE1_PACED_COLD corpus=adversarial_tapered_4x zoom=100 x=0 y=0 steps=348 tiles=42 compute_us=165320 present_us=55939 touch_us=379 pacing_us=7335 wall_us=228973 max_tick_us=8440 touch_samples=303 touch_interval_max_us=1186 touch_read_max_us=451 touch_events=0 touch_down=0 touch_up=0 touch_events_ge_8ms=0 touch_event_age_max_us=0 touch_errors=0 touch_overflows=0 pass=1
[17:54:49] TINYDRAW_GATE1_PACED_COLD corpus=adversarial_tapered_4x zoom=200 x=0 y=0 steps=1214 tiles=42 compute_us=461476 present_us=57870 touch_us=961 pacing_us=18665 wall_us=538972 max_tick_us=9463 touch_samples=613 touch_interval_max_us=1125 touch_read_max_us=416 touch_events=0 touch_down=0 touch_up=0 touch_events_ge_8ms=0 touch_event_age_max_us=0 touch_errors=0 touch_overflows=0 pass=1
[17:54:50] TINYDRAW_GATE1_PACED_COLD corpus=adversarial_tapered_4x zoom=400 x=0 y=0 steps=904 tiles=42 compute_us=567301 present_us=61120 touch_us=987 pacing_us=15949 wall_us=645357 max_tick_us=9542 touch_samples=729 touch_interval_max_us=1156 touch_read_max_us=428 touch_events=0 touch_down=0 touch_up=0 touch_events_ge_8ms=0 touch_event_age_max_us=0 touch_errors=0 touch_overflows=0 pass=1
[17:54:51] TINYDRAW_GATE1_WORKLOAD kind=realistic seed=7 operations=1000 samples=19844 maximum_stroke=198 load_us=361483 raw_source=1 lod_copies=0
[17:54:51] TINYDRAW_GATE1_PACED_COLD corpus=seed7 zoom=400 x=63 y=63 steps=281 tiles=56 compute_us=274974 present_us=77977 touch_us=393 pacing_us=8629 wall_us=361973 max_tick_us=12640 touch_samples=911 touch_interval_max_us=1149 touch_read_max_us=445 touch_events=0 touch_down=0 touch_up=0 touch_events_ge_8ms=0 touch_event_age_max_us=0 touch_errors=0 touch_overflows=0 pass=1
[17:54:51] TINYDRAW_LIVE_PRESENT kind=gate_fallback zoom=100 x=0 y=0 compose_us=24861 scroll_us=0 exposed_compose_us=0 chrome_us=0 read_submit_us=34744 read_complete_us=35544 transfer_wait_us=20061 tile_pixels=0 uniform_pixels=0 overview_pixels=0 fallback_pixels=164864 resident_tiles=0 fallback_tiles=42 pushes=21 tear_wait_us=9003 tear_sync=1 frame_reused=0 pass=1
[17:54:53] TINYDRAW_GATE1_HARD zoom=100 cold=1 operations=1000 samples=19844 steps=275 tiles=42 scanned=12000 rendered=5232 max_supertask_us=9484 presentation_us=62952 total_us=376895 pass=1
[17:54:53] TINYDRAW_GATE1_PAN zoom=100 from_x=0 from_y=0 to_x=88 to_y=88 compose_us=27222 scroll_us=11389 exposed_compose_us=15833 chrome_us=0 event_submit_us=29971 event_complete_us=30771 transfer_us=19986 setup=1 present=1 moved=1 frame_reused=1 pass=1
[17:54:53] TINYDRAW_LIVE_PRESENT kind=gate_fallback zoom=400 x=0 y=0 compose_us=24127 scroll_us=0 exposed_compose_us=0 chrome_us=0 read_submit_us=36817 read_complete_us=37617 transfer_wait_us=19639 tile_pixels=0 uniform_pixels=0 overview_pixels=0 fallback_pixels=164864 resident_tiles=0 fallback_tiles=42 pushes=21 tear_wait_us=11843 tear_sync=1 frame_reused=0 pass=1
[17:54:53] TINYDRAW_GATE1_HARD zoom=400 cold=1 operations=1000 samples=19844 steps=211 tiles=42 scanned=12000 rendered=591 max_supertask_us=11082 presentation_us=63311 total_us=262379 pass=1
[17:54:53] TINYDRAW_GATE1_PAN zoom=400 from_x=0 from_y=0 to_x=88 to_y=88 compose_us=27158 scroll_us=11393 exposed_compose_us=15765 chrome_us=0 event_submit_us=30708 event_complete_us=31511 transfer_us=20249 setup=1 present=1 moved=1 frame_reused=1 pass=1
[17:54:53] TINYDRAW_GATE1_DRAW_FILL zoom=400 revision=2140 append_us=1175 poll_gap_us=87 event_submit_us=2313 event_complete_us=2490 max_compute_slice_us=4947 max_display_slice_us=11084 fill_us=256443 revision_restarted=1 pass=1
=== RUN 4 ===
[17:54:55] TINYDRAW_GATE1_LONG_GESTURE path=reference samples=1600 chunks=2ESP-ROM:esp32s3-20210327
[17:54:55] Build:Mar 27 2021
[17:54:55] rst:0x15 (USB_UART_CHIP_RESET),boot:0x2b (SPI_FAST_FLASH_BOOT)
[17:54:55] Saved PC:0x42024881
[17:54:55] SPIWP:0xee
[17:54:55] mode:DIO, clock div:1
[17:54:55] load:0x3fce2820,len:0x1664
[17:54:55] load:0x403c8700,len:0xf38
[17:54:55] load:0x403cb700,len:0x31e8
[17:54:55] entry 0x403c8930
[17:54:55] I (24) boot: ESP-IDF v6.0.2 2nd stage bootloader
[17:54:55] I (24) boot: compile time Aug 14 2026 17:53:22
[17:54:55] I (25) boot: Multicore bootloader
[17:54:55] I (25) boot: chip revision: v0.2
[17:54:55] I (28) boot: efuse block revision: v1.3
[17:54:55] I (31) qio_mode: Enabling default flash chip QIO
[17:54:55] I (36) boot.esp32s3: Boot SPI Speed : 80MHz
[17:54:55] I (39) boot.esp32s3: SPI Mode       : QIO
[17:54:55] I (43) boot.esp32s3: SPI Flash Size : 16MB
[17:54:55] I (47) boot: Enabling RNG early entropy source...
[17:54:55] I (51) boot: Partition Table:
[17:54:55] I (54) boot: ## Label            Usage          Type ST Offset   Length
[17:54:55] I (60) boot:  0 nvs              WiFi data        01 02 00009000 00006000
[17:54:55] I (67) boot:  1 phy_init         RF data          01 01 0000f000 00001000
[17:54:55] I (73) boot:  2 factory          factory app      00 00 00010000 00100000
[17:54:55] I (80) boot:  3 drawing          Unknown data     01 40 00110000 00300000
[17:54:55] I (86) boot:  4 export           Unknown data     01 41 00410000 00500000
[17:54:55] I (93) boot:  5 coredump         Unknown data     01 03 00910000 00010000
[17:54:55] I (100) boot: End of partition table
[17:54:55] I (103) esp_image: segment 0: paddr=00010020 vaddr=3c040020 size=133dch ( 78812) map
[17:54:55] I (123) esp_image: segment 1: paddr=00023404 vaddr=3fc94500 size=03764h ( 14180) load
[17:54:55] I (126) esp_image: segment 2: paddr=00026b70 vaddr=40374000 size=094a8h ( 38056) load
[17:54:55] I (134) esp_image: segment 3: paddr=00030020 vaddr=42000020 size=3c574h (247156) map
[17:54:55] I (173) esp_image: segment 4: paddr=0006c59c vaddr=4037d4a8 size=06fb4h ( 28596) load
[17:54:55] I (179) esp_image: segment 5: paddr=00073558 vaddr=50000000 size=00024h (    36) load
[17:54:55] I (186) boot: Loaded app from partition at offset 0x10000
[17:54:55] I (186) boot: Disabling RNG early entropy source...
[17:54:55] I (198) octal_psram: vendor id    : 0x0d (AP)
[17:54:55] I (198) octal_psram: dev id       : 0x02 (generation 3)
[17:54:55] I (198) octal_psram: density      : 0x03 (64 Mbit)
[17:54:55] I (200) octal_psram: good-die     : 0x01 (Pass)
[17:54:55] I (205) octal_psram: Latency      : 0x01 (Fixed)
[17:54:55] I (209) octal_psram: VCC          : 0x01 (3V)
[17:54:55] I (213) octal_psram: SRF          : 0x01 (Fast Refresh)
[17:54:55] I (218) octal_psram: BurstType    : 0x01 (Hybrid Wrap)
[17:54:55] I (223) octal_psram: BurstLen     : 0x01 (32 Byte)
[17:54:55] I (227) octal_psram: Readlatency  : 0x02 (10 cycles@Fixed)
[17:54:55] I (233) octal_psram: DriveStrength: 0x00 (1/1)
[17:54:55] I (237) MSPI Timing: Enter psram timing tuning
[17:54:55] I (242) esp_psram: Found 8MB PSRAM device
[17:54:55] I (245) esp_psram: Speed: 80MHz
[17:54:55] I (248) cpu_start: Multicore app
[17:54:55] I (664) esp_psram: SPI SRAM memory test OK
[17:54:55] I (672) cpu_start: GPIO 44 and 43 are used as console UART I/O pins
[17:54:55] I (672) cpu_start: Pro cpu start user code
[17:54:55] I (672) cpu_start: cpu freq: 240000000 Hz
[17:54:55] I (674) app_init: Application information:
[17:54:55] I (678) app_init: Project name:     tinydraw_esp32
[17:54:55] I (682) app_init: App version:      f20c201-dirty
[17:54:55] I (687) app_init: Compile time:     Aug 14 2026 17:53:17
[17:54:55] I (692) app_init: ELF file SHA256:  255ccc852...
[17:54:55] I (696) app_init: ESP-IDF:          v6.0.2
[17:54:55] I (700) efuse_init: Min chip rev:     v0.0
[17:54:55] I (704) efuse_init: Max chip rev:     v0.99 
[17:54:55] I (708) efuse_init: Chip rev:         v0.2
[17:54:55] I (712) heap_init: Initializing. RAM available for dynamic allocation:
[17:54:55] I (718) heap_init: At 3FC99090 len 00050680 (321 KiB): RAM
[17:54:55] I (723) heap_init: At 3FCE9710 len 00005724 (21 KiB): RAM
[17:54:55] I (728) heap_init: At 3FCF0000 len 00008000 (32 KiB): DRAM
[17:54:55] I (733) heap_init: At 600FE000 len 00001FE8 (7 KiB): RTCRAM
[17:54:55] I (739) esp_psram: Adding pool of 8192K of PSRAM memory to heap allocator
[17:54:55] I (746) spi_flash: detected chip: generic
[17:54:55] I (749) spi_flash: flash io: qio
[17:54:55] I (752) sleep_gpio: Configure to isolate all GPIO pins in sleep state
[17:54:55] I (758) sleep_gpio: Enable automatic switching of GPIO sleep configuration
[17:54:55] I (765) main_task: Started on CPU0
[17:54:55] I (768) main_task: Calling app_main()
[17:54:55] TINYDRAW_PANEL_HARD_RESET=1
[17:54:55] I (965) co5300: version: 2.1.0
[17:54:55] I (966) co5300_spi: LCD panel create success, version: 2.1.0
[17:54:55] W (1046) co5300_spi: The 3Ah command has been used and will be overwritten by external initialization sequence
[17:54:55] I (1147) CST816S: IC id: 183
[17:54:56] TINYDRAW_LIVE_PRESENT kind=startup zoom=25 x=0 y=0 compose_us=35230 scroll_us=0 exposed_compose_us=0 chrome_us=0 read_submit_us=0 read_complete_us=0 transfer_wait_us=19487 tile_pixels=0 uniform_pixels=0 overview_pixels=164864 fallback_pixels=0 resident_tiles=0 fallback_tiles=0 pushes=21 tear_wait_us=9826 tear_sync=1 frame_reused=0 pass=1
[17:54:56] TINYDRAW_LIVE_STRESS operations=1000 samples=20000 total_us=434386 average_us=434 maximum_us=888 free_psram=2515208 largest_psram=2490368
[17:54:56] TINYDRAW_LIVE_PRESENT kind=gate_fallback zoom=100 x=0 y=0 compose_us=24605 scroll_us=0 exposed_compose_us=0 chrome_us=0 read_submit_us=31028 read_complete_us=31827 transfer_wait_us=20537 tile_pixels=0 uniform_pixels=0 overview_pixels=0 fallback_pixels=164864 resident_tiles=0 fallback_tiles=42 pushes=21 tear_wait_us=5589 tear_sync=1 frame_reused=0 pass=1
[17:54:56] TINYDRAW_GATE1_HARD zoom=100 cold=1 operations=1000 samples=20000 steps=192 tiles=42 scanned=12000 rendered=1659 max_supertask_us=9295 presentation_us=63053 total_us=268117 pass=1
[17:54:56] TINYDRAW_LIVE_PRESENT kind=gate_fallback zoom=400 x=0 y=0 compose_us=23993 scroll_us=0 exposed_compose_us=0 chrome_us=0 read_submit_us=38185 read_complete_us=38984 transfer_wait_us=20051 tile_pixels=0 uniform_pixels=0 overview_pixels=0 fallback_pixels=164864 resident_tiles=0 fallback_tiles=42 pushes=21 tear_wait_us=13294 tear_sync=1 frame_reused=0 pass=1
[17:54:57] TINYDRAW_GATE1_HARD zoom=400 cold=1 operations=1000 samples=20000 steps=196 tiles=42 scanned=12000 rendered=120 max_supertask_us=8684 presentation_us=60664 total_us=199568 pass=1
[17:54:57] TINYDRAW_OVERLAP_WORKLOAD operations=8 samples=1200 radius_world=80
[17:54:58] TINYDRAW_GATE1_PACED_COLD corpus=overlap zoom=50 x=215 y=255 steps=334 tiles=56 compute_us=378643 present_us=77287 touch_us=575 pacing_us=8982 wall_us=465487 max_tick_us=10141 touch_samples=2161 touch_interval_max_us=1903 touch_read_max_us=619 touch_events=0 touch_down=0 touch_up=0 touch_events_ge_8ms=0 touch_event_age_max_us=0 touch_errors=0 touch_overflows=0 pass=1
[17:54:58] TINYDRAW_GATE1_PACED_COLD corpus=overlap zoom=100 x=583 y=703 steps=172 tiles=48 compute_us=233583 present_us=75523 touch_us=390 pacing_us=6476 wall_us=315972 max_tick_us=9574 touch_samples=388 touch_interval_max_us=1778 touch_read_max_us=534 touch_events=0 touch_down=0 touch_up=0 touch_events_ge_8ms=0 touch_event_age_max_us=0 touch_errors=0 touch_overflows=0 pass=1
[17:54:58] TINYDRAW_GATE1_PACED_COLD corpus=overlap zoom=200 x=1319 y=1599 steps=128 tiles=56 compute_us=234654 present_us=73783 touch_us=364 pacing_us=6172 wall_us=314973 max_tick_us=9701 touch_samples=386 touch_interval_max_us=1120 touch_read_max_us=422 touch_events=0 touch_down=0 touch_up=0 touch_events_ge_8ms=0 touch_event_age_max_us=0 touch_errors=0 touch_overflows=0 pass=1
[17:54:59] TINYDRAW_GATE1_PACED_COLD corpus=overlap zoom=400 x=2791 y=3391 steps=94 tiles=56 compute_us=219505 present_us=73939 touch_us=334 pacing_us=5195 wall_us=298973 max_tick_us=9845 touch_samples=370 touch_interval_max_us=1870 touch_read_max_us=486 touch_events=0 touch_down=0 touch_up=0 touch_events_ge_8ms=0 touch_event_age_max_us=0 touch_errors=0 touch_overflows=0 pass=1
[17:54:59] TINYDRAW_ADVERSARIAL_TAPERED_WORKLOAD operations=128 samples=4096 erasers=12 load_us=218408 appended=1
[17:54:59] TINYDRAW_GATE1_PACED_COLD corpus=adversarial_tapered_4x zoom=50 x=0 y=0 steps=104 tiles=42 compute_us=98615 present_us=55805 touch_us=244 pacing_us=5308 wall_us=159972 max_tick_us=6796 touch_samples=501 touch_interval_max_us=1147 touch_read_max_us=453 touch_events=0 touch_down=0 touch_up=0 touch_events_ge_8ms=0 touch_event_age_max_us=0 touch_errors=0 touch_overflows=0 pass=1
[17:55:00] TINYDRAW_GATE1_PACED_COLD corpus=adversarial_tapered_4x zoom=100 x=0 y=0 steps=348 tiles=42 compute_us=165443 present_us=55570 touch_us=361 pacing_us=7601 wall_us=228975 max_tick_us=8940 touch_samples=304 touch_interval_max_us=1162 touch_read_max_us=425 touch_events=0 touch_down=0 touch_up=0 touch_events_ge_8ms=0 touch_event_age_max_us=0 touch_errors=0 touch_overflows=0 pass=1
[17:55:00] TINYDRAW_GATE1_PACED_COLD corpus=adversarial_tapered_4x zoom=200 x=0 y=0 steps=1214 tiles=42 compute_us=461663 present_us=57487 touch_us=943 pacing_us=17880 wall_us=537973 max_tick_us=8555 touch_samples=612 touch_interval_max_us=1158 touch_read_max_us=423 touch_events=0 touch_down=0 touch_up=0 touch_events_ge_8ms=0 touch_event_age_max_us=0 touch_errors=0 touch_overflows=0 pass=1
[17:55:01] TINYDRAW_GATE1_PACED_COLD corpus=adversarial_tapered_4x zoom=400 x=0 y=0 steps=904 tiles=42 compute_us=567129 present_us=61349 touch_us=928 pacing_us=14896 wall_us=644302 max_tick_us=9458 touch_samples=729 touch_interval_max_us=1145 touch_read_max_us=421 touch_events=0 touch_down=0 touch_up=0 touch_events_ge_8ms=0 touch_event_age_max_us=0 touch_errors=0 touch_overflows=0 pass=1
[17:55:01] TINYDRAW_GATE1_WORKLOAD kind=realistic seed=7 operations=1000 samples=19844 maximum_stroke=198 load_us=360400 raw_source=1 lod_copies=0
[17:55:02] TINYDRAW_GATE1_PACED_COLD corpus=seed7 zoom=400 x=63 y=63 steps=281 tiles=56 compute_us=275071 present_us=77900 touch_us=401 pacing_us=8600 wall_us=361972 max_tick_us=12604 touch_samples=912 touch_interval_max_us=1933 touch_read_max_us=495 touch_events=0 touch_down=0 touch_up=0 touch_events_ge_8ms=0 touch_event_age_max_us=0 touch_errors=0 touch_overflows=0 pass=1
[17:55:04] TINYDRAW_LIVE_PRESENT kind=gate_fallback zoom=100 x=0 y=0 compose_us=24862 scroll_us=0 exposed_compose_us=0 chrome_us=0 read_submit_us=34055 read_complete_us=34855 transfer_wait_us=19751 tile_pixels=0 uniform_pixels=0 overview_pixels=0 fallback_pixels=164864 resident_tiles=0 fallback_tiles=42 pushes=21 tear_wait_us=8353 tear_sync=1 frame_reused=0 pass=1
[17:55:04] TINYDRAW_GATE1_HARD zoom=100 cold=1 operations=1000 samples=19844 steps=275 tiles=42 scanned=12000 rendered=5232 max_supertask_us=9489 presentation_us=62915 total_us=376815 pass=1
[17:55:04] TINYDRAW_GATE1_PAN zoom=100 from_x=0 from_y=0 to_x=88 to_y=88 compose_us=27242 scroll_us=11389 exposed_compose_us=15853 chrome_us=0 event_submit_us=30084 event_complete_us=30888 transfer_us=19872 setup=1 present=1 moved=1 frame_reused=1 pass=1
[17:55:04] TINYDRAW_LIVE_PRESENT kind=gate_fallback zoom=400 x=0 y=0 compose_us=24132 scroll_us=0 exposed_compose_us=0 chrome_us=0 read_submit_us=36916 read_complete_us=37715 transfer_wait_us=19546 tile_pixels=0 uniform_pixels=0 overview_pixels=0 fallback_pixels=164864 resident_tiles=0 fallback_tiles=42 pushes=21 tear_wait_us=11941 tear_sync=1 frame_reused=0 pass=1
[17:55:04] TINYDRAW_GATE1_HARD zoom=400 cold=1 operations=1000 samples=19844 steps=211 tiles=42 scanned=12000 rendered=591 max_supertask_us=11101 presentation_us=62298 total_us=261384 pass=1
[17:55:04] TINYDRAW_GATE1_PAN zoom=400 from_x=0 from_y=0 to_x=88 to_y=88 compose_us=27157 scroll_us=11400 exposed_compose_us=15757 chrome_us=0 event_submit_us=30603 event_complete_us=31404 transfer_us=20354 setup=1 present=1 moved=1 frame_reused=1 pass=1
[17:55:04] TINYDRAW_GATE1_DRAW_FILL zoom=400 revision=2140 append_us=1186 poll_gap_us=87 event_submit_us=2322 event_complete_us=2496 max_compute_slice_us=4947 max_display_slice_us=11039 fill_us=256296 revision_restarted=1 pass=1
=== RUN 5 ===
[17:55:05] ESP-ROM:esp32s3-20210327
[17:55:05] Build:Mar 27 2021
[17:55:05] rst:0x15 (USB_UART_CHIP_RESET),boot:0x2b (SPI_FAST_FLASH_BOOT)
[17:55:05] Saved PC:0x4201eab6
[17:55:05] SPIWP:0xee
[17:55:05] mode:DIO, clock div:1
[17:55:05] load:0x3fce2820,len:0x1664
[17:55:05] load:0x403c8700,len:0xf38
[17:55:05] load:0x403cb700,len:0x31e8
[17:55:05] entry 0x403c8930
[17:55:05] I (24) boot: ESP-IDF v6.0.2 2nd stage bootloader
[17:55:05] I (24) boot: compile time Aug 14 2026 17:53:22
[17:55:05] I (25) boot: Multicore bootloader
[17:55:05] I (25) boot: chip revision: v0.2
[17:55:05] I (28) boot: efuse block revision: v1.3
[17:55:05] I (31) qio_mode: Enabling default flash chip QIO
[17:55:05] I (36) boot.esp32s3: Boot SPI Speed : 80MHz
[17:55:05] I (39) boot.esp32s3: SPI Mode       : QIO
[17:55:05] I (43) boot.esp32s3: SPI Flash Size : 16MB
[17:55:05] I (47) boot: Enabling RNG early entropy source...
[17:55:05] I (51) boot: Partition Table:
[17:55:05] I (54) boot: ## Label            Usage          Type ST Offset   Length
[17:55:05] I (60) boot:  0 nvs              WiFi data        01 02 00009000 00006000
[17:55:05] I (67) boot:  1 phy_init         RF data          01 01 0000f000 00001000
[17:55:05] I (73) boot:  2 factory          factory app      00 00 00010000 00100000
[17:55:05] I (80) boot:  3 drawing          Unknown data     01 40 00110000 00300000
[17:55:05] I (86) boot:  4 export           Unknown data     01 41 00410000 00500000
[17:55:05] I (93) boot:  5 coredump         Unknown data     01 03 00910000 00010000
[17:55:05] I (100) boot: End of partition table
[17:55:05] I (103) esp_image: segment 0: paddr=00010020 vaddr=3c040020 size=133dch ( 78812) map
[17:55:05] I (123) esp_image: segment 1: paddr=00023404 vaddr=3fc94500 size=03764h ( 14180) load
[17:55:05] I (126) esp_image: segment 2: paddr=00026b70 vaddr=40374000 size=094a8h ( 38056) load
[17:55:05] I (134) esp_image: segment 3: paddr=00030020 vaddr=42000020 size=3c574h (247156) map
[17:55:05] I (173) esp_image: segment 4: paddr=0006c59c vaddr=4037d4a8 size=06fb4h ( 28596) load
[17:55:05] I (179) esp_image: segment 5: paddr=00073558 vaddr=50000000 size=00024h (    36) load
[17:55:05] I (186) boot: Loaded app from partition at offset 0x10000
[17:55:05] I (186) boot: Disabling RNG early entropy source...
[17:55:05] I (198) octal_psram: vendor id    : 0x0d (AP)
[17:55:05] I (198) octal_psram: dev id       : 0x02 (generation 3)
[17:55:05] I (198) octal_psram: density      : 0x03 (64 Mbit)
[17:55:05] I (200) octal_psram: good-die     : 0x01 (Pass)
[17:55:05] I (205) octal_psram: Latency      : 0x01 (Fixed)
[17:55:05] I (209) octal_psram: VCC          : 0x01 (3V)
[17:55:05] I (213) octal_psram: SRF          : 0x01 (Fast Refresh)
[17:55:05] I (218) octal_psram: BurstType    : 0x01 (Hybrid Wrap)
[17:55:05] I (223) octal_psram: BurstLen     : 0x01 (32 Byte)
[17:55:05] I (227) octal_psram: Readlatency  : 0x02 (10 cycles@Fixed)
[17:55:05] I (233) octal_psram: DriveStrength: 0x00 (1/1)
[17:55:05] I (237) MSPI Timing: Enter psram timing tuning
[17:55:05] I (242) esp_psram: Found 8MB PSRAM device
[17:55:05] I (245) esp_psram: Speed: 80MHz
[17:55:05] I (248) cpu_start: Multicore app
[17:55:06] I (664) esp_psram: SPI SRAM memory test OK
[17:55:06] I (672) cpu_start: GPIO 44 and 43 are used as console UART I/O pins
[17:55:06] I (672) cpu_start: Pro cpu start user code
[17:55:06] I (672) cpu_start: cpu freq: 240000000 Hz
[17:55:06] I (674) app_init: Application information:
[17:55:06] I (678) app_init: Project name:     tinydraw_esp32
[17:55:06] I (682) app_init: App version:      f20c201-dirty
[17:55:06] I (687) app_init: Compile time:     Aug 14 2026 17:53:17
[17:55:06] I (692) app_init: ELF file SHA256:  255ccc852...
[17:55:06] I (696) app_init: ESP-IDF:          v6.0.2
[17:55:06] I (700) efuse_init: Min chip rev:     v0.0
[17:55:06] I (704) efuse_init: Max chip rev:     v0.99 
[17:55:06] I (708) efuse_init: Chip rev:         v0.2
[17:55:06] I (712) heap_init: Initializing. RAM available for dynamic allocation:
[17:55:06] I (718) heap_init: At 3FC99090 len 00050680 (321 KiB): RAM
[17:55:06] I (723) heap_init: At 3FCE9710 len 00005724 (21 KiB): RAM
[17:55:06] I (728) heap_init: At 3FCF0000 len 00008000 (32 KiB): DRAM
[17:55:06] I (733) heap_init: At 600FE000 len 00001FE8 (7 KiB): RTCRAM
[17:55:06] I (739) esp_psram: Adding pool of 8192K of PSRAM memory to heap allocator
[17:55:06] I (746) spi_flash: detected chip: generic
[17:55:06] I (749) spi_flash: flash io: qio
[17:55:06] I (752) sleep_gpio: Configure to isolate all GPIO pins in sleep state
[17:55:06] I (758) sleep_gpio: Enable automatic switching of GPIO sleep configuration
[17:55:06] I (765) main_task: Started on CPU0
[17:55:06] I (768) main_task: Calling app_main()
[17:55:06] TINYDRAW_PANEL_HARD_RESET=1
[17:55:06] I (965) co5300: version: 2.1.0
[17:55:06] I (966) co5300_spi: LCD panel create success, version: 2.1.0
[17:55:06] W (1046) co5300_spi: The 3Ah command has been used and will be overwritten by external initialization sequence
[17:55:06] I (1147) CST816S: IC id: 183
[17:55:06] TINYDRAW_LIVE_PRESENT kind=startup zoom=25 x=0 y=0 compose_us=35230 scroll_us=0 exposed_compose_us=0 chrome_us=0 read_submit_us=0 read_complete_us=0 transfer_wait_us=19549 tile_pixels=0 uniform_pixels=0 overview_pixels=164864 fallback_pixels=0 resident_tiles=0 fallback_tiles=0 pushes=21 tear_wait_us=9752 tear_sync=1 frame_reused=0 pass=1
[17:55:07] TINYDRAW_LIVE_STRESS operations=1000 samples=20000 total_us=435294 average_us=435 maximum_us=892 free_psram=2515208 largest_psram=2490368
[17:55:07] TINYDRAW_LIVE_PRESENT kind=gate_fallback zoom=100 x=0 y=0 compose_us=24689 scroll_us=0 exposed_compose_us=0 chrome_us=0 read_submit_us=29972 read_complete_us=30772 transfer_wait_us=19681 tile_pixels=0 uniform_pixels=0 overview_pixels=0 fallback_pixels=164864 resident_tiles=0 fallback_tiles=42 pushes=21 tear_wait_us=4348 tear_sync=1 frame_reused=0 pass=1
[17:55:07] TINYDRAW_GATE1_HARD zoom=100 cold=1 operations=1000 samples=20000 steps=192 tiles=42 scanned=12000 rendered=1659 max_supertask_us=9289 presentation_us=63132 total_us=268199 pass=1
[17:55:07] TINYDRAW_LIVE_PRESENT kind=gate_fallback zoom=400 x=0 y=0 compose_us=24027 scroll_us=0 exposed_compose_us=0 chrome_us=0 read_submit_us=38645 read_complete_us=39446 transfer_wait_us=20510 tile_pixels=0 uniform_pixels=0 overview_pixels=0 fallback_pixels=164864 resident_tiles=0 fallback_tiles=42 pushes=21 tear_wait_us=13787 tear_sync=1 frame_reused=0 pass=1
[17:55:07] TINYDRAW_GATE1_HARD zoom=400 cold=1 operations=1000 samples=20000 steps=196 tiles=42 scanned=12000 rendered=120 max_supertask_us=8676 presentation_us=60595 total_us=199537 pass=1
[17:55:08] TINYDRAW_OVERLAP_WORKLOAD operations=8 samples=1200 radius_world=80
[17:55:08] TINYDRAW_GATE1_PACED_COLD corpus=overlap zoom=50 x=215 y=255 steps=334 tiles=56 compute_us=378096 present_us=78548 touch_us=577 pacing_us=9804 wall_us=467025 max_tick_us=10605 touch_samples=2162 touch_interval_max_us=1917 touch_read_max_us=619 touch_events=0 touch_down=0 touch_up=0 touch_events_ge_8ms=0 touch_event_age_max_us=0 touch_errors=0 touch_overflows=0 pass=1
[17:55:09] TINYDRAW_GATE1_PACED_COLD corpus=overlap zoom=100 x=583 y=703 steps=172 tiles=48 compute_us=233431 present_us=74750 touch_us=406 pacing_us=6385 wall_us=314972 max_tick_us=9604 touch_samples=387 touch_interval_max_us=1147 touch_read_max_us=427 touch_events=0 touch_down=0 touch_up=0 touch_events_ge_8ms=0 touch_event_age_max_us=0 touch_errors=0 touch_overflows=0 pass=1
[17:55:09] TINYDRAW_GATE1_PACED_COLD corpus=overlap zoom=200 x=1319 y=1599 steps=128 tiles=56 compute_us=234574 present_us=74227 touch_us=366 pacing_us=5806 wall_us=314973 max_tick_us=9683 touch_samples=387 touch_interval_max_us=1105 touch_read_max_us=404 touch_events=0 touch_down=0 touch_up=0 touch_events_ge_8ms=0 touch_event_age_max_us=0 touch_errors=0 touch_overflows=0 pass=1
[17:55:09] TINYDRAW_GATE1_PACED_COLD corpus=overlap zoom=400 x=2791 y=3391 steps=94 tiles=56 compute_us=219416 present_us=74028 touch_us=357 pacing_us=5172 wall_us=298973 max_tick_us=9851 touch_samples=370 touch_interval_max_us=1878 touch_read_max_us=480 touch_events=0 touch_down=0 touch_up=0 touch_events_ge_8ms=0 touch_event_age_max_us=0 touch_errors=0 touch_overflows=0 pass=1
[17:55:10] TINYDRAW_ADVERSARIAL_TAPERED_WORKLOAD operations=128 samples=4096 erasers=12 load_us=217970 appended=1
[17:55:10] TINYDRAW_GATE1_PACED_COLD corpus=adversarial_tapered_4x zoom=50 x=0 y=0 steps=104 tiles=42 compute_us=98676 present_us=56110 touch_us=247 pacing_us=4941 wall_us=159974 max_tick_us=6789 touch_samples=500 touch_interval_max_us=1153 touch_read_max_us=421 touch_events=0 touch_down=0 touch_up=0 touch_events_ge_8ms=0 touch_event_age_max_us=0 touch_errors=0 touch_overflows=0 pass=1
[17:55:10] TINYDRAW_GATE1_PACED_COLD corpus=adversarial_tapered_4x zoom=100 x=0 y=0 steps=348 tiles=42 compute_us=165279 present_us=55600 touch_us=376 pacing_us=5718 wall_us=226973 max_tick_us=7600 touch_samples=303 touch_interval_max_us=1150 touch_read_max_us=418 touch_events=0 touch_down=0 touch_up=0 touch_events_ge_8ms=0 touch_event_age_max_us=0 touch_errors=0 touch_overflows=0 pass=1
[17:55:11] TINYDRAW_GATE1_PACED_COLD corpus=adversarial_tapered_4x zoom=200 x=0 y=0 steps=1214 tiles=42 compute_us=461866 present_us=57848 touch_us=894 pacing_us=17364 wall_us=537972 max_tick_us=9810 touch_samples=614 touch_interval_max_us=1108 touch_read_max_us=389 touch_events=0 touch_down=0 touch_up=0 touch_events_ge_8ms=0 touch_event_age_max_us=0 touch_errors=0 touch_overflows=0 pass=1
[17:55:12] TINYDRAW_GATE1_PACED_COLD corpus=adversarial_tapered_4x zoom=400 x=0 y=0 steps=904 tiles=42 compute_us=567109 present_us=61830 touch_us=927 pacing_us=15432 wall_us=645298 max_tick_us=9380 touch_samples=730 touch_interval_max_us=1141 touch_read_max_us=432 touch_events=0 touch_down=0 touch_up=0 touch_events_ge_8ms=0 touch_event_age_max_us=0 touch_errors=0 touch_overflows=0 pass=1
[17:55:12] TINYDRAW_GATE1_WORKLOAD kind=realistic seed=7 operations=1000 samples=19844 maximum_stroke=198 load_us=358652 raw_source=1 lod_copies=0
[17:55:12] TINYDRAW_GATE1_PACED_COLD corpus=seed7 zoom=400 x=63 y=63 steps=281 tiles=56 compute_us=275027 present_us=78960 touch_us=381 pacing_us=8604 wall_us=362972 max_tick_us=12612 touch_samples=911 touch_interval_max_us=1978 touch_read_max_us=509 touch_events=0 touch_down=0 touch_up=0 touch_events_ge_8ms=0 touch_event_age_max_us=0 touch_errors=0 touch_overflows=0 pass=1
[17:55:14] TINYDRAW_LIVE_PRESENT kind=gate_fallback zoom=100 x=0 y=0 compose_us=24866 scroll_us=0 exposed_compose_us=0 chrome_us=0 read_submit_us=33224 read_complete_us=34024 transfer_wait_us=19581 tile_pixels=0 uniform_pixels=0 overview_pixels=0 fallback_pixels=164864 resident_tiles=0 fallback_tiles=42 pushes=21 tear_wait_us=7532 tear_sync=1 frame_reused=0 pass=1
[17:55:14] TINYDRAW_GATE1_HARD zoom=100 cold=1 operations=1000 samples=19844 steps=275 tiles=42 scanned=12000 rendered=5232 max_supertask_us=9547 presentation_us=60785 total_us=374830 pass=1
[17:55:14] TINYDRAW_GATE1_PAN zoom=100 from_x=0 from_y=0 to_x=88 to_y=88 compose_us=27246 scroll_us=11390 exposed_compose_us=15856 chrome_us=0 event_submit_us=30051 event_complete_us=30854 transfer_us=19905 setup=1 present=1 moved=1 frame_reused=1 pass=1
[17:55:14] TINYDRAW_LIVE_PRESENT kind=gate_fallback zoom=400 x=0 y=0 compose_us=24133 scroll_us=0 exposed_compose_us=0 chrome_us=0 read_submit_us=36900 read_complete_us=37701 transfer_wait_us=20553 tile_pixels=0 uniform_pixels=0 overview_pixels=0 fallback_pixels=164864 resident_tiles=0 fallback_tiles=42 pushes=21 tear_wait_us=11928 tear_sync=1 frame_reused=0 pass=1
[17:55:14] TINYDRAW_GATE1_HARD zoom=400 cold=1 operations=1000 samples=19844 steps=211 tiles=42 scanned=12000 rendered=591 max_supertask_us=11073 presentation_us=63270 total_us=262385 pass=1
[17:55:14] TINYDRAW_GATE1_PAN zoom=400 from_x=0 from_y=0 to_x=88 to_y=88 compose_us=27187 scroll_us=11387 exposed_compose_us=15800 chrome_us=0 event_submit_us=30016 event_complete_us=30818 transfer_us=19940 setup=1 present=1 moved=1 frame_reused=1 pass=1
[17:55:14] TINYDRAW_GATE1_DRAW_FILL zoom=400 revision=2140 append_us=1168 poll_gap_us=87 event_submit_us=2303 event_complete_us=2480 max_compute_slice_us=4966 max_display_slice_us=11033 fill_us=256325 revision_restarted=1 pass=1
=== RUN 6 ===
[17:55:16] ESP-ROM:esp32s3-20210327
[17:55:16] Build:Mar 27 2021
[17:55:16] rst:0x15 (USB_UART_CHIP_RESET),boot:0x2b (SPI_FAST_FLASH_BOOT)
[17:55:16] Saved PC:0x4201e220
[17:55:16] SPIWP:0xee
[17:55:16] mode:DIO, clock div:1
[17:55:16] load:0x3fce2820,len:0x1664
[17:55:16] load:0x403c8700,len:0xf38
[17:55:16] load:0x403cb700,len:0x31e8
[17:55:16] entry 0x403c8930
[17:55:16] I (24) boot: ESP-IDF v6.0.2 2nd stage bootloader
[17:55:16] I (24) boot: compile time Aug 14 2026 17:53:22
[17:55:16] I (25) boot: Multicore bootloader
[17:55:16] I (25) boot: chip revision: v0.2
[17:55:16] I (28) boot: efuse block revision: v1.3
[17:55:16] I (31) qio_mode: Enabling default flash chip QIO
[17:55:16] I (36) boot.esp32s3: Boot SPI Speed : 80MHz
[17:55:16] I (39) boot.esp32s3: SPI Mode       : QIO
[17:55:16] I (43) boot.esp32s3: SPI Flash Size : 16MB
[17:55:16] I (47) boot: Enabling RNG early entropy source...
[17:55:16] I (51) boot: Partition Table:
[17:55:16] I (54) boot: ## Label            Usage          Type ST Offset   Length
[17:55:16] I (60) boot:  0 nvs              WiFi data        01 02 00009000 00006000
[17:55:16] I (67) boot:  1 phy_init         RF data          01 01 0000f000 00001000
[17:55:16] I (73) boot:  2 factory          factory app      00 00 00010000 00100000
[17:55:16] I (80) boot:  3 drawing          Unknown data     01 40 00110000 00300000
[17:55:16] I (86) boot:  4 export           Unknown data     01 41 00410000 00500000
[17:55:16] I (93) boot:  5 coredump         Unknown data     01 03 00910000 00010000
[17:55:16] I (100) boot: End of partition table
[17:55:16] I (103) esp_image: segment 0: paddr=00010020 vaddr=3c040020 size=133dch ( 78812) map
[17:55:16] I (123) esp_image: segment 1: paddr=00023404 vaddr=3fc94500 size=03764h ( 14180) load
[17:55:16] I (126) esp_image: segment 2: paddr=00026b70 vaddr=40374000 size=094a8h ( 38056) load
[17:55:16] I (134) esp_image: segment 3: paddr=00030020 vaddr=42000020 size=3c574h (247156) map
[17:55:16] I (173) esp_image: segment 4: paddr=0006c59c vaddr=4037d4a8 size=06fb4h ( 28596) load
[17:55:16] I (179) esp_image: segment 5: paddr=00073558 vaddr=50000000 size=00024h (    36) load
[17:55:16] I (186) boot: Loaded app from partition at offset 0x10000
[17:55:16] I (186) boot: Disabling RNG early entropy source...
[17:55:16] I (198) octal_psram: vendor id    : 0x0d (AP)
[17:55:16] I (198) octal_psram: dev id       : 0x02 (generation 3)
[17:55:16] I (198) octal_psram: density      : 0x03 (64 Mbit)
[17:55:16] I (200) octal_psram: good-die     : 0x01 (Pass)
[17:55:16] I (205) octal_psram: Latency      : 0x01 (Fixed)
[17:55:16] I (209) octal_psram: VCC          : 0x01 (3V)
[17:55:16] I (213) octal_psram: SRF          : 0x01 (Fast Refresh)
[17:55:16] I (218) octal_psram: BurstType    : 0x01 (Hybrid Wrap)
[17:55:16] I (223) octal_psram: BurstLen     : 0x01 (32 Byte)
[17:55:16] I (227) octal_psram: Readlatency  : 0x02 (10 cycles@Fixed)
[17:55:16] I (233) octal_psram: DriveStrength: 0x00 (1/1)
[17:55:16] I (237) MSPI Timing: Enter psram timing tuning
[17:55:16] I (242) esp_psram: Found 8MB PSRAM device
[17:55:16] I (245) esp_psram: Speed: 80MHz
[17:55:16] I (248) cpu_start: Multicore app
[17:55:16] I (664) esp_psram: SPI SRAM memory test OK
[17:55:16] I (672) cpu_start: GPIO 44 and 43 are used as console UART I/O pins
[17:55:16] I (672) cpu_start: Pro cpu start user code
[17:55:16] I (672) cpu_start: cpu freq: 240000000 Hz
[17:55:16] I (674) app_init: Application information:
[17:55:16] I (678) app_init: Project name:     tinydraw_esp32
[17:55:16] I (682) app_init: App version:      f20c201-dirty
[17:55:16] I (687) app_init: Compile time:     Aug 14 2026 17:53:17
[17:55:16] I (692) app_init: ELF file SHA256:  255ccc852...
[17:55:16] I (696) app_init: ESP-IDF:          v6.0.2
[17:55:16] I (700) efuse_init: Min chip rev:     v0.0
[17:55:16] I (704) efuse_init: Max chip rev:     v0.99 
[17:55:17] I (708) efuse_init: Chip rev:         v0.2
[17:55:17] I (712) heap_init: Initializing. RAM available for dynamic allocation:
[17:55:17] I (718) heap_init: At 3FC99090 len 00050680 (321 KiB): RAM
[17:55:17] I (723) heap_init: At 3FCE9710 len 00005724 (21 KiB): RAM
[17:55:17] I (728) heap_init: At 3FCF0000 len 00008000 (32 KiB): DRAM
[17:55:17] I (733) heap_init: At 600FE000 len 00001FE8 (7 KiB): RTCRAM
[17:55:17] I (739) esp_psram: Adding pool of 8192K of PSRAM memory to heap allocator
[17:55:17] I (746) spi_flash: detected chip: generic
[17:55:17] I (749) spi_flash: flash io: qio
[17:55:17] I (752) sleep_gpio: Configure to isolate all GPIO pins in sleep state
[17:55:17] I (758) sleep_gpio: Enable automatic switching of GPIO sleep configuration
[17:55:17] I (765) main_task: Started on CPU0
[17:55:17] I (768) main_task: Calling app_main()
[17:55:17] TINYDRAW_PANEL_HARD_RESET=1
[17:55:17] I (965) co5300: version: 2.1.0
[17:55:17] I (966) co5300_spi: LCD panel create success, version: 2.1.0
[17:55:17] W (1046) co5300_spi: The 3Ah command has been used and will be overwritten by external initialization sequence
[17:55:17] I (1147) CST816S: IC id: 183
[17:55:17] TINYDRAW_LIVE_PRESENT kind=startup zoom=25 x=0 y=0 compose_us=35230 scroll_us=0 exposed_compose_us=0 chrome_us=0 read_submit_us=0 read_complete_us=0 transfer_wait_us=19518 tile_pixels=0 uniform_pixels=0 overview_pixels=164864 fallback_pixels=0 resident_tiles=0 fallback_tiles=0 pushes=21 tear_wait_us=9789 tear_sync=1 frame_reused=0 pass=1
[17:55:17] TINYDRAW_LIVE_STRESS operations=1000 samples=20000 total_us=433311 average_us=433 maximum_us=887 free_psram=2515208 largest_psram=2490368
[17:55:18] TINYDRAW_LIVE_PRESENT kind=gate_fallback zoom=100 x=0 y=0 compose_us=24679 scroll_us=0 exposed_compose_us=0 chrome_us=0 read_submit_us=32102 read_complete_us=32902 transfer_wait_us=19544 tile_pixels=0 uniform_pixels=0 overview_pixels=0 fallback_pixels=164864 resident_tiles=0 fallback_tiles=42 pushes=21 tear_wait_us=6594 tear_sync=1 frame_reused=0 pass=1
[17:55:18] TINYDRAW_GATE1_HARD zoom=100 cold=1 operations=1000 samples=20000 steps=192 tiles=42 scanned=12000 rendered=1659 max_supertask_us=9313 presentation_us=63091 total_us=268195 pass=1
[17:55:18] TINYDRAW_LIVE_PRESENT kind=gate_fallback zoom=400 x=0 y=0 compose_us=23981 scroll_us=0 exposed_compose_us=0 chrome_us=0 read_submit_us=39004 read_complete_us=39800 transfer_wait_us=20151 tile_pixels=0 uniform_pixels=0 overview_pixels=0 fallback_pixels=164864 resident_tiles=0 fallback_tiles=42 pushes=21 tear_wait_us=14140 tear_sync=1 frame_reused=0 pass=1
[17:55:18] TINYDRAW_GATE1_HARD zoom=400 cold=1 operations=1000 samples=20000 steps=196 tiles=42 scanned=12000 rendered=120 max_supertask_us=8667 presentation_us=60673 total_us=199507 pass=1
[17:55:19] TINYDRAW_OVERLAP_WORKLOAD operations=8 samples=1200 radius_world=80
[17:55:19] TINYDRAW_GATE1_PACED_COLD corpus=overlap zoom=50 x=215 y=255 steps=334 tiles=56 compute_us=378053 present_us=78468 touch_us=590 pacing_us=9934 wall_us=467045 max_tick_us=10635 touch_samples=2164 touch_interval_max_us=1891 touch_read_max_us=619 touch_events=0 touch_down=0 touch_up=0 touch_events_ge_8ms=0 touch_event_age_max_us=0 touch_errors=0 touch_overflows=0 pass=1
[17:55:19] TINYDRAW_GATE1_PACED_COLD corpus=overlap zoom=100 x=583 y=703 steps=172 tiles=48 compute_us=233655 present_us=75554 touch_us=405 pacing_us=6365 wall_us=315979 max_tick_us=9605 touch_samples=387 touch_interval_max_us=1158 touch_read_max_us=428 touch_events=0 touch_down=0 touch_up=0 touch_events_ge_8ms=0 touch_event_age_max_us=0 touch_errors=0 touch_overflows=0 pass=1
[17:55:20] TINYDRAW_GATE1_PACED_COLD corpus=overlap zoom=200 x=1319 y=1599 steps=128 tiles=56 compute_us=234398 present_us=74299 touch_us=367 pacing_us=5909 wall_us=314973 max_tick_us=9673 touch_samples=386 touch_interval_max_us=1111 touch_read_max_us=426 touch_events=0 touch_down=0 touch_up=0 touch_events_ge_8ms=0 touch_event_age_max_us=0 touch_errors=0 touch_overflows=0 pass=1
[17:55:20] TINYDRAW_GATE1_PACED_COLD corpus=overlap zoom=400 x=2791 y=3391 steps=94 tiles=56 compute_us=219562 present_us=73928 touch_us=344 pacing_us=6138 wall_us=299972 max_tick_us=9845 touch_samples=372 touch_interval_max_us=1175 touch_read_max_us=464 touch_events=0 touch_down=0 touch_up=0 touch_events_ge_8ms=0 touch_event_age_max_us=0 touch_errors=0 touch_overflows=0 pass=1
[17:55:20] TINYDRAW_ADVERSARIAL_TAPERED_WORKLOAD operations=128 samples=4096 erasers=12 load_us=217920 appended=1
[17:55:21] TINYDRAW_GATE1_PACED_COLD corpus=adversarial_tapered_4x zoom=50 x=0 y=0 steps=104 tiles=42 compute_us=98808 present_us=55788 touch_us=247 pacing_us=6129 wall_us=160972 max_tick_us=6801 touch_samples=501 touch_interval_max_us=1118 touch_read_max_us=428 touch_events=0 touch_down=0 touch_up=0 touch_events_ge_8ms=0 touch_event_age_max_us=0 touch_errors=0 touch_overflows=0 pass=1
[17:55:21] TINYDRAW_GATE1_PACED_COLD corpus=adversarial_tapered_4x zoom=100 x=0 y=0 steps=348 tiles=42 compute_us=164925 present_us=55695 touch_us=386 pacing_us=5965 wall_us=226971 max_tick_us=7583 touch_samples=302 touch_interval_max_us=1189 touch_read_max_us=447 touch_events=0 touch_down=0 touch_up=0 touch_events_ge_8ms=0 touch_event_age_max_us=0 touch_errors=0 touch_overflows=0 pass=1
[17:55:22] TINYDRAW_GATE1_PACED_COLD corpus=adversarial_tapered_4x zoom=200 x=0 y=0 steps=1214 tiles=42 compute_us=460666 present_us=58213 touch_us=843 pacing_us=18252 wall_us=537974 max_tick_us=10228 touch_samples=613 touch_interval_max_us=1101 touch_read_max_us=396 touch_events=0 touch_down=0 touch_up=0 touch_events_ge_8ms=0 touch_event_age_max_us=0 touch_errors=0 touch_overflows=0 pass=1
[17:55:22] TINYDRAW_GATE1_PACED_COLD corpus=adversarial_tapered_4x zoom=400 x=0 y=0 steps=904 tiles=42 compute_us=567194 present_us=61593 touch_us=960 pacing_us=14616 wall_us=644363 max_tick_us=9517 touch_samples=729 touch_interval_max_us=1145 touch_read_max_us=415 touch_events=0 touch_down=0 touch_up=0 touch_events_ge_8ms=0 touch_event_age_max_us=0 touch_errors=0 touch_overflows=0 pass=1
[17:55:23] TINYDRAW_GATE1_WORKLOAD kind=realistic seed=7 operations=1000 samples=19844 maximum_stroke=198 load_us=358897 raw_source=1 lod_copies=0
[17:55:23] TINYDRAW_GATE1_PACED_COLD corpus=seed7 zoom=400 x=63 y=63 steps=281 tiles=56 compute_us=274695 present_us=78283 touch_us=384 pacing_us=8610 wall_us=361972 max_tick_us=12593 touch_samples=910 touch_interval_max_us=1927 touch_read_max_us=502 touch_events=0 touch_down=0 touch_up=0 touch_events_ge_8ms=0 touch_event_age_max_us=0 touch_errors=0 touch_overflows=0 pass=1
[17:55:23] TINYDRAW_LIVE_PRESENT kind=gate_fallback zoom=100 x=0 y=0 compose_us=24824 scroll_us=0 exposed_compose_us=0 chrome_us=0 read_submit_us=34136 read_complete_us=34936 transfer_wait_us=19669 tile_pixels=0 uniform_pixels=0 overview_pixels=0 fallback_pixels=164864 resident_tiles=0 fallback_tiles=42 pushes=21 tear_wait_us=8492 tear_sync=1 frame_reused=0 pass=1
[17:55:25] TINYDRAW_GATE1_HARD zoom=100 cold=1 operations=1000 samples=19844 steps=275 tiles=42 scanned=12000 rendered=5232 max_supertask_us=9515 presentation_us=62957 total_us=376881 pass=1
[17:55:25] TINYDRAW_GATE1_PAN zoom=100 from_x=0 from_y=0 to_x=88 to_y=88 compose_us=27216 scroll_us=11395 exposed_compose_us=15821 chrome_us=0 event_submit_us=30821 event_complete_us=31622 transfer_us=20136 setup=1 present=1 moved=1 frame_reused=1 pass=1
[17:55:25] TINYDRAW_LIVE_PRESENT kind=gate_fallback zoom=400 x=0 y=0 compose_us=24046 scroll_us=0 exposed_compose_us=0 chrome_us=0 read_submit_us=36651 read_complete_us=37453 transfer_wait_us=19803 tile_pixels=0 uniform_pixels=0 overview_pixels=0 fallback_pixels=164864 resident_tiles=0 fallback_tiles=42 pushes=21 tear_wait_us=11689 tear_sync=1 frame_reused=0 pass=1
[17:55:25] TINYDRAW_GATE1_HARD zoom=400 cold=1 operations=1000 samples=19844 steps=211 tiles=42 scanned=12000 rendered=591 max_supertask_us=10995 presentation_us=61491 total_us=260332 pass=1
[17:55:25] TINYDRAW_GATE1_PAN zoom=400 from_x=0 from_y=0 to_x=88 to_y=88 compose_us=27163 scroll_us=11391 exposed_compose_us=15772 chrome_us=0 event_submit_us=30170 event_complete_us=30972 transfer_us=19785 setup=1 present=1 moved=1 frame_reused=1 pass=1
[17:55:25] TINYDRAW_GATE1_DRAW_FILL zoom=400 revision=2140 append_us=1234 poll_gap_us=88 event_submit_us=2317 event_complete_us=2493 max_compute_slice_us=4905 max_display_slice_us=11091 fill_us=256191 revision_restarted=1 pass=1
=== RUN 7 ===
[17:55:27] TINYDRAW_GATE1_LONG_GESTURE path=reference samples=1600 chunks=2ESP-ROM:esp32s3-20210327
[17:55:27] Build:Mar 27 2021
[17:55:27] rst:0x15 (USB_UART_CHIP_RESET),boot:0x2b (SPI_FAST_FLASH_BOOT)
[17:55:27] Saved PC:0x420214c7
[17:55:27] SPIWP:0xee
[17:55:27] mode:DIO, clock div:1
[17:55:27] load:0x3fce2820,len:0x1664
[17:55:27] load:0x403c8700,len:0xf38
[17:55:27] load:0x403cb700,len:0x31e8
[17:55:27] entry 0x403c8930
[17:55:27] I (24) boot: ESP-IDF v6.0.2 2nd stage bootloader
[17:55:27] I (24) boot: compile time Aug 14 2026 17:53:22
[17:55:27] I (25) boot: Multicore bootloader
[17:55:27] I (25) boot: chip revision: v0.2
[17:55:27] I (28) boot: efuse block revision: v1.3
[17:55:27] I (31) qio_mode: Enabling default flash chip QIO
[17:55:27] I (36) boot.esp32s3: Boot SPI Speed : 80MHz
[17:55:27] I (39) boot.esp32s3: SPI Mode       : QIO
[17:55:27] I (43) boot.esp32s3: SPI Flash Size : 16MB
[17:55:27] I (47) boot: Enabling RNG early entropy source...
[17:55:27] I (51) boot: Partition Table:
[17:55:27] I (54) boot: ## Label            Usage          Type ST Offset   Length
[17:55:27] I (60) boot:  0 nvs              WiFi data        01 02 00009000 00006000
[17:55:27] I (67) boot:  1 phy_init         RF data          01 01 0000f000 00001000
[17:55:27] I (73) boot:  2 factory          factory app      00 00 00010000 00100000
[17:55:27] I (80) boot:  3 drawing          Unknown data     01 40 00110000 00300000
[17:55:27] I (86) boot:  4 export           Unknown data     01 41 00410000 00500000
[17:55:27] I (93) boot:  5 coredump         Unknown data     01 03 00910000 00010000
[17:55:27] I (100) boot: End of partition table
[17:55:27] I (103) esp_image: segment 0: paddr=00010020 vaddr=3c040020 size=133dch ( 78812) map
[17:55:27] I (123) esp_image: segment 1: paddr=00023404 vaddr=3fc94500 size=03764h ( 14180) load
[17:55:27] I (126) esp_image: segment 2: paddr=00026b70 vaddr=40374000 size=094a8h ( 38056) load
[17:55:27] I (134) esp_image: segment 3: paddr=00030020 vaddr=42000020 size=3c574h (247156) map
[17:55:27] I (173) esp_image: segment 4: paddr=0006c59c vaddr=4037d4a8 size=06fb4h ( 28596) load
[17:55:27] I (179) esp_image: segment 5: paddr=00073558 vaddr=50000000 size=00024h (    36) load
[17:55:27] I (186) boot: Loaded app from partition at offset 0x10000
[17:55:27] I (186) boot: Disabling RNG early entropy source...
[17:55:27] I (198) octal_psram: vendor id    : 0x0d (AP)
[17:55:27] I (198) octal_psram: dev id       : 0x02 (generation 3)
[17:55:27] I (198) octal_psram: density      : 0x03 (64 Mbit)
[17:55:27] I (200) octal_psram: good-die     : 0x01 (Pass)
[17:55:27] I (205) octal_psram: Latency      : 0x01 (Fixed)
[17:55:27] I (209) octal_psram: VCC          : 0x01 (3V)
[17:55:27] I (213) octal_psram: SRF          : 0x01 (Fast Refresh)
[17:55:27] I (218) octal_psram: BurstType    : 0x01 (Hybrid Wrap)
[17:55:27] I (223) octal_psram: BurstLen     : 0x01 (32 Byte)
[17:55:27] I (227) octal_psram: Readlatency  : 0x02 (10 cycles@Fixed)
[17:55:27] I (233) octal_psram: DriveStrength: 0x00 (1/1)
[17:55:27] I (237) MSPI Timing: Enter psram timing tuning
[17:55:27] I (242) esp_psram: Found 8MB PSRAM device
[17:55:27] I (245) esp_psram: Speed: 80MHz
[17:55:27] I (248) cpu_start: Multicore app
[17:55:27] I (664) esp_psram: SPI SRAM memory test OK
[17:55:27] I (672) cpu_start: GPIO 44 and 43 are used as console UART I/O pins
[17:55:27] I (672) cpu_start: Pro cpu start user code
[17:55:27] I (672) cpu_start: cpu freq: 240000000 Hz
[17:55:27] I (674) app_init: Application information:
[17:55:27] I (678) app_init: Project name:     tinydraw_esp32
[17:55:27] I (682) app_init: App version:      f20c201-dirty
[17:55:27] I (687) app_init: Compile time:     Aug 14 2026 17:53:17
[17:55:27] I (692) app_init: ELF file SHA256:  255ccc852...
[17:55:27] I (696) app_init: ESP-IDF:          v6.0.2
[17:55:27] I (700) efuse_init: Min chip rev:     v0.0
[17:55:27] I (704) efuse_init: Max chip rev:     v0.99 
[17:55:27] I (708) efuse_init: Chip rev:         v0.2
[17:55:27] I (712) heap_init: Initializing. RAM available for dynamic allocation:
[17:55:27] I (718) heap_init: At 3FC99090 len 00050680 (321 KiB): RAM
[17:55:27] I (723) heap_init: At 3FCE9710 len 00005724 (21 KiB): RAM
[17:55:27] I (728) heap_init: At 3FCF0000 len 00008000 (32 KiB): DRAM
[17:55:27] I (733) heap_init: At 600FE000 len 00001FE8 (7 KiB): RTCRAM
[17:55:27] I (739) esp_psram: Adding pool of 8192K of PSRAM memory to heap allocator
[17:55:27] I (746) spi_flash: detected chip: generic
[17:55:27] I (749) spi_flash: flash io: qio
[17:55:27] I (752) sleep_gpio: Configure to isolate all GPIO pins in sleep state
[17:55:27] I (758) sleep_gpio: Enable automatic switching of GPIO sleep configuration
[17:55:27] I (765) main_task: Started on CPU0
[17:55:27] I (768) main_task: Calling app_main()
[17:55:27] TINYDRAW_PANEL_HARD_RESET=1
[17:55:28] I (965) co5300: version: 2.1.0
[17:55:28] I (966) co5300_spi: LCD panel create success, version: 2.1.0
[17:55:28] W (1046) co5300_spi: The 3Ah command has been used and will be overwritten by external initialization sequence
[17:55:28] I (1147) CST816S: IC id: 183
[17:55:28] TINYDRAW_LIVE_PRESENT kind=startup zoom=25 x=0 y=0 compose_us=35228 scroll_us=0 exposed_compose_us=0 chrome_us=0 read_submit_us=0 read_complete_us=0 transfer_wait_us=19565 tile_pixels=0 uniform_pixels=0 overview_pixels=164864 fallback_pixels=0 resident_tiles=0 fallback_tiles=0 pushes=21 tear_wait_us=9738 tear_sync=1 frame_reused=0 pass=1
[17:55:28] TINYDRAW_LIVE_STRESS operations=1000 samples=20000 total_us=434074 average_us=434 maximum_us=893 free_psram=2515208 largest_psram=2490368
[17:55:28] TINYDRAW_LIVE_PRESENT kind=gate_fallback zoom=100 x=0 y=0 compose_us=24717 scroll_us=0 exposed_compose_us=0 chrome_us=0 read_submit_us=31049 read_complete_us=31849 transfer_wait_us=19818 tile_pixels=0 uniform_pixels=0 overview_pixels=0 fallback_pixels=164864 resident_tiles=0 fallback_tiles=42 pushes=21 tear_wait_us=5410 tear_sync=1 frame_reused=0 pass=1
[17:55:29] TINYDRAW_GATE1_HARD zoom=100 cold=1 operations=1000 samples=20000 steps=192 tiles=42 scanned=12000 rendered=1659 max_supertask_us=9289 presentation_us=63309 total_us=268222 pass=1
[17:55:29] TINYDRAW_LIVE_PRESENT kind=gate_fallback zoom=400 x=0 y=0 compose_us=24011 scroll_us=0 exposed_compose_us=0 chrome_us=0 read_submit_us=38521 read_complete_us=39322 transfer_wait_us=19623 tile_pixels=0 uniform_pixels=0 overview_pixels=0 fallback_pixels=164864 resident_tiles=0 fallback_tiles=42 pushes=21 tear_wait_us=13682 tear_sync=1 frame_reused=0 pass=1
[17:55:29] TINYDRAW_GATE1_HARD zoom=400 cold=1 operations=1000 samples=20000 steps=196 tiles=42 scanned=12000 rendered=120 max_supertask_us=8678 presentation_us=60724 total_us=199520 pass=1
[17:55:30] TINYDRAW_OVERLAP_WORKLOAD operations=8 samples=1200 radius_world=80
[17:55:30] TINYDRAW_GATE1_PACED_COLD corpus=overlap zoom=50 x=215 y=255 steps=334 tiles=56 compute_us=377777 present_us=78748 touch_us=581 pacing_us=8915 wall_us=466021 max_tick_us=10138 touch_samples=2160 touch_interval_max_us=1941 touch_read_max_us=619 touch_events=0 touch_down=0 touch_up=0 touch_events_ge_8ms=0 touch_event_age_max_us=0 touch_errors=0 touch_overflows=0 pass=1
[17:55:30] TINYDRAW_GATE1_PACED_COLD corpus=overlap zoom=100 x=583 y=703 steps=172 tiles=48 compute_us=233658 present_us=74487 touch_us=397 pacing_us=6432 wall_us=314974 max_tick_us=9602 touch_samples=388 touch_interval_max_us=1155 touch_read_max_us=428 touch_events=0 touch_down=0 touch_up=0 touch_events_ge_8ms=0 touch_event_age_max_us=0 touch_errors=0 touch_overflows=0 pass=1
[17:55:31] TINYDRAW_GATE1_PACED_COLD corpus=overlap zoom=200 x=1319 y=1599 steps=128 tiles=56 compute_us=234390 present_us=73925 touch_us=374 pacing_us=6276 wall_us=314965 max_tick_us=9711 touch_samples=386 touch_interval_max_us=1117 touch_read_max_us=412 touch_events=0 touch_down=0 touch_up=0 touch_events_ge_8ms=0 touch_event_age_max_us=0 touch_errors=0 touch_overflows=0 pass=1
[17:55:31] TINYDRAW_GATE1_PACED_COLD corpus=overlap zoom=400 x=2791 y=3391 steps=94 tiles=56 compute_us=219441 present_us=73981 touch_us=353 pacing_us=5199 wall_us=298974 max_tick_us=9842 touch_samples=371 touch_interval_max_us=1507 touch_read_max_us=476 touch_events=0 touch_down=0 touch_up=0 touch_events_ge_8ms=0 touch_event_age_max_us=0 touch_errors=0 touch_overflows=0 pass=1
[17:55:31] TINYDRAW_ADVERSARIAL_TAPERED_WORKLOAD operations=128 samples=4096 erasers=12 load_us=217947 appended=1
[17:55:32] TINYDRAW_GATE1_PACED_COLD corpus=adversarial_tapered_4x zoom=50 x=0 y=0 steps=104 tiles=42 compute_us=98599 present_us=56374 touch_us=256 pacing_us=4744 wall_us=159973 max_tick_us=6788 touch_samples=500 touch_interval_max_us=1135 touch_read_max_us=415 touch_events=0 touch_down=0 touch_up=0 touch_events_ge_8ms=0 touch_event_age_max_us=0 touch_errors=0 touch_overflows=0 pass=1
[17:55:32] TINYDRAW_GATE1_PACED_COLD corpus=adversarial_tapered_4x zoom=100 x=0 y=0 steps=348 tiles=42 compute_us=165005 present_us=55625 touch_us=385 pacing_us=8957 wall_us=229972 max_tick_us=9779 touch_samples=306 touch_interval_max_us=1139 touch_read_max_us=411 touch_events=0 touch_down=0 touch_up=0 touch_events_ge_8ms=0 touch_event_age_max_us=0 touch_errors=0 touch_overflows=0 pass=1
[17:55:33] TINYDRAW_GATE1_PACED_COLD corpus=adversarial_tapered_4x zoom=200 x=0 y=0 steps=1214 tiles=42 compute_us=460799 present_us=56780 touch_us=919 pacing_us=18473 wall_us=536971 max_tick_us=9485 touch_samples=610 touch_interval_max_us=1148 touch_read_max_us=414 touch_events=0 touch_down=0 touch_up=0 touch_events_ge_8ms=0 touch_event_age_max_us=0 touch_errors=0 touch_overflows=0 pass=1
[17:55:33] TINYDRAW_GATE1_PACED_COLD corpus=adversarial_tapered_4x zoom=400 x=0 y=0 steps=904 tiles=42 compute_us=567466 present_us=61977 touch_us=983 pacing_us=13831 wall_us=644257 max_tick_us=9528 touch_samples=729 touch_interval_max_us=1134 touch_read_max_us=417 touch_events=0 touch_down=0 touch_up=0 touch_events_ge_8ms=0 touch_event_age_max_us=0 touch_errors=0 touch_overflows=0 pass=1
[17:55:34] TINYDRAW_GATE1_WORKLOAD kind=realistic seed=7 operations=1000 samples=19844 maximum_stroke=198 load_us=357964 raw_source=1 lod_copies=0
[17:55:34] TINYDRAW_GATE1_PACED_COLD corpus=seed7 zoom=400 x=63 y=63 steps=281 tiles=56 compute_us=275248 present_us=77723 touch_us=395 pacing_us=8607 wall_us=361973 max_tick_us=12610 touch_samples=911 touch_interval_max_us=1943 touch_read_max_us=488 touch_events=0 touch_down=0 touch_up=0 touch_events_ge_8ms=0 touch_event_age_max_us=0 touch_errors=0 touch_overflows=0 pass=1
[17:55:36] TINYDRAW_LIVE_PRESENT kind=gate_fallback zoom=100 x=0 y=0 compose_us=24863 scroll_us=0 exposed_compose_us=0 chrome_us=0 read_submit_us=34342 read_complete_us=35139 transfer_wait_us=20457 tile_pixels=0 uniform_pixels=0 overview_pixels=0 fallback_pixels=164864 resident_tiles=0 fallback_tiles=42 pushes=21 tear_wait_us=8666 tear_sync=1 frame_reused=0 pass=1
[17:55:36] TINYDRAW_GATE1_HARD zoom=100 cold=1 operations=1000 samples=19844 steps=275 tiles=42 scanned=12000 rendered=5232 max_supertask_us=9530 presentation_us=63163 total_us=376926 pass=1
[17:55:36] TINYDRAW_GATE1_PAN zoom=100 from_x=0 from_y=0 to_x=88 to_y=88 compose_us=27251 scroll_us=11390 exposed_compose_us=15861 chrome_us=0 event_submit_us=30096 event_complete_us=30898 transfer_us=19861 setup=1 present=1 moved=1 frame_reused=1 pass=1
[17:55:36] TINYDRAW_LIVE_PRESENT kind=gate_fallback zoom=400 x=0 y=0 compose_us=24089 scroll_us=0 exposed_compose_us=0 chrome_us=0 read_submit_us=36910 read_complete_us=37711 transfer_wait_us=20543 tile_pixels=0 uniform_pixels=0 overview_pixels=0 fallback_pixels=164864 resident_tiles=0 fallback_tiles=42 pushes=21 tear_wait_us=11982 tear_sync=1 frame_reused=0 pass=1
[17:55:36] TINYDRAW_GATE1_HARD zoom=400 cold=1 operations=1000 samples=19844 steps=211 tiles=42 scanned=12000 rendered=591 max_supertask_us=11065 presentation_us=62366 total_us=261382 pass=1
[17:55:36] TINYDRAW_GATE1_PAN zoom=400 from_x=0 from_y=0 to_x=88 to_y=88 compose_us=27167 scroll_us=11392 exposed_compose_us=15775 chrome_us=0 event_submit_us=30659 event_complete_us=31462 transfer_us=20299 setup=1 present=1 moved=1 frame_reused=1 pass=1
[17:55:36] TINYDRAW_GATE1_DRAW_FILL zoom=400 revision=2140 append_us=1174 poll_gap_us=87 event_submit_us=2316 event_complete_us=2494 max_compute_slice_us=4935 max_display_slice_us=11034 fill_us=256354 revision_restarted=1 pass=1
=== RUN 8 ===
[17:55:38] ESP-ROM:esp32s3-20210327
[17:55:38] Build:Mar 27 2021
[17:55:38] rst:0x15 (USB_UART_CHIP_RESET),boot:0x2b (SPI_FAST_FLASH_BOOT)
[17:55:38] Saved PC:0x4201ddcb
[17:55:38] SPIWP:0xee
[17:55:38] mode:DIO, clock div:1
[17:55:38] load:0x3fce2820,len:0x1664
[17:55:38] load:0x403c8700,len:0xf38
[17:55:38] load:0x403cb700,len:0x31e8
[17:55:38] entry 0x403c8930
[17:55:38] I (24) boot: ESP-IDF v6.0.2 2nd stage bootloader
[17:55:38] I (24) boot: compile time Aug 14 2026 17:53:22
[17:55:38] I (25) boot: Multicore bootloader
[17:55:38] I (25) boot: chip revision: v0.2
[17:55:38] I (28) boot: efuse block revision: v1.3
[17:55:38] I (31) qio_mode: Enabling default flash chip QIO
[17:55:38] I (36) boot.esp32s3: Boot SPI Speed : 80MHz
[17:55:38] I (39) boot.esp32s3: SPI Mode       : QIO
[17:55:38] I (43) boot.esp32s3: SPI Flash Size : 16MB
[17:55:38] I (47) boot: Enabling RNG early entropy source...
[17:55:38] I (51) boot: Partition Table:
[17:55:38] I (54) boot: ## Label            Usage          Type ST Offset   Length
[17:55:38] I (60) boot:  0 nvs              WiFi data        01 02 00009000 00006000
[17:55:38] I (67) boot:  1 phy_init         RF data          01 01 0000f000 00001000
[17:55:38] I (73) boot:  2 factory          factory app      00 00 00010000 00100000
[17:55:38] I (80) boot:  3 drawing          Unknown data     01 40 00110000 00300000
[17:55:38] I (86) boot:  4 export           Unknown data     01 41 00410000 00500000
[17:55:38] I (93) boot:  5 coredump         Unknown data     01 03 00910000 00010000
[17:55:38] I (100) boot: End of partition table
[17:55:38] I (103) esp_image: segment 0: paddr=00010020 vaddr=3c040020 size=133dch ( 78812) map
[17:55:38] I (123) esp_image: segment 1: paddr=00023404 vaddr=3fc94500 size=03764h ( 14180) load
[17:55:38] I (126) esp_image: segment 2: paddr=00026b70 vaddr=40374000 size=094a8h ( 38056) load
[17:55:38] I (134) esp_image: segment 3: paddr=00030020 vaddr=42000020 size=3c574h (247156) map
[17:55:38] I (173) esp_image: segment 4: paddr=0006c59c vaddr=4037d4a8 size=06fb4h ( 28596) load
[17:55:38] I (179) esp_image: segment 5: paddr=00073558 vaddr=50000000 size=00024h (    36) load
[17:55:38] I (186) boot: Loaded app from partition at offset 0x10000
[17:55:38] I (186) boot: Disabling RNG early entropy source...
[17:55:38] I (198) octal_psram: vendor id    : 0x0d (AP)
[17:55:38] I (198) octal_psram: dev id       : 0x02 (generation 3)
[17:55:38] I (198) octal_psram: density      : 0x03 (64 Mbit)
[17:55:38] I (200) octal_psram: good-die     : 0x01 (Pass)
[17:55:38] I (205) octal_psram: Latency      : 0x01 (Fixed)
[17:55:38] I (209) octal_psram: VCC          : 0x01 (3V)
[17:55:38] I (213) octal_psram: SRF          : 0x01 (Fast Refresh)
[17:55:38] I (218) octal_psram: BurstType    : 0x01 (Hybrid Wrap)
[17:55:38] I (223) octal_psram: BurstLen     : 0x01 (32 Byte)
[17:55:38] I (227) octal_psram: Readlatency  : 0x02 (10 cycles@Fixed)
[17:55:38] I (233) octal_psram: DriveStrength: 0x00 (1/1)
[17:55:38] I (237) MSPI Timing: Enter psram timing tuning
[17:55:38] I (242) esp_psram: Found 8MB PSRAM device
[17:55:38] I (245) esp_psram: Speed: 80MHz
[17:55:38] I (248) cpu_start: Multicore app
[17:55:38] I (664) esp_psram: SPI SRAM memory test OK
[17:55:38] I (672) cpu_start: GPIO 44 and 43 are used as console UART I/O pins
[17:55:38] I (672) cpu_start: Pro cpu start user code
[17:55:38] I (672) cpu_start: cpu freq: 240000000 Hz
[17:55:38] I (674) app_init: Application information:
[17:55:38] I (678) app_init: Project name:     tinydraw_esp32
[17:55:38] I (682) app_init: App version:      f20c201-dirty
[17:55:38] I (687) app_init: Compile time:     Aug 14 2026 17:53:17
[17:55:38] I (692) app_init: ELF file SHA256:  255ccc852...
[17:55:38] I (696) app_init: ESP-IDF:          v6.0.2
[17:55:38] I (700) efuse_init: Min chip rev:     v0.0
[17:55:38] I (704) efuse_init: Max chip rev:     v0.99 
[17:55:38] I (708) efuse_init: Chip rev:         v0.2
[17:55:38] I (712) heap_init: Initializing. RAM available for dynamic allocation:
[17:55:38] I (718) heap_init: At 3FC99090 len 00050680 (321 KiB): RAM
[17:55:38] I (723) heap_init: At 3FCE9710 len 00005724 (21 KiB): RAM
[17:55:38] I (728) heap_init: At 3FCF0000 len 00008000 (32 KiB): DRAM
[17:55:38] I (733) heap_init: At 600FE000 len 00001FE8 (7 KiB): RTCRAM
[17:55:38] I (739) esp_psram: Adding pool of 8192K of PSRAM memory to heap allocator
[17:55:38] I (746) spi_flash: detected chip: generic
[17:55:38] I (749) spi_flash: flash io: qio
[17:55:38] I (752) sleep_gpio: Configure to isolate all GPIO pins in sleep state
[17:55:38] I (758) sleep_gpio: Enable automatic switching of GPIO sleep configuration
[17:55:38] I (765) main_task: Started on CPU0
[17:55:38] I (768) main_task: Calling app_main()
[17:55:38] TINYDRAW_PANEL_HARD_RESET=1
[17:55:38] I (965) co5300: version: 2.1.0
[17:55:38] I (966) co5300_spi: LCD panel create success, version: 2.1.0
[17:55:38] W (1046) co5300_spi: The 3Ah command has been used and will be overwritten by external initialization sequence
[17:55:38] I (1147) CST816S: IC id: 183
[17:55:39] TINYDRAW_LIVE_PRESENT kind=startup zoom=25 x=0 y=0 compose_us=35230 scroll_us=0 exposed_compose_us=0 chrome_us=0 read_submit_us=0 read_complete_us=0 transfer_wait_us=19637 tile_pixels=0 uniform_pixels=0 overview_pixels=164864 fallback_pixels=0 resident_tiles=0 fallback_tiles=0 pushes=21 tear_wait_us=9664 tear_sync=1 frame_reused=0 pass=1
[17:55:39] TINYDRAW_LIVE_STRESS operations=1000 samples=20000 total_us=433859 average_us=433 maximum_us=888 free_psram=2515208 largest_psram=2490368
[17:55:39] TINYDRAW_LIVE_PRESENT kind=gate_fallback zoom=100 x=0 y=0 compose_us=24615 scroll_us=0 exposed_compose_us=0 chrome_us=0 read_submit_us=31083 read_complete_us=31886 transfer_wait_us=19959 tile_pixels=0 uniform_pixels=0 overview_pixels=0 fallback_pixels=164864 resident_tiles=0 fallback_tiles=42 pushes=21 tear_wait_us=5551 tear_sync=1 frame_reused=0 pass=1
[17:55:39] TINYDRAW_GATE1_HARD zoom=100 cold=1 operations=1000 samples=20000 steps=192 tiles=42 scanned=12000 rendered=1659 max_supertask_us=9329 presentation_us=63087 total_us=268097 pass=1
[17:55:39] TINYDRAW_LIVE_PRESENT kind=gate_fallback zoom=400 x=0 y=0 compose_us=24106 scroll_us=0 exposed_compose_us=0 chrome_us=0 read_submit_us=38524 read_complete_us=39323 transfer_wait_us=19731 tile_pixels=0 uniform_pixels=0 overview_pixels=0 fallback_pixels=164864 resident_tiles=0 fallback_tiles=42 pushes=21 tear_wait_us=13553 tear_sync=1 frame_reused=0 pass=1
[17:55:40] TINYDRAW_GATE1_HARD zoom=400 cold=1 operations=1000 samples=20000 steps=196 tiles=42 scanned=12000 rendered=120 max_supertask_us=8698 presentation_us=60539 total_us=199539 pass=1
[17:55:40] TINYDRAW_OVERLAP_WORKLOAD operations=8 samples=1200 radius_world=80
[17:55:41] TINYDRAW_GATE1_PACED_COLD corpus=overlap zoom=50 x=215 y=255 steps=334 tiles=56 compute_us=377884 present_us=78614 touch_us=600 pacing_us=10964 wall_us=468062 max_tick_us=10618 touch_samples=2164 touch_interval_max_us=1893 touch_read_max_us=619 touch_events=0 touch_down=0 touch_up=0 touch_events_ge_8ms=0 touch_event_age_max_us=0 touch_errors=0 touch_overflows=0 pass=1
[17:55:41] TINYDRAW_GATE1_PACED_COLD corpus=overlap zoom=100 x=583 y=703 steps=172 tiles=48 compute_us=233694 present_us=74518 touch_us=396 pacing_us=6364 wall_us=314972 max_tick_us=9604 touch_samples=386 touch_interval_max_us=1160 touch_read_max_us=425 touch_events=0 touch_down=0 touch_up=0 touch_events_ge_8ms=0 touch_event_age_max_us=0 touch_errors=0 touch_overflows=0 pass=1
[17:55:41] TINYDRAW_GATE1_PACED_COLD corpus=overlap zoom=200 x=1319 y=1599 steps=128 tiles=56 compute_us=234466 present_us=73977 touch_us=387 pacing_us=6142 wall_us=314972 max_tick_us=9667 touch_samples=387 touch_interval_max_us=1126 touch_read_max_us=414 touch_events=0 touch_down=0 touch_up=0 touch_events_ge_8ms=0 touch_event_age_max_us=0 touch_errors=0 touch_overflows=0 pass=1
[17:55:42] TINYDRAW_GATE1_PACED_COLD corpus=overlap zoom=400 x=2791 y=3391 steps=94 tiles=56 compute_us=219544 present_us=73885 touch_us=357 pacing_us=5185 wall_us=298971 max_tick_us=9847 touch_samples=372 touch_interval_max_us=1525 touch_read_max_us=475 touch_events=0 touch_down=0 touch_up=0 touch_events_ge_8ms=0 touch_event_age_max_us=0 touch_errors=0 touch_overflows=0 pass=1
[17:55:42] TINYDRAW_ADVERSARIAL_TAPERED_WORKLOAD operations=128 samples=4096 erasers=12 load_us=218197 appended=1
[17:55:42] TINYDRAW_GATE1_PACED_COLD corpus=adversarial_tapered_4x zoom=50 x=0 y=0 steps=104 tiles=42 compute_us=98781 present_us=55813 touch_us=253 pacing_us=6123 wall_us=160970 max_tick_us=6789 touch_samples=501 touch_interval_max_us=1140 touch_read_max_us=425 touch_events=0 touch_down=0 touch_up=0 touch_events_ge_8ms=0 touch_event_age_max_us=0 touch_errors=0 touch_overflows=0 pass=1
[17:55:43] TINYDRAW_GATE1_PACED_COLD corpus=adversarial_tapered_4x zoom=100 x=0 y=0 steps=348 tiles=42 compute_us=164975 present_us=55645 touch_us=387 pacing_us=5965 wall_us=226972 max_tick_us=7591 touch_samples=302 touch_interval_max_us=1170 touch_read_max_us=424 touch_events=0 touch_down=0 touch_up=0 touch_events_ge_8ms=0 touch_event_age_max_us=0 touch_errors=0 touch_overflows=0 pass=1
[17:55:44] TINYDRAW_GATE1_PACED_COLD corpus=adversarial_tapered_4x zoom=200 x=0 y=0 steps=1214 tiles=42 compute_us=461036 present_us=57441 touch_us=922 pacing_us=18573 wall_us=537972 max_tick_us=10228 touch_samples=614 touch_interval_max_us=1142 touch_read_max_us=404 touch_events=0 touch_down=0 touch_up=0 touch_events_ge_8ms=0 touch_event_age_max_us=0 touch_errors=0 touch_overflows=0 pass=1
[17:55:44] TINYDRAW_GATE1_PACED_COLD corpus=adversarial_tapered_4x zoom=400 x=0 y=0 steps=904 tiles=42 compute_us=567669 present_us=61168 touch_us=977 pacing_us=15482 wall_us=645296 max_tick_us=9533 touch_samples=729 touch_interval_max_us=1135 touch_read_max_us=418 touch_events=0 touch_down=0 touch_up=0 touch_events_ge_8ms=0 touch_event_age_max_us=0 touch_errors=0 touch_overflows=0 pass=1
[17:55:45] TINYDRAW_GATE1_WORKLOAD kind=realistic seed=7 operations=1000 samples=19844 maximum_stroke=198 load_us=357685 raw_source=1 lod_copies=0
[17:55:45] TINYDRAW_GATE1_PACED_COLD corpus=seed7 zoom=400 x=63 y=63 steps=281 tiles=56 compute_us=275030 present_us=77976 touch_us=388 pacing_us=8577 wall_us=361971 max_tick_us=12612 touch_samples=910 touch_interval_max_us=1954 touch_read_max_us=509 touch_events=0 touch_down=0 touch_up=0 touch_events_ge_8ms=0 touch_event_age_max_us=0 touch_errors=0 touch_overflows=0 pass=1
[17:55:47] TINYDRAW_LIVE_PRESENT kind=gate_fallback zoom=100 x=0 y=0 compose_us=24852 scroll_us=0 exposed_compose_us=0 chrome_us=0 read_submit_us=33993 read_complete_us=34793 transfer_wait_us=19809 tile_pixels=0 uniform_pixels=0 overview_pixels=0 fallback_pixels=164864 resident_tiles=0 fallback_tiles=42 pushes=21 tear_wait_us=8250 tear_sync=1 frame_reused=0 pass=1
[17:55:47] TINYDRAW_GATE1_HARD zoom=100 cold=1 operations=1000 samples=19844 steps=275 tiles=42 scanned=12000 rendered=5232 max_supertask_us=9492 presentation_us=63017 total_us=376792 pass=1
[17:55:47] TINYDRAW_GATE1_PAN zoom=100 from_x=0 from_y=0 to_x=88 to_y=88 compose_us=27242 scroll_us=11395 exposed_compose_us=15847 chrome_us=0 event_submit_us=30822 event_complete_us=31623 transfer_us=20136 setup=1 present=1 moved=1 frame_reused=1 pass=1
[17:55:47] TINYDRAW_LIVE_PRESENT kind=gate_fallback zoom=400 x=0 y=0 compose_us=24130 scroll_us=0 exposed_compose_us=0 chrome_us=0 read_submit_us=36716 read_complete_us=37516 transfer_wait_us=19740 tile_pixels=0 uniform_pixels=0 overview_pixels=0 fallback_pixels=164864 resident_tiles=0 fallback_tiles=42 pushes=21 tear_wait_us=11686 tear_sync=1 frame_reused=0 pass=1
[17:55:47] TINYDRAW_GATE1_HARD zoom=400 cold=1 operations=1000 samples=19844 steps=211 tiles=42 scanned=12000 rendered=591 max_supertask_us=11150 presentation_us=62169 total_us=261467 pass=1
[17:55:47] TINYDRAW_GATE1_PAN zoom=400 from_x=0 from_y=0 to_x=88 to_y=88 compose_us=27144 scroll_us=11401 exposed_compose_us=15743 chrome_us=0 event_submit_us=30581 event_complete_us=31382 transfer_us=20376 setup=1 present=1 moved=1 frame_reused=1 pass=1
[17:55:47] TINYDRAW_GATE1_DRAW_FILL zoom=400 revision=2140 append_us=1172 poll_gap_us=88 event_submit_us=2316 event_complete_us=2492 max_compute_slice_us=4954 max_display_slice_us=11137 fill_us=256324 revision_restarted=1 pass=1
=== RUN 9 ===
[17:55:48] ESP-ROM:esp32s3-20210327
[17:55:48] Build:Mar 27 2021
[17:55:48] rst:0x15 (USB_UART_CHIP_RESET),boot:0x2b (SPI_FAST_FLASH_BOOT)
[17:55:48] Saved PC:0x4201ea48
[17:55:48] SPIWP:0xee
[17:55:48] mode:DIO, clock div:1
[17:55:48] load:0x3fce2820,len:0x1664
[17:55:48] load:0x403c8700,len:0xf38
[17:55:48] load:0x403cb700,len:0x31e8
[17:55:48] entry 0x403c8930
[17:55:48] I (24) boot: ESP-IDF v6.0.2 2nd stage bootloader
[17:55:48] I (24) boot: compile time Aug 14 2026 17:53:22
[17:55:48] I (25) boot: Multicore bootloader
[17:55:48] I (25) boot: chip revision: v0.2
[17:55:48] I (28) boot: efuse block revision: v1.3
[17:55:48] I (31) qio_mode: Enabling default flash chip QIO
[17:55:48] I (36) boot.esp32s3: Boot SPI Speed : 80MHz
[17:55:48] I (39) boot.esp32s3: SPI Mode       : QIO
[17:55:48] I (43) boot.esp32s3: SPI Flash Size : 16MB
[17:55:48] I (47) boot: Enabling RNG early entropy source...
[17:55:48] I (51) boot: Partition Table:
[17:55:48] I (54) boot: ## Label            Usage          Type ST Offset   Length
[17:55:48] I (60) boot:  0 nvs              WiFi data        01 02 00009000 00006000
[17:55:48] I (67) boot:  1 phy_init         RF data          01 01 0000f000 00001000
[17:55:48] I (73) boot:  2 factory          factory app      00 00 00010000 00100000
[17:55:48] I (80) boot:  3 drawing          Unknown data     01 40 00110000 00300000
[17:55:48] I (86) boot:  4 export           Unknown data     01 41 00410000 00500000
[17:55:48] I (93) boot:  5 coredump         Unknown data     01 03 00910000 00010000
[17:55:48] I (100) boot: End of partition table
[17:55:48] I (103) esp_image: segment 0: paddr=00010020 vaddr=3c040020 size=133dch ( 78812) map
[17:55:48] I (123) esp_image: segment 1: paddr=00023404 vaddr=3fc94500 size=03764h ( 14180) load
[17:55:48] I (126) esp_image: segment 2: paddr=00026b70 vaddr=40374000 size=094a8h ( 38056) load
[17:55:48] I (134) esp_image: segment 3: paddr=00030020 vaddr=42000020 size=3c574h (247156) map
[17:55:48] I (173) esp_image: segment 4: paddr=0006c59c vaddr=4037d4a8 size=06fb4h ( 28596) load
[17:55:48] I (179) esp_image: segment 5: paddr=00073558 vaddr=50000000 size=00024h (    36) load
[17:55:48] I (186) boot: Loaded app from partition at offset 0x10000
[17:55:48] I (186) boot: Disabling RNG early entropy source...
[17:55:48] I (198) octal_psram: vendor id    : 0x0d (AP)
[17:55:48] I (198) octal_psram: dev id       : 0x02 (generation 3)
[17:55:48] I (198) octal_psram: density      : 0x03 (64 Mbit)
[17:55:48] I (200) octal_psram: good-die     : 0x01 (Pass)
[17:55:48] I (205) octal_psram: Latency      : 0x01 (Fixed)
[17:55:48] I (209) octal_psram: VCC          : 0x01 (3V)
[17:55:48] I (213) octal_psram: SRF          : 0x01 (Fast Refresh)
[17:55:48] I (218) octal_psram: BurstType    : 0x01 (Hybrid Wrap)
[17:55:48] I (223) octal_psram: BurstLen     : 0x01 (32 Byte)
[17:55:48] I (227) octal_psram: Readlatency  : 0x02 (10 cycles@Fixed)
[17:55:48] I (233) octal_psram: DriveStrength: 0x00 (1/1)
[17:55:48] I (237) MSPI Timing: Enter psram timing tuning
[17:55:48] I (242) esp_psram: Found 8MB PSRAM device
[17:55:48] I (245) esp_psram: Speed: 80MHz
[17:55:48] I (248) cpu_start: Multicore app
[17:55:49] I (664) esp_psram: SPI SRAM memory test OK
[17:55:49] I (672) cpu_start: GPIO 44 and 43 are used as console UART I/O pins
[17:55:49] I (672) cpu_start: Pro cpu start user code
[17:55:49] I (672) cpu_start: cpu freq: 240000000 Hz
[17:55:49] I (674) app_init: Application information:
[17:55:49] I (678) app_init: Project name:     tinydraw_esp32
[17:55:49] I (682) app_init: App version:      f20c201-dirty
[17:55:49] I (687) app_init: Compile time:     Aug 14 2026 17:53:17
[17:55:49] I (692) app_init: ELF file SHA256:  255ccc852...
[17:55:49] I (696) app_init: ESP-IDF:          v6.0.2
[17:55:49] I (700) efuse_init: Min chip rev:     v0.0
[17:55:49] I (704) efuse_init: Max chip rev:     v0.99 
[17:55:49] I (708) efuse_init: Chip rev:         v0.2
[17:55:49] I (712) heap_init: Initializing. RAM available for dynamic allocation:
[17:55:49] I (718) heap_init: At 3FC99090 len 00050680 (321 KiB): RAM
[17:55:49] I (723) heap_init: At 3FCE9710 len 00005724 (21 KiB): RAM
[17:55:49] I (728) heap_init: At 3FCF0000 len 00008000 (32 KiB): DRAM
[17:55:49] I (733) heap_init: At 600FE000 len 00001FE8 (7 KiB): RTCRAM
[17:55:49] I (739) esp_psram: Adding pool of 8192K of PSRAM memory to heap allocator
[17:55:49] I (746) spi_flash: detected chip: generic
[17:55:49] I (749) spi_flash: flash io: qio
[17:55:49] I (752) sleep_gpio: Configure to isolate all GPIO pins in sleep state
[17:55:49] I (758) sleep_gpio: Enable automatic switching of GPIO sleep configuration
[17:55:49] I (765) main_task: Started on CPU0
[17:55:49] I (768) main_task: Calling app_main()
[17:55:49] TINYDRAW_PANEL_HARD_RESET=1
[17:55:49] I (965) co5300: version: 2.1.0
[17:55:49] I (966) co5300_spi: LCD panel create success, version: 2.1.0
[17:55:49] W (1046) co5300_spi: The 3Ah command has been used and will be overwritten by external initialization sequence
[17:55:49] I (1147) CST816S: IC id: 183
[17:55:49] TINYDRAW_LIVE_PRESENT kind=startup zoom=25 x=0 y=0 compose_us=35230 scroll_us=0 exposed_compose_us=0 chrome_us=0 read_submit_us=0 read_complete_us=0 transfer_wait_us=19629 tile_pixels=0 uniform_pixels=0 overview_pixels=164864 fallback_pixels=0 resident_tiles=0 fallback_tiles=0 pushes=21 tear_wait_us=9672 tear_sync=1 frame_reused=0 pass=1
[17:55:50] TINYDRAW_LIVE_STRESS operations=1000 samples=20000 total_us=433833 average_us=433 maximum_us=888 free_psram=2515208 largest_psram=2490368
[17:55:50] TINYDRAW_LIVE_PRESENT kind=gate_fallback zoom=100 x=0 y=0 compose_us=24657 scroll_us=0 exposed_compose_us=0 chrome_us=0 read_submit_us=31373 read_complete_us=32172 transfer_wait_us=19713 tile_pixels=0 uniform_pixels=0 overview_pixels=0 fallback_pixels=164864 resident_tiles=0 fallback_tiles=42 pushes=21 tear_wait_us=5844 tear_sync=1 frame_reused=0 pass=1
[17:55:50] TINYDRAW_GATE1_HARD zoom=100 cold=1 operations=1000 samples=20000 steps=192 tiles=42 scanned=12000 rendered=1659 max_supertask_us=9323 presentation_us=62916 total_us=268164 pass=1
[17:55:50] TINYDRAW_LIVE_PRESENT kind=gate_fallback zoom=400 x=0 y=0 compose_us=24065 scroll_us=0 exposed_compose_us=0 chrome_us=0 read_submit_us=38976 read_complete_us=39776 transfer_wait_us=20202 tile_pixels=0 uniform_pixels=0 overview_pixels=0 fallback_pixels=164864 resident_tiles=0 fallback_tiles=42 pushes=21 tear_wait_us=14046 tear_sync=1 frame_reused=0 pass=1
[17:55:50] TINYDRAW_GATE1_HARD zoom=400 cold=1 operations=1000 samples=20000 steps=196 tiles=42 scanned=12000 rendered=120 max_supertask_us=8694 presentation_us=60618 total_us=199540 pass=1
[17:55:51] TINYDRAW_OVERLAP_WORKLOAD operations=8 samples=1200 radius_world=80
[17:55:51] TINYDRAW_GATE1_PACED_COLD corpus=overlap zoom=50 x=215 y=255 steps=334 tiles=56 compute_us=378319 present_us=77548 touch_us=580 pacing_us=8587 wall_us=465034 max_tick_us=10629 touch_samples=2161 touch_interval_max_us=1917 touch_read_max_us=619 touch_events=0 touch_down=0 touch_up=0 touch_events_ge_8ms=0 touch_event_age_max_us=0 touch_errors=0 touch_overflows=0 pass=1
[17:55:52] TINYDRAW_GATE1_PACED_COLD corpus=overlap zoom=100 x=583 y=703 steps=172 tiles=48 compute_us=233585 present_us=74570 touch_us=391 pacing_us=6426 wall_us=314972 max_tick_us=9592 touch_samples=388 touch_interval_max_us=1155 touch_read_max_us=420 touch_events=0 touch_down=0 touch_up=0 touch_events_ge_8ms=0 touch_event_age_max_us=0 touch_errors=0 touch_overflows=0 pass=1
[17:55:52] TINYDRAW_GATE1_PACED_COLD corpus=overlap zoom=200 x=1319 y=1599 steps=128 tiles=56 compute_us=234748 present_us=74003 touch_us=367 pacing_us=5854 wall_us=314972 max_tick_us=9707 touch_samples=387 touch_interval_max_us=1114 touch_read_max_us=407 touch_events=0 touch_down=0 touch_up=0 touch_events_ge_8ms=0 touch_event_age_max_us=0 touch_errors=0 touch_overflows=0 pass=1
[17:55:52] TINYDRAW_GATE1_PACED_COLD corpus=overlap zoom=400 x=2791 y=3391 steps=94 tiles=56 compute_us=219447 present_us=73980 touch_us=339 pacing_us=6206 wall_us=299972 max_tick_us=9844 touch_samples=371 touch_interval_max_us=1874 touch_read_max_us=488 touch_events=0 touch_down=0 touch_up=0 touch_events_ge_8ms=0 touch_event_age_max_us=0 touch_errors=0 touch_overflows=0 pass=1
[17:55:53] TINYDRAW_ADVERSARIAL_TAPERED_WORKLOAD operations=128 samples=4096 erasers=12 load_us=217677 appended=1
[17:55:53] TINYDRAW_GATE1_PACED_COLD corpus=adversarial_tapered_4x zoom=50 x=0 y=0 steps=104 tiles=42 compute_us=98657 present_us=55781 touch_us=263 pacing_us=6270 wall_us=160971 max_tick_us=6785 touch_samples=500 touch_interval_max_us=1138 touch_read_max_us=409 touch_events=0 touch_down=0 touch_up=0 touch_events_ge_8ms=0 touch_event_age_max_us=0 touch_errors=0 touch_overflows=0 pass=1
[17:55:53] TINYDRAW_GATE1_PACED_COLD corpus=adversarial_tapered_4x zoom=100 x=0 y=0 steps=348 tiles=42 compute_us=164926 present_us=55637 touch_us=392 pacing_us=9017 wall_us=229972 max_tick_us=9782 touch_samples=305 touch_interval_max_us=1166 touch_read_max_us=426 touch_events=0 touch_down=0 touch_up=0 touch_events_ge_8ms=0 touch_event_age_max_us=0 touch_errors=0 touch_overflows=0 pass=1
[17:55:54] TINYDRAW_GATE1_PACED_COLD corpus=adversarial_tapered_4x zoom=200 x=0 y=0 steps=1214 tiles=42 compute_us=461339 present_us=57398 touch_us=887 pacing_us=19348 wall_us=538972 max_tick_us=8726 touch_samples=611 touch_interval_max_us=1136 touch_read_max_us=421 touch_events=0 touch_down=0 touch_up=0 touch_events_ge_8ms=0 touch_event_age_max_us=0 touch_errors=0 touch_overflows=0 pass=1
[17:55:55] TINYDRAW_GATE1_PACED_COLD corpus=adversarial_tapered_4x zoom=400 x=0 y=0 steps=904 tiles=42 compute_us=567728 present_us=61325 touch_us=969 pacing_us=15331 wall_us=645353 max_tick_us=9852 touch_samples=729 touch_interval_max_us=1151 touch_read_max_us=426 touch_events=0 touch_down=0 touch_up=0 touch_events_ge_8ms=0 touch_event_age_max_us=0 touch_errors=0 touch_overflows=0 pass=1
[17:55:55] TINYDRAW_GATE1_WORKLOAD kind=realistic seed=7 operations=1000 samples=19844 maximum_stroke=198 load_us=357559 raw_source=1 lod_copies=0
[17:55:55] TINYDRAW_GATE1_PACED_COLD corpus=seed7 zoom=400 x=63 y=63 steps=281 tiles=56 compute_us=274802 present_us=78140 touch_us=382 pacing_us=8646 wall_us=361970 max_tick_us=12592 touch_samples=910 touch_interval_max_us=1958 touch_read_max_us=487 touch_events=0 touch_down=0 touch_up=0 touch_events_ge_8ms=0 touch_event_age_max_us=0 touch_errors=0 touch_overflows=0 pass=1
[17:55:58] TINYDRAW_LIVE_PRESENT kind=gate_fallback zoom=100 x=0 y=0 compose_us=24832 scroll_us=0 exposed_compose_us=0 chrome_us=0 read_submit_us=34067 read_complete_us=34867 transfer_wait_us=19736 tile_pixels=0 uniform_pixels=0 overview_pixels=0 fallback_pixels=164864 resident_tiles=0 fallback_tiles=42 pushes=21 tear_wait_us=8352 tear_sync=1 frame_reused=0 pass=1
[17:55:58] TINYDRAW_GATE1_HARD zoom=100 cold=1 operations=1000 samples=19844 steps=275 tiles=42 scanned=12000 rendered=5232 max_supertask_us=9498 presentation_us=62146 total_us=375872 pass=1
[17:55:58] TINYDRAW_GATE1_PAN zoom=100 from_x=0 from_y=0 to_x=88 to_y=88 compose_us=27241 scroll_us=11388 exposed_compose_us=15853 chrome_us=0 event_submit_us=30923 event_complete_us=31726 transfer_us=20027 setup=1 present=1 moved=1 frame_reused=1 pass=1
[17:55:58] TINYDRAW_LIVE_PRESENT kind=gate_fallback zoom=400 x=0 y=0 compose_us=24135 scroll_us=0 exposed_compose_us=0 chrome_us=0 read_submit_us=36781 read_complete_us=37582 transfer_wait_us=19671 tile_pixels=0 uniform_pixels=0 overview_pixels=0 fallback_pixels=164864 resident_tiles=0 fallback_tiles=42 pushes=21 tear_wait_us=11799 tear_sync=1 frame_reused=0 pass=1
[17:55:58] TINYDRAW_GATE1_HARD zoom=400 cold=1 operations=1000 samples=19844 steps=211 tiles=42 scanned=12000 rendered=591 max_supertask_us=11108 presentation_us=62439 total_us=261382 pass=1
[17:55:58] TINYDRAW_GATE1_PAN zoom=400 from_x=0 from_y=0 to_x=88 to_y=88 compose_us=27162 scroll_us=11379 exposed_compose_us=15783 chrome_us=0 event_submit_us=29912 event_complete_us=30715 transfer_us=20043 setup=1 present=1 moved=1 frame_reused=1 pass=1
[17:55:58] TINYDRAW_GATE1_DRAW_FILL zoom=400 revision=2140 append_us=1184 poll_gap_us=88 event_submit_us=2324 event_complete_us=2495 max_compute_slice_us=4935 max_display_slice_us=11036 fill_us=257427 revision_restarted=1 pass=1
=== RUN 10 ===
[17:55:59] ESP-ROM:esp32s3-20210327
[17:55:59] Build:Mar 27 2021
[17:55:59] rst:0x15 (USB_UART_CHIP_RESET),boot:0x2b (SPI_FAST_FLASH_BOOT)
[17:55:59] Saved PC:0x4201e2ac
[17:55:59] SPIWP:0xee
[17:55:59] mode:DIO, clock div:1
[17:55:59] load:0x3fce2820,len:0x1664
[17:55:59] load:0x403c8700,len:0xf38
[17:55:59] load:0x403cb700,len:0x31e8
[17:55:59] entry 0x403c8930
[17:55:59] I (24) boot: ESP-IDF v6.0.2 2nd stage bootloader
[17:55:59] I (24) boot: compile time Aug 14 2026 17:53:22
[17:55:59] I (25) boot: Multicore bootloader
[17:55:59] I (25) boot: chip revision: v0.2
[17:55:59] I (28) boot: efuse block revision: v1.3
[17:55:59] I (31) qio_mode: Enabling default flash chip QIO
[17:55:59] I (36) boot.esp32s3: Boot SPI Speed : 80MHz
[17:55:59] I (39) boot.esp32s3: SPI Mode       : QIO
[17:55:59] I (43) boot.esp32s3: SPI Flash Size : 16MB
[17:55:59] I (47) boot: Enabling RNG early entropy source...
[17:55:59] I (51) boot: Partition Table:
[17:55:59] I (54) boot: ## Label            Usage          Type ST Offset   Length
[17:55:59] I (60) boot:  0 nvs              WiFi data        01 02 00009000 00006000
[17:55:59] I (67) boot:  1 phy_init         RF data          01 01 0000f000 00001000
[17:55:59] I (73) boot:  2 factory          factory app      00 00 00010000 00100000
[17:55:59] I (80) boot:  3 drawing          Unknown data     01 40 00110000 00300000
[17:55:59] I (86) boot:  4 export           Unknown data     01 41 00410000 00500000
[17:55:59] I (93) boot:  5 coredump         Unknown data     01 03 00910000 00010000
[17:55:59] I (100) boot: End of partition table
[17:55:59] I (103) esp_image: segment 0: paddr=00010020 vaddr=3c040020 size=133dch ( 78812) map
[17:55:59] I (123) esp_image: segment 1: paddr=00023404 vaddr=3fc94500 size=03764h ( 14180) load
[17:55:59] I (126) esp_image: segment 2: paddr=00026b70 vaddr=40374000 size=094a8h ( 38056) load
[17:55:59] I (134) esp_image: segment 3: paddr=00030020 vaddr=42000020 size=3c574h (247156) map
[17:55:59] I (173) esp_image: segment 4: paddr=0006c59c vaddr=4037d4a8 size=06fb4h ( 28596) load
[17:55:59] I (179) esp_image: segment 5: paddr=00073558 vaddr=50000000 size=00024h (    36) load
[17:55:59] I (186) boot: Loaded app from partition at offset 0x10000
[17:55:59] I (186) boot: Disabling RNG early entropy source...
[17:55:59] I (198) octal_psram: vendor id    : 0x0d (AP)
[17:55:59] I (198) octal_psram: dev id       : 0x02 (generation 3)
[17:55:59] I (198) octal_psram: density      : 0x03 (64 Mbit)
[17:55:59] I (200) octal_psram: good-die     : 0x01 (Pass)
[17:55:59] I (205) octal_psram: Latency      : 0x01 (Fixed)
[17:55:59] I (209) octal_psram: VCC          : 0x01 (3V)
[17:55:59] I (213) octal_psram: SRF          : 0x01 (Fast Refresh)
[17:55:59] I (218) octal_psram: BurstType    : 0x01 (Hybrid Wrap)
[17:55:59] I (223) octal_psram: BurstLen     : 0x01 (32 Byte)
[17:55:59] I (227) octal_psram: Readlatency  : 0x02 (10 cycles@Fixed)
[17:55:59] I (233) octal_psram: DriveStrength: 0x00 (1/1)
[17:55:59] I (237) MSPI Timing: Enter psram timing tuning
[17:55:59] I (242) esp_psram: Found 8MB PSRAM device
[17:55:59] I (245) esp_psram: Speed: 80MHz
[17:55:59] I (248) cpu_start: Multicore app
[17:55:59] I (664) esp_psram: SPI SRAM memory test OK
[17:55:59] I (672) cpu_start: GPIO 44 and 43 are used as console UART I/O pins
[17:55:59] I (672) cpu_start: Pro cpu start user code
[17:55:59] I (672) cpu_start: cpu freq: 240000000 Hz
[17:55:59] I (674) app_init: Application information:
[17:55:59] I (678) app_init: Project name:     tinydraw_esp32
[17:55:59] I (682) app_init: App version:      f20c201-dirty
[17:55:59] I (687) app_init: Compile time:     Aug 14 2026 17:53:17
[17:55:59] I (692) app_init: ELF file SHA256:  255ccc852...
[17:55:59] I (696) app_init: ESP-IDF:          v6.0.2
[17:55:59] I (700) efuse_init: Min chip rev:     v0.0
[17:55:59] I (704) efuse_init: Max chip rev:     v0.99 
[17:56:00] I (708) efuse_init: Chip rev:         v0.2
[17:56:00] I (712) heap_init: Initializing. RAM available for dynamic allocation:
[17:56:00] I (718) heap_init: At 3FC99090 len 00050680 (321 KiB): RAM
[17:56:00] I (723) heap_init: At 3FCE9710 len 00005724 (21 KiB): RAM
[17:56:00] I (728) heap_init: At 3FCF0000 len 00008000 (32 KiB): DRAM
[17:56:00] I (733) heap_init: At 600FE000 len 00001FE8 (7 KiB): RTCRAM
[17:56:00] I (739) esp_psram: Adding pool of 8192K of PSRAM memory to heap allocator
[17:56:00] I (746) spi_flash: detected chip: generic
[17:56:00] I (749) spi_flash: flash io: qio
[17:56:00] I (752) sleep_gpio: Configure to isolate all GPIO pins in sleep state
[17:56:00] I (758) sleep_gpio: Enable automatic switching of GPIO sleep configuration
[17:56:00] I (765) main_task: Started on CPU0
[17:56:00] I (768) main_task: Calling app_main()
[17:56:00] TINYDRAW_PANEL_HARD_RESET=1
[17:56:00] I (965) co5300: version: 2.1.0
[17:56:00] I (966) co5300_spi: LCD panel create success, version: 2.1.0
[17:56:00] W (1046) co5300_spi: The 3Ah command has been used and will be overwritten by external initialization sequence
[17:56:00] I (1147) CST816S: IC id: 183
[17:56:00] TINYDRAW_LIVE_PRESENT kind=startup zoom=25 x=0 y=0 compose_us=35230 scroll_us=0 exposed_compose_us=0 chrome_us=0 read_submit_us=0 read_complete_us=0 transfer_wait_us=19541 tile_pixels=0 uniform_pixels=0 overview_pixels=164864 fallback_pixels=0 resident_tiles=0 fallback_tiles=0 pushes=21 tear_wait_us=9766 tear_sync=1 frame_reused=0 pass=1
[17:56:00] TINYDRAW_LIVE_STRESS operations=1000 samples=20000 total_us=434662 average_us=434 maximum_us=892 free_psram=2515208 largest_psram=2490368
[17:56:01] TINYDRAW_LIVE_PRESENT kind=gate_fallback zoom=100 x=0 y=0 compose_us=24500 scroll_us=0 exposed_compose_us=0 chrome_us=0 read_submit_us=30605 read_complete_us=31405 transfer_wait_us=19571 tile_pixels=0 uniform_pixels=0 overview_pixels=0 fallback_pixels=164864 resident_tiles=0 fallback_tiles=42 pushes=21 tear_wait_us=5269 tear_sync=1 frame_reused=0 pass=1
[17:56:01] TINYDRAW_GATE1_HARD zoom=100 cold=1 operations=1000 samples=20000 steps=192 tiles=42 scanned=12000 rendered=1659 max_supertask_us=9322 presentation_us=63090 total_us=268216 pass=1
[17:56:01] TINYDRAW_LIVE_PRESENT kind=gate_fallback zoom=400 x=0 y=0 compose_us=24010 scroll_us=0 exposed_compose_us=0 chrome_us=0 read_submit_us=39051 read_complete_us=39851 transfer_wait_us=20092 tile_pixels=0 uniform_pixels=0 overview_pixels=0 fallback_pixels=164864 resident_tiles=0 fallback_tiles=42 pushes=21 tear_wait_us=14137 tear_sync=1 frame_reused=0 pass=1
[17:56:01] TINYDRAW_GATE1_HARD zoom=400 cold=1 operations=1000 samples=20000 steps=196 tiles=42 scanned=12000 rendered=120 max_supertask_us=8659 presentation_us=59617 total_us=198471 pass=1
[17:56:02] TINYDRAW_OVERLAP_WORKLOAD operations=8 samples=1200 radius_world=80
[17:56:02] TINYDRAW_GATE1_PACED_COLD corpus=overlap zoom=50 x=215 y=255 steps=334 tiles=56 compute_us=377780 present_us=78569 touch_us=588 pacing_us=11114 wall_us=468051 max_tick_us=10181 touch_samples=2163 touch_interval_max_us=1920 touch_read_max_us=619 touch_events=0 touch_down=0 touch_up=0 touch_events_ge_8ms=0 touch_event_age_max_us=0 touch_errors=0 touch_overflows=0 pass=1
[17:56:02] TINYDRAW_GATE1_PACED_COLD corpus=overlap zoom=100 x=583 y=703 steps=172 tiles=48 compute_us=233833 present_us=74449 touch_us=398 pacing_us=6293 wall_us=314973 max_tick_us=9595 touch_samples=386 touch_interval_max_us=1156 touch_read_max_us=424 touch_events=0 touch_down=0 touch_up=0 touch_events_ge_8ms=0 touch_event_age_max_us=0 touch_errors=0 touch_overflows=0 pass=1
[17:56:03] TINYDRAW_GATE1_PACED_COLD corpus=overlap zoom=200 x=1319 y=1599 steps=128 tiles=56 compute_us=234622 present_us=74186 touch_us=374 pacing_us=5790 wall_us=314972 max_tick_us=9724 touch_samples=387 touch_interval_max_us=1108 touch_read_max_us=409 touch_events=0 touch_down=0 touch_up=0 touch_events_ge_8ms=0 touch_event_age_max_us=0 touch_errors=0 touch_overflows=0 pass=1
[17:56:03] TINYDRAW_GATE1_PACED_COLD corpus=overlap zoom=400 x=2791 y=3391 steps=94 tiles=56 compute_us=219490 present_us=73947 touch_us=341 pacing_us=5174 wall_us=298952 max_tick_us=9863 touch_samples=370 touch_interval_max_us=1876 touch_read_max_us=480 touch_events=0 touch_down=0 touch_up=0 touch_events_ge_8ms=0 touch_event_age_max_us=0 touch_errors=0 touch_overflows=0 pass=1
[17:56:03] TINYDRAW_ADVERSARIAL_TAPERED_WORKLOAD operations=128 samples=4096 erasers=12 load_us=217692 appended=1
[17:56:04] TINYDRAW_GATE1_PACED_COLD corpus=adversarial_tapered_4x zoom=50 x=0 y=0 steps=104 tiles=42 compute_us=98836 present_us=55765 touch_us=251 pacing_us=6120 wall_us=160972 max_tick_us=6796 touch_samples=485 touch_interval_max_us=1145 touch_read_max_us=461 touch_events=0 touch_down=0 touch_up=0 touch_events_ge_8ms=0 touch_event_age_max_us=0 touch_errors=0 touch_overflows=0 pass=1
[17:56:04] TINYDRAW_GATE1_PACED_COLD corpus=adversarial_tapered_4x zoom=100 x=0 y=0 steps=348 tiles=42 compute_us=164974 present_us=55910 touch_us=394 pacing_us=7697 wall_us=228975 max_tick_us=8440 touch_samples=303 touch_interval_max_us=1180 touch_read_max_us=448 touch_events=0 touch_down=0 touch_up=0 touch_events_ge_8ms=0 touch_event_age_max_us=0 touch_errors=0 touch_overflows=0 pass=1
[17:56:05] TINYDRAW_GATE1_PACED_COLD corpus=adversarial_tapered_4x zoom=200 x=0 y=0 steps=1214 tiles=42 compute_us=462041 present_us=57874 touch_us=948 pacing_us=17110 wall_us=537973 max_tick_us=9808 touch_samples=612 touch_interval_max_us=1162 touch_read_max_us=429 touch_events=0 touch_down=0 touch_up=0 touch_events_ge_8ms=0 touch_event_age_max_us=0 touch_errors=0 touch_overflows=0 pass=1
[17:56:05] TINYDRAW_GATE1_PACED_COLD corpus=adversarial_tapered_4x zoom=400 x=0 y=0 steps=904 tiles=42 compute_us=567620 present_us=61946 touch_us=963 pacing_us=15776 wall_us=646305 max_tick_us=9521 touch_samples=731 touch_interval_max_us=1146 touch_read_max_us=427 touch_events=0 touch_down=0 touch_up=0 touch_events_ge_8ms=0 touch_event_age_max_us=0 touch_errors=0 touch_overflows=0 pass=1
[17:56:06] TINYDRAW_GATE1_WORKLOAD kind=realistic seed=7 operations=1000 samples=19844 maximum_stroke=198 load_us=360369 raw_source=1 lod_copies=0
[17:56:06] TINYDRAW_GATE1_PACED_COLD corpus=seed7 zoom=400 x=63 y=63 steps=281 tiles=56 compute_us=275039 present_us=77924 touch_us=385 pacing_us=8623 wall_us=361971 max_tick_us=12605 touch_samples=910 touch_interval_max_us=1942 touch_read_max_us=494 touch_events=0 touch_down=0 touch_up=0 touch_events_ge_8ms=0 touch_event_age_max_us=0 touch_errors=0 touch_overflows=0 pass=1
[17:56:08] TINYDRAW_LIVE_PRESENT kind=gate_fallback zoom=100 x=0 y=0 compose_us=24853 scroll_us=0 exposed_compose_us=0 chrome_us=0 read_submit_us=34066 read_complete_us=34865 transfer_wait_us=19742 tile_pixels=0 uniform_pixels=0 overview_pixels=0 fallback_pixels=164864 resident_tiles=0 fallback_tiles=42 pushes=21 tear_wait_us=8331 tear_sync=1 frame_reused=0 pass=1
[17:56:08] TINYDRAW_GATE1_HARD zoom=100 cold=1 operations=1000 samples=19844 steps=275 tiles=42 scanned=12000 rendered=5232 max_supertask_us=9498 presentation_us=62854 total_us=376891 pass=1
[17:56:08] TINYDRAW_GATE1_PAN zoom=100 from_x=0 from_y=0 to_x=88 to_y=88 compose_us=27241 scroll_us=11390 exposed_compose_us=15851 chrome_us=0 event_submit_us=30370 event_complete_us=31175 transfer_us=19585 setup=1 present=1 moved=1 frame_reused=1 pass=1
[17:56:08] TINYDRAW_LIVE_PRESENT kind=gate_fallback zoom=400 x=0 y=0 compose_us=24138 scroll_us=0 exposed_compose_us=0 chrome_us=0 read_submit_us=37334 read_complete_us=38134 transfer_wait_us=20122 tile_pixels=0 uniform_pixels=0 overview_pixels=0 fallback_pixels=164864 resident_tiles=0 fallback_tiles=42 pushes=21 tear_wait_us=12293 tear_sync=1 frame_reused=0 pass=1
[17:56:08] TINYDRAW_GATE1_HARD zoom=400 cold=1 operations=1000 samples=19844 steps=211 tiles=42 scanned=12000 rendered=591 max_supertask_us=10980 presentation_us=62360 total_us=261424 pass=1
[17:56:08] TINYDRAW_GATE1_PAN zoom=400 from_x=0 from_y=0 to_x=88 to_y=88 compose_us=27131 scroll_us=11388 exposed_compose_us=15743 chrome_us=0 event_submit_us=30308 event_complete_us=31110 transfer_us=19646 setup=1 present=1 moved=1 frame_reused=1 pass=1
[17:56:08] TINYDRAW_GATE1_DRAW_FILL zoom=400 revision=2140 append_us=1176 poll_gap_us=88 event_submit_us=2316 event_complete_us=2492 max_compute_slice_us=4941 max_display_slice_us=10995 fill_us=255341 revision_restarted=1 pass=1
=== RUN 11 ===
[17:56:10] ESP-ROM:esp32s3-20210327
[17:56:10] Build:Mar 27 2021
[17:56:10] rst:0x15 (USB_UART_CHIP_RESET),boot:0x2b (SPI_FAST_FLASH_BOOT)
[17:56:10] Saved PC:0x4202006b
[17:56:10] SPIWP:0xee
[17:56:10] mode:DIO, clock div:1
[17:56:10] load:0x3fce2820,len:0x1664
[17:56:10] load:0x403c8700,len:0xf38
[17:56:10] load:0x403cb700,len:0x31e8
[17:56:10] entry 0x403c8930
[17:56:10] I (24) boot: ESP-IDF v6.0.2 2nd stage bootloader
[17:56:10] I (24) boot: compile time Aug 14 2026 17:53:22
[17:56:10] I (25) boot: Multicore bootloader
[17:56:10] I (25) boot: chip revision: v0.2
[17:56:10] I (28) boot: efuse block revision: v1.3
[17:56:10] I (31) qio_mode: Enabling default flash chip QIO
[17:56:10] I (36) boot.esp32s3: Boot SPI Speed : 80MHz
[17:56:10] I (39) boot.esp32s3: SPI Mode       : QIO
[17:56:10] I (43) boot.esp32s3: SPI Flash Size : 16MB
[17:56:10] I (47) boot: Enabling RNG early entropy source...
[17:56:10] I (51) boot: Partition Table:
[17:56:10] I (54) boot: ## Label            Usage          Type ST Offset   Length
[17:56:10] I (60) boot:  0 nvs              WiFi data        01 02 00009000 00006000
[17:56:10] I (67) boot:  1 phy_init         RF data          01 01 0000f000 00001000
[17:56:10] I (73) boot:  2 factory          factory app      00 00 00010000 00100000
[17:56:10] I (80) boot:  3 drawing          Unknown data     01 40 00110000 00300000
[17:56:10] I (86) boot:  4 export           Unknown data     01 41 00410000 00500000
[17:56:10] I (93) boot:  5 coredump         Unknown data     01 03 00910000 00010000
[17:56:10] I (100) boot: End of partition table
[17:56:10] I (103) esp_image: segment 0: paddr=00010020 vaddr=3c040020 size=133dch ( 78812) map
[17:56:10] I (123) esp_image: segment 1: paddr=00023404 vaddr=3fc94500 size=03764h ( 14180) load
[17:56:10] I (126) esp_image: segment 2: paddr=00026b70 vaddr=40374000 size=094a8h ( 38056) load
[17:56:10] I (134) esp_image: segment 3: paddr=00030020 vaddr=42000020 size=3c574h (247156) map
[17:56:10] I (173) esp_image: segment 4: paddr=0006c59c vaddr=4037d4a8 size=06fb4h ( 28596) load
[17:56:10] I (179) esp_image: segment 5: paddr=00073558 vaddr=50000000 size=00024h (    36) load
[17:56:10] I (186) boot: Loaded app from partition at offset 0x10000
[17:56:10] I (186) boot: Disabling RNG early entropy source...
[17:56:10] I (198) octal_psram: vendor id    : 0x0d (AP)
[17:56:10] I (198) octal_psram: dev id       : 0x02 (generation 3)
[17:56:10] I (198) octal_psram: density      : 0x03 (64 Mbit)
[17:56:10] I (200) octal_psram: good-die     : 0x01 (Pass)
[17:56:10] I (205) octal_psram: Latency      : 0x01 (Fixed)
[17:56:10] I (209) octal_psram: VCC          : 0x01 (3V)
[17:56:10] I (213) octal_psram: SRF          : 0x01 (Fast Refresh)
[17:56:10] I (218) octal_psram: BurstType    : 0x01 (Hybrid Wrap)
[17:56:10] I (223) octal_psram: BurstLen     : 0x01 (32 Byte)
[17:56:10] I (227) octal_psram: Readlatency  : 0x02 (10 cycles@Fixed)
[17:56:10] I (233) octal_psram: DriveStrength: 0x00 (1/1)
[17:56:10] I (237) MSPI Timing: Enter psram timing tuning
[17:56:10] I (242) esp_psram: Found 8MB PSRAM device
[17:56:10] I (245) esp_psram: Speed: 80MHz
[17:56:10] I (248) cpu_start: Multicore app
[17:56:10] I (664) esp_psram: SPI SRAM memory test OK
[17:56:10] I (672) cpu_start: GPIO 44 and 43 are used as console UART I/O pins
[17:56:10] I (672) cpu_start: Pro cpu start user code
[17:56:10] I (672) cpu_start: cpu freq: 240000000 Hz
[17:56:10] I (674) app_init: Application information:
[17:56:10] I (678) app_init: Project name:     tinydraw_esp32
[17:56:10] I (682) app_init: App version:      f20c201-dirty
[17:56:10] I (687) app_init: Compile time:     Aug 14 2026 17:53:17
[17:56:10] I (692) app_init: ELF file SHA256:  255ccc852...
[17:56:10] I (696) app_init: ESP-IDF:          v6.0.2
[17:56:10] I (700) efuse_init: Min chip rev:     v0.0
[17:56:10] I (704) efuse_init: Max chip rev:     v0.99 
[17:56:10] I (708) efuse_init: Chip rev:         v0.2
[17:56:10] I (712) heap_init: Initializing. RAM available for dynamic allocation:
[17:56:10] I (718) heap_init: At 3FC99090 len 00050680 (321 KiB): RAM
[17:56:10] I (723) heap_init: At 3FCE9710 len 00005724 (21 KiB): RAM
[17:56:10] I (728) heap_init: At 3FCF0000 len 00008000 (32 KiB): DRAM
[17:56:10] I (733) heap_init: At 600FE000 len 00001FE8 (7 KiB): RTCRAM
[17:56:10] I (739) esp_psram: Adding pool of 8192K of PSRAM memory to heap allocator
[17:56:10] I (746) spi_flash: detected chip: generic
[17:56:10] I (749) spi_flash: flash io: qio
[17:56:10] I (752) sleep_gpio: Configure to isolate all GPIO pins in sleep state
[17:56:10] I (758) sleep_gpio: Enable automatic switching of GPIO sleep configuration
[17:56:10] I (765) main_task: Started on CPU0
[17:56:10] I (768) main_task: Calling app_main()
[17:56:10] TINYDRAW_PANEL_HARD_RESET=1
[17:56:11] I (965) co5300: version: 2.1.0
[17:56:11] I (966) co5300_spi: LCD panel create success, version: 2.1.0
[17:56:11] W (1046) co5300_spi: The 3Ah command has been used and will be overwritten by external initialization sequence
[17:56:11] I (1147) CST816S: IC id: 183
[17:56:11] TINYDRAW_LIVE_PRESENT kind=startup zoom=25 x=0 y=0 compose_us=35229 scroll_us=0 exposed_compose_us=0 chrome_us=0 read_submit_us=0 read_complete_us=0 transfer_wait_us=19548 tile_pixels=0 uniform_pixels=0 overview_pixels=164864 fallback_pixels=0 resident_tiles=0 fallback_tiles=0 pushes=21 tear_wait_us=9757 tear_sync=1 frame_reused=0 pass=1
[17:56:11] TINYDRAW_LIVE_STRESS operations=1000 samples=20000 total_us=434585 average_us=434 maximum_us=893 free_psram=2515208 largest_psram=2490368
[17:56:11] TINYDRAW_LIVE_PRESENT kind=gate_fallback zoom=100 x=0 y=0 compose_us=24487 scroll_us=0 exposed_compose_us=0 chrome_us=0 read_submit_us=30592 read_complete_us=31392 transfer_wait_us=19672 tile_pixels=0 uniform_pixels=0 overview_pixels=0 fallback_pixels=164864 resident_tiles=0 fallback_tiles=42 pushes=21 tear_wait_us=5259 tear_sync=1 frame_reused=0 pass=1
[17:56:12] TINYDRAW_GATE1_HARD zoom=100 cold=1 operations=1000 samples=20000 steps=192 tiles=42 scanned=12000 rendered=1659 max_supertask_us=9309 presentation_us=63112 total_us=268152 pass=1
[17:56:12] TINYDRAW_LIVE_PRESENT kind=gate_fallback zoom=400 x=0 y=0 compose_us=24089 scroll_us=0 exposed_compose_us=0 chrome_us=0 read_submit_us=39002 read_complete_us=39802 transfer_wait_us=20186 tile_pixels=0 uniform_pixels=0 overview_pixels=0 fallback_pixels=164864 resident_tiles=0 fallback_tiles=42 pushes=21 tear_wait_us=14045 tear_sync=1 frame_reused=0 pass=1
[17:56:12] TINYDRAW_GATE1_HARD zoom=400 cold=1 operations=1000 samples=20000 steps=196 tiles=42 scanned=12000 rendered=120 max_supertask_us=8660 presentation_us=60668 total_us=199514 pass=1
[17:56:12] TINYDRAW_OVERLAP_WORKLOAD operations=8 samples=1200 radius_world=80
[17:56:13] TINYDRAW_GATE1_PACED_COLD corpus=overlap zoom=50 x=215 y=255 steps=334 tiles=56 compute_us=378208 present_us=78567 touch_us=581 pacing_us=10692 wall_us=468048 max_tick_us=10157 touch_samples=2165 touch_interval_max_us=1916 touch_read_max_us=619 touch_events=0 touch_down=0 touch_up=0 touch_events_ge_8ms=0 touch_event_age_max_us=0 touch_errors=0 touch_overflows=0 pass=1
[17:56:13] TINYDRAW_GATE1_PACED_COLD corpus=overlap zoom=100 x=583 y=703 steps=172 tiles=48 compute_us=233703 present_us=75440 touch_us=403 pacing_us=6429 wall_us=315975 max_tick_us=9594 touch_samples=386 touch_interval_max_us=1154 touch_read_max_us=427 touch_events=0 touch_down=0 touch_up=0 touch_events_ge_8ms=0 touch_event_age_max_us=0 touch_errors=0 touch_overflows=0 pass=1
[17:56:14] TINYDRAW_GATE1_PACED_COLD corpus=overlap zoom=200 x=1319 y=1599 steps=128 tiles=56 compute_us=234445 present_us=74239 touch_us=378 pacing_us=5911 wall_us=314973 max_tick_us=9681 touch_samples=386 touch_interval_max_us=1109 touch_read_max_us=422 touch_events=0 touch_down=0 touch_up=0 touch_events_ge_8ms=0 touch_event_age_max_us=0 touch_errors=0 touch_overflows=0 pass=1
[17:56:14] TINYDRAW_GATE1_PACED_COLD corpus=overlap zoom=400 x=2791 y=3391 steps=94 tiles=56 compute_us=219427 present_us=73941 touch_us=358 pacing_us=4246 wall_us=297972 max_tick_us=9850 touch_samples=369 touch_interval_max_us=1870 touch_read_max_us=481 touch_events=0 touch_down=0 touch_up=0 touch_events_ge_8ms=0 touch_event_age_max_us=0 touch_errors=0 touch_overflows=0 pass=1
[17:56:14] TINYDRAW_ADVERSARIAL_TAPERED_WORKLOAD operations=128 samples=4096 erasers=12 load_us=218107 appended=1
[17:56:14] TINYDRAW_GATE1_PACED_COLD corpus=adversarial_tapered_4x zoom=50 x=0 y=0 steps=104 tiles=42 compute_us=98547 present_us=55801 touch_us=265 pacing_us=6357 wall_us=160970 max_tick_us=6797 touch_samples=486 touch_interval_max_us=1140 touch_read_max_us=410 touch_events=0 touch_down=0 touch_up=0 touch_events_ge_8ms=0 touch_event_age_max_us=0 touch_errors=0 touch_overflows=0 pass=1
[17:56:15] TINYDRAW_GATE1_PACED_COLD corpus=adversarial_tapered_4x zoom=100 x=0 y=0 steps=348 tiles=42 compute_us=164973 present_us=55632 touch_us=391 pacing_us=7977 wall_us=228973 max_tick_us=9761 touch_samples=304 touch_interval_max_us=1142 touch_read_max_us=410 touch_events=0 touch_down=0 touch_up=0 touch_events_ge_8ms=0 touch_event_age_max_us=0 touch_errors=0 touch_overflows=0 pass=1
[17:56:16] TINYDRAW_GATE1_PACED_COLD corpus=adversarial_tapered_4x zoom=200 x=0 y=0 steps=1214 tiles=42 compute_us=460790 present_us=57702 touch_us=880 pacing_us=16599 wall_us=535971 max_tick_us=10215 touch_samples=610 touch_interval_max_us=1134 touch_read_max_us=400 touch_events=0 touch_down=0 touch_up=0 touch_events_ge_8ms=0 touch_event_age_max_us=0 touch_errors=0 touch_overflows=0 pass=1
[17:56:16] TINYDRAW_GATE1_PACED_COLD corpus=adversarial_tapered_4x zoom=400 x=0 y=0 steps=904 tiles=42 compute_us=567279 present_us=61261 touch_us=1006 pacing_us=14722 wall_us=644268 max_tick_us=9415 touch_samples=714 touch_interval_max_us=1145 touch_read_max_us=418 touch_events=0 touch_down=0 touch_up=0 touch_events_ge_8ms=0 touch_event_age_max_us=0 touch_errors=0 touch_overflows=0 pass=1
[17:56:17] TINYDRAW_GATE1_WORKLOAD kind=realistic seed=7 operations=1000 samples=19844 maximum_stroke=198 load_us=358205 raw_source=1 lod_copies=0
[17:56:17] TINYDRAW_GATE1_PACED_COLD corpus=seed7 zoom=400 x=63 y=63 steps=281 tiles=56 compute_us=274919 present_us=78047 touch_us=406 pacing_us=8602 wall_us=361974 max_tick_us=12621 touch_samples=912 touch_interval_max_us=1944 touch_read_max_us=496 touch_events=0 touch_down=0 touch_up=0 touch_events_ge_8ms=0 touch_event_age_max_us=0 touch_errors=0 touch_overflows=0 pass=1
[17:56:19] TINYDRAW_LIVE_PRESENT kind=gate_fallback zoom=100 x=0 y=0 compose_us=24850 scroll_us=0 exposed_compose_us=0 chrome_us=0 read_submit_us=35058 read_complete_us=35858 transfer_wait_us=19743 tile_pixels=0 uniform_pixels=0 overview_pixels=0 fallback_pixels=164864 resident_tiles=0 fallback_tiles=42 pushes=21 tear_wait_us=9319 tear_sync=1 frame_reused=0 pass=1
[17:56:19] TINYDRAW_GATE1_HARD zoom=100 cold=1 operations=1000 samples=19844 steps=275 tiles=42 scanned=12000 rendered=5232 max_supertask_us=9482 presentation_us=62535 total_us=376798 pass=1
[17:56:19] TINYDRAW_GATE1_PAN zoom=100 from_x=0 from_y=0 to_x=88 to_y=88 compose_us=27248 scroll_us=11387 exposed_compose_us=15861 chrome_us=0 event_submit_us=30019 event_complete_us=30820 transfer_us=19938 setup=1 present=1 moved=1 frame_reused=1 pass=1
[17:56:19] TINYDRAW_LIVE_PRESENT kind=gate_fallback zoom=400 x=0 y=0 compose_us=24132 scroll_us=0 exposed_compose_us=0 chrome_us=0 read_submit_us=36889 read_complete_us=37689 transfer_wait_us=20566 tile_pixels=0 uniform_pixels=0 overview_pixels=0 fallback_pixels=164864 resident_tiles=0 fallback_tiles=42 pushes=21 tear_wait_us=11913 tear_sync=1 frame_reused=0 pass=1
[17:56:19] TINYDRAW_GATE1_HARD zoom=400 cold=1 operations=1000 samples=19844 steps=211 tiles=42 scanned=12000 rendered=591 max_supertask_us=11117 presentation_us=62261 total_us=261273 pass=1
[17:56:19] TINYDRAW_GATE1_PAN zoom=400 from_x=0 from_y=0 to_x=88 to_y=88 compose_us=27177 scroll_us=11389 exposed_compose_us=15788 chrome_us=0 event_submit_us=30413 event_complete_us=31215 transfer_us=19548 setup=1 present=1 moved=1 frame_reused=1 pass=1
[17:56:19] TINYDRAW_GATE1_DRAW_FILL zoom=400 revision=2140 append_us=1194 poll_gap_us=87 event_submit_us=2320 event_complete_us=2492 max_compute_slice_us=4931 max_display_slice_us=11122 fill_us=256323 revision_restarted=1 pass=1
=== RUN 12 ===
[17:56:20] ESP-ROM:esp32s3-20210327
[17:56:20] Build:Mar 27 2021
[17:56:20] rst:0x15 (USB_UART_CHIP_RESET),boot:0x2b (SPI_FAST_FLASH_BOOT)
[17:56:20] Saved PC:0x4201e96e
[17:56:20] SPIWP:0xee
[17:56:20] mode:DIO, clock div:1
[17:56:20] load:0x3fce2820,len:0x1664
[17:56:20] load:0x403c8700,len:0xf38
[17:56:20] load:0x403cb700,len:0x31e8
[17:56:20] entry 0x403c8930
[17:56:20] I (24) boot: ESP-IDF v6.0.2 2nd stage bootloader
[17:56:20] I (24) boot: compile time Aug 14 2026 17:53:22
[17:56:20] I (25) boot: Multicore bootloader
[17:56:20] I (25) boot: chip revision: v0.2
[17:56:20] I (28) boot: efuse block revision: v1.3
[17:56:20] I (31) qio_mode: Enabling default flash chip QIO
[17:56:20] I (36) boot.esp32s3: Boot SPI Speed : 80MHz
[17:56:20] I (39) boot.esp32s3: SPI Mode       : QIO
[17:56:20] I (43) boot.esp32s3: SPI Flash Size : 16MB
[17:56:20] I (47) boot: Enabling RNG early entropy source...
[17:56:20] I (51) boot: Partition Table:
[17:56:20] I (54) boot: ## Label            Usage          Type ST Offset   Length
[17:56:20] I (60) boot:  0 nvs              WiFi data        01 02 00009000 00006000
[17:56:20] I (67) boot:  1 phy_init         RF data          01 01 0000f000 00001000
[17:56:20] I (73) boot:  2 factory          factory app      00 00 00010000 00100000
[17:56:20] I (80) boot:  3 drawing          Unknown data     01 40 00110000 00300000
[17:56:20] I (86) boot:  4 export           Unknown data     01 41 00410000 00500000
[17:56:20] I (93) boot:  5 coredump         Unknown data     01 03 00910000 00010000
[17:56:20] I (100) boot: End of partition table
[17:56:20] I (103) esp_image: segment 0: paddr=00010020 vaddr=3c040020 size=133dch ( 78812) map
[17:56:20] I (123) esp_image: segment 1: paddr=00023404 vaddr=3fc94500 size=03764h ( 14180) load
[17:56:20] I (126) esp_image: segment 2: paddr=00026b70 vaddr=40374000 size=094a8h ( 38056) load
[17:56:20] I (134) esp_image: segment 3: paddr=00030020 vaddr=42000020 size=3c574h (247156) map
[17:56:20] I (173) esp_image: segment 4: paddr=0006c59c vaddr=4037d4a8 size=06fb4h ( 28596) load
[17:56:20] I (179) esp_image: segment 5: paddr=00073558 vaddr=50000000 size=00024h (    36) load
[17:56:20] I (186) boot: Loaded app from partition at offset 0x10000
[17:56:20] I (186) boot: Disabling RNG early entropy source...
[17:56:20] I (198) octal_psram: vendor id    : 0x0d (AP)
[17:56:20] I (198) octal_psram: dev id       : 0x02 (generation 3)
[17:56:20] I (198) octal_psram: density      : 0x03 (64 Mbit)
[17:56:20] I (200) octal_psram: good-die     : 0x01 (Pass)
[17:56:20] I (205) octal_psram: Latency      : 0x01 (Fixed)
[17:56:20] I (209) octal_psram: VCC          : 0x01 (3V)
[17:56:20] I (213) octal_psram: SRF          : 0x01 (Fast Refresh)
[17:56:20] I (218) octal_psram: BurstType    : 0x01 (Hybrid Wrap)
[17:56:20] I (223) octal_psram: BurstLen     : 0x01 (32 Byte)
[17:56:20] I (227) octal_psram: Readlatency  : 0x02 (10 cycles@Fixed)
[17:56:20] I (233) octal_psram: DriveStrength: 0x00 (1/1)
[17:56:20] I (237) MSPI Timing: Enter psram timing tuning
[17:56:20] I (242) esp_psram: Found 8MB PSRAM device
[17:56:20] I (245) esp_psram: Speed: 80MHz
[17:56:20] I (248) cpu_start: Multicore app
[17:56:21] I (664) esp_psram: SPI SRAM memory test OK
[17:56:21] I (672) cpu_start: GPIO 44 and 43 are used as console UART I/O pins
[17:56:21] I (672) cpu_start: Pro cpu start user code
[17:56:21] I (672) cpu_start: cpu freq: 240000000 Hz
[17:56:21] I (674) app_init: Application information:
[17:56:21] I (678) app_init: Project name:     tinydraw_esp32
[17:56:21] I (682) app_init: App version:      f20c201-dirty
[17:56:21] I (687) app_init: Compile time:     Aug 14 2026 17:53:17
[17:56:21] I (692) app_init: ELF file SHA256:  255ccc852...
[17:56:21] I (696) app_init: ESP-IDF:          v6.0.2
[17:56:21] I (700) efuse_init: Min chip rev:     v0.0
[17:56:21] I (704) efuse_init: Max chip rev:     v0.99 
[17:56:21] I (708) efuse_init: Chip rev:         v0.2
[17:56:21] I (712) heap_init: Initializing. RAM available for dynamic allocation:
[17:56:21] I (718) heap_init: At 3FC99090 len 00050680 (321 KiB): RAM
[17:56:21] I (723) heap_init: At 3FCE9710 len 00005724 (21 KiB): RAM
[17:56:21] I (728) heap_init: At 3FCF0000 len 00008000 (32 KiB): DRAM
[17:56:21] I (733) heap_init: At 600FE000 len 00001FE8 (7 KiB): RTCRAM
[17:56:21] I (739) esp_psram: Adding pool of 8192K of PSRAM memory to heap allocator
[17:56:21] I (746) spi_flash: detected chip: generic
[17:56:21] I (749) spi_flash: flash io: qio
[17:56:21] I (752) sleep_gpio: Configure to isolate all GPIO pins in sleep state
[17:56:21] I (758) sleep_gpio: Enable automatic switching of GPIO sleep configuration
[17:56:21] I (765) main_task: Started on CPU0
[17:56:21] I (768) main_task: Calling app_main()
[17:56:21] TINYDRAW_PANEL_HARD_RESET=1
[17:56:21] I (965) co5300: version: 2.1.0
[17:56:21] I (966) co5300_spi: LCD panel create success, version: 2.1.0
[17:56:21] W (1046) co5300_spi: The 3Ah command has been used and will be overwritten by external initialization sequence
[17:56:21] I (1147) CST816S: IC id: 183
[17:56:21] TINYDRAW_LIVE_PRESENT kind=startup zoom=25 x=0 y=0 compose_us=35230 scroll_us=0 exposed_compose_us=0 chrome_us=0 read_submit_us=0 read_complete_us=0 transfer_wait_us=19544 tile_pixels=0 uniform_pixels=0 overview_pixels=164864 fallback_pixels=0 resident_tiles=0 fallback_tiles=0 pushes=21 tear_wait_us=9760 tear_sync=1 frame_reused=0 pass=1
[17:56:22] TINYDRAW_LIVE_STRESS operations=1000 samples=20000 total_us=435876 average_us=435 maximum_us=895 free_psram=2515208 largest_psram=2490368
[17:56:22] TINYDRAW_LIVE_PRESENT kind=gate_fallback zoom=100 x=0 y=0 compose_us=24660 scroll_us=0 exposed_compose_us=0 chrome_us=0 read_submit_us=29371 read_complete_us=30171 transfer_wait_us=19653 tile_pixels=0 uniform_pixels=0 overview_pixels=0 fallback_pixels=164864 resident_tiles=0 fallback_tiles=42 pushes=21 tear_wait_us=3857 tear_sync=1 frame_reused=0 pass=1
[17:56:22] TINYDRAW_GATE1_HARD zoom=100 cold=1 operations=1000 samples=20000 steps=192 tiles=42 scanned=12000 rendered=1659 max_supertask_us=9341 presentation_us=63107 total_us=268133 pass=1
[17:56:22] TINYDRAW_LIVE_PRESENT kind=gate_fallback zoom=400 x=0 y=0 compose_us=24084 scroll_us=0 exposed_compose_us=0 chrome_us=0 read_submit_us=38878 read_complete_us=39674 transfer_wait_us=20337 tile_pixels=0 uniform_pixels=0 overview_pixels=0 fallback_pixels=164864 resident_tiles=0 fallback_tiles=42 pushes=21 tear_wait_us=13948 tear_sync=1 frame_reused=0 pass=1
[17:56:22] TINYDRAW_GATE1_HARD zoom=400 cold=1 operations=1000 samples=20000 steps=196 tiles=42 scanned=12000 rendered=120 max_supertask_us=8674 presentation_us=60600 total_us=199511 pass=1
[17:56:23] TINYDRAW_OVERLAP_WORKLOAD operations=8 samples=1200 radius_world=80
[17:56:23] TINYDRAW_GATE1_PACED_COLD corpus=overlap zoom=50 x=215 y=255 steps=334 tiles=56 compute_us=378184 present_us=78506 touch_us=591 pacing_us=9761 wall_us=467042 max_tick_us=10628 touch_samples=2163 touch_interval_max_us=1918 touch_read_max_us=619 touch_events=0 touch_down=0 touch_up=0 touch_events_ge_8ms=0 touch_event_age_max_us=0 touch_errors=0 touch_overflows=0 pass=1
[17:56:24] TINYDRAW_GATE1_PACED_COLD corpus=overlap zoom=100 x=583 y=703 steps=172 tiles=48 compute_us=233807 present_us=74350 touch_us=397 pacing_us=6418 wall_us=314972 max_tick_us=9600 touch_samples=386 touch_interval_max_us=1153 touch_read_max_us=435 touch_events=0 touch_down=0 touch_up=0 touch_events_ge_8ms=0 touch_event_age_max_us=0 touch_errors=0 touch_overflows=0 pass=1
[17:56:24] TINYDRAW_GATE1_PACED_COLD corpus=overlap zoom=200 x=1319 y=1599 steps=128 tiles=56 compute_us=234581 present_us=73829 touch_us=372 pacing_us=6190 wall_us=314972 max_tick_us=9688 touch_samples=387 touch_interval_max_us=1113 touch_read_max_us=406 touch_events=0 touch_down=0 touch_up=0 touch_events_ge_8ms=0 touch_event_age_max_us=0 touch_errors=0 touch_overflows=0 pass=1
[17:56:24] TINYDRAW_GATE1_PACED_COLD corpus=overlap zoom=400 x=2791 y=3391 steps=94 tiles=56 compute_us=219412 present_us=74071 touch_us=356 pacing_us=6134 wall_us=299973 max_tick_us=9835 touch_samples=371 touch_interval_max_us=1860 touch_read_max_us=490 touch_events=0 touch_down=0 touch_up=0 touch_events_ge_8ms=0 touch_event_age_max_us=0 touch_errors=0 touch_overflows=0 pass=1
[17:56:25] TINYDRAW_ADVERSARIAL_TAPERED_WORKLOAD operations=128 samples=4096 erasers=12 load_us=217795 appended=1
[17:56:25] TINYDRAW_GATE1_PACED_COLD corpus=adversarial_tapered_4x zoom=50 x=0 y=0 steps=104 tiles=42 compute_us=98619 present_us=56385 touch_us=246 pacing_us=4722 wall_us=159972 max_tick_us=6805 touch_samples=500 touch_interval_max_us=1162 touch_read_max_us=424 touch_events=0 touch_down=0 touch_up=0 touch_events_ge_8ms=0 touch_event_age_max_us=0 touch_errors=0 touch_overflows=0 pass=1
[17:56:26] TINYDRAW_GATE1_PACED_COLD corpus=adversarial_tapered_4x zoom=100 x=0 y=0 steps=348 tiles=42 compute_us=165003 present_us=55606 touch_us=400 pacing_us=7963 wall_us=228972 max_tick_us=9775 touch_samples=304 touch_interval_max_us=1136 touch_read_max_us=409 touch_events=0 touch_down=0 touch_up=0 touch_events_ge_8ms=0 touch_event_age_max_us=0 touch_errors=0 touch_overflows=0 pass=1
[17:56:26] TINYDRAW_GATE1_PACED_COLD corpus=adversarial_tapered_4x zoom=200 x=0 y=0 steps=1214 tiles=42 compute_us=462284 present_us=56956 touch_us=923 pacing_us=16809 wall_us=536972 max_tick_us=9806 touch_samples=611 touch_interval_max_us=1088 touch_read_max_us=393 touch_events=0 touch_down=0 touch_up=0 touch_events_ge_8ms=0 touch_event_age_max_us=0 touch_errors=0 touch_overflows=0 pass=1
[17:56:27] TINYDRAW_GATE1_PACED_COLD corpus=adversarial_tapered_4x zoom=400 x=0 y=0 steps=904 tiles=42 compute_us=567127 present_us=61676 touch_us=984 pacing_us=15508 wall_us=645295 max_tick_us=9518 touch_samples=730 touch_interval_max_us=1144 touch_read_max_us=411 touch_events=0 touch_down=0 touch_up=0 touch_events_ge_8ms=0 touch_event_age_max_us=0 touch_errors=0 touch_overflows=0 pass=1
[17:56:27] TINYDRAW_GATE1_WORKLOAD kind=realistic seed=7 operations=1000 samples=19844 maximum_stroke=198 load_us=358364 raw_source=1 lod_copies=0
[17:56:28] TINYDRAW_GATE1_PACED_COLD corpus=seed7 zoom=400 x=63 y=63 steps=281 tiles=56 compute_us=274939 present_us=78034 touch_us=392 pacing_us=8604 wall_us=361969 max_tick_us=12568 touch_samples=912 touch_interval_max_us=1150 touch_read_max_us=444 touch_events=0 touch_down=0 touch_up=0 touch_events_ge_8ms=0 touch_event_age_max_us=0 touch_errors=0 touch_overflows=0 pass=1
[17:56:28] TINYDRAW_LIVE_PRESENT kind=gate_fallback zoom=100 x=0 y=0 compose_us=24823 scroll_us=0 exposed_compose_us=0 chrome_us=0 read_submit_us=34235 read_complete_us=35035 transfer_wait_us=19579 tile_pixels=0 uniform_pixels=0 overview_pixels=0 fallback_pixels=164864 resident_tiles=0 fallback_tiles=42 pushes=21 tear_wait_us=8593 tear_sync=1 frame_reused=0 pass=1
[17:56:30] TINYDRAW_GATE1_HARD zoom=100 cold=1 operations=1000 samples=19844 steps=275 tiles=42 scanned=12000 rendered=5232 max_supertask_us=9485 presentation_us=62869 total_us=376798 pass=1
[17:56:30] TINYDRAW_GATE1_PAN zoom=100 from_x=0 from_y=0 to_x=88 to_y=88 compose_us=27247 scroll_us=11387 exposed_compose_us=15860 chrome_us=0 event_submit_us=30050 event_complete_us=30853 transfer_us=19906 setup=1 present=1 moved=1 frame_reused=1 pass=1
[17:56:30] TINYDRAW_LIVE_PRESENT kind=gate_fallback zoom=400 x=0 y=0 compose_us=24131 scroll_us=0 exposed_compose_us=0 chrome_us=0 read_submit_us=36882 read_complete_us=37683 transfer_wait_us=20572 tile_pixels=0 uniform_pixels=0 overview_pixels=0 fallback_pixels=164864 resident_tiles=0 fallback_tiles=42 pushes=21 tear_wait_us=11906 tear_sync=1 frame_reused=0 pass=1
[17:56:30] TINYDRAW_GATE1_HARD zoom=400 cold=1 operations=1000 samples=19844 steps=211 tiles=42 scanned=12000 rendered=591 max_supertask_us=11092 presentation_us=62264 total_us=261421 pass=1
[17:56:30] TINYDRAW_GATE1_PAN zoom=400 from_x=0 from_y=0 to_x=88 to_y=88 compose_us=27155 scroll_us=11390 exposed_compose_us=15765 chrome_us=0 event_submit_us=30798 event_complete_us=31598 transfer_us=20158 setup=1 present=1 moved=1 frame_reused=1 pass=1
[17:56:30] TINYDRAW_GATE1_DRAW_FILL zoom=400 revision=2140 append_us=1170 poll_gap_us=87 event_submit_us=2319 event_complete_us=2495 max_compute_slice_us=4922 max_display_slice_us=11083 fill_us=256289 revision_restarted=1 pass=1
=== RUN 13 ===
[17:56:31] TINYDRAW_GATE1_LONG_GESTURE path=reference samples=1600 chunks=2ESP-ROM:esp32s3-20210327
[17:56:31] Build:Mar 27 2021
[17:56:31] rst:0x15 (USB_UART_CHIP_RESET),boot:0x2b (SPI_FAST_FLASH_BOOT)
[17:56:31] Saved PC:0x4037b802
[17:56:31] SPIWP:0xee
[17:56:31] mode:DIO, clock div:1
[17:56:31] load:0x3fce2820,len:0x1664
[17:56:31] load:0x403c8700,len:0xf38
[17:56:31] load:0x403cb700,len:0x31e8
[17:56:31] entry 0x403c8930
[17:56:31] I (24) boot: ESP-IDF v6.0.2 2nd stage bootloader
[17:56:31] I (24) boot: compile time Aug 14 2026 17:53:22
[17:56:31] I (25) boot: Multicore bootloader
[17:56:31] I (25) boot: chip revision: v0.2
[17:56:31] I (28) boot: efuse block revision: v1.3
[17:56:31] I (31) qio_mode: Enabling default flash chip QIO
[17:56:31] I (36) boot.esp32s3: Boot SPI Speed : 80MHz
[17:56:31] I (39) boot.esp32s3: SPI Mode       : QIO
[17:56:31] I (43) boot.esp32s3: SPI Flash Size : 16MB
[17:56:31] I (47) boot: Enabling RNG early entropy source...
[17:56:31] I (51) boot: Partition Table:
[17:56:31] I (54) boot: ## Label            Usage          Type ST Offset   Length
[17:56:31] I (60) boot:  0 nvs              WiFi data        01 02 00009000 00006000
[17:56:31] I (67) boot:  1 phy_init         RF data          01 01 0000f000 00001000
[17:56:31] I (73) boot:  2 factory          factory app      00 00 00010000 00100000
[17:56:31] I (80) boot:  3 drawing          Unknown data     01 40 00110000 00300000
[17:56:31] I (86) boot:  4 export           Unknown data     01 41 00410000 00500000
[17:56:31] I (93) boot:  5 coredump         Unknown data     01 03 00910000 00010000
[17:56:31] I (100) boot: End of partition table
[17:56:31] I (103) esp_image: segment 0: paddr=00010020 vaddr=3c040020 size=133dch ( 78812) map
[17:56:31] I (123) esp_image: segment 1: paddr=00023404 vaddr=3fc94500 size=03764h ( 14180) load
[17:56:31] I (126) esp_image: segment 2: paddr=00026b70 vaddr=40374000 size=094a8h ( 38056) load
[17:56:31] I (134) esp_image: segment 3: paddr=00030020 vaddr=42000020 size=3c574h (247156) map
[17:56:31] I (173) esp_image: segment 4: paddr=0006c59c vaddr=4037d4a8 size=06fb4h ( 28596) load
[17:56:31] I (179) esp_image: segment 5: paddr=00073558 vaddr=50000000 size=00024h (    36) load
[17:56:31] I (186) boot: Loaded app from partition at offset 0x10000
[17:56:31] I (186) boot: Disabling RNG early entropy source...
[17:56:31] I (198) octal_psram: vendor id    : 0x0d (AP)
[17:56:31] I (198) octal_psram: dev id       : 0x02 (generation 3)
[17:56:31] I (198) octal_psram: density      : 0x03 (64 Mbit)
[17:56:31] I (200) octal_psram: good-die     : 0x01 (Pass)
[17:56:31] I (205) octal_psram: Latency      : 0x01 (Fixed)
[17:56:31] I (209) octal_psram: VCC          : 0x01 (3V)
[17:56:31] I (213) octal_psram: SRF          : 0x01 (Fast Refresh)
[17:56:31] I (218) octal_psram: BurstType    : 0x01 (Hybrid Wrap)
[17:56:31] I (223) octal_psram: BurstLen     : 0x01 (32 Byte)
[17:56:31] I (227) octal_psram: Readlatency  : 0x02 (10 cycles@Fixed)
[17:56:31] I (233) octal_psram: DriveStrength: 0x00 (1/1)
[17:56:31] I (237) MSPI Timing: Enter psram timing tuning
[17:56:31] I (242) esp_psram: Found 8MB PSRAM device
[17:56:31] I (245) esp_psram: Speed: 80MHz
[17:56:31] I (248) cpu_start: Multicore app
[17:56:32] I (664) esp_psram: SPI SRAM memory test OK
[17:56:32] I (672) cpu_start: GPIO 44 and 43 are used as console UART I/O pins
[17:56:32] I (672) cpu_start: Pro cpu start user code
[17:56:32] I (672) cpu_start: cpu freq: 240000000 Hz
[17:56:32] I (674) app_init: Application information:
[17:56:32] I (678) app_init: Project name:     tinydraw_esp32
[17:56:32] I (682) app_init: App version:      f20c201-dirty
[17:56:32] I (687) app_init: Compile time:     Aug 14 2026 17:53:17
[17:56:32] I (692) app_init: ELF file SHA256:  255ccc852...
[17:56:32] I (696) app_init: ESP-IDF:          v6.0.2
[17:56:32] I (700) efuse_init: Min chip rev:     v0.0
[17:56:32] I (704) efuse_init: Max chip rev:     v0.99 
[17:56:32] I (708) efuse_init: Chip rev:         v0.2
[17:56:32] I (712) heap_init: Initializing. RAM available for dynamic allocation:
[17:56:32] I (718) heap_init: At 3FC99090 len 00050680 (321 KiB): RAM
[17:56:32] I (723) heap_init: At 3FCE9710 len 00005724 (21 KiB): RAM
[17:56:32] I (728) heap_init: At 3FCF0000 len 00008000 (32 KiB): DRAM
[17:56:32] I (733) heap_init: At 600FE000 len 00001FE8 (7 KiB): RTCRAM
[17:56:32] I (739) esp_psram: Adding pool of 8192K of PSRAM memory to heap allocator
[17:56:32] I (746) spi_flash: detected chip: generic
[17:56:32] I (749) spi_flash: flash io: qio
[17:56:32] I (752) sleep_gpio: Configure to isolate all GPIO pins in sleep state
[17:56:32] I (758) sleep_gpio: Enable automatic switching of GPIO sleep configuration
[17:56:32] I (765) main_task: Started on CPU0
[17:56:32] I (768) main_task: Calling app_main()
[17:56:32] TINYDRAW_PANEL_HARD_RESET=1
[17:56:32] I (965) co5300: version: 2.1.0
[17:56:32] I (966) co5300_spi: LCD panel create success, version: 2.1.0
[17:56:32] W (1046) co5300_spi: The 3Ah command has been used and will be overwritten by external initialization sequence
[17:56:32] I (1147) CST816S: IC id: 183
[17:56:32] TINYDRAW_LIVE_PRESENT kind=startup zoom=25 x=0 y=0 compose_us=35230 scroll_us=0 exposed_compose_us=0 chrome_us=0 read_submit_us=0 read_complete_us=0 transfer_wait_us=19560 tile_pixels=0 uniform_pixels=0 overview_pixels=164864 fallback_pixels=0 resident_tiles=0 fallback_tiles=0 pushes=21 tear_wait_us=9740 tear_sync=1 frame_reused=0 pass=1
[17:56:33] TINYDRAW_LIVE_STRESS operations=1000 samples=20000 total_us=434267 average_us=434 maximum_us=895 free_psram=2515208 largest_psram=2490368
[17:56:33] TINYDRAW_LIVE_PRESENT kind=gate_fallback zoom=100 x=0 y=0 compose_us=24704 scroll_us=0 exposed_compose_us=0 chrome_us=0 read_submit_us=30978 read_complete_us=31778 transfer_wait_us=19701 tile_pixels=0 uniform_pixels=0 overview_pixels=0 fallback_pixels=164864 resident_tiles=0 fallback_tiles=42 pushes=21 tear_wait_us=5434 tear_sync=1 frame_reused=0 pass=1
[17:56:33] TINYDRAW_GATE1_HARD zoom=100 cold=1 operations=1000 samples=20000 steps=192 tiles=42 scanned=12000 rendered=1659 max_supertask_us=9329 presentation_us=62819 total_us=268206 pass=1
[17:56:33] TINYDRAW_LIVE_PRESENT kind=gate_fallback zoom=400 x=0 y=0 compose_us=24006 scroll_us=0 exposed_compose_us=0 chrome_us=0 read_submit_us=38743 read_complete_us=39540 transfer_wait_us=20405 tile_pixels=0 uniform_pixels=0 overview_pixels=0 fallback_pixels=164864 resident_tiles=0 fallback_tiles=42 pushes=21 tear_wait_us=13897 tear_sync=1 frame_reused=0 pass=1
[17:56:33] TINYDRAW_GATE1_HARD zoom=400 cold=1 operations=1000 samples=20000 steps=196 tiles=42 scanned=12000 rendered=120 max_supertask_us=8661 presentation_us=60652 total_us=199509 pass=1
[17:56:34] TINYDRAW_OVERLAP_WORKLOAD operations=8 samples=1200 radius_world=80
[17:56:34] TINYDRAW_GATE1_PACED_COLD corpus=overlap zoom=50 x=215 y=255 steps=334 tiles=56 compute_us=378042 present_us=75604 touch_us=574 pacing_us=10201 wall_us=464421 max_tick_us=10141 touch_samples=2159 touch_interval_max_us=1920 touch_read_max_us=619 touch_events=0 touch_down=0 touch_up=0 touch_events_ge_8ms=0 touch_event_age_max_us=0 touch_errors=0 touch_overflows=0 pass=1
[17:56:35] TINYDRAW_GATE1_PACED_COLD corpus=overlap zoom=100 x=583 y=703 steps=172 tiles=48 compute_us=233398 present_us=75613 touch_us=399 pacing_us=6562 wall_us=315972 max_tick_us=9608 touch_samples=390 touch_interval_max_us=1753 touch_read_max_us=539 touch_events=0 touch_down=0 touch_up=0 touch_events_ge_8ms=0 touch_event_age_max_us=0 touch_errors=0 touch_overflows=0 pass=1
[17:56:35] TINYDRAW_GATE1_PACED_COLD corpus=overlap zoom=200 x=1319 y=1599 steps=128 tiles=56 compute_us=234169 present_us=74499 touch_us=367 pacing_us=5937 wall_us=314972 max_tick_us=9663 touch_samples=386 touch_interval_max_us=1124 touch_read_max_us=422 touch_events=0 touch_down=0 touch_up=0 touch_events_ge_8ms=0 touch_event_age_max_us=0 touch_errors=0 touch_overflows=0 pass=1
[17:56:35] TINYDRAW_GATE1_PACED_COLD corpus=overlap zoom=400 x=2791 y=3391 steps=94 tiles=56 compute_us=219611 present_us=73831 touch_us=360 pacing_us=6169 wall_us=299971 max_tick_us=9858 touch_samples=372 touch_interval_max_us=1507 touch_read_max_us=478 touch_events=0 touch_down=0 touch_up=0 touch_events_ge_8ms=0 touch_event_age_max_us=0 touch_errors=0 touch_overflows=0 pass=1
[17:56:36] TINYDRAW_ADVERSARIAL_TAPERED_WORKLOAD operations=128 samples=4096 erasers=12 load_us=218301 appended=1
[17:56:36] TINYDRAW_GATE1_PACED_COLD corpus=adversarial_tapered_4x zoom=50 x=0 y=0 steps=104 tiles=42 compute_us=98722 present_us=55796 touch_us=250 pacing_us=6204 wall_us=160972 max_tick_us=6795 touch_samples=500 touch_interval_max_us=1138 touch_read_max_us=437 touch_events=0 touch_down=0 touch_up=0 touch_events_ge_8ms=0 touch_event_age_max_us=0 touch_errors=0 touch_overflows=0 pass=1
[17:56:36] TINYDRAW_GATE1_PACED_COLD corpus=adversarial_tapered_4x zoom=100 x=0 y=0 steps=348 tiles=42 compute_us=164937 present_us=55924 touch_us=425 pacing_us=6687 wall_us=227973 max_tick_us=8451 touch_samples=302 touch_interval_max_us=1130 touch_read_max_us=422 touch_events=0 touch_down=0 touch_up=0 touch_events_ge_8ms=0 touch_event_age_max_us=0 touch_errors=0 touch_overflows=0 pass=1
[17:56:38] TINYDRAW_GATE1_PACED_COLD corpus=adversarial_tapered_4x zoom=200 x=0 y=0 steps=1214 tiles=42 compute_us=461125 present_us=57973 touch_us=935 pacing_us=17940 wall_us=537973 max_tick_us=10217 touch_samples=613 touch_interval_max_us=1117 touch_read_max_us=415 touch_events=0 touch_down=0 touch_up=0 touch_events_ge_8ms=0 touch_event_age_max_us=0 touch_errors=0 touch_overflows=0 pass=1
[17:56:38] TINYDRAW_GATE1_PACED_COLD corpus=adversarial_tapered_4x zoom=400 x=0 y=0 steps=904 tiles=42 compute_us=567932 present_us=61153 touch_us=1026 pacing_us=16248 wall_us=646359 max_tick_us=9520 touch_samples=730 touch_interval_max_us=1136 touch_read_max_us=444 touch_events=0 touch_down=0 touch_up=0 touch_events_ge_8ms=0 touch_event_age_max_us=0 touch_errors=0 touch_overflows=0 pass=1
[17:56:38] TINYDRAW_GATE1_WORKLOAD kind=realistic seed=7 operations=1000 samples=19844 maximum_stroke=198 load_us=357526 raw_source=1 lod_copies=0
[17:56:39] TINYDRAW_GATE1_PACED_COLD corpus=seed7 zoom=400 x=63 y=63 steps=281 tiles=56 compute_us=275097 present_us=77895 touch_us=391 pacing_us=8590 wall_us=361973 max_tick_us=12606 touch_samples=909 touch_interval_max_us=1933 touch_read_max_us=498 touch_events=0 touch_down=0 touch_up=0 touch_events_ge_8ms=0 touch_event_age_max_us=0 touch_errors=0 touch_overflows=0 pass=1
[17:56:39] TINYDRAW_LIVE_PRESENT kind=gate_fallback zoom=100 x=0 y=0 compose_us=24851 scroll_us=0 exposed_compose_us=0 chrome_us=0 read_submit_us=34102 read_complete_us=34902 transfer_wait_us=19704 tile_pixels=0 uniform_pixels=0 overview_pixels=0 fallback_pixels=164864 resident_tiles=0 fallback_tiles=42 pushes=21 tear_wait_us=8421 tear_sync=1 frame_reused=0 pass=1
[17:56:41] TINYDRAW_GATE1_HARD zoom=100 cold=1 operations=1000 samples=19844 steps=275 tiles=42 scanned=12000 rendered=5232 max_supertask_us=9516 presentation_us=62987 total_us=376751 pass=1
[17:56:41] TINYDRAW_GATE1_PAN zoom=100 from_x=0 from_y=0 to_x=88 to_y=88 compose_us=27163 scroll_us=11388 exposed_compose_us=15775 chrome_us=0 event_submit_us=30473 event_complete_us=31277 transfer_us=20484 setup=1 present=1 moved=1 frame_reused=1 pass=1
[17:56:41] TINYDRAW_LIVE_PRESENT kind=gate_fallback zoom=400 x=0 y=0 compose_us=24120 scroll_us=0 exposed_compose_us=0 chrome_us=0 read_submit_us=36378 read_complete_us=37177 transfer_wait_us=20083 tile_pixels=0 uniform_pixels=0 overview_pixels=0 fallback_pixels=164864 resident_tiles=0 fallback_tiles=42 pushes=21 tear_wait_us=11349 tear_sync=1 frame_reused=0 pass=1
[17:56:41] TINYDRAW_GATE1_HARD zoom=400 cold=1 operations=1000 samples=19844 steps=211 tiles=42 scanned=12000 rendered=591 max_supertask_us=11023 presentation_us=63278 total_us=262436 pass=1
[17:56:41] TINYDRAW_GATE1_PAN zoom=400 from_x=0 from_y=0 to_x=88 to_y=88 compose_us=27163 scroll_us=11390 exposed_compose_us=15773 chrome_us=0 event_submit_us=30570 event_complete_us=31369 transfer_us=20387 setup=1 present=1 moved=1 frame_reused=1 pass=1
[17:56:41] TINYDRAW_GATE1_DRAW_FILL zoom=400 revision=2140 append_us=1179 poll_gap_us=87 event_submit_us=2316 event_complete_us=2489 max_compute_slice_us=4961 max_display_slice_us=11124 fill_us=256338 revision_restarted=1 pass=1
=== RUN 14 ===
[17:56:42] TINYDRAW_GATE1_LONG_GESTURE path=reference samples=1600 chunks=2ESP-ROM:esp32s3-20210327
[17:56:42] Build:Mar 27 2021
[17:56:42] rst:0x15 (USB_UART_CHIP_RESET),boot:0x2b (SPI_FAST_FLASH_BOOT)
[17:56:42] Saved PC:0x4202489d
[17:56:42] SPIWP:0xee
[17:56:42] mode:DIO, clock div:1
[17:56:42] load:0x3fce2820,len:0x1664
[17:56:42] load:0x403c8700,len:0xf38
[17:56:42] load:0x403cb700,len:0x31e8
[17:56:42] entry 0x403c8930
[17:56:42] I (24) boot: ESP-IDF v6.0.2 2nd stage bootloader
[17:56:42] I (24) boot: compile time Aug 14 2026 17:53:22
[17:56:42] I (25) boot: Multicore bootloader
[17:56:42] I (25) boot: chip revision: v0.2
[17:56:42] I (28) boot: efuse block revision: v1.3
[17:56:42] I (31) qio_mode: Enabling default flash chip QIO
[17:56:42] I (36) boot.esp32s3: Boot SPI Speed : 80MHz
[17:56:42] I (39) boot.esp32s3: SPI Mode       : QIO
[17:56:42] I (43) boot.esp32s3: SPI Flash Size : 16MB
[17:56:42] I (47) boot: Enabling RNG early entropy source...
[17:56:42] I (51) boot: Partition Table:
[17:56:42] I (54) boot: ## Label            Usage          Type ST Offset   Length
[17:56:42] I (60) boot:  0 nvs              WiFi data        01 02 00009000 00006000
[17:56:42] I (67) boot:  1 phy_init         RF data          01 01 0000f000 00001000
[17:56:42] I (73) boot:  2 factory          factory app      00 00 00010000 00100000
[17:56:42] I (80) boot:  3 drawing          Unknown data     01 40 00110000 00300000
[17:56:42] I (86) boot:  4 export           Unknown data     01 41 00410000 00500000
[17:56:42] I (93) boot:  5 coredump         Unknown data     01 03 00910000 00010000
[17:56:42] I (100) boot: End of partition table
[17:56:42] I (103) esp_image: segment 0: paddr=00010020 vaddr=3c040020 size=133dch ( 78812) map
[17:56:42] I (123) esp_image: segment 1: paddr=00023404 vaddr=3fc94500 size=03764h ( 14180) load
[17:56:42] I (126) esp_image: segment 2: paddr=00026b70 vaddr=40374000 size=094a8h ( 38056) load
[17:56:42] I (134) esp_image: segment 3: paddr=00030020 vaddr=42000020 size=3c574h (247156) map
[17:56:42] I (173) esp_image: segment 4: paddr=0006c59c vaddr=4037d4a8 size=06fb4h ( 28596) load
[17:56:42] I (179) esp_image: segment 5: paddr=00073558 vaddr=50000000 size=00024h (    36) load
[17:56:42] I (186) boot: Loaded app from partition at offset 0x10000
[17:56:42] I (186) boot: Disabling RNG early entropy source...
[17:56:42] I (198) octal_psram: vendor id    : 0x0d (AP)
[17:56:42] I (198) octal_psram: dev id       : 0x02 (generation 3)
[17:56:42] I (198) octal_psram: density      : 0x03 (64 Mbit)
[17:56:42] I (200) octal_psram: good-die     : 0x01 (Pass)
[17:56:42] I (205) octal_psram: Latency      : 0x01 (Fixed)
[17:56:42] I (209) octal_psram: VCC          : 0x01 (3V)
[17:56:42] I (213) octal_psram: SRF          : 0x01 (Fast Refresh)
[17:56:42] I (218) octal_psram: BurstType    : 0x01 (Hybrid Wrap)
[17:56:42] I (223) octal_psram: BurstLen     : 0x01 (32 Byte)
[17:56:42] I (227) octal_psram: Readlatency  : 0x02 (10 cycles@Fixed)
[17:56:42] I (233) octal_psram: DriveStrength: 0x00 (1/1)
[17:56:42] I (237) MSPI Timing: Enter psram timing tuning
[17:56:42] I (242) esp_psram: Found 8MB PSRAM device
[17:56:42] I (245) esp_psram: Speed: 80MHz
[17:56:42] I (248) cpu_start: Multicore app
[17:56:43] I (664) esp_psram: SPI SRAM memory test OK
[17:56:43] I (672) cpu_start: GPIO 44 and 43 are used as console UART I/O pins
[17:56:43] I (672) cpu_start: Pro cpu start user code
[17:56:43] I (672) cpu_start: cpu freq: 240000000 Hz
[17:56:43] I (674) app_init: Application information:
[17:56:43] I (678) app_init: Project name:     tinydraw_esp32
[17:56:43] I (682) app_init: App version:      f20c201-dirty
[17:56:43] I (687) app_init: Compile time:     Aug 14 2026 17:53:17
[17:56:43] I (692) app_init: ELF file SHA256:  255ccc852...
[17:56:43] I (696) app_init: ESP-IDF:          v6.0.2
[17:56:43] I (700) efuse_init: Min chip rev:     v0.0
[17:56:43] I (704) efuse_init: Max chip rev:     v0.99 
[17:56:43] I (708) efuse_init: Chip rev:         v0.2
[17:56:43] I (712) heap_init: Initializing. RAM available for dynamic allocation:
[17:56:43] I (718) heap_init: At 3FC99090 len 00050680 (321 KiB): RAM
[17:56:43] I (723) heap_init: At 3FCE9710 len 00005724 (21 KiB): RAM
[17:56:43] I (728) heap_init: At 3FCF0000 len 00008000 (32 KiB): DRAM
[17:56:43] I (733) heap_init: At 600FE000 len 00001FE8 (7 KiB): RTCRAM
[17:56:43] I (739) esp_psram: Adding pool of 8192K of PSRAM memory to heap allocator
[17:56:43] I (746) spi_flash: detected chip: generic
[17:56:43] I (749) spi_flash: flash io: qio
[17:56:43] I (752) sleep_gpio: Configure to isolate all GPIO pins in sleep state
[17:56:43] I (758) sleep_gpio: Enable automatic switching of GPIO sleep configuration
[17:56:43] I (765) main_task: Started on CPU0
[17:56:43] I (768) main_task: Calling app_main()
[17:56:43] TINYDRAW_PANEL_HARD_RESET=1
[17:56:43] I (965) co5300: version: 2.1.0
[17:56:43] I (966) co5300_spi: LCD panel create success, version: 2.1.0
[17:56:43] W (1046) co5300_spi: The 3Ah command has been used and will be overwritten by external initialization sequence
[17:56:43] I (1147) CST816S: IC id: 183
[17:56:43] TINYDRAW_LIVE_PRESENT kind=startup zoom=25 x=0 y=0 compose_us=35230 scroll_us=0 exposed_compose_us=0 chrome_us=0 read_submit_us=0 read_complete_us=0 transfer_wait_us=19584 tile_pixels=0 uniform_pixels=0 overview_pixels=164864 fallback_pixels=0 resident_tiles=0 fallback_tiles=0 pushes=21 tear_wait_us=9716 tear_sync=1 frame_reused=0 pass=1
[17:56:44] TINYDRAW_LIVE_STRESS operations=1000 samples=20000 total_us=434232 average_us=434 maximum_us=889 free_psram=2515208 largest_psram=2490368
[17:56:44] TINYDRAW_LIVE_PRESENT kind=gate_fallback zoom=100 x=0 y=0 compose_us=24701 scroll_us=0 exposed_compose_us=0 chrome_us=0 read_submit_us=30995 read_complete_us=31795 transfer_wait_us=19721 tile_pixels=0 uniform_pixels=0 overview_pixels=0 fallback_pixels=164864 resident_tiles=0 fallback_tiles=42 pushes=21 tear_wait_us=5362 tear_sync=1 frame_reused=0 pass=1
[17:56:44] TINYDRAW_GATE1_HARD zoom=100 cold=1 operations=1000 samples=20000 steps=192 tiles=42 scanned=12000 rendered=1659 max_supertask_us=9340 presentation_us=63063 total_us=268184 pass=1
[17:56:44] TINYDRAW_LIVE_PRESENT kind=gate_fallback zoom=400 x=0 y=0 compose_us=24074 scroll_us=0 exposed_compose_us=0 chrome_us=0 read_submit_us=38526 read_complete_us=39326 transfer_wait_us=19636 tile_pixels=0 uniform_pixels=0 overview_pixels=0 fallback_pixels=164864 resident_tiles=0 fallback_tiles=42 pushes=21 tear_wait_us=13620 tear_sync=1 frame_reused=0 pass=1
[17:56:44] TINYDRAW_GATE1_HARD zoom=400 cold=1 operations=1000 samples=20000 steps=196 tiles=42 scanned=12000 rendered=120 max_supertask_us=8657 presentation_us=60757 total_us=199488 pass=1
[17:56:45] TINYDRAW_OVERLAP_WORKLOAD operations=8 samples=1200 radius_world=80
[17:56:45] TINYDRAW_GATE1_PACED_COLD corpus=overlap zoom=50 x=215 y=255 steps=334 tiles=56 compute_us=378091 present_us=78527 touch_us=604 pacing_us=9845 wall_us=467067 max_tick_us=10625 touch_samples=2163 touch_interval_max_us=1905 touch_read_max_us=619 touch_events=0 touch_down=0 touch_up=0 touch_events_ge_8ms=0 touch_event_age_max_us=0 touch_errors=0 touch_overflows=0 pass=1
[17:56:46] TINYDRAW_GATE1_PACED_COLD corpus=overlap zoom=100 x=583 y=703 steps=172 tiles=48 compute_us=233790 present_us=74351 touch_us=392 pacing_us=6440 wall_us=314973 max_tick_us=9605 touch_samples=386 touch_interval_max_us=1170 touch_read_max_us=435 touch_events=0 touch_down=0 touch_up=0 touch_events_ge_8ms=0 touch_event_age_max_us=0 touch_errors=0 touch_overflows=0 pass=1
[17:56:46] TINYDRAW_GATE1_PACED_COLD corpus=overlap zoom=200 x=1319 y=1599 steps=128 tiles=56 compute_us=234652 present_us=74164 touch_us=359 pacing_us=5797 wall_us=314972 max_tick_us=9697 touch_samples=387 touch_interval_max_us=1129 touch_read_max_us=419 touch_events=0 touch_down=0 touch_up=0 touch_events_ge_8ms=0 touch_event_age_max_us=0 touch_errors=0 touch_overflows=0 pass=1
[17:56:46] TINYDRAW_GATE1_PACED_COLD corpus=overlap zoom=400 x=2791 y=3391 steps=94 tiles=56 compute_us=219582 present_us=73919 touch_us=341 pacing_us=6130 wall_us=299972 max_tick_us=9841 touch_samples=372 touch_interval_max_us=1165 touch_read_max_us=471 touch_events=0 touch_down=0 touch_up=0 touch_events_ge_8ms=0 touch_event_age_max_us=0 touch_errors=0 touch_overflows=0 pass=1
[17:56:47] TINYDRAW_ADVERSARIAL_TAPERED_WORKLOAD operations=128 samples=4096 erasers=12 load_us=217584 appended=1
[17:56:47] TINYDRAW_GATE1_PACED_COLD corpus=adversarial_tapered_4x zoom=50 x=0 y=0 steps=104 tiles=42 compute_us=98764 present_us=55791 touch_us=240 pacing_us=6176 wall_us=160971 max_tick_us=6786 touch_samples=500 touch_interval_max_us=1144 touch_read_max_us=443 touch_events=0 touch_down=0 touch_up=0 touch_events_ge_8ms=0 touch_event_age_max_us=0 touch_errors=0 touch_overflows=0 pass=1
[17:56:47] TINYDRAW_GATE1_PACED_COLD corpus=adversarial_tapered_4x zoom=100 x=0 y=0 steps=348 tiles=42 compute_us=165090 present_us=55583 touch_us=397 pacing_us=7904 wall_us=228974 max_tick_us=9738 touch_samples=303 touch_interval_max_us=1183 touch_read_max_us=445 touch_events=0 touch_down=0 touch_up=0 touch_events_ge_8ms=0 touch_event_age_max_us=0 touch_errors=0 touch_overflows=0 pass=1
[17:56:49] TINYDRAW_GATE1_PACED_COLD corpus=adversarial_tapered_4x zoom=200 x=0 y=0 steps=1214 tiles=42 compute_us=461376 present_us=57968 touch_us=933 pacing_us=17695 wall_us=537972 max_tick_us=10238 touch_samples=612 touch_interval_max_us=1115 touch_read_max_us=403 touch_events=0 touch_down=0 touch_up=0 touch_events_ge_8ms=0 touch_event_age_max_us=0 touch_errors=0 touch_overflows=0 pass=1
[17:56:49] TINYDRAW_GATE1_PACED_COLD corpus=adversarial_tapered_4x zoom=400 x=0 y=0 steps=904 tiles=42 compute_us=567288 present_us=62085 touch_us=942 pacing_us=15014 wall_us=645329 max_tick_us=9540 touch_samples=730 touch_interval_max_us=1136 touch_read_max_us=420 touch_events=0 touch_down=0 touch_up=0 touch_events_ge_8ms=0 touch_event_age_max_us=0 touch_errors=0 touch_overflows=0 pass=1
[17:56:49] TINYDRAW_GATE1_WORKLOAD kind=realistic seed=7 operations=1000 samples=19844 maximum_stroke=198 load_us=357955 raw_source=1 lod_copies=0
[17:56:50] TINYDRAW_GATE1_PACED_COLD corpus=seed7 zoom=400 x=63 y=63 steps=281 tiles=56 compute_us=275193 present_us=77795 touch_us=384 pacing_us=8599 wall_us=361971 max_tick_us=12591 touch_samples=910 touch_interval_max_us=1957 touch_read_max_us=460 touch_events=0 touch_down=0 touch_up=0 touch_events_ge_8ms=0 touch_event_age_max_us=0 touch_errors=0 touch_overflows=0 pass=1
[17:56:50] TINYDRAW_LIVE_PRESENT kind=gate_fallback zoom=100 x=0 y=0 compose_us=24852 scroll_us=0 exposed_compose_us=0 chrome_us=0 read_submit_us=34081 read_complete_us=34881 transfer_wait_us=19725 tile_pixels=0 uniform_pixels=0 overview_pixels=0 fallback_pixels=164864 resident_tiles=0 fallback_tiles=42 pushes=21 tear_wait_us=8404 tear_sync=1 frame_reused=0 pass=1
[17:56:52] TINYDRAW_GATE1_HARD zoom=100 cold=1 operations=1000 samples=19844 steps=275 tiles=42 scanned=12000 rendered=5232 max_supertask_us=9555 presentation_us=61182 total_us=374765 pass=1
[17:56:52] TINYDRAW_GATE1_PAN zoom=100 from_x=0 from_y=0 to_x=88 to_y=88 compose_us=27247 scroll_us=11388 exposed_compose_us=15859 chrome_us=0 event_submit_us=30726 event_complete_us=31530 transfer_us=20230 setup=1 present=1 moved=1 frame_reused=1 pass=1
[17:56:52] TINYDRAW_LIVE_PRESENT kind=gate_fallback zoom=400 x=0 y=0 compose_us=24134 scroll_us=0 exposed_compose_us=0 chrome_us=0 read_submit_us=36639 read_complete_us=37439 transfer_wait_us=19816 tile_pixels=0 uniform_pixels=0 overview_pixels=0 fallback_pixels=164864 resident_tiles=0 fallback_tiles=42 pushes=21 tear_wait_us=11592 tear_sync=1 frame_reused=0 pass=1
[17:56:52] TINYDRAW_GATE1_HARD zoom=400 cold=1 operations=1000 samples=19844 steps=211 tiles=42 scanned=12000 rendered=591 max_supertask_us=11062 presentation_us=63365 total_us=262444 pass=1
[17:56:52] TINYDRAW_GATE1_PAN zoom=400 from_x=0 from_y=0 to_x=88 to_y=88 compose_us=27179 scroll_us=11386 exposed_compose_us=15793 chrome_us=0 event_submit_us=30005 event_complete_us=30809 transfer_us=19950 setup=1 present=1 moved=1 frame_reused=1 pass=1
[17:56:52] TINYDRAW_GATE1_DRAW_FILL zoom=400 revision=2140 append_us=1175 poll_gap_us=88 event_submit_us=2313 event_complete_us=2485 max_compute_slice_us=4928 max_display_slice_us=11106 fill_us=256369 revision_restarted=1 pass=1
=== RUN 15 ===
[17:56:53] TINYDRAW_GATE1_LONG_GESTURE path=reference samples=1600 chunks=2ESP-ROM:esp32s3-20210327
[17:56:53] Build:Mar 27 2021
[17:56:53] rst:0x15 (USB_UART_CHIP_RESET),boot:0x2b (SPI_FAST_FLASH_BOOT)
[17:56:53] Saved PC:0x4201fbd8
[17:56:53] SPIWP:0xee
[17:56:53] mode:DIO, clock div:1
[17:56:53] load:0x3fce2820,len:0x1664
[17:56:53] load:0x403c8700,len:0xf38
[17:56:53] load:0x403cb700,len:0x31e8
[17:56:53] entry 0x403c8930
[17:56:53] I (24) boot: ESP-IDF v6.0.2 2nd stage bootloader
[17:56:53] I (24) boot: compile time Aug 14 2026 17:53:22
[17:56:53] I (25) boot: Multicore bootloader
[17:56:53] I (25) boot: chip revision: v0.2
[17:56:53] I (28) boot: efuse block revision: v1.3
[17:56:53] I (31) qio_mode: Enabling default flash chip QIO
[17:56:53] I (36) boot.esp32s3: Boot SPI Speed : 80MHz
[17:56:53] I (39) boot.esp32s3: SPI Mode       : QIO
[17:56:53] I (43) boot.esp32s3: SPI Flash Size : 16MB
[17:56:53] I (47) boot: Enabling RNG early entropy source...
[17:56:53] I (51) boot: Partition Table:
[17:56:53] I (54) boot: ## Label            Usage          Type ST Offset   Length
[17:56:53] I (60) boot:  0 nvs              WiFi data        01 02 00009000 00006000
[17:56:53] I (67) boot:  1 phy_init         RF data          01 01 0000f000 00001000
[17:56:53] I (73) boot:  2 factory          factory app      00 00 00010000 00100000
[17:56:53] I (80) boot:  3 drawing          Unknown data     01 40 00110000 00300000
[17:56:53] I (86) boot:  4 export           Unknown data     01 41 00410000 00500000
[17:56:53] I (93) boot:  5 coredump         Unknown data     01 03 00910000 00010000
[17:56:53] I (100) boot: End of partition table
[17:56:53] I (103) esp_image: segment 0: paddr=00010020 vaddr=3c040020 size=133dch ( 78812) map
[17:56:53] I (123) esp_image: segment 1: paddr=00023404 vaddr=3fc94500 size=03764h ( 14180) load
[17:56:53] I (126) esp_image: segment 2: paddr=00026b70 vaddr=40374000 size=094a8h ( 38056) load
[17:56:53] I (134) esp_image: segment 3: paddr=00030020 vaddr=42000020 size=3c574h (247156) map
[17:56:53] I (173) esp_image: segment 4: paddr=0006c59c vaddr=4037d4a8 size=06fb4h ( 28596) load
[17:56:53] I (179) esp_image: segment 5: paddr=00073558 vaddr=50000000 size=00024h (    36) load
[17:56:53] I (186) boot: Loaded app from partition at offset 0x10000
[17:56:53] I (186) boot: Disabling RNG early entropy source...
[17:56:53] I (198) octal_psram: vendor id    : 0x0d (AP)
[17:56:53] I (198) octal_psram: dev id       : 0x02 (generation 3)
[17:56:53] I (198) octal_psram: density      : 0x03 (64 Mbit)
[17:56:53] I (200) octal_psram: good-die     : 0x01 (Pass)
[17:56:53] I (205) octal_psram: Latency      : 0x01 (Fixed)
[17:56:53] I (209) octal_psram: VCC          : 0x01 (3V)
[17:56:53] I (213) octal_psram: SRF          : 0x01 (Fast Refresh)
[17:56:53] I (218) octal_psram: BurstType    : 0x01 (Hybrid Wrap)
[17:56:53] I (223) octal_psram: BurstLen     : 0x01 (32 Byte)
[17:56:53] I (227) octal_psram: Readlatency  : 0x02 (10 cycles@Fixed)
[17:56:53] I (233) octal_psram: DriveStrength: 0x00 (1/1)
[17:56:53] I (237) MSPI Timing: Enter psram timing tuning
[17:56:53] I (242) esp_psram: Found 8MB PSRAM device
[17:56:53] I (245) esp_psram: Speed: 80MHz
[17:56:53] I (248) cpu_start: Multicore app
[17:56:53] I (664) esp_psram: SPI SRAM memory test OK
[17:56:53] I (672) cpu_start: GPIO 44 and 43 are used as console UART I/O pins
[17:56:53] I (672) cpu_start: Pro cpu start user code
[17:56:53] I (672) cpu_start: cpu freq: 240000000 Hz
[17:56:53] I (674) app_init: Application information:
[17:56:53] I (678) app_init: Project name:     tinydraw_esp32
[17:56:53] I (682) app_init: App version:      f20c201-dirty
[17:56:53] I (687) app_init: Compile time:     Aug 14 2026 17:53:17
[17:56:53] I (692) app_init: ELF file SHA256:  255ccc852...
[17:56:53] I (696) app_init: ESP-IDF:          v6.0.2
[17:56:53] I (700) efuse_init: Min chip rev:     v0.0
[17:56:54] I (704) efuse_init: Max chip rev:     v0.99 
[17:56:54] I (708) efuse_init: Chip rev:         v0.2
[17:56:54] I (712) heap_init: Initializing. RAM available for dynamic allocation:
[17:56:54] I (718) heap_init: At 3FC99090 len 00050680 (321 KiB): RAM
[17:56:54] I (723) heap_init: At 3FCE9710 len 00005724 (21 KiB): RAM
[17:56:54] I (728) heap_init: At 3FCF0000 len 00008000 (32 KiB): DRAM
[17:56:54] I (733) heap_init: At 600FE000 len 00001FE8 (7 KiB): RTCRAM
[17:56:54] I (739) esp_psram: Adding pool of 8192K of PSRAM memory to heap allocator
[17:56:54] I (746) spi_flash: detected chip: generic
[17:56:54] I (749) spi_flash: flash io: qio
[17:56:54] I (752) sleep_gpio: Configure to isolate all GPIO pins in sleep state
[17:56:54] I (758) sleep_gpio: Enable automatic switching of GPIO sleep configuration
[17:56:54] I (765) main_task: Started on CPU0
[17:56:54] I (768) main_task: Calling app_main()
[17:56:54] TINYDRAW_PANEL_HARD_RESET=1
[17:56:54] I (965) co5300: version: 2.1.0
[17:56:54] I (966) co5300_spi: LCD panel create success, version: 2.1.0
[17:56:54] W (1046) co5300_spi: The 3Ah command has been used and will be overwritten by external initialization sequence
[17:56:54] I (1147) CST816S: IC id: 183
[17:56:54] TINYDRAW_LIVE_PRESENT kind=startup zoom=25 x=0 y=0 compose_us=35230 scroll_us=0 exposed_compose_us=0 chrome_us=0 read_submit_us=0 read_complete_us=0 transfer_wait_us=19630 tile_pixels=0 uniform_pixels=0 overview_pixels=164864 fallback_pixels=0 resident_tiles=0 fallback_tiles=0 pushes=21 tear_wait_us=9671 tear_sync=1 frame_reused=0 pass=1
[17:56:54] TINYDRAW_LIVE_STRESS operations=1000 samples=20000 total_us=434453 average_us=434 maximum_us=886 free_psram=2515208 largest_psram=2490368
[17:56:55] TINYDRAW_LIVE_PRESENT kind=gate_fallback zoom=100 x=0 y=0 compose_us=24556 scroll_us=0 exposed_compose_us=0 chrome_us=0 read_submit_us=30607 read_complete_us=31407 transfer_wait_us=19841 tile_pixels=0 uniform_pixels=0 overview_pixels=0 fallback_pixels=164864 resident_tiles=0 fallback_tiles=42 pushes=21 tear_wait_us=5119 tear_sync=1 frame_reused=0 pass=1
[17:56:55] TINYDRAW_GATE1_HARD zoom=100 cold=1 operations=1000 samples=20000 steps=192 tiles=42 scanned=12000 rendered=1659 max_supertask_us=9322 presentation_us=62965 total_us=268168 pass=1
[17:56:55] TINYDRAW_LIVE_PRESENT kind=gate_fallback zoom=400 x=0 y=0 compose_us=24116 scroll_us=0 exposed_compose_us=0 chrome_us=0 read_submit_us=38456 read_complete_us=39256 transfer_wait_us=19724 tile_pixels=0 uniform_pixels=0 overview_pixels=0 fallback_pixels=164864 resident_tiles=0 fallback_tiles=42 pushes=21 tear_wait_us=13497 tear_sync=1 frame_reused=0 pass=1
[17:56:55] TINYDRAW_GATE1_HARD zoom=400 cold=1 operations=1000 samples=20000 steps=196 tiles=42 scanned=12000 rendered=120 max_supertask_us=8665 presentation_us=60657 total_us=199504 pass=1
[17:56:56] TINYDRAW_OVERLAP_WORKLOAD operations=8 samples=1200 radius_world=80
[17:56:56] TINYDRAW_GATE1_PACED_COLD corpus=overlap zoom=50 x=215 y=255 steps=334 tiles=56 compute_us=378038 present_us=77521 touch_us=574 pacing_us=8893 wall_us=465026 max_tick_us=10149 touch_samples=2159 touch_interval_max_us=1914 touch_read_max_us=619 touch_events=0 touch_down=0 touch_up=0 touch_events_ge_8ms=0 touch_event_age_max_us=0 touch_errors=0 touch_overflows=0 pass=1
[17:56:57] TINYDRAW_GATE1_PACED_COLD corpus=overlap zoom=100 x=583 y=703 steps=172 tiles=48 compute_us=233554 present_us=75524 touch_us=395 pacing_us=6503 wall_us=315976 max_tick_us=9587 touch_samples=388 touch_interval_max_us=1154 touch_read_max_us=447 touch_events=0 touch_down=0 touch_up=0 touch_events_ge_8ms=0 touch_event_age_max_us=0 touch_errors=0 touch_overflows=0 pass=1
[17:56:57] TINYDRAW_GATE1_PACED_COLD corpus=overlap zoom=200 x=1319 y=1599 steps=128 tiles=56 compute_us=234371 present_us=74303 touch_us=371 pacing_us=5928 wall_us=314973 max_tick_us=9693 touch_samples=386 touch_interval_max_us=1108 touch_read_max_us=422 touch_events=0 touch_down=0 touch_up=0 touch_events_ge_8ms=0 touch_event_age_max_us=0 touch_errors=0 touch_overflows=0 pass=1
[17:56:57] TINYDRAW_GATE1_PACED_COLD corpus=overlap zoom=400 x=2791 y=3391 steps=94 tiles=56 compute_us=219389 present_us=73038 touch_us=347 pacing_us=5178 wall_us=297952 max_tick_us=9816 touch_samples=370 touch_interval_max_us=1158 touch_read_max_us=471 touch_events=0 touch_down=0 touch_up=0 touch_events_ge_8ms=0 touch_event_age_max_us=0 touch_errors=0 touch_overflows=0 pass=1
[17:56:58] TINYDRAW_ADVERSARIAL_TAPERED_WORKLOAD operations=128 samples=4096 erasers=12 load_us=218707 appended=1
[17:56:58] TINYDRAW_GATE1_PACED_COLD corpus=adversarial_tapered_4x zoom=50 x=0 y=0 steps=104 tiles=42 compute_us=98931 present_us=56034 touch_us=246 pacing_us=5762 wall_us=160973 max_tick_us=6784 touch_samples=501 touch_interval_max_us=1141 touch_read_max_us=427 touch_events=0 touch_down=0 touch_up=0 touch_events_ge_8ms=0 touch_event_age_max_us=0 touch_errors=0 touch_overflows=0 pass=1
[17:56:58] TINYDRAW_GATE1_PACED_COLD corpus=adversarial_tapered_4x zoom=100 x=0 y=0 steps=348 tiles=42 compute_us=164905 present_us=55635 touch_us=393 pacing_us=6039 wall_us=226972 max_tick_us=7597 touch_samples=302 touch_interval_max_us=1150 touch_read_max_us=417 touch_events=0 touch_down=0 touch_up=0 touch_events_ge_8ms=0 touch_event_age_max_us=0 touch_errors=0 touch_overflows=0 pass=1
[17:56:59] TINYDRAW_GATE1_PACED_COLD corpus=adversarial_tapered_4x zoom=200 x=0 y=0 steps=1214 tiles=42 compute_us=462305 present_us=57139 touch_us=930 pacing_us=19579 wall_us=539953 max_tick_us=8771 touch_samples=615 touch_interval_max_us=1150 touch_read_max_us=409 touch_events=0 touch_down=0 touch_up=0 touch_events_ge_8ms=0 touch_event_age_max_us=0 touch_errors=0 touch_overflows=0 pass=1
[17:57:00] TINYDRAW_GATE1_PACED_COLD corpus=adversarial_tapered_4x zoom=400 x=0 y=0 steps=904 tiles=42 compute_us=567280 present_us=60988 touch_us=973 pacing_us=15016 wall_us=644257 max_tick_us=9574 touch_samples=726 touch_interval_max_us=1150 touch_read_max_us=436 touch_events=0 touch_down=0 touch_up=0 touch_events_ge_8ms=0 touch_event_age_max_us=0 touch_errors=0 touch_overflows=0 pass=1
[17:57:00] TINYDRAW_GATE1_WORKLOAD kind=realistic seed=7 operations=1000 samples=19844 maximum_stroke=198 load_us=358352 raw_source=1 lod_copies=0
[17:57:01] TINYDRAW_GATE1_PACED_COLD corpus=seed7 zoom=400 x=63 y=63 steps=281 tiles=56 compute_us=275048 present_us=77967 touch_us=374 pacing_us=8583 wall_us=361972 max_tick_us=12625 touch_samples=911 touch_interval_max_us=1946 touch_read_max_us=478 touch_events=0 touch_down=0 touch_up=0 touch_events_ge_8ms=0 touch_event_age_max_us=0 touch_errors=0 touch_overflows=0 pass=1
[17:57:01] TINYDRAW_LIVE_PRESENT kind=gate_fallback zoom=100 x=0 y=0 compose_us=24831 scroll_us=0 exposed_compose_us=0 chrome_us=0 read_submit_us=33639 read_complete_us=34429 transfer_wait_us=20169 tile_pixels=0 uniform_pixels=0 overview_pixels=0 fallback_pixels=164864 resident_tiles=0 fallback_tiles=42 pushes=21 tear_wait_us=7941 tear_sync=1 frame_reused=0 pass=1
[17:57:03] TINYDRAW_GATE1_HARD zoom=100 cold=1 operations=1000 samples=19844 steps=275 tiles=42 scanned=12000 rendered=5232 max_supertask_us=9449 presentation_us=62835 total_us=376785 pass=1
[17:57:03] TINYDRAW_GATE1_PAN zoom=100 from_x=0 from_y=0 to_x=88 to_y=88 compose_us=27201 scroll_us=11392 exposed_compose_us=15809 chrome_us=0 event_submit_us=30403 event_complete_us=31207 transfer_us=20554 setup=1 present=1 moved=1 frame_reused=1 pass=1
[17:57:03] TINYDRAW_LIVE_PRESENT kind=gate_fallback zoom=400 x=0 y=0 compose_us=24134 scroll_us=0 exposed_compose_us=0 chrome_us=0 read_submit_us=36228 read_complete_us=37030 transfer_wait_us=20223 tile_pixels=0 uniform_pixels=0 overview_pixels=0 fallback_pixels=164864 resident_tiles=0 fallback_tiles=42 pushes=21 tear_wait_us=11234 tear_sync=1 frame_reused=0 pass=1
[17:57:03] TINYDRAW_GATE1_HARD zoom=400 cold=1 operations=1000 samples=19844 steps=211 tiles=42 scanned=12000 rendered=591 max_supertask_us=11050 presentation_us=62392 total_us=261367 pass=1
[17:57:03] TINYDRAW_GATE1_PAN zoom=400 from_x=0 from_y=0 to_x=88 to_y=88 compose_us=27134 scroll_us=11404 exposed_compose_us=15730 chrome_us=0 event_submit_us=30492 event_complete_us=31290 transfer_us=20463 setup=1 present=1 moved=1 frame_reused=1 pass=1
[17:57:03] TINYDRAW_GATE1_DRAW_FILL zoom=400 revision=2140 append_us=1170 poll_gap_us=88 event_submit_us=2312 event_complete_us=2490 max_compute_slice_us=4956 max_display_slice_us=11099 fill_us=257333 revision_restarted=1 pass=1
=== RUN 16 ===
[17:57:04] TINYDRAW_GATE1_LONG_GESTURE path=reference samples=1600 chunks=2ESP-ROM:esp32s3-20210327
[17:57:04] Build:Mar 27 2021
[17:57:04] rst:0x15 (USB_UART_CHIP_RESET),boot:0x2b (SPI_FAST_FLASH_BOOT)
[17:57:04] Saved PC:0x40057076
[17:57:04] SPIWP:0xee
[17:57:04] mode:DIO, clock div:1
[17:57:04] load:0x3fce2820,len:0x1664
[17:57:04] load:0x403c8700,len:0xf38
[17:57:04] load:0x403cb700,len:0x31e8
[17:57:04] entry 0x403c8930
[17:57:04] I (24) boot: ESP-IDF v6.0.2 2nd stage bootloader
[17:57:04] I (24) boot: compile time Aug 14 2026 17:53:22
[17:57:04] I (25) boot: Multicore bootloader
[17:57:04] I (25) boot: chip revision: v0.2
[17:57:04] I (28) boot: efuse block revision: v1.3
[17:57:04] I (31) qio_mode: Enabling default flash chip QIO
[17:57:04] I (36) boot.esp32s3: Boot SPI Speed : 80MHz
[17:57:04] I (39) boot.esp32s3: SPI Mode       : QIO
[17:57:04] I (43) boot.esp32s3: SPI Flash Size : 16MB
[17:57:04] I (47) boot: Enabling RNG early entropy source...
[17:57:04] I (51) boot: Partition Table:
[17:57:04] I (54) boot: ## Label            Usage          Type ST Offset   Length
[17:57:04] I (60) boot:  0 nvs              WiFi data        01 02 00009000 00006000
[17:57:04] I (67) boot:  1 phy_init         RF data          01 01 0000f000 00001000
[17:57:04] I (73) boot:  2 factory          factory app      00 00 00010000 00100000
[17:57:04] I (80) boot:  3 drawing          Unknown data     01 40 00110000 00300000
[17:57:04] I (86) boot:  4 export           Unknown data     01 41 00410000 00500000
[17:57:04] I (93) boot:  5 coredump         Unknown data     01 03 00910000 00010000
[17:57:04] I (100) boot: End of partition table
[17:57:04] I (103) esp_image: segment 0: paddr=00010020 vaddr=3c040020 size=133dch ( 78812) map
[17:57:04] I (123) esp_image: segment 1: paddr=00023404 vaddr=3fc94500 size=03764h ( 14180) load
[17:57:04] I (126) esp_image: segment 2: paddr=00026b70 vaddr=40374000 size=094a8h ( 38056) load
[17:57:04] I (134) esp_image: segment 3: paddr=00030020 vaddr=42000020 size=3c574h (247156) map
[17:57:04] I (173) esp_image: segment 4: paddr=0006c59c vaddr=4037d4a8 size=06fb4h ( 28596) load
[17:57:04] I (179) esp_image: segment 5: paddr=00073558 vaddr=50000000 size=00024h (    36) load
[17:57:04] I (186) boot: Loaded app from partition at offset 0x10000
[17:57:04] I (186) boot: Disabling RNG early entropy source...
[17:57:04] I (198) octal_psram: vendor id    : 0x0d (AP)
[17:57:04] I (198) octal_psram: dev id       : 0x02 (generation 3)
[17:57:04] I (198) octal_psram: density      : 0x03 (64 Mbit)
[17:57:04] I (200) octal_psram: good-die     : 0x01 (Pass)
[17:57:04] I (205) octal_psram: Latency      : 0x01 (Fixed)
[17:57:04] I (209) octal_psram: VCC          : 0x01 (3V)
[17:57:04] I (213) octal_psram: SRF          : 0x01 (Fast Refresh)
[17:57:04] I (218) octal_psram: BurstType    : 0x01 (Hybrid Wrap)
[17:57:04] I (223) octal_psram: BurstLen     : 0x01 (32 Byte)
[17:57:04] I (227) octal_psram: Readlatency  : 0x02 (10 cycles@Fixed)
[17:57:04] I (233) octal_psram: DriveStrength: 0x00 (1/1)
[17:57:04] I (237) MSPI Timing: Enter psram timing tuning
[17:57:04] I (242) esp_psram: Found 8MB PSRAM device
[17:57:04] I (245) esp_psram: Speed: 80MHz
[17:57:04] I (248) cpu_start: Multicore app
[17:57:04] I (664) esp_psram: SPI SRAM memory test OK
[17:57:04] I (672) cpu_start: GPIO 44 and 43 are used as console UART I/O pins
[17:57:04] I (672) cpu_start: Pro cpu start user code
[17:57:04] I (672) cpu_start: cpu freq: 240000000 Hz
[17:57:04] I (674) app_init: Application information:
[17:57:04] I (678) app_init: Project name:     tinydraw_esp32
[17:57:04] I (682) app_init: App version:      f20c201-dirty
[17:57:04] I (687) app_init: Compile time:     Aug 14 2026 17:53:17
[17:57:04] I (692) app_init: ELF file SHA256:  255ccc852...
[17:57:04] I (696) app_init: ESP-IDF:          v6.0.2
[17:57:04] I (700) efuse_init: Min chip rev:     v0.0
[17:57:04] I (704) efuse_init: Max chip rev:     v0.99 
[17:57:05] I (708) efuse_init: Chip rev:         v0.2
[17:57:05] I (712) heap_init: Initializing. RAM available for dynamic allocation:
[17:57:05] I (718) heap_init: At 3FC99090 len 00050680 (321 KiB): RAM
[17:57:05] I (723) heap_init: At 3FCE9710 len 00005724 (21 KiB): RAM
[17:57:05] I (728) heap_init: At 3FCF0000 len 00008000 (32 KiB): DRAM
[17:57:05] I (733) heap_init: At 600FE000 len 00001FE8 (7 KiB): RTCRAM
[17:57:05] I (739) esp_psram: Adding pool of 8192K of PSRAM memory to heap allocator
[17:57:05] I (746) spi_flash: detected chip: generic
[17:57:05] I (749) spi_flash: flash io: qio
[17:57:05] I (752) sleep_gpio: Configure to isolate all GPIO pins in sleep state
[17:57:05] I (758) sleep_gpio: Enable automatic switching of GPIO sleep configuration
[17:57:05] I (765) main_task: Started on CPU0
[17:57:05] I (768) main_task: Calling app_main()
[17:57:05] TINYDRAW_PANEL_HARD_RESET=1
[17:57:05] I (965) co5300: version: 2.1.0
[17:57:05] I (966) co5300_spi: LCD panel create success, version: 2.1.0
[17:57:05] W (1046) co5300_spi: The 3Ah command has been used and will be overwritten by external initialization sequence
[17:57:05] I (1147) CST816S: IC id: 183
[17:57:05] TINYDRAW_LIVE_PRESENT kind=startup zoom=25 x=0 y=0 compose_us=35230 scroll_us=0 exposed_compose_us=0 chrome_us=0 read_submit_us=0 read_complete_us=0 transfer_wait_us=19669 tile_pixels=0 uniform_pixels=0 overview_pixels=164864 fallback_pixels=0 resident_tiles=0 fallback_tiles=0 pushes=21 tear_wait_us=9633 tear_sync=1 frame_reused=0 pass=1
[17:57:05] TINYDRAW_LIVE_STRESS operations=1000 samples=20000 total_us=434863 average_us=434 maximum_us=892 free_psram=2515208 largest_psram=2490368
[17:57:06] TINYDRAW_LIVE_PRESENT kind=gate_fallback zoom=100 x=0 y=0 compose_us=24631 scroll_us=0 exposed_compose_us=0 chrome_us=0 read_submit_us=29946 read_complete_us=30745 transfer_wait_us=20102 tile_pixels=0 uniform_pixels=0 overview_pixels=0 fallback_pixels=164864 resident_tiles=0 fallback_tiles=42 pushes=21 tear_wait_us=4413 tear_sync=1 frame_reused=0 pass=1
[17:57:06] TINYDRAW_GATE1_HARD zoom=100 cold=1 operations=1000 samples=20000 steps=192 tiles=42 scanned=12000 rendered=1659 max_supertask_us=9342 presentation_us=62978 total_us=268074 pass=1
[17:57:06] TINYDRAW_LIVE_PRESENT kind=gate_fallback zoom=400 x=0 y=0 compose_us=24002 scroll_us=0 exposed_compose_us=0 chrome_us=0 read_submit_us=38415 read_complete_us=39214 transfer_wait_us=19872 tile_pixels=0 uniform_pixels=0 overview_pixels=0 fallback_pixels=164864 resident_tiles=0 fallback_tiles=42 pushes=21 tear_wait_us=13470 tear_sync=1 frame_reused=0 pass=1
[17:57:06] TINYDRAW_GATE1_HARD zoom=400 cold=1 operations=1000 samples=20000 steps=196 tiles=42 scanned=12000 rendered=120 max_supertask_us=8666 presentation_us=59650 total_us=198526 pass=1
[17:57:07] TINYDRAW_OVERLAP_WORKLOAD operations=8 samples=1200 radius_world=80
[17:57:07] TINYDRAW_GATE1_PACED_COLD corpus=overlap zoom=50 x=215 y=255 steps=334 tiles=56 compute_us=377969 present_us=78586 touch_us=604 pacing_us=10878 wall_us=468037 max_tick_us=10631 touch_samples=2164 touch_interval_max_us=1906 touch_read_max_us=619 touch_events=0 touch_down=0 touch_up=0 touch_events_ge_8ms=0 touch_event_age_max_us=0 touch_errors=0 touch_overflows=0 pass=1
[17:57:07] TINYDRAW_GATE1_PACED_COLD corpus=overlap zoom=100 x=583 y=703 steps=172 tiles=48 compute_us=233727 present_us=75424 touch_us=401 pacing_us=6421 wall_us=315973 max_tick_us=9593 touch_samples=386 touch_interval_max_us=1156 touch_read_max_us=429 touch_events=0 touch_down=0 touch_up=0 touch_events_ge_8ms=0 touch_event_age_max_us=0 touch_errors=0 touch_overflows=0 pass=1
[17:57:08] TINYDRAW_GATE1_PACED_COLD corpus=overlap zoom=200 x=1319 y=1599 steps=128 tiles=56 compute_us=234525 present_us=74213 touch_us=372 pacing_us=5863 wall_us=314973 max_tick_us=9683 touch_samples=386 touch_interval_max_us=1115 touch_read_max_us=443 touch_events=0 touch_down=0 touch_up=0 touch_events_ge_8ms=0 touch_event_age_max_us=0 touch_errors=0 touch_overflows=0 pass=1
[17:57:08] TINYDRAW_GATE1_PACED_COLD corpus=overlap zoom=400 x=2791 y=3391 steps=94 tiles=56 compute_us=219541 present_us=73903 touch_us=352 pacing_us=5174 wall_us=298970 max_tick_us=9855 touch_samples=371 touch_interval_max_us=1165 touch_read_max_us=448 touch_events=0 touch_down=0 touch_up=0 touch_events_ge_8ms=0 touch_event_age_max_us=0 touch_errors=0 touch_overflows=0 pass=1
[17:57:08] TINYDRAW_ADVERSARIAL_TAPERED_WORKLOAD operations=128 samples=4096 erasers=12 load_us=218266 appended=1
[17:57:09] TINYDRAW_GATE1_PACED_COLD corpus=adversarial_tapered_4x zoom=50 x=0 y=0 steps=104 tiles=42 compute_us=98628 present_us=55763 touch_us=264 pacing_us=5314 wall_us=159969 max_tick_us=6793 touch_samples=500 touch_interval_max_us=1166 touch_read_max_us=440 touch_events=0 touch_down=0 touch_up=0 touch_events_ge_8ms=0 touch_event_age_max_us=0 touch_errors=0 touch_overflows=0 pass=1
[17:57:09] TINYDRAW_GATE1_PACED_COLD corpus=adversarial_tapered_4x zoom=100 x=0 y=0 steps=348 tiles=42 compute_us=165442 present_us=55559 touch_us=391 pacing_us=8581 wall_us=229973 max_tick_us=9790 touch_samples=305 touch_interval_max_us=1140 touch_read_max_us=418 touch_events=0 touch_down=0 touch_up=0 touch_events_ge_8ms=0 touch_event_age_max_us=0 touch_errors=0 touch_overflows=0 pass=1
[17:57:11] TINYDRAW_GATE1_PACED_COLD corpus=adversarial_tapered_4x zoom=200 x=0 y=0 steps=1214 tiles=42 compute_us=461014 present_us=57757 touch_us=874 pacing_us=18327 wall_us=537972 max_tick_us=10223 touch_samples=611 touch_interval_max_us=1135 touch_read_max_us=399 touch_events=0 touch_down=0 touch_up=0 touch_events_ge_8ms=0 touch_event_age_max_us=0 touch_errors=0 touch_overflows=0 pass=1
[17:57:11] TINYDRAW_GATE1_PACED_COLD corpus=adversarial_tapered_4x zoom=400 x=0 y=0 steps=904 tiles=42 compute_us=567052 present_us=61686 touch_us=981 pacing_us=14634 wall_us=644353 max_tick_us=9547 touch_samples=728 touch_interval_max_us=1141 touch_read_max_us=429 touch_events=0 touch_down=0 touch_up=0 touch_events_ge_8ms=0 touch_event_age_max_us=0 touch_errors=0 touch_overflows=0 pass=1
[17:57:11] TINYDRAW_GATE1_WORKLOAD kind=realistic seed=7 operations=1000 samples=19844 maximum_stroke=198 load_us=359299 raw_source=1 lod_copies=0
[17:57:11] TINYDRAW_GATE1_PACED_COLD corpus=seed7 zoom=400 x=63 y=63 steps=281 tiles=56 compute_us=275166 present_us=77779 touch_us=406 pacing_us=8619 wall_us=361970 max_tick_us=12625 touch_samples=912 touch_interval_max_us=1536 touch_read_max_us=467 touch_events=0 touch_down=0 touch_up=0 touch_events_ge_8ms=0 touch_event_age_max_us=0 touch_errors=0 touch_overflows=0 pass=1
[17:57:13] TINYDRAW_LIVE_PRESENT kind=gate_fallback zoom=100 x=0 y=0 compose_us=24870 scroll_us=0 exposed_compose_us=0 chrome_us=0 read_submit_us=34295 read_complete_us=35097 transfer_wait_us=20512 tile_pixels=0 uniform_pixels=0 overview_pixels=0 fallback_pixels=164864 resident_tiles=0 fallback_tiles=42 pushes=21 tear_wait_us=8621 tear_sync=1 frame_reused=0 pass=1
[17:57:13] TINYDRAW_GATE1_HARD zoom=100 cold=1 operations=1000 samples=19844 steps=275 tiles=42 scanned=12000 rendered=5232 max_supertask_us=9514 presentation_us=61581 total_us=374811 pass=1
[17:57:13] TINYDRAW_GATE1_PAN zoom=100 from_x=0 from_y=0 to_x=88 to_y=88 compose_us=27251 scroll_us=11388 exposed_compose_us=15863 chrome_us=0 event_submit_us=30249 event_complete_us=31052 transfer_us=19708 setup=1 present=1 moved=1 frame_reused=1 pass=1
[17:57:13] TINYDRAW_LIVE_PRESENT kind=gate_fallback zoom=400 x=0 y=0 compose_us=24137 scroll_us=0 exposed_compose_us=0 chrome_us=0 read_submit_us=37116 read_complete_us=37915 transfer_wait_us=20338 tile_pixels=0 uniform_pixels=0 overview_pixels=0 fallback_pixels=164864 resident_tiles=0 fallback_tiles=42 pushes=21 tear_wait_us=12115 tear_sync=1 frame_reused=0 pass=1
[17:57:13] TINYDRAW_GATE1_HARD zoom=400 cold=1 operations=1000 samples=19844 steps=211 tiles=42 scanned=12000 rendered=591 max_supertask_us=11044 presentation_us=63374 total_us=262387 pass=1
[17:57:13] TINYDRAW_GATE1_PAN zoom=400 from_x=0 from_y=0 to_x=88 to_y=88 compose_us=27163 scroll_us=11386 exposed_compose_us=15777 chrome_us=0 event_submit_us=29880 event_complete_us=30683 transfer_us=20076 setup=1 present=1 moved=1 frame_reused=1 pass=1
[17:57:13] TINYDRAW_GATE1_DRAW_FILL zoom=400 revision=2140 append_us=1176 poll_gap_us=88 event_submit_us=2311 event_complete_us=2488 max_compute_slice_us=4928 max_display_slice_us=11034 fill_us=255367 revision_restarted=1 pass=1
=== RUN 17 ===
[17:57:15] ESP-ROM:esp32s3-20210327
[17:57:15] Build:Mar 27 2021
[17:57:15] rst:0x15 (USB_UART_CHIP_RESET),boot:0x2b (SPI_FAST_FLASH_BOOT)
[17:57:15] Saved PC:0x4201e216
[17:57:15] SPIWP:0xee
[17:57:15] mode:DIO, clock div:1
[17:57:15] load:0x3fce2820,len:0x1664
[17:57:15] load:0x403c8700,len:0xf38
[17:57:15] load:0x403cb700,len:0x31e8
[17:57:15] entry 0x403c8930
[17:57:15] I (24) boot: ESP-IDF v6.0.2 2nd stage bootloader
[17:57:15] I (24) boot: compile time Aug 14 2026 17:53:22
[17:57:15] I (25) boot: Multicore bootloader
[17:57:15] I (25) boot: chip revision: v0.2
[17:57:15] I (28) boot: efuse block revision: v1.3
[17:57:15] I (31) qio_mode: Enabling default flash chip QIO
[17:57:15] I (36) boot.esp32s3: Boot SPI Speed : 80MHz
[17:57:15] I (39) boot.esp32s3: SPI Mode       : QIO
[17:57:15] I (43) boot.esp32s3: SPI Flash Size : 16MB
[17:57:15] I (47) boot: Enabling RNG early entropy source...
[17:57:15] I (51) boot: Partition Table:
[17:57:15] I (54) boot: ## Label            Usage          Type ST Offset   Length
[17:57:15] I (60) boot:  0 nvs              WiFi data        01 02 00009000 00006000
[17:57:15] I (67) boot:  1 phy_init         RF data          01 01 0000f000 00001000
[17:57:15] I (73) boot:  2 factory          factory app      00 00 00010000 00100000
[17:57:15] I (80) boot:  3 drawing          Unknown data     01 40 00110000 00300000
[17:57:15] I (86) boot:  4 export           Unknown data     01 41 00410000 00500000
[17:57:15] I (93) boot:  5 coredump         Unknown data     01 03 00910000 00010000
[17:57:15] I (100) boot: End of partition table
[17:57:15] I (103) esp_image: segment 0: paddr=00010020 vaddr=3c040020 size=133dch ( 78812) map
[17:57:15] I (123) esp_image: segment 1: paddr=00023404 vaddr=3fc94500 size=03764h ( 14180) load
[17:57:15] I (126) esp_image: segment 2: paddr=00026b70 vaddr=40374000 size=094a8h ( 38056) load
[17:57:15] I (134) esp_image: segment 3: paddr=00030020 vaddr=42000020 size=3c574h (247156) map
[17:57:15] I (173) esp_image: segment 4: paddr=0006c59c vaddr=4037d4a8 size=06fb4h ( 28596) load
[17:57:15] I (179) esp_image: segment 5: paddr=00073558 vaddr=50000000 size=00024h (    36) load
[17:57:15] I (186) boot: Loaded app from partition at offset 0x10000
[17:57:15] I (186) boot: Disabling RNG early entropy source...
[17:57:15] I (198) octal_psram: vendor id    : 0x0d (AP)
[17:57:15] I (198) octal_psram: dev id       : 0x02 (generation 3)
[17:57:15] I (198) octal_psram: density      : 0x03 (64 Mbit)
[17:57:15] I (200) octal_psram: good-die     : 0x01 (Pass)
[17:57:15] I (205) octal_psram: Latency      : 0x01 (Fixed)
[17:57:15] I (209) octal_psram: VCC          : 0x01 (3V)
[17:57:15] I (213) octal_psram: SRF          : 0x01 (Fast Refresh)
[17:57:15] I (218) octal_psram: BurstType    : 0x01 (Hybrid Wrap)
[17:57:15] I (223) octal_psram: BurstLen     : 0x01 (32 Byte)
[17:57:15] I (227) octal_psram: Readlatency  : 0x02 (10 cycles@Fixed)
[17:57:15] I (233) octal_psram: DriveStrength: 0x00 (1/1)
[17:57:15] I (237) MSPI Timing: Enter psram timing tuning
[17:57:15] I (242) esp_psram: Found 8MB PSRAM device
[17:57:15] I (245) esp_psram: Speed: 80MHz
[17:57:15] I (248) cpu_start: Multicore app
[17:57:15] I (664) esp_psram: SPI SRAM memory test OK
[17:57:15] I (672) cpu_start: GPIO 44 and 43 are used as console UART I/O pins
[17:57:15] I (672) cpu_start: Pro cpu start user code
[17:57:15] I (672) cpu_start: cpu freq: 240000000 Hz
[17:57:15] I (674) app_init: Application information:
[17:57:15] I (678) app_init: Project name:     tinydraw_esp32
[17:57:15] I (682) app_init: App version:      f20c201-dirty
[17:57:15] I (687) app_init: Compile time:     Aug 14 2026 17:53:17
[17:57:15] I (692) app_init: ELF file SHA256:  255ccc852...
[17:57:15] I (696) app_init: ESP-IDF:          v6.0.2
[17:57:15] I (700) efuse_init: Min chip rev:     v0.0
[17:57:15] I (704) efuse_init: Max chip rev:     v0.99 
[17:57:15] I (708) efuse_init: Chip rev:         v0.2
[17:57:15] I (712) heap_init: Initializing. RAM available for dynamic allocation:
[17:57:15] I (718) heap_init: At 3FC99090 len 00050680 (321 KiB): RAM
[17:57:15] I (723) heap_init: At 3FCE9710 len 00005724 (21 KiB): RAM
[17:57:15] I (728) heap_init: At 3FCF0000 len 00008000 (32 KiB): DRAM
[17:57:15] I (733) heap_init: At 600FE000 len 00001FE8 (7 KiB): RTCRAM
[17:57:15] I (739) esp_psram: Adding pool of 8192K of PSRAM memory to heap allocator
[17:57:15] I (746) spi_flash: detected chip: generic
[17:57:15] I (749) spi_flash: flash io: qio
[17:57:15] I (752) sleep_gpio: Configure to isolate all GPIO pins in sleep state
[17:57:15] I (758) sleep_gpio: Enable automatic switching of GPIO sleep configuration
[17:57:15] I (765) main_task: Started on CPU0
[17:57:15] I (768) main_task: Calling app_main()
[17:57:16] TINYDRAW_PANEL_HARD_RESET=1
[17:57:16] I (965) co5300: version: 2.1.0
[17:57:16] I (966) co5300_spi: LCD panel create success, version: 2.1.0
[17:57:16] W (1046) co5300_spi: The 3Ah command has been used and will be overwritten by external initialization sequence
[17:57:16] I (1147) CST816S: IC id: 183
[17:57:16] TINYDRAW_LIVE_PRESENT kind=startup zoom=25 x=0 y=0 compose_us=35230 scroll_us=0 exposed_compose_us=0 chrome_us=0 read_submit_us=0 read_complete_us=0 transfer_wait_us=19567 tile_pixels=0 uniform_pixels=0 overview_pixels=164864 fallback_pixels=0 resident_tiles=0 fallback_tiles=0 pushes=21 tear_wait_us=9734 tear_sync=1 frame_reused=0 pass=1
[17:57:16] TINYDRAW_LIVE_STRESS operations=1000 samples=20000 total_us=434862 average_us=434 maximum_us=891 free_psram=2515208 largest_psram=2490368
[17:57:16] TINYDRAW_LIVE_PRESENT kind=gate_fallback zoom=100 x=0 y=0 compose_us=24663 scroll_us=0 exposed_compose_us=0 chrome_us=0 read_submit_us=30388 read_complete_us=31188 transfer_wait_us=19656 tile_pixels=0 uniform_pixels=0 overview_pixels=0 fallback_pixels=164864 resident_tiles=0 fallback_tiles=42 pushes=21 tear_wait_us=4866 tear_sync=1 frame_reused=0 pass=1
[17:57:17] TINYDRAW_GATE1_HARD zoom=100 cold=1 operations=1000 samples=20000 steps=192 tiles=42 scanned=12000 rendered=1659 max_supertask_us=9297 presentation_us=62993 total_us=268219 pass=1
[17:57:17] TINYDRAW_LIVE_PRESENT kind=gate_fallback zoom=400 x=0 y=0 compose_us=24004 scroll_us=0 exposed_compose_us=0 chrome_us=0 read_submit_us=38842 read_complete_us=39642 transfer_wait_us=20293 tile_pixels=0 uniform_pixels=0 overview_pixels=0 fallback_pixels=164864 resident_tiles=0 fallback_tiles=42 pushes=21 tear_wait_us=13989 tear_sync=1 frame_reused=0 pass=1
[17:57:17] TINYDRAW_GATE1_HARD zoom=400 cold=1 operations=1000 samples=20000 steps=196 tiles=42 scanned=12000 rendered=120 max_supertask_us=8655 presentation_us=60570 total_us=199487 pass=1
[17:57:17] TINYDRAW_OVERLAP_WORKLOAD operations=8 samples=1200 radius_world=80
[17:57:18] TINYDRAW_GATE1_PACED_COLD corpus=overlap zoom=50 x=215 y=255 steps=334 tiles=56 compute_us=378167 present_us=78568 touch_us=603 pacing_us=10706 wall_us=468044 max_tick_us=10123 touch_samples=2163 touch_interval_max_us=1900 touch_read_max_us=619 touch_events=0 touch_down=0 touch_up=0 touch_events_ge_8ms=0 touch_event_age_max_us=0 touch_errors=0 touch_overflows=0 pass=1
[17:57:18] TINYDRAW_GATE1_PACED_COLD corpus=overlap zoom=100 x=583 y=703 steps=172 tiles=48 compute_us=233846 present_us=75352 touch_us=389 pacing_us=6384 wall_us=315971 max_tick_us=9597 touch_samples=387 touch_interval_max_us=1160 touch_read_max_us=430 touch_events=0 touch_down=0 touch_up=0 touch_events_ge_8ms=0 touch_event_age_max_us=0 touch_errors=0 touch_overflows=0 pass=1
[17:57:19] TINYDRAW_GATE1_PACED_COLD corpus=overlap zoom=200 x=1319 y=1599 steps=128 tiles=56 compute_us=234586 present_us=73844 touch_us=352 pacing_us=6190 wall_us=314972 max_tick_us=9710 touch_samples=402 touch_interval_max_us=1119 touch_read_max_us=410 touch_events=0 touch_down=0 touch_up=0 touch_events_ge_8ms=0 touch_event_age_max_us=0 touch_errors=0 touch_overflows=0 pass=1
[17:57:19] TINYDRAW_GATE1_PACED_COLD corpus=overlap zoom=400 x=2791 y=3391 steps=94 tiles=56 compute_us=219456 present_us=73974 touch_us=339 pacing_us=5205 wall_us=298974 max_tick_us=9845 touch_samples=371 touch_interval_max_us=1169 touch_read_max_us=462 touch_events=0 touch_down=0 touch_up=0 touch_events_ge_8ms=0 touch_event_age_max_us=0 touch_errors=0 touch_overflows=0 pass=1
[17:57:19] TINYDRAW_ADVERSARIAL_TAPERED_WORKLOAD operations=128 samples=4096 erasers=12 load_us=218758 appended=1
[17:57:19] TINYDRAW_GATE1_PACED_COLD corpus=adversarial_tapered_4x zoom=50 x=0 y=0 steps=104 tiles=42 compute_us=98570 present_us=55795 touch_us=262 pacing_us=5344 wall_us=159971 max_tick_us=6791 touch_samples=500 touch_interval_max_us=1131 touch_read_max_us=409 touch_events=0 touch_down=0 touch_up=0 touch_events_ge_8ms=0 touch_event_age_max_us=0 touch_errors=0 touch_overflows=0 pass=1
[17:57:20] TINYDRAW_GATE1_PACED_COLD corpus=adversarial_tapered_4x zoom=100 x=0 y=0 steps=348 tiles=42 compute_us=165181 present_us=55598 touch_us=415 pacing_us=5780 wall_us=226974 max_tick_us=7593 touch_samples=302 touch_interval_max_us=1174 touch_read_max_us=435 touch_events=0 touch_down=0 touch_up=0 touch_events_ge_8ms=0 touch_event_age_max_us=0 touch_errors=0 touch_overflows=0 pass=1
[17:57:20] TINYDRAW_GATE1_PACED_COLD corpus=adversarial_tapered_4x zoom=200 x=0 y=0 steps=1214 tiles=42 compute_us=461999 present_us=57822 touch_us=926 pacing_us=18204 wall_us=538951 max_tick_us=8726 touch_samples=615 touch_interval_max_us=1162 touch_read_max_us=424 touch_events=0 touch_down=0 touch_up=0 touch_events_ge_8ms=0 touch_event_age_max_us=0 touch_errors=0 touch_overflows=0 pass=1
[17:57:21] TINYDRAW_GATE1_PACED_COLD corpus=adversarial_tapered_4x zoom=400 x=0 y=0 steps=904 tiles=42 compute_us=567581 present_us=61058 touch_us=936 pacing_us=14780 wall_us=644355 max_tick_us=9425 touch_samples=727 touch_interval_max_us=1151 touch_read_max_us=426 touch_events=0 touch_down=0 touch_up=0 touch_events_ge_8ms=0 touch_event_age_max_us=0 touch_errors=0 touch_overflows=0 pass=1
[17:57:22] TINYDRAW_GATE1_WORKLOAD kind=realistic seed=7 operations=1000 samples=19844 maximum_stroke=198 load_us=360525 raw_source=1 lod_copies=0
[17:57:22] TINYDRAW_GATE1_PACED_COLD corpus=seed7 zoom=400 x=63 y=63 steps=281 tiles=56 compute_us=274671 present_us=78304 touch_us=383 pacing_us=8614 wall_us=361972 max_tick_us=12592 touch_samples=911 touch_interval_max_us=1928 touch_read_max_us=495 touch_events=0 touch_down=0 touch_up=0 touch_events_ge_8ms=0 touch_event_age_max_us=0 touch_errors=0 touch_overflows=0 pass=1
[17:57:22] TINYDRAW_LIVE_PRESENT kind=gate_fallback zoom=100 x=0 y=0 compose_us=24861 scroll_us=0 exposed_compose_us=0 chrome_us=0 read_submit_us=33803 read_complete_us=34598 transfer_wait_us=20003 tile_pixels=0 uniform_pixels=0 overview_pixels=0 fallback_pixels=164864 resident_tiles=0 fallback_tiles=42 pushes=21 tear_wait_us=8059 tear_sync=1 frame_reused=0 pass=1
[17:57:24] TINYDRAW_GATE1_HARD zoom=100 cold=1 operations=1000 samples=19844 steps=275 tiles=42 scanned=12000 rendered=5232 max_supertask_us=9492 presentation_us=62605 total_us=376821 pass=1
[17:57:24] TINYDRAW_GATE1_PAN zoom=100 from_x=0 from_y=0 to_x=88 to_y=88 compose_us=27250 scroll_us=11387 exposed_compose_us=15863 chrome_us=0 event_submit_us=29840 event_complete_us=30643 transfer_us=20116 setup=1 present=1 moved=1 frame_reused=1 pass=1
[17:57:24] TINYDRAW_LIVE_PRESENT kind=gate_fallback zoom=400 x=0 y=0 compose_us=24135 scroll_us=0 exposed_compose_us=0 chrome_us=0 read_submit_us=36656 read_complete_us=37457 transfer_wait_us=19798 tile_pixels=0 uniform_pixels=0 overview_pixels=0 fallback_pixels=164864 resident_tiles=0 fallback_tiles=42 pushes=21 tear_wait_us=11620 tear_sync=1 frame_reused=0 pass=1
[17:57:24] TINYDRAW_GATE1_HARD zoom=400 cold=1 operations=1000 samples=19844 steps=211 tiles=42 scanned=12000 rendered=591 max_supertask_us=11088 presentation_us=62321 total_us=261372 pass=1
[17:57:24] TINYDRAW_GATE1_PAN zoom=400 from_x=0 from_y=0 to_x=88 to_y=88 compose_us=27166 scroll_us=11388 exposed_compose_us=15778 chrome_us=0 event_submit_us=30795 event_complete_us=31595 transfer_us=20153 setup=1 present=1 moved=1 frame_reused=1 pass=1
[17:57:24] TINYDRAW_GATE1_DRAW_FILL zoom=400 revision=2140 append_us=1176 poll_gap_us=87 event_submit_us=2314 event_complete_us=2490 max_compute_slice_us=4944 max_display_slice_us=11000 fill_us=255336 revision_restarted=1 pass=1
=== RUN 18 ===
[17:57:26] TINYDRAW_GATE1_LONG_GESTURE path=reference samples=1600 chunks=2ESP-ROM:esp32s3-20210327
[17:57:26] Build:Mar 27 2021
[17:57:26] rst:0x15 (USB_UART_CHIP_RESET),boot:0x2b (SPI_FAST_FLASH_BOOT)
[17:57:26] Saved PC:0x4037b802
[17:57:26] SPIWP:0xee
[17:57:26] mode:DIO, clock div:1
[17:57:26] load:0x3fce2820,len:0x1664
[17:57:26] load:0x403c8700,len:0xf38
[17:57:26] load:0x403cb700,len:0x31e8
[17:57:26] entry 0x403c8930
[17:57:26] I (24) boot: ESP-IDF v6.0.2 2nd stage bootloader
[17:57:26] I (24) boot: compile time Aug 14 2026 17:53:22
[17:57:26] I (25) boot: Multicore bootloader
[17:57:26] I (25) boot: chip revision: v0.2
[17:57:26] I (28) boot: efuse block revision: v1.3
[17:57:26] I (31) qio_mode: Enabling default flash chip QIO
[17:57:26] I (36) boot.esp32s3: Boot SPI Speed : 80MHz
[17:57:26] I (39) boot.esp32s3: SPI Mode       : QIO
[17:57:26] I (43) boot.esp32s3: SPI Flash Size : 16MB
[17:57:26] I (47) boot: Enabling RNG early entropy source...
[17:57:26] I (51) boot: Partition Table:
[17:57:26] I (54) boot: ## Label            Usage          Type ST Offset   Length
[17:57:26] I (60) boot:  0 nvs              WiFi data        01 02 00009000 00006000
[17:57:26] I (67) boot:  1 phy_init         RF data          01 01 0000f000 00001000
[17:57:26] I (73) boot:  2 factory          factory app      00 00 00010000 00100000
[17:57:26] I (80) boot:  3 drawing          Unknown data     01 40 00110000 00300000
[17:57:26] I (86) boot:  4 export           Unknown data     01 41 00410000 00500000
[17:57:26] I (93) boot:  5 coredump         Unknown data     01 03 00910000 00010000
[17:57:26] I (100) boot: End of partition table
[17:57:26] I (103) esp_image: segment 0: paddr=00010020 vaddr=3c040020 size=133dch ( 78812) map
[17:57:26] I (123) esp_image: segment 1: paddr=00023404 vaddr=3fc94500 size=03764h ( 14180) load
[17:57:26] I (126) esp_image: segment 2: paddr=00026b70 vaddr=40374000 size=094a8h ( 38056) load
[17:57:26] I (134) esp_image: segment 3: paddr=00030020 vaddr=42000020 size=3c574h (247156) map
[17:57:26] I (173) esp_image: segment 4: paddr=0006c59c vaddr=4037d4a8 size=06fb4h ( 28596) load
[17:57:26] I (179) esp_image: segment 5: paddr=00073558 vaddr=50000000 size=00024h (    36) load
[17:57:26] I (186) boot: Loaded app from partition at offset 0x10000
[17:57:26] I (186) boot: Disabling RNG early entropy source...
[17:57:26] I (198) octal_psram: vendor id    : 0x0d (AP)
[17:57:26] I (198) octal_psram: dev id       : 0x02 (generation 3)
[17:57:26] I (198) octal_psram: density      : 0x03 (64 Mbit)
[17:57:26] I (200) octal_psram: good-die     : 0x01 (Pass)
[17:57:26] I (205) octal_psram: Latency      : 0x01 (Fixed)
[17:57:26] I (209) octal_psram: VCC          : 0x01 (3V)
[17:57:26] I (213) octal_psram: SRF          : 0x01 (Fast Refresh)
[17:57:26] I (218) octal_psram: BurstType    : 0x01 (Hybrid Wrap)
[17:57:26] I (223) octal_psram: BurstLen     : 0x01 (32 Byte)
[17:57:26] I (227) octal_psram: Readlatency  : 0x02 (10 cycles@Fixed)
[17:57:26] I (233) octal_psram: DriveStrength: 0x00 (1/1)
[17:57:26] I (237) MSPI Timing: Enter psram timing tuning
[17:57:26] I (242) esp_psram: Found 8MB PSRAM device
[17:57:26] I (245) esp_psram: Speed: 80MHz
[17:57:26] I (248) cpu_start: Multicore app
[17:57:26] I (664) esp_psram: SPI SRAM memory test OK
[17:57:26] I (672) cpu_start: GPIO 44 and 43 are used as console UART I/O pins
[17:57:26] I (672) cpu_start: Pro cpu start user code
[17:57:26] I (672) cpu_start: cpu freq: 240000000 Hz
[17:57:26] I (674) app_init: Application information:
[17:57:26] I (678) app_init: Project name:     tinydraw_esp32
[17:57:26] I (682) app_init: App version:      f20c201-dirty
[17:57:26] I (687) app_init: Compile time:     Aug 14 2026 17:53:17
[17:57:26] I (692) app_init: ELF file SHA256:  255ccc852...
[17:57:26] I (696) app_init: ESP-IDF:          v6.0.2
[17:57:26] I (700) efuse_init: Min chip rev:     v0.0
[17:57:26] I (704) efuse_init: Max chip rev:     v0.99 
[17:57:26] I (708) efuse_init: Chip rev:         v0.2
[17:57:26] I (712) heap_init: Initializing. RAM available for dynamic allocation:
[17:57:26] I (718) heap_init: At 3FC99090 len 00050680 (321 KiB): RAM
[17:57:26] I (723) heap_init: At 3FCE9710 len 00005724 (21 KiB): RAM
[17:57:26] I (728) heap_init: At 3FCF0000 len 00008000 (32 KiB): DRAM
[17:57:26] I (733) heap_init: At 600FE000 len 00001FE8 (7 KiB): RTCRAM
[17:57:26] I (739) esp_psram: Adding pool of 8192K of PSRAM memory to heap allocator
[17:57:26] I (746) spi_flash: detected chip: generic
[17:57:26] I (749) spi_flash: flash io: qio
[17:57:26] I (752) sleep_gpio: Configure to isolate all GPIO pins in sleep state
[17:57:26] I (758) sleep_gpio: Enable automatic switching of GPIO sleep configuration
[17:57:26] I (765) main_task: Started on CPU0
[17:57:26] I (768) main_task: Calling app_main()
[17:57:26] TINYDRAW_PANEL_HARD_RESET=1
[17:57:27] I (965) co5300: version: 2.1.0
[17:57:27] I (966) co5300_spi: LCD panel create success, version: 2.1.0
[17:57:27] W (1046) co5300_spi: The 3Ah command has been used and will be overwritten by external initialization sequence
[17:57:27] I (1147) CST816S: IC id: 183
[17:57:27] TINYDRAW_LIVE_PRESENT kind=startup zoom=25 x=0 y=0 compose_us=35230 scroll_us=0 exposed_compose_us=0 chrome_us=0 read_submit_us=0 read_complete_us=0 transfer_wait_us=19558 tile_pixels=0 uniform_pixels=0 overview_pixels=164864 fallback_pixels=0 resident_tiles=0 fallback_tiles=0 pushes=21 tear_wait_us=9742 tear_sync=1 frame_reused=0 pass=1
[17:57:27] TINYDRAW_LIVE_STRESS operations=1000 samples=20000 total_us=434055 average_us=434 maximum_us=894 free_psram=2515208 largest_psram=2490368
[17:57:27] TINYDRAW_LIVE_PRESENT kind=gate_fallback zoom=100 x=0 y=0 compose_us=24690 scroll_us=0 exposed_compose_us=0 chrome_us=0 read_submit_us=31151 read_complete_us=31950 transfer_wait_us=19736 tile_pixels=0 uniform_pixels=0 overview_pixels=0 fallback_pixels=164864 resident_tiles=0 fallback_tiles=42 pushes=21 tear_wait_us=5542 tear_sync=1 frame_reused=0 pass=1
[17:57:28] TINYDRAW_GATE1_HARD zoom=100 cold=1 operations=1000 samples=20000 steps=192 tiles=42 scanned=12000 rendered=1659 max_supertask_us=9328 presentation_us=63006 total_us=268025 pass=1
[17:57:28] TINYDRAW_LIVE_PRESENT kind=gate_fallback zoom=400 x=0 y=0 compose_us=24040 scroll_us=0 exposed_compose_us=0 chrome_us=0 read_submit_us=38874 read_complete_us=39668 transfer_wait_us=20459 tile_pixels=0 uniform_pixels=0 overview_pixels=0 fallback_pixels=164864 resident_tiles=0 fallback_tiles=42 pushes=21 tear_wait_us=14012 tear_sync=1 frame_reused=0 pass=1
[17:57:28] TINYDRAW_GATE1_HARD zoom=400 cold=1 operations=1000 samples=20000 steps=196 tiles=42 scanned=12000 rendered=120 max_supertask_us=8649 presentation_us=60682 total_us=199537 pass=1
[17:57:28] TINYDRAW_OVERLAP_WORKLOAD operations=8 samples=1200 radius_world=80
[17:57:29] TINYDRAW_GATE1_PACED_COLD corpus=overlap zoom=50 x=215 y=255 steps=334 tiles=56 compute_us=378232 present_us=77587 touch_us=587 pacing_us=8603 wall_us=465009 max_tick_us=10557 touch_samples=2159 touch_interval_max_us=1912 touch_read_max_us=619 touch_events=0 touch_down=0 touch_up=0 touch_events_ge_8ms=0 touch_event_age_max_us=0 touch_errors=0 touch_overflows=0 pass=1
[17:57:29] TINYDRAW_GATE1_PACED_COLD corpus=overlap zoom=100 x=583 y=703 steps=172 tiles=48 compute_us=233707 present_us=75523 touch_us=388 pacing_us=6354 wall_us=315972 max_tick_us=9589 touch_samples=390 touch_interval_max_us=1164 touch_read_max_us=431 touch_events=0 touch_down=0 touch_up=0 touch_events_ge_8ms=0 touch_event_age_max_us=0 touch_errors=0 touch_overflows=0 pass=1
[17:57:30] TINYDRAW_GATE1_PACED_COLD corpus=overlap zoom=200 x=1319 y=1599 steps=128 tiles=56 compute_us=234115 present_us=74382 touch_us=373 pacing_us=6102 wall_us=314972 max_tick_us=9710 touch_samples=386 touch_interval_max_us=1122 touch_read_max_us=431 touch_events=0 touch_down=0 touch_up=0 touch_events_ge_8ms=0 touch_event_age_max_us=0 touch_errors=0 touch_overflows=0 pass=1
[17:57:30] TINYDRAW_GATE1_PACED_COLD corpus=overlap zoom=400 x=2791 y=3391 steps=94 tiles=56 compute_us=219337 present_us=73118 touch_us=337 pacing_us=5159 wall_us=297951 max_tick_us=9815 touch_samples=370 touch_interval_max_us=1154 touch_read_max_us=461 touch_events=0 touch_down=0 touch_up=0 touch_events_ge_8ms=0 touch_event_age_max_us=0 touch_errors=0 touch_overflows=0 pass=1
[17:57:30] TINYDRAW_ADVERSARIAL_TAPERED_WORKLOAD operations=128 samples=4096 erasers=12 load_us=218166 appended=1
[17:57:30] TINYDRAW_GATE1_PACED_COLD corpus=adversarial_tapered_4x zoom=50 x=0 y=0 steps=104 tiles=42 compute_us=98723 present_us=56391 touch_us=262 pacing_us=4596 wall_us=159972 max_tick_us=6787 touch_samples=501 touch_interval_max_us=1140 touch_read_max_us=425 touch_events=0 touch_down=0 touch_up=0 touch_events_ge_8ms=0 touch_event_age_max_us=0 touch_errors=0 touch_overflows=0 pass=1
[17:57:31] TINYDRAW_GATE1_PACED_COLD corpus=adversarial_tapered_4x zoom=100 x=0 y=0 steps=348 tiles=42 compute_us=164996 present_us=55629 touch_us=414 pacing_us=6934 wall_us=227973 max_tick_us=8953 touch_samples=304 touch_interval_max_us=1167 touch_read_max_us=433 touch_events=0 touch_down=0 touch_up=0 touch_events_ge_8ms=0 touch_event_age_max_us=0 touch_errors=0 touch_overflows=0 pass=1
[17:57:31] TINYDRAW_GATE1_PACED_COLD corpus=adversarial_tapered_4x zoom=200 x=0 y=0 steps=1214 tiles=42 compute_us=461636 present_us=57828 touch_us=881 pacing_us=15627 wall_us=535972 max_tick_us=9487 touch_samples=610 touch_interval_max_us=1128 touch_read_max_us=417 touch_events=0 touch_down=0 touch_up=0 touch_events_ge_8ms=0 touch_event_age_max_us=0 touch_errors=0 touch_overflows=0 pass=1
[17:57:32] TINYDRAW_GATE1_PACED_COLD corpus=adversarial_tapered_4x zoom=400 x=0 y=0 steps=904 tiles=42 compute_us=567060 present_us=61798 touch_us=962 pacing_us=15480 wall_us=645300 max_tick_us=9534 touch_samples=715 touch_interval_max_us=1133 touch_read_max_us=415 touch_events=0 touch_down=0 touch_up=0 touch_events_ge_8ms=0 touch_event_age_max_us=0 touch_errors=0 touch_overflows=0 pass=1
[17:57:33] TINYDRAW_GATE1_WORKLOAD kind=realistic seed=7 operations=1000 samples=19844 maximum_stroke=198 load_us=358954 raw_source=1 lod_copies=0
[17:57:33] TINYDRAW_GATE1_PACED_COLD corpus=seed7 zoom=400 x=63 y=63 steps=281 tiles=56 compute_us=274864 present_us=78099 touch_us=383 pacing_us=8627 wall_us=361973 max_tick_us=12571 touch_samples=910 touch_interval_max_us=1952 touch_read_max_us=491 touch_events=0 touch_down=0 touch_up=0 touch_events_ge_8ms=0 touch_event_age_max_us=0 touch_errors=0 touch_overflows=0 pass=1
[17:57:35] TINYDRAW_LIVE_PRESENT kind=gate_fallback zoom=100 x=0 y=0 compose_us=24850 scroll_us=0 exposed_compose_us=0 chrome_us=0 read_submit_us=34426 read_complete_us=35224 transfer_wait_us=20376 tile_pixels=0 uniform_pixels=0 overview_pixels=0 fallback_pixels=164864 resident_tiles=0 fallback_tiles=42 pushes=21 tear_wait_us=8742 tear_sync=1 frame_reused=0 pass=1
[17:57:35] TINYDRAW_GATE1_HARD zoom=100 cold=1 operations=1000 samples=19844 steps=275 tiles=42 scanned=12000 rendered=5232 max_supertask_us=9500 presentation_us=62036 total_us=375802 pass=1
[17:57:35] TINYDRAW_GATE1_PAN zoom=100 from_x=0 from_y=0 to_x=88 to_y=88 compose_us=27252 scroll_us=11389 exposed_compose_us=15863 chrome_us=0 event_submit_us=30292 event_complete_us=31097 transfer_us=19664 setup=1 present=1 moved=1 frame_reused=1 pass=1
[17:57:35] TINYDRAW_LIVE_PRESENT kind=gate_fallback zoom=400 x=0 y=0 compose_us=24125 scroll_us=0 exposed_compose_us=0 chrome_us=0 read_submit_us=37181 read_complete_us=37981 transfer_wait_us=20268 tile_pixels=0 uniform_pixels=0 overview_pixels=0 fallback_pixels=164864 resident_tiles=0 fallback_tiles=42 pushes=21 tear_wait_us=12181 tear_sync=1 frame_reused=0 pass=1
[17:57:35] TINYDRAW_GATE1_HARD zoom=400 cold=1 operations=1000 samples=19844 steps=211 tiles=42 scanned=12000 rendered=591 max_supertask_us=11039 presentation_us=62284 total_us=261372 pass=1
[17:57:35] TINYDRAW_GATE1_PAN zoom=400 from_x=0 from_y=0 to_x=88 to_y=88 compose_us=27163 scroll_us=11387 exposed_compose_us=15776 chrome_us=0 event_submit_us=30055 event_complete_us=30857 transfer_us=19900 setup=1 present=1 moved=1 frame_reused=1 pass=1
[17:57:35] TINYDRAW_GATE1_DRAW_FILL zoom=400 revision=2140 append_us=1175 poll_gap_us=88 event_submit_us=2314 event_complete_us=2486 max_compute_slice_us=4923 max_display_slice_us=10976 fill_us=255330 revision_restarted=1 pass=1
=== RUN 19 ===
[17:57:36] ESP-ROM:esp32s3-20210327
[17:57:36] Build:Mar 27 2021
[17:57:36] rst:0x15 (USB_UART_CHIP_RESET),boot:0x2b (SPI_FAST_FLASH_BOOT)
[17:57:36] Saved PC:0x4201e1eb
[17:57:36] SPIWP:0xee
[17:57:36] mode:DIO, clock div:1
[17:57:36] load:0x3fce2820,len:0x1664
[17:57:36] load:0x403c8700,len:0xf38
[17:57:36] load:0x403cb700,len:0x31e8
[17:57:36] entry 0x403c8930
[17:57:36] I (24) boot: ESP-IDF v6.0.2 2nd stage bootloader
[17:57:36] I (24) boot: compile time Aug 14 2026 17:53:22
[17:57:36] I (25) boot: Multicore bootloader
[17:57:36] I (25) boot: chip revision: v0.2
[17:57:36] I (28) boot: efuse block revision: v1.3
[17:57:36] I (31) qio_mode: Enabling default flash chip QIO
[17:57:36] I (36) boot.esp32s3: Boot SPI Speed : 80MHz
[17:57:36] I (39) boot.esp32s3: SPI Mode       : QIO
[17:57:36] I (43) boot.esp32s3: SPI Flash Size : 16MB
[17:57:36] I (47) boot: Enabling RNG early entropy source...
[17:57:36] I (51) boot: Partition Table:
[17:57:36] I (54) boot: ## Label            Usage          Type ST Offset   Length
[17:57:36] I (60) boot:  0 nvs              WiFi data        01 02 00009000 00006000
[17:57:36] I (67) boot:  1 phy_init         RF data          01 01 0000f000 00001000
[17:57:36] I (73) boot:  2 factory          factory app      00 00 00010000 00100000
[17:57:36] I (80) boot:  3 drawing          Unknown data     01 40 00110000 00300000
[17:57:36] I (86) boot:  4 export           Unknown data     01 41 00410000 00500000
[17:57:36] I (93) boot:  5 coredump         Unknown data     01 03 00910000 00010000
[17:57:36] I (100) boot: End of partition table
[17:57:36] I (103) esp_image: segment 0: paddr=00010020 vaddr=3c040020 size=133dch ( 78812) map
[17:57:36] I (123) esp_image: segment 1: paddr=00023404 vaddr=3fc94500 size=03764h ( 14180) load
[17:57:36] I (126) esp_image: segment 2: paddr=00026b70 vaddr=40374000 size=094a8h ( 38056) load
[17:57:36] I (134) esp_image: segment 3: paddr=00030020 vaddr=42000020 size=3c574h (247156) map
[17:57:36] I (173) esp_image: segment 4: paddr=0006c59c vaddr=4037d4a8 size=06fb4h ( 28596) load
[17:57:36] I (179) esp_image: segment 5: paddr=00073558 vaddr=50000000 size=00024h (    36) load
[17:57:36] I (186) boot: Loaded app from partition at offset 0x10000
[17:57:36] I (186) boot: Disabling RNG early entropy source...
[17:57:36] I (198) octal_psram: vendor id    : 0x0d (AP)
[17:57:36] I (198) octal_psram: dev id       : 0x02 (generation 3)
[17:57:36] I (198) octal_psram: density      : 0x03 (64 Mbit)
[17:57:36] I (200) octal_psram: good-die     : 0x01 (Pass)
[17:57:36] I (205) octal_psram: Latency      : 0x01 (Fixed)
[17:57:36] I (209) octal_psram: VCC          : 0x01 (3V)
[17:57:36] I (213) octal_psram: SRF          : 0x01 (Fast Refresh)
[17:57:36] I (218) octal_psram: BurstType    : 0x01 (Hybrid Wrap)
[17:57:36] I (223) octal_psram: BurstLen     : 0x01 (32 Byte)
[17:57:36] I (227) octal_psram: Readlatency  : 0x02 (10 cycles@Fixed)
[17:57:36] I (233) octal_psram: DriveStrength: 0x00 (1/1)
[17:57:36] I (237) MSPI Timing: Enter psram timing tuning
[17:57:36] I (242) esp_psram: Found 8MB PSRAM device
[17:57:36] I (245) esp_psram: Speed: 80MHz
[17:57:36] I (248) cpu_start: Multicore app
[17:57:37] I (664) esp_psram: SPI SRAM memory test OK
[17:57:37] I (672) cpu_start: GPIO 44 and 43 are used as console UART I/O pins
[17:57:37] I (672) cpu_start: Pro cpu start user code
[17:57:37] I (672) cpu_start: cpu freq: 240000000 Hz
[17:57:37] I (674) app_init: Application information:
[17:57:37] I (678) app_init: Project name:     tinydraw_esp32
[17:57:37] I (682) app_init: App version:      f20c201-dirty
[17:57:37] I (687) app_init: Compile time:     Aug 14 2026 17:53:17
[17:57:37] I (692) app_init: ELF file SHA256:  255ccc852...
[17:57:37] I (696) app_init: ESP-IDF:          v6.0.2
[17:57:37] I (700) efuse_init: Min chip rev:     v0.0
[17:57:37] I (704) efuse_init: Max chip rev:     v0.99 
[17:57:37] I (708) efuse_init: Chip rev:         v0.2
[17:57:37] I (712) heap_init: Initializing. RAM available for dynamic allocation:
[17:57:37] I (718) heap_init: At 3FC99090 len 00050680 (321 KiB): RAM
[17:57:37] I (723) heap_init: At 3FCE9710 len 00005724 (21 KiB): RAM
[17:57:37] I (728) heap_init: At 3FCF0000 len 00008000 (32 KiB): DRAM
[17:57:37] I (733) heap_init: At 600FE000 len 00001FE8 (7 KiB): RTCRAM
[17:57:37] I (739) esp_psram: Adding pool of 8192K of PSRAM memory to heap allocator
[17:57:37] I (746) spi_flash: detected chip: generic
[17:57:37] I (749) spi_flash: flash io: qio
[17:57:37] I (752) sleep_gpio: Configure to isolate all GPIO pins in sleep state
[17:57:37] I (758) sleep_gpio: Enable automatic switching of GPIO sleep configuration
[17:57:37] I (765) main_task: Started on CPU0
[17:57:37] I (768) main_task: Calling app_main()
[17:57:37] TINYDRAW_PANEL_HARD_RESET=1
[17:57:37] I (965) co5300: version: 2.1.0
[17:57:37] I (966) co5300_spi: LCD panel create success, version: 2.1.0
[17:57:37] W (1046) co5300_spi: The 3Ah command has been used and will be overwritten by external initialization sequence
[17:57:37] I (1147) CST816S: IC id: 183
[17:57:37] TINYDRAW_LIVE_PRESENT kind=startup zoom=25 x=0 y=0 compose_us=35230 scroll_us=0 exposed_compose_us=0 chrome_us=0 read_submit_us=0 read_complete_us=0 transfer_wait_us=19464 tile_pixels=0 uniform_pixels=0 overview_pixels=164864 fallback_pixels=0 resident_tiles=0 fallback_tiles=0 pushes=21 tear_wait_us=9855 tear_sync=1 frame_reused=0 pass=1
[17:57:38] TINYDRAW_LIVE_STRESS operations=1000 samples=20000 total_us=433616 average_us=433 maximum_us=887 free_psram=2515208 largest_psram=2490368
[17:57:38] TINYDRAW_LIVE_PRESENT kind=gate_fallback zoom=100 x=0 y=0 compose_us=24586 scroll_us=0 exposed_compose_us=0 chrome_us=0 read_submit_us=31819 read_complete_us=32617 transfer_wait_us=20403 tile_pixels=0 uniform_pixels=0 overview_pixels=0 fallback_pixels=164864 resident_tiles=0 fallback_tiles=42 pushes=21 tear_wait_us=6389 tear_sync=1 frame_reused=0 pass=1
[17:57:38] TINYDRAW_GATE1_HARD zoom=100 cold=1 operations=1000 samples=20000 steps=192 tiles=42 scanned=12000 rendered=1659 max_supertask_us=9322 presentation_us=63098 total_us=268063 pass=1
[17:57:38] TINYDRAW_LIVE_PRESENT kind=gate_fallback zoom=400 x=0 y=0 compose_us=24094 scroll_us=0 exposed_compose_us=0 chrome_us=0 read_submit_us=38506 read_complete_us=39305 transfer_wait_us=19794 tile_pixels=0 uniform_pixels=0 overview_pixels=0 fallback_pixels=164864 resident_tiles=0 fallback_tiles=42 pushes=21 tear_wait_us=13495 tear_sync=1 frame_reused=0 pass=1
[17:57:39] TINYDRAW_GATE1_HARD zoom=400 cold=1 operations=1000 samples=20000 steps=196 tiles=42 scanned=12000 rendered=120 max_supertask_us=8674 presentation_us=60545 total_us=199514 pass=1
[17:57:39] TINYDRAW_OVERLAP_WORKLOAD operations=8 samples=1200 radius_world=80
[17:57:40] TINYDRAW_GATE1_PACED_COLD corpus=overlap zoom=50 x=215 y=255 steps=334 tiles=56 compute_us=378110 present_us=77257 touch_us=606 pacing_us=9041 wall_us=465014 max_tick_us=10609 touch_samples=2162 touch_interval_max_us=1920 touch_read_max_us=619 touch_events=0 touch_down=0 touch_up=0 touch_events_ge_8ms=0 touch_event_age_max_us=0 touch_errors=0 touch_overflows=0 pass=1
[17:57:40] TINYDRAW_GATE1_PACED_COLD corpus=overlap zoom=100 x=583 y=703 steps=172 tiles=48 compute_us=233795 present_us=74399 touch_us=389 pacing_us=6389 wall_us=314972 max_tick_us=9584 touch_samples=389 touch_interval_max_us=1162 touch_read_max_us=431 touch_events=0 touch_down=0 touch_up=0 touch_events_ge_8ms=0 touch_event_age_max_us=0 touch_errors=0 touch_overflows=0 pass=1
[17:57:40] TINYDRAW_GATE1_PACED_COLD corpus=overlap zoom=200 x=1319 y=1599 steps=128 tiles=56 compute_us=234450 present_us=73865 touch_us=366 pacing_us=6291 wall_us=314972 max_tick_us=9680 touch_samples=387 touch_interval_max_us=1123 touch_read_max_us=408 touch_events=0 touch_down=0 touch_up=0 touch_events_ge_8ms=0 touch_event_age_max_us=0 touch_errors=0 touch_overflows=0 pass=1
[17:57:41] TINYDRAW_GATE1_PACED_COLD corpus=overlap zoom=400 x=2791 y=3391 steps=94 tiles=56 compute_us=219436 present_us=74007 touch_us=333 pacing_us=6195 wall_us=299971 max_tick_us=9840 touch_samples=372 touch_interval_max_us=1880 touch_read_max_us=479 touch_events=0 touch_down=0 touch_up=0 touch_events_ge_8ms=0 touch_event_age_max_us=0 touch_errors=0 touch_overflows=0 pass=1
[17:57:41] TINYDRAW_ADVERSARIAL_TAPERED_WORKLOAD operations=128 samples=4096 erasers=12 load_us=217971 appended=1
[17:57:41] TINYDRAW_GATE1_PACED_COLD corpus=adversarial_tapered_4x zoom=50 x=0 y=0 steps=104 tiles=42 compute_us=98621 present_us=55955 touch_us=255 pacing_us=6141 wall_us=160972 max_tick_us=6787 touch_samples=500 touch_interval_max_us=1174 touch_read_max_us=438 touch_events=0 touch_down=0 touch_up=0 touch_events_ge_8ms=0 touch_event_age_max_us=0 touch_errors=0 touch_overflows=0 pass=1
[17:57:42] TINYDRAW_GATE1_PACED_COLD corpus=adversarial_tapered_4x zoom=100 x=0 y=0 steps=348 tiles=42 compute_us=165266 present_us=55983 touch_us=379 pacing_us=5345 wall_us=226973 max_tick_us=10131 touch_samples=302 touch_interval_max_us=1156 touch_read_max_us=421 touch_events=0 touch_down=0 touch_up=0 touch_events_ge_8ms=0 touch_event_age_max_us=0 touch_errors=0 touch_overflows=0 pass=1
[17:57:42] TINYDRAW_GATE1_PACED_COLD corpus=adversarial_tapered_4x zoom=200 x=0 y=0 steps=1214 tiles=42 compute_us=462440 present_us=56768 touch_us=948 pacing_us=17788 wall_us=537944 max_tick_us=8979 touch_samples=614 touch_interval_max_us=1168 touch_read_max_us=430 touch_events=0 touch_down=0 touch_up=0 touch_events_ge_8ms=0 touch_event_age_max_us=0 touch_errors=0 touch_overflows=0 pass=1
[17:57:43] TINYDRAW_GATE1_PACED_COLD corpus=adversarial_tapered_4x zoom=400 x=0 y=0 steps=904 tiles=42 compute_us=567219 present_us=61256 touch_us=932 pacing_us=15887 wall_us=645294 max_tick_us=9541 touch_samples=730 touch_interval_max_us=1142 touch_read_max_us=423 touch_events=0 touch_down=0 touch_up=0 touch_events_ge_8ms=0 touch_event_age_max_us=0 touch_errors=0 touch_overflows=0 pass=1
[17:57:43] TINYDRAW_GATE1_WORKLOAD kind=realistic seed=7 operations=1000 samples=19844 maximum_stroke=198 load_us=357701 raw_source=1 lod_copies=0
[17:57:44] TINYDRAW_GATE1_PACED_COLD corpus=seed7 zoom=400 x=63 y=63 steps=281 tiles=56 compute_us=275071 present_us=77893 touch_us=383 pacing_us=8624 wall_us=361971 max_tick_us=12556 touch_samples=911 touch_interval_max_us=1925 touch_read_max_us=520 touch_events=0 touch_down=0 touch_up=0 touch_events_ge_8ms=0 touch_event_age_max_us=0 touch_errors=0 touch_overflows=0 pass=1
[17:57:44] TINYDRAW_LIVE_PRESENT kind=gate_fallback zoom=100 x=0 y=0 compose_us=24862 scroll_us=0 exposed_compose_us=0 chrome_us=0 read_submit_us=34267 read_complete_us=35066 transfer_wait_us=19546 tile_pixels=0 uniform_pixels=0 overview_pixels=0 fallback_pixels=164864 resident_tiles=0 fallback_tiles=42 pushes=21 tear_wait_us=8585 tear_sync=1 frame_reused=0 pass=1
[17:57:46] TINYDRAW_GATE1_HARD zoom=100 cold=1 operations=1000 samples=19844 steps=275 tiles=42 scanned=12000 rendered=5232 max_supertask_us=9480 presentation_us=62992 total_us=376855 pass=1
[17:57:46] TINYDRAW_GATE1_PAN zoom=100 from_x=0 from_y=0 to_x=88 to_y=88 compose_us=27208 scroll_us=11400 exposed_compose_us=15808 chrome_us=0 event_submit_us=30816 event_complete_us=31618 transfer_us=20142 setup=1 present=1 moved=1 frame_reused=1 pass=1
[17:57:46] TINYDRAW_LIVE_PRESENT kind=gate_fallback zoom=400 x=0 y=0 compose_us=24138 scroll_us=0 exposed_compose_us=0 chrome_us=0 read_submit_us=36731 read_complete_us=37530 transfer_wait_us=19722 tile_pixels=0 uniform_pixels=0 overview_pixels=0 fallback_pixels=164864 resident_tiles=0 fallback_tiles=42 pushes=21 tear_wait_us=11741 tear_sync=1 frame_reused=0 pass=1
[17:57:46] TINYDRAW_GATE1_HARD zoom=400 cold=1 operations=1000 samples=19844 steps=211 tiles=42 scanned=12000 rendered=591 max_supertask_us=11028 presentation_us=62681 total_us=261368 pass=1
[17:57:46] TINYDRAW_GATE1_PAN zoom=400 from_x=0 from_y=0 to_x=88 to_y=88 compose_us=27176 scroll_us=11389 exposed_compose_us=15787 chrome_us=0 event_submit_us=30000 event_complete_us=30804 transfer_us=19955 setup=1 present=1 moved=1 frame_reused=1 pass=1
[17:57:46] TINYDRAW_GATE1_DRAW_FILL zoom=400 revision=2140 append_us=1187 poll_gap_us=87 event_submit_us=2318 event_complete_us=2484 max_compute_slice_us=4931 max_display_slice_us=11038 fill_us=257311 revision_restarted=1 pass=1
=== RUN 20 ===
[17:57:47] TINYDRAW_GATE1_LONG_GESTURE path=reference samples=1600 chunks=2ESP-ROM:esp32s3-20210327
[17:57:47] Build:Mar 27 2021
[17:57:47] rst:0x15 (USB_UART_CHIP_RESET),boot:0x2b (SPI_FAST_FLASH_BOOT)
[17:57:47] Saved PC:0x4037b802
[17:57:47] SPIWP:0xee
[17:57:47] mode:DIO, clock div:1
[17:57:47] load:0x3fce2820,len:0x1664
[17:57:47] load:0x403c8700,len:0xf38
[17:57:47] load:0x403cb700,len:0x31e8
[17:57:47] entry 0x403c8930
[17:57:47] I (24) boot: ESP-IDF v6.0.2 2nd stage bootloader
[17:57:47] I (24) boot: compile time Aug 14 2026 17:53:22
[17:57:47] I (25) boot: Multicore bootloader
[17:57:47] I (25) boot: chip revision: v0.2
[17:57:47] I (28) boot: efuse block revision: v1.3
[17:57:47] I (31) qio_mode: Enabling default flash chip QIO
[17:57:47] I (36) boot.esp32s3: Boot SPI Speed : 80MHz
[17:57:47] I (39) boot.esp32s3: SPI Mode       : QIO
[17:57:47] I (43) boot.esp32s3: SPI Flash Size : 16MB
[17:57:47] I (47) boot: Enabling RNG early entropy source...
[17:57:47] I (51) boot: Partition Table:
[17:57:47] I (54) boot: ## Label            Usage          Type ST Offset   Length
[17:57:47] I (60) boot:  0 nvs              WiFi data        01 02 00009000 00006000
[17:57:47] I (67) boot:  1 phy_init         RF data          01 01 0000f000 00001000
[17:57:47] I (73) boot:  2 factory          factory app      00 00 00010000 00100000
[17:57:47] I (80) boot:  3 drawing          Unknown data     01 40 00110000 00300000
[17:57:47] I (86) boot:  4 export           Unknown data     01 41 00410000 00500000
[17:57:47] I (93) boot:  5 coredump         Unknown data     01 03 00910000 00010000
[17:57:47] I (100) boot: End of partition table
[17:57:47] I (103) esp_image: segment 0: paddr=00010020 vaddr=3c040020 size=133dch ( 78812) map
[17:57:47] I (123) esp_image: segment 1: paddr=00023404 vaddr=3fc94500 size=03764h ( 14180) load
[17:57:47] I (126) esp_image: segment 2: paddr=00026b70 vaddr=40374000 size=094a8h ( 38056) load
[17:57:47] I (134) esp_image: segment 3: paddr=00030020 vaddr=42000020 size=3c574h (247156) map
[17:57:47] I (173) esp_image: segment 4: paddr=0006c59c vaddr=4037d4a8 size=06fb4h ( 28596) load
[17:57:47] I (179) esp_image: segment 5: paddr=00073558 vaddr=50000000 size=00024h (    36) load
[17:57:47] I (186) boot: Loaded app from partition at offset 0x10000
[17:57:47] I (186) boot: Disabling RNG early entropy source...
[17:57:47] I (198) octal_psram: vendor id    : 0x0d (AP)
[17:57:47] I (198) octal_psram: dev id       : 0x02 (generation 3)
[17:57:47] I (198) octal_psram: density      : 0x03 (64 Mbit)
[17:57:47] I (200) octal_psram: good-die     : 0x01 (Pass)
[17:57:47] I (205) octal_psram: Latency      : 0x01 (Fixed)
[17:57:47] I (209) octal_psram: VCC          : 0x01 (3V)
[17:57:47] I (213) octal_psram: SRF          : 0x01 (Fast Refresh)
[17:57:47] I (218) octal_psram: BurstType    : 0x01 (Hybrid Wrap)
[17:57:47] I (223) octal_psram: BurstLen     : 0x01 (32 Byte)
[17:57:47] I (227) octal_psram: Readlatency  : 0x02 (10 cycles@Fixed)
[17:57:47] I (233) octal_psram: DriveStrength: 0x00 (1/1)
[17:57:47] I (237) MSPI Timing: Enter psram timing tuning
[17:57:47] I (242) esp_psram: Found 8MB PSRAM device
[17:57:47] I (245) esp_psram: Speed: 80MHz
[17:57:47] I (248) cpu_start: Multicore app
[17:57:48] I (664) esp_psram: SPI SRAM memory test OK
[17:57:48] I (672) cpu_start: GPIO 44 and 43 are used as console UART I/O pins
[17:57:48] I (672) cpu_start: Pro cpu start user code
[17:57:48] I (672) cpu_start: cpu freq: 240000000 Hz
[17:57:48] I (674) app_init: Application information:
[17:57:48] I (678) app_init: Project name:     tinydraw_esp32
[17:57:48] I (682) app_init: App version:      f20c201-dirty
[17:57:48] I (687) app_init: Compile time:     Aug 14 2026 17:53:17
[17:57:48] I (692) app_init: ELF file SHA256:  255ccc852...
[17:57:48] I (696) app_init: ESP-IDF:          v6.0.2
[17:57:48] I (700) efuse_init: Min chip rev:     v0.0
[17:57:48] I (704) efuse_init: Max chip rev:     v0.99 
[17:57:48] I (708) efuse_init: Chip rev:         v0.2
[17:57:48] I (712) heap_init: Initializing. RAM available for dynamic allocation:
[17:57:48] I (718) heap_init: At 3FC99090 len 00050680 (321 KiB): RAM
[17:57:48] I (723) heap_init: At 3FCE9710 len 00005724 (21 KiB): RAM
[17:57:48] I (728) heap_init: At 3FCF0000 len 00008000 (32 KiB): DRAM
[17:57:48] I (733) heap_init: At 600FE000 len 00001FE8 (7 KiB): RTCRAM
[17:57:48] I (739) esp_psram: Adding pool of 8192K of PSRAM memory to heap allocator
[17:57:48] I (746) spi_flash: detected chip: generic
[17:57:48] I (749) spi_flash: flash io: qio
[17:57:48] I (752) sleep_gpio: Configure to isolate all GPIO pins in sleep state
[17:57:48] I (758) sleep_gpio: Enable automatic switching of GPIO sleep configuration
[17:57:48] I (765) main_task: Started on CPU0
[17:57:48] I (768) main_task: Calling app_main()
[17:57:48] TINYDRAW_PANEL_HARD_RESET=1
[17:57:48] I (965) co5300: version: 2.1.0
[17:57:48] I (966) co5300_spi: LCD panel create success, version: 2.1.0
[17:57:48] W (1046) co5300_spi: The 3Ah command has been used and will be overwritten by external initialization sequence
[17:57:48] I (1147) CST816S: IC id: 183
[17:57:48] TINYDRAW_LIVE_PRESENT kind=startup zoom=25 x=0 y=0 compose_us=35230 scroll_us=0 exposed_compose_us=0 chrome_us=0 read_submit_us=0 read_complete_us=0 transfer_wait_us=19575 tile_pixels=0 uniform_pixels=0 overview_pixels=164864 fallback_pixels=0 resident_tiles=0 fallback_tiles=0 pushes=21 tear_wait_us=9725 tear_sync=1 frame_reused=0 pass=1
[17:57:49] TINYDRAW_LIVE_STRESS operations=1000 samples=20000 total_us=433357 average_us=433 maximum_us=888 free_psram=2515208 largest_psram=2490368
[17:57:49] TINYDRAW_LIVE_PRESENT kind=gate_fallback zoom=100 x=0 y=0 compose_us=24612 scroll_us=0 exposed_compose_us=0 chrome_us=0 read_submit_us=31922 read_complete_us=32721 transfer_wait_us=19672 tile_pixels=0 uniform_pixels=0 overview_pixels=0 fallback_pixels=164864 resident_tiles=0 fallback_tiles=42 pushes=21 tear_wait_us=6471 tear_sync=1 frame_reused=0 pass=1
[17:57:49] TINYDRAW_GATE1_HARD zoom=100 cold=1 operations=1000 samples=20000 steps=192 tiles=42 scanned=12000 rendered=1659 max_supertask_us=9369 presentation_us=62987 total_us=268155 pass=1
[17:57:49] TINYDRAW_LIVE_PRESENT kind=gate_fallback zoom=400 x=0 y=0 compose_us=23995 scroll_us=0 exposed_compose_us=0 chrome_us=0 read_submit_us=38824 read_complete_us=39622 transfer_wait_us=20360 tile_pixels=0 uniform_pixels=0 overview_pixels=0 fallback_pixels=164864 resident_tiles=0 fallback_tiles=42 pushes=21 tear_wait_us=13981 tear_sync=1 frame_reused=0 pass=1
[17:57:49] TINYDRAW_GATE1_HARD zoom=400 cold=1 operations=1000 samples=20000 steps=196 tiles=42 scanned=12000 rendered=120 max_supertask_us=8652 presentation_us=60615 total_us=199497 pass=1
[17:57:50] TINYDRAW_OVERLAP_WORKLOAD operations=8 samples=1200 radius_world=80
[17:57:50] TINYDRAW_GATE1_PACED_COLD corpus=overlap zoom=50 x=215 y=255 steps=334 tiles=56 compute_us=378096 present_us=77567 touch_us=572 pacing_us=8781 wall_us=465016 max_tick_us=10138 touch_samples=2160 touch_interval_max_us=1920 touch_read_max_us=619 touch_events=0 touch_down=0 touch_up=0 touch_events_ge_8ms=0 touch_event_age_max_us=0 touch_errors=0 touch_overflows=0 pass=1
[17:57:51] TINYDRAW_GATE1_PACED_COLD corpus=overlap zoom=100 x=583 y=703 steps=172 tiles=48 compute_us=233633 present_us=74575 touch_us=402 pacing_us=6361 wall_us=314971 max_tick_us=9588 touch_samples=389 touch_interval_max_us=1151 touch_read_max_us=434 touch_events=0 touch_down=0 touch_up=0 touch_events_ge_8ms=0 touch_event_age_max_us=0 touch_errors=0 touch_overflows=0 pass=1
[17:57:51] TINYDRAW_GATE1_PACED_COLD corpus=overlap zoom=200 x=1319 y=1599 steps=128 tiles=56 compute_us=234370 present_us=74327 touch_us=368 pacing_us=5907 wall_us=314972 max_tick_us=9671 touch_samples=387 touch_interval_max_us=1110 touch_read_max_us=404 touch_events=0 touch_down=0 touch_up=0 touch_events_ge_8ms=0 touch_event_age_max_us=0 touch_errors=0 touch_overflows=0 pass=1
[17:57:51] TINYDRAW_GATE1_PACED_COLD corpus=overlap zoom=400 x=2791 y=3391 steps=94 tiles=56 compute_us=219522 present_us=73920 touch_us=341 pacing_us=5173 wall_us=298956 max_tick_us=9826 touch_samples=371 touch_interval_max_us=1505 touch_read_max_us=475 touch_events=0 touch_down=0 touch_up=0 touch_events_ge_8ms=0 touch_event_age_max_us=0 touch_errors=0 touch_overflows=0 pass=1
[17:57:52] TINYDRAW_ADVERSARIAL_TAPERED_WORKLOAD operations=128 samples=4096 erasers=12 load_us=218348 appended=1
[17:57:52] TINYDRAW_GATE1_PACED_COLD corpus=adversarial_tapered_4x zoom=50 x=0 y=0 steps=104 tiles=42 compute_us=98813 present_us=55739 touch_us=265 pacing_us=6146 wall_us=160963 max_tick_us=6782 touch_samples=501 touch_interval_max_us=1167 touch_read_max_us=449 touch_events=0 touch_down=0 touch_up=0 touch_events_ge_8ms=0 touch_event_age_max_us=0 touch_errors=0 touch_overflows=0 pass=1
[17:57:52] TINYDRAW_GATE1_PACED_COLD corpus=adversarial_tapered_4x zoom=100 x=0 y=0 steps=348 tiles=42 compute_us=165206 present_us=55249 touch_us=365 pacing_us=8152 wall_us=228972 max_tick_us=7625 touch_samples=304 touch_interval_max_us=1156 touch_read_max_us=423 touch_events=0 touch_down=0 touch_up=0 touch_events_ge_8ms=0 touch_event_age_max_us=0 touch_errors=0 touch_overflows=0 pass=1
[17:57:54] TINYDRAW_GATE1_PACED_COLD corpus=adversarial_tapered_4x zoom=200 x=0 y=0 steps=1214 tiles=42 compute_us=462191 present_us=58255 touch_us=936 pacing_us=17589 wall_us=538971 max_tick_us=10217 touch_samples=613 touch_interval_max_us=1135 touch_read_max_us=420 touch_events=0 touch_down=0 touch_up=0 touch_events_ge_8ms=0 touch_event_age_max_us=0 touch_errors=0 touch_overflows=0 pass=1
[17:57:54] TINYDRAW_GATE1_PACED_COLD corpus=adversarial_tapered_4x zoom=400 x=0 y=0 steps=904 tiles=42 compute_us=567057 present_us=60154 touch_us=980 pacing_us=15061 wall_us=643252 max_tick_us=9438 touch_samples=727 touch_interval_max_us=1156 touch_read_max_us=418 touch_events=0 touch_down=0 touch_up=0 touch_events_ge_8ms=0 touch_event_age_max_us=0 touch_errors=0 touch_overflows=0 pass=1
[17:57:54] TINYDRAW_GATE1_WORKLOAD kind=realistic seed=7 operations=1000 samples=19844 maximum_stroke=198 load_us=361731 raw_source=1 lod_copies=0
[17:57:55] TINYDRAW_GATE1_PACED_COLD corpus=seed7 zoom=400 x=63 y=63 steps=281 tiles=56 compute_us=274930 present_us=78003 touch_us=376 pacing_us=8662 wall_us=361971 max_tick_us=12579 touch_samples=913 touch_interval_max_us=1919 touch_read_max_us=501 touch_events=0 touch_down=0 touch_up=0 touch_events_ge_8ms=0 touch_event_age_max_us=0 touch_errors=0 touch_overflows=0 pass=1
[17:57:57] TINYDRAW_LIVE_PRESENT kind=gate_fallback zoom=100 x=0 y=0 compose_us=24847 scroll_us=0 exposed_compose_us=0 chrome_us=0 read_submit_us=34068 read_complete_us=34867 transfer_wait_us=19739 tile_pixels=0 uniform_pixels=0 overview_pixels=0 fallback_pixels=164864 resident_tiles=0 fallback_tiles=42 pushes=21 tear_wait_us=8353 tear_sync=1 frame_reused=0 pass=1
[17:57:57] TINYDRAW_GATE1_HARD zoom=100 cold=1 operations=1000 samples=19844 steps=275 tiles=42 scanned=12000 rendered=5232 max_supertask_us=9471 presentation_us=63107 total_us=376827 pass=1
[17:57:57] TINYDRAW_GATE1_PAN zoom=100 from_x=0 from_y=0 to_x=88 to_y=88 compose_us=27193 scroll_us=11394 exposed_compose_us=15799 chrome_us=0 event_submit_us=30096 event_complete_us=30899 transfer_us=19860 setup=1 present=1 moved=1 frame_reused=1 pass=1
[17:57:57] TINYDRAW_LIVE_PRESENT kind=gate_fallback zoom=400 x=0 y=0 compose_us=24082 scroll_us=0 exposed_compose_us=0 chrome_us=0 read_submit_us=36943 read_complete_us=37744 transfer_wait_us=20513 tile_pixels=0 uniform_pixels=0 overview_pixels=0 fallback_pixels=164864 resident_tiles=0 fallback_tiles=42 pushes=21 tear_wait_us=12024 tear_sync=1 frame_reused=0 pass=1
[17:57:57] TINYDRAW_GATE1_HARD zoom=400 cold=1 operations=1000 samples=19844 steps=211 tiles=42 scanned=12000 rendered=591 max_supertask_us=11053 presentation_us=63342 total_us=262417 pass=1
[17:57:57] TINYDRAW_GATE1_PAN zoom=400 from_x=0 from_y=0 to_x=88 to_y=88 compose_us=27122 scroll_us=11393 exposed_compose_us=15729 chrome_us=0 event_submit_us=29963 event_complete_us=30766 transfer_us=19992 setup=1 present=1 moved=1 frame_reused=1 pass=1
[17:57:57] TINYDRAW_GATE1_DRAW_FILL zoom=400 revision=2140 append_us=1186 poll_gap_us=87 event_submit_us=2324 event_complete_us=2496 max_compute_slice_us=4933 max_display_slice_us=11095 fill_us=256343 revision_restarted=1 pass=1
