[10:14:58] TINYDRAW_LIVE_PRESENT kind=power zoom=25 x=0 y=0 compose_us=3694TINYDRAW_LIVE_PRESENT kind=chrome zoom=25 x=0 y=0 compose_us=37591 scroll_us=0 exposed_compose_us=0 chrome_us=0 read_submit_us=49845 read_complete_us=51459 transfer_wait_us=18112 tile_pixels=0 uniform_pixels=0 overview_pixels=164864 fallback_pixels=0 resident_tiles=0 fallback_tiles=0 pushes=11 tear_wait_us=10893 tear_sync=1 frame_reused=0 pass=1
[10:14:59] TINYDRAW_LIVE_PRESENT kind=chrome zoom=25 x=0 y=0 compose_us=36838 scroll_us=0 exposed_compose_us=0 chrome_us=8391 read_submit_us=47621 read_complete_us=49229 transfer_wait_us=18338 tile_pixels=0 uniform_pixels=0 overview_pixels=164864 fallback_pixels=0 resident_tiles=0 fallback_tiles=0 pushes=11 tear_wait_us=9610 tear_sync=1 frame_reused=0 pass=1
[10:15:00] TINYDRAW_LIVE_PRESENT kind=chrome zoom=25 x=0 y=0 compose_us=37316 scroll_us=0 exposed_compose_us=0 chrome_us=0 read_submit_us=54971 read_complete_us=56577 transfer_wait_us=17987 tile_pixels=0 uniform_pixels=0 overview_pixels=164864 fallback_pixels=0 resident_tiles=0 fallback_tiles=0 pushes=11 tear_wait_us=16299 tear_sync=1 frame_reused=0 pass=1
[10:15:01] TINYDRAW_LIVE_PRESENT kind=chrome zoom=25 x=0 y=0 compose_us=37298 scroll_us=0 exposed_compose_us=0 chrome_us=0 read_submit_us=46122 read_complete_us=47734 transfer_wait_us=17842 tile_pixels=0 uniform_pixels=0 overview_pixels=164864 fallback_pixels=0 resident_tiles=0 fallback_tiles=0 pushes=11 tear_wait_us=7510 tear_sync=1 frame_reused=0 pass=1
[10:15:02] TINYDRAW_LIVE_PRESENT kind=chrome zoom=25 x=0 y=0 compose_us=36830 scroll_us=0 exposed_compose_us=0 chrome_us=8390 read_submit_us=49271 read_complete_us=50884 transfer_wait_us=18688 tile_pixels=0 uniform_pixels=0 overview_pixels=164864 fallback_pixels=0 resident_tiles=0 fallback_tiles=0 pushes=11 tear_wait_us=11257 tear_sync=1 frame_reused=0 pass=1
[10:15:03] TINYDRAW_LIVE_PRESENT kind=chrome zoom=25 x=0 y=0 compose_us=37309 scroll_us=0 exposed_compose_us=0 chrome_us=0 read_submit_us=52056 read_complete_us=53668 transfer_wait_us=17904 tile_pixels=0 uniform_pixels=0 overview_pixels=164864 fallback_pixels=0 resident_tiles=0 fallback_tiles=0 pushes=11 tear_wait_us=13406 tear_sync=1 frame_reused=0 pass=1
[10:15:04] TINYDRAW_LIVE_PRESENT kind=chrome zoom=25 x=0 y=0 compose_us=36870 scroll_us=0 exposed_compose_us=0 chrome_us=8330 read_submit_us=38315 read_complete_us=39926 transfer_wait_us=18640 tile_pixels=0 uniform_pixels=0 overview_pixels=164864 fallback_pixels=0 resident_tiles=0 fallback_tiles=0 pushes=11 tear_wait_us=181 tear_sync=1 frame_reused=0 pass=1
[10:15:09] TINYDRAW_LIVE_STROKE revision=4 operations=4 samples=150 append_us=86396 append_max_us=26162 refresh_compose_us=38096 refresh_complete_us=14916 ink_samples=147 read_submit_avg_us=2378 read_submit_max_us=27738 read_complete_avg_us=2441 read_complete_max_us=27788 submit_over_16ms=3 complete_over_33ms=0 presentation_failures=0 poll_max_us=133004 touch_errors=0 touch_overflows=0 touch_moves_coalesced=1389 touch_events=1004 touch_down=8 touch_up=8 touch_events_ge_8ms=0 touch_event_age_max_us=1249 chunks=4 free_psram=2974812 largest_psram=2949120 authority_match=1
[10:15:09] TINYDRAW_LIVE_STROKE_DONE committed=1 refresh=1 commit_failed=0
[10:15:09] TINYDRAW_LIFT_BASELINE id=1 finish_preview_us=2011 builder_finish_us=59 append_us=86396 append_max_us=26162 refresh_wall_us=69142 refresh_x0=5 refresh_y0=37 refresh_x1=312 refresh_y1=358 refresh_compose_us=38096 refresh_first_submit_us=29460 refresh_first_complete_us=31054 refresh_transfer_wait_us=14916 stroke_logging_us=0 detected_to_poll_start_us=86002 detected_to_poll_complete_us=86013 poll_read_us=11 unattributed_tail_us=-71606 reports_dropped=0 chunks=4 committed=1 refresh=1 commit_failed=0
[10:15:11] TINYDRAW_LIVE_PRESENT kind=chrome zoom=25 x=0 y=0 compose_us=86901 scroll_us=0 exposed_compose_us=0 chrome_us=0 read_submit_us=102589 read_complete_us=104201 transfer_wait_us=18371 tile_pixels=0 uniform_pixels=0 overview_pixels=164864 fallback_pixels=0 resident_tiles=0 fallback_tiles=0 pushes=11 tear_wait_us=14653 tear_sync=1 frame_reused=0 pass=1
[10:15:12] TINYDRAW_LIVE_PRESENT kind=chrome zoom=25 x=0 y=0 compose_us=36888 scroll_us=0 exposed_compose_us=0 chrome_us=8332 read_submit_us=53778 read_complete_us=55377 transfer_wait_us=18175 tile_pixels=0 uniform_pixels=0 overview_pixels=164864 fallback_pixels=0 resident_tiles=0 fallback_tiles=0 pushes=11 tear_wait_us=15688 tear_sync=1 frame_reused=0 pass=1
[10:15:17] TINYDRAW_LIVE_STROKE revision=8 operations=8 samples=295 append_us=76728 append_max_us=32600 refresh_compose_us=34294 refresh_complete_us=13361 ink_samples=135 read_submit_avg_us=2310 read_submit_max_us=34871 read_complete_avg_us=2376 read_complete_max_us=34936 submit_over_16ms=2 complete_over_33ms=1 presentation_failures=0 poll_max_us=142006 touch_errors=0 touch_overflows=0 touch_moves_coalesced=1199 touch_events=840 touch_down=3 touch_up=3 touch_events_ge_8ms=0 touch_event_age_max_us=1248 chunks=4 free_psram=2974812 largest_psram=2949120 authority_match=1
[10:15:17] TINYDRAW_LIVE_STROKE_DONE committed=1 refresh=1 commit_failed=0
[10:15:17] TINYDRAW_LIFT_BASELINE id=2 finish_preview_us=2011 builder_finish_us=31 append_us=76728 append_max_us=32600 refresh_wall_us=62858 refresh_x0=22 refresh_y0=48 refresh_x1=297 refresh_y1=359 refresh_compose_us=34294 refresh_first_submit_us=38863 refresh_first_complete_us=40445 refresh_transfer_wait_us=13361 stroke_logging_us=0 detected_to_poll_start_us=89002 detected_to_poll_complete_us=89012 poll_read_us=10 unattributed_tail_us=-52626 reports_dropped=0 chunks=4 committed=1 refresh=1 commit_failed=0
[10:15:20] TINYDRAW_LIVE_PRESENT kind=chrome zoom=25 x=0 y=0 compose_us=86898 scroll_us=0 exposed_compose_us=0 chrome_us=0 read_submit_us=93329 read_complete_us=94941 transfer_wait_us=18631 tile_pixels=0 uniform_pixels=0 overview_pixels=164864 fallback_pixels=0 resident_tiles=0 fallback_tiles=0 pushes=11 tear_wait_us=5377 tear_sync=1 frame_reused=0 pass=1
[10:15:21] TINYDRAW_LIVE_PRESENT kind=chrome zoom=25 x=0 y=0 compose_us=36828 scroll_us=0 exposed_compose_us=0 chrome_us=8312 read_submit_us=42030 read_complete_us=43641 transfer_wait_us=17923 tile_pixels=0 uniform_pixels=0 overview_pixels=164864 fallback_pixels=0 resident_tiles=0 fallback_tiles=0 pushes=11 tear_wait_us=4000 tear_sync=1 frame_reused=0 pass=1
[10:15:24] TINYDRAW_LIVE_STROKE revision=12 operations=12 samples=446 append_us=77240 append_max_us=25566 refresh_compose_us=35353 refresh_complete_us=14970 ink_samples=138 read_submit_avg_us=2249 read_submit_max_us=27459 read_complete_avg_us=2307 read_complete_max_us=27506 submit_over_16ms=2 complete_over_33ms=0 presentation_failures=0 poll_max_us=133006 touch_errors=0 touch_overflows=0 touch_moves_coalesced=1285 touch_events=921 touch_down=3 touch_up=3 touch_events_ge_8ms=0 touch_event_age_max_us=1247 chunks=4 free_psram=2974812 largest_psram=2949120 authority_match=1
[10:15:24] TINYDRAW_LIVE_STROKE_DONE committed=1 refresh=1 commit_failed=0
[10:15:24] TINYDRAW_LIFT_BASELINE id=3 finish_preview_us=1858 builder_finish_us=59 append_us=77240 append_max_us=25566 refresh_wall_us=65865 refresh_x0=20 refresh_y0=39 refresh_x1=292 refresh_y1=403 refresh_compose_us=35353 refresh_first_submit_us=21901 refresh_first_complete_us=23526 refresh_transfer_wait_us=14970 stroke_logging_us=0 detected_to_poll_start_us=75002 detected_to_poll_complete_us=75012 poll_read_us=10 unattributed_tail_us=-70020 reports_dropped=0 chunks=4 committed=1 refresh=1 commit_failed=0
[10:15:28] TINYDRAW_LIVE_STROKE revision=13 operations=13 samples=464 append_us=4841 append_max_us=4841 refresh_compose_us=8713 refresh_complete_us=1966 ink_samples=4 read_submit_avg_us=1275 read_submit_max_us=1849 read_complete_avg_us=1255 read_complete_max_us=1826 submit_over_16ms=0 complete_over_33ms=0 presentation_failures=0 poll_max_us=75005 touch_errors=0 touch_overflows=0 touch_moves_coalesced=168 touch_events=169 touch_down=1 touch_up=1 touch_events_ge_8ms=0 touch_event_age_max_us=1246 chunks=1 free_psram=2974812 largest_psram=2949120 authority_match=1
[10:15:28] TINYDRAW_LIVE_STROKE_DONE committed=1 refresh=1 commit_failed=0
[10:15:28] TINYDRAW_LIFT_BASELINE id=4 finish_preview_us=166 builder_finish_us=44 append_us=4841 append_max_us=4841 refresh_wall_us=19970 refresh_x0=332 refresh_y0=318 refresh_x1=360 refresh_y1=407 refresh_compose_us=8713 refresh_first_submit_us=14312 refresh_first_complete_us=14452 refresh_transfer_wait_us=1966 stroke_logging_us=0 detected_to_poll_start_us=27005 detected_to_poll_complete_us=27015 poll_read_us=10 unattributed_tail_us=1984 reports_dropped=0 chunks=1 committed=1 refresh=1 commit_failed=0
[10:15:35] TINYDRAW_LIVE_STROKE revision=14 operations=14 samples=467 append_us=1036 append_max_us=1036 refresh_compose_us=8336 refresh_complete_us=2006 ink_samples=3 read_submit_avg_us=1273 read_submit_max_us=1374 read_complete_avg_us=1291 read_complete_max_us=1390 submit_over_16ms=0 complete_over_33ms=0 presentation_failures=0 poll_max_us=27005 touch_errors=0 touch_overflows=0 touch_moves_coalesced=72 touch_events=71 touch_down=1 touch_up=1 touch_events_ge_8ms=0 touch_event_age_max_us=266 chunks=1 free_psram=2974812 largest_psram=2949120 authority_match=1
[10:15:35] TINYDRAW_LIVE_STROKE_DONE committed=1 refresh=1 commit_failed=0
[10:15:35] TINYDRAW_LIFT_BASELINE id=5 finish_preview_us=2200 builder_finish_us=59 append_us=1036 append_max_us=1036 refresh_wall_us=19760 refresh_x0=359 refresh_y0=51 refresh_x1=368 refresh_y1=69 refresh_compose_us=8336 refresh_first_submit_us=12128 refresh_first_complete_us=12141 refresh_transfer_wait_us=2006 stroke_logging_us=0 detected_to_poll_start_us=24999 detected_to_poll_complete_us=25009 poll_read_us=10 unattributed_tail_us=1944 reports_dropped=0 chunks=1 committed=1 refresh=1 commit_failed=0
[10:15:36] TINYDRAW_LIVE_PRESENT kind=zoom-ui zoom=50 x=184 y=262 compose_us=30184 scroll_us=0 exposed_compose_us=0 chrome_us=8092 read_submit_us=41038 read_complete_us=42650 transfer_wait_us=17920 tile_pixels=0 uniform_pixels=0 overview_pixels=0 fallback_pixels=164864 resident_tiles=0 fallback_tiles=56 pushes=11 tear_wait_us=9705 tear_sync=1 frame_reused=0 pass=1
[10:15:36] TINYDRAW_FILL_BASELINE result=complete zoom=50 x=184 y=262 revision=14 steps=66 wall_us=383979 compute_total_us=300539 compute_max_us=9552 present_total_us=73423 present_max_us=8809 tick_max_us=10318 producer_failures=0 presentation_failures=0
[10:15:36] TINYDRAW_LIVE_FILL_DONE zoom=50 x=184 y=262 revision=14
[10:15:37] TINYDRAW_LIVE_REPAIR views=5 steps=59
[10:15:38] TINYDRAW_LIVE_PRESENT kind=zoom-ui zoom=100 x=552 y=710 compose_us=26498 scroll_us=0 exposed_compose_us=0 chrome_us=8026 read_submit_us=41530 read_complete_us=43138 transfer_wait_us=18429 tile_pixels=0 uniform_pixels=0 overview_pixels=0 fallback_pixels=164864 resident_tiles=0 fallback_tiles=56 pushes=11 tear_wait_us=13887 tear_sync=1 frame_reused=0 pass=1
[10:15:38] TINYDRAW_FILL_BASELINE result=complete zoom=100 x=552 y=710 revision=14 steps=93 wall_us=467447 compute_total_us=378881 compute_max_us=9605 present_total_us=76473 present_max_us=8426 tick_max_us=10097 producer_failures=0 presentation_failures=0
[10:15:38] TINYDRAW_LIVE_FILL_DONE zoom=100 x=552 y=710 revision=14
[10:15:41] TINYDRAW_LIVE_PRESENT kind=chrome zoom=100 x=552 y=710 compose_us=30950 scroll_us=0 exposed_compose_us=0 chrome_us=0 read_submit_us=42361 read_complete_us=43973 transfer_wait_us=18596 tile_pixels=140288 uniform_pixels=24576 overview_pixels=0 fallback_pixels=0 resident_tiles=56 fallback_tiles=0 pushes=11 tear_wait_us=10075 tear_sync=1 frame_reused=0 pass=1
[10:15:42] TINYDRAW_LIVE_PRESENT kind=chrome zoom=100 x=552 y=710 compose_us=30709 scroll_us=0 exposed_compose_us=0 chrome_us=0 read_submit_us=45651 read_complete_us=47262 transfer_wait_us=18308 tile_pixels=140288 uniform_pixels=24576 overview_pixels=0 fallback_pixels=0 resident_tiles=56 fallback_tiles=0 pushes=11 tear_wait_us=13574 tear_sync=1 frame_reused=0 pass=1
[10:15:43] TINYDRAW_LIVE_PRESENT kind=chrome zoom=100 x=552 y=710 compose_us=30715 scroll_us=0 exposed_compose_us=0 chrome_us=0 read_submit_us=36936 read_complete_us=38547 transfer_wait_us=18025 tile_pixels=140288 uniform_pixels=24576 overview_pixels=0 fallback_pixels=0 resident_tiles=56 fallback_tiles=0 pushes=11 tear_wait_us=4877 tear_sync=1 frame_reused=0 pass=1
[10:15:44] TINYDRAW_LIVE_PRESENT kind=chrome zoom=100 x=552 y=710 compose_us=29908 scroll_us=0 exposed_compose_us=0 chrome_us=7952 read_submit_us=35707 read_complete_us=37320 transfer_wait_us=18250 tile_pixels=140288 uniform_pixels=24576 overview_pixels=0 fallback_pixels=0 resident_tiles=56 fallback_tiles=0 pushes=11 tear_wait_us=4679 tear_sync=1 frame_reused=0 pass=1
[10:15:45] TINYDRAW_LIVE_REPAIR views=22 steps=553
[10:15:55] TINYDRAW_LIVE_PRESENT kind=chrome zoom=100 x=552 y=710 compose_us=80328 scroll_us=0 exposed_compose_us=0 chrome_us=0 read_submit_us=86585 read_complete_us=88190 transfer_wait_us=18376 tile_pixels=140288 uniform_pixels=24576 overview_pixels=0 fallback_pixels=0 resident_tiles=56 fallback_tiles=0 pushes=11 tear_wait_us=5194 tear_sync=1 frame_reused=0 pass=1
[10:15:56] TINYDRAW_LIVE_PRESENT kind=chrome zoom=100 x=552 y=710 compose_us=29814 scroll_us=0 exposed_compose_us=0 chrome_us=7938 read_submit_us=35922 read_complete_us=37534 transfer_wait_us=18032 tile_pixels=140288 uniform_pixels=24576 overview_pixels=0 fallback_pixels=0 resident_tiles=56 fallback_tiles=0 pushes=11 tear_wait_us=4995 tear_sync=1 frame_reused=0 pass=1
[10:15:58] TINYDRAW_LIVE_STROKE revision=17 operations=17 samples=568 append_us=26661 append_max_us=12844 refresh_compose_us=21067 refresh_complete_us=7825 ink_samples=99 read_submit_avg_us=2148 read_submit_max_us=14929 read_complete_avg_us=2223 read_complete_max_us=14994 submit_over_16ms=0 complete_over_33ms=0 presentation_failures=0 poll_max_us=127006 touch_errors=0 touch_overflows=0 touch_moves_coalesced=1097 touch_events=862 touch_down=9 touch_up=9 touch_events_ge_8ms=0 touch_event_age_max_us=3224 chunks=3 free_psram=2974812 largest_psram=2949120 authority_match=1
[10:15:58] TINYDRAW_LIVE_STROKE_DONE committed=1 refresh=1 commit_failed=0
[10:15:58] TINYDRAW_LIFT_BASELINE id=6 finish_preview_us=2010 builder_finish_us=60 append_us=26661 append_max_us=12844 refresh_wall_us=41046 refresh_x0=551 refresh_y0=919 refresh_x1=817 refresh_y1=1083 refresh_compose_us=21067 refresh_first_submit_us=18294 refresh_first_complete_us=19882 refresh_transfer_wait_us=7825 stroke_logging_us=0 detected_to_poll_start_us=47002 detected_to_poll_complete_us=47012 poll_read_us=10 unattributed_tail_us=-22775 reports_dropped=0 chunks=3 committed=1 refresh=1 commit_failed=0
[10:15:58] TINYDRAW_FILL_BASELINE result=complete zoom=100 x=552 y=710 revision=17 steps=18 wall_us=66033 compute_total_us=53509 compute_max_us=7277 present_total_us=8865 present_max_us=3370 tick_max_us=7301 producer_failures=0 presentation_failures=0
[10:15:58] TINYDRAW_LIVE_FILL_DONE zoom=100 x=552 y=710 revision=17
[10:15:59] TINYDRAW_LIVE_REPAIR views=22 steps=45
[10:15:59] TINYDRAW_LIVE_PRESENT kind=chrome zoom=100 x=552 y=710 compose_us=80391 scroll_us=0 exposed_compose_us=0 chrome_us=0 read_submit_us=85853 read_complete_us=87464 transfer_wait_us=18108 tile_pixels=148480 uniform_pixels=16384 overview_pixels=0 fallback_pixels=0 resident_tiles=56 fallback_tiles=0 pushes=11 tear_wait_us=4375 tear_sync=1 frame_reused=0 pass=1
[10:16:00] TINYDRAW_LIVE_PRESENT kind=chrome zoom=100 x=552 y=710 compose_us=30123 scroll_us=0 exposed_compose_us=0 chrome_us=8032 read_submit_us=46930 read_complete_us=48542 transfer_wait_us=18024 tile_pixels=148480 uniform_pixels=16384 overview_pixels=0 fallback_pixels=0 resident_tiles=56 fallback_tiles=0 pushes=11 tear_wait_us=15688 tear_sync=1 frame_reused=0 pass=1
[10:16:11] TINYDRAW_LIVE_STROKE revision=34 operations=34 samples=1369 append_us=175458 append_max_us=13582 refresh_compose_us=43161 refresh_complete_us=19238 ink_samples=678 read_submit_avg_us=2322 read_submit_max_us=16364 read_complete_avg_us=2414 read_complete_max_us=16512 submit_over_16ms=0 complete_over_33ms=0 presentation_failures=0 poll_max_us=126006 touch_errors=0 touch_overflows=0 touch_moves_coalesced=6264 touch_events=4399 touch_down=3 touch_up=3 touch_events_ge_8ms=0 touch_event_age_max_us=1244 chunks=17 free_psram=2974812 largest_psram=2949120 authority_match=1
[10:16:11] TINYDRAW_LIVE_STROKE_DONE committed=1 refresh=1 commit_failed=0
[10:16:11] TINYDRAW_LIFT_BASELINE id=7 finish_preview_us=3004 builder_finish_us=60 append_us=175458 append_max_us=13582 refresh_wall_us=80249 refresh_x0=552 refresh_y0=710 refresh_x1=903 refresh_y1=1157 refresh_compose_us=43161 refresh_first_submit_us=21234 refresh_first_complete_us=22844 refresh_transfer_wait_us=19238 stroke_logging_us=0 detected_to_poll_start_us=90002 detected_to_poll_complete_us=90012 poll_read_us=10 unattributed_tail_us=-168769 reports_dropped=0 chunks=17 committed=1 refresh=1 commit_failed=0
[10:16:11] TINYDRAW_FILL_BASELINE result=complete zoom=100 x=552 y=710 revision=34 steps=133 wall_us=387994 compute_total_us=323054 compute_max_us=8297 present_total_us=52609 present_max_us=8578 tick_max_us=10273 producer_failures=0 presentation_failures=0
[10:16:11] TINYDRAW_LIVE_FILL_DONE zoom=100 x=552 y=710 revision=34
[10:16:12] TINYDRAW_LIVE_PRESENT kind=chrome zoom=100 x=552 y=710 compose_us=80566 scroll_us=0 exposed_compose_us=0 chrome_us=0 read_submit_us=94681 read_complete_us=96293 transfer_wait_us=18278 tile_pixels=164864 uniform_pixels=0 overview_pixels=0 fallback_pixels=0 resident_tiles=56 fallback_tiles=0 pushes=11 tear_wait_us=13063 tear_sync=1 frame_reused=0 pass=1
[10:16:14] TINYDRAW_LIVE_PRESENT kind=chrome zoom=100 x=552 y=710 compose_us=29898 scroll_us=0 exposed_compose_us=0 chrome_us=7952 read_submit_us=40079 read_complete_us=41691 transfer_wait_us=17875 tile_pixels=164864 uniform_pixels=0 overview_pixels=0 fallback_pixels=0 resident_tiles=56 fallback_tiles=0 pushes=11 tear_wait_us=9043 tear_sync=1 frame_reused=0 pass=1
[10:16:14] TINYDRAW_LIVE_REPAIR views=22 steps=89
[10:16:14] TINYDRAW_LIVE_PRESENT kind=chrome zoom=100 x=552 y=710 compose_us=30734 scroll_us=0 exposed_compose_us=0 chrome_us=0 read_submit_us=38268 read_complete_us=39879 transfer_wait_us=18692 tile_pixels=164864 uniform_pixels=0 overview_pixels=0 fallback_pixels=0 resident_tiles=56 fallback_tiles=0 pushes=11 tear_wait_us=6199 tear_sync=1 frame_reused=0 pass=1
[10:16:15] TINYDRAW_LIVE_PRESENT kind=chrome zoom=100 x=552 y=710 compose_us=29752 scroll_us=0 exposed_compose_us=0 chrome_us=7974 read_submit_us=35990 read_complete_us=37601 transfer_wait_us=17967 tile_pixels=164864 uniform_pixels=0 overview_pixels=0 fallback_pixels=0 resident_tiles=56 fallback_tiles=0 pushes=11 tear_wait_us=5103 tear_sync=1 frame_reused=0 pass=1
[10:16:29] TINYDRAW_LIVE_PRESENT kind=power zoom=100 x=552 y=710 compose_us=30102 scroll_us=0 exposed_compose_us=0 chrome_us=7963 read_submit_us=45232 read_complete_us=46845 transfer_wait_us=18764 tile_pixels=121344 uniform_pixels=0 overview_pixels=0 fallback_pixels=43520 resident_tiles=45 fallback_tiles=11 pushes=11 tear_wait_us=13463 tear_sync=1 frame_reused=0 pass=1
[10:16:29] TINYDRAW_LIVE_STROKE revision=51 operations=51 samples=2145 append_us=136617 append_max_us=11827 refresh_compose_us=37412 refresh_complete_us=18029 ink_samples=732 read_submit_avg_us=1625 read_submit_max_us=12769 read_complete_avg_us=1657 read_complete_max_us=12803 submit_over_16ms=0 complete_over_33ms=0 presentation_failures=0 poll_max_us=135006 touch_errors=0 touch_overflows=0 touch_moves_coalesced=5966 touch_events=5056 touch_down=6 touch_up=6 touch_events_ge_8ms=0 touch_event_age_max_us=1246 chunks=17 free_psram=2974812 largest_psram=2949120 authority_match=1
[10:16:29] TINYDRAW_LIVE_STROKE_DONE committed=1 refresh=1 commit_failed=0
[10:16:29] TINYDRAW_LIFT_BASELINE id=8 finish_preview_us=2012 builder_finish_us=60 append_us=136617 append_max_us=11827 refresh_wall_us=72265 refresh_x0=578 refresh_y0=718 refresh_x1=862 refresh_y1=1084 refresh_compose_us=37412 refresh_first_submit_us=18476 refresh_first_complete_us=20059 refresh_transfer_wait_us=18029 stroke_logging_us=0 detected_to_poll_start_us=171806 detected_to_poll_complete_us=171819 poll_read_us=13 unattributed_tail_us=-39148 reports_dropped=0 chunks=17 committed=1 refresh=1 commit_failed=0
[10:16:30] TINYDRAW_FILL_BASELINE result=complete zoom=100 x=552 y=710 revision=51 steps=125 wall_us=259027 compute_total_us=224775 compute_max_us=5142 present_total_us=23664 present_max_us=4388 tick_max_us=6669 producer_failures=0 presentation_failures=0
[10:16:30] TINYDRAW_LIVE_FILL_DONE zoom=100 x=552 y=710 revision=51
[10:16:30] TINYDRAW_LIVE_REPAIR views=22 steps=119
[10:16:32] TINYDRAW_LIVE_STROKE revision=52 operations=52 samples=2146 append_us=1254 append_max_us=1254 refresh_compose_us=8176 refresh_complete_us=1284 ink_samples=2 read_submit_avg_us=898 read_submit_max_us=1037 read_complete_avg_us=871 read_complete_max_us=1006 submit_over_16ms=0 complete_over_33ms=0 presentation_failures=0 poll_max_us=79005 touch_errors=0 touch_overflows=0 touch_moves_coalesced=57 touch_events=58 touch_down=1 touch_up=1 touch_events_ge_8ms=0 touch_event_age_max_us=1244 chunks=1 free_psram=2974812 largest_psram=2949120 authority_match=1
[10:16:32] TINYDRAW_LIVE_STROKE_DONE committed=1 refresh=1 commit_failed=0
[10:16:32] TINYDRAW_LIFT_BASELINE id=9 finish_preview_us=819 builder_finish_us=57 append_us=1254 append_max_us=1254 refresh_wall_us=18588 refresh_x0=886 refresh_y0=765 refresh_x1=890 refresh_y1=769 refresh_compose_us=8176 refresh_first_submit_us=10810 refresh_first_complete_us=10795 refresh_transfer_wait_us=1284 stroke_logging_us=0 detected_to_poll_start_us=22004 detected_to_poll_complete_us=22015 poll_read_us=11 unattributed_tail_us=1286 reports_dropped=0 chunks=1 committed=1 refresh=1 commit_failed=0
[10:16:32] TINYDRAW_FILL_BASELINE result=complete zoom=100 x=552 y=710 revision=52 steps=1 wall_us=950 compute_total_us=908 compute_max_us=908 present_total_us=0 present_max_us=0 tick_max_us=926 producer_failures=0 presentation_failures=0
[10:16:32] TINYDRAW_LIVE_FILL_DONE zoom=100 x=552 y=710 revision=52
[10:16:32] TINYDRAW_LIVE_REPAIR views=22 steps=49
[10:16:40] TINYDRAW_LIVE_PRESENT kind=zoom-ui zoom=50 x=184 y=262 compose_us=30121 scroll_us=0 exposed_compose_us=0 chrome_us=8121 read_submit_us=39045 read_complete_us=40658 transfer_wait_us=17913 tile_pixels=164192 uniform_pixels=672 overview_pixels=0 fallback_pixels=0 resident_tiles=56 fallback_tiles=0 pushes=11 tear_wait_us=7764 tear_sync=1 frame_reused=0 pass=1
[10:16:40] TINYDRAW_FILL_BASELINE result=complete zoom=50 x=184 y=262 revision=52 steps=1 wall_us=1223 compute_total_us=1182 compute_max_us=1182 present_total_us=0 present_max_us=0 tick_max_us=1199 producer_failures=0 presentation_failures=0
[10:16:40] TINYDRAW_LIVE_FILL_DONE zoom=50 x=184 y=262 revision=52
[10:16:40] TINYDRAW_LIVE_PRESENT kind=zoom-ui zoom=25 x=0 y=0 compose_us=36836 scroll_us=0 exposed_compose_us=0 chrome_us=8320 read_submit_us=43052 read_complete_us=44664 transfer_wait_us=17907 tile_pixels=0 uniform_pixels=0 overview_pixels=164864 fallback_pixels=0 resident_tiles=0 fallback_tiles=0 pushes=11 tear_wait_us=5021 tear_sync=1 frame_reused=0 pass=1
[10:16:47] TINYDRAW_LIVE_STROKE revision=53 operations=53 samples=2147 append_us=1159 append_max_us=1159 refresh_compose_us=8447 refresh_complete_us=1295 ink_samples=2 read_submit_avg_us=862 read_submit_max_us=952 read_complete_avg_us=849 read_complete_max_us=940 submit_over_16ms=0 complete_over_33ms=0 presentation_failures=0 poll_max_us=111007 touch_errors=0 touch_overflows=0 touch_moves_coalesced=131 touch_events=138 touch_down=3 touch_up=3 touch_events_ge_8ms=0 touch_event_age_max_us=1237 chunks=1 free_psram=2974812 largest_psram=2949120 authority_match=1
[10:16:47] TINYDRAW_LIVE_STROKE_DONE committed=1 refresh=1 commit_failed=0
[10:16:47] TINYDRAW_LIFT_BASELINE id=10 finish_preview_us=834 builder_finish_us=54 append_us=1159 append_max_us=1159 refresh_wall_us=19019 refresh_x0=347 refresh_y0=54 refresh_x1=351 refresh_y1=58 refresh_compose_us=8447 refresh_first_submit_us=10955 refresh_first_complete_us=10939 refresh_transfer_wait_us=1295 stroke_logging_us=0 detected_to_poll_start_us=22998 detected_to_poll_complete_us=23008 poll_read_us=10 unattributed_tail_us=1932 reports_dropped=0 chunks=1 committed=1 refresh=1 commit_failed=0
[10:16:48] TINYDRAW_LIVE_STROKE revision=54 operations=54 samples=2151 append_us=1407 append_max_us=1407 refresh_compose_us=8326 refresh_complete_us=1632 ink_samples=4 read_submit_avg_us=1191 read_submit_max_us=1239 read_complete_avg_us=1173 read_complete_max_us=1221 submit_over_16ms=0 complete_over_33ms=0 presentation_failures=0 poll_max_us=23005 touch_errors=0 touch_overflows=0 touch_moves_coalesced=36 touch_events=38 touch_down=1 touch_up=1 touch_events_ge_8ms=0 touch_event_age_max_us=258 chunks=1 free_psram=2974812 largest_psram=2949120 authority_match=1
[10:16:48] TINYDRAW_LIVE_STROKE_DONE committed=1 refresh=1 commit_failed=0
[10:16:48] TINYDRAW_LIFT_BASELINE id=11 finish_preview_us=1271 builder_finish_us=55 append_us=1407 append_max_us=1407 refresh_wall_us=19328 refresh_x0=337 refresh_y0=60 refresh_x1=345 refresh_y1=67 refresh_compose_us=8326 refresh_first_submit_us=11537 refresh_first_complete_us=11512 refresh_transfer_wait_us=1632 stroke_logging_us=0 detected_to_poll_start_us=23999 detected_to_poll_complete_us=24009 poll_read_us=10 unattributed_tail_us=1938 reports_dropped=0 chunks=1 committed=1 refresh=1 commit_failed=0
[10:16:49] TINYDRAW_LIVE_PRESENT kind=zoom-ui zoom=50 x=184 y=262 compose_us=30144 scroll_us=0 exposed_compose_us=0 chrome_us=8126 read_submit_us=35520 read_complete_us=37127 transfer_wait_us=18438 tile_pixels=164192 uniform_pixels=672 overview_pixels=0 fallback_pixels=0 resident_tiles=56 fallback_tiles=0 pushes=11 tear_wait_us=4202 tear_sync=1 frame_reused=0 pass=1
[10:16:49] TINYDRAW_FILL_BASELINE result=complete zoom=50 x=184 y=262 revision=54 steps=1 wall_us=1218 compute_total_us=1171 compute_max_us=1171 present_total_us=0 present_max_us=0 tick_max_us=1187 producer_failures=0 presentation_failures=0
[10:16:49] TINYDRAW_LIVE_FILL_DONE zoom=50 x=184 y=262 revision=54
[10:16:49] TINYDRAW_LIVE_REPAIR views=6 steps=7
[10:16:49] TINYDRAW_LIVE_STROKE revision=55 operations=55 samples=2152 append_us=1157 append_max_us=1157 refresh_compose_us=8209 refresh_complete_us=1992 ink_samples=2 read_submit_avg_us=1107 read_submit_max_us=1289 read_complete_avg_us=1090 read_complete_max_us=1270 submit_over_16ms=0 complete_over_33ms=0 presentation_failures=0 poll_max_us=108006 touch_errors=0 touch_overflows=0 touch_moves_coalesced=62 touch_events=66 touch_down=2 touch_up=2 touch_events_ge_8ms=0 touch_event_age_max_us=1239 chunks=1 free_psram=2974812 largest_psram=2949120 authority_match=1
[10:16:49] TINYDRAW_LIVE_STROKE_DONE committed=1 refresh=1 commit_failed=0
[10:16:49] TINYDRAW_LIFT_BASELINE id=12 finish_preview_us=1168 builder_finish_us=58 append_us=1157 append_max_us=1157 refresh_wall_us=19130 refresh_x0=528 refresh_y0=322 refresh_x1=532 refresh_y1=326 refresh_compose_us=8209 refresh_first_submit_us=11089 refresh_first_complete_us=11071 refresh_transfer_wait_us=1992 stroke_logging_us=0 detected_to_poll_start_us=23000 detected_to_poll_complete_us=23010 poll_read_us=10 unattributed_tail_us=1487 reports_dropped=0 chunks=1 committed=1 refresh=1 commit_failed=0
[10:16:49] TINYDRAW_FILL_BASELINE result=complete zoom=50 x=184 y=262 revision=55 steps=1 wall_us=1169 compute_total_us=1127 compute_max_us=1127 present_total_us=0 present_max_us=0 tick_max_us=1146 producer_failures=0 presentation_failures=0
[10:16:49] TINYDRAW_LIVE_FILL_DONE zoom=50 x=184 y=262 revision=55
[10:16:49] TINYDRAW_LIVE_REPAIR views=6 steps=6
[10:16:50] TINYDRAW_LIVE_PRESENT kind=zoom-ui zoom=100 x=552 y=710 compose_us=29862 scroll_us=0 exposed_compose_us=0 chrome_us=7961 read_submit_us=42314 read_complete_us=43926 transfer_wait_us=18644 tile_pixels=164864 uniform_pixels=0 overview_pixels=0 fallback_pixels=0 resident_tiles=56 fallback_tiles=0 pushes=11 tear_wait_us=11270 tear_sync=1 frame_reused=0 pass=1
[10:16:50] TINYDRAW_FILL_BASELINE result=complete zoom=100 x=552 y=710 revision=55 steps=1 wall_us=952 compute_total_us=912 compute_max_us=912 present_total_us=0 present_max_us=0 tick_max_us=927 producer_failures=0 presentation_failures=0
[10:16:50] TINYDRAW_LIVE_FILL_DONE zoom=100 x=552 y=710 revision=55
[10:16:52] TINYDRAW_LIVE_STROKE revision=56 operations=56 samples=2172 append_us=4702 append_max_us=4702 refresh_compose_us=17742 refresh_complete_us=6874 ink_samples=20 read_submit_avg_us=1384 read_submit_max_us=2328 read_complete_avg_us=1408 read_complete_max_us=2364 submit_over_16ms=0 complete_over_33ms=0 presentation_failures=0 poll_max_us=116005 touch_errors=0 touch_overflows=0 touch_moves_coalesced=192 touch_events=172 touch_down=2 touch_up=2 touch_events_ge_8ms=0 touch_event_age_max_us=3166 chunks=1 free_psram=2974812 largest_psram=2949120 authority_match=1
[10:16:52] TINYDRAW_LIVE_STROKE_DONE committed=1 refresh=1 commit_failed=0
[10:16:52] TINYDRAW_LIFT_BASELINE id=13 finish_preview_us=1115 builder_finish_us=58 append_us=4702 append_max_us=4702 refresh_wall_us=36066 refresh_x0=567 refresh_y0=843 refresh_x1=805 refresh_y1=990 refresh_compose_us=17742 refresh_first_submit_us=19953 refresh_first_complete_us=21576 refresh_transfer_wait_us=6874 stroke_logging_us=0 detected_to_poll_start_us=43999 detected_to_poll_complete_us=44009 poll_read_us=10 unattributed_tail_us=2058 reports_dropped=0 chunks=1 committed=1 refresh=1 commit_failed=0
[10:16:52] TINYDRAW_FILL_BASELINE result=complete zoom=100 x=552 y=710 revision=56 steps=1 wall_us=502 compute_total_us=443 compute_max_us=443 present_total_us=0 present_max_us=0 tick_max_us=464 producer_failures=0 presentation_failures=0
[10:16:52] TINYDRAW_LIVE_FILL_DONE zoom=100 x=552 y=710 revision=56
[10:16:53] TINYDRAW_LIVE_PRESENT kind=chrome zoom=100 x=552 y=710 compose_us=31076 scroll_us=0 exposed_compose_us=0 chrome_us=0 read_submit_us=34082 read_complete_us=35695 transfer_wait_us=17876 tile_pixels=164864 uniform_pixels=0 overview_pixels=0 fallback_pixels=0 resident_tiles=56 fallback_tiles=0 pushes=11 tear_wait_us=1665 tear_sync=1 frame_reused=0 pass=1
[10:16:54] TINYDRAW_LIVE_PRESENT kind=chrome zoom=100 x=552 y=710 compose_us=29767 scroll_us=0 exposed_compose_us=0 chrome_us=8006 read_submit_us=45043 read_complete_us=46656 transfer_wait_us=17917 tile_pixels=164864 uniform_pixels=0 overview_pixels=0 fallback_pixels=0 resident_tiles=56 fallback_tiles=0 pushes=11 tear_wait_us=14121 tear_sync=1 frame_reused=0 pass=1
[10:16:55] TINYDRAW_LIVE_REPAIR views=22 steps=330
[10:16:55] TINYDRAW_PAN_BASELINE zoom=100 x=732 y=520 frames=9 reused=9 compose_avg_us=12 compose_max_us=14 present_avg_us=27416 present_max_us=28896 tear_wait_avg_us=261 tear_wait_max_us=1371 failures=0
[10:16:55] TINYDRAW_FILL_BASELINE result=complete zoom=100 x=732 y=520 revision=56 steps=1 wall_us=2065 compute_total_us=2024 compute_max_us=2024 present_total_us=0 present_max_us=0 tick_max_us=2042 producer_failures=0 presentation_failures=0
[10:16:55] TINYDRAW_LIVE_FILL_DONE zoom=100 x=732 y=520 revision=56
[10:16:55] TINYDRAW_LIVE_REPAIR views=22 steps=22
[10:16:56] TINYDRAW_PAN_BASELINE zoom=100 x=888 y=400 frames=6 reused=6 compose_avg_us=12 compose_max_us=14 present_avg_us=27394 present_max_us=29888 tear_wait_avg_us=6 tear_wait_max_us=7 failures=0
[10:16:56] TINYDRAW_FILL_BASELINE result=complete zoom=100 x=888 y=400 revision=56 steps=1 wall_us=2607 compute_total_us=2566 compute_max_us=2566 present_total_us=0 present_max_us=0 tick_max_us=2585 producer_failures=0 presentation_failures=0
[10:16:56] TINYDRAW_LIVE_FILL_DONE zoom=100 x=888 y=400 revision=56
[10:16:56] TINYDRAW_LIVE_REPAIR views=22 steps=22
[10:16:57] TINYDRAW_PAN_BASELINE zoom=100 x=1018 y=322 frames=4 reused=4 compose_avg_us=12 compose_max_us=15 present_avg_us=27155 present_max_us=31890 tear_wait_avg_us=6 tear_wait_max_us=7 failures=1
[10:16:57] TINYDRAW_FILL_BASELINE result=complete zoom=100 x=1018 y=322 revision=56 steps=1 wall_us=2964 compute_total_us=2924 compute_max_us=2924 present_total_us=0 present_max_us=0 tick_max_us=2942 producer_failures=0 presentation_failures=0
[10:16:57] TINYDRAW_LIVE_FILL_DONE zoom=100 x=1018 y=322 revision=56
[10:16:57] TINYDRAW_LIVE_REPAIR views=22 steps=22
[10:16:58] TINYDRAW_PAN_BASELINE zoom=100 x=848 y=544 frames=6 reused=6 compose_avg_us=12 compose_max_us=14 present_avg_us=30563 present_max_us=36894 tear_wait_avg_us=6 tear_wait_max_us=7 failures=0
[10:16:58] TINYDRAW_FILL_BASELINE result=complete zoom=100 x=848 y=544 revision=56 steps=1 wall_us=2104 compute_total_us=2065 compute_max_us=2065 present_total_us=0 present_max_us=0 tick_max_us=2083 producer_failures=0 presentation_failures=0
[10:16:58] TINYDRAW_LIVE_FILL_DONE zoom=100 x=848 y=544 revision=56
[10:16:58] TINYDRAW_LIVE_REPAIR views=22 steps=22
[10:16:58] TINYDRAW_PAN_BASELINE zoom=100 x=654 y=658 frames=5 reused=5 compose_avg_us=12 compose_max_us=12 present_avg_us=29890 present_max_us=36891 tear_wait_avg_us=413 tear_wait_max_us=2042 failures=0
[10:16:58] TINYDRAW_FILL_BASELINE result=complete zoom=100 x=654 y=658 revision=56 steps=1 wall_us=1316 compute_total_us=1275 compute_max_us=1275 present_total_us=0 present_max_us=0 tick_max_us=1294 producer_failures=0 presentation_failures=0
[10:16:58] TINYDRAW_LIVE_FILL_DONE zoom=100 x=654 y=658 revision=56
[10:16:58] TINYDRAW_LIVE_REPAIR views=22 steps=22
[10:16:58] TINYDRAW_PAN_BASELINE zoom=100 x=452 y=682 frames=6 reused=6 compose_avg_us=12 compose_max_us=13 present_avg_us=28174 present_max_us=31891 tear_wait_avg_us=62 tear_wait_max_us=343 failures=0
[10:16:58] TINYDRAW_FILL_BASELINE result=complete zoom=100 x=452 y=682 revision=56 steps=1 wall_us=1243 compute_total_us=1202 compute_max_us=1202 present_total_us=0 present_max_us=0 tick_max_us=1220 producer_failures=0 presentation_failures=0
[10:16:58] TINYDRAW_LIVE_FILL_DONE zoom=100 x=452 y=682 revision=56
[10:16:59] TINYDRAW_LIVE_REPAIR views=22 steps=22
[10:16:59] TINYDRAW_PAN_BASELINE zoom=100 x=236 y=530 frames=5 reused=5 compose_avg_us=12 compose_max_us=14 present_avg_us=30554 present_max_us=34878 tear_wait_avg_us=548 tear_wait_max_us=2017 failures=0
[10:16:59] TINYDRAW_FILL_BASELINE result=complete zoom=100 x=236 y=530 revision=56 steps=1 wall_us=2154 compute_total_us=2113 compute_max_us=2113 present_total_us=0 present_max_us=0 tick_max_us=2132 producer_failures=0 presentation_failures=0
[10:16:59] TINYDRAW_LIVE_FILL_DONE zoom=100 x=236 y=530 revision=56
[10:16:59] TINYDRAW_LIVE_REPAIR views=22 steps=22
[10:16:59] TINYDRAW_PAN_BASELINE zoom=100 x=72 y=442 frames=4 reused=4 compose_avg_us=12 compose_max_us=14 present_avg_us=30398 present_max_us=32890 tear_wait_avg_us=6 tear_wait_max_us=7 failures=0
[10:16:59] TINYDRAW_FILL_BASELINE result=complete zoom=100 x=72 y=442 revision=56 steps=1 wall_us=2465 compute_total_us=2415 compute_max_us=2415 present_total_us=0 present_max_us=0 tick_max_us=2437 producer_failures=0 presentation_failures=0
[10:16:59] TINYDRAW_LIVE_FILL_DONE zoom=100 x=72 y=442 revision=56
[10:16:59] TINYDRAW_LIVE_PRESENT kind=power zoom=100 x=72 y=442 compose_us=30174 scroll_us=0 exposed_compose_us=0 chrome_us=7989 read_submit_us=45921 read_complete_us=47533 transfer_wait_us=18077 tile_pixels=118064 uniform_pixels=46800 overview_pixels=0 fallback_pixels=0 resident_tiles=48 fallback_tiles=0 pushes=11 tear_wait_us=14057 tear_sync=1 frame_reused=0 pass=1
[10:16:59] TINYDRAW_LIVE_REPAIR views=22 steps=22
[10:17:00] TINYDRAW_PAN_BASELINE zoom=100 x=0 y=560 frames=6 reused=6 compose_avg_us=12 compose_max_us=13 present_avg_us=27096 present_max_us=29890 tear_wait_avg_us=305 tear_wait_max_us=1802 failures=0
[10:17:00] TINYDRAW_FILL_BASELINE result=complete zoom=100 x=0 y=560 revision=56 steps=1 wall_us=2337 compute_total_us=2295 compute_max_us=2295 present_total_us=0 present_max_us=0 tick_max_us=2313 producer_failures=0 presentation_failures=0
[10:17:00] TINYDRAW_LIVE_FILL_DONE zoom=100 x=0 y=560 revision=56
[10:17:00] TINYDRAW_LIVE_REPAIR views=21 steps=21
[10:17:00] TINYDRAW_PAN_BASELINE zoom=100 x=4 y=736 frames=5 reused=5 compose_avg_us=13 compose_max_us=14 present_avg_us=27696 present_max_us=30888 tear_wait_avg_us=6 tear_wait_max_us=7 failures=0
[10:17:00] TINYDRAW_FILL_BASELINE result=complete zoom=100 x=4 y=736 revision=56 steps=1 wall_us=2262 compute_total_us=2223 compute_max_us=2223 present_total_us=0 present_max_us=0 tick_max_us=2240 producer_failures=0 presentation_failures=0
[10:17:00] TINYDRAW_LIVE_FILL_DONE zoom=100 x=4 y=736 revision=56
[10:17:00] TINYDRAW_LIVE_REPAIR views=22 steps=22
[10:17:01] TINYDRAW_PAN_BASELINE zoom=100 x=0 y=970 frames=5 reused=5 compose_avg_us=12 compose_max_us=13 present_avg_us=29403 present_max_us=35890 tear_wait_avg_us=505 tear_wait_max_us=2501 failures=1
[10:17:01] TINYDRAW_FILL_BASELINE result=complete zoom=100 x=0 y=970 revision=56 steps=1 wall_us=2321 compute_total_us=2280 compute_max_us=2280 present_total_us=0 present_max_us=0 tick_max_us=2299 producer_failures=0 presentation_failures=0
[10:17:01] TINYDRAW_LIVE_FILL_DONE zoom=100 x=0 y=970 revision=56
[10:17:01] TINYDRAW_LIVE_REPAIR views=20 steps=20
[10:17:01] TINYDRAW_PAN_BASELINE zoom=100 x=14 y=1118 frames=5 reused=5 compose_avg_us=12 compose_max_us=14 present_avg_us=26876 present_max_us=28894 tear_wait_avg_us=427 tear_wait_max_us=2112 failures=0
[10:17:01] TINYDRAW_FILL_BASELINE result=complete zoom=100 x=14 y=1118 revision=56 steps=1 wall_us=2526 compute_total_us=2486 compute_max_us=2486 present_total_us=0 present_max_us=0 tick_max_us=2505 producer_failures=0 presentation_failures=0
[10:17:01] TINYDRAW_LIVE_FILL_DONE zoom=100 x=14 y=1118 revision=56
[10:17:01] TINYDRAW_LIVE_REPAIR views=22 steps=22
[10:17:01] TINYDRAW_PAN_BASELINE zoom=100 x=158 y=1272 frames=6 reused=6 compose_avg_us=12 compose_max_us=14 present_avg_us=27566 present_max_us=29888 tear_wait_avg_us=6 tear_wait_max_us=7 failures=1
[10:17:01] TINYDRAW_FILL_BASELINE result=complete zoom=100 x=158 y=1272 revision=56 steps=1 wall_us=2650 compute_total_us=2609 compute_max_us=2609 present_total_us=0 present_max_us=0 tick_max_us=2627 producer_failures=0 presentation_failures=0
[10:17:01] TINYDRAW_LIVE_FILL_DONE zoom=100 x=158 y=1272 revision=56
[10:17:01] TINYDRAW_LIVE_REPAIR views=22 steps=22
[10:17:02] TINYDRAW_PAN_BASELINE zoom=100 x=314 y=1176 frames=5 reused=5 compose_avg_us=12 compose_max_us=14 present_avg_us=27302 present_max_us=29888 tear_wait_avg_us=6 tear_wait_max_us=7 failures=1
[10:17:02] TINYDRAW_FILL_BASELINE result=complete zoom=100 x=314 y=1176 revision=56 steps=1 wall_us=2500 compute_total_us=2458 compute_max_us=2458 present_total_us=0 present_max_us=0 tick_max_us=2476 producer_failures=0 presentation_failures=0
[10:17:02] TINYDRAW_LIVE_FILL_DONE zoom=100 x=314 y=1176 revision=56
[10:17:02] TINYDRAW_LIVE_REPAIR views=22 steps=22
[10:17:03] TINYDRAW_PAN_BASELINE zoom=100 x=214 y=1180 frames=35 reused=35 compose_avg_us=12 compose_max_us=14 present_avg_us=26613 present_max_us=28891 tear_wait_avg_us=255 tear_wait_max_us=2476 failures=1
[10:17:03] TINYDRAW_FILL_BASELINE result=complete zoom=100 x=214 y=1180 revision=56 steps=1 wall_us=2531 compute_total_us=2491 compute_max_us=2491 present_total_us=0 present_max_us=0 tick_max_us=2510 producer_failures=0 presentation_failures=0
[10:17:03] TINYDRAW_LIVE_FILL_DONE zoom=100 x=214 y=1180 revision=56
[10:17:03] TINYDRAW_LIVE_REPAIR views=22 steps=22
[10:17:03] TINYDRAW_PAN_BASELINE zoom=100 x=124 y=894 frames=5 reused=4 compose_avg_us=6391 compose_max_us=31908 present_avg_us=28179 present_max_us=33890 tear_wait_avg_us=2123 tear_wait_max_us=10589 failures=0
[10:17:03] TINYDRAW_FILL_BASELINE result=complete zoom=100 x=124 y=894 revision=56 steps=1 wall_us=2445 compute_total_us=2395 compute_max_us=2395 present_total_us=0 present_max_us=0 tick_max_us=2423 producer_failures=0 presentation_failures=0
[10:17:03] TINYDRAW_LIVE_FILL_DONE zoom=100 x=124 y=894 revision=56
[10:17:04] TINYDRAW_LIVE_REPAIR views=22 steps=22
[10:17:04] TINYDRAW_PAN_BASELINE zoom=100 x=0 y=788 frames=6 reused=6 compose_avg_us=12 compose_max_us=14 present_avg_us=28396 present_max_us=31890 tear_wait_avg_us=6 tear_wait_max_us=7 failures=0
[10:17:04] TINYDRAW_FILL_BASELINE result=complete zoom=100 x=0 y=788 revision=56 steps=1 wall_us=2318 compute_total_us=2278 compute_max_us=2278 present_total_us=0 present_max_us=0 tick_max_us=2295 producer_failures=0 presentation_failures=0
[10:17:04] TINYDRAW_LIVE_FILL_DONE zoom=100 x=0 y=788 revision=56
[10:17:04] TINYDRAW_LIVE_REPAIR views=21 steps=21
[10:17:04] TINYDRAW_PAN_BASELINE zoom=100 x=108 y=912 frames=9 reused=9 compose_avg_us=12 compose_max_us=14 present_avg_us=26478 present_max_us=27889 tear_wait_avg_us=312 tear_wait_max_us=2762 failures=1
[10:17:04] TINYDRAW_FILL_BASELINE result=complete zoom=100 x=108 y=912 revision=56 steps=1 wall_us=2349 compute_total_us=2308 compute_max_us=2308 present_total_us=0 present_max_us=0 tick_max_us=2326 producer_failures=0 presentation_failures=0
[10:17:04] TINYDRAW_LIVE_FILL_DONE zoom=100 x=108 y=912 revision=56
[10:17:04] TINYDRAW_LIVE_REPAIR views=22 steps=22
[10:17:06] TINYDRAW_PAN_BASELINE zoom=100 x=246 y=872 frames=38 reused=38 compose_avg_us=11 compose_max_us=14 present_avg_us=26004 present_max_us=28888 tear_wait_avg_us=80 tear_wait_max_us=1834 failures=2
[10:17:06] TINYDRAW_FILL_BASELINE result=complete zoom=100 x=246 y=872 revision=56 steps=1 wall_us=2134 compute_total_us=2094 compute_max_us=2094 present_total_us=0 present_max_us=0 tick_max_us=2113 producer_failures=0 presentation_failures=0
[10:17:06] TINYDRAW_LIVE_FILL_DONE zoom=100 x=246 y=872 revision=56
[10:17:06] TINYDRAW_LIVE_REPAIR views=22 steps=22
[10:17:06] TINYDRAW_PAN_BASELINE zoom=100 x=360 y=872 frames=8 reused=8 compose_avg_us=11 compose_max_us=13 present_avg_us=25148 present_max_us=25892 tear_wait_avg_us=132 tear_wait_max_us=1020 failures=1
[10:17:06] TINYDRAW_FILL_BASELINE result=complete zoom=100 x=360 y=872 revision=56 steps=1 wall_us=1822 compute_total_us=1781 compute_max_us=1781 present_total_us=0 present_max_us=0 tick_max_us=1799 producer_failures=0 presentation_failures=0
[10:17:06] TINYDRAW_LIVE_FILL_DONE zoom=100 x=360 y=872 revision=56
[10:17:06] TINYDRAW_LIVE_REPAIR views=22 steps=22
[10:17:07] TINYDRAW_PAN_BASELINE zoom=100 x=454 y=874 frames=11 reused=11 compose_avg_us=12 compose_max_us=15 present_avg_us=24850 present_max_us=25891 tear_wait_avg_us=57 tear_wait_max_us=570 failures=2
[10:17:07] TINYDRAW_FILL_BASELINE result=complete zoom=100 x=454 y=874 revision=56 steps=1 wall_us=1512 compute_total_us=1459 compute_max_us=1459 present_total_us=0 present_max_us=0 tick_max_us=1481 producer_failures=0 presentation_failures=0
[10:17:07] TINYDRAW_LIVE_FILL_DONE zoom=100 x=454 y=874 revision=56
[10:17:07] TINYDRAW_LIVE_REPAIR views=22 steps=22
[10:17:32] TINYDRAW_LIVE_PRESENT kind=zoom-ui zoom=200 x=1092 y=1934 compose_us=27201 scroll_us=0 exposed_compose_us=0 chrome_us=7999 read_submit_us=29634 read_complete_us=31247 transfer_wait_us=18325 tile_pixels=0 uniform_pixels=0 overview_pixels=0 fallback_pixels=164864 resident_tiles=0 fallback_tiles=48 pushes=11 tear_wait_us=1306 tear_sync=1 frame_reused=0 pass=1
[10:17:32] TINYDRAW_LIVE_PRESENT kind=zoom-ui zoom=400 x=2368 y=4054 compose_us=28121 scroll_us=0 exposed_compose_us=0 chrome_us=7975 read_submit_us=42492 read_complete_us=44098 transfer_wait_us=18468 tile_pixels=0 uniform_pixels=0 overview_pixels=0 fallback_pixels=164864 resident_tiles=0 fallback_tiles=48 pushes=11 tear_wait_us=13219 tear_sync=1 frame_reused=0 pass=1
[10:17:32] TINYDRAW_FILL_BASELINE result=superseded zoom=200 x=1092 y=1934 revision=56 steps=112 wall_us=471162 compute_total_us=245391 compute_max_us=10179 present_total_us=54743 present_max_us=8467 tick_max_us=12363 producer_failures=0 presentation_failures=0
[10:17:33] TINYDRAW_FILL_BASELINE result=complete zoom=400 x=2368 y=4054 revision=56 steps=200 wall_us=555012 compute_total_us=459668 compute_max_us=10428 present_total_us=78992 present_max_us=8682 tick_max_us=12102 producer_failures=0 presentation_failures=0
[10:17:33] TINYDRAW_LIVE_FILL_DONE zoom=400 x=2368 y=4054 revision=56
[10:17:34] TINYDRAW_LIVE_PRESENT kind=chrome zoom=400 x=2368 y=4054 compose_us=82020 scroll_us=0 exposed_compose_us=0 chrome_us=0 read_submit_us=87593 read_complete_us=89202 transfer_wait_us=18367 tile_pixels=141280 uniform_pixels=23584 overview_pixels=0 fallback_pixels=0 resident_tiles=48 fallback_tiles=0 pushes=11 tear_wait_us=4513 tear_sync=1 frame_reused=0 pass=1
[10:17:35] TINYDRAW_LIVE_PRESENT kind=chrome zoom=400 x=2368 y=4054 compose_us=31254 scroll_us=0 exposed_compose_us=0 chrome_us=7947 read_submit_us=33919 read_complete_us=35532 transfer_wait_us=18035 tile_pixels=141280 uniform_pixels=23584 overview_pixels=0 fallback_pixels=0 resident_tiles=48 fallback_tiles=0 pushes=11 tear_wait_us=1562 tear_sync=1 frame_reused=0 pass=1
[10:17:37] TINYDRAW_LIVE_REPAIR views=8 steps=659
[10:17:37] TINYDRAW_LIVE_PRESENT kind=chrome zoom=400 x=2368 y=4054 compose_us=32295 scroll_us=0 exposed_compose_us=0 chrome_us=0 read_submit_us=33933 read_complete_us=35545 transfer_wait_us=18027 tile_pixels=141280 uniform_pixels=23584 overview_pixels=0 fallback_pixels=0 resident_tiles=48 fallback_tiles=0 pushes=11 tear_wait_us=192 tear_sync=1 frame_reused=0 pass=1
[10:17:38] TINYDRAW_LIVE_PRESENT kind=chrome zoom=400 x=2368 y=4054 compose_us=81740 scroll_us=0 exposed_compose_us=0 chrome_us=0 read_submit_us=93849 read_complete_us=95463 transfer_wait_us=18112 tile_pixels=141280 uniform_pixels=23584 overview_pixels=0 fallback_pixels=0 resident_tiles=48 fallback_tiles=0 pushes=11 tear_wait_us=11057 tear_sync=1 frame_reused=0 pass=1
[10:17:39] TINYDRAW_LIVE_PRESENT kind=chrome zoom=400 x=2368 y=4054 compose_us=31264 scroll_us=0 exposed_compose_us=0 chrome_us=7948 read_submit_us=37973 read_complete_us=39580 transfer_wait_us=17993 tile_pixels=141280 uniform_pixels=23584 overview_pixels=0 fallback_pixels=0 resident_tiles=48 fallback_tiles=0 pushes=11 tear_wait_us=5594 tear_sync=1 frame_reused=0 pass=1
[10:17:43] TINYDRAW_LIVE_STROKE revision=63 operations=63 samples=2497 append_us=56924 append_max_us=9975 refresh_compose_us=39204 refresh_complete_us=16452 ink_samples=307 read_submit_avg_us=1593 read_submit_max_us=12272 read_complete_avg_us=1613 read_complete_max_us=12337 submit_over_16ms=0 complete_over_33ms=0 presentation_failures=0 poll_max_us=134006 touch_errors=0 touch_overflows=0 touch_moves_coalesced=7813 touch_events=3075 touch_down=32 touch_up=32 touch_events_ge_8ms=36 touch_event_age_max_us=49230 chunks=7 free_psram=2974812 largest_psram=2949120 authority_match=1
[10:17:43] TINYDRAW_LIVE_STROKE_DONE committed=1 refresh=1 commit_failed=0
[10:17:43] TINYDRAW_LIFT_BASELINE id=14 finish_preview_us=559 builder_finish_us=106 append_us=56924 append_max_us=9975 refresh_wall_us=72605 refresh_x0=2396 refresh_y0=4080 refresh_x1=2700 refresh_y1=4432 refresh_compose_us=39204 refresh_first_submit_us=23398 refresh_first_complete_us=24970 refresh_transfer_wait_us=16452 stroke_logging_us=0 detected_to_poll_start_us=84002 detected_to_poll_complete_us=84012 poll_read_us=10 unattributed_tail_us=-46192 reports_dropped=0 chunks=7 committed=1 refresh=1 commit_failed=0
[10:17:43] TINYDRAW_FILL_BASELINE result=complete zoom=400 x=2368 y=4054 revision=63 steps=1 wall_us=1919 compute_total_us=1877 compute_max_us=1877 present_total_us=0 present_max_us=0 tick_max_us=1896 producer_failures=0 presentation_failures=0
[10:17:43] TINYDRAW_LIVE_FILL_DONE zoom=400 x=2368 y=4054 revision=63
[10:17:44] TINYDRAW_LIVE_REPAIR views=8 steps=176
[10:17:44] TINYDRAW_LIVE_PRESENT kind=chrome zoom=400 x=2368 y=4054 compose_us=33009 scroll_us=0 exposed_compose_us=0 chrome_us=0 read_submit_us=37812 read_complete_us=39423 transfer_wait_us=18147 tile_pixels=160736 uniform_pixels=4128 overview_pixels=0 fallback_pixels=0 resident_tiles=48 fallback_tiles=0 pushes=11 tear_wait_us=3463 tear_sync=1 frame_reused=0 pass=1
[10:17:45] TINYDRAW_LIVE_PRESENT kind=chrome zoom=400 x=2368 y=4054 compose_us=33225 scroll_us=0 exposed_compose_us=0 chrome_us=0 read_submit_us=47875 read_complete_us=49487 transfer_wait_us=18084 tile_pixels=160736 uniform_pixels=4128 overview_pixels=0 fallback_pixels=0 resident_tiles=48 fallback_tiles=0 pushes=11 tear_wait_us=13314 tear_sync=1 frame_reused=0 pass=1
[10:17:46] TINYDRAW_LIVE_PRESENT kind=chrome zoom=400 x=2368 y=4054 compose_us=32390 scroll_us=0 exposed_compose_us=0 chrome_us=7995 read_submit_us=35024 read_complete_us=36636 transfer_wait_us=17937 tile_pixels=160736 uniform_pixels=4128 overview_pixels=0 fallback_pixels=0 resident_tiles=48 fallback_tiles=0 pushes=11 tear_wait_us=1495 tear_sync=1 frame_reused=0 pass=1
[10:17:46] TINYDRAW_LIVE_PRESENT kind=chrome zoom=400 x=2368 y=4054 compose_us=33219 scroll_us=0 exposed_compose_us=0 chrome_us=0 read_submit_us=35590 read_complete_us=37199 transfer_wait_us=18370 tile_pixels=160736 uniform_pixels=4128 overview_pixels=0 fallback_pixels=0 resident_tiles=48 fallback_tiles=0 pushes=11 tear_wait_us=1015 tear_sync=1 frame_reused=0 pass=1
[10:17:47] TINYDRAW_LIVE_PRESENT kind=chrome zoom=400 x=2368 y=4054 compose_us=33311 scroll_us=0 exposed_compose_us=0 chrome_us=0 read_submit_us=51005 read_complete_us=52616 transfer_wait_us=17954 tile_pixels=160736 uniform_pixels=4128 overview_pixels=0 fallback_pixels=0 resident_tiles=48 fallback_tiles=0 pushes=11 tear_wait_us=16361 tear_sync=1 frame_reused=0 pass=1
[10:17:48] TINYDRAW_LIVE_PRESENT kind=chrome zoom=400 x=2368 y=4054 compose_us=33002 scroll_us=0 exposed_compose_us=0 chrome_us=0 read_submit_us=48025 read_complete_us=49636 transfer_wait_us=17936 tile_pixels=160736 uniform_pixels=4128 overview_pixels=0 fallback_pixels=0 resident_tiles=48 fallback_tiles=0 pushes=11 tear_wait_us=13692 tear_sync=1 frame_reused=0 pass=1
[10:17:49] TINYDRAW_LIVE_PRESENT kind=chrome zoom=400 x=2368 y=4054 compose_us=32504 scroll_us=0 exposed_compose_us=0 chrome_us=7974 read_submit_us=44301 read_complete_us=45914 transfer_wait_us=18656 tile_pixels=160736 uniform_pixels=4128 overview_pixels=0 fallback_pixels=0 resident_tiles=48 fallback_tiles=0 pushes=11 tear_wait_us=10669 tear_sync=1 frame_reused=0 pass=1
[10:17:50] TINYDRAW_LIVE_PRESENT kind=chrome zoom=400 x=2368 y=4054 compose_us=82997 scroll_us=0 exposed_compose_us=0 chrome_us=0 read_submit_us=85254 read_complete_us=86866 transfer_wait_us=18707 tile_pixels=160736 uniform_pixels=4128 overview_pixels=0 fallback_pixels=0 resident_tiles=48 fallback_tiles=0 pushes=11 tear_wait_us=1204 tear_sync=1 frame_reused=0 pass=1
[10:17:51] TINYDRAW_LIVE_PRESENT kind=chrome zoom=400 x=2368 y=4054 compose_us=32527 scroll_us=0 exposed_compose_us=0 chrome_us=7895 read_submit_us=39020 read_complete_us=40632 transfer_wait_us=17934 tile_pixels=160736 uniform_pixels=4128 overview_pixels=0 fallback_pixels=0 resident_tiles=48 fallback_tiles=0 pushes=11 tear_wait_us=5383 tear_sync=1 frame_reused=0 pass=1
[10:17:54] TINYDRAW_LIVE_STROKE revision=67 operations=67 samples=2656 append_us=39942 append_max_us=11910 refresh_compose_us=41511 refresh_complete_us=15920 ink_samples=143 read_submit_avg_us=1997 read_submit_max_us=13770 read_complete_avg_us=2054 read_complete_max_us=13808 submit_over_16ms=0 complete_over_33ms=0 presentation_failures=0 poll_max_us=126006 touch_errors=0 touch_overflows=0 touch_moves_coalesced=1426 touch_events=1099 touch_down=10 touch_up=10 touch_events_ge_8ms=0 touch_event_age_max_us=1249 chunks=4 free_psram=2974812 largest_psram=2949120 authority_match=1
[10:17:54] TINYDRAW_LIVE_STROKE_DONE committed=1 refresh=1 commit_failed=0
[10:17:54] TINYDRAW_LIFT_BASELINE id=15 finish_preview_us=934 builder_finish_us=60 append_us=39942 append_max_us=11910 refresh_wall_us=74250 refresh_x0=2372 refresh_y0=4092 refresh_x1=2712 refresh_y1=4456 refresh_compose_us=41511 refresh_first_submit_us=20747 refresh_first_complete_us=22371 refresh_transfer_wait_us=15920 stroke_logging_us=0 detected_to_poll_start_us=83001 detected_to_poll_complete_us=83012 poll_read_us=11 unattributed_tail_us=-32185 reports_dropped=0 chunks=4 committed=1 refresh=1 commit_failed=0
[10:17:54] TINYDRAW_FILL_BASELINE result=complete zoom=400 x=2368 y=4054 revision=67 steps=97 wall_us=221029 compute_total_us=191640 compute_max_us=8783 present_total_us=22094 present_max_us=4132 tick_max_us=8807 producer_failures=0 presentation_failures=0
[10:17:54] TINYDRAW_LIVE_FILL_DONE zoom=400 x=2368 y=4054 revision=67
[10:17:55] TINYDRAW_LIVE_REPAIR views=8 steps=186
[10:18:44] TINYDRAW_LIVE_PRESENT kind=chrome zoom=400 x=2368 y=4054 compose_us=82045 scroll_us=0 exposed_compose_us=0 chrome_us=0 read_submit_us=97929 read_complete_us=99539 transfer_wait_us=18031 tile_pixels=163808 uniform_pixels=1056 overview_pixels=0 fallback_pixels=0 resident_tiles=48 fallback_tiles=0 pushes=11 tear_wait_us=14814 tear_sync=1 frame_reused=0 pass=1
[10:18:46] TINYDRAW_LIVE_PRESENT kind=chrome zoom=400 x=2368 y=4054 compose_us=31960 scroll_us=0 exposed_compose_us=0 chrome_us=7939 read_submit_us=41874 read_complete_us=43486 transfer_wait_us=18092 tile_pixels=163808 uniform_pixels=1056 overview_pixels=0 fallback_pixels=0 resident_tiles=48 fallback_tiles=0 pushes=11 tear_wait_us=8801 tear_sync=1 frame_reused=0 pass=1
[10:18:47] TINYDRAW_LIVE_PRESENT kind=chrome zoom=400 x=2368 y=4054 compose_us=33170 scroll_us=0 exposed_compose_us=0 chrome_us=0 read_submit_us=42186 read_complete_us=43798 transfer_wait_us=18774 tile_pixels=163808 uniform_pixels=1056 overview_pixels=0 fallback_pixels=0 resident_tiles=48 fallback_tiles=0 pushes=11 tear_wait_us=7687 tear_sync=1 frame_reused=0 pass=1
[10:18:48] TINYDRAW_LIVE_PRESENT kind=chrome zoom=400 x=2368 y=4054 compose_us=31969 scroll_us=0 exposed_compose_us=0 chrome_us=7932 read_submit_us=36108 read_complete_us=37720 transfer_wait_us=18853 tile_pixels=163808 uniform_pixels=1056 overview_pixels=0 fallback_pixels=0 resident_tiles=48 fallback_tiles=0 pushes=11 tear_wait_us=3024 tear_sync=1 frame_reused=0 pass=1
[10:18:49] TINYDRAW_LIVE_PRESENT kind=chrome zoom=400 x=2368 y=4054 compose_us=33159 scroll_us=0 exposed_compose_us=0 chrome_us=0 read_submit_us=46999 read_complete_us=48611 transfer_wait_us=17959 tile_pixels=163808 uniform_pixels=1056 overview_pixels=0 fallback_pixels=0 resident_tiles=48 fallback_tiles=0 pushes=11 tear_wait_us=12491 tear_sync=1 frame_reused=0 pass=1
[10:18:50] TINYDRAW_LIVE_PRESENT kind=chrome zoom=400 x=2368 y=4054 compose_us=31830 scroll_us=0 exposed_compose_us=0 chrome_us=7873 read_submit_us=35751 read_complete_us=37364 transfer_wait_us=18208 tile_pixels=163808 uniform_pixels=1056 overview_pixels=0 fallback_pixels=0 resident_tiles=48 fallback_tiles=0 pushes=11 tear_wait_us=2827 tear_sync=1 frame_reused=0 pass=1
[10:18:50] TINYDRAW_LIVE_STROKE revision=68 operations=68 samples=2676 append_us=8745 append_max_us=8745 refresh_compose_us=29931 refresh_complete_us=11670 ink_samples=20 read_submit_avg_us=1828 read_submit_max_us=3185 read_complete_avg_us=1912 read_complete_max_us=3370 submit_over_16ms=0 complete_over_33ms=0 presentation_failures=0 poll_max_us=138006 touch_errors=0 touch_overflows=0 touch_moves_coalesced=372 touch_events=346 touch_down=7 touch_up=7 touch_events_ge_8ms=0 touch_event_age_max_us=1245 chunks=1 free_psram=2974812 largest_psram=2949120 authority_match=1
[10:18:50] TINYDRAW_LIVE_STROKE_DONE committed=1 refresh=1 commit_failed=0
[10:18:50] TINYDRAW_LIFT_BASELINE id=16 finish_preview_us=1382 builder_finish_us=58 append_us=8745 append_max_us=8745 refresh_wall_us=56762 refresh_x0=2364 refresh_y0=4132 refresh_x1=2688 refresh_y1=4380 refresh_compose_us=29931 refresh_first_submit_us=24267 refresh_first_complete_us=25858 refresh_transfer_wait_us=11670 stroke_logging_us=0 detected_to_poll_start_us=69002 detected_to_poll_complete_us=69012 poll_read_us=10 unattributed_tail_us=2055 reports_dropped=0 chunks=1 committed=1 refresh=1 commit_failed=0
[10:18:50] TINYDRAW_FILL_BASELINE result=complete zoom=400 x=2368 y=4054 revision=68 steps=1 wall_us=1686 compute_total_us=1643 compute_max_us=1643 present_total_us=0 present_max_us=0 tick_max_us=1662 producer_failures=0 presentation_failures=0
[10:18:50] TINYDRAW_LIVE_FILL_DONE zoom=400 x=2368 y=4054 revision=68
[10:18:51] TINYDRAW_LIVE_STROKE revision=69 operations=69 samples=2691 append_us=9416 append_max_us=9416 refresh_compose_us=33769 refresh_complete_us=13704 ink_samples=12 read_submit_avg_us=2244 read_submit_max_us=3429 read_complete_avg_us=2393 read_complete_max_us=3742 submit_over_16ms=0 complete_over_33ms=0 presentation_failures=0 poll_max_us=69005 touch_errors=0 touch_overflows=0 touch_moves_coalesced=122 touch_events=84 touch_down=1 touch_up=1 touch_events_ge_8ms=1 touch_event_age_max_us=8230 chunks=1 free_psram=2974812 largest_psram=2949120 authority_match=1
[10:18:51] TINYDRAW_LIVE_STROKE_DONE committed=1 refresh=1 commit_failed=0
[10:18:51] TINYDRAW_LIFT_BASELINE id=17 finish_preview_us=165 builder_finish_us=43 append_us=9416 append_max_us=9416 refresh_wall_us=63310 refresh_x0=2404 refresh_y0=4100 refresh_x1=2668 refresh_y1=4492 refresh_compose_us=33769 refresh_first_submit_us=24074 refresh_first_complete_us=25703 refresh_transfer_wait_us=13704 stroke_logging_us=0 detected_to_poll_start_us=75002 detected_to_poll_complete_us=75012 poll_read_us=10 unattributed_tail_us=2068 reports_dropped=0 chunks=1 committed=1 refresh=1 commit_failed=0
[10:18:51] TINYDRAW_FILL_BASELINE result=complete zoom=400 x=2368 y=4054 revision=69 steps=1 wall_us=1409 compute_total_us=1367 compute_max_us=1367 present_total_us=0 present_max_us=0 tick_max_us=1386 producer_failures=0 presentation_failures=0
[10:18:51] TINYDRAW_LIVE_FILL_DONE zoom=400 x=2368 y=4054 revision=69
[10:18:51] TINYDRAW_LIVE_REPAIR views=8 steps=121
[10:18:52] TINYDRAW_LIVE_PRESENT kind=chrome zoom=400 x=2368 y=4054 compose_us=82237 scroll_us=0 exposed_compose_us=0 chrome_us=0 read_submit_us=93463 read_complete_us=95074 transfer_wait_us=18498 tile_pixels=163808 uniform_pixels=1056 overview_pixels=0 fallback_pixels=0 resident_tiles=48 fallback_tiles=0 pushes=11 tear_wait_us=10186 tear_sync=1 frame_reused=0 pass=1
[10:18:53] TINYDRAW_LIVE_PRESENT kind=chrome zoom=400 x=2368 y=4054 compose_us=32005 scroll_us=0 exposed_compose_us=0 chrome_us=7938 read_submit_us=43873 read_complete_us=45486 transfer_wait_us=18081 tile_pixels=163808 uniform_pixels=1056 overview_pixels=0 fallback_pixels=0 resident_tiles=48 fallback_tiles=0 pushes=11 tear_wait_us=10764 tear_sync=1 frame_reused=0 pass=1
[10:18:55] TINYDRAW_LIVE_PRESENT kind=chrome zoom=400 x=2368 y=4054 compose_us=33167 scroll_us=0 exposed_compose_us=0 chrome_us=0 read_submit_us=43440 read_complete_us=45051 transfer_wait_us=18520 tile_pixels=163808 uniform_pixels=1056 overview_pixels=0 fallback_pixels=0 resident_tiles=48 fallback_tiles=0 pushes=11 tear_wait_us=8924 tear_sync=1 frame_reused=0 pass=1
[10:18:56] TINYDRAW_LIVE_PRESENT kind=chrome zoom=400 x=2368 y=4054 compose_us=32001 scroll_us=0 exposed_compose_us=0 chrome_us=7957 read_submit_us=41238 read_complete_us=42851 transfer_wait_us=18721 tile_pixels=163808 uniform_pixels=1056 overview_pixels=0 fallback_pixels=0 resident_tiles=48 fallback_tiles=0 pushes=11 tear_wait_us=8113 tear_sync=1 frame_reused=0 pass=1
[10:19:00] TINYDRAW_LIVE_STROKE revision=75 operations=75 samples=2947 append_us=50770 append_max_us=11634 refresh_compose_us=40787 refresh_complete_us=17558 ink_samples=243 read_submit_avg_us=2362 read_submit_max_us=13521 read_complete_avg_us=2486 read_complete_max_us=13534 submit_over_16ms=0 complete_over_33ms=0 presentation_failures=0 poll_max_us=134006 touch_errors=0 touch_overflows=0 touch_moves_coalesced=2121 touch_events=1472 touch_down=5 touch_up=5 touch_events_ge_8ms=0 touch_event_age_max_us=1244 chunks=6 free_psram=2974812 largest_psram=2949120 authority_match=1
[10:19:00] TINYDRAW_LIVE_STROKE_DONE committed=1 refresh=1 commit_failed=0
[10:19:00] TINYDRAW_LIFT_BASELINE id=18 finish_preview_us=2022 builder_finish_us=58 append_us=50770 append_max_us=11634 refresh_wall_us=75716 refresh_x0=2364 refresh_y0=4080 refresh_x1=2696 refresh_y1=4448 refresh_compose_us=40787 refresh_first_submit_us=19176 refresh_first_complete_us=20742 refresh_transfer_wait_us=17558 stroke_logging_us=0 detected_to_poll_start_us=83557 detected_to_poll_complete_us=83568 poll_read_us=11 unattributed_tail_us=-45009 reports_dropped=0 chunks=6 committed=1 refresh=1 commit_failed=0
[10:19:00] TINYDRAW_FILL_BASELINE result=complete zoom=400 x=2368 y=4054 revision=75 steps=109 wall_us=246031 compute_total_us=199655 compute_max_us=7875 present_total_us=37413 present_max_us=8404 tick_max_us=9843 producer_failures=0 presentation_failures=0
[10:19:00] TINYDRAW_LIVE_FILL_DONE zoom=400 x=2368 y=4054 revision=75
[10:19:01] TINYDRAW_LIVE_REPAIR views=8 steps=272
[10:19:14] TINYDRAW_LIVE_PRESENT kind=chrome zoom=400 x=2368 y=4054 compose_us=32453 scroll_us=0 exposed_compose_us=0 chrome_us=0 read_submit_us=46698 read_complete_us=48310 transfer_wait_us=18261 tile_pixels=163808 uniform_pixels=1056 overview_pixels=0 fallback_pixels=0 resident_tiles=48 fallback_tiles=0 pushes=11 tear_wait_us=12884 tear_sync=1 frame_reused=0 pass=1
[10:19:15] TINYDRAW_LIVE_PRESENT kind=chrome zoom=400 x=2368 y=4054 compose_us=31512 scroll_us=0 exposed_compose_us=0 chrome_us=7927 read_submit_us=44607 read_complete_us=46219 transfer_wait_us=18353 tile_pixels=163808 uniform_pixels=1056 overview_pixels=0 fallback_pixels=0 resident_tiles=48 fallback_tiles=0 pushes=11 tear_wait_us=11990 tear_sync=1 frame_reused=0 pass=1
[10:19:16] TINYDRAW_PAN_BASELINE zoom=400 x=2604 y=4050 frames=8 reused=8 compose_avg_us=12 compose_max_us=14 present_avg_us=26294 present_max_us=27889 tear_wait_avg_us=231 tear_wait_max_us=1809 failures=0
[10:19:16] TINYDRAW_FILL_BASELINE result=complete zoom=400 x=2604 y=4050 revision=75 steps=1 wall_us=2008 compute_total_us=1966 compute_max_us=1966 present_total_us=0 present_max_us=0 tick_max_us=1984 producer_failures=0 presentation_failures=0
[10:19:16] TINYDRAW_LIVE_FILL_DONE zoom=400 x=2604 y=4050 revision=75
[10:19:16] TINYDRAW_PAN_BASELINE zoom=400 x=2806 y=3996 frames=6 reused=6 compose_avg_us=12 compose_max_us=14 present_avg_us=26938 present_max_us=29890 tear_wait_avg_us=131 tear_wait_max_us=755 failures=0
[10:19:17] TINYDRAW_FILL_BASELINE result=complete zoom=400 x=2806 y=3996 revision=75 steps=60 wall_us=191864 compute_total_us=107108 compute_max_us=8142 present_total_us=79643 present_max_us=67457 tick_max_us=9484 producer_failures=0 presentation_failures=0
[10:19:17] TINYDRAW_LIVE_FILL_DONE zoom=400 x=2806 y=3996 revision=75
[10:19:17] TINYDRAW_PAN_BASELINE zoom=400 x=2932 y=3976 frames=3 reused=3 compose_avg_us=12 compose_max_us=14 present_avg_us=27243 present_max_us=29891 tear_wait_avg_us=6 tear_wait_max_us=7 failures=1
[10:19:17] TINYDRAW_FILL_BASELINE result=complete zoom=400 x=2932 y=3976 revision=75 steps=1 wall_us=1385 compute_total_us=1341 compute_max_us=1341 present_total_us=0 present_max_us=0 tick_max_us=1359 producer_failures=0 presentation_failures=0
[10:19:17] TINYDRAW_LIVE_FILL_DONE zoom=400 x=2932 y=3976 revision=75
[10:19:18] TINYDRAW_PAN_BASELINE zoom=400 x=3138 y=3862 frames=6 reused=6 compose_avg_us=12 compose_max_us=14 present_avg_us=28191 present_max_us=31887 tear_wait_avg_us=44 tear_wait_max_us=234 failures=0
[10:19:18] TINYDRAW_FILL_BASELINE result=complete zoom=400 x=3138 y=3862 revision=75 steps=26 wall_us=163942 compute_total_us=71309 compute_max_us=9932 present_total_us=88809 present_max_us=74615 tick_max_us=10819 producer_failures=0 presentation_failures=0
[10:19:18] TINYDRAW_LIVE_FILL_DONE zoom=400 x=3138 y=3862 revision=75
[10:19:18] TINYDRAW_PAN_BASELINE zoom=400 x=3240 y=3632 frames=8 reused=8 compose_avg_us=12 compose_max_us=14 present_avg_us=27277 present_max_us=31890 tear_wait_avg_us=248 tear_wait_max_us=1829 failures=0
[10:19:19] TINYDRAW_FILL_BASELINE result=complete zoom=400 x=3240 y=3632 revision=75 steps=49 wall_us=289777 compute_total_us=185720 compute_max_us=10371 present_total_us=96861 present_max_us=61326 tick_max_us=11038 producer_failures=0 presentation_failures=0
[10:19:19] TINYDRAW_LIVE_FILL_DONE zoom=400 x=3240 y=3632 revision=75
[10:19:19] TINYDRAW_PAN_BASELINE zoom=400 x=3036 y=3444 frames=8 reused=8 compose_avg_us=12 compose_max_us=15 present_avg_us=29501 present_max_us=33887 tear_wait_avg_us=273 tear_wait_max_us=2141 failures=0
[10:19:20] TINYDRAW_FILL_BASELINE result=complete zoom=400 x=3036 y=3444 revision=75 steps=85 wall_us=296812 compute_total_us=196122 compute_max_us=10649 present_total_us=93214 present_max_us=69573 tick_max_us=10732 producer_failures=0 presentation_failures=0
[10:19:20] TINYDRAW_LIVE_FILL_DONE zoom=400 x=3036 y=3444 revision=75
[10:19:20] TINYDRAW_PAN_BASELINE zoom=400 x=2782 y=3278 frames=10 reused=10 compose_avg_us=12 compose_max_us=14 present_avg_us=28598 present_max_us=31887 tear_wait_avg_us=700 tear_wait_max_us=2684 failures=0
[10:19:21] TINYDRAW_FILL_BASELINE result=complete zoom=400 x=2782 y=3278 revision=75 steps=116 wall_us=323603 compute_total_us=217335 compute_max_us=9826 present_total_us=98184 present_max_us=68623 tick_max_us=10531 producer_failures=0 presentation_failures=0
[10:19:21] TINYDRAW_LIVE_FILL_DONE zoom=400 x=2782 y=3278 revision=75
[10:19:22] TINYDRAW_PAN_BASELINE zoom=400 x=2544 y=3150 frames=10 reused=10 compose_avg_us=12 compose_max_us=14 present_avg_us=28105 present_max_us=32886 tear_wait_avg_us=293 tear_wait_max_us=2875 failures=0
[10:19:22] TINYDRAW_FILL_BASELINE result=complete zoom=400 x=2544 y=3150 revision=75 steps=97 wall_us=305599 compute_total_us=203341 compute_max_us=7828 present_total_us=93406 present_max_us=68188 tick_max_us=8965 producer_failures=0 presentation_failures=0
[10:19:22] TINYDRAW_LIVE_FILL_DONE zoom=400 x=2544 y=3150 revision=75
[10:19:23] TINYDRAW_PAN_BASELINE zoom=400 x=2334 y=3298 frames=7 reused=7 compose_avg_us=12 compose_max_us=14 present_avg_us=29833 present_max_us=34888 tear_wait_avg_us=211 tear_wait_max_us=1435 failures=0
[10:19:23] TINYDRAW_FILL_BASELINE result=complete zoom=400 x=2334 y=3298 revision=75 steps=59 wall_us=177735 compute_total_us=107993 compute_max_us=6847 present_total_us=65608 present_max_us=65551 tick_max_us=6871 producer_failures=0 presentation_failures=0
[10:19:23] TINYDRAW_LIVE_FILL_DONE zoom=400 x=2334 y=3298 revision=75
[10:19:23] TINYDRAW_PAN_BASELINE zoom=400 x=2164 y=3410 frames=6 reused=6 compose_avg_us=12 compose_max_us=13 present_avg_us=29590 present_max_us=35669 tear_wait_avg_us=477 tear_wait_max_us=2227 failures=0
[10:19:24] TINYDRAW_FILL_BASELINE result=complete zoom=400 x=2164 y=3410 revision=75 steps=87 wall_us=283776 compute_total_us=195663 compute_max_us=8561 present_total_us=79841 present_max_us=76301 tick_max_us=8574 producer_failures=0 presentation_failures=0
[10:19:24] TINYDRAW_LIVE_FILL_DONE zoom=400 x=2164 y=3410 revision=75
[10:19:24] TINYDRAW_PAN_BASELINE zoom=400 x=1986 y=3654 frames=7 reused=7 compose_avg_us=12 compose_max_us=14 present_avg_us=30431 present_max_us=37895 tear_wait_avg_us=42 tear_wait_max_us=257 failures=0
[10:19:24] TINYDRAW_FILL_BASELINE result=complete zoom=400 x=1986 y=3654 revision=75 steps=85 wall_us=331910 compute_total_us=236310 compute_max_us=9893 present_total_us=86325 present_max_us=66052 tick_max_us=10726 producer_failures=0 presentation_failures=0
[10:19:24] TINYDRAW_LIVE_FILL_DONE zoom=400 x=1986 y=3654 revision=75
[10:19:25] TINYDRAW_PAN_BASELINE zoom=400 x=2106 y=3928 frames=7 reused=7 compose_avg_us=12 compose_max_us=14 present_avg_us=28468 present_max_us=32888 tear_wait_avg_us=6 tear_wait_max_us=7 failures=1
[10:19:25] TINYDRAW_PAN_BASELINE zoom=400 x=2272 y=4098 frames=8 reused=8 compose_avg_us=13 compose_max_us=14 present_avg_us=27393 present_max_us=29889 tear_wait_avg_us=6 tear_wait_max_us=7 failures=0
[10:19:25] TINYDRAW_FILL_BASELINE result=superseded zoom=400 x=2106 y=3928 revision=75 steps=88 wall_us=570011 compute_total_us=203592 compute_max_us=10318 present_total_us=97254 present_max_us=65531 tick_max_us=11383 producer_failures=0 presentation_failures=0
[10:19:26] TINYDRAW_PAN_BASELINE zoom=400 x=2474 y=4138 frames=7 reused=7 compose_avg_us=12 compose_max_us=16 present_avg_us=26181 present_max_us=26890 tear_wait_avg_us=294 tear_wait_max_us=2022 failures=1
[10:19:26] TINYDRAW_FILL_BASELINE result=superseded zoom=400 x=2272 y=4098 revision=75 steps=78 wall_us=494489 compute_total_us=162592 compute_max_us=10492 present_total_us=78969 present_max_us=57705 tick_max_us=11409 producer_failures=0 presentation_failures=0
[10:19:26] TINYDRAW_FILL_BASELINE result=complete zoom=400 x=2474 y=4138 revision=75 steps=125 wall_us=435895 compute_total_us=311701 compute_max_us=10458 present_total_us=112950 present_max_us=67502 tick_max_us=11952 producer_failures=0 presentation_failures=0
[10:19:26] TINYDRAW_LIVE_FILL_DONE zoom=400 x=2474 y=4138 revision=75
[10:19:27] TINYDRAW_PAN_BASELINE zoom=400 x=2370 y=4408 frames=9 reused=9 compose_avg_us=12 compose_max_us=14 present_avg_us=28486 present_max_us=33888 tear_wait_avg_us=746 tear_wait_max_us=2534 failures=0
[10:19:27] TINYDRAW_FILL_BASELINE result=complete zoom=400 x=2370 y=4408 revision=75 steps=20 wall_us=147739 compute_total_us=73145 compute_max_us=8234 present_total_us=69962 present_max_us=62207 tick_max_us=8251 producer_failures=0 presentation_failures=0
[10:19:27] TINYDRAW_LIVE_FILL_DONE zoom=400 x=2370 y=4408 revision=75
[10:19:27] TINYDRAW_PAN_BASELINE zoom=400 x=2362 y=4086 frames=5 reused=4 compose_avg_us=6416 compose_max_us=32032 present_avg_us=27209 present_max_us=32888 tear_wait_avg_us=1865 tear_wait_max_us=9304 failures=0
[10:19:28] TINYDRAW_FILL_BASELINE result=complete zoom=400 x=2362 y=4086 revision=75 steps=51 wall_us=150271 compute_total_us=80419 compute_max_us=5855 present_total_us=64998 present_max_us=61823 tick_max_us=7472 producer_failures=0 presentation_failures=0
[10:19:28] TINYDRAW_LIVE_FILL_DONE zoom=400 x=2362 y=4086 revision=75
[10:19:28] TINYDRAW_PAN_BASELINE zoom=400 x=2350 y=3774 frames=5 reused=3 compose_avg_us=12961 compose_max_us=32540 present_avg_us=23632 present_max_us=28055 tear_wait_avg_us=2080 tear_wait_max_us=4805 failures=0
[10:19:28] TINYDRAW_PAN_BASELINE zoom=400 x=2368 y=3468 frames=7 reused=7 compose_avg_us=12 compose_max_us=14 present_avg_us=28323 present_max_us=32888 tear_wait_avg_us=6 tear_wait_max_us=7 failures=0
[10:19:28] TINYDRAW_FILL_BASELINE result=superseded zoom=400 x=2350 y=3774 revision=75 steps=100 wall_us=447885 compute_total_us=179592 compute_max_us=10037 present_total_us=27080 present_max_us=7852 tick_max_us=12178 producer_failures=0 presentation_failures=0
[10:19:29] TINYDRAW_FILL_BASELINE result=complete zoom=400 x=2368 y=3468 revision=75 steps=48 wall_us=151255 compute_total_us=78586 compute_max_us=5536 present_total_us=68388 present_max_us=66767 tick_max_us=5831 producer_failures=0 presentation_failures=0
[10:19:29] TINYDRAW_LIVE_FILL_DONE zoom=400 x=2368 y=3468 revision=75
[10:19:29] TINYDRAW_PAN_BASELINE zoom=400 x=2392 y=3146 frames=6 reused=6 compose_avg_us=12 compose_max_us=14 present_avg_us=29140 present_max_us=32890 tear_wait_avg_us=428 tear_wait_max_us=2536 failures=0
[10:19:29] TINYDRAW_FILL_BASELINE result=complete zoom=400 x=2392 y=3146 revision=75 steps=93 wall_us=269810 compute_total_us=173682 compute_max_us=7714 present_total_us=87815 present_max_us=68884 tick_max_us=8874 producer_failures=0 presentation_failures=0
[10:19:29] TINYDRAW_LIVE_FILL_DONE zoom=400 x=2392 y=3146 revision=75
[10:19:29] TINYDRAW_PAN_BASELINE zoom=400 x=2392 y=3476 frames=6 reused=4 compose_avg_us=11172 compose_max_us=33498 present_avg_us=24298 present_max_us=31900 tear_wait_avg_us=1746 tear_wait_max_us=4852 failures=1
[10:19:30] TINYDRAW_FILL_BASELINE result=complete zoom=400 x=2392 y=3476 revision=75 steps=48 wall_us=87185 compute_total_us=79085 compute_max_us=5542 present_total_us=2771 present_max_us=1260 tick_max_us=5921 producer_failures=0 presentation_failures=0
[10:19:30] TINYDRAW_LIVE_FILL_DONE zoom=400 x=2392 y=3476 revision=75
[10:19:30] TINYDRAW_PAN_BASELINE zoom=400 x=2370 y=3704 frames=6 reused=6 compose_avg_us=12 compose_max_us=15 present_avg_us=28678 present_max_us=33890 tear_wait_avg_us=556 tear_wait_max_us=2284 failures=0
[10:19:30] TINYDRAW_FILL_BASELINE result=complete zoom=400 x=2370 y=3704 revision=75 steps=1 wall_us=1846 compute_total_us=1804 compute_max_us=1804 present_total_us=0 present_max_us=0 tick_max_us=1823 producer_failures=0 presentation_failures=0
[10:19:30] TINYDRAW_LIVE_FILL_DONE zoom=400 x=2370 y=3704 revision=75
[10:19:30] TINYDRAW_LIVE_PRESENT kind=power zoom=400 x=2370 y=3704 compose_us=32660 scroll_us=0 exposed_compose_us=0 chrome_us=7961 read_submit_us=44360 read_complete_us=45973 transfer_wait_us=18638 tile_pixels=164352 uniform_pixels=512 overview_pixels=0 fallback_pixels=0 resident_tiles=48 fallback_tiles=0 pushes=11 tear_wait_us=10040 tear_sync=1 frame_reused=0 pass=1
[10:19:30] TINYDRAW_PAN_BASELINE zoom=400 x=2350 y=3926 frames=5 reused=5 compose_avg_us=12 compose_max_us=15 present_avg_us=29701 present_max_us=34890 tear_wait_avg_us=6 tear_wait_max_us=7 failures=1
[10:19:30] TINYDRAW_FILL_BASELINE result=complete zoom=400 x=2350 y=3926 revision=75 steps=1 wall_us=1906 compute_total_us=1865 compute_max_us=1865 present_total_us=0 present_max_us=0 tick_max_us=1884 producer_failures=0 presentation_failures=0
[10:19:30] TINYDRAW_LIVE_FILL_DONE zoom=400 x=2350 y=3926 revision=75
[10:19:31] TINYDRAW_PAN_BASELINE zoom=400 x=2360 y=4156 frames=6 reused=6 compose_avg_us=12 compose_max_us=14 present_avg_us=28233 present_max_us=31891 tear_wait_avg_us=6 tear_wait_max_us=7 failures=1
[10:19:31] TINYDRAW_FILL_BASELINE result=complete zoom=400 x=2360 y=4156 revision=75 steps=1 wall_us=1305 compute_total_us=1266 compute_max_us=1266 present_total_us=0 present_max_us=0 tick_max_us=1283 producer_failures=0 presentation_failures=0
[10:19:31] TINYDRAW_LIVE_FILL_DONE zoom=400 x=2360 y=4156 revision=75
[10:19:31] TINYDRAW_LIVE_REPAIR views=8 steps=56
[10:19:31] TINYDRAW_PAN_BASELINE zoom=400 x=2378 y=4330 frames=5 reused=5 compose_avg_us=13 compose_max_us=17 present_avg_us=27387 present_max_us=30889 tear_wait_avg_us=118 tear_wait_max_us=568 failures=1
[10:19:31] TINYDRAW_FILL_BASELINE result=complete zoom=400 x=2378 y=4330 revision=75 steps=1 wall_us=2318 compute_total_us=2270 compute_max_us=2270 present_total_us=0 present_max_us=0 tick_max_us=2294 producer_failures=0 presentation_failures=0
[10:19:31] TINYDRAW_LIVE_FILL_DONE zoom=400 x=2378 y=4330 revision=75
[10:19:32] TINYDRAW_PAN_BASELINE zoom=400 x=2520 y=4136 frames=10 reused=10 compose_avg_us=12 compose_max_us=16 present_avg_us=28493 present_max_us=32886 tear_wait_avg_us=6 tear_wait_max_us=7 failures=0
[10:19:32] TINYDRAW_PAN_BASELINE zoom=400 x=2596 y=3858 frames=8 reused=8 compose_avg_us=12 compose_max_us=15 present_avg_us=27976 present_max_us=31440 tear_wait_avg_us=300 tear_wait_max_us=1454 failures=0
[10:19:32] TINYDRAW_FILL_BASELINE result=superseded zoom=400 x=2520 y=4136 revision=75 steps=52 wall_us=446341 compute_total_us=99564 compute_max_us=6931 present_total_us=80974 present_max_us=75059 tick_max_us=7305 producer_failures=0 presentation_failures=0
[10:19:33] TINYDRAW_PAN_BASELINE zoom=400 x=2740 y=3948 frames=6 reused=6 compose_avg_us=13 compose_max_us=14 present_avg_us=26832 present_max_us=28888 tear_wait_avg_us=401 tear_wait_max_us=2375 failures=0
[10:19:33] TINYDRAW_FILL_BASELINE result=superseded zoom=400 x=2596 y=3858 revision=75 steps=55 wall_us=382399 compute_total_us=98554 compute_max_us=10220 present_total_us=85833 present_max_us=73887 tick_max_us=11042 producer_failures=0 presentation_failures=0
[10:19:33] TINYDRAW_PAN_BASELINE zoom=400 x=2874 y=3960 frames=5 reused=5 compose_avg_us=13 compose_max_us=14 present_avg_us=26060 present_max_us=26890 tear_wait_avg_us=247 tear_wait_max_us=1214 failures=1
[10:19:33] TINYDRAW_FILL_BASELINE result=superseded zoom=400 x=2740 y=3948 revision=75 steps=57 wall_us=402148 compute_total_us=119895 compute_max_us=7627 present_total_us=79511 present_max_us=73184 tick_max_us=7650 producer_failures=0 presentation_failures=0
[10:19:34] TINYDRAW_PAN_BASELINE zoom=400 x=3036 y=3970 frames=6 reused=6 compose_avg_us=13 compose_max_us=15 present_avg_us=26010 present_max_us=27888 tear_wait_avg_us=395 tear_wait_max_us=2339 failures=1
[10:19:34] TINYDRAW_FILL_BASELINE result=superseded zoom=400 x=2874 y=3960 revision=75 steps=69 wall_us=438301 compute_total_us=145360 compute_max_us=10172 present_total_us=86683 present_max_us=72090 tick_max_us=10196 producer_failures=0 presentation_failures=0
[10:19:34] TINYDRAW_PAN_BASELINE zoom=400 x=2806 y=3932 frames=6 reused=5 compose_avg_us=5570 compose_max_us=33361 present_avg_us=26694 present_max_us=30890 tear_wait_avg_us=460 tear_wait_max_us=2264 failures=0
[10:19:34] TINYDRAW_FILL_BASELINE result=superseded zoom=400 x=3036 y=3970 revision=75 steps=44 wall_us=417532 compute_total_us=98772 compute_max_us=6564 present_total_us=79349 present_max_us=68679 tick_max_us=7468 producer_failures=0 presentation_failures=0
[10:19:34] TINYDRAW_FILL_BASELINE result=complete zoom=400 x=2806 y=3932 revision=75 steps=13 wall_us=89623 compute_total_us=25117 compute_max_us=6197 present_total_us=62667 present_max_us=62667 tick_max_us=7245 producer_failures=0 presentation_failures=0
[10:19:34] TINYDRAW_LIVE_FILL_DONE zoom=400 x=2806 y=3932 revision=75
[10:19:34] TINYDRAW_PAN_BASELINE zoom=400 x=2564 y=3904 frames=5 reused=4 compose_avg_us=6810 compose_max_us=34004 present_avg_us=27316 present_max_us=33887 tear_wait_avg_us=2171 tear_wait_max_us=9614 failures=0
[10:19:34] TINYDRAW_FILL_BASELINE result=complete zoom=400 x=2564 y=3904 revision=75 steps=1 wall_us=980 compute_total_us=941 compute_max_us=941 present_total_us=0 present_max_us=0 tick_max_us=958 producer_failures=0 presentation_failures=0
[10:19:34] TINYDRAW_LIVE_FILL_DONE zoom=400 x=2564 y=3904 revision=75
[10:19:35] TINYDRAW_PAN_BASELINE zoom=400 x=2344 y=4008 frames=6 reused=6 compose_avg_us=12 compose_max_us=14 present_avg_us=30229 present_max_us=34892 tear_wait_avg_us=6 tear_wait_max_us=7 failures=0
[10:19:35] TINYDRAW_FILL_BASELINE result=complete zoom=400 x=2344 y=4008 revision=75 steps=1 wall_us=1973 compute_total_us=1930 compute_max_us=1930 present_total_us=0 present_max_us=0 tick_max_us=1949 producer_failures=0 presentation_failures=0
[10:19:35] TINYDRAW_LIVE_FILL_DONE zoom=400 x=2344 y=4008 revision=75
[10:19:35] TINYDRAW_PAN_BASELINE zoom=400 x=2246 y=4232 frames=7 reused=7 compose_avg_us=12 compose_max_us=14 present_avg_us=28900 present_max_us=32894 tear_wait_avg_us=6 tear_wait_max_us=7 failures=1
[10:19:35] TINYDRAW_FILL_BASELINE result=complete zoom=400 x=2246 y=4232 revision=75 steps=4 wall_us=81250 compute_total_us=9222 compute_max_us=3640 present_total_us=70543 present_max_us=70543 tick_max_us=6116 producer_failures=0 presentation_failures=0
[10:19:35] TINYDRAW_LIVE_FILL_DONE zoom=400 x=2246 y=4232 revision=75
[10:19:36] TINYDRAW_PAN_BASELINE zoom=400 x=2398 y=4332 frames=6 reused=6 compose_avg_us=12 compose_max_us=14 present_avg_us=26564 present_max_us=27888 tear_wait_avg_us=175 tear_wait_max_us=1022 failures=1
[10:19:36] TINYDRAW_FILL_BASELINE result=complete zoom=400 x=2398 y=4332 revision=75 steps=1 wall_us=1543 compute_total_us=1486 compute_max_us=1486 present_total_us=0 present_max_us=0 tick_max_us=1513 producer_failures=0 presentation_failures=0
[10:19:36] TINYDRAW_LIVE_FILL_DONE zoom=400 x=2398 y=4332 revision=75
[10:19:36] TINYDRAW_LIVE_REPAIR views=8 steps=41
[10:19:37] TINYDRAW_PAN_BASELINE zoom=400 x=2530 y=4266 frames=8 reused=8 compose_avg_us=12 compose_max_us=14 present_avg_us=26279 present_max_us=28888 tear_wait_avg_us=6 tear_wait_max_us=7 failures=2
[10:19:37] TINYDRAW_FILL_BASELINE result=complete zoom=400 x=2530 y=4266 revision=75 steps=1 wall_us=2445 compute_total_us=2403 compute_max_us=2403 present_total_us=0 present_max_us=0 tick_max_us=2422 producer_failures=0 presentation_failures=0
[10:19:37] TINYDRAW_LIVE_FILL_DONE zoom=400 x=2530 y=4266 revision=75
[10:19:37] TINYDRAW_LIVE_REPAIR views=8 steps=82
[10:19:55] TINYDRAW_PAN_BASELINE zoom=400 x=2734 y=4226 frames=8 reused=8 compose_avg_us=12 compose_max_us=13 present_avg_us=26645 present_max_us=27898 tear_wait_avg_us=6 tear_wait_max_us=7 failures=0
[10:19:55] TINYDRAW_FILL_BASELINE result=complete zoom=400 x=2734 y=4226 revision=75 steps=1 wall_us=2547 compute_total_us=2506 compute_max_us=2506 present_total_us=0 present_max_us=0 tick_max_us=2524 producer_failures=0 presentation_failures=0
[10:19:55] TINYDRAW_LIVE_FILL_DONE zoom=400 x=2734 y=4226 revision=75
[10:19:55] TINYDRAW_LIVE_REPAIR views=8 steps=137
[10:20:00] TINYDRAW_LIVE_PRESENT kind=power zoom=400 x=2734 y=4226 compose_us=31950 scroll_us=0 exposed_compose_us=0 chrome_us=7942 read_submit_us=47026 read_complete_us=48638 transfer_wait_us=17975 tile_pixels=116504 uniform_pixels=48360 overview_pixels=0 fallback_pixels=0 resident_tiles=56 fallback_tiles=0 pushes=11 tear_wait_us=13372 tear_sync=1 frame_reused=0 pass=1
[10:20:22] TINYDRAW_PAN_BASELINE zoom=400 x=2796 y=3934 frames=4 reused=3 compose_avg_us=7917 compose_max_us=31630 present_avg_us=26054 present_max_us=33891 tear_wait_avg_us=919 tear_wait_max_us=3659 failures=0
[10:20:22] TINYDRAW_FILL_BASELINE result=complete zoom=400 x=2796 y=3934 revision=75 steps=1 wall_us=2297 compute_total_us=2257 compute_max_us=2257 present_total_us=0 present_max_us=0 tick_max_us=2276 producer_failures=0 presentation_failures=0
[10:20:22] TINYDRAW_LIVE_FILL_DONE zoom=400 x=2796 y=3934 revision=75
[10:20:22] TINYDRAW_PAN_BASELINE zoom=400 x=2762 y=3640 frames=4 reused=3 compose_avg_us=7982 compose_max_us=31892 present_avg_us=26592 present_max_us=32891 tear_wait_avg_us=3066 tear_wait_max_us=12243 failures=0
[10:20:23] TINYDRAW_PAN_BASELINE zoom=400 x=2722 y=3324 frames=3 reused=1 compose_avg_us=20317 compose_max_us=31361 present_avg_us=21779 present_max_us=27925 tear_wait_avg_us=4407 tear_wait_max_us=7621 failures=0
[10:20:23] TINYDRAW_FILL_BASELINE result=superseded zoom=400 x=2762 y=3640 revision=75 steps=37 wall_us=322010 compute_total_us=64333 compute_max_us=6029 present_total_us=71634 present_max_us=67564 tick_max_us=6801 producer_failures=0 presentation_failures=0
[10:20:23] TINYDRAW_PAN_BASELINE zoom=400 x=2708 y=3008 frames=3 reused=1 compose_avg_us=19748 compose_max_us=30487 present_avg_us=21540 present_max_us=27924 tear_wait_avg_us=4563 tear_wait_max_us=9872 failures=0
[10:20:23] TINYDRAW_FILL_BASELINE result=superseded zoom=400 x=2722 y=3324 revision=75 steps=49 wall_us=316341 compute_total_us=107299 compute_max_us=10309 present_total_us=24591 present_max_us=9248 tick_max_us=11203 producer_failures=0 presentation_failures=0
[10:20:23] TINYDRAW_PAN_BASELINE zoom=400 x=2666 y=2694 frames=4 reused=3 compose_avg_us=7351 compose_max_us=29363 present_avg_us=26253 present_max_us=32886 tear_wait_avg_us=3291 tear_wait_max_us=13146 failures=0
[10:20:23] TINYDRAW_FILL_BASELINE result=superseded zoom=400 x=2708 y=3008 revision=75 steps=40 wall_us=307189 compute_total_us=99128 compute_max_us=10629 present_total_us=24971 present_max_us=8671 tick_max_us=11872 producer_failures=0 presentation_failures=0
[10:20:23] TINYDRAW_PAN_BASELINE zoom=400 x=2530 y=2376 frames=3 reused=1 compose_avg_us=19349 compose_max_us=29247 present_avg_us=21969 present_max_us=28923 tear_wait_avg_us=4191 tear_wait_max_us=10160 failures=0
[10:20:24] TINYDRAW_FILL_BASELINE result=superseded zoom=400 x=2666 y=2694 revision=75 steps=11 wall_us=287377 compute_total_us=36957 compute_max_us=8219 present_total_us=69503 present_max_us=69503 tick_max_us=8232 producer_failures=0 presentation_failures=0
[10:20:24] TINYDRAW_PAN_BASELINE zoom=400 x=2296 y=2254 frames=3 reused=1 compose_avg_us=19113 compose_max_us=29001 present_avg_us=21664 present_max_us=27924 tear_wait_avg_us=7741 tear_wait_max_us=14116 failures=0
[10:20:24] TINYDRAW_FILL_BASELINE result=superseded zoom=400 x=2530 y=2376 revision=75 steps=20 wall_us=314376 compute_total_us=95128 compute_max_us=8337 present_total_us=32228 present_max_us=8760 tick_max_us=8354 producer_failures=0 presentation_failures=0
[10:20:24] TINYDRAW_PAN_BASELINE zoom=400 x=2032 y=2318 frames=5 reused=4 compose_avg_us=5684 compose_max_us=28366 present_avg_us=27401 present_max_us=31888 tear_wait_avg_us=205 tear_wait_max_us=1002 failures=0
[10:20:24] TINYDRAW_FILL_BASELINE result=superseded zoom=400 x=2296 y=2254 revision=75 steps=15 wall_us=296241 compute_total_us=67986 compute_max_us=6940 present_total_us=23210 present_max_us=7852 tick_max_us=7363 producer_failures=0 presentation_failures=0
[10:20:24] TINYDRAW_PAN_BASELINE zoom=400 x=1834 y=2522 frames=5 reused=5 compose_avg_us=13 compose_max_us=15 present_avg_us=31894 present_max_us=37888 tear_wait_avg_us=7 tear_wait_max_us=7 failures=0
[10:20:25] TINYDRAW_FILL_BASELINE result=superseded zoom=400 x=2032 y=2318 revision=75 steps=18 wall_us=340537 compute_total_us=73185 compute_max_us=9501 present_total_us=84250 present_max_us=68182 tick_max_us=10476 producer_failures=0 presentation_failures=0
[10:20:25] TINYDRAW_PAN_BASELINE zoom=400 x=1612 y=2626 frames=4 reused=4 compose_avg_us=14 compose_max_us=15 present_avg_us=30899 present_max_us=34888 tear_wait_avg_us=6 tear_wait_max_us=7 failures=0
[10:20:25] TINYDRAW_FILL_BASELINE result=superseded zoom=400 x=1834 y=2522 revision=75 steps=17 wall_us=280221 compute_total_us=68508 compute_max_us=8255 present_total_us=65269 present_max_us=57299 tick_max_us=8972 producer_failures=0 presentation_failures=0
[10:20:25] TINYDRAW_PAN_BASELINE zoom=400 x=1374 y=2698 frames=4 reused=4 compose_avg_us=13 compose_max_us=15 present_avg_us=32146 present_max_us=34888 tear_wait_avg_us=7 tear_wait_max_us=7 failures=0
[10:20:25] TINYDRAW_FILL_BASELINE result=superseded zoom=400 x=1612 y=2626 revision=75 steps=17 wall_us=310308 compute_total_us=82233 compute_max_us=8275 present_total_us=78297 present_max_us=62430 tick_max_us=9427 producer_failures=0 presentation_failures=0
[10:20:25] TINYDRAW_PAN_BASELINE zoom=400 x=1114 y=2588 frames=4 reused=3 compose_avg_us=6935 compose_max_us=27701 present_avg_us=27902 present_max_us=33888 tear_wait_avg_us=2801 tear_wait_max_us=9650 failures=0
[10:20:25] TINYDRAW_FILL_BASELINE result=superseded zoom=400 x=1374 y=2698 revision=75 steps=14 wall_us=348339 compute_total_us=78558 compute_max_us=9431 present_total_us=82846 present_max_us=66845 tick_max_us=9440 producer_failures=0 presentation_failures=0
[10:20:26] TINYDRAW_PAN_BASELINE zoom=400 x=860 y=2806 frames=5 reused=4 compose_avg_us=5440 compose_max_us=27149 present_avg_us=27976 present_max_us=34752 tear_wait_avg_us=872 tear_wait_max_us=3200 failures=0
[10:20:26] TINYDRAW_FILL_BASELINE result=superseded zoom=400 x=1114 y=2588 revision=75 steps=11 wall_us=328201 compute_total_us=54936 compute_max_us=9355 present_total_us=65507 present_max_us=57692 tick_max_us=10795 producer_failures=0 presentation_failures=0
[10:20:26] TINYDRAW_PAN_BASELINE zoom=400 x=880 y=3054 frames=4 reused=3 compose_avg_us=6703 compose_max_us=26775 present_avg_us=25639 present_max_us=31888 tear_wait_avg_us=3547 tear_wait_max_us=13610 failures=0
[10:20:26] TINYDRAW_FILL_BASELINE result=superseded zoom=400 x=860 y=2806 revision=75 steps=13 wall_us=328502 compute_total_us=65957 compute_max_us=7315 present_total_us=82568 present_max_us=68109 tick_max_us=9622 producer_failures=0 presentation_failures=0
[10:20:27] TINYDRAW_PAN_BASELINE zoom=400 x=918 y=3324 frames=4 reused=2 compose_avg_us=13724 compose_max_us=27958 present_avg_us=21564 present_max_us=25888 tear_wait_avg_us=3331 tear_wait_max_us=11812 failures=0
[10:20:27] TINYDRAW_FILL_BASELINE result=superseded zoom=400 x=880 y=3054 revision=75 steps=4 wall_us=284555 compute_total_us=24540 compute_max_us=10025 present_total_us=66406 present_max_us=66406 tick_max_us=10042 producer_failures=0 presentation_failures=0
[10:20:27] TINYDRAW_PAN_BASELINE zoom=400 x=940 y=3588 frames=4 reused=2 compose_avg_us=13685 compose_max_us=27542 present_avg_us=21715 present_max_us=25590 tear_wait_avg_us=6468 tear_wait_max_us=11977 failures=0
[10:20:27] TINYDRAW_FILL_BASELINE result=superseded zoom=400 x=918 y=3324 revision=75 steps=23 wall_us=331378 compute_total_us=96390 compute_max_us=11826 present_total_us=23600 present_max_us=9055 tick_max_us=11845 producer_failures=0 presentation_failures=0
[10:20:27] TINYDRAW_PAN_BASELINE zoom=400 x=1112 y=3724 frames=4 reused=4 compose_avg_us=13 compose_max_us=14 present_avg_us=29403 present_max_us=32887 tear_wait_avg_us=6 tear_wait_max_us=7 failures=1
[10:20:27] TINYDRAW_FILL_BASELINE result=superseded zoom=400 x=940 y=3588 revision=75 steps=13 wall_us=238268 compute_total_us=69244 compute_max_us=8307 present_total_us=15736 present_max_us=8558 tick_max_us=9162 producer_failures=0 presentation_failures=0
[10:20:28] TINYDRAW_PAN_BASELINE zoom=400 x=1246 y=3778 frames=4 reused=4 compose_avg_us=14 compose_max_us=15 present_avg_us=26613 present_max_us=29888 tear_wait_avg_us=41 tear_wait_max_us=143 failures=0
[10:20:28] TINYDRAW_FILL_BASELINE result=superseded zoom=400 x=1112 y=3724 revision=75 steps=18 wall_us=281799 compute_total_us=74633 compute_max_us=9072 present_total_us=76750 present_max_us=69776 tick_max_us=9414 producer_failures=0 presentation_failures=0
[10:20:28] TINYDRAW_PAN_BASELINE zoom=400 x=1384 y=3718 frames=4 reused=4 compose_avg_us=13 compose_max_us=14 present_avg_us=27148 present_max_us=28887 tear_wait_avg_us=6 tear_wait_max_us=7 failures=0
[10:20:28] TINYDRAW_FILL_BASELINE result=superseded zoom=400 x=1246 y=3778 revision=75 steps=19 wall_us=307012 compute_total_us=86588 compute_max_us=11526 present_total_us=82363 present_max_us=70433 tick_max_us=11545 producer_failures=0 presentation_failures=0
[10:20:28] TINYDRAW_PAN_BASELINE zoom=400 x=1508 y=3598 frames=3 reused=3 compose_avg_us=14 compose_max_us=14 present_avg_us=29002 present_max_us=33188 tear_wait_avg_us=906 tear_wait_max_us=2706 failures=0
[10:20:28] TINYDRAW_FILL_BASELINE result=superseded zoom=400 x=1384 y=3718 revision=75 steps=17 wall_us=271618 compute_total_us=81371 compute_max_us=9192 present_total_us=80243 present_max_us=66348 tick_max_us=9749 producer_failures=0 presentation_failures=0
[10:20:29] TINYDRAW_PAN_BASELINE zoom=400 x=1666 y=3452 frames=3 reused=3 compose_avg_us=13 compose_max_us=15 present_avg_us=28926 present_max_us=33113 tear_wait_avg_us=981 tear_wait_max_us=2782 failures=0
[10:20:29] TINYDRAW_FILL_BASELINE result=superseded zoom=400 x=1508 y=3598 revision=75 steps=27 wall_us=331288 compute_total_us=118937 compute_max_us=9901 present_total_us=97110 present_max_us=69267 tick_max_us=9919 producer_failures=0 presentation_failures=0
[10:20:29] TINYDRAW_FILL_BASELINE result=complete zoom=400 x=1666 y=3452 revision=75 steps=25 wall_us=178066 compute_total_us=97927 compute_max_us=10029 present_total_us=76273 present_max_us=61266 tick_max_us=10040 producer_failures=0 presentation_failures=0
[10:20:29] TINYDRAW_LIVE_FILL_DONE zoom=400 x=1666 y=3452 revision=75
[10:20:29] TINYDRAW_PAN_BASELINE zoom=400 x=1778 y=3358 frames=3 reused=3 compose_avg_us=13 compose_max_us=15 present_avg_us=27658 present_max_us=29891 tear_wait_avg_us=581 tear_wait_max_us=1733 failures=0
[10:20:29] TINYDRAW_PAN_BASELINE zoom=400 x=1910 y=3308 frames=3 reused=3 compose_avg_us=14 compose_max_us=15 present_avg_us=27342 present_max_us=28216 tear_wait_avg_us=230 tear_wait_max_us=677 failures=0
[10:20:29] TINYDRAW_FILL_BASELINE result=superseded zoom=400 x=1778 y=3358 revision=75 steps=35 wall_us=323923 compute_total_us=142572 compute_max_us=9978 present_total_us=71113 present_max_us=55813 tick_max_us=9985 producer_failures=0 presentation_failures=0
[10:20:29] TINYDRAW_FILL_BASELINE result=complete zoom=400 x=1910 y=3308 revision=75 steps=46 wall_us=247036 compute_total_us=160630 compute_max_us=10158 present_total_us=80810 present_max_us=67155 tick_max_us=10176 producer_failures=0 presentation_failures=0
[10:20:29] TINYDRAW_LIVE_FILL_DONE zoom=400 x=1910 y=3308 revision=75
[10:20:30] TINYDRAW_PAN_BASELINE zoom=400 x=2058 y=3270 frames=3 reused=3 compose_avg_us=13 compose_max_us=14 present_avg_us=27272 present_max_us=28758 tear_wait_avg_us=970 tear_wait_max_us=2759 failures=0
[10:20:30] TINYDRAW_FILL_BASELINE result=complete zoom=400 x=2058 y=3270 revision=75 steps=60 wall_us=227740 compute_total_us=143331 compute_max_us=10050 present_total_us=78343 present_max_us=60707 tick_max_us=11907 producer_failures=0 presentation_failures=0
[10:20:30] TINYDRAW_LIVE_FILL_DONE zoom=400 x=2058 y=3270 revision=75
[10:20:30] TINYDRAW_LIVE_PRESENT kind=power zoom=400 x=2058 y=3270 compose_us=31494 scroll_us=0 exposed_compose_us=0 chrome_us=7935 read_submit_us=35969 read_complete_us=37581 transfer_wait_us=18029 tile_pixels=114688 uniform_pixels=50176 overview_pixels=0 fallback_pixels=0 resident_tiles=48 fallback_tiles=0 pushes=11 tear_wait_us=2786 tear_sync=1 frame_reused=0 pass=1
[10:20:31] TINYDRAW_LIVE_PRESENT kind=zoom zoom=25 x=0 y=0 compose_us=37053 scroll_us=0 exposed_compose_us=0 chrome_us=8348 read_submit_us=49425 read_complete_us=51035 transfer_wait_us=18573 tile_pixels=0 uniform_pixels=0 overview_pixels=164864 fallback_pixels=0 resident_tiles=0 fallback_tiles=0 pushes=11 tear_wait_us=11141 tear_sync=1 frame_reused=0 pass=1
[10:20:34] TINYDRAW_LIVE_PRESENT kind=zoom zoom=50 x=96 y=246 compose_us=32037 scroll_us=0 exposed_compose_us=0 chrome_us=8061 read_submit_us=38414 read_complete_us=40026 transfer_wait_us=18587 tile_pixels=147168 uniform_pixels=0 overview_pixels=0 fallback_pixels=17696 resident_tiles=42 fallback_tiles=14 pushes=11 tear_wait_us=5204 tear_sync=1 frame_reused=0 pass=1
[10:20:34] TINYDRAW_FILL_BASELINE result=complete zoom=50 x=96 y=246 revision=75 steps=40 wall_us=143729 compute_total_us=125894 compute_max_us=7519 present_total_us=12528 present_max_us=2903 tick_max_us=7868 producer_failures=0 presentation_failures=0
[10:20:34] TINYDRAW_LIVE_FILL_DONE zoom=50 x=96 y=246 revision=75
[10:20:35] TINYDRAW_LIVE_PRESENT kind=zoom zoom=100 x=376 y=678 compose_us=29731 scroll_us=0 exposed_compose_us=0 chrome_us=7976 read_submit_us=32023 read_complete_us=33636 transfer_wait_us=17976 tile_pixels=84592 uniform_pixels=7872 overview_pixels=0 fallback_pixels=72400 resident_tiles=28 fallback_tiles=28 pushes=11 tear_wait_us=1096 tear_sync=1 frame_reused=0 pass=1
[10:20:35] TINYDRAW_FILL_BASELINE result=complete zoom=100 x=376 y=678 revision=75 steps=121 wall_us=365350 compute_total_us=305971 compute_max_us=10124 present_total_us=47378 present_max_us=8290 tick_max_us=12539 producer_failures=0 presentation_failures=0
[10:20:35] TINYDRAW_LIVE_FILL_DONE zoom=100 x=376 y=678 revision=75
[10:20:38] TINYDRAW_LIVE_REPAIR views=24 steps=558
[10:20:43] TINYDRAW_PAN_BASELINE zoom=100 x=76 y=590 frames=6 reused=5 compose_avg_us=5252 compose_max_us=31452 present_avg_us=27355 present_max_us=32888 tear_wait_avg_us=447 tear_wait_max_us=2650 failures=0
[10:20:43] TINYDRAW_PAN_BASELINE zoom=100 x=0 y=562 frames=6 reused=6 compose_avg_us=13 compose_max_us=15 present_avg_us=26619 present_max_us=28239 tear_wait_avg_us=114 tear_wait_max_us=655 failures=2
[10:20:43] TINYDRAW_FILL_BASELINE result=superseded zoom=100 x=76 y=590 revision=75 steps=45 wall_us=470317 compute_total_us=154603 compute_max_us=7914 present_total_us=97584 present_max_us=72558 tick_max_us=7931 producer_failures=0 presentation_failures=0
[10:20:43] TINYDRAW_FILL_BASELINE result=complete zoom=100 x=0 y=562 revision=75 steps=5 wall_us=88775 compute_total_us=17086 compute_max_us=5565 present_total_us=69828 present_max_us=69828 tick_max_us=5588 producer_failures=0 presentation_failures=0
[10:20:43] TINYDRAW_LIVE_FILL_DONE zoom=100 x=0 y=562 revision=75
[10:20:44] TINYDRAW_PAN_BASELINE zoom=100 x=0 y=848 frames=7 reused=6 compose_avg_us=4263 compose_max_us=29767 present_avg_us=25856 present_max_us=30887 tear_wait_avg_us=1918 tear_wait_max_us=13062 failures=0
[10:20:44] TINYDRAW_FILL_BASELINE result=complete zoom=100 x=0 y=848 revision=75 steps=24 wall_us=145506 compute_total_us=60537 compute_max_us=7926 present_total_us=80890 present_max_us=73632 tick_max_us=8185 producer_failures=0 presentation_failures=0
[10:20:44] TINYDRAW_LIVE_FILL_DONE zoom=100 x=0 y=848 revision=75
[10:20:44] TINYDRAW_PAN_BASELINE zoom=100 x=0 y=1038 frames=5 reused=5 compose_avg_us=12 compose_max_us=15 present_avg_us=27736 present_max_us=31888 tear_wait_avg_us=572 tear_wait_max_us=2835 failures=1
[10:20:44] TINYDRAW_FILL_BASELINE result=complete zoom=100 x=0 y=1038 revision=75 steps=1 wall_us=1310 compute_total_us=1270 compute_max_us=1270 present_total_us=0 present_max_us=0 tick_max_us=1287 producer_failures=0 presentation_failures=0
[10:20:44] TINYDRAW_LIVE_FILL_DONE zoom=100 x=0 y=1038 revision=75
[10:20:45] TINYDRAW_PAN_BASELINE zoom=100 x=0 y=1330 frames=5 reused=5 compose_avg_us=12 compose_max_us=15 present_avg_us=27984 present_max_us=29893 tear_wait_avg_us=117 tear_wait_max_us=559 failures=0
[10:20:45] TINYDRAW_FILL_BASELINE result=complete zoom=100 x=0 y=1330 revision=75 steps=1 wall_us=1508 compute_total_us=1467 compute_max_us=1467 present_total_us=0 present_max_us=0 tick_max_us=1485 producer_failures=0 presentation_failures=0
[10:20:45] TINYDRAW_LIVE_FILL_DONE zoom=100 x=0 y=1330 revision=75
[10:20:46] TINYDRAW_PAN_BASELINE zoom=100 x=140 y=1344 frames=9 reused=9 compose_avg_us=11 compose_max_us=14 present_avg_us=24894 present_max_us=25892 tear_wait_avg_us=565 tear_wait_max_us=2599 failures=1
[10:20:46] TINYDRAW_FILL_BASELINE result=complete zoom=100 x=140 y=1344 revision=75 steps=1 wall_us=2342 compute_total_us=2279 compute_max_us=2279 present_total_us=0 present_max_us=0 tick_max_us=2307 producer_failures=0 presentation_failures=0
[10:20:46] TINYDRAW_LIVE_FILL_DONE zoom=100 x=140 y=1344 revision=75
[10:20:46] TINYDRAW_PAN_BASELINE zoom=100 x=292 y=1344 frames=7 reused=7 compose_avg_us=11 compose_max_us=14 present_avg_us=25446 present_max_us=26891 tear_wait_avg_us=317 tear_wait_max_us=2183 failures=2
[10:20:46] TINYDRAW_FILL_BASELINE result=complete zoom=100 x=292 y=1344 revision=75 steps=1 wall_us=2546 compute_total_us=2506 compute_max_us=2506 present_total_us=0 present_max_us=0 tick_max_us=2524 producer_failures=0 presentation_failures=0
[10:20:46] TINYDRAW_LIVE_FILL_DONE zoom=100 x=292 y=1344 revision=75
[10:20:47] TINYDRAW_PAN_BASELINE zoom=100 x=450 y=1344 frames=5 reused=5 compose_avg_us=12 compose_max_us=15 present_avg_us=25902 present_max_us=26890 tear_wait_avg_us=6 tear_wait_max_us=7 failures=1
[10:20:47] TINYDRAW_FILL_BASELINE result=complete zoom=100 x=450 y=1344 revision=75 steps=5 wall_us=82351 compute_total_us=15834 compute_max_us=4908 present_total_us=64889 present_max_us=64889 tick_max_us=4915 producer_failures=0 presentation_failures=0
[10:20:47] TINYDRAW_LIVE_FILL_DONE zoom=100 x=450 y=1344 revision=75
[10:20:47] TINYDRAW_PAN_BASELINE zoom=100 x=596 y=1340 frames=5 reused=5 compose_avg_us=11 compose_max_us=13 present_avg_us=26096 present_max_us=27888 tear_wait_avg_us=6 tear_wait_max_us=7 failures=0
[10:20:48] TINYDRAW_FILL_BASELINE result=complete zoom=100 x=596 y=1340 revision=75 steps=11 wall_us=108382 compute_total_us=41994 compute_max_us=6488 present_total_us=63480 present_max_us=62706 tick_max_us=7504 producer_failures=0 presentation_failures=0
[10:20:48] TINYDRAW_LIVE_FILL_DONE zoom=100 x=596 y=1340 revision=75
[10:20:48] TINYDRAW_PAN_BASELINE zoom=100 x=732 y=1326 frames=5 reused=5 compose_avg_us=12 compose_max_us=14 present_avg_us=25501 present_max_us=26888 tear_wait_avg_us=6 tear_wait_max_us=8 failures=1
[10:20:48] TINYDRAW_FILL_BASELINE result=complete zoom=100 x=732 y=1326 revision=75 steps=1 wall_us=1656 compute_total_us=1617 compute_max_us=1617 present_total_us=0 present_max_us=0 tick_max_us=1635 producer_failures=0 presentation_failures=0
[10:20:48] TINYDRAW_LIVE_FILL_DONE zoom=100 x=732 y=1326 revision=75
[10:20:48] TINYDRAW_PAN_BASELINE zoom=100 x=888 y=1284 frames=4 reused=4 compose_avg_us=12 compose_max_us=14 present_avg_us=26880 present_max_us=28890 tear_wait_avg_us=530 tear_wait_max_us=2103 failures=1
[10:20:48] TINYDRAW_FILL_BASELINE result=complete zoom=100 x=888 y=1284 revision=75 steps=1 wall_us=1710 compute_total_us=1671 compute_max_us=1671 present_total_us=0 present_max_us=0 tick_max_us=1687 producer_failures=0 presentation_failures=0
[10:20:48] TINYDRAW_LIVE_FILL_DONE zoom=100 x=888 y=1284 revision=75
[10:20:49] TINYDRAW_PAN_BASELINE zoom=100 x=1032 y=1248 frames=4 reused=4 compose_avg_us=13 compose_max_us=15 present_avg_us=26702 present_max_us=28890 tear_wait_avg_us=708 tear_wait_max_us=2813 failures=1
[10:20:49] TINYDRAW_FILL_BASELINE result=complete zoom=100 x=1032 y=1248 revision=75 steps=2 wall_us=69769 compute_total_us=7361 compute_max_us=3792 present_total_us=60448 present_max_us=60448 tick_max_us=3816 producer_failures=0 presentation_failures=0
[10:20:49] TINYDRAW_LIVE_FILL_DONE zoom=100 x=1032 y=1248 revision=75
[10:20:49] TINYDRAW_PAN_BASELINE zoom=100 x=1104 y=1268 frames=3 reused=3 compose_avg_us=13 compose_max_us=15 present_avg_us=26234 present_max_us=27888 tear_wait_avg_us=6 tear_wait_max_us=7 failures=1
[10:20:49] TINYDRAW_FILL_BASELINE result=complete zoom=100 x=1104 y=1268 revision=75 steps=1 wall_us=2317 compute_total_us=2275 compute_max_us=2275 present_total_us=0 present_max_us=0 tick_max_us=2294 producer_failures=0 presentation_failures=0
[10:20:49] TINYDRAW_LIVE_FILL_DONE zoom=100 x=1104 y=1268 revision=75
[10:20:50] TINYDRAW_PAN_BASELINE zoom=100 x=1104 y=1344 frames=5 reused=5 compose_avg_us=12 compose_max_us=15 present_avg_us=25137 present_max_us=25890 tear_wait_avg_us=3371 tear_wait_max_us=16832 failures=7
[10:20:50] TINYDRAW_FILL_BASELINE result=complete zoom=100 x=1104 y=1344 revision=75 steps=1 wall_us=2274 compute_total_us=2232 compute_max_us=2232 present_total_us=0 present_max_us=0 tick_max_us=2251 producer_failures=0 presentation_failures=0
[10:20:50] TINYDRAW_LIVE_FILL_DONE zoom=100 x=1104 y=1344 revision=75
[10:20:50] TINYDRAW_PAN_BASELINE zoom=100 x=1104 y=1042 frames=6 reused=5 compose_avg_us=4647 compose_max_us=27825 present_avg_us=25819 present_max_us=30891 tear_wait_avg_us=1760 tear_wait_max_us=10288 failures=0
[10:20:50] TINYDRAW_FILL_BASELINE result=complete zoom=100 x=1104 y=1042 revision=75 steps=1 wall_us=1448 compute_total_us=1409 compute_max_us=1409 present_total_us=0 present_max_us=0 tick_max_us=1426 producer_failures=0 presentation_failures=0
[10:20:50] TINYDRAW_LIVE_FILL_DONE zoom=100 x=1104 y=1042 revision=75
[10:20:51] TINYDRAW_PAN_BASELINE zoom=100 x=1104 y=766 frames=8 reused=8 compose_avg_us=12 compose_max_us=15 present_avg_us=26037 present_max_us=27889 tear_wait_avg_us=361 tear_wait_max_us=2364 failures=0
[10:20:51] TINYDRAW_FILL_BASELINE result=complete zoom=100 x=1104 y=766 revision=75 steps=1 wall_us=1664 compute_total_us=1624 compute_max_us=1624 present_total_us=0 present_max_us=0 tick_max_us=1641 producer_failures=0 presentation_failures=0
[10:20:51] TINYDRAW_LIVE_FILL_DONE zoom=100 x=1104 y=766 revision=75
[10:20:51] TINYDRAW_PAN_BASELINE zoom=100 x=1104 y=638 frames=7 reused=7 compose_avg_us=12 compose_max_us=14 present_avg_us=25320 present_max_us=25890 tear_wait_avg_us=294 tear_wait_max_us=1086 failures=0
[10:20:51] TINYDRAW_FILL_BASELINE result=complete zoom=100 x=1104 y=638 revision=75 steps=1 wall_us=1608 compute_total_us=1566 compute_max_us=1566 present_total_us=0 present_max_us=0 tick_max_us=1586 producer_failures=0 presentation_failures=0
[10:20:51] TINYDRAW_LIVE_FILL_DONE zoom=100 x=1104 y=638 revision=75
[10:20:51] TINYDRAW_PAN_BASELINE zoom=100 x=1104 y=406 frames=5 reused=5 compose_avg_us=12 compose_max_us=15 present_avg_us=27895 present_max_us=30888 tear_wait_avg_us=6 tear_wait_max_us=7 failures=0
[10:20:51] TINYDRAW_FILL_BASELINE result=complete zoom=100 x=1104 y=406 revision=75 steps=1 wall_us=2486 compute_total_us=2444 compute_max_us=2444 present_total_us=0 present_max_us=0 tick_max_us=2463 producer_failures=0 presentation_failures=0
[10:20:51] TINYDRAW_LIVE_FILL_DONE zoom=100 x=1104 y=406 revision=75
[10:20:52] TINYDRAW_PAN_BASELINE zoom=100 x=1104 y=184 frames=7 reused=7 compose_avg_us=12 compose_max_us=14 present_avg_us=25921 present_max_us=26890 tear_wait_avg_us=264 tear_wait_max_us=1467 failures=0
[10:20:52] TINYDRAW_FILL_BASELINE result=complete zoom=100 x=1104 y=184 revision=75 steps=1 wall_us=1523 compute_total_us=1484 compute_max_us=1484 present_total_us=0 present_max_us=0 tick_max_us=1501 producer_failures=0 presentation_failures=0
[10:20:52] TINYDRAW_LIVE_FILL_DONE zoom=100 x=1104 y=184 revision=75
[10:20:52] TINYDRAW_PAN_BASELINE zoom=100 x=1104 y=12 frames=6 reused=6 compose_avg_us=12 compose_max_us=16 present_avg_us=25728 present_max_us=26888 tear_wait_avg_us=6 tear_wait_max_us=7 failures=0
[10:20:52] TINYDRAW_FILL_BASELINE result=complete zoom=100 x=1104 y=12 revision=75 steps=1 wall_us=2602 compute_total_us=2562 compute_max_us=2562 present_total_us=0 present_max_us=0 tick_max_us=2580 producer_failures=0 presentation_failures=0
[10:20:52] TINYDRAW_LIVE_FILL_DONE zoom=100 x=1104 y=12 revision=75
[10:20:52] TINYDRAW_PAN_BASELINE zoom=100 x=1084 y=0 frames=7 reused=7 compose_avg_us=11 compose_max_us=14 present_avg_us=25432 present_max_us=26891 tear_wait_avg_us=51 tear_wait_max_us=204 failures=1
[10:20:53] TINYDRAW_FILL_BASELINE result=complete zoom=100 x=1084 y=0 revision=75 steps=5 wall_us=78254 compute_total_us=17179 compute_max_us=8348 present_total_us=59383 present_max_us=59383 tick_max_us=8372 producer_failures=0 presentation_failures=0
[10:20:53] TINYDRAW_LIVE_FILL_DONE zoom=100 x=1084 y=0 revision=75
[10:20:53] TINYDRAW_PAN_BASELINE zoom=100 x=1104 y=0 frames=2 reused=2 compose_avg_us=12 compose_max_us=14 present_avg_us=24922 present_max_us=24953 tear_wait_avg_us=6 tear_wait_max_us=6 failures=6
[10:20:53] TINYDRAW_FILL_BASELINE result=complete zoom=100 x=1104 y=0 revision=75 steps=1 wall_us=1468 compute_total_us=1421 compute_max_us=1421 present_total_us=0 present_max_us=0 tick_max_us=1438 producer_failures=0 presentation_failures=0
[10:20:53] TINYDRAW_LIVE_FILL_DONE zoom=100 x=1104 y=0 revision=75
[10:20:53] TINYDRAW_PAN_BASELINE zoom=100 x=836 y=0 frames=7 reused=7 compose_avg_us=11 compose_max_us=13 present_avg_us=28469 present_max_us=31891 tear_wait_avg_us=6 tear_wait_max_us=7 failures=0
[10:20:53] TINYDRAW_FILL_BASELINE result=complete zoom=100 x=836 y=0 revision=75 steps=1 wall_us=1311 compute_total_us=1273 compute_max_us=1273 present_total_us=0 present_max_us=0 tick_max_us=1290 producer_failures=0 presentation_failures=0
[10:20:53] TINYDRAW_LIVE_FILL_DONE zoom=100 x=836 y=0 revision=75
[10:20:54] TINYDRAW_PAN_BASELINE zoom=100 x=742 y=0 frames=6 reused=6 compose_avg_us=11 compose_max_us=15 present_avg_us=26660 present_max_us=27889 tear_wait_avg_us=76 tear_wait_max_us=425 failures=0
[10:20:54] TINYDRAW_FILL_BASELINE result=complete zoom=100 x=742 y=0 revision=75 steps=1 wall_us=1366 compute_total_us=1326 compute_max_us=1326 present_total_us=0 present_max_us=0 tick_max_us=1344 producer_failures=0 presentation_failures=0
[10:20:54] TINYDRAW_LIVE_FILL_DONE zoom=100 x=742 y=0 revision=75
[10:20:54] TINYDRAW_PAN_BASELINE zoom=100 x=624 y=0 frames=5 reused=5 compose_avg_us=11 compose_max_us=14 present_avg_us=26713 present_max_us=28891 tear_wait_avg_us=587 tear_wait_max_us=2417 failures=0
[10:20:54] TINYDRAW_FILL_BASELINE result=complete zoom=100 x=624 y=0 revision=75 steps=1 wall_us=2306 compute_total_us=2265 compute_max_us=2265 present_total_us=0 present_max_us=0 tick_max_us=2284 producer_failures=0 presentation_failures=0
[10:20:54] TINYDRAW_LIVE_FILL_DONE zoom=100 x=624 y=0 revision=75
[10:20:55] TINYDRAW_PAN_BASELINE zoom=100 x=466 y=0 frames=5 reused=5 compose_avg_us=11 compose_max_us=14 present_avg_us=27297 present_max_us=28890 tear_wait_avg_us=6 tear_wait_max_us=7 failures=0
[10:20:55] TINYDRAW_FILL_BASELINE result=complete zoom=100 x=466 y=0 revision=75 steps=1 wall_us=2373 compute_total_us=2320 compute_max_us=2320 present_total_us=0 present_max_us=0 tick_max_us=2339 producer_failures=0 presentation_failures=0
[10:20:55] TINYDRAW_LIVE_FILL_DONE zoom=100 x=466 y=0 revision=75
[10:20:55] TINYDRAW_PAN_BASELINE zoom=100 x=312 y=0 frames=6 reused=6 compose_avg_us=11 compose_max_us=13 present_avg_us=27564 present_max_us=28890 tear_wait_avg_us=6 tear_wait_max_us=6 failures=0
[10:20:55] TINYDRAW_FILL_BASELINE result=complete zoom=100 x=312 y=0 revision=75 steps=1 wall_us=1458 compute_total_us=1418 compute_max_us=1418 present_total_us=0 present_max_us=0 tick_max_us=1436 producer_failures=0 presentation_failures=0
[10:20:55] TINYDRAW_LIVE_FILL_DONE zoom=100 x=312 y=0 revision=75
[10:20:55] TINYDRAW_PAN_BASELINE zoom=100 x=174 y=0 frames=4 reused=4 compose_avg_us=11 compose_max_us=13 present_avg_us=28144 present_max_us=29557 tear_wait_avg_us=1261 tear_wait_max_us=2691 failures=0
[10:20:55] TINYDRAW_FILL_BASELINE result=complete zoom=100 x=174 y=0 revision=75 steps=1 wall_us=1441 compute_total_us=1402 compute_max_us=1402 present_total_us=0 present_max_us=0 tick_max_us=1418 producer_failures=0 presentation_failures=0
[10:20:55] TINYDRAW_LIVE_FILL_DONE zoom=100 x=174 y=0 revision=75
[10:20:56] TINYDRAW_PAN_BASELINE zoom=100 x=188 y=206 frames=5 reused=5 compose_avg_us=12 compose_max_us=14 present_avg_us=28695 present_max_us=32888 tear_wait_avg_us=6 tear_wait_max_us=7 failures=0
[10:20:56] TINYDRAW_FILL_BASELINE result=complete zoom=100 x=188 y=206 revision=75 steps=14 wall_us=98442 compute_total_us=24453 compute_max_us=4649 present_total_us=71793 present_max_us=71793 tick_max_us=6060 producer_failures=0 presentation_failures=0
[10:20:56] TINYDRAW_LIVE_FILL_DONE zoom=100 x=188 y=206 revision=75
[10:20:56] TINYDRAW_PAN_BASELINE zoom=100 x=196 y=358 frames=5 reused=5 compose_avg_us=13 compose_max_us=15 present_avg_us=27050 present_max_us=29890 tear_wait_avg_us=256 tear_wait_max_us=1259 failures=1
[10:20:57] TINYDRAW_FILL_BASELINE result=complete zoom=100 x=196 y=358 revision=75 steps=31 wall_us=122912 compute_total_us=55396 compute_max_us=4624 present_total_us=64043 present_max_us=64018 tick_max_us=6032 producer_failures=0 presentation_failures=0
[10:20:57] TINYDRAW_LIVE_FILL_DONE zoom=100 x=196 y=358 revision=75
[10:20:57] TINYDRAW_PAN_BASELINE zoom=100 x=144 y=166 frames=6 reused=6 compose_avg_us=12 compose_max_us=15 present_avg_us=29060 present_max_us=30888 tear_wait_avg_us=6 tear_wait_max_us=7 failures=0
[10:20:57] TINYDRAW_FILL_BASELINE result=complete zoom=100 x=144 y=166 revision=75 steps=1 wall_us=1330 compute_total_us=1291 compute_max_us=1291 present_total_us=0 present_max_us=0 tick_max_us=1309 producer_failures=0 presentation_failures=0
[10:20:57] TINYDRAW_LIVE_FILL_DONE zoom=100 x=144 y=166 revision=75
[10:20:57] TINYDRAW_PAN_BASELINE zoom=100 x=92 y=412 frames=13 reused=13 compose_avg_us=12 compose_max_us=15 present_avg_us=28380 present_max_us=32586 tear_wait_avg_us=211 tear_wait_max_us=2360 failures=0
[10:20:57] TINYDRAW_FILL_BASELINE result=complete zoom=100 x=92 y=412 revision=75 steps=1 wall_us=1448 compute_total_us=1410 compute_max_us=1410 present_total_us=0 present_max_us=0 tick_max_us=1427 producer_failures=0 presentation_failures=0
[10:20:57] TINYDRAW_LIVE_FILL_DONE zoom=100 x=92 y=412 revision=75
[10:20:58] TINYDRAW_PAN_BASELINE zoom=100 x=84 y=202 frames=6 reused=6 compose_avg_us=13 compose_max_us=18 present_avg_us=27457 present_max_us=29288 tear_wait_avg_us=1277 tear_wait_max_us=2822 failures=0
[10:20:58] TINYDRAW_FILL_BASELINE result=complete zoom=100 x=84 y=202 revision=75 steps=1 wall_us=1516 compute_total_us=1476 compute_max_us=1476 present_total_us=0 present_max_us=0 tick_max_us=1493 producer_failures=0 presentation_failures=0
[10:20:58] TINYDRAW_LIVE_FILL_DONE zoom=100 x=84 y=202 revision=75
[10:21:13] TINYDRAW_PAN_BASELINE zoom=100 x=64 y=458 frames=463 reused=441 compose_avg_us=1408 compose_max_us=30702 present_avg_us=26964 present_max_us=34890 tear_wait_avg_us=632 tear_wait_max_us=16774 failures=22
[10:21:13] TINYDRAW_FILL_BASELINE result=complete zoom=100 x=64 y=458 revision=75 steps=1 wall_us=1250 compute_total_us=1210 compute_max_us=1210 present_total_us=0 present_max_us=0 tick_max_us=1227 producer_failures=0 presentation_failures=0
[10:21:13] TINYDRAW_LIVE_FILL_DONE zoom=100 x=64 y=458 revision=75
[10:21:13] TINYDRAW_LIVE_PRESENT kind=power zoom=100 x=64 y=458 compose_us=30677 scroll_us=0 exposed_compose_us=0 chrome_us=7999 read_submit_us=38711 read_complete_us=40323 transfer_wait_us=18284 tile_pixels=118880 uniform_pixels=45984 overview_pixels=0 fallback_pixels=0 resident_tiles=48 fallback_tiles=0 pushes=11 tear_wait_us=6350 tear_sync=1 frame_reused=0 pass=1
[10:21:14] TINYDRAW_PAN_BASELINE zoom=100 x=0 y=678 frames=20 reused=20 compose_avg_us=12 compose_max_us=15 present_avg_us=27772 present_max_us=33890 tear_wait_avg_us=26 tear_wait_max_us=413 failures=0
[10:21:14] TINYDRAW_FILL_BASELINE result=complete zoom=100 x=0 y=678 revision=75 steps=1 wall_us=1311 compute_total_us=1271 compute_max_us=1271 present_total_us=0 present_max_us=0 tick_max_us=1289 producer_failures=0 presentation_failures=0
[10:21:14] TINYDRAW_LIVE_FILL_DONE zoom=100 x=0 y=678 revision=75
[10:21:14] TINYDRAW_PAN_BASELINE zoom=100 x=0 y=824 frames=15 reused=15 compose_avg_us=12 compose_max_us=14 present_avg_us=27322 present_max_us=31791 tear_wait_avg_us=244 tear_wait_max_us=2481 failures=1
[10:21:14] TINYDRAW_FILL_BASELINE result=complete zoom=100 x=0 y=824 revision=75 steps=1 wall_us=1346 compute_total_us=1307 compute_max_us=1307 present_total_us=0 present_max_us=0 tick_max_us=1325 producer_failures=0 presentation_failures=0
[10:21:14] TINYDRAW_LIVE_FILL_DONE zoom=100 x=0 y=824 revision=75
[10:21:17] TINYDRAW_PAN_BASELINE zoom=100 x=74 y=588 frames=48 reused=36 compose_avg_us=8029 compose_max_us=34042 present_avg_us=26868 present_max_us=35889 tear_wait_avg_us=1605 tear_wait_max_us=13088 failures=0
[10:21:17] TINYDRAW_FILL_BASELINE result=complete zoom=100 x=74 y=588 revision=75 steps=1 wall_us=1234 compute_total_us=1194 compute_max_us=1194 present_total_us=0 present_max_us=0 tick_max_us=1212 producer_failures=0 presentation_failures=0
[10:21:17] TINYDRAW_LIVE_FILL_DONE zoom=100 x=74 y=588 revision=75
[10:21:17] TINYDRAW_LIVE_REPAIR views=24 steps=167
[10:21:19] TINYDRAW_PAN_BASELINE zoom=100 x=6 y=900 frames=7 reused=7 compose_avg_us=12 compose_max_us=15 present_avg_us=30603 present_max_us=36888 tear_wait_avg_us=154 tear_wait_max_us=1045 failures=0
[10:21:19] TINYDRAW_FILL_BASELINE result=complete zoom=100 x=6 y=900 revision=75 steps=1 wall_us=2197 compute_total_us=2156 compute_max_us=2156 present_total_us=0 present_max_us=0 tick_max_us=2175 producer_failures=0 presentation_failures=0
[10:21:19] TINYDRAW_LIVE_FILL_DONE zoom=100 x=6 y=900 revision=75
[10:21:20] TINYDRAW_PAN_BASELINE zoom=100 x=14 y=1178 frames=6 reused=6 compose_avg_us=12 compose_max_us=15 present_avg_us=28886 present_max_us=33891 tear_wait_avg_us=20 tear_wait_max_us=92 failures=1
[10:21:20] TINYDRAW_FILL_BASELINE result=complete zoom=100 x=14 y=1178 revision=75 steps=1 wall_us=1453 compute_total_us=1414 compute_max_us=1414 present_total_us=0 present_max_us=0 tick_max_us=1431 producer_failures=0 presentation_failures=0
[10:21:20] TINYDRAW_LIVE_FILL_DONE zoom=100 x=14 y=1178 revision=75
[10:21:21] TINYDRAW_PAN_BASELINE zoom=100 x=164 y=1344 frames=5 reused=5 compose_avg_us=12 compose_max_us=14 present_avg_us=27939 present_max_us=31165 tear_wait_avg_us=970 tear_wait_max_us=2731 failures=1
[10:21:21] TINYDRAW_FILL_BASELINE result=complete zoom=100 x=164 y=1344 revision=75 steps=1 wall_us=1511 compute_total_us=1471 compute_max_us=1471 present_total_us=0 present_max_us=0 tick_max_us=1488 producer_failures=0 presentation_failures=0
[10:21:21] TINYDRAW_LIVE_FILL_DONE zoom=100 x=164 y=1344 revision=75
[10:21:21] TINYDRAW_PAN_BASELINE zoom=100 x=274 y=1344 frames=4 reused=4 compose_avg_us=11 compose_max_us=14 present_avg_us=26150 present_max_us=26890 tear_wait_avg_us=6 tear_wait_max_us=6 failures=0
[10:21:21] TINYDRAW_FILL_BASELINE result=complete zoom=100 x=274 y=1344 revision=75 steps=1 wall_us=2516 compute_total_us=2475 compute_max_us=2475 present_total_us=0 present_max_us=0 tick_max_us=2494 producer_failures=0 presentation_failures=0
[10:21:21] TINYDRAW_LIVE_FILL_DONE zoom=100 x=274 y=1344 revision=75
[10:21:22] TINYDRAW_PAN_BASELINE zoom=100 x=454 y=1344 frames=6 reused=6 compose_avg_us=11 compose_max_us=13 present_avg_us=25224 present_max_us=26892 tear_wait_avg_us=509 tear_wait_max_us=2486 failures=0
[10:21:22] TINYDRAW_FILL_BASELINE result=complete zoom=100 x=454 y=1344 revision=75 steps=1 wall_us=1416 compute_total_us=1377 compute_max_us=1377 present_total_us=0 present_max_us=0 tick_max_us=1394 producer_failures=0 presentation_failures=0
[10:21:22] TINYDRAW_LIVE_FILL_DONE zoom=100 x=454 y=1344 revision=75
[10:21:22] TINYDRAW_PAN_BASELINE zoom=100 x=610 y=1220 frames=5 reused=5 compose_avg_us=14 compose_max_us=15 present_avg_us=27293 present_max_us=28892 tear_wait_avg_us=414 tear_wait_max_us=2045 failures=1
[10:21:22] TINYDRAW_FILL_BASELINE result=complete zoom=100 x=610 y=1220 revision=75 steps=16 wall_us=131867 compute_total_us=62838 compute_max_us=6404 present_total_us=65434 present_max_us=56858 tick_max_us=7447 producer_failures=0 presentation_failures=0
[10:21:22] TINYDRAW_LIVE_FILL_DONE zoom=100 x=610 y=1220 revision=75
[10:21:23] TINYDRAW_PAN_BASELINE zoom=100 x=718 y=1204 frames=4 reused=4 compose_avg_us=13 compose_max_us=14 present_avg_us=25905 present_max_us=26886 tear_wait_avg_us=6 tear_wait_max_us=7 failures=1
[10:21:23] TINYDRAW_FILL_BASELINE result=complete zoom=100 x=718 y=1204 revision=75 steps=13 wall_us=115386 compute_total_us=48165 compute_max_us=6076 present_total_us=63521 present_max_us=61083 tick_max_us=7408 producer_failures=0 presentation_failures=0
[10:21:23] TINYDRAW_LIVE_FILL_DONE zoom=100 x=718 y=1204 revision=75
[10:21:23] TINYDRAW_PAN_BASELINE zoom=100 x=848 y=1098 frames=3 reused=3 compose_avg_us=12 compose_max_us=14 present_avg_us=29233 present_max_us=31888 tear_wait_avg_us=7 tear_wait_max_us=7 failures=0
[10:21:23] TINYDRAW_FILL_BASELINE result=complete zoom=100 x=848 y=1098 revision=75 steps=1 wall_us=1400 compute_total_us=1360 compute_max_us=1360 present_total_us=0 present_max_us=0 tick_max_us=1377 producer_failures=0 presentation_failures=0
[10:21:23] TINYDRAW_LIVE_FILL_DONE zoom=100 x=848 y=1098 revision=75
[10:21:23] TINYDRAW_PAN_BASELINE zoom=100 x=936 y=998 frames=4 reused=4 compose_avg_us=13 compose_max_us=16 present_avg_us=27902 present_max_us=29888 tear_wait_avg_us=252 tear_wait_max_us=990 failures=0
[10:21:23] TINYDRAW_FILL_BASELINE result=complete zoom=100 x=936 y=998 revision=75 steps=1 wall_us=1504 compute_total_us=1448 compute_max_us=1448 present_total_us=0 present_max_us=0 tick_max_us=1472 producer_failures=0 presentation_failures=0
[10:21:23] TINYDRAW_LIVE_FILL_DONE zoom=100 x=936 y=998 revision=75
[10:21:24] TINYDRAW_PAN_BASELINE zoom=100 x=1076 y=1010 frames=4 reused=4 compose_avg_us=12 compose_max_us=15 present_avg_us=26035 present_max_us=27890 tear_wait_avg_us=128 tear_wait_max_us=493 failures=1
[10:21:24] TINYDRAW_FILL_BASELINE result=complete zoom=100 x=1076 y=1010 revision=75 steps=7 wall_us=102863 compute_total_us=38093 compute_max_us=9143 present_total_us=61413 present_max_us=59660 tick_max_us=9167 producer_failures=0 presentation_failures=0
[10:21:24] TINYDRAW_LIVE_FILL_DONE zoom=100 x=1076 y=1010 revision=75
[10:21:24] TINYDRAW_PAN_BASELINE zoom=100 x=1098 y=876 frames=3 reused=2 compose_avg_us=8558 compose_max_us=25649 present_avg_us=23197 present_max_us=25890 tear_wait_avg_us=3121 tear_wait_max_us=9350 failures=0
[10:21:24] TINYDRAW_FILL_BASELINE result=complete zoom=100 x=1098 y=876 revision=75 steps=1 wall_us=2617 compute_total_us=2575 compute_max_us=2575 present_total_us=0 present_max_us=0 tick_max_us=2594 producer_failures=0 presentation_failures=0
[10:21:24] TINYDRAW_LIVE_FILL_DONE zoom=100 x=1098 y=876 revision=75
[10:21:26] TINYDRAW_PAN_BASELINE zoom=100 x=850 y=904 frames=6 reused=6 compose_avg_us=12 compose_max_us=13 present_avg_us=29132 present_max_us=34473 tear_wait_avg_us=603 tear_wait_max_us=2422 failures=0
[10:21:26] TINYDRAW_FILL_BASELINE result=complete zoom=100 x=850 y=904 revision=75 steps=1 wall_us=1472 compute_total_us=1418 compute_max_us=1418 present_total_us=0 present_max_us=0 tick_max_us=1443 producer_failures=0 presentation_failures=0
[10:21:26] TINYDRAW_LIVE_FILL_DONE zoom=100 x=850 y=904 revision=75
[10:21:28] TINYDRAW_LIVE_REPAIR views=24 steps=443
[10:21:43] TINYDRAW_LIVE_PRESENT kind=power zoom=100 x=850 y=904 compose_us=30636 scroll_us=0 exposed_compose_us=0 chrome_us=8010 read_submit_us=37529 read_complete_us=39136 transfer_wait_us=18472 tile_pixels=112528 uniform_pixels=52336 overview_pixels=0 fallback_pixels=0 resident_tiles=56 fallback_tiles=0 pushes=11 tear_wait_us=5192 tear_sync=1 frame_reused=0 pass=1
[10:21:57] TINYDRAW_PAN_BASELINE zoom=100 x=778 y=580 frames=57 reused=30 compose_avg_us=14871 compose_max_us=33096 present_avg_us=24346 present_max_us=33530 tear_wait_avg_us=3967 tear_wait_max_us=12950 failures=0
[10:21:57] TINYDRAW_PAN_BASELINE zoom=100 x=744 y=302 frames=3 reused=1 compose_avg_us=20884 compose_max_us=31495 present_avg_us=21388 present_max_us=27615 tear_wait_avg_us=4574 tear_wait_max_us=6478 failures=0
[10:21:57] TINYDRAW_FILL_BASELINE result=superseded zoom=100 x=778 y=580 revision=75 steps=14 wall_us=305737 compute_total_us=48138 compute_max_us=7668 present_total_us=74704 present_max_us=71786 tick_max_us=8830 producer_failures=0 presentation_failures=0
[10:21:57] TINYDRAW_PAN_BASELINE zoom=100 x=522 y=264 frames=4 reused=3 compose_avg_us=7857 compose_max_us=31387 present_avg_us=26414 present_max_us=32074 tear_wait_avg_us=1113 tear_wait_max_us=2821 failures=0
[10:21:57] TINYDRAW_FILL_BASELINE result=superseded zoom=100 x=744 y=302 revision=75 steps=28 wall_us=311450 compute_total_us=113610 compute_max_us=11265 present_total_us=17737 present_max_us=7351 tick_max_us=12598 producer_failures=0 presentation_failures=0
[10:21:57] TINYDRAW_FILL_BASELINE result=complete zoom=100 x=522 y=264 revision=75 steps=1 wall_us=1225 compute_total_us=1178 compute_max_us=1178 present_total_us=0 present_max_us=0 tick_max_us=1193 producer_failures=0 presentation_failures=0
[10:21:57] TINYDRAW_LIVE_FILL_DONE zoom=100 x=522 y=264 revision=75
[10:21:58] TINYDRAW_PAN_BASELINE zoom=100 x=258 y=188 frames=4 reused=2 compose_avg_us=15640 compose_max_us=31292 present_avg_us=23407 present_max_us=29888 tear_wait_avg_us=4569 tear_wait_max_us=11995 failures=0
[10:21:58] TINYDRAW_FILL_BASELINE result=complete zoom=100 x=258 y=188 revision=75 steps=1 wall_us=1224 compute_total_us=1185 compute_max_us=1185 present_total_us=0 present_max_us=0 tick_max_us=1202 producer_failures=0 presentation_failures=0
[10:21:58] TINYDRAW_LIVE_FILL_DONE zoom=100 x=258 y=188 revision=75
[10:22:08] TINYDRAW_PAN_BASELINE zoom=100 x=300 y=172 frames=282 reused=251 compose_avg_us=3284 compose_max_us=32007 present_avg_us=26831 present_max_us=39890 tear_wait_avg_us=1213 tear_wait_max_us=16506 failures=5
[10:22:08] TINYDRAW_FILL_BASELINE result=complete zoom=100 x=300 y=172 revision=75 steps=1 wall_us=2305 compute_total_us=2264 compute_max_us=2264 present_total_us=0 present_max_us=0 tick_max_us=2282 producer_failures=0 presentation_failures=0
[10:22:08] TINYDRAW_LIVE_FILL_DONE zoom=100 x=300 y=172 revision=75
[10:22:09] TINYDRAW_PAN_BASELINE zoom=100 x=342 y=160 frames=4 reused=4 compose_avg_us=12 compose_max_us=15 present_avg_us=25122 present_max_us=25891 tear_wait_avg_us=40 tear_wait_max_us=143 failures=1
[10:22:09] TINYDRAW_FILL_BASELINE result=complete zoom=100 x=342 y=160 revision=75 steps=1 wall_us=1367 compute_total_us=1327 compute_max_us=1327 present_total_us=0 present_max_us=0 tick_max_us=1344 producer_failures=0 presentation_failures=0
[10:22:09] TINYDRAW_LIVE_FILL_DONE zoom=100 x=342 y=160 revision=75
[10:22:09] TINYDRAW_PAN_BASELINE zoom=100 x=524 y=186 frames=4 reused=4 compose_avg_us=12 compose_max_us=13 present_avg_us=27598 present_max_us=29890 tear_wait_avg_us=57 tear_wait_max_us=211 failures=0
[10:22:09] TINYDRAW_FILL_BASELINE result=complete zoom=100 x=524 y=186 revision=75 steps=1 wall_us=2034 compute_total_us=1992 compute_max_us=1992 present_total_us=0 present_max_us=0 tick_max_us=2011 producer_failures=0 presentation_failures=0
[10:22:09] TINYDRAW_LIVE_FILL_DONE zoom=100 x=524 y=186 revision=75
[10:22:10] TINYDRAW_LIVE_REPAIR views=24 steps=336
[10:22:13] TINYDRAW_LIVE_PRESENT kind=power zoom=100 x=524 y=186 compose_us=31508 scroll_us=0 exposed_compose_us=0 chrome_us=8034 read_submit_us=42740 read_complete_us=44353 transfer_wait_us=18261 tile_pixels=123488 uniform_pixels=41376 overview_pixels=0 fallback_pixels=0 resident_tiles=48 fallback_tiles=0 pushes=11 tear_wait_us=9553 tear_sync=1 frame_reused=0 pass=1
[10:22:43] TINYDRAW_LIVE_PRESENT kind=power zoom=100 x=524 y=186 compose_us=31727 scroll_us=0 exposed_compose_us=0 chrome_us=8030 read_submit_us=49161 read_complete_us=50774 transfer_wait_us=18840 tile_pixels=123488 uniform_pixels=41376 overview_pixels=0 fallback_pixels=0 resident_tiles=48 fallback_tiles=0 pushes=11 tear_wait_us=15757 tear_sync=1 frame_reused=0 pass=1
[10:23:13] TINYDRAW_LIVE_PRESENT kind=power zoom=100 x=524 y=186 compose_us=31655 scroll_us=0 exposed_compose_us=0 chrome_us=8032 read_submit_us=46845 read_complete_us=48443 transfer_wait_us=18156 tile_pixels=123488 uniform_pixels=41376 overview_pixels=0 fallback_pixels=0 resident_tiles=48 fallback_tiles=0 pushes=11 tear_wait_us=13504 tear_sync=1 frame_reused=0 pass=1
[10:23:43] TINYDRAW_LIVE_PRESENT kind=power zoom=100 x=524 y=186 compose_us=31665 scroll_us=0 exposed_compose_us=0 chrome_us=8030 read_submit_us=46464 read_complete_us=48076 transfer_wait_us=18537 tile_pixels=123488 uniform_pixels=41376 overview_pixels=0 fallback_pixels=0 resident_tiles=48 fallback_tiles=0 pushes=11 tear_wait_us=13123 tear_sync=1 frame_reused=0 pass=1
[10:24:13] TINYDRAW_LIVE_PRESENT kind=power zoom=100 x=524 y=186 compose_us=31638 scroll_us=0 exposed_compose_us=0 chrome_us=8001 read_submit_us=38896 read_complete_us=40507 transfer_wait_us=18105 tile_pixels=123488 uniform_pixels=41376 overview_pixels=0 fallback_pixels=0 resident_tiles=48 fallback_tiles=0 pushes=11 tear_wait_us=5572 tear_sync=1 frame_reused=0 pass=1
[10:24:43] TINYDRAW_LIVE_PRESENT kind=power zoom=100 x=524 y=186 compose_us=31707 scroll_us=0 exposed_compose_us=0 chrome_us=8012 read_submit_us=38847 read_complete_us=40446 transfer_wait_us=18154 tile_pixels=123488 uniform_pixels=41376 overview_pixels=0 fallback_pixels=0 resident_tiles=48 fallback_tiles=0 pushes=11 tear_wait_us=5454 tear_sync=1 frame_reused=0 pass=1
[10:25:13] TINYDRAW_LIVE_PRESENT kind=power zoom=100 x=524 y=186 compose_us=31716 scroll_us=0 exposed_compose_us=0 chrome_us=8009 read_submit_us=41942 read_complete_us=43554 transfer_wait_us=18059 tile_pixels=123488 uniform_pixels=41376 overview_pixels=0 fallback_pixels=0 resident_tiles=48 fallback_tiles=0 pushes=11 tear_wait_us=8552 tear_sync=1 frame_reused=0 pass=1
[10:25:43] TINYDRAW_LIVE_PRESENT kind=power zoom=100 x=524 y=186 compose_us=31708 scroll_us=0 exposed_compose_us=0 chrome_us=8001 read_submit_us=38860 read_complete_us=40471 transfer_wait_us=18141 tile_pixels=123488 uniform_pixels=41376 overview_pixels=0 fallback_pixels=0 resident_tiles=48 fallback_tiles=0 pushes=11 tear_wait_us=5473 tear_sync=1 frame_reused=0 pass=1
[10:26:13] TINYDRAW_LIVE_PRESENT kind=power zoom=100 x=524 y=186 compose_us=31725 scroll_us=0 exposed_compose_us=0 chrome_us=8028 read_submit_us=48356 read_complete_us=49968 transfer_wait_us=18645 tile_pixels=123488 uniform_pixels=41376 overview_pixels=0 fallback_pixels=0 resident_tiles=48 fallback_tiles=0 pushes=11 tear_wait_us=14936 tear_sync=1 frame_reused=0 pass=1
[10:26:43] TINYDRAW_LIVE_PRESENT kind=power zoom=100 x=524 y=186 compose_us=31653 scroll_us=0 exposed_compose_us=0 chrome_us=8020 read_submit_us=45155 read_complete_us=46767 transfer_wait_us=18846 tile_pixels=123488 uniform_pixels=41376 overview_pixels=0 fallback_pixels=0 resident_tiles=48 fallback_tiles=0 pushes=11 tear_wait_us=11827 tear_sync=1 frame_reused=0 pass=1
[10:27:13] TINYDRAW_LIVE_PRESENT kind=power zoom=100 x=524 y=186 compose_us=31641 scroll_us=0 exposed_compose_us=0 chrome_us=8002 read_submit_us=41459 read_complete_us=43071 transfer_wait_us=18542 tile_pixels=123488 uniform_pixels=41376 overview_pixels=0 fallback_pixels=0 resident_tiles=48 fallback_tiles=0 pushes=11 tear_wait_us=8138 tear_sync=1 frame_reused=0 pass=1
[10:27:43] TINYDRAW_LIVE_PRESENT kind=power zoom=100 x=524 y=186 compose_us=31721 scroll_us=0 exposed_compose_us=0 chrome_us=8028 read_submit_us=48481 read_complete_us=50093 transfer_wait_us=18520 tile_pixels=123488 uniform_pixels=41376 overview_pixels=0 fallback_pixels=0 resident_tiles=48 fallback_tiles=0 pushes=11 tear_wait_us=15067 tear_sync=1 frame_reused=0 pass=1
[10:28:43] TINYDRAW_LIVE_PRESENT kind=power zoom=100 x=524 y=186 compose_us=31717 scroll_us=0 exposed_compose_us=0 chrome_us=8013 read_submit_us=42416 read_complete_us=44028 transfer_wait_us=18585 tile_pixels=123488 uniform_pixels=41376 overview_pixels=0 fallback_pixels=0 resident_tiles=48 fallback_tiles=0 pushes=11 tear_wait_us=9027 tear_sync=1 frame_reused=0 pass=1
[10:29:12] ESP-ROM:esp32s3-20210327
[10:29:12] Build:Mar 27 2021
[10:29:12] rst:0x15 (USB_UART_CHIP_RESET),boot:0x23 (DOWNLOAD(USB/UART0))
[10:29:12] Saved PC:0x4037b802
[10:29:12] waiting for download
[10:29:13]       응      응      응      응      응      응      응      픂SP-ROM:esp32s3-20210327
[10:29:13] Build:Mar 27 2021
[10:29:13] rst:0x15 (USB_UART_CHIP_RESET),boot:0x23 (DOWNLOAD(USB/UART0))
[10:29:13] Saved PC:0x40048df0
[10:29:13] waiting for download
