[23:49:08] TINYDRAW_LIVE_PRESENT kind=power zoom=25 x=0 y=0 compose_us=3655TINYDRAW_LIVE_PRESENT kind=power zoom=25 x=0 y=0 compose_us=36543 scroll_us=0 exposed_compose_us=0 chrome_us=8148 read_submit_us=52266 read_complete_us=53878 transfer_wait_us=18733 tile_pixels=0 uniform_pixels=0 overview_pixels=164864 fallback_pixels=0 resident_tiles=0 fallback_tiles=0 pushes=11 tear_wait_us=13923 tear_sync=1 frame_reused=0 pass=1
[23:49:35] TINYDRAW_LIVE_PRESENT kind=chrome zoom=25 x=0 y=0 compose_us=37160 scroll_us=0 exposed_compose_us=0 chrome_us=0 read_submit_us=50757 read_complete_us=52369 transfer_wait_us=18198 tile_pixels=0 uniform_pixels=0 overview_pixels=164864 fallback_pixels=0 resident_tiles=0 fallback_tiles=0 pushes=11 tear_wait_us=12282 tear_sync=1 frame_reused=0 pass=1
[23:49:36] TINYDRAW_LIVE_PRESENT kind=chrome zoom=25 x=0 y=0 compose_us=36604 scroll_us=0 exposed_compose_us=0 chrome_us=8281 read_submit_us=49175 read_complete_us=50787 transfer_wait_us=18777 tile_pixels=0 uniform_pixels=0 overview_pixels=164864 fallback_pixels=0 resident_tiles=0 fallback_tiles=0 pushes=11 tear_wait_us=11329 tear_sync=1 frame_reused=0 pass=1
[23:49:39] TINYDRAW_LIVE_PRESENT kind=power zoom=25 x=0 y=0 compose_us=36597 scroll_us=0 exposed_compose_us=0 chrome_us=8168 read_submit_us=40404 read_complete_us=42016 transfer_wait_us=18594 tile_pixels=0 uniform_pixels=0 overview_pixels=164864 fallback_pixels=0 resident_tiles=0 fallback_tiles=0 pushes=11 tear_wait_us=2004 tear_sync=1 frame_reused=0 pass=1
[23:49:39] TINYDRAW_LIVE_STROKE revision=2536 operations=38 samples=1761 append_us=68866 append_max_us=25155 refresh_compose_us=37878 refresh_complete_us=15115 ink_samples=122 read_submit_avg_us=2297 read_submit_max_us=27944 read_complete_avg_us=2358 read_complete_max_us=28021 submit_over_16ms=2 complete_over_33ms=0 presentation_failures=0 poll_max_us=129001 touch_errors=0 touch_overflows=0 touch_moves_coalesced=1141 touch_events=832 touch_down=3 touch_up=3 touch_events_ge_8ms=0 touch_event_age_max_us=1246 chunks=3 free_psram=2515156 largest_psram=2490368 authority_match=1
[23:49:39] TINYDRAW_LIVE_STROKE_DONE committed=1 refresh=1 commit_failed=0
[23:49:39] TINYDRAW_LIFT_BASELINE id=1 finish_preview_us=1269 builder_finish_us=61 append_us=68866 append_max_us=25155 refresh_wall_us=69339 refresh_x0=37 refresh_y0=38 refresh_x1=332 refresh_y1=383 refresh_compose_us=37878 refresh_first_submit_us=37115 refresh_first_complete_us=38706 refresh_transfer_wait_us=15115 stroke_logging_us=0 detected_to_poll_start_us=180607 detected_to_poll_complete_us=180622 poll_read_us=15 unattributed_tail_us=41072 reports_dropped=0 chunks=3 committed=1 refresh=1 commit_failed=0
[23:49:48] TINYDRAW_LIVE_PRESENT kind=chrome zoom=25 x=0 y=0 compose_us=37263 scroll_us=0 exposed_compose_us=0 chrome_us=0 read_submit_us=48735 read_complete_us=50347 transfer_wait_us=18220 tile_pixels=0 uniform_pixels=0 overview_pixels=164864 fallback_pixels=0 resident_tiles=0 fallback_tiles=0 pushes=11 tear_wait_us=10142 tear_sync=1 frame_reused=0 pass=1
[23:49:50] TINYDRAW_LIVE_PRESENT kind=chrome zoom=25 x=0 y=0 compose_us=37145 scroll_us=0 exposed_compose_us=0 chrome_us=0 read_submit_us=47657 read_complete_us=49269 transfer_wait_us=18303 tile_pixels=0 uniform_pixels=0 overview_pixels=164864 fallback_pixels=0 resident_tiles=0 fallback_tiles=0 pushes=11 tear_wait_us=9166 tear_sync=1 frame_reused=0 pass=1
[23:49:51] TINYDRAW_LIVE_PRESENT kind=chrome zoom=25 x=0 y=0 compose_us=37136 scroll_us=0 exposed_compose_us=0 chrome_us=0 read_submit_us=39475 read_complete_us=41082 transfer_wait_us=18483 tile_pixels=0 uniform_pixels=0 overview_pixels=164864 fallback_pixels=0 resident_tiles=0 fallback_tiles=0 pushes=11 tear_wait_us=1023 tear_sync=1 frame_reused=0 pass=1
[23:49:51] TINYDRAW_LIVE_PRESENT kind=chrome zoom=25 x=0 y=0 compose_us=48533 scroll_us=0 exposed_compose_us=0 chrome_us=0 read_submit_us=54842 read_complete_us=56454 transfer_wait_us=18119 tile_pixels=0 uniform_pixels=0 overview_pixels=164864 fallback_pixels=0 resident_tiles=0 fallback_tiles=0 pushes=11 tear_wait_us=4960 tear_sync=1 frame_reused=0 pass=1
[23:49:52] TINYDRAW_LIVE_PRESENT kind=chrome zoom=25 x=0 y=0 compose_us=36577 scroll_us=0 exposed_compose_us=0 chrome_us=8267 read_submit_us=54572 read_complete_us=56179 transfer_wait_us=18367 tile_pixels=0 uniform_pixels=0 overview_pixels=164864 fallback_pixels=0 resident_tiles=0 fallback_tiles=0 pushes=11 tear_wait_us=16739 tear_sync=1 frame_reused=0 pass=1
[23:50:03] TINYDRAW_LIVE_PRESENT kind=chrome zoom=25 x=0 y=0 compose_us=37469 scroll_us=0 exposed_compose_us=0 chrome_us=0 read_submit_us=52518 read_complete_us=54123 transfer_wait_us=18438 tile_pixels=0 uniform_pixels=0 overview_pixels=164864 fallback_pixels=0 resident_tiles=0 fallback_tiles=0 pushes=11 tear_wait_us=13666 tear_sync=1 frame_reused=0 pass=1
[23:50:04] TINYDRAW_LIVE_PRESENT kind=chrome zoom=25 x=0 y=0 compose_us=37144 scroll_us=0 exposed_compose_us=0 chrome_us=0 read_submit_us=41741 read_complete_us=43352 transfer_wait_us=18215 tile_pixels=0 uniform_pixels=0 overview_pixels=164864 fallback_pixels=0 resident_tiles=0 fallback_tiles=0 pushes=11 tear_wait_us=3258 tear_sync=1 frame_reused=0 pass=1
[23:50:05] TINYDRAW_LIVE_PRESENT kind=chrome zoom=25 x=0 y=0 compose_us=37189 scroll_us=0 exposed_compose_us=0 chrome_us=0 read_submit_us=39061 read_complete_us=40673 transfer_wait_us=18896 tile_pixels=0 uniform_pixels=0 overview_pixels=164864 fallback_pixels=0 resident_tiles=0 fallback_tiles=0 pushes=11 tear_wait_us=494 tear_sync=1 frame_reused=0 pass=1
[23:50:06] TINYDRAW_LIVE_PRESENT kind=chrome zoom=25 x=0 y=0 compose_us=36606 scroll_us=0 exposed_compose_us=0 chrome_us=8270 read_submit_us=54459 read_complete_us=56069 transfer_wait_us=18497 tile_pixels=0 uniform_pixels=0 overview_pixels=164864 fallback_pixels=0 resident_tiles=0 fallback_tiles=0 pushes=11 tear_wait_us=16610 tear_sync=1 frame_reused=0 pass=1
[23:50:10] TINYDRAW_LIVE_PRESENT kind=power zoom=25 x=0 y=0 compose_us=36630 scroll_us=0 exposed_compose_us=0 chrome_us=8176 read_submit_us=49223 read_complete_us=50834 transfer_wait_us=18775 tile_pixels=0 uniform_pixels=0 overview_pixels=164864 fallback_pixels=0 resident_tiles=0 fallback_tiles=0 pushes=11 tear_wait_us=10804 tear_sync=1 frame_reused=0 pass=1
[23:50:10] TINYDRAW_LIVE_STROKE revision=2541 operations=4 samples=188 append_us=106484 append_max_us=31747 refresh_compose_us=42360 refresh_complete_us=17148 ink_samples=178 read_submit_avg_us=2349 read_submit_max_us=33805 read_complete_avg_us=2407 read_complete_max_us=33877 submit_over_16ms=3 complete_over_33ms=1 presentation_failures=0 poll_max_us=136002 touch_errors=0 touch_overflows=0 touch_moves_coalesced=1929 touch_events=1490 touch_down=10 touch_up=10 touch_events_ge_8ms=0 touch_event_age_max_us=1250 chunks=4 free_psram=2515156 largest_psram=2490368 authority_match=1
[23:50:10] TINYDRAW_LIVE_STROKE_DONE committed=1 refresh=1 commit_failed=0
[23:50:10] TINYDRAW_LIFT_BASELINE id=2 finish_preview_us=851 builder_finish_us=116 append_us=106484 append_max_us=31747 refresh_wall_us=76710 refresh_x0=15 refresh_y0=32 refresh_x1=347 refresh_y1=375 refresh_compose_us=42360 refresh_first_submit_us=38778 refresh_first_complete_us=40373 refresh_transfer_wait_us=17148 stroke_logging_us=0 detected_to_poll_start_us=198691 detected_to_poll_complete_us=198707 poll_read_us=16 unattributed_tail_us=14530 reports_dropped=0 chunks=4 committed=1 refresh=1 commit_failed=0
[23:50:47] TINYDRAW_LIVE_PRESENT kind=chrome zoom=25 x=0 y=0 compose_us=86738 scroll_us=0 exposed_compose_us=0 chrome_us=0 read_submit_us=104292 read_complete_us=105903 transfer_wait_us=18663 tile_pixels=0 uniform_pixels=0 overview_pixels=164864 fallback_pixels=0 resident_tiles=0 fallback_tiles=0 pushes=11 tear_wait_us=16423 tear_sync=1 frame_reused=0 pass=1
[23:50:48] TINYDRAW_LIVE_PRESENT kind=chrome zoom=25 x=0 y=0 compose_us=36618 scroll_us=0 exposed_compose_us=0 chrome_us=8281 read_submit_us=53898 read_complete_us=55510 transfer_wait_us=18052 tile_pixels=0 uniform_pixels=0 overview_pixels=164864 fallback_pixels=0 resident_tiles=0 fallback_tiles=0 pushes=11 tear_wait_us=16039 tear_sync=1 frame_reused=0 pass=1
[23:50:48] TINYDRAW_LIVE_PRESENT kind=chrome zoom=25 x=0 y=0 compose_us=37249 scroll_us=0 exposed_compose_us=0 chrome_us=0 read_submit_us=45821 read_complete_us=47432 transfer_wait_us=18135 tile_pixels=0 uniform_pixels=0 overview_pixels=164864 fallback_pixels=0 resident_tiles=0 fallback_tiles=0 pushes=11 tear_wait_us=7228 tear_sync=1 frame_reused=0 pass=1
[23:50:49] TINYDRAW_LIVE_PRESENT kind=chrome zoom=25 x=0 y=0 compose_us=37166 scroll_us=0 exposed_compose_us=0 chrome_us=0 read_submit_us=46516 read_complete_us=48124 transfer_wait_us=18440 tile_pixels=0 uniform_pixels=0 overview_pixels=164864 fallback_pixels=0 resident_tiles=0 fallback_tiles=0 pushes=11 tear_wait_us=8008 tear_sync=1 frame_reused=0 pass=1
[23:50:50] TINYDRAW_LIVE_PRESENT kind=chrome zoom=25 x=0 y=0 compose_us=36552 scroll_us=0 exposed_compose_us=0 chrome_us=8259 read_submit_us=41949 read_complete_us=43554 transfer_wait_us=18004 tile_pixels=0 uniform_pixels=0 overview_pixels=164864 fallback_pixels=0 resident_tiles=0 fallback_tiles=0 pushes=11 tear_wait_us=4141 tear_sync=1 frame_reused=0 pass=1
[23:50:53] TINYDRAW_LIVE_STROKE revision=2544 operations=7 samples=329 append_us=43889 append_max_us=15238 refresh_compose_us=31914 refresh_complete_us=14005 ink_samples=139 read_submit_avg_us=1804 read_submit_max_us=17765 read_complete_avg_us=1838 read_complete_max_us=17814 submit_over_16ms=1 complete_over_33ms=0 presentation_failures=0 poll_max_us=144001 touch_errors=0 touch_overflows=0 touch_moves_coalesced=1200 touch_events=952 touch_down=6 touch_up=6 touch_events_ge_8ms=0 touch_event_age_max_us=1248 chunks=3 free_psram=2515156 largest_psram=2490368 authority_match=1
[23:50:53] TINYDRAW_LIVE_STROKE_DONE committed=1 refresh=1 commit_failed=0
[23:50:53] TINYDRAW_LIFT_BASELINE id=3 finish_preview_us=2006 builder_finish_us=61 append_us=43889 append_max_us=15238 refresh_wall_us=60894 refresh_x0=30 refresh_y0=38 refresh_x1=300 refresh_y1=330 refresh_compose_us=31914 refresh_first_submit_us=31692 refresh_first_complete_us=33305 refresh_transfer_wait_us=14005 stroke_logging_us=0 detected_to_poll_start_us=79999 detected_to_poll_complete_us=80011 poll_read_us=12 unattributed_tail_us=-26851 reports_dropped=0 chunks=3 committed=1 refresh=1 commit_failed=0
[23:50:57] TINYDRAW_LIVE_PRESENT kind=chrome zoom=25 x=0 y=0 compose_us=37162 scroll_us=0 exposed_compose_us=0 chrome_us=0 read_submit_us=50723 read_complete_us=52334 transfer_wait_us=18231 tile_pixels=0 uniform_pixels=0 overview_pixels=164864 fallback_pixels=0 resident_tiles=0 fallback_tiles=0 pushes=11 tear_wait_us=12249 tear_sync=1 frame_reused=0 pass=1
[23:50:58] TINYDRAW_LIVE_PRESENT kind=chrome zoom=25 x=0 y=0 compose_us=36553 scroll_us=0 exposed_compose_us=0 chrome_us=8280 read_submit_us=52065 read_complete_us=53677 transfer_wait_us=18892 tile_pixels=0 uniform_pixels=0 overview_pixels=164864 fallback_pixels=0 resident_tiles=0 fallback_tiles=0 pushes=11 tear_wait_us=14267 tear_sync=1 frame_reused=0 pass=1
[23:50:59] TINYDRAW_LIVE_PRESENT kind=chrome zoom=25 x=0 y=0 compose_us=37153 scroll_us=0 exposed_compose_us=0 chrome_us=0 read_submit_us=40607 read_complete_us=42218 transfer_wait_us=18349 tile_pixels=0 uniform_pixels=0 overview_pixels=164864 fallback_pixels=0 resident_tiles=0 fallback_tiles=0 pushes=11 tear_wait_us=2096 tear_sync=1 frame_reused=0 pass=1
[23:51:00] TINYDRAW_LIVE_PRESENT kind=chrome zoom=25 x=0 y=0 compose_us=36485 scroll_us=0 exposed_compose_us=0 chrome_us=8281 read_submit_us=54315 read_complete_us=55927 transfer_wait_us=18638 tile_pixels=0 uniform_pixels=0 overview_pixels=164864 fallback_pixels=0 resident_tiles=0 fallback_tiles=0 pushes=11 tear_wait_us=16601 tear_sync=1 frame_reused=0 pass=1
[23:51:03] TINYDRAW_LIVE_PRESENT kind=chrome zoom=25 x=0 y=0 compose_us=86527 scroll_us=0 exposed_compose_us=0 chrome_us=0 read_submit_us=90504 read_complete_us=92111 transfer_wait_us=18451 tile_pixels=0 uniform_pixels=0 overview_pixels=164864 fallback_pixels=0 resident_tiles=0 fallback_tiles=0 pushes=11 tear_wait_us=2807 tear_sync=1 frame_reused=0 pass=1
[23:51:04] TINYDRAW_LIVE_PRESENT kind=chrome zoom=25 x=0 y=0 compose_us=36486 scroll_us=0 exposed_compose_us=0 chrome_us=8282 read_submit_us=45198 read_complete_us=46810 transfer_wait_us=18751 tile_pixels=0 uniform_pixels=0 overview_pixels=164864 fallback_pixels=0 resident_tiles=0 fallback_tiles=0 pushes=11 tear_wait_us=7493 tear_sync=1 frame_reused=0 pass=1
[23:51:24] TINYDRAW_LIVE_PRESENT kind=power zoom=25 x=0 y=0 compose_us=36407 scroll_us=0 exposed_compose_us=0 chrome_us=8178 read_submit_us=46753 read_complete_us=48364 transfer_wait_us=18245 tile_pixels=0 uniform_pixels=0 overview_pixels=164864 fallback_pixels=0 resident_tiles=0 fallback_tiles=0 pushes=11 tear_wait_us=8536 tear_sync=1 frame_reused=0 pass=1
[23:51:24] TINYDRAW_LIVE_STROKE revision=2572 operations=35 samples=1656 append_us=402102 append_max_us=28783 refresh_compose_us=43745 refresh_complete_us=18488 ink_samples=1092 read_submit_avg_us=1839 read_submit_max_us=30118 read_complete_avg_us=1870 read_complete_max_us=30108 submit_over_16ms=15 complete_over_33ms=0 presentation_failures=0 poll_max_us=130001 touch_errors=0 touch_overflows=0 touch_moves_coalesced=9547 touch_events=8138 touch_down=7 touch_up=7 touch_events_ge_8ms=0 touch_event_age_max_us=1250 chunks=28 free_psram=2515156 largest_psram=2490368 authority_match=1
[23:51:24] TINYDRAW_LIVE_STROKE_DONE committed=1 refresh=1 commit_failed=0
[23:51:24] TINYDRAW_LIFT_BASELINE id=4 finish_preview_us=612 builder_finish_us=102 append_us=402102 append_max_us=28783 refresh_wall_us=79725 refresh_x0=20 refresh_y0=17 refresh_x1=354 refresh_y1=372 refresh_compose_us=43745 refresh_first_submit_us=21739 refresh_first_complete_us=23336 refresh_transfer_wait_us=18488 stroke_logging_us=0 detected_to_poll_start_us=181611 detected_to_poll_complete_us=181626 poll_read_us=15 unattributed_tail_us=-300930 reports_dropped=0 chunks=28 committed=1 refresh=1 commit_failed=0
[23:51:49] TINYDRAW_LIVE_PRESENT kind=zoom zoom=50 x=0 y=0 compose_us=28194 scroll_us=0 exposed_compose_us=0 chrome_us=8002 read_submit_us=29956 read_complete_us=31569 transfer_wait_us=18043 tile_pixels=0 uniform_pixels=0 overview_pixels=0 fallback_pixels=164864 resident_tiles=0 fallback_tiles=42 pushes=11 tear_wait_us=491 tear_sync=1 frame_reused=0 pass=1
[23:51:49] TINYDRAW_FILL_BASELINE result=complete zoom=50 x=0 y=0 revision=2572 steps=109 wall_us=361888 compute_total_us=280557 compute_max_us=10393 present_total_us=69285 present_max_us=8776 tick_max_us=11547 producer_failures=0 presentation_failures=0
[23:51:49] TINYDRAW_LIVE_FILL_DONE zoom=50 x=0 y=0 revision=2572
[23:51:50] TINYDRAW_LIVE_PRESENT kind=zoom zoom=100 x=48 y=48 compose_us=25544 scroll_us=0 exposed_compose_us=0 chrome_us=7859 read_submit_us=39438 read_complete_us=41050 transfer_wait_us=18562 tile_pixels=0 uniform_pixels=0 overview_pixels=0 fallback_pixels=164864 resident_tiles=0 fallback_tiles=56 pushes=11 tear_wait_us=12638 tear_sync=1 frame_reused=0 pass=1
[23:51:50] TINYDRAW_FILL_BASELINE result=complete zoom=100 x=48 y=48 revision=2572 steps=96 wall_us=350050 compute_total_us=264716 compute_max_us=8975 present_total_us=72980 present_max_us=7485 tick_max_us=10290 producer_failures=0 presentation_failures=0
[23:51:50] TINYDRAW_LIVE_FILL_DONE zoom=100 x=48 y=48 revision=2572
[23:51:54] TINYDRAW_LIVE_PRESENT kind=power zoom=100 x=48 y=48 compose_us=28161 scroll_us=0 exposed_compose_us=0 chrome_us=7859 read_submit_us=32415 read_complete_us=34027 transfer_wait_us=18585 tile_pixels=119296 uniform_pixels=45568 overview_pixels=0 fallback_pixels=0 resident_tiles=56 fallback_tiles=0 pushes=11 tear_wait_us=2485 tear_sync=1 frame_reused=0 pass=1
[23:52:09] TINYDRAW_LIVE_PRESENT kind=chrome zoom=100 x=48 y=48 compose_us=28290 scroll_us=0 exposed_compose_us=0 chrome_us=7968 read_submit_us=37135 read_complete_us=38747 transfer_wait_us=18822 tile_pixels=119296 uniform_pixels=45568 overview_pixels=0 fallback_pixels=0 resident_tiles=56 fallback_tiles=0 pushes=11 tear_wait_us=7631 tear_sync=1 frame_reused=0 pass=1
[23:52:10] TINYDRAW_LIVE_PRESENT kind=chrome zoom=100 x=48 y=48 compose_us=28268 scroll_us=0 exposed_compose_us=0 chrome_us=7953 read_submit_us=43420 read_complete_us=45032 transfer_wait_us=18539 tile_pixels=119296 uniform_pixels=45568 overview_pixels=0 fallback_pixels=0 resident_tiles=56 fallback_tiles=0 pushes=11 tear_wait_us=13934 tear_sync=1 frame_reused=0 pass=1
[23:52:11] TINYDRAW_LIVE_PRESENT kind=chrome zoom=100 x=48 y=48 compose_us=29356 scroll_us=0 exposed_compose_us=0 chrome_us=0 read_submit_us=32239 read_complete_us=33851 transfer_wait_us=18718 tile_pixels=119296 uniform_pixels=45568 overview_pixels=0 fallback_pixels=0 resident_tiles=56 fallback_tiles=0 pushes=11 tear_wait_us=1559 tear_sync=1 frame_reused=0 pass=1
[23:52:12] TINYDRAW_LIVE_PRESENT kind=chrome zoom=100 x=48 y=48 compose_us=28064 scroll_us=0 exposed_compose_us=0 chrome_us=7931 read_submit_us=36639 read_complete_us=38247 transfer_wait_us=18318 tile_pixels=119296 uniform_pixels=45568 overview_pixels=0 fallback_pixels=0 resident_tiles=56 fallback_tiles=0 pushes=11 tear_wait_us=7389 tear_sync=1 frame_reused=0 pass=1
[23:52:28] TINYDRAW_PAN_BASELINE zoom=100 x=209 y=75 frames=4 reused=2 compose_avg_us=24134 compose_max_us=28980 present_avg_us=20977 present_max_us=23471 tear_wait_avg_us=5220 tear_wait_max_us=11514 failures=0
[23:52:29] TINYDRAW_PAN_BASELINE zoom=100 x=367 y=97 frames=3 reused=0 compose_avg_us=29577 compose_max_us=30577 present_avg_us=18485 present_max_us=18806 tear_wait_avg_us=10314 tear_wait_max_us=14646 failures=0
[23:52:29] TINYDRAW_FILL_BASELINE result=superseded zoom=100 x=209 y=75 revision=2572 steps=54 wall_us=371094 compute_total_us=122402 compute_max_us=8163 present_total_us=21756 present_max_us=6227 tick_max_us=9686 producer_failures=0 presentation_failures=0
[23:52:29] TINYDRAW_PAN_BASELINE zoom=100 x=529 y=107 frames=3 reused=0 compose_avg_us=28910 compose_max_us=29302 present_avg_us=18478 present_max_us=18733 tear_wait_avg_us=10329 tear_wait_max_us=11709 failures=0
[23:52:29] TINYDRAW_FILL_BASELINE result=superseded zoom=100 x=367 y=97 revision=2572 steps=42 wall_us=381559 compute_total_us=102276 compute_max_us=9106 present_total_us=27098 present_max_us=7994 tick_max_us=9448 producer_failures=0 presentation_failures=0
[23:52:29] TINYDRAW_PAN_BASELINE zoom=100 x=669 y=363 frames=4 reused=0 compose_avg_us=28409 compose_max_us=30161 present_avg_us=18410 present_max_us=18835 tear_wait_avg_us=9906 tear_wait_max_us=11266 failures=0
[23:52:29] TINYDRAW_FILL_BASELINE result=superseded zoom=100 x=529 y=107 revision=2572 steps=24 wall_us=382316 compute_total_us=63569 compute_max_us=8763 present_total_us=18499 present_max_us=11349 tick_max_us=9008 producer_failures=0 presentation_failures=0
[23:52:30] TINYDRAW_PAN_BASELINE zoom=100 x=720 y=612 frames=3 reused=0 compose_avg_us=27568 compose_max_us=28984 present_avg_us=18516 present_max_us=18864 tear_wait_avg_us=8644 tear_wait_max_us=11895 failures=0
[23:52:30] TINYDRAW_FILL_BASELINE result=superseded zoom=100 x=669 y=363 revision=2572 steps=17 wall_us=297289 compute_total_us=47556 compute_max_us=8236 present_total_us=9411 present_max_us=9411 tick_max_us=10122 producer_failures=0 presentation_failures=0
[23:52:30] TINYDRAW_PAN_BASELINE zoom=100 x=870 y=828 frames=3 reused=0 compose_avg_us=27569 compose_max_us=27969 present_avg_us=18336 present_max_us=18769 tear_wait_avg_us=8826 tear_wait_max_us=11719 failures=0
[23:52:30] TINYDRAW_FILL_BASELINE result=superseded zoom=100 x=720 y=612 revision=2572 steps=30 wall_us=331461 compute_total_us=83355 compute_max_us=9233 present_total_us=22200 present_max_us=8354 tick_max_us=10446 producer_failures=0 presentation_failures=0
[23:52:30] TINYDRAW_PAN_BASELINE zoom=100 x=1030 y=943 frames=3 reused=0 compose_avg_us=27887 compose_max_us=28416 present_avg_us=18431 present_max_us=18869 tear_wait_avg_us=12402 tear_wait_max_us=14980 failures=0
[23:52:30] TINYDRAW_FILL_BASELINE result=superseded zoom=100 x=870 y=828 revision=2572 steps=19 wall_us=331555 compute_total_us=60088 compute_max_us=8887 present_total_us=17866 present_max_us=9214 tick_max_us=8900 producer_failures=0 presentation_failures=0
[23:52:31] TINYDRAW_PAN_BASELINE zoom=100 x=1104 y=852 frames=3 reused=0 compose_avg_us=28562 compose_max_us=28702 present_avg_us=18609 present_max_us=18940 tear_wait_avg_us=7889 tear_wait_max_us=10286 failures=0
[23:52:31] TINYDRAW_FILL_BASELINE result=superseded zoom=100 x=1030 y=943 revision=2572 steps=28 wall_us=398347 compute_total_us=113110 compute_max_us=9219 present_total_us=41894 present_max_us=9042 tick_max_us=9877 producer_failures=0 presentation_failures=0
[23:52:31] TINYDRAW_PAN_BASELINE zoom=100 x=1104 y=556 frames=3 reused=0 compose_avg_us=28067 compose_max_us=28421 present_avg_us=18488 present_max_us=18813 tear_wait_avg_us=11832 tear_wait_max_us=13237 failures=0
[23:52:31] TINYDRAW_FILL_BASELINE result=superseded zoom=100 x=1104 y=852 revision=2572 steps=17 wall_us=314377 compute_total_us=61728 compute_max_us=8718 present_total_us=31605 present_max_us=9209 tick_max_us=10964 producer_failures=0 presentation_failures=0
[23:52:31] TINYDRAW_PAN_BASELINE zoom=100 x=804 y=470 frames=4 reused=0 compose_avg_us=28698 compose_max_us=28978 present_avg_us=18502 present_max_us=18906 tear_wait_avg_us=11265 tear_wait_max_us=16494 failures=0
[23:52:32] TINYDRAW_FILL_BASELINE result=superseded zoom=100 x=1104 y=556 revision=2572 steps=21 wall_us=415204 compute_total_us=78975 compute_max_us=12125 present_total_us=25242 present_max_us=8183 tick_max_us=13401 producer_failures=0 presentation_failures=0
[23:52:32] TINYDRAW_PAN_BASELINE zoom=100 x=496 y=376 frames=4 reused=0 compose_avg_us=28875 compose_max_us=29812 present_avg_us=18483 present_max_us=18853 tear_wait_avg_us=9106 tear_wait_max_us=10444 failures=0
[23:52:32] TINYDRAW_FILL_BASELINE result=superseded zoom=100 x=804 y=470 revision=2572 steps=20 wall_us=364102 compute_total_us=59573 compute_max_us=9482 present_total_us=16561 present_max_us=8580 tick_max_us=10494 producer_failures=0 presentation_failures=0
[23:52:32] TINYDRAW_PAN_BASELINE zoom=100 x=219 y=377 frames=3 reused=0 compose_avg_us=28532 compose_max_us=29474 present_avg_us=18340 present_max_us=18764 tear_wait_avg_us=8190 tear_wait_max_us=10925 failures=0
[23:52:32] TINYDRAW_FILL_BASELINE result=superseded zoom=100 x=496 y=376 revision=2572 steps=27 wall_us=298374 compute_total_us=63947 compute_max_us=9114 present_total_us=16016 present_max_us=8449 tick_max_us=9127 producer_failures=0 presentation_failures=0
[23:52:33] TINYDRAW_PAN_BASELINE zoom=100 x=0 y=368 frames=3 reused=0 compose_avg_us=28996 compose_max_us=29756 present_avg_us=18488 present_max_us=18693 tear_wait_avg_us=9915 tear_wait_max_us=10292 failures=1
[23:52:33] TINYDRAW_FILL_BASELINE result=superseded zoom=100 x=219 y=377 revision=2572 steps=41 wall_us=366303 compute_total_us=104196 compute_max_us=9036 present_total_us=27633 present_max_us=9856 tick_max_us=9498 producer_failures=0 presentation_failures=0
[23:52:33] TINYDRAW_PAN_BASELINE zoom=100 x=0 y=439 frames=3 reused=0 compose_avg_us=29831 compose_max_us=30107 present_avg_us=18334 present_max_us=18798 tear_wait_avg_us=7574 tear_wait_max_us=9327 failures=1
[23:52:33] TINYDRAW_FILL_BASELINE result=superseded zoom=100 x=0 y=368 revision=2572 steps=24 wall_us=363309 compute_total_us=92726 compute_max_us=8597 present_total_us=27549 present_max_us=7608 tick_max_us=10474 producer_failures=0 presentation_failures=0
[23:52:33] TINYDRAW_FILL_BASELINE result=complete zoom=100 x=0 y=439 revision=2572 steps=18 wall_us=68037 compute_total_us=56752 compute_max_us=8086 present_total_us=7430 present_max_us=4141 tick_max_us=8099 producer_failures=0 presentation_failures=0
[23:52:33] TINYDRAW_LIVE_FILL_DONE zoom=100 x=0 y=439 revision=2572
[23:52:33] TINYDRAW_PAN_BASELINE zoom=100 x=83 y=728 frames=3 reused=0 compose_avg_us=29311 compose_max_us=30237 present_avg_us=18577 present_max_us=18906 tear_wait_avg_us=10827 tear_wait_max_us=13351 failures=0
[23:52:34] TINYDRAW_PAN_BASELINE zoom=100 x=283 y=932 frames=3 reused=0 compose_avg_us=28960 compose_max_us=30058 present_avg_us=18562 present_max_us=18882 tear_wait_avg_us=10199 tear_wait_max_us=10571 failures=0
[23:52:34] TINYDRAW_FILL_BASELINE result=superseded zoom=100 x=83 y=728 revision=2572 steps=23 wall_us=336100 compute_total_us=83095 compute_max_us=9228 present_total_us=18432 present_max_us=9229 tick_max_us=9240 producer_failures=0 presentation_failures=0
[23:52:34] TINYDRAW_PAN_BASELINE zoom=100 x=382 y=1192 frames=4 reused=0 compose_avg_us=28117 compose_max_us=29401 present_avg_us=18504 present_max_us=18875 tear_wait_avg_us=11831 tear_wait_max_us=15451 failures=0
[23:52:34] TINYDRAW_FILL_BASELINE result=superseded zoom=100 x=283 y=932 revision=2572 steps=19 wall_us=364650 compute_total_us=57087 compute_max_us=8932 present_total_us=18332 present_max_us=9388 tick_max_us=11187 producer_failures=0 presentation_failures=0
[23:52:34] TINYDRAW_PAN_BASELINE zoom=100 x=216 y=1344 frames=4 reused=0 compose_avg_us=26127 compose_max_us=26947 present_avg_us=18627 present_max_us=18954 tear_wait_avg_us=10476 tear_wait_max_us=12739 failures=0
[23:52:34] TINYDRAW_FILL_BASELINE result=superseded zoom=100 x=382 y=1192 revision=2572 steps=10 wall_us=330377 compute_total_us=34120 compute_max_us=7630 present_total_us=14845 present_max_us=7262 tick_max_us=8413 producer_failures=0 presentation_failures=0
[23:52:35] TINYDRAW_PAN_BASELINE zoom=100 x=0 y=1292 frames=4 reused=0 compose_avg_us=26356 compose_max_us=26495 present_avg_us=18335 present_max_us=18654 tear_wait_avg_us=10286 tear_wait_max_us=12799 failures=0
[23:52:35] TINYDRAW_FILL_BASELINE result=superseded zoom=100 x=216 y=1344 revision=2572 steps=20 wall_us=382199 compute_total_us=69931 compute_max_us=9050 present_total_us=33602 present_max_us=8566 tick_max_us=11346 producer_failures=0 presentation_failures=0
[23:52:35] TINYDRAW_PAN_BASELINE zoom=100 x=0 y=1118 frames=4 reused=0 compose_avg_us=26689 compose_max_us=27110 present_avg_us=18557 present_max_us=18921 tear_wait_avg_us=11464 tear_wait_max_us=12308 failures=0
[23:52:35] TINYDRAW_FILL_BASELINE result=superseded zoom=100 x=0 y=1292 revision=2572 steps=14 wall_us=365282 compute_total_us=51324 compute_max_us=9842 present_total_us=24862 present_max_us=7780 tick_max_us=9858 producer_failures=0 presentation_failures=0
[23:52:35] TINYDRAW_PAN_BASELINE zoom=100 x=33 y=902 frames=3 reused=0 compose_avg_us=29006 compose_max_us=29694 present_avg_us=18544 present_max_us=18774 tear_wait_avg_us=7838 tear_wait_max_us=9242 failures=0
[23:52:35] TINYDRAW_FILL_BASELINE result=superseded zoom=100 x=0 y=1118 revision=2572 steps=17 wall_us=315376 compute_total_us=66996 compute_max_us=11657 present_total_us=15434 present_max_us=7813 tick_max_us=11672 producer_failures=0 presentation_failures=0
[23:52:36] TINYDRAW_PAN_BASELINE zoom=100 x=63 y=706 frames=3 reused=0 compose_avg_us=32673 compose_max_us=33337 present_avg_us=18493 present_max_us=18954 tear_wait_avg_us=3545 tear_wait_max_us=5078 failures=0
[23:52:36] TINYDRAW_FILL_BASELINE result=superseded zoom=100 x=33 y=902 revision=2572 steps=30 wall_us=382367 compute_total_us=127747 compute_max_us=9052 present_total_us=35588 present_max_us=9342 tick_max_us=10715 producer_failures=0 presentation_failures=0
[23:52:36] TINYDRAW_FILL_BASELINE result=complete zoom=100 x=63 y=706 revision=2572 steps=19 wall_us=62788 compute_total_us=50035 compute_max_us=6509 present_total_us=8921 present_max_us=4581 tick_max_us=8913 producer_failures=0 presentation_failures=0
[23:52:36] TINYDRAW_LIVE_FILL_DONE zoom=100 x=63 y=706 revision=2572
[23:52:36] TINYDRAW_PAN_BASELINE zoom=100 x=60 y=408 frames=3 reused=1 compose_avg_us=31775 compose_max_us=33544 present_avg_us=20227 present_max_us=23579 tear_wait_avg_us=7999 tear_wait_max_us=11027 failures=0
[23:52:36] TINYDRAW_FILL_BASELINE result=complete zoom=100 x=60 y=408 revision=2572 steps=1 wall_us=2011 compute_total_us=1967 compute_max_us=1967 present_total_us=0 present_max_us=0 tick_max_us=1987 producer_failures=0 presentation_failures=0
[23:52:36] TINYDRAW_LIVE_FILL_DONE zoom=100 x=60 y=408 revision=2572
[23:52:37] TINYDRAW_PAN_BASELINE zoom=100 x=219 y=394 frames=4 reused=2 compose_avg_us=24718 compose_max_us=31539 present_avg_us=21116 present_max_us=23643 tear_wait_avg_us=5693 tear_wait_max_us=10935 failures=0
[23:52:37] TINYDRAW_FILL_BASELINE result=complete zoom=100 x=219 y=394 revision=2572 steps=33 wall_us=90172 compute_total_us=80090 compute_max_us=8299 present_total_us=5723 present_max_us=5682 tick_max_us=10784 producer_failures=0 presentation_failures=0
[23:52:37] TINYDRAW_LIVE_FILL_DONE zoom=100 x=219 y=394 revision=2572
[23:52:37] TINYDRAW_PAN_BASELINE zoom=100 x=375 y=390 frames=3 reused=0 compose_avg_us=31125 compose_max_us=31858 present_avg_us=18400 present_max_us=18853 tear_wait_avg_us=5193 tear_wait_max_us=8143 failures=0
[23:52:37] TINYDRAW_FILL_BASELINE result=complete zoom=100 x=375 y=390 revision=2572 steps=25 wall_us=67298 compute_total_us=57871 compute_max_us=8778 present_total_us=6150 present_max_us=6130 tick_max_us=10238 producer_failures=0 presentation_failures=0
[23:52:37] TINYDRAW_LIVE_FILL_DONE zoom=100 x=375 y=390 revision=2572
[23:52:37] TINYDRAW_PAN_BASELINE zoom=100 x=551 y=377 frames=3 reused=0 compose_avg_us=31692 compose_max_us=32448 present_avg_us=18467 present_max_us=18894 tear_wait_avg_us=8550 tear_wait_max_us=12993 failures=0
[23:52:37] TINYDRAW_FILL_BASELINE result=complete zoom=100 x=551 y=377 revision=2572 steps=24 wall_us=78172 compute_total_us=63626 compute_max_us=9336 present_total_us=11488 present_max_us=7561 tick_max_us=9350 producer_failures=0 presentation_failures=0
[23:52:37] TINYDRAW_LIVE_FILL_DONE zoom=100 x=551 y=377 revision=2572
[23:52:38] TINYDRAW_PAN_BASELINE zoom=100 x=728 y=359 frames=3 reused=0 compose_avg_us=31933 compose_max_us=32721 present_avg_us=18238 present_max_us=18469 tear_wait_avg_us=8217 tear_wait_max_us=13535 failures=0
[23:52:38] TINYDRAW_PAN_BASELINE zoom=100 x=713 y=636 frames=6 reused=0 compose_avg_us=31113 compose_max_us=32285 present_avg_us=18343 present_max_us=18746 tear_wait_avg_us=6931 tear_wait_max_us=8028 failures=0
[23:52:38] TINYDRAW_FILL_BASELINE result=superseded zoom=100 x=728 y=359 revision=2572 steps=24 wall_us=538923 compute_total_us=80869 compute_max_us=10220 present_total_us=19769 present_max_us=7627 tick_max_us=11697 producer_failures=0 presentation_failures=0
[23:52:39] TINYDRAW_PAN_BASELINE zoom=100 x=889 y=439 frames=3 reused=0 compose_avg_us=31958 compose_max_us=33349 present_avg_us=18472 present_max_us=18815 tear_wait_avg_us=3626 tear_wait_max_us=5948 failures=0
[23:52:39] TINYDRAW_FILL_BASELINE result=superseded zoom=100 x=713 y=636 revision=2572 steps=15 wall_us=263283 compute_total_us=40320 compute_max_us=9313 present_total_us=8124 present_max_us=8124 tick_max_us=9327 producer_failures=0 presentation_failures=0
[23:52:39] TINYDRAW_FILL_BASELINE result=complete zoom=100 x=889 y=439 revision=2572 steps=28 wall_us=136874 compute_total_us=104745 compute_max_us=9806 present_total_us=27089 present_max_us=9816 tick_max_us=10495 producer_failures=0 presentation_failures=0
[23:52:39] TINYDRAW_LIVE_FILL_DONE zoom=100 x=889 y=439 revision=2572
[23:52:39] TINYDRAW_PAN_BASELINE zoom=100 x=1088 y=437 frames=3 reused=0 compose_avg_us=32520 compose_max_us=34236 present_avg_us=18682 present_max_us=18886 tear_wait_avg_us=7508 tear_wait_max_us=12602 failures=0
[23:52:39] TINYDRAW_FILL_BASELINE result=complete zoom=100 x=1088 y=437 revision=2572 steps=10 wall_us=89096 compute_total_us=60654 compute_max_us=10039 present_total_us=24679 present_max_us=8353 tick_max_us=10053 producer_failures=0 presentation_failures=0
[23:52:39] TINYDRAW_LIVE_FILL_DONE zoom=100 x=1088 y=437 revision=2572
[23:52:39] TINYDRAW_PAN_BASELINE zoom=100 x=1104 y=331 frames=3 reused=0 compose_avg_us=31493 compose_max_us=31533 present_avg_us=18517 present_max_us=18633 tear_wait_avg_us=7299 tear_wait_max_us=12619 failures=0
[23:52:39] TINYDRAW_FILL_BASELINE result=complete zoom=100 x=1104 y=331 revision=2572 steps=16 wall_us=60068 compute_total_us=44629 compute_max_us=6088 present_total_us=11902 present_max_us=3761 tick_max_us=6518 producer_failures=0 presentation_failures=0
[23:52:39] TINYDRAW_LIVE_FILL_DONE zoom=100 x=1104 y=331 revision=2572
[23:52:40] TINYDRAW_PAN_BASELINE zoom=100 x=811 y=393 frames=3 reused=1 compose_avg_us=30117 compose_max_us=33151 present_avg_us=20117 present_max_us=23787 tear_wait_avg_us=4430 tear_wait_max_us=7165 failures=0
[23:52:40] TINYDRAW_FILL_BASELINE result=complete zoom=100 x=811 y=393 revision=2572 steps=1 wall_us=2129 compute_total_us=2093 compute_max_us=2093 present_total_us=0 present_max_us=0 tick_max_us=2106 producer_failures=0 presentation_failures=0
[23:52:40] TINYDRAW_LIVE_FILL_DONE zoom=100 x=811 y=393 revision=2572
[23:52:40] TINYDRAW_PAN_BASELINE zoom=100 x=582 y=259 frames=3 reused=1 compose_avg_us=27269 compose_max_us=32678 present_avg_us=20579 present_max_us=23964 tear_wait_avg_us=5289 tear_wait_max_us=6374 failures=0
[23:52:40] TINYDRAW_FILL_BASELINE result=complete zoom=100 x=582 y=259 revision=2572 steps=7 wall_us=22338 compute_total_us=17300 compute_max_us=5821 present_total_us=2905 present_max_us=2905 tick_max_us=5839 producer_failures=0 presentation_failures=0
[23:52:40] TINYDRAW_LIVE_FILL_DONE zoom=100 x=582 y=259 revision=2572
[23:52:40] TINYDRAW_PAN_BASELINE zoom=100 x=329 y=157 frames=3 reused=0 compose_avg_us=30456 compose_max_us=31261 present_avg_us=18500 present_max_us=18602 tear_wait_avg_us=3858 tear_wait_max_us=7933 failures=0
[23:52:40] TINYDRAW_FILL_BASELINE result=complete zoom=100 x=329 y=157 revision=2572 steps=1 wall_us=997 compute_total_us=960 compute_max_us=960 present_total_us=0 present_max_us=0 tick_max_us=973 producer_failures=0 presentation_failures=0
[23:52:40] TINYDRAW_LIVE_FILL_DONE zoom=100 x=329 y=157 revision=2572
[23:52:41] TINYDRAW_PAN_BASELINE zoom=100 x=74 y=1 frames=4 reused=2 compose_avg_us=23842 compose_max_us=28960 present_avg_us=20896 present_max_us=23387 tear_wait_avg_us=5483 tear_wait_max_us=11200 failures=0
[23:52:41] TINYDRAW_FILL_BASELINE result=complete zoom=100 x=74 y=1 revision=2572 steps=1 wall_us=1399 compute_total_us=1362 compute_max_us=1362 present_total_us=0 present_max_us=0 tick_max_us=1375 producer_failures=0 presentation_failures=0
[23:52:41] TINYDRAW_LIVE_FILL_DONE zoom=100 x=74 y=1 revision=2572
[23:52:41] TINYDRAW_PAN_BASELINE zoom=100 x=0 y=32 frames=5 reused=5 compose_avg_us=18297 compose_max_us=19295 present_avg_us=23306 present_max_us=23400 tear_wait_avg_us=5728 tear_wait_max_us=7391 failures=0
[23:52:41] TINYDRAW_FILL_BASELINE result=complete zoom=100 x=0 y=32 revision=2572 steps=1 wall_us=1823 compute_total_us=1785 compute_max_us=1785 present_total_us=0 present_max_us=0 tick_max_us=1799 producer_failures=0 presentation_failures=0
[23:52:41] TINYDRAW_LIVE_FILL_DONE zoom=100 x=0 y=32 revision=2572
[23:52:42] TINYDRAW_PAN_BASELINE zoom=100 x=75 y=254 frames=4 reused=3 compose_avg_us=24649 compose_max_us=31076 present_avg_us=22257 present_max_us=23508 tear_wait_avg_us=5099 tear_wait_max_us=10825 failures=0
[23:52:42] TINYDRAW_FILL_BASELINE result=complete zoom=100 x=75 y=254 revision=2572 steps=1 wall_us=1409 compute_total_us=1372 compute_max_us=1372 present_total_us=0 present_max_us=0 tick_max_us=1384 producer_failures=0 presentation_failures=0
[23:52:42] TINYDRAW_LIVE_FILL_DONE zoom=100 x=75 y=254 revision=2572
[23:52:42] TINYDRAW_PAN_BASELINE zoom=100 x=221 y=389 frames=5 reused=5 compose_avg_us=22493 compose_max_us=27779 present_avg_us=23849 present_max_us=23967 tear_wait_avg_us=431 tear_wait_max_us=2138 failures=0
[23:52:42] TINYDRAW_FILL_BASELINE result=complete zoom=100 x=221 y=389 revision=2572 steps=1 wall_us=1851 compute_total_us=1815 compute_max_us=1815 present_total_us=0 present_max_us=0 tick_max_us=1828 producer_failures=0 presentation_failures=0
[23:52:42] TINYDRAW_LIVE_FILL_DONE zoom=100 x=221 y=389 revision=2572
[23:52:42] TINYDRAW_PAN_BASELINE zoom=100 x=322 y=532 frames=4 reused=3 compose_avg_us=24656 compose_max_us=31171 present_avg_us=22538 present_max_us=23949 tear_wait_avg_us=2288 tear_wait_max_us=3058 failures=0
[23:52:43] TINYDRAW_FILL_BASELINE result=complete zoom=100 x=322 y=532 revision=2572 steps=31 wall_us=85366 compute_total_us=75764 compute_max_us=8291 present_total_us=4981 present_max_us=2409 tick_max_us=8678 producer_failures=0 presentation_failures=0
[23:52:43] TINYDRAW_LIVE_FILL_DONE zoom=100 x=322 y=532 revision=2572
[23:52:43] TINYDRAW_PAN_BASELINE zoom=100 x=200 y=724 frames=4 reused=1 compose_avg_us=30861 compose_max_us=33504 present_avg_us=19840 present_max_us=24230 tear_wait_avg_us=5725 tear_wait_max_us=9295 failures=0
[23:52:43] TINYDRAW_FILL_BASELINE result=complete zoom=100 x=200 y=724 revision=2572 steps=18 wall_us=49303 compute_total_us=44116 compute_max_us=6511 present_total_us=2505 present_max_us=2485 tick_max_us=7042 producer_failures=0 presentation_failures=0
[23:52:43] TINYDRAW_LIVE_FILL_DONE zoom=100 x=200 y=724 revision=2572
[23:52:43] TINYDRAW_PAN_BASELINE zoom=100 x=64 y=856 frames=4 reused=3 compose_avg_us=27386 compose_max_us=32193 present_avg_us=22517 present_max_us=24192 tear_wait_avg_us=4962 tear_wait_max_us=11303 failures=0
[23:52:43] TINYDRAW_FILL_BASELINE result=complete zoom=100 x=64 y=856 revision=2572 steps=8 wall_us=20305 compute_total_us=18372 compute_max_us=4925 present_total_us=21 present_max_us=21 tick_max_us=4952 producer_failures=0 presentation_failures=0
[23:52:43] TINYDRAW_LIVE_FILL_DONE zoom=100 x=64 y=856 revision=2572
[23:52:44] TINYDRAW_PAN_BASELINE zoom=100 x=64 y=1122 frames=4 reused=2 compose_avg_us=28858 compose_max_us=32177 present_avg_us=21092 present_max_us=23963 tear_wait_avg_us=4383 tear_wait_max_us=11904 failures=0
[23:52:44] TINYDRAW_FILL_BASELINE result=complete zoom=100 x=64 y=1122 revision=2572 steps=1 wall_us=2382 compute_total_us=2344 compute_max_us=2344 present_total_us=0 present_max_us=0 tick_max_us=2358 producer_failures=0 presentation_failures=0
[23:52:44] TINYDRAW_LIVE_FILL_DONE zoom=100 x=64 y=1122 revision=2572
[23:52:44] TINYDRAW_PAN_BASELINE zoom=100 x=236 y=1121 frames=3 reused=1 compose_avg_us=27261 compose_max_us=32341 present_avg_us=20240 present_max_us=23823 tear_wait_avg_us=7281 tear_wait_max_us=9229 failures=0
[23:52:45] TINYDRAW_FILL_BASELINE result=complete zoom=100 x=236 y=1121 revision=2572 steps=33 wall_us=118247 compute_total_us=92011 compute_max_us=8647 present_total_us=20941 present_max_us=8395 tick_max_us=10527 producer_failures=0 presentation_failures=0
[23:52:45] TINYDRAW_LIVE_FILL_DONE zoom=100 x=236 y=1121 revision=2572
[23:52:45] TINYDRAW_PAN_BASELINE zoom=100 x=388 y=941 frames=3 reused=0 compose_avg_us=32603 compose_max_us=33703 present_avg_us=18782 present_max_us=18911 tear_wait_avg_us=5380 tear_wait_max_us=6121 failures=0
[23:52:45] TINYDRAW_FILL_BASELINE result=complete zoom=100 x=388 y=941 revision=2572 steps=52 wall_us=172339 compute_total_us=137100 compute_max_us=10707 present_total_us=28641 present_max_us=10156 tick_max_us=11344 producer_failures=0 presentation_failures=0
[23:52:45] TINYDRAW_LIVE_FILL_DONE zoom=100 x=388 y=941 revision=2572
[23:52:45] TINYDRAW_PAN_BASELINE zoom=100 x=530 y=714 frames=3 reused=0 compose_avg_us=32644 compose_max_us=32974 present_avg_us=18466 present_max_us=18698 tear_wait_avg_us=5939 tear_wait_max_us=8577 failures=0
[23:52:45] TINYDRAW_FILL_BASELINE result=complete zoom=100 x=530 y=714 revision=2572 steps=37 wall_us=111330 compute_total_us=100884 compute_max_us=10431 present_total_us=6122 present_max_us=5444 tick_max_us=10448 producer_failures=0 presentation_failures=0
[23:52:45] TINYDRAW_LIVE_FILL_DONE zoom=100 x=530 y=714 revision=2572
[23:52:46] TINYDRAW_PAN_BASELINE zoom=100 x=660 y=499 frames=3 reused=1 compose_avg_us=31424 compose_max_us=32712 present_avg_us=20133 present_max_us=23459 tear_wait_avg_us=8452 tear_wait_max_us=11951 failures=0
[23:52:46] TINYDRAW_FILL_BASELINE result=complete zoom=100 x=660 y=499 revision=2572 steps=1 wall_us=2062 compute_total_us=2026 compute_max_us=2026 present_total_us=0 present_max_us=0 tick_max_us=2040 producer_failures=0 presentation_failures=0
[23:52:46] TINYDRAW_LIVE_FILL_DONE zoom=100 x=660 y=499 revision=2572
[23:52:46] TINYDRAW_PAN_BASELINE zoom=100 x=826 y=311 frames=4 reused=2 compose_avg_us=26712 compose_max_us=33075 present_avg_us=20978 present_max_us=23678 tear_wait_avg_us=2425 tear_wait_max_us=4858 failures=0
[23:52:46] TINYDRAW_FILL_BASELINE result=complete zoom=100 x=826 y=311 revision=2572 steps=19 wall_us=70370 compute_total_us=56056 compute_max_us=8098 present_total_us=10522 present_max_us=6970 tick_max_us=10143 producer_failures=0 presentation_failures=0
[23:52:46] TINYDRAW_LIVE_FILL_DONE zoom=100 x=826 y=311 revision=2572
[23:52:46] TINYDRAW_PAN_BASELINE zoom=100 x=996 y=104 frames=3 reused=0 compose_avg_us=32586 compose_max_us=33663 present_avg_us=18328 present_max_us=18606 tear_wait_avg_us=6139 tear_wait_max_us=8466 failures=0
[23:52:47] TINYDRAW_FILL_BASELINE result=complete zoom=100 x=996 y=104 revision=2572 steps=29 wall_us=189331 compute_total_us=140688 compute_max_us=11163 present_total_us=42234 present_max_us=8610 tick_max_us=11180 producer_failures=0 presentation_failures=0
[23:52:47] TINYDRAW_LIVE_FILL_DONE zoom=100 x=996 y=104 revision=2572
[23:52:47] TINYDRAW_PAN_BASELINE zoom=100 x=1078 y=0 frames=3 reused=0 compose_avg_us=31123 compose_max_us=32468 present_avg_us=18411 present_max_us=18881 tear_wait_avg_us=7375 tear_wait_max_us=8833 failures=0
[23:52:47] TINYDRAW_FILL_BASELINE result=complete zoom=100 x=1078 y=0 revision=2572 steps=6 wall_us=35424 compute_total_us=10815 compute_max_us=2215 present_total_us=20901 present_max_us=5053 tick_max_us=2240 producer_failures=0 presentation_failures=0
[23:52:47] TINYDRAW_LIVE_FILL_DONE zoom=100 x=1078 y=0 revision=2572
[23:52:47] TINYDRAW_PAN_BASELINE zoom=100 x=855 y=69 frames=3 reused=0 compose_avg_us=30980 compose_max_us=32141 present_avg_us=18424 present_max_us=18874 tear_wait_avg_us=9065 tear_wait_max_us=12036 failures=0
[23:52:47] TINYDRAW_FILL_BASELINE result=complete zoom=100 x=855 y=69 revision=2572 steps=14 wall_us=64334 compute_total_us=48458 compute_max_us=8497 present_total_us=11958 present_max_us=5357 tick_max_us=8514 producer_failures=0 presentation_failures=0
[23:52:47] TINYDRAW_LIVE_FILL_DONE zoom=100 x=855 y=69 revision=2572
[23:52:48] TINYDRAW_PAN_BASELINE zoom=100 x=629 y=0 frames=4 reused=0 compose_avg_us=31600 compose_max_us=32405 present_avg_us=18442 present_max_us=18846 tear_wait_avg_us=5619 tear_wait_max_us=6995 failures=0
[23:52:48] TINYDRAW_FILL_BASELINE result=complete zoom=100 x=629 y=0 revision=2572 steps=25 wall_us=104512 compute_total_us=68704 compute_max_us=6838 present_total_us=30398 present_max_us=5328 tick_max_us=6856 producer_failures=0 presentation_failures=0
[23:52:48] TINYDRAW_LIVE_FILL_DONE zoom=100 x=629 y=0 revision=2572
[23:52:48] TINYDRAW_PAN_BASELINE zoom=100 x=398 y=0 frames=4 reused=0 compose_avg_us=29716 compose_max_us=30083 present_avg_us=18526 present_max_us=18935 tear_wait_avg_us=8635 tear_wait_max_us=9043 failures=0
[23:52:48] TINYDRAW_FILL_BASELINE result=complete zoom=100 x=398 y=0 revision=2572 steps=40 wall_us=112512 compute_total_us=87716 compute_max_us=5802 present_total_us=18954 present_max_us=3950 tick_max_us=7902 producer_failures=0 presentation_failures=0
[23:52:48] TINYDRAW_LIVE_FILL_DONE zoom=100 x=398 y=0 revision=2572
[23:52:49] TINYDRAW_PAN_BASELINE zoom=100 x=171 y=0 frames=3 reused=0 compose_avg_us=28939 compose_max_us=29823 present_avg_us=18503 present_max_us=18845 tear_wait_avg_us=11279 tear_wait_max_us=13828 failures=0
[23:52:49] TINYDRAW_FILL_BASELINE result=complete zoom=100 x=171 y=0 revision=2572 steps=30 wall_us=100338 compute_total_us=79722 compute_max_us=6611 present_total_us=16239 present_max_us=4141 tick_max_us=8294 producer_failures=0 presentation_failures=0
[23:52:49] TINYDRAW_LIVE_FILL_DONE zoom=100 x=171 y=0 revision=2572
[23:52:49] TINYDRAW_PAN_BASELINE zoom=100 x=0 y=0 frames=3 reused=0 compose_avg_us=28204 compose_max_us=28970 present_avg_us=18549 present_max_us=18795 tear_wait_avg_us=8307 tear_wait_max_us=11416 failures=0
[23:52:49] TINYDRAW_FILL_BASELINE result=complete zoom=100 x=0 y=0 revision=2572 steps=6 wall_us=20568 compute_total_us=17195 compute_max_us=5279 present_total_us=1654 present_max_us=1633 tick_max_us=5297 producer_failures=0 presentation_failures=0
[23:52:49] TINYDRAW_LIVE_FILL_DONE zoom=100 x=0 y=0 revision=2572
[23:52:50] TINYDRAW_PAN_BASELINE zoom=100 x=75 y=296 frames=3 reused=0 compose_avg_us=29110 compose_max_us=30380 present_avg_us=18420 present_max_us=18657 tear_wait_avg_us=9846 tear_wait_max_us=13665 failures=0
[23:52:50] TINYDRAW_FILL_BASELINE result=complete zoom=100 x=75 y=296 revision=2572 steps=39 wall_us=135292 compute_total_us=108019 compute_max_us=6079 present_total_us=21206 present_max_us=4852 tick_max_us=7999 producer_failures=0 presentation_failures=0
[23:52:50] TINYDRAW_LIVE_FILL_DONE zoom=100 x=75 y=296 revision=2572
[23:52:50] TINYDRAW_PAN_BASELINE zoom=100 x=0 y=466 frames=4 reused=0 compose_avg_us=31314 compose_max_us=32208 present_avg_us=18618 present_max_us=18838 tear_wait_avg_us=6656 tear_wait_max_us=10815 failures=0
[23:52:50] TINYDRAW_FILL_BASELINE result=complete zoom=100 x=0 y=466 revision=2572 steps=4 wall_us=17426 compute_total_us=13043 compute_max_us=4726 present_total_us=2097 present_max_us=2097 tick_max_us=4744 producer_failures=0 presentation_failures=0
[23:52:50] TINYDRAW_LIVE_FILL_DONE zoom=100 x=0 y=466 revision=2572
[23:52:51] TINYDRAW_PAN_BASELINE zoom=100 x=37 y=792 frames=4 reused=1 compose_avg_us=29335 compose_max_us=32948 present_avg_us=19850 present_max_us=23753 tear_wait_avg_us=6144 tear_wait_max_us=13534 failures=0
[23:52:51] TINYDRAW_FILL_BASELINE result=complete zoom=100 x=37 y=792 revision=2572 steps=1 wall_us=2503 compute_total_us=2465 compute_max_us=2465 present_total_us=0 present_max_us=0 tick_max_us=2478 producer_failures=0 presentation_failures=0
[23:52:51] TINYDRAW_LIVE_FILL_DONE zoom=100 x=37 y=792 revision=2572
[23:52:51] TINYDRAW_PAN_BASELINE zoom=100 x=67 y=1002 frames=4 reused=3 compose_avg_us=25388 compose_max_us=32442 present_avg_us=22474 present_max_us=23944 tear_wait_avg_us=4186 tear_wait_max_us=9027 failures=0
[23:52:51] TINYDRAW_FILL_BASELINE result=complete zoom=100 x=67 y=1002 revision=2572 steps=1 wall_us=2208 compute_total_us=2159 compute_max_us=2159 present_total_us=0 present_max_us=0 tick_max_us=2174 producer_failures=0 presentation_failures=0
[23:52:51] TINYDRAW_LIVE_FILL_DONE zoom=100 x=67 y=1002 revision=2572
[23:52:52] TINYDRAW_PAN_BASELINE zoom=100 x=35 y=1161 frames=4 reused=4 compose_avg_us=21626 compose_max_us=25939 present_avg_us=23857 present_max_us=23952 tear_wait_avg_us=3720 tear_wait_max_us=8568 failures=0
[23:52:52] TINYDRAW_FILL_BASELINE result=complete zoom=100 x=35 y=1161 revision=2572 steps=1 wall_us=2848 compute_total_us=2798 compute_max_us=2798 present_total_us=0 present_max_us=0 tick_max_us=2814 producer_failures=0 presentation_failures=0
[23:52:52] TINYDRAW_LIVE_FILL_DONE zoom=100 x=35 y=1161 revision=2572
[23:52:52] TINYDRAW_PAN_BASELINE zoom=100 x=189 y=1156 frames=4 reused=4 compose_avg_us=21321 compose_max_us=24132 present_avg_us=23702 present_max_us=23945 tear_wait_avg_us=502 tear_wait_max_us=1992 failures=0
[23:52:52] TINYDRAW_FILL_BASELINE result=complete zoom=100 x=189 y=1156 revision=2572 steps=1 wall_us=2823 compute_total_us=2772 compute_max_us=2772 present_total_us=0 present_max_us=0 tick_max_us=2796 producer_failures=0 presentation_failures=0
[23:52:52] TINYDRAW_LIVE_FILL_DONE zoom=100 x=189 y=1156 revision=2572
[23:52:53] TINYDRAW_PAN_BASELINE zoom=100 x=353 y=1050 frames=4 reused=2 compose_avg_us=25511 compose_max_us=32377 present_avg_us=21047 present_max_us=23574 tear_wait_avg_us=5186 tear_wait_max_us=6272 failures=0
[23:52:53] TINYDRAW_FILL_BASELINE result=complete zoom=100 x=353 y=1050 revision=2572 steps=4 wall_us=20247 compute_total_us=16599 compute_max_us=9117 present_total_us=1342 present_max_us=1342 tick_max_us=9130 producer_failures=0 presentation_failures=0
[23:52:53] TINYDRAW_LIVE_FILL_DONE zoom=100 x=353 y=1050 revision=2572
[23:52:53] TINYDRAW_PAN_BASELINE zoom=100 x=434 y=1058 frames=4 reused=2 compose_avg_us=25869 compose_max_us=32684 present_avg_us=21066 present_max_us=23973 tear_wait_avg_us=7523 tear_wait_max_us=14919 failures=0
[23:52:53] TINYDRAW_FILL_BASELINE result=complete zoom=100 x=434 y=1058 revision=2572 steps=18 wall_us=64179 compute_total_us=55836 compute_max_us=6869 present_total_us=5388 present_max_us=3306 tick_max_us=6903 producer_failures=0 presentation_failures=0
[23:52:53] TINYDRAW_LIVE_FILL_DONE zoom=100 x=434 y=1058 revision=2572
[23:52:54] TINYDRAW_PAN_BASELINE zoom=100 x=592 y=1213 frames=9 reused=0 compose_avg_us=29940 compose_max_us=32202 present_avg_us=18489 present_max_us=18833 tear_wait_avg_us=8652 tear_wait_max_us=10844 failures=0
[23:52:54] TINYDRAW_FILL_BASELINE result=complete zoom=100 x=592 y=1213 revision=2572 steps=38 wall_us=151152 compute_total_us=113045 compute_max_us=6887 present_total_us=30630 present_max_us=5410 tick_max_us=6905 producer_failures=0 presentation_failures=0
[23:52:55] TINYDRAW_LIVE_FILL_DONE zoom=100 x=592 y=1213 revision=2572
[23:52:55] TINYDRAW_PAN_BASELINE zoom=100 x=771 y=1104 frames=4 reused=0 compose_avg_us=29754 compose_max_us=30000 present_avg_us=18483 present_max_us=18883 tear_wait_avg_us=8490 tear_wait_max_us=8869 failures=0
[23:52:55] TINYDRAW_PAN_BASELINE zoom=100 x=918 y=1039 frames=4 reused=0 compose_avg_us=30981 compose_max_us=31443 present_avg_us=18538 present_max_us=18923 tear_wait_avg_us=8949 tear_wait_max_us=15343 failures=0
[23:52:55] TINYDRAW_FILL_BASELINE result=superseded zoom=100 x=771 y=1104 revision=2572 steps=32 wall_us=454105 compute_total_us=112528 compute_max_us=11368 present_total_us=34375 present_max_us=10088 tick_max_us=11383 producer_failures=0 presentation_failures=0
[23:52:56] TINYDRAW_PAN_BASELINE zoom=100 x=1104 y=1027 frames=4 reused=0 compose_avg_us=30486 compose_max_us=32075 present_avg_us=18407 present_max_us=18722 tear_wait_avg_us=8084 tear_wait_max_us=10198 failures=0
[23:52:56] TINYDRAW_FILL_BASELINE result=superseded zoom=100 x=918 y=1039 revision=2572 steps=19 wall_us=414105 compute_total_us=84359 compute_max_us=10959 present_total_us=25930 present_max_us=8736 tick_max_us=12152 producer_failures=0 presentation_failures=0
[23:52:56] TINYDRAW_FILL_BASELINE result=complete zoom=100 x=1104 y=1027 revision=2572 steps=24 wall_us=143220 compute_total_us=112536 compute_max_us=10191 present_total_us=25598 present_max_us=7969 tick_max_us=10363 producer_failures=0 presentation_failures=0
[23:52:56] TINYDRAW_LIVE_FILL_DONE zoom=100 x=1104 y=1027 revision=2572
[23:52:56] TINYDRAW_PAN_BASELINE zoom=100 x=1070 y=843 frames=5 reused=0 compose_avg_us=28622 compose_max_us=29349 present_avg_us=18451 present_max_us=18974 tear_wait_avg_us=8413 tear_wait_max_us=10887 failures=0
[23:52:57] TINYDRAW_PAN_BASELINE zoom=100 x=1064 y=604 frames=4 reused=0 compose_avg_us=30574 compose_max_us=31402 present_avg_us=18310 present_max_us=18709 tear_wait_avg_us=8572 tear_wait_max_us=11333 failures=0
[23:52:57] TINYDRAW_FILL_BASELINE result=superseded zoom=100 x=1070 y=843 revision=2572 steps=13 wall_us=370005 compute_total_us=58903 compute_max_us=10911 present_total_us=17485 present_max_us=8751 tick_max_us=13150 producer_failures=0 presentation_failures=0
[23:52:57] TINYDRAW_PAN_BASELINE zoom=100 x=1061 y=365 frames=4 reused=0 compose_avg_us=31517 compose_max_us=32030 present_avg_us=18500 present_max_us=18883 tear_wait_avg_us=7199 tear_wait_max_us=10401 failures=0
[23:52:57] TINYDRAW_FILL_BASELINE result=superseded zoom=100 x=1064 y=604 revision=2572 steps=17 wall_us=382198 compute_total_us=71619 compute_max_us=10565 present_total_us=16846 present_max_us=8966 tick_max_us=11529 producer_failures=0 presentation_failures=0
[23:52:57] TINYDRAW_PAN_BASELINE zoom=100 x=1079 y=146 frames=4 reused=0 compose_avg_us=31878 compose_max_us=32956 present_avg_us=18510 present_max_us=18871 tear_wait_avg_us=7334 tear_wait_max_us=10851 failures=0
[23:52:57] TINYDRAW_FILL_BASELINE result=superseded zoom=100 x=1061 y=365 revision=2572 steps=18 wall_us=398208 compute_total_us=77932 compute_max_us=14274 present_total_us=26455 present_max_us=9896 tick_max_us=15554 producer_failures=0 presentation_failures=0
[23:52:58] TINYDRAW_PAN_BASELINE zoom=100 x=1028 y=0 frames=4 reused=0 compose_avg_us=30473 compose_max_us=31106 present_avg_us=18436 present_max_us=18802 tear_wait_avg_us=10318 tear_wait_max_us=16321 failures=0
[23:52:58] TINYDRAW_FILL_BASELINE result=superseded zoom=100 x=1079 y=146 revision=2572 steps=9 wall_us=350145 compute_total_us=30638 compute_max_us=4942 present_total_us=5069 present_max_us=2606 tick_max_us=6287 producer_failures=0 presentation_failures=0
[23:52:58] TINYDRAW_FILL_BASELINE result=complete zoom=100 x=1028 y=0 revision=2572 steps=7 wall_us=42819 compute_total_us=31222 compute_max_us=8365 present_total_us=8439 present_max_us=4149 tick_max_us=8382 producer_failures=0 presentation_failures=0
[23:52:58] TINYDRAW_LIVE_FILL_DONE zoom=100 x=1028 y=0 revision=2572
[23:52:59] TINYDRAW_PAN_BASELINE zoom=100 x=776 y=0 frames=5 reused=0 compose_avg_us=30676 compose_max_us=31921 present_avg_us=18327 present_max_us=18724 tear_wait_avg_us=7212 tear_wait_max_us=9069 failures=0
[23:52:59] TINYDRAW_FILL_BASELINE result=complete zoom=100 x=776 y=0 revision=2572 steps=14 wall_us=49480 compute_total_us=41402 compute_max_us=7631 present_total_us=4900 present_max_us=2679 tick_max_us=7647 producer_failures=0 presentation_failures=0
[23:52:59] TINYDRAW_LIVE_FILL_DONE zoom=100 x=776 y=0 revision=2572
[23:52:59] TINYDRAW_PAN_BASELINE zoom=100 x=547 y=0 frames=4 reused=0 compose_avg_us=30019 compose_max_us=30080 present_avg_us=18306 present_max_us=18781 tear_wait_avg_us=9910 tear_wait_max_us=15450 failures=0
[23:52:59] TINYDRAW_FILL_BASELINE result=complete zoom=100 x=547 y=0 revision=2572 steps=15 wall_us=38383 compute_total_us=33743 compute_max_us=5912 present_total_us=2753 present_max_us=2731 tick_max_us=5925 producer_failures=0 presentation_failures=0
[23:52:59] TINYDRAW_LIVE_FILL_DONE zoom=100 x=547 y=0 revision=2572
[23:53:00] TINYDRAW_PAN_BASELINE zoom=100 x=315 y=0 frames=4 reused=0 compose_avg_us=29501 compose_max_us=29621 present_avg_us=18717 present_max_us=18953 tear_wait_avg_us=6608 tear_wait_max_us=8831 failures=0
[23:53:00] TINYDRAW_FILL_BASELINE result=complete zoom=100 x=315 y=0 revision=2572 steps=25 wall_us=57473 compute_total_us=49796 compute_max_us=5161 present_total_us=4662 present_max_us=2342 tick_max_us=5921 producer_failures=0 presentation_failures=0
[23:53:00] TINYDRAW_LIVE_FILL_DONE zoom=100 x=315 y=0 revision=2572
[23:53:00] TINYDRAW_PAN_BASELINE zoom=100 x=125 y=0 frames=3 reused=0 compose_avg_us=29136 compose_max_us=29385 present_avg_us=18710 present_max_us=18834 tear_wait_avg_us=8981 tear_wait_max_us=10165 failures=0
[23:53:00] TINYDRAW_FILL_BASELINE result=complete zoom=100 x=125 y=0 revision=2572 steps=11 wall_us=39418 compute_total_us=28533 compute_max_us=5726 present_total_us=7897 present_max_us=4927 tick_max_us=5741 producer_failures=0 presentation_failures=0
[23:53:00] TINYDRAW_LIVE_FILL_DONE zoom=100 x=125 y=0 revision=2572
[23:53:00] TINYDRAW_PAN_BASELINE zoom=100 x=63 y=11 frames=3 reused=2 compose_avg_us=22485 compose_max_us=29589 present_avg_us=21598 present_max_us=23344 tear_wait_avg_us=7792 tear_wait_max_us=13911 failures=0
[23:53:00] TINYDRAW_FILL_BASELINE result=complete zoom=100 x=63 y=11 revision=2572 steps=11 wall_us=26387 compute_total_us=24077 compute_max_us=4372 present_total_us=22 present_max_us=22 tick_max_us=5571 producer_failures=0 presentation_failures=0
[23:53:00] TINYDRAW_LIVE_FILL_DONE zoom=100 x=63 y=11 revision=2572
[23:53:01] TINYDRAW_PAN_BASELINE zoom=100 x=117 y=255 frames=3 reused=0 compose_avg_us=29843 compose_max_us=30385 present_avg_us=18497 present_max_us=18745 tear_wait_avg_us=8377 tear_wait_max_us=8922 failures=0
[23:53:01] TINYDRAW_FILL_BASELINE result=complete zoom=100 x=117 y=255 revision=2572 steps=33 wall_us=85339 compute_total_us=73817 compute_max_us=10011 present_total_us=7897 present_max_us=5293 tick_max_us=10025 producer_failures=0 presentation_failures=0
[23:53:01] TINYDRAW_LIVE_FILL_DONE zoom=100 x=117 y=255 revision=2572
[23:53:01] TINYDRAW_PAN_BASELINE zoom=100 x=118 y=481 frames=3 reused=0 compose_avg_us=31072 compose_max_us=31498 present_avg_us=18482 present_max_us=18824 tear_wait_avg_us=7844 tear_wait_max_us=11062 failures=0
[23:53:01] TINYDRAW_PAN_BASELINE zoom=100 x=0 y=646 frames=4 reused=0 compose_avg_us=31115 compose_max_us=31770 present_avg_us=18526 present_max_us=18888 tear_wait_avg_us=7317 tear_wait_max_us=9817 failures=0
[23:53:01] TINYDRAW_FILL_BASELINE result=superseded zoom=100 x=118 y=481 revision=2572 steps=40 wall_us=419743 compute_total_us=110413 compute_max_us=7274 present_total_us=17287 present_max_us=5371 tick_max_us=7287 producer_failures=0 presentation_failures=0
[23:53:02] TINYDRAW_PAN_BASELINE zoom=100 x=98 y=850 frames=3 reused=0 compose_avg_us=31787 compose_max_us=32291 present_avg_us=18495 present_max_us=18726 tear_wait_avg_us=5769 tear_wait_max_us=6853 failures=0
[23:53:02] TINYDRAW_FILL_BASELINE result=superseded zoom=100 x=0 y=646 revision=2572 steps=24 wall_us=314439 compute_total_us=83134 compute_max_us=8455 present_total_us=5690 present_max_us=3939 tick_max_us=9882 producer_failures=0 presentation_failures=0
[23:53:02] TINYDRAW_FILL_BASELINE result=complete zoom=100 x=98 y=850 revision=2572 steps=29 wall_us=110099 compute_total_us=99092 compute_max_us=8797 present_total_us=5995 present_max_us=2717 tick_max_us=8811 producer_failures=0 presentation_failures=0
[23:53:02] TINYDRAW_LIVE_FILL_DONE zoom=100 x=98 y=850 revision=2572
[23:53:02] TINYDRAW_PAN_BASELINE zoom=100 x=67 y=1059 frames=3 reused=0 compose_avg_us=31403 compose_max_us=32475 present_avg_us=18638 present_max_us=18965 tear_wait_avg_us=8677 tear_wait_max_us=13032 failures=0
[23:53:03] TINYDRAW_PAN_BASELINE zoom=100 x=276 y=1066 frames=3 reused=0 compose_avg_us=31743 compose_max_us=32104 present_avg_us=18548 present_max_us=18885 tear_wait_avg_us=8757 tear_wait_max_us=15221 failures=0
[23:53:03] TINYDRAW_FILL_BASELINE result=superseded zoom=100 x=67 y=1059 revision=2572 steps=22 wall_us=351122 compute_total_us=87721 compute_max_us=10553 present_total_us=15464 present_max_us=5332 tick_max_us=12913 producer_failures=0 presentation_failures=0
[23:53:03] TINYDRAW_FILL_BASELINE result=complete zoom=100 x=276 y=1066 revision=2572 steps=41 wall_us=135439 compute_total_us=113409 compute_max_us=10044 present_total_us=17049 present_max_us=7362 tick_max_us=10725 producer_failures=0 presentation_failures=0
[23:53:03] TINYDRAW_LIVE_FILL_DONE zoom=100 x=276 y=1066 revision=2572
[23:53:03] TINYDRAW_PAN_BASELINE zoom=100 x=319 y=1269 frames=5 reused=3 compose_avg_us=25859 compose_max_us=32340 present_avg_us=21170 present_max_us=23181 tear_wait_avg_us=3704 tear_wait_max_us=7006 failures=0
[23:53:03] TINYDRAW_FILL_BASELINE result=complete zoom=100 x=319 y=1269 revision=2572 steps=1 wall_us=4204 compute_total_us=2880 compute_max_us=2880 present_total_us=32 present_max_us=32 tick_max_us=2894 producer_failures=0 presentation_failures=0
[23:53:03] TINYDRAW_LIVE_FILL_DONE zoom=100 x=319 y=1269 revision=2572
[23:53:03] TINYDRAW_PAN_BASELINE zoom=100 x=454 y=1235 frames=3 reused=0 compose_avg_us=28702 compose_max_us=29413 present_avg_us=18395 present_max_us=18842 tear_wait_avg_us=8635 tear_wait_max_us=10415 failures=0
[23:53:04] TINYDRAW_FILL_BASELINE result=complete zoom=100 x=454 y=1235 revision=2572 steps=24 wall_us=77147 compute_total_us=61719 compute_max_us=6642 present_total_us=10960 present_max_us=5192 tick_max_us=6660 producer_failures=0 presentation_failures=0
[23:53:04] TINYDRAW_LIVE_FILL_DONE zoom=100 x=454 y=1235 revision=2572
[23:53:04] TINYDRAW_PAN_BASELINE zoom=100 x=611 y=1152 frames=3 reused=0 compose_avg_us=29892 compose_max_us=30577 present_avg_us=18580 present_max_us=18911 tear_wait_avg_us=7571 tear_wait_max_us=8766 failures=0
[23:53:04] TINYDRAW_FILL_BASELINE result=complete zoom=100 x=611 y=1152 revision=2572 steps=26 wall_us=97245 compute_total_us=74030 compute_max_us=8788 present_total_us=19113 present_max_us=10007 tick_max_us=8801 producer_failures=0 presentation_failures=0
[23:53:04] TINYDRAW_LIVE_FILL_DONE zoom=100 x=611 y=1152 revision=2572
[23:53:04] TINYDRAW_PAN_BASELINE zoom=100 x=796 y=1039 frames=3 reused=0 compose_avg_us=32082 compose_max_us=33259 present_avg_us=18445 present_max_us=18887 tear_wait_avg_us=6530 tear_wait_max_us=9386 failures=0
[23:53:04] TINYDRAW_FILL_BASELINE result=complete zoom=100 x=796 y=1039 revision=2572 steps=31 wall_us=127234 compute_total_us=104252 compute_max_us=11946 present_total_us=19528 present_max_us=9412 tick_max_us=12416 producer_failures=0 presentation_failures=0
[23:53:04] TINYDRAW_LIVE_FILL_DONE zoom=100 x=796 y=1039 revision=2572
[23:53:05] TINYDRAW_PAN_BASELINE zoom=100 x=946 y=1089 frames=3 reused=0 compose_avg_us=33275 compose_max_us=34515 present_avg_us=18651 present_max_us=18812 tear_wait_avg_us=6986 tear_wait_max_us=13431 failures=0
[23:53:05] TINYDRAW_PAN_BASELINE zoom=100 x=1104 y=919 frames=3 reused=0 compose_avg_us=30899 compose_max_us=32336 present_avg_us=18199 present_max_us=18320 tear_wait_avg_us=9050 tear_wait_max_us=13464 failures=0
[23:53:05] TINYDRAW_FILL_BASELINE result=superseded zoom=100 x=946 y=1089 revision=2572 steps=28 wall_us=402001 compute_total_us=108083 compute_max_us=7912 present_total_us=19716 present_max_us=4972 tick_max_us=7935 producer_failures=0 presentation_failures=0
[23:53:05] TINYDRAW_FILL_BASELINE result=complete zoom=100 x=1104 y=919 revision=2572 steps=27 wall_us=132441 compute_total_us=104361 compute_max_us=10690 present_total_us=23364 present_max_us=8137 tick_max_us=12928 producer_failures=0 presentation_failures=0
[23:53:05] TINYDRAW_LIVE_FILL_DONE zoom=100 x=1104 y=919 revision=2572
[23:53:05] TINYDRAW_PAN_BASELINE zoom=100 x=1104 y=723 frames=3 reused=0 compose_avg_us=29319 compose_max_us=29560 present_avg_us=18686 present_max_us=18945 tear_wait_avg_us=7041 tear_wait_max_us=10340 failures=0
[23:53:06] TINYDRAW_PAN_BASELINE zoom=100 x=1102 y=551 frames=3 reused=0 compose_avg_us=30668 compose_max_us=31158 present_avg_us=18670 present_max_us=18903 tear_wait_avg_us=5022 tear_wait_max_us=7806 failures=0
[23:53:06] TINYDRAW_FILL_BASELINE result=superseded zoom=100 x=1104 y=723 revision=2572 steps=28 wall_us=352903 compute_total_us=111718 compute_max_us=10357 present_total_us=26476 present_max_us=9905 tick_max_us=11322 producer_failures=0 presentation_failures=0
[23:53:06] TINYDRAW_PAN_BASELINE zoom=100 x=1063 y=425 frames=3 reused=0 compose_avg_us=31683 compose_max_us=32862 present_avg_us=18485 present_max_us=18818 tear_wait_avg_us=4890 tear_wait_max_us=7140 failures=0
[23:53:06] TINYDRAW_FILL_BASELINE result=superseded zoom=100 x=1102 y=551 revision=2572 steps=29 wall_us=349101 compute_total_us=114315 compute_max_us=10236 present_total_us=21160 present_max_us=7612 tick_max_us=11339 producer_failures=0 presentation_failures=0
[23:53:06] TINYDRAW_FILL_BASELINE result=complete zoom=100 x=1063 y=425 revision=2572 steps=43 wall_us=195345 compute_total_us=157896 compute_max_us=11384 present_total_us=31412 present_max_us=8572 tick_max_us=13640 producer_failures=0 presentation_failures=0
[23:53:06] TINYDRAW_LIVE_FILL_DONE zoom=100 x=1063 y=425 revision=2572
[23:53:07] TINYDRAW_PAN_BASELINE zoom=100 x=1075 y=221 frames=4 reused=0 compose_avg_us=31478 compose_max_us=32706 present_avg_us=18379 present_max_us=18769 tear_wait_avg_us=6322 tear_wait_max_us=7651 failures=0
[23:53:07] TINYDRAW_PAN_BASELINE zoom=100 x=997 y=68 frames=4 reused=0 compose_avg_us=30845 compose_max_us=31535 present_avg_us=18564 present_max_us=18879 tear_wait_avg_us=7067 tear_wait_max_us=7596 failures=0
[23:53:07] TINYDRAW_FILL_BASELINE result=superseded zoom=100 x=1075 y=221 revision=2572 steps=18 wall_us=386799 compute_total_us=63585 compute_max_us=10483 present_total_us=19965 present_max_us=8962 tick_max_us=10502 producer_failures=0 presentation_failures=0
[23:53:07] TINYDRAW_FILL_BASELINE result=complete zoom=100 x=997 y=68 revision=2572 steps=41 wall_us=202611 compute_total_us=155239 compute_max_us=10770 present_total_us=39800 present_max_us=8890 tick_max_us=10786 producer_failures=0 presentation_failures=0
[23:53:07] TINYDRAW_LIVE_FILL_DONE zoom=100 x=997 y=68 revision=2572
[23:53:08] TINYDRAW_PAN_BASELINE zoom=100 x=794 y=0 frames=5 reused=1 compose_avg_us=28682 compose_max_us=31492 present_avg_us=19634 present_max_us=23879 tear_wait_avg_us=6008 tear_wait_max_us=8751 failures=0
[23:53:08] TINYDRAW_FILL_BASELINE result=complete zoom=100 x=794 y=0 revision=2572 steps=47 wall_us=174476 compute_total_us=141247 compute_max_us=10564 present_total_us=26470 present_max_us=7085 tick_max_us=10950 producer_failures=0 presentation_failures=0
[23:53:08] TINYDRAW_LIVE_FILL_DONE zoom=100 x=794 y=0 revision=2572
[23:53:08] TINYDRAW_PAN_BASELINE zoom=100 x=595 y=13 frames=3 reused=0 compose_avg_us=28928 compose_max_us=29519 present_avg_us=18661 present_max_us=18881 tear_wait_avg_us=8476 tear_wait_max_us=9801 failures=0
[23:53:09] TINYDRAW_PAN_BASELINE zoom=100 x=455 y=34 frames=3 reused=0 compose_avg_us=29498 compose_max_us=29673 present_avg_us=18363 present_max_us=18796 tear_wait_avg_us=11534 tear_wait_max_us=15898 failures=0
[23:53:09] TINYDRAW_FILL_BASELINE result=superseded zoom=100 x=595 y=13 revision=2572 steps=75 wall_us=455171 compute_total_us=191073 compute_max_us=10190 present_total_us=33108 present_max_us=9568 tick_max_us=11512 producer_failures=0 presentation_failures=0
[23:53:09] TINYDRAW_FILL_BASELINE result=complete zoom=100 x=455 y=34 revision=2572 steps=47 wall_us=137526 compute_total_us=111996 compute_max_us=10898 present_total_us=19969 present_max_us=4429 tick_max_us=10915 producer_failures=0 presentation_failures=0
[23:53:09] TINYDRAW_LIVE_FILL_DONE zoom=100 x=455 y=34 revision=2572
[23:53:09] TINYDRAW_PAN_BASELINE zoom=100 x=291 y=53 frames=3 reused=0 compose_avg_us=29640 compose_max_us=30402 present_avg_us=18411 present_max_us=18928 tear_wait_avg_us=10741 tear_wait_max_us=15207 failures=0
[23:53:10] TINYDRAW_PAN_BASELINE zoom=100 x=158 y=55 frames=3 reused=0 compose_avg_us=31174 compose_max_us=31873 present_avg_us=18411 present_max_us=18508 tear_wait_avg_us=7760 tear_wait_max_us=9671 failures=0
[23:53:10] TINYDRAW_FILL_BASELINE result=superseded zoom=100 x=291 y=53 revision=2572 steps=64 wall_us=452836 compute_total_us=169328 compute_max_us=10880 present_total_us=34604 present_max_us=6672 tick_max_us=12253 producer_failures=0 presentation_failures=0
[23:53:10] TINYDRAW_FILL_BASELINE result=complete zoom=100 x=158 y=55 revision=2572 steps=16 wall_us=76621 compute_total_us=59097 compute_max_us=9975 present_total_us=13900 present_max_us=6530 tick_max_us=10410 producer_failures=0 presentation_failures=0
[23:53:10] TINYDRAW_LIVE_FILL_DONE zoom=100 x=158 y=55 revision=2572
[23:53:10] TINYDRAW_PAN_BASELINE zoom=100 x=49 y=57 frames=3 reused=0 compose_avg_us=31488 compose_max_us=32627 present_avg_us=18654 present_max_us=18828 tear_wait_avg_us=7060 tear_wait_max_us=8288 failures=0
[23:53:10] TINYDRAW_FILL_BASELINE result=complete zoom=100 x=49 y=57 revision=2572 steps=6 wall_us=29517 compute_total_us=22205 compute_max_us=6259 present_total_us=4879 present_max_us=3004 tick_max_us=6667 producer_failures=0 presentation_failures=0
[23:53:10] TINYDRAW_LIVE_FILL_DONE zoom=100 x=49 y=57 revision=2572
[23:53:11] TINYDRAW_PAN_BASELINE zoom=100 x=42 y=359 frames=5 reused=1 compose_avg_us=28832 compose_max_us=30226 present_avg_us=19657 present_max_us=23772 tear_wait_avg_us=7455 tear_wait_max_us=13684 failures=0
[23:53:11] TINYDRAW_PAN_BASELINE zoom=100 x=43 y=591 frames=4 reused=0 compose_avg_us=31092 compose_max_us=31780 present_avg_us=18394 present_max_us=18792 tear_wait_avg_us=6739 tear_wait_max_us=7444 failures=0
[23:53:11] TINYDRAW_FILL_BASELINE result=superseded zoom=100 x=42 y=359 revision=2572 steps=33 wall_us=453914 compute_total_us=118832 compute_max_us=10774 present_total_us=28034 present_max_us=9377 tick_max_us=12703 producer_failures=0 presentation_failures=0
[23:53:12] TINYDRAW_PAN_BASELINE zoom=100 x=43 y=826 frames=3 reused=0 compose_avg_us=31705 compose_max_us=32437 present_avg_us=18322 present_max_us=18595 tear_wait_avg_us=5041 tear_wait_max_us=6279 failures=0
[23:53:12] TINYDRAW_FILL_BASELINE result=superseded zoom=100 x=43 y=591 revision=2572 steps=30 wall_us=366251 compute_total_us=104355 compute_max_us=8117 present_total_us=24825 present_max_us=9370 tick_max_us=9794 producer_failures=0 presentation_failures=0
[23:53:12] TINYDRAW_PAN_BASELINE zoom=100 x=23 y=1048 frames=4 reused=0 compose_avg_us=31768 compose_max_us=33119 present_avg_us=18431 present_max_us=18806 tear_wait_avg_us=8781 tear_wait_max_us=16318 failures=0
[23:53:12] TINYDRAW_FILL_BASELINE result=superseded zoom=100 x=43 y=826 revision=2572 steps=39 wall_us=464657 compute_total_us=137040 compute_max_us=9285 present_total_us=20877 present_max_us=4409 tick_max_us=9298 producer_failures=0 presentation_failures=0
[23:53:13] TINYDRAW_PAN_BASELINE zoom=100 x=32 y=1270 frames=4 reused=0 compose_avg_us=29283 compose_max_us=31069 present_avg_us=18479 present_max_us=18839 tear_wait_avg_us=9711 tear_wait_max_us=13063 failures=0
[23:53:13] TINYDRAW_FILL_BASELINE result=superseded zoom=100 x=23 y=1048 revision=2572 steps=11 wall_us=365462 compute_total_us=42009 compute_max_us=8549 present_total_us=13745 present_max_us=8896 tick_max_us=8563 producer_failures=0 presentation_failures=0
[23:53:13] TINYDRAW_FILL_BASELINE result=complete zoom=100 x=32 y=1270 revision=2572 steps=2 wall_us=26692 compute_total_us=16429 compute_max_us=10388 present_total_us=8052 present_max_us=8052 tick_max_us=10404 producer_failures=0 presentation_failures=0
[23:53:13] TINYDRAW_LIVE_FILL_DONE zoom=100 x=32 y=1270 revision=2572
[23:53:13] TINYDRAW_PAN_BASELINE zoom=100 x=166 y=1344 frames=4 reused=1 compose_avg_us=26504 compose_max_us=27709 present_avg_us=19547 present_max_us=22985 tear_wait_avg_us=9214 tear_wait_max_us=13904 failures=0
[23:53:13] TINYDRAW_FILL_BASELINE result=complete zoom=100 x=166 y=1344 revision=2572 steps=11 wall_us=43152 compute_total_us=32655 compute_max_us=6281 present_total_us=7934 present_max_us=4938 tick_max_us=6739 producer_failures=0 presentation_failures=0
[23:53:13] TINYDRAW_LIVE_FILL_DONE zoom=100 x=166 y=1344 revision=2572
[23:53:13] TINYDRAW_PAN_BASELINE zoom=100 x=352 y=1118 frames=4 reused=0 compose_avg_us=29524 compose_max_us=31146 present_avg_us=18617 present_max_us=18973 tear_wait_avg_us=6587 tear_wait_max_us=8924 failures=0
[23:53:14] TINYDRAW_PAN_BASELINE zoom=100 x=525 y=846 frames=3 reused=0 compose_avg_us=30954 compose_max_us=31700 present_avg_us=18507 present_max_us=18949 tear_wait_avg_us=6246 tear_wait_max_us=8077 failures=0
[23:53:14] TINYDRAW_FILL_BASELINE result=superseded zoom=100 x=352 y=1118 revision=2572 steps=32 wall_us=317919 compute_total_us=88255 compute_max_us=7598 present_total_us=9387 present_max_us=5413 tick_max_us=8646 producer_failures=0 presentation_failures=0
[23:53:14] TINYDRAW_PAN_BASELINE zoom=100 x=694 y=750 frames=3 reused=0 compose_avg_us=30337 compose_max_us=31428 present_avg_us=18332 present_max_us=18773 tear_wait_avg_us=8716 tear_wait_max_us=9369 failures=0
[23:53:14] TINYDRAW_FILL_BASELINE result=superseded zoom=100 x=525 y=846 revision=2572 steps=49 wall_us=398455 compute_total_us=126519 compute_max_us=10161 present_total_us=32391 present_max_us=9774 tick_max_us=11619 producer_failures=0 presentation_failures=0
[23:53:14] TINYDRAW_PAN_BASELINE zoom=100 x=876 y=562 frames=3 reused=0 compose_avg_us=31781 compose_max_us=32548 present_avg_us=18385 present_max_us=18660 tear_wait_avg_us=9195 tear_wait_max_us=16642 failures=0
[23:53:15] TINYDRAW_FILL_BASELINE result=superseded zoom=100 x=694 y=750 revision=2572 steps=37 wall_us=366279 compute_total_us=114592 compute_max_us=11461 present_total_us=23765 present_max_us=8855 tick_max_us=12181 producer_failures=0 presentation_failures=0
[23:53:15] TINYDRAW_PAN_BASELINE zoom=100 x=1039 y=366 frames=3 reused=1 compose_avg_us=29873 compose_max_us=35054 present_avg_us=20072 present_max_us=23680 tear_wait_avg_us=6046 tear_wait_max_us=14257 failures=0
[23:53:15] TINYDRAW_FILL_BASELINE result=superseded zoom=100 x=876 y=562 revision=2572 steps=46 wall_us=377261 compute_total_us=128875 compute_max_us=10255 present_total_us=24064 present_max_us=8812 tick_max_us=12633 producer_failures=0 presentation_failures=0
[23:53:15] TINYDRAW_FILL_BASELINE result=complete zoom=100 x=1039 y=366 revision=2572 steps=1 wall_us=2085 compute_total_us=2049 compute_max_us=2049 present_total_us=0 present_max_us=0 tick_max_us=2063 producer_failures=0 presentation_failures=0
[23:53:15] TINYDRAW_LIVE_FILL_DONE zoom=100 x=1039 y=366 revision=2572
[23:53:15] TINYDRAW_PAN_BASELINE zoom=100 x=1104 y=166 frames=4 reused=3 compose_avg_us=23998 compose_max_us=30584 present_avg_us=22532 present_max_us=24061 tear_wait_avg_us=1794 tear_wait_max_us=7161 failures=0
[23:53:15] TINYDRAW_FILL_BASELINE result=complete zoom=100 x=1104 y=166 revision=2572 steps=1 wall_us=2130 compute_total_us=2094 compute_max_us=2094 present_total_us=0 present_max_us=0 tick_max_us=2106 producer_failures=0 presentation_failures=0
[23:53:15] TINYDRAW_LIVE_FILL_DONE zoom=100 x=1104 y=166 revision=2572
[23:53:16] TINYDRAW_PAN_BASELINE zoom=100 x=863 y=94 frames=5 reused=3 compose_avg_us=25190 compose_max_us=32110 present_avg_us=21617 present_max_us=23738 tear_wait_avg_us=3463 tear_wait_max_us=9479 failures=0
[23:53:16] TINYDRAW_FILL_BASELINE result=complete zoom=100 x=863 y=94 revision=2572 steps=17 wall_us=42338 compute_total_us=39142 compute_max_us=6030 present_total_us=1086 present_max_us=1064 tick_max_us=6048 producer_failures=0 presentation_failures=0
[23:53:16] TINYDRAW_LIVE_FILL_DONE zoom=100 x=863 y=94 revision=2572
[23:53:16] TINYDRAW_PAN_BASELINE zoom=100 x=651 y=0 frames=4 reused=2 compose_avg_us=27104 compose_max_us=32155 present_avg_us=21149 present_max_us=23704 tear_wait_avg_us=2137 tear_wait_max_us=5901 failures=0
[23:53:16] TINYDRAW_FILL_BASELINE result=complete zoom=100 x=651 y=0 revision=2572 steps=1 wall_us=1304 compute_total_us=1252 compute_max_us=1252 present_total_us=0 present_max_us=0 tick_max_us=1272 producer_failures=0 presentation_failures=0
[23:53:16] TINYDRAW_LIVE_FILL_DONE zoom=100 x=651 y=0 revision=2572
[23:53:16] TINYDRAW_PAN_BASELINE zoom=100 x=421 y=0 frames=4 reused=3 compose_avg_us=21454 compose_max_us=29710 present_avg_us=22140 present_max_us=23453 tear_wait_avg_us=6929 tear_wait_max_us=12631 failures=0
[23:53:16] TINYDRAW_FILL_BASELINE result=complete zoom=100 x=421 y=0 revision=2572 steps=1 wall_us=1527 compute_total_us=1490 compute_max_us=1490 present_total_us=0 present_max_us=0 tick_max_us=1503 producer_failures=0 presentation_failures=0
[23:53:16] TINYDRAW_LIVE_FILL_DONE zoom=100 x=421 y=0 revision=2572
[23:53:17] TINYDRAW_PAN_BASELINE zoom=100 x=185 y=101 frames=4 reused=3 compose_avg_us=23835 compose_max_us=30718 present_avg_us=22182 present_max_us=23422 tear_wait_avg_us=2103 tear_wait_max_us=8400 failures=0
[23:53:17] TINYDRAW_FILL_BASELINE result=complete zoom=100 x=185 y=101 revision=2572 steps=22 wall_us=50282 compute_total_us=47755 compute_max_us=5963 present_total_us=44 present_max_us=24 tick_max_us=5978 producer_failures=0 presentation_failures=0
[23:53:17] TINYDRAW_LIVE_FILL_DONE zoom=100 x=185 y=101 revision=2572
[23:53:17] TINYDRAW_PAN_BASELINE zoom=100 x=87 y=265 frames=3 reused=0 compose_avg_us=31684 compose_max_us=31965 present_avg_us=18709 present_max_us=18936 tear_wait_avg_us=8994 tear_wait_max_us=15394 failures=0
[23:53:17] TINYDRAW_FILL_BASELINE result=complete zoom=100 x=87 y=265 revision=2572 steps=26 wall_us=75256 compute_total_us=67430 compute_max_us=10502 present_total_us=3725 present_max_us=3682 tick_max_us=11165 producer_failures=0 presentation_failures=0
[23:53:17] TINYDRAW_LIVE_FILL_DONE zoom=100 x=87 y=265 revision=2572
[23:53:17] TINYDRAW_PAN_BASELINE zoom=100 x=205 y=232 frames=3 reused=0 compose_avg_us=32481 compose_max_us=33187 present_avg_us=18584 present_max_us=18967 tear_wait_avg_us=6297 tear_wait_max_us=12826 failures=0
[23:53:18] TINYDRAW_FILL_BASELINE result=complete zoom=100 x=205 y=232 revision=2572 steps=23 wall_us=51213 compute_total_us=46742 compute_max_us=5640 present_total_us=1819 present_max_us=1799 tick_max_us=5988 producer_failures=0 presentation_failures=0
[23:53:18] TINYDRAW_LIVE_FILL_DONE zoom=100 x=205 y=232 revision=2572
[23:53:18] TINYDRAW_PAN_BASELINE zoom=100 x=284 y=222 frames=6 reused=1 compose_avg_us=29727 compose_max_us=33222 present_avg_us=19400 present_max_us=24014 tear_wait_avg_us=5024 tear_wait_max_us=8663 failures=0
[23:53:18] TINYDRAW_PAN_BASELINE zoom=100 x=364 y=248 frames=4 reused=1 compose_avg_us=30010 compose_max_us=33361 present_avg_us=19769 present_max_us=23562 tear_wait_avg_us=3445 tear_wait_max_us=6856 failures=0
[23:53:18] TINYDRAW_FILL_BASELINE result=superseded zoom=100 x=284 y=222 revision=2572 steps=46 wall_us=402929 compute_total_us=96396 compute_max_us=6638 present_total_us=3365 present_max_us=2005 tick_max_us=6654 producer_failures=0 presentation_failures=0
[23:53:18] TINYDRAW_FILL_BASELINE result=complete zoom=100 x=364 y=248 revision=2572 steps=35 wall_us=78834 compute_total_us=70419 compute_max_us=6040 present_total_us=4277 present_max_us=2181 tick_max_us=6252 producer_failures=0 presentation_failures=0
[23:53:18] TINYDRAW_LIVE_FILL_DONE zoom=100 x=364 y=248 revision=2572
[23:53:20] TINYDRAW_LIVE_PRESENT kind=zoom zoom=200 x=912 y=682 compose_us=25103 scroll_us=0 exposed_compose_us=0 chrome_us=7901 read_submit_us=33622 read_complete_us=35231 transfer_wait_us=18378 tile_pixels=0 uniform_pixels=0 overview_pixels=0 fallback_pixels=164864 resident_tiles=0 fallback_tiles=48 pushes=11 tear_wait_us=7253 tear_sync=1 frame_reused=0 pass=1
[23:53:20] TINYDRAW_FILL_BASELINE result=complete zoom=200 x=912 y=682 revision=2572 steps=121 wall_us=408086 compute_total_us=320616 compute_max_us=11566 present_total_us=75468 present_max_us=9579 tick_max_us=11579 producer_failures=0 presentation_failures=0
[23:53:20] TINYDRAW_LIVE_FILL_DONE zoom=200 x=912 y=682 revision=2572
[23:53:21] TINYDRAW_LIVE_PRESENT kind=zoom zoom=400 x=2008 y=1550 compose_us=27081 scroll_us=0 exposed_compose_us=0 chrome_us=7883 read_submit_us=35053 read_complete_us=36665 transfer_wait_us=18947 tile_pixels=0 uniform_pixels=0 overview_pixels=0 fallback_pixels=164864 resident_tiles=0 fallback_tiles=56 pushes=11 tear_wait_us=6688 tear_sync=1 frame_reused=0 pass=1
[23:53:22] TINYDRAW_FILL_BASELINE result=complete zoom=400 x=2008 y=1550 revision=2572 steps=145 wall_us=463805 compute_total_us=369594 compute_max_us=10544 present_total_us=81630 present_max_us=9477 tick_max_us=12199 producer_failures=0 presentation_failures=0
[23:53:22] TINYDRAW_LIVE_FILL_DONE zoom=400 x=2008 y=1550 revision=2572
[23:53:25] TINYDRAW_PAN_BASELINE zoom=400 x=1710 y=1413 frames=4 reused=0 compose_avg_us=29484 compose_max_us=30915 present_avg_us=18473 present_max_us=18929 tear_wait_avg_us=7557 tear_wait_max_us=9400 failures=0
[23:53:26] TINYDRAW_PAN_BASELINE zoom=400 x=1420 y=1252 frames=4 reused=0 compose_avg_us=28206 compose_max_us=30059 present_avg_us=18511 present_max_us=18917 tear_wait_avg_us=9502 tear_wait_max_us=11601 failures=0
[23:53:26] TINYDRAW_FILL_BASELINE result=superseded zoom=400 x=1710 y=1413 revision=2572 steps=40 wall_us=403088 compute_total_us=94484 compute_max_us=9989 present_total_us=21521 present_max_us=8126 tick_max_us=10002 producer_failures=0 presentation_failures=0
[23:53:26] TINYDRAW_PAN_BASELINE zoom=400 x=1169 y=1092 frames=4 reused=0 compose_avg_us=27512 compose_max_us=28340 present_avg_us=18549 present_max_us=18913 tear_wait_avg_us=12420 tear_wait_max_us=16215 failures=0
[23:53:26] TINYDRAW_FILL_BASELINE result=superseded zoom=400 x=1420 y=1252 revision=2572 steps=20 wall_us=364269 compute_total_us=54165 compute_max_us=9928 present_total_us=18202 present_max_us=10284 tick_max_us=12173 producer_failures=0 presentation_failures=0
[23:53:27] TINYDRAW_PAN_BASELINE zoom=400 x=957 y=1016 frames=3 reused=0 compose_avg_us=27753 compose_max_us=28737 present_avg_us=18358 present_max_us=18804 tear_wait_avg_us=11625 tear_wait_max_us=12735 failures=0
[23:53:27] TINYDRAW_FILL_BASELINE result=superseded zoom=400 x=1169 y=1092 revision=2572 steps=32 wall_us=366026 compute_total_us=103328 compute_max_us=11148 present_total_us=35449 present_max_us=10841 tick_max_us=12949 producer_failures=0 presentation_failures=0
[23:53:27] TINYDRAW_PAN_BASELINE zoom=400 x=713 y=859 frames=4 reused=0 compose_avg_us=27417 compose_max_us=29022 present_avg_us=18451 present_max_us=18855 tear_wait_avg_us=12618 tear_wait_max_us=15188 failures=0
[23:53:27] TINYDRAW_FILL_BASELINE result=superseded zoom=400 x=957 y=1016 revision=2572 steps=29 wall_us=414851 compute_total_us=92924 compute_max_us=10105 present_total_us=25431 present_max_us=9278 tick_max_us=12464 producer_failures=0 presentation_failures=0
[23:53:27] TINYDRAW_PAN_BASELINE zoom=400 x=543 y=694 frames=3 reused=0 compose_avg_us=27415 compose_max_us=28332 present_avg_us=18413 present_max_us=18861 tear_wait_avg_us=11919 tear_wait_max_us=14139 failures=0
[23:53:27] TINYDRAW_FILL_BASELINE result=superseded zoom=400 x=713 y=859 revision=2572 steps=19 wall_us=314212 compute_total_us=66354 compute_max_us=9995 present_total_us=29175 present_max_us=9969 tick_max_us=11445 producer_failures=0 presentation_failures=0
[23:53:28] TINYDRAW_PAN_BASELINE zoom=400 x=713 y=605 frames=3 reused=0 compose_avg_us=27617 compose_max_us=28309 present_avg_us=18338 present_max_us=18774 tear_wait_avg_us=10772 tear_wait_max_us=11686 failures=0
[23:53:28] TINYDRAW_FILL_BASELINE result=superseded zoom=400 x=543 y=694 revision=2572 steps=19 wall_us=314382 compute_total_us=60948 compute_max_us=10230 present_total_us=31001 present_max_us=8131 tick_max_us=10792 producer_failures=0 presentation_failures=0
[23:53:28] TINYDRAW_PAN_BASELINE zoom=400 x=880 y=648 frames=3 reused=0 compose_avg_us=29370 compose_max_us=29602 present_avg_us=18424 present_max_us=18672 tear_wait_avg_us=6599 tear_wait_max_us=9176 failures=0
[23:53:28] TINYDRAW_FILL_BASELINE result=superseded zoom=400 x=713 y=605 revision=2572 steps=30 wall_us=363108 compute_total_us=102126 compute_max_us=11351 present_total_us=43719 present_max_us=10041 tick_max_us=11366 producer_failures=0 presentation_failures=0
[23:53:29] TINYDRAW_PAN_BASELINE zoom=400 x=1090 y=374 frames=3 reused=0 compose_avg_us=29000 compose_max_us=30857 present_avg_us=18517 present_max_us=18925 tear_wait_avg_us=11875 tear_wait_max_us=15445 failures=0
[23:53:29] TINYDRAW_FILL_BASELINE result=superseded zoom=400 x=880 y=648 revision=2572 steps=39 wall_us=400375 compute_total_us=128197 compute_max_us=10666 present_total_us=38407 present_max_us=9266 tick_max_us=11338 producer_failures=0 presentation_failures=0
[23:53:29] TINYDRAW_PAN_BASELINE zoom=400 x=1279 y=329 frames=4 reused=0 compose_avg_us=29962 compose_max_us=30231 present_avg_us=18482 present_max_us=18864 tear_wait_avg_us=8536 tear_wait_max_us=10259 failures=0
[23:53:29] TINYDRAW_FILL_BASELINE result=superseded zoom=400 x=1090 y=374 revision=2572 steps=36 wall_us=482106 compute_total_us=138251 compute_max_us=13362 present_total_us=49676 present_max_us=9261 tick_max_us=13376 producer_failures=0 presentation_failures=0
[23:53:29] TINYDRAW_PAN_BASELINE zoom=400 x=1057 y=376 frames=3 reused=0 compose_avg_us=30622 compose_max_us=31080 present_avg_us=18421 present_max_us=18835 tear_wait_avg_us=7013 tear_wait_max_us=7636 failures=0
[23:53:29] TINYDRAW_FILL_BASELINE result=superseded zoom=400 x=1279 y=329 revision=2572 steps=29 wall_us=367992 compute_total_us=108382 compute_max_us=11549 present_total_us=35746 present_max_us=9284 tick_max_us=11569 producer_failures=0 presentation_failures=0
[23:53:30] TINYDRAW_FILL_BASELINE result=complete zoom=400 x=1057 y=376 revision=2572 steps=32 wall_us=140370 compute_total_us=123032 compute_max_us=9841 present_total_us=13254 present_max_us=6089 tick_max_us=9854 producer_failures=0 presentation_failures=0
[23:53:30] TINYDRAW_LIVE_FILL_DONE zoom=400 x=1057 y=376 revision=2572
[23:53:30] TINYDRAW_PAN_BASELINE zoom=400 x=852 y=422 frames=3 reused=0 compose_avg_us=30717 compose_max_us=31534 present_avg_us=18696 present_max_us=18944 tear_wait_avg_us=5635 tear_wait_max_us=7984 failures=0
[23:53:30] TINYDRAW_FILL_BASELINE result=complete zoom=400 x=852 y=422 revision=2572 steps=10 wall_us=66328 compute_total_us=44271 compute_max_us=8967 present_total_us=18780 present_max_us=7970 tick_max_us=8987 producer_failures=0 presentation_failures=0
[23:53:30] TINYDRAW_LIVE_FILL_DONE zoom=400 x=852 y=422 revision=2572
[23:53:30] TINYDRAW_PAN_BASELINE zoom=400 x=710 y=470 frames=3 reused=0 compose_avg_us=29258 compose_max_us=30285 present_avg_us=18572 present_max_us=18960 tear_wait_avg_us=8220 tear_wait_max_us=10673 failures=0
[23:53:30] TINYDRAW_FILL_BASELINE result=complete zoom=400 x=710 y=470 revision=2572 steps=8 wall_us=44240 compute_total_us=30484 compute_max_us=6794 present_total_us=10071 present_max_us=3505 tick_max_us=6810 producer_failures=0 presentation_failures=0
[23:53:30] TINYDRAW_LIVE_FILL_DONE zoom=400 x=710 y=470 revision=2572
[23:53:31] TINYDRAW_PAN_BASELINE zoom=400 x=797 y=492 frames=2 reused=1 compose_avg_us=26369 compose_max_us=27507 present_avg_us=21259 present_max_us=23788 tear_wait_avg_us=1262 tear_wait_max_us=2519 failures=0
[23:53:31] TINYDRAW_FILL_BASELINE result=complete zoom=400 x=797 y=492 revision=2572 steps=1 wall_us=2291 compute_total_us=2252 compute_max_us=2252 present_total_us=0 present_max_us=0 tick_max_us=2265 producer_failures=0 presentation_failures=0
[23:53:31] TINYDRAW_LIVE_FILL_DONE zoom=400 x=797 y=492 revision=2572
[23:53:31] TINYDRAW_PAN_BASELINE zoom=400 x=947 y=676 frames=4 reused=2 compose_avg_us=26177 compose_max_us=30955 present_avg_us=21070 present_max_us=23991 tear_wait_avg_us=4230 tear_wait_max_us=8600 failures=0
[23:53:31] TINYDRAW_FILL_BASELINE result=complete zoom=400 x=947 y=676 revision=2572 steps=26 wall_us=85342 compute_total_us=71218 compute_max_us=8196 present_total_us=10382 present_max_us=3965 tick_max_us=8964 producer_failures=0 presentation_failures=0
[23:53:31] TINYDRAW_LIVE_FILL_DONE zoom=400 x=947 y=676 revision=2572
[23:53:32] TINYDRAW_PAN_BASELINE zoom=400 x=1141 y=918 frames=4 reused=0 compose_avg_us=30084 compose_max_us=30535 present_avg_us=18562 present_max_us=18929 tear_wait_avg_us=9326 tear_wait_max_us=13289 failures=0
[23:53:32] TINYDRAW_PAN_BASELINE zoom=400 x=1314 y=1156 frames=3 reused=0 compose_avg_us=30373 compose_max_us=30412 present_avg_us=18558 present_max_us=18899 tear_wait_avg_us=6129 tear_wait_max_us=7504 failures=0
[23:53:32] TINYDRAW_FILL_BASELINE result=superseded zoom=400 x=1141 y=918 revision=2572 steps=22 wall_us=305975 compute_total_us=70221 compute_max_us=10049 present_total_us=18691 present_max_us=7972 tick_max_us=10737 producer_failures=0 presentation_failures=0
[23:53:32] TINYDRAW_PAN_BASELINE zoom=400 x=1445 y=1363 frames=3 reused=0 compose_avg_us=30143 compose_max_us=31350 present_avg_us=18581 present_max_us=18896 tear_wait_avg_us=10332 tear_wait_max_us=15228 failures=0
[23:53:32] TINYDRAW_FILL_BASELINE result=superseded zoom=400 x=1314 y=1156 revision=2572 steps=25 wall_us=328396 compute_total_us=77003 compute_max_us=10521 present_total_us=22476 present_max_us=8462 tick_max_us=10535 producer_failures=0 presentation_failures=0
[23:53:33] TINYDRAW_PAN_BASELINE zoom=400 x=1607 y=1424 frames=3 reused=0 compose_avg_us=30252 compose_max_us=30454 present_avg_us=18384 present_max_us=18637 tear_wait_avg_us=6416 tear_wait_max_us=7523 failures=0
[23:53:33] TINYDRAW_FILL_BASELINE result=superseded zoom=400 x=1445 y=1363 revision=2572 steps=20 wall_us=280950 compute_total_us=57434 compute_max_us=10661 present_total_us=8918 present_max_us=8918 tick_max_us=11369 producer_failures=0 presentation_failures=0
[23:53:33] TINYDRAW_PAN_BASELINE zoom=400 x=1793 y=1502 frames=3 reused=0 compose_avg_us=31556 compose_max_us=32269 present_avg_us=18474 present_max_us=18698 tear_wait_avg_us=5043 tear_wait_max_us=6515 failures=0
[23:53:33] TINYDRAW_FILL_BASELINE result=superseded zoom=400 x=1607 y=1424 revision=2572 steps=37 wall_us=331201 compute_total_us=87911 compute_max_us=9869 present_total_us=23164 present_max_us=9450 tick_max_us=10237 producer_failures=0 presentation_failures=0
[23:53:33] TINYDRAW_PAN_BASELINE zoom=400 x=1989 y=1499 frames=2 reused=0 compose_avg_us=31046 compose_max_us=31456 present_avg_us=18665 present_max_us=18785 tear_wait_avg_us=11518 tear_wait_max_us=16512 failures=0
[23:53:33] TINYDRAW_FILL_BASELINE result=superseded zoom=400 x=1793 y=1502 revision=2572 steps=41 wall_us=264372 compute_total_us=83436 compute_max_us=9786 present_total_us=13655 present_max_us=5252 tick_max_us=9799 producer_failures=0 presentation_failures=0
[23:53:34] TINYDRAW_PAN_BASELINE zoom=400 x=1767 y=1354 frames=4 reused=0 compose_avg_us=31527 compose_max_us=32313 present_avg_us=18467 present_max_us=18824 tear_wait_avg_us=7223 tear_wait_max_us=11604 failures=0
[23:53:34] TINYDRAW_FILL_BASELINE result=superseded zoom=400 x=1989 y=1499 revision=2572 steps=35 wall_us=381191 compute_total_us=76734 compute_max_us=6398 present_total_us=9502 present_max_us=4259 tick_max_us=6409 producer_failures=0 presentation_failures=0
[23:53:38] TINYDRAW_PAN_BASELINE zoom=400 x=1946 y=1358 frames=66 reused=0 compose_avg_us=30708 compose_max_us=33203 present_avg_us=18501 present_max_us=18967 tear_wait_avg_us=7083 tear_wait_max_us=9612 failures=0
[23:53:38] TINYDRAW_FILL_BASELINE result=superseded zoom=400 x=1767 y=1354 revision=2572 steps=1 wall_us=4448374 compute_total_us=3537 compute_max_us=3537 present_total_us=0 present_max_us=0 tick_max_us=3556 producer_failures=0 presentation_failures=0
[23:53:39] TINYDRAW_PAN_BASELINE zoom=400 x=2125 y=1170 frames=3 reused=0 compose_avg_us=30584 compose_max_us=32265 present_avg_us=18410 present_max_us=18807 tear_wait_avg_us=6749 tear_wait_max_us=9341 failures=0
[23:53:39] TINYDRAW_FILL_BASELINE result=superseded zoom=400 x=1946 y=1358 revision=2572 steps=52 wall_us=365900 compute_total_us=117521 compute_max_us=7937 present_total_us=25399 present_max_us=6967 tick_max_us=10256 producer_failures=0 presentation_failures=0
[23:53:39] TINYDRAW_PAN_BASELINE zoom=400 x=2261 y=951 frames=3 reused=0 compose_avg_us=29521 compose_max_us=30872 present_avg_us=18410 present_max_us=18856 tear_wait_avg_us=8143 tear_wait_max_us=10403 failures=0
[23:53:39] TINYDRAW_FILL_BASELINE result=superseded zoom=400 x=2125 y=1170 revision=2572 steps=38 wall_us=331111 compute_total_us=87313 compute_max_us=9906 present_total_us=23215 present_max_us=9785 tick_max_us=9919 producer_failures=0 presentation_failures=0
[23:53:39] TINYDRAW_PAN_BASELINE zoom=400 x=2436 y=791 frames=3 reused=0 compose_avg_us=28268 compose_max_us=28786 present_avg_us=18567 present_max_us=18791 tear_wait_avg_us=9566 tear_wait_max_us=10493 failures=0
[23:53:40] TINYDRAW_FILL_BASELINE result=superseded zoom=400 x=2261 y=951 revision=2572 steps=16 wall_us=280285 compute_total_us=51827 compute_max_us=10556 present_total_us=8998 present_max_us=8998 tick_max_us=10773 producer_failures=0 presentation_failures=0
[23:53:40] TINYDRAW_PAN_BASELINE zoom=400 x=2571 y=663 frames=2 reused=0 compose_avg_us=28798 compose_max_us=28885 present_avg_us=18454 present_max_us=18546 tear_wait_avg_us=11483 tear_wait_max_us=13324 failures=0
[23:53:40] TINYDRAW_FILL_BASELINE result=superseded zoom=400 x=2436 y=791 revision=2572 steps=19 wall_us=230384 compute_total_us=57096 compute_max_us=13131 present_total_us=17605 present_max_us=9055 tick_max_us=13145 producer_failures=0 presentation_failures=0
[23:53:40] TINYDRAW_PAN_BASELINE zoom=400 x=2733 y=481 frames=3 reused=0 compose_avg_us=29497 compose_max_us=30341 present_avg_us=18793 present_max_us=18923 tear_wait_avg_us=7765 tear_wait_max_us=9114 failures=0
[23:53:40] TINYDRAW_FILL_BASELINE result=superseded zoom=400 x=2571 y=663 revision=2572 steps=21 wall_us=313997 compute_total_us=74952 compute_max_us=10826 present_total_us=18089 present_max_us=9123 tick_max_us=12034 producer_failures=0 presentation_failures=0
[23:53:40] TINYDRAW_PAN_BASELINE zoom=400 x=2642 y=775 frames=3 reused=0 compose_avg_us=30131 compose_max_us=30335 present_avg_us=18486 present_max_us=18628 tear_wait_avg_us=6441 tear_wait_max_us=8489 failures=0
[23:53:40] TINYDRAW_FILL_BASELINE result=superseded zoom=400 x=2733 y=481 revision=2572 steps=10 wall_us=265219 compute_total_us=45777 compute_max_us=10503 present_total_us=9180 present_max_us=9180 tick_max_us=10903 producer_failures=0 presentation_failures=0
[23:53:41] TINYDRAW_PAN_BASELINE zoom=400 x=2535 y=1067 frames=3 reused=0 compose_avg_us=30021 compose_max_us=31557 present_avg_us=18331 present_max_us=18858 tear_wait_avg_us=6038 tear_wait_max_us=8926 failures=0
[23:53:41] TINYDRAW_FILL_BASELINE result=superseded zoom=400 x=2642 y=775 revision=2572 steps=24 wall_us=329417 compute_total_us=83344 compute_max_us=10855 present_total_us=26241 present_max_us=9155 tick_max_us=10868 producer_failures=0 presentation_failures=0
[23:53:41] TINYDRAW_PAN_BASELINE zoom=400 x=2430 y=1316 frames=3 reused=0 compose_avg_us=29291 compose_max_us=30187 present_avg_us=18440 present_max_us=18582 tear_wait_avg_us=7339 tear_wait_max_us=9836 failures=0
[23:53:41] TINYDRAW_FILL_BASELINE result=superseded zoom=400 x=2535 y=1067 revision=2572 steps=28 wall_us=330202 compute_total_us=68436 compute_max_us=11257 present_total_us=18284 present_max_us=9412 tick_max_us=12537 producer_failures=0 presentation_failures=0
[23:53:41] TINYDRAW_PAN_BASELINE zoom=400 x=2279 y=1445 frames=4 reused=0 compose_avg_us=30436 compose_max_us=30518 present_avg_us=18511 present_max_us=18852 tear_wait_avg_us=6288 tear_wait_max_us=8537 failures=0
[23:53:41] TINYDRAW_FILL_BASELINE result=superseded zoom=400 x=2430 y=1316 revision=2572 steps=37 wall_us=399112 compute_total_us=91835 compute_max_us=10207 present_total_us=24806 present_max_us=8516 tick_max_us=11345 producer_failures=0 presentation_failures=0
[23:53:42] TINYDRAW_PAN_BASELINE zoom=400 x=2112 y=1521 frames=3 reused=0 compose_avg_us=30980 compose_max_us=31137 present_avg_us=18343 present_max_us=18844 tear_wait_avg_us=5740 tear_wait_max_us=7204 failures=0
[23:53:42] TINYDRAW_FILL_BASELINE result=superseded zoom=400 x=2279 y=1445 revision=2572 steps=39 wall_us=331112 compute_total_us=99872 compute_max_us=10047 present_total_us=18810 present_max_us=9034 tick_max_us=11726 producer_failures=0 presentation_failures=0
[23:53:42] TINYDRAW_FILL_BASELINE result=complete zoom=400 x=2112 y=1521 revision=2572 steps=48 wall_us=111247 compute_total_us=98623 compute_max_us=7290 present_total_us=7754 present_max_us=3918 tick_max_us=8112 producer_failures=0 presentation_failures=0
[23:53:42] TINYDRAW_LIVE_FILL_DONE zoom=400 x=2112 y=1521 revision=2572
[23:53:42] TINYDRAW_PAN_BASELINE zoom=400 x=2184 y=1710 frames=3 reused=1 compose_avg_us=29379 compose_max_us=31886 present_avg_us=20126 present_max_us=23580 tear_wait_avg_us=3956 tear_wait_max_us=6198 failures=0
[23:53:42] TINYDRAW_FILL_BASELINE result=complete zoom=400 x=2184 y=1710 revision=2572 steps=69 wall_us=197136 compute_total_us=163511 compute_max_us=9751 present_total_us=27384 present_max_us=8227 tick_max_us=9763 producer_failures=0 presentation_failures=0
[23:53:42] TINYDRAW_LIVE_FILL_DONE zoom=400 x=2184 y=1710 revision=2572
[23:53:43] TINYDRAW_PAN_BASELINE zoom=400 x=2375 y=1896 frames=2 reused=0 compose_avg_us=30947 compose_max_us=32992 present_avg_us=18633 present_max_us=18701 tear_wait_avg_us=4143 tear_wait_max_us=8253 failures=0
[23:53:43] TINYDRAW_PAN_BASELINE zoom=400 x=2491 y=2044 frames=2 reused=0 compose_avg_us=30005 compose_max_us=30380 present_avg_us=18149 present_max_us=18244 tear_wait_avg_us=12592 tear_wait_max_us=16128 failures=0
[23:53:43] TINYDRAW_FILL_BASELINE result=superseded zoom=400 x=2375 y=1896 revision=2572 steps=44 wall_us=283139 compute_total_us=96635 compute_max_us=9973 present_total_us=23531 present_max_us=9873 tick_max_us=11864 producer_failures=0 presentation_failures=0
[23:53:43] TINYDRAW_PAN_BASELINE zoom=400 x=2551 y=2193 frames=2 reused=0 compose_avg_us=28944 compose_max_us=29042 present_avg_us=18561 present_max_us=18664 tear_wait_avg_us=8738 tear_wait_max_us=9428 failures=0
[23:53:43] TINYDRAW_FILL_BASELINE result=superseded zoom=400 x=2491 y=2044 revision=2572 steps=12 wall_us=180077 compute_total_us=28531 compute_max_us=10253 present_total_us=0 present_max_us=0 tick_max_us=11495 producer_failures=0 presentation_failures=0
[23:53:43] TINYDRAW_PAN_BASELINE zoom=400 x=2649 y=2391 frames=2 reused=0 compose_avg_us=28805 compose_max_us=29506 present_avg_us=18425 present_max_us=18815 tear_wait_avg_us=12506 tear_wait_max_us=14210 failures=0
[23:53:43] TINYDRAW_FILL_BASELINE result=superseded zoom=400 x=2551 y=2193 revision=2572 steps=10 wall_us=180896 compute_total_us=28124 compute_max_us=10160 present_total_us=0 present_max_us=0 tick_max_us=12202 producer_failures=0 presentation_failures=0
[23:53:43] TINYDRAW_PAN_BASELINE zoom=400 x=2797 y=2244 frames=2 reused=0 compose_avg_us=29363 compose_max_us=29498 present_avg_us=18745 present_max_us=18827 tear_wait_avg_us=10627 tear_wait_max_us=12690 failures=0
[23:53:44] TINYDRAW_FILL_BASELINE result=superseded zoom=400 x=2649 y=2391 revision=2572 steps=19 wall_us=213730 compute_total_us=50085 compute_max_us=10365 present_total_us=9291 present_max_us=9291 tick_max_us=11909 producer_failures=0 presentation_failures=0
[23:53:44] TINYDRAW_PAN_BASELINE zoom=400 x=2838 y=1927 frames=3 reused=0 compose_avg_us=29076 compose_max_us=30962 present_avg_us=18572 present_max_us=18908 tear_wait_avg_us=8404 tear_wait_max_us=10728 failures=0
[23:53:44] TINYDRAW_FILL_BASELINE result=superseded zoom=400 x=2797 y=2244 revision=2572 steps=31 wall_us=314117 compute_total_us=81028 compute_max_us=10493 present_total_us=18122 present_max_us=9398 tick_max_us=11224 producer_failures=0 presentation_failures=0
[23:53:44] TINYDRAW_PAN_BASELINE zoom=400 x=2840 y=1689 frames=2 reused=0 compose_avg_us=28112 compose_max_us=28312 present_avg_us=18845 present_max_us=18922 tear_wait_avg_us=6769 tear_wait_max_us=10060 failures=0
[23:53:44] TINYDRAW_FILL_BASELINE result=superseded zoom=400 x=2838 y=1927 revision=2572 steps=1 wall_us=146126 compute_total_us=9003 compute_max_us=9003 present_total_us=0 present_max_us=0 tick_max_us=9023 producer_failures=0 presentation_failures=0
[23:53:44] TINYDRAW_PAN_BASELINE zoom=400 x=2987 y=1523 frames=2 reused=0 compose_avg_us=29095 compose_max_us=29269 present_avg_us=18462 present_max_us=18569 tear_wait_avg_us=6185 tear_wait_max_us=9458 failures=0
[23:53:44] TINYDRAW_FILL_BASELINE result=superseded zoom=400 x=2840 y=1689 revision=2572 steps=19 wall_us=198964 compute_total_us=46933 compute_max_us=12186 present_total_us=8674 present_max_us=8674 tick_max_us=13068 producer_failures=0 presentation_failures=0
[23:53:44] TINYDRAW_PAN_BASELINE zoom=400 x=3191 y=1428 frames=2 reused=0 compose_avg_us=29028 compose_max_us=29535 present_avg_us=18442 present_max_us=18550 tear_wait_avg_us=6749 tear_wait_max_us=8848 failures=0
[23:53:44] TINYDRAW_FILL_BASELINE result=superseded zoom=400 x=2987 y=1523 revision=2572 steps=22 wall_us=228230 compute_total_us=57183 compute_max_us=10460 present_total_us=18930 present_max_us=9826 tick_max_us=11490 producer_failures=0 presentation_failures=0
[23:53:45] TINYDRAW_PAN_BASELINE zoom=400 x=3378 y=1327 frames=2 reused=0 compose_avg_us=28872 compose_max_us=29043 present_avg_us=18421 present_max_us=18519 tear_wait_avg_us=9951 tear_wait_max_us=10188 failures=0
[23:53:45] TINYDRAW_FILL_BASELINE result=superseded zoom=400 x=3191 y=1428 revision=2572 steps=22 wall_us=230244 compute_total_us=54622 compute_max_us=10754 present_total_us=18811 present_max_us=9971 tick_max_us=10768 producer_failures=0 presentation_failures=0
[23:53:45] TINYDRAW_PAN_BASELINE zoom=400 x=3495 y=1248 frames=2 reused=0 compose_avg_us=29344 compose_max_us=29569 present_avg_us=18347 present_max_us=18438 tear_wait_avg_us=11540 tear_wait_max_us=13719 failures=0
[23:53:45] TINYDRAW_FILL_BASELINE result=superseded zoom=400 x=3378 y=1327 revision=2572 steps=16 wall_us=230186 compute_total_us=53429 compute_max_us=10587 present_total_us=17292 present_max_us=8870 tick_max_us=10601 producer_failures=0 presentation_failures=0
[23:53:45] TINYDRAW_PAN_BASELINE zoom=400 x=3592 y=1178 frames=2 reused=0 compose_avg_us=28965 compose_max_us=29205 present_avg_us=18175 present_max_us=18269 tear_wait_avg_us=5099 tear_wait_max_us=9933 failures=0
[23:53:45] TINYDRAW_FILL_BASELINE result=superseded zoom=400 x=3495 y=1248 revision=2572 steps=16 wall_us=212941 compute_total_us=53779 compute_max_us=10367 present_total_us=18465 present_max_us=9655 tick_max_us=10380 producer_failures=0 presentation_failures=0
[23:53:45] TINYDRAW_PAN_BASELINE zoom=400 x=3703 y=1127 frames=2 reused=0 compose_avg_us=29797 compose_max_us=30228 present_avg_us=18156 present_max_us=18272 tear_wait_avg_us=5780 tear_wait_max_us=9300 failures=0
[23:53:45] TINYDRAW_FILL_BASELINE result=superseded zoom=400 x=3592 y=1178 revision=2572 steps=20 wall_us=230107 compute_total_us=63492 compute_max_us=12263 present_total_us=16381 present_max_us=8411 tick_max_us=12278 producer_failures=0 presentation_failures=0
[23:53:46] TINYDRAW_PAN_BASELINE zoom=400 x=3918 y=1056 frames=2 reused=0 compose_avg_us=28851 compose_max_us=29440 present_avg_us=18860 present_max_us=18963 tear_wait_avg_us=6511 tear_wait_max_us=9705 failures=0
[23:53:46] TINYDRAW_FILL_BASELINE result=superseded zoom=400 x=3703 y=1127 revision=2572 steps=13 wall_us=214106 compute_total_us=49965 compute_max_us=10652 present_total_us=17488 present_max_us=9818 tick_max_us=10666 producer_failures=0 presentation_failures=0
[23:53:46] TINYDRAW_PAN_BASELINE zoom=400 x=4085 y=943 frames=2 reused=0 compose_avg_us=28514 compose_max_us=28904 present_avg_us=18392 present_max_us=18740 tear_wait_avg_us=10836 tear_wait_max_us=10865 failures=0
[23:53:46] TINYDRAW_FILL_BASELINE result=superseded zoom=400 x=3918 y=1056 revision=2572 steps=22 wall_us=247190 compute_total_us=66748 compute_max_us=9351 present_total_us=24171 present_max_us=8371 tick_max_us=10469 producer_failures=0 presentation_failures=0
[23:53:46] TINYDRAW_PAN_BASELINE zoom=400 x=4145 y=894 frames=2 reused=0 compose_avg_us=28563 compose_max_us=28915 present_avg_us=18205 present_max_us=18328 tear_wait_avg_us=10980 tear_wait_max_us=13219 failures=0
[23:53:46] TINYDRAW_FILL_BASELINE result=superseded zoom=400 x=4085 y=943 revision=2572 steps=23 wall_us=281190 compute_total_us=86568 compute_max_us=10272 present_total_us=34907 present_max_us=9737 tick_max_us=11194 producer_failures=0 presentation_failures=0
[23:53:47] TINYDRAW_PAN_BASELINE zoom=400 x=4246 y=802 frames=2 reused=0 compose_avg_us=28696 compose_max_us=29228 present_avg_us=18216 present_max_us=18352 tear_wait_avg_us=8825 tear_wait_max_us=10463 failures=0
[23:53:47] TINYDRAW_FILL_BASELINE result=superseded zoom=400 x=4145 y=894 revision=2572 steps=21 wall_us=246109 compute_total_us=66501 compute_max_us=9216 present_total_us=25825 present_max_us=9364 tick_max_us=9906 producer_failures=0 presentation_failures=0
[23:53:47] TINYDRAW_PAN_BASELINE zoom=400 x=4295 y=756 frames=2 reused=0 compose_avg_us=27474 compose_max_us=27833 present_avg_us=18494 present_max_us=18611 tear_wait_avg_us=8754 tear_wait_max_us=11220 failures=0
[23:53:47] TINYDRAW_FILL_BASELINE result=superseded zoom=400 x=4246 y=802 revision=2572 steps=23 wall_us=264384 compute_total_us=88662 compute_max_us=10500 present_total_us=26974 present_max_us=7565 tick_max_us=10513 producer_failures=0 presentation_failures=0
[23:53:47] TINYDRAW_PAN_BASELINE zoom=400 x=4292 y=992 frames=2 reused=0 compose_avg_us=27665 compose_max_us=28389 present_avg_us=18582 present_max_us=18963 tear_wait_avg_us=9482 tear_wait_max_us=10355 failures=0
[23:53:47] TINYDRAW_FILL_BASELINE result=superseded zoom=400 x=4295 y=756 revision=2572 steps=28 wall_us=281205 compute_total_us=108189 compute_max_us=7774 present_total_us=20632 present_max_us=5687 tick_max_us=7791 producer_failures=0 presentation_failures=0
[23:53:47] TINYDRAW_PAN_BASELINE zoom=400 x=4270 y=1182 frames=2 reused=0 compose_avg_us=29652 compose_max_us=30096 present_avg_us=18466 present_max_us=18563 tear_wait_avg_us=11616 tear_wait_max_us=14975 failures=0
[23:53:47] TINYDRAW_FILL_BASELINE result=superseded zoom=400 x=4292 y=992 revision=2572 steps=30 wall_us=263464 compute_total_us=86191 compute_max_us=10660 present_total_us=15776 present_max_us=5968 tick_max_us=11470 producer_failures=0 presentation_failures=0
[23:53:48] TINYDRAW_PAN_BASELINE zoom=400 x=4225 y=1382 frames=2 reused=0 compose_avg_us=28839 compose_max_us=29591 present_avg_us=18473 present_max_us=18574 tear_wait_avg_us=7433 tear_wait_max_us=10271 failures=0
[23:53:48] TINYDRAW_FILL_BASELINE result=superseded zoom=400 x=4270 y=1182 revision=2572 steps=20 wall_us=230096 compute_total_us=61810 compute_max_us=9654 present_total_us=17702 present_max_us=8028 tick_max_us=10564 producer_failures=0 presentation_failures=0
[23:53:48] TINYDRAW_PAN_BASELINE zoom=400 x=4213 y=1613 frames=2 reused=0 compose_avg_us=28871 compose_max_us=29418 present_avg_us=18425 present_max_us=18519 tear_wait_avg_us=9440 tear_wait_max_us=10072 failures=0
[23:53:48] TINYDRAW_FILL_BASELINE result=superseded zoom=400 x=4225 y=1382 revision=2572 steps=15 wall_us=230191 compute_total_us=56664 compute_max_us=10112 present_total_us=18129 present_max_us=9326 tick_max_us=12253 producer_failures=0 presentation_failures=0
[23:53:48] TINYDRAW_PAN_BASELINE zoom=400 x=4244 y=1848 frames=3 reused=0 compose_avg_us=28448 compose_max_us=29056 present_avg_us=18644 present_max_us=18972 tear_wait_avg_us=8956 tear_wait_max_us=10600 failures=0
[23:53:48] TINYDRAW_FILL_BASELINE result=superseded zoom=400 x=4213 y=1613 revision=2572 steps=12 wall_us=264105 compute_total_us=37445 compute_max_us=10533 present_total_us=10005 present_max_us=10005 tick_max_us=11577 producer_failures=0 presentation_failures=0
[23:53:48] TINYDRAW_PAN_BASELINE zoom=400 x=4280 y=2097 frames=2 reused=0 compose_avg_us=28084 compose_max_us=28332 present_avg_us=18442 present_max_us=18848 tear_wait_avg_us=8702 tear_wait_max_us=11041 failures=0
[23:53:48] TINYDRAW_FILL_BASELINE result=superseded zoom=400 x=4244 y=1848 revision=2572 steps=1 wall_us=146023 compute_total_us=4249 compute_max_us=4249 present_total_us=0 present_max_us=0 tick_max_us=4269 producer_failures=0 presentation_failures=0
[23:53:49] TINYDRAW_PAN_BASELINE zoom=400 x=4301 y=2230 frames=2 reused=0 compose_avg_us=29043 compose_max_us=29101 present_avg_us=18818 present_max_us=18912 tear_wait_avg_us=6876 tear_wait_max_us=8904 failures=0
[23:53:49] TINYDRAW_FILL_BASELINE result=superseded zoom=400 x=4280 y=2097 revision=2572 steps=21 wall_us=213991 compute_total_us=57332 compute_max_us=10404 present_total_us=9063 present_max_us=9063 tick_max_us=12607 producer_failures=0 presentation_failures=0
[23:53:49] TINYDRAW_PAN_BASELINE zoom=400 x=4321 y=2448 frames=2 reused=0 compose_avg_us=29172 compose_max_us=30021 present_avg_us=18467 present_max_us=18557 tear_wait_avg_us=5061 tear_wait_max_us=8976 failures=0
[23:53:49] TINYDRAW_FILL_BASELINE result=superseded zoom=400 x=4301 y=2230 revision=2572 steps=13 wall_us=196199 compute_total_us=41065 compute_max_us=10115 present_total_us=10125 present_max_us=10125 tick_max_us=10128 producer_failures=0 presentation_failures=0
[23:53:49] TINYDRAW_PAN_BASELINE zoom=400 x=4365 y=2658 frames=2 reused=0 compose_avg_us=28261 compose_max_us=28633 present_avg_us=18452 present_max_us=18854 tear_wait_avg_us=9032 tear_wait_max_us=10994 failures=0
[23:53:49] TINYDRAW_FILL_BASELINE result=superseded zoom=400 x=4321 y=2448 revision=2572 steps=9 wall_us=180099 compute_total_us=25720 compute_max_us=9210 present_total_us=9063 present_max_us=9063 tick_max_us=10993 producer_failures=0 presentation_failures=0
[23:53:49] TINYDRAW_PAN_BASELINE zoom=400 x=4420 y=2857 frames=2 reused=0 compose_avg_us=28635 compose_max_us=28944 present_avg_us=18472 present_max_us=18874 tear_wait_avg_us=10112 tear_wait_max_us=10501 failures=0
[23:53:49] TINYDRAW_FILL_BASELINE result=superseded zoom=400 x=4365 y=2658 revision=2572 steps=14 wall_us=230459 compute_total_us=59214 compute_max_us=11816 present_total_us=19620 present_max_us=10757 tick_max_us=11830 producer_failures=0 presentation_failures=0
[23:53:49] TINYDRAW_PAN_BASELINE zoom=400 x=4469 y=3002 frames=2 reused=0 compose_avg_us=28490 compose_max_us=28643 present_avg_us=18428 present_max_us=18521 tear_wait_avg_us=6816 tear_wait_max_us=10043 failures=0
[23:53:49] TINYDRAW_FILL_BASELINE result=superseded zoom=400 x=4420 y=2857 revision=2572 steps=6 wall_us=178933 compute_total_us=25149 compute_max_us=10648 present_total_us=8537 present_max_us=8537 tick_max_us=12059 producer_failures=0 presentation_failures=0
[23:53:50] TINYDRAW_PAN_BASELINE zoom=400 x=4532 y=3262 frames=2 reused=0 compose_avg_us=28781 compose_max_us=29473 present_avg_us=18518 present_max_us=18623 tear_wait_avg_us=7423 tear_wait_max_us=10194 failures=0
[23:53:50] TINYDRAW_FILL_BASELINE result=superseded zoom=400 x=4469 y=3002 revision=2572 steps=18 wall_us=230287 compute_total_us=62093 compute_max_us=10343 present_total_us=18111 present_max_us=9143 tick_max_us=12197 producer_failures=0 presentation_failures=0
[23:53:50] TINYDRAW_PAN_BASELINE zoom=400 x=4563 y=3500 frames=2 reused=0 compose_avg_us=28885 compose_max_us=29262 present_avg_us=18609 present_max_us=18688 tear_wait_avg_us=8737 tear_wait_max_us=9692 failures=0
[23:53:50] TINYDRAW_FILL_BASELINE result=superseded zoom=400 x=4532 y=3262 revision=2572 steps=13 wall_us=230019 compute_total_us=58580 compute_max_us=10823 present_total_us=16861 present_max_us=8528 tick_max_us=12701 producer_failures=0 presentation_failures=0
[23:53:50] TINYDRAW_PAN_BASELINE zoom=400 x=4544 y=3751 frames=2 reused=0 compose_avg_us=28973 compose_max_us=29606 present_avg_us=18692 present_max_us=18788 tear_wait_avg_us=10078 tear_wait_max_us=10365 failures=0
[23:53:50] TINYDRAW_FILL_BASELINE result=superseded zoom=400 x=4563 y=3500 revision=2572 steps=12 wall_us=232243 compute_total_us=54115 compute_max_us=11733 present_total_us=18401 present_max_us=9429 tick_max_us=14225 producer_failures=0 presentation_failures=0
[23:53:50] TINYDRAW_PAN_BASELINE zoom=400 x=4537 y=3871 frames=2 reused=0 compose_avg_us=28894 compose_max_us=29298 present_avg_us=18746 present_max_us=18841 tear_wait_avg_us=12601 tear_wait_max_us=15613 failures=0
[23:53:50] TINYDRAW_FILL_BASELINE result=superseded zoom=400 x=4544 y=3751 revision=2572 steps=15 wall_us=230102 compute_total_us=50290 compute_max_us=10224 present_total_us=16475 present_max_us=8324 tick_max_us=10238 producer_failures=0 presentation_failures=0
[23:53:51] TINYDRAW_PAN_BASELINE zoom=400 x=4469 y=4129 frames=3 reused=0 compose_avg_us=28619 compose_max_us=29310 present_avg_us=18530 present_max_us=18707 tear_wait_avg_us=6909 tear_wait_max_us=10304 failures=0
[23:53:51] TINYDRAW_FILL_BASELINE result=superseded zoom=400 x=4537 y=3871 revision=2572 steps=12 wall_us=278053 compute_total_us=49156 compute_max_us=10215 present_total_us=17386 present_max_us=9041 tick_max_us=10227 producer_failures=0 presentation_failures=0
[23:53:51] TINYDRAW_PAN_BASELINE zoom=400 x=4414 y=4306 frames=2 reused=0 compose_avg_us=28586 compose_max_us=28684 present_avg_us=18802 present_max_us=18912 tear_wait_avg_us=9335 tear_wait_max_us=9336 failures=0
[23:53:51] TINYDRAW_FILL_BASELINE result=superseded zoom=400 x=4469 y=4129 revision=2572 steps=7 wall_us=180018 compute_total_us=27015 compute_max_us=10516 present_total_us=0 present_max_us=0 tick_max_us=10530 producer_failures=0 presentation_failures=0
[23:53:51] TINYDRAW_PAN_BASELINE zoom=400 x=4277 y=4511 frames=3 reused=0 compose_avg_us=28837 compose_max_us=29788 present_avg_us=18469 present_max_us=18681 tear_wait_avg_us=8425 tear_wait_max_us=10031 failures=0
[23:53:51] TINYDRAW_FILL_BASELINE result=superseded zoom=400 x=4414 y=4306 revision=2572 steps=12 wall_us=280906 compute_total_us=50605 compute_max_us=10412 present_total_us=16888 present_max_us=8617 tick_max_us=10426 producer_failures=0 presentation_failures=0
[23:53:51] TINYDRAW_PAN_BASELINE zoom=400 x=4034 y=4660 frames=3 reused=0 compose_avg_us=28380 compose_max_us=28966 present_avg_us=18559 present_max_us=18773 tear_wait_avg_us=7459 tear_wait_max_us=10599 failures=0
[23:53:51] TINYDRAW_FILL_BASELINE result=superseded zoom=400 x=4277 y=4511 revision=2572 steps=6 wall_us=247099 compute_total_us=26105 compute_max_us=10424 present_total_us=9729 present_max_us=9729 tick_max_us=10439 producer_failures=0 presentation_failures=0
[23:53:52] TINYDRAW_PAN_BASELINE zoom=400 x=3789 y=4631 frames=3 reused=0 compose_avg_us=28042 compose_max_us=28367 present_avg_us=18582 present_max_us=18914 tear_wait_avg_us=11435 tear_wait_max_us=13232 failures=0
[23:53:52] TINYDRAW_FILL_BASELINE result=superseded zoom=400 x=4034 y=4660 revision=2572 steps=9 wall_us=264369 compute_total_us=31989 compute_max_us=9948 present_total_us=7906 present_max_us=7906 tick_max_us=11043 producer_failures=0 presentation_failures=0
[23:53:52] TINYDRAW_PAN_BASELINE zoom=400 x=3510 y=4602 frames=3 reused=0 compose_avg_us=27251 compose_max_us=27527 present_avg_us=18466 present_max_us=18671 tear_wait_avg_us=8670 tear_wait_max_us=11166 failures=0
[23:53:52] TINYDRAW_FILL_BASELINE result=superseded zoom=400 x=3789 y=4631 revision=2572 steps=14 wall_us=280287 compute_total_us=49014 compute_max_us=7910 present_total_us=16733 present_max_us=8761 tick_max_us=8771 producer_failures=0 presentation_failures=0
[23:53:52] TINYDRAW_PAN_BASELINE zoom=400 x=3263 y=4621 frames=3 reused=0 compose_avg_us=28393 compose_max_us=28665 present_avg_us=18469 present_max_us=18920 tear_wait_avg_us=9193 tear_wait_max_us=10199 failures=0
[23:53:52] TINYDRAW_FILL_BASELINE result=superseded zoom=400 x=3510 y=4602 revision=2572 steps=18 wall_us=298290 compute_total_us=60532 compute_max_us=10653 present_total_us=17220 present_max_us=8984 tick_max_us=11673 producer_failures=0 presentation_failures=0
[23:53:53] TINYDRAW_PAN_BASELINE zoom=400 x=3032 y=4557 frames=3 reused=0 compose_avg_us=28691 compose_max_us=29070 present_avg_us=18525 present_max_us=18719 tear_wait_avg_us=8506 tear_wait_max_us=10038 failures=0
[23:53:53] TINYDRAW_FILL_BASELINE result=superseded zoom=400 x=3263 y=4621 revision=2572 steps=11 wall_us=263105 compute_total_us=38141 compute_max_us=10995 present_total_us=9160 present_max_us=9160 tick_max_us=11008 producer_failures=0 presentation_failures=0
[23:53:53] TINYDRAW_PAN_BASELINE zoom=400 x=2753 y=4502 frames=3 reused=0 compose_avg_us=28212 compose_max_us=28736 present_avg_us=18567 present_max_us=18923 tear_wait_avg_us=8273 tear_wait_max_us=10528 failures=0
[23:53:53] TINYDRAW_FILL_BASELINE result=superseded zoom=400 x=3032 y=4557 revision=2572 steps=17 wall_us=264186 compute_total_us=40669 compute_max_us=9297 present_total_us=9987 present_max_us=9987 tick_max_us=10602 producer_failures=0 presentation_failures=0
[23:53:53] TINYDRAW_PAN_BASELINE zoom=400 x=2478 y=4461 frames=3 reused=0 compose_avg_us=28453 compose_max_us=28780 present_avg_us=18187 present_max_us=18386 tear_wait_avg_us=7072 tear_wait_max_us=10102 failures=0
[23:53:53] TINYDRAW_FILL_BASELINE result=superseded zoom=400 x=2753 y=4502 revision=2572 steps=16 wall_us=263290 compute_total_us=41559 compute_max_us=10075 present_total_us=9372 present_max_us=9372 tick_max_us=10089 producer_failures=0 presentation_failures=0
[23:53:53] TINYDRAW_PAN_BASELINE zoom=400 x=2663 y=4479 frames=3 reused=0 compose_avg_us=28873 compose_max_us=29052 present_avg_us=18668 present_max_us=18925 tear_wait_avg_us=6852 tear_wait_max_us=9660 failures=0
[23:53:54] TINYDRAW_FILL_BASELINE result=superseded zoom=400 x=2478 y=4461 revision=2572 steps=9 wall_us=281109 compute_total_us=31930 compute_max_us=10269 present_total_us=8677 present_max_us=8677 tick_max_us=10282 producer_failures=0 presentation_failures=0
[23:53:54] TINYDRAW_PAN_BASELINE zoom=400 x=2831 y=4484 frames=2 reused=0 compose_avg_us=29335 compose_max_us=29841 present_avg_us=18772 present_max_us=18893 tear_wait_avg_us=12633 tear_wait_max_us=16017 failures=0
[23:53:54] TINYDRAW_FILL_BASELINE result=superseded zoom=400 x=2663 y=4479 revision=2572 steps=31 wall_us=264452 compute_total_us=82167 compute_max_us=10501 present_total_us=26397 present_max_us=9289 tick_max_us=11286 producer_failures=0 presentation_failures=0
[23:53:54] TINYDRAW_PAN_BASELINE zoom=400 x=2969 y=4489 frames=2 reused=0 compose_avg_us=30153 compose_max_us=30366 present_avg_us=18232 present_max_us=18355 tear_wait_avg_us=5830 tear_wait_max_us=8661 failures=0
[23:53:54] TINYDRAW_FILL_BASELINE result=superseded zoom=400 x=2831 y=4484 revision=2572 steps=42 wall_us=279947 compute_total_us=101342 compute_max_us=10138 present_total_us=27076 present_max_us=9302 tick_max_us=12492 producer_failures=0 presentation_failures=0
[23:53:54] TINYDRAW_PAN_BASELINE zoom=400 x=3140 y=4490 frames=2 reused=0 compose_avg_us=30234 compose_max_us=30933 present_avg_us=18530 present_max_us=18638 tear_wait_avg_us=3938 tear_wait_max_us=7737 failures=0
[23:53:54] TINYDRAW_FILL_BASELINE result=superseded zoom=400 x=2969 y=4489 revision=2572 steps=36 wall_us=264024 compute_total_us=90110 compute_max_us=10418 present_total_us=26526 present_max_us=9008 tick_max_us=10725 producer_failures=0 presentation_failures=0
[23:53:54] TINYDRAW_LIVE_PRESENT kind=power zoom=400 x=3140 y=4490 compose_us=29754 scroll_us=0 exposed_compose_us=0 chrome_us=7888 read_submit_us=40817 read_complete_us=42431 transfer_wait_us=18614 tile_pixels=63400 uniform_pixels=8192 overview_pixels=0 fallback_pixels=93272 resident_tiles=18 fallback_tiles=30 pushes=11 tear_wait_us=8935 tear_sync=1 frame_reused=0 pass=1
[23:53:55] TINYDRAW_PAN_BASELINE zoom=400 x=3331 y=4474 frames=2 reused=0 compose_avg_us=29695 compose_max_us=30367 present_avg_us=18448 present_max_us=18835 tear_wait_avg_us=10589 tear_wait_max_us=12318 failures=0
[23:53:55] TINYDRAW_FILL_BASELINE result=superseded zoom=400 x=3140 y=4490 revision=2572 steps=9 wall_us=264278 compute_total_us=22059 compute_max_us=9091 present_total_us=0 present_max_us=0 tick_max_us=9103 producer_failures=0 presentation_failures=0
[23:53:55] TINYDRAW_PAN_BASELINE zoom=400 x=3491 y=4461 frames=2 reused=0 compose_avg_us=29632 compose_max_us=29729 present_avg_us=18436 present_max_us=18839 tear_wait_avg_us=5666 tear_wait_max_us=8155 failures=0
[23:53:55] TINYDRAW_FILL_BASELINE result=superseded zoom=400 x=3331 y=4474 revision=2572 steps=23 wall_us=231827 compute_total_us=72050 compute_max_us=10330 present_total_us=16346 present_max_us=8841 tick_max_us=12260 producer_failures=0 presentation_failures=0
[23:53:55] TINYDRAW_PAN_BASELINE zoom=400 x=3617 y=4451 frames=2 reused=0 compose_avg_us=31025 compose_max_us=32116 present_avg_us=18498 present_max_us=18624 tear_wait_avg_us=10717 tear_wait_max_us=15028 failures=0
[23:53:55] TINYDRAW_FILL_BASELINE result=superseded zoom=400 x=3491 y=4461 revision=2572 steps=28 wall_us=279270 compute_total_us=88819 compute_max_us=10147 present_total_us=28294 present_max_us=9763 tick_max_us=10719 producer_failures=0 presentation_failures=0
[23:53:55] TINYDRAW_PAN_BASELINE zoom=400 x=3712 y=4425 frames=2 reused=0 compose_avg_us=29313 compose_max_us=30137 present_avg_us=18461 present_max_us=18565 tear_wait_avg_us=8964 tear_wait_max_us=9878 failures=0
[23:53:55] TINYDRAW_FILL_BASELINE result=superseded zoom=400 x=3617 y=4451 revision=2572 steps=18 wall_us=229953 compute_total_us=54687 compute_max_us=10101 present_total_us=18859 present_max_us=10121 tick_max_us=12390 producer_failures=0 presentation_failures=0
[23:53:56] TINYDRAW_PAN_BASELINE zoom=400 x=3887 y=4421 frames=2 reused=0 compose_avg_us=28616 compose_max_us=28937 present_avg_us=18590 present_max_us=18706 tear_wait_avg_us=7024 tear_wait_max_us=9943 failures=0
[23:53:56] TINYDRAW_FILL_BASELINE result=superseded zoom=400 x=3712 y=4425 revision=2572 steps=24 wall_us=247017 compute_total_us=76667 compute_max_us=8854 present_total_us=20025 present_max_us=9167 tick_max_us=8870 producer_failures=0 presentation_failures=0
[23:53:56] TINYDRAW_PAN_BASELINE zoom=400 x=4003 y=4312 frames=2 reused=0 compose_avg_us=29121 compose_max_us=29291 present_avg_us=18190 present_max_us=18302 tear_wait_avg_us=6925 tear_wait_max_us=8341 failures=0
[23:53:56] TINYDRAW_FILL_BASELINE result=superseded zoom=400 x=3887 y=4421 revision=2572 steps=32 wall_us=280288 compute_total_us=103085 compute_max_us=10256 present_total_us=27139 present_max_us=8900 tick_max_us=11042 producer_failures=0 presentation_failures=0
[23:53:56] TINYDRAW_PAN_BASELINE zoom=400 x=4061 y=4128 frames=2 reused=0 compose_avg_us=30507 compose_max_us=30747 present_avg_us=18736 present_max_us=18848 tear_wait_avg_us=5486 tear_wait_max_us=6807 failures=0
[23:53:56] TINYDRAW_FILL_BASELINE result=superseded zoom=400 x=4003 y=4312 revision=2572 steps=30 wall_us=281019 compute_total_us=96747 compute_max_us=11080 present_total_us=29841 present_max_us=9679 tick_max_us=11099 producer_failures=0 presentation_failures=0
[23:53:57] TINYDRAW_PAN_BASELINE zoom=400 x=4142 y=3783 frames=3 reused=0 compose_avg_us=29204 compose_max_us=31337 present_avg_us=18605 present_max_us=18928 tear_wait_avg_us=11579 tear_wait_max_us=15212 failures=0
[23:53:57] TINYDRAW_FILL_BASELINE result=superseded zoom=400 x=4061 y=4128 revision=2572 steps=21 wall_us=331273 compute_total_us=74895 compute_max_us=10530 present_total_us=24033 present_max_us=9521 tick_max_us=11907 producer_failures=0 presentation_failures=0
[23:53:57] TINYDRAW_PAN_BASELINE zoom=400 x=4090 y=3535 frames=3 reused=0 compose_avg_us=28133 compose_max_us=28328 present_avg_us=18415 present_max_us=18860 tear_wait_avg_us=11523 tear_wait_max_us=13113 failures=0
[23:53:57] TINYDRAW_FILL_BASELINE result=superseded zoom=400 x=4142 y=3783 revision=2572 steps=7 wall_us=247112 compute_total_us=27137 compute_max_us=10675 present_total_us=0 present_max_us=0 tick_max_us=10688 producer_failures=0 presentation_failures=0
[23:53:57] TINYDRAW_PAN_BASELINE zoom=400 x=4018 y=3346 frames=3 reused=0 compose_avg_us=28054 compose_max_us=28281 present_avg_us=18484 present_max_us=18905 tear_wait_avg_us=9517 tear_wait_max_us=10797 failures=0
[23:53:57] TINYDRAW_FILL_BASELINE result=superseded zoom=400 x=4090 y=3535 revision=2572 steps=8 wall_us=247727 compute_total_us=26170 compute_max_us=9245 present_total_us=9232 present_max_us=9232 tick_max_us=9258 producer_failures=0 presentation_failures=0
[23:53:58] TINYDRAW_PAN_BASELINE zoom=400 x=3954 y=3043 frames=3 reused=0 compose_avg_us=28374 compose_max_us=28766 present_avg_us=18265 present_max_us=18465 tear_wait_avg_us=11751 tear_wait_max_us=14498 failures=0
[23:53:58] TINYDRAW_FILL_BASELINE result=superseded zoom=400 x=4018 y=3346 revision=2572 steps=8 wall_us=246548 compute_total_us=29346 compute_max_us=11490 present_total_us=0 present_max_us=0 tick_max_us=13962 producer_failures=0 presentation_failures=0
[23:53:58] TINYDRAW_PAN_BASELINE zoom=400 x=3847 y=2748 frames=3 reused=0 compose_avg_us=28101 compose_max_us=28993 present_avg_us=18496 present_max_us=18728 tear_wait_avg_us=11135 tear_wait_max_us=12022 failures=0
[23:53:58] TINYDRAW_FILL_BASELINE result=superseded zoom=400 x=3954 y=3043 revision=2572 steps=10 wall_us=264817 compute_total_us=37147 compute_max_us=10442 present_total_us=8782 present_max_us=8782 tick_max_us=10455 producer_failures=0 presentation_failures=0
[23:53:58] TINYDRAW_PAN_BASELINE zoom=400 x=3637 y=2459 frames=3 reused=0 compose_avg_us=27841 compose_max_us=28224 present_avg_us=18594 present_max_us=18815 tear_wait_avg_us=9297 tear_wait_max_us=10644 failures=0
[23:53:58] TINYDRAW_FILL_BASELINE result=superseded zoom=400 x=3847 y=2748 revision=2572 steps=8 wall_us=247111 compute_total_us=23208 compute_max_us=9130 present_total_us=8652 present_max_us=8652 tick_max_us=9144 producer_failures=0 presentation_failures=0
[23:53:58] TINYDRAW_PAN_BASELINE zoom=400 x=3448 y=2124 frames=3 reused=0 compose_avg_us=28261 compose_max_us=28493 present_avg_us=18656 present_max_us=18913 tear_wait_avg_us=7133 tear_wait_max_us=10416 failures=0
[23:53:59] TINYDRAW_FILL_BASELINE result=superseded zoom=400 x=3637 y=2459 revision=2572 steps=8 wall_us=249425 compute_total_us=28193 compute_max_us=14471 present_total_us=9049 present_max_us=9049 tick_max_us=15759 producer_failures=0 presentation_failures=0
[23:53:59] TINYDRAW_PAN_BASELINE zoom=400 x=3269 y=1822 frames=3 reused=0 compose_avg_us=28403 compose_max_us=29071 present_avg_us=18489 present_max_us=18954 tear_wait_avg_us=7493 tear_wait_max_us=10237 failures=0
[23:53:59] TINYDRAW_FILL_BASELINE result=superseded zoom=400 x=3448 y=2124 revision=2572 steps=16 wall_us=279296 compute_total_us=48714 compute_max_us=10597 present_total_us=17250 present_max_us=8673 tick_max_us=11468 producer_failures=0 presentation_failures=0
[23:53:59] TINYDRAW_PAN_BASELINE zoom=400 x=3137 y=1529 frames=3 reused=0 compose_avg_us=28594 compose_max_us=29522 present_avg_us=18730 present_max_us=18928 tear_wait_avg_us=8072 tear_wait_max_us=10542 failures=0
[23:53:59] TINYDRAW_FILL_BASELINE result=superseded zoom=400 x=3269 y=1822 revision=2572 steps=16 wall_us=280104 compute_total_us=46385 compute_max_us=11539 present_total_us=18542 present_max_us=9460 tick_max_us=13445 producer_failures=0 presentation_failures=0
[23:53:59] TINYDRAW_PAN_BASELINE zoom=400 x=2919 y=1323 frames=3 reused=0 compose_avg_us=28400 compose_max_us=28768 present_avg_us=18393 present_max_us=18831 tear_wait_avg_us=7604 tear_wait_max_us=10790 failures=0
[23:53:59] TINYDRAW_FILL_BASELINE result=superseded zoom=400 x=3137 y=1529 revision=2572 steps=17 wall_us=264097 compute_total_us=45591 compute_max_us=10550 present_total_us=9343 present_max_us=9343 tick_max_us=10923 producer_failures=0 presentation_failures=0
[23:54:00] TINYDRAW_PAN_BASELINE zoom=400 x=2697 y=1200 frames=3 reused=0 compose_avg_us=28681 compose_max_us=29426 present_avg_us=18634 present_max_us=18969 tear_wait_avg_us=9739 tear_wait_max_us=11123 failures=0
[23:54:00] TINYDRAW_FILL_BASELINE result=superseded zoom=400 x=2919 y=1323 revision=2572 steps=29 wall_us=316150 compute_total_us=77093 compute_max_us=14461 present_total_us=18978 present_max_us=9737 tick_max_us=16371 producer_failures=0 presentation_failures=0
[23:54:00] TINYDRAW_PAN_BASELINE zoom=400 x=2411 y=1061 frames=3 reused=0 compose_avg_us=28445 compose_max_us=29401 present_avg_us=18347 present_max_us=18774 tear_wait_avg_us=10939 tear_wait_max_us=11079 failures=0
[23:54:00] TINYDRAW_FILL_BASELINE result=superseded zoom=400 x=2697 y=1200 revision=2572 steps=32 wall_us=331199 compute_total_us=83347 compute_max_us=10113 present_total_us=27190 present_max_us=9808 tick_max_us=11389 producer_failures=0 presentation_failures=0
[23:54:00] TINYDRAW_PAN_BASELINE zoom=400 x=2263 y=806 frames=3 reused=0 compose_avg_us=29091 compose_max_us=29557 present_avg_us=18464 present_max_us=18672 tear_wait_avg_us=7165 tear_wait_max_us=9145 failures=0
[23:54:00] TINYDRAW_FILL_BASELINE result=superseded zoom=400 x=2411 y=1061 revision=2572 steps=39 wall_us=363847 compute_total_us=110822 compute_max_us=10271 present_total_us=37572 present_max_us=9746 tick_max_us=12391 producer_failures=0 presentation_failures=0
[23:54:01] TINYDRAW_PAN_BASELINE zoom=400 x=2051 y=501 frames=4 reused=0 compose_avg_us=28258 compose_max_us=29371 present_avg_us=18508 present_max_us=18932 tear_wait_avg_us=11203 tear_wait_max_us=12749 failures=0
[23:54:01] TINYDRAW_FILL_BASELINE result=superseded zoom=400 x=2263 y=806 revision=2572 steps=23 wall_us=380184 compute_total_us=79439 compute_max_us=11690 present_total_us=17478 present_max_us=8799 tick_max_us=12806 producer_failures=0 presentation_failures=0
[23:54:01] TINYDRAW_PAN_BASELINE zoom=400 x=1878 y=253 frames=4 reused=0 compose_avg_us=28114 compose_max_us=28334 present_avg_us=18476 present_max_us=18837 tear_wait_avg_us=11633 tear_wait_max_us=16394 failures=0
[23:54:01] TINYDRAW_FILL_BASELINE result=superseded zoom=400 x=2051 y=501 revision=2572 steps=15 wall_us=347178 compute_total_us=44655 compute_max_us=10254 present_total_us=9599 present_max_us=9599 tick_max_us=11270 producer_failures=0 presentation_failures=0
[23:54:02] TINYDRAW_PAN_BASELINE zoom=400 x=1558 y=302 frames=3 reused=0 compose_avg_us=29330 compose_max_us=30170 present_avg_us=18376 present_max_us=18850 tear_wait_avg_us=8032 tear_wait_max_us=9884 failures=0
[23:54:02] TINYDRAW_FILL_BASELINE result=superseded zoom=400 x=1878 y=253 revision=2572 steps=66 wall_us=583133 compute_total_us=279739 compute_max_us=13003 present_total_us=78724 present_max_us=9891 tick_max_us=13017 producer_failures=0 presentation_failures=0
[23:54:02] TINYDRAW_PAN_BASELINE zoom=400 x=1263 y=309 frames=3 reused=0 compose_avg_us=28017 compose_max_us=28351 present_avg_us=18756 present_max_us=18934 tear_wait_avg_us=7620 tear_wait_max_us=10529 failures=0
[23:54:02] TINYDRAW_FILL_BASELINE result=superseded zoom=400 x=1558 y=302 revision=2572 steps=33 wall_us=367172 compute_total_us=114586 compute_max_us=11680 present_total_us=32592 present_max_us=7933 tick_max_us=11697 producer_failures=0 presentation_failures=0
[23:54:03] TINYDRAW_PAN_BASELINE zoom=400 x=988 y=351 frames=3 reused=0 compose_avg_us=28030 compose_max_us=29327 present_avg_us=18282 present_max_us=18517 tear_wait_avg_us=12089 tear_wait_max_us=15897 failures=0
[23:54:03] TINYDRAW_FILL_BASELINE result=superseded zoom=400 x=1263 y=309 revision=2572 steps=21 wall_us=345140 compute_total_us=81849 compute_max_us=10676 present_total_us=32651 present_max_us=9919 tick_max_us=10691 producer_failures=0 presentation_failures=0
[23:54:03] TINYDRAW_PAN_BASELINE zoom=400 x=664 y=337 frames=3 reused=0 compose_avg_us=26479 compose_max_us=28562 present_avg_us=18357 present_max_us=18588 tear_wait_avg_us=13897 tear_wait_max_us=16591 failures=0
[23:54:03] TINYDRAW_FILL_BASELINE result=superseded zoom=400 x=988 y=351 revision=2572 steps=16 wall_us=330205 compute_total_us=71228 compute_max_us=13781 present_total_us=27181 present_max_us=9616 tick_max_us=13795 producer_failures=0 presentation_failures=0
[23:54:03] TINYDRAW_PAN_BASELINE zoom=400 x=375 y=340 frames=3 reused=0 compose_avg_us=25403 compose_max_us=25991 present_avg_us=18552 present_max_us=18876 tear_wait_avg_us=14112 tear_wait_max_us=14661 failures=0
[23:54:03] TINYDRAW_FILL_BASELINE result=superseded zoom=400 x=664 y=337 revision=2572 steps=25 wall_us=364298 compute_total_us=110036 compute_max_us=11840 present_total_us=31452 present_max_us=8777 tick_max_us=11855 producer_failures=0 presentation_failures=0
[23:54:04] TINYDRAW_PAN_BASELINE zoom=400 x=540 y=388 frames=3 reused=0 compose_avg_us=23902 compose_max_us=24443 present_avg_us=18269 present_max_us=18480 tear_wait_avg_us=12237 tear_wait_max_us=15856 failures=0
[23:54:04] TINYDRAW_FILL_BASELINE result=superseded zoom=400 x=375 y=340 revision=2572 steps=17 wall_us=348226 compute_total_us=87520 compute_max_us=9942 present_total_us=48575 present_max_us=8399 tick_max_us=9958 producer_failures=0 presentation_failures=0
[23:54:04] TINYDRAW_FILL_BASELINE result=complete zoom=400 x=540 y=388 revision=2572 steps=11 wall_us=47580 compute_total_us=44727 compute_max_us=6352 present_total_us=72 present_max_us=29 tick_max_us=6510 producer_failures=0 presentation_failures=0
[23:54:04] TINYDRAW_LIVE_FILL_DONE zoom=400 x=540 y=388 revision=2572
[23:54:04] TINYDRAW_PAN_BASELINE zoom=400 x=705 y=400 frames=2 reused=0 compose_avg_us=25436 compose_max_us=26347 present_avg_us=18512 present_max_us=18930 tear_wait_avg_us=13277 tear_wait_max_us=14124 failures=0
[23:54:04] TINYDRAW_FILL_BASELINE result=complete zoom=400 x=705 y=400 revision=2572 steps=21 wall_us=88115 compute_total_us=72401 compute_max_us=7657 present_total_us=11879 present_max_us=5257 tick_max_us=7672 producer_failures=0 presentation_failures=0
[23:54:04] TINYDRAW_LIVE_FILL_DONE zoom=400 x=705 y=400 revision=2572
[23:54:04] TINYDRAW_PAN_BASELINE zoom=400 x=934 y=398 frames=3 reused=0 compose_avg_us=28417 compose_max_us=29614 present_avg_us=18295 present_max_us=18867 tear_wait_avg_us=7029 tear_wait_max_us=9122 failures=0
[23:54:04] TINYDRAW_FILL_BASELINE result=complete zoom=400 x=934 y=398 revision=2572 steps=39 wall_us=145335 compute_total_us=123951 compute_max_us=8575 present_total_us=16227 present_max_us=4369 tick_max_us=9256 producer_failures=0 presentation_failures=0
[23:54:04] TINYDRAW_LIVE_FILL_DONE zoom=400 x=934 y=398 revision=2572
[23:54:05] TINYDRAW_PAN_BASELINE zoom=400 x=1151 y=348 frames=3 reused=0 compose_avg_us=30852 compose_max_us=31150 present_avg_us=18633 present_max_us=18820 tear_wait_avg_us=5911 tear_wait_max_us=7442 failures=0
[23:54:05] TINYDRAW_FILL_BASELINE result=complete zoom=400 x=1151 y=348 revision=2572 steps=27 wall_us=139253 compute_total_us=114450 compute_max_us=10325 present_total_us=20318 present_max_us=5591 tick_max_us=10338 producer_failures=0 presentation_failures=0
[23:54:05] TINYDRAW_LIVE_FILL_DONE zoom=400 x=1151 y=348 revision=2572
[23:54:05] TINYDRAW_PAN_BASELINE zoom=400 x=1365 y=338 frames=2 reused=0 compose_avg_us=30266 compose_max_us=30531 present_avg_us=18677 present_max_us=18770 tear_wait_avg_us=11796 tear_wait_max_us=16460 failures=0
[23:54:05] TINYDRAW_FILL_BASELINE result=complete zoom=400 x=1365 y=338 revision=2572 steps=32 wall_us=136019 compute_total_us=113633 compute_max_us=10421 present_total_us=16557 present_max_us=6056 tick_max_us=11832 producer_failures=0 presentation_failures=0
[23:54:05] TINYDRAW_LIVE_FILL_DONE zoom=400 x=1365 y=338 revision=2572
[23:54:05] TINYDRAW_PAN_BASELINE zoom=400 x=1596 y=340 frames=3 reused=0 compose_avg_us=29908 compose_max_us=30029 present_avg_us=18470 present_max_us=18946 tear_wait_avg_us=8676 tear_wait_max_us=8863 failures=0
[23:54:06] TINYDRAW_FILL_BASELINE result=complete zoom=400 x=1596 y=340 revision=2572 steps=31 wall_us=103215 compute_total_us=91589 compute_max_us=8830 present_total_us=8143 present_max_us=4780 tick_max_us=10250 producer_failures=0 presentation_failures=0
[23:54:06] TINYDRAW_LIVE_FILL_DONE zoom=400 x=1596 y=340 revision=2572
[23:54:06] TINYDRAW_PAN_BASELINE zoom=400 x=1846 y=364 frames=3 reused=0 compose_avg_us=29880 compose_max_us=30206 present_avg_us=18164 present_max_us=18231 tear_wait_avg_us=5381 tear_wait_max_us=7493 failures=0
[23:54:06] TINYDRAW_FILL_BASELINE result=complete zoom=400 x=1846 y=364 revision=2572 steps=44 wall_us=113209 compute_total_us=103672 compute_max_us=7058 present_total_us=4142 present_max_us=2733 tick_max_us=8155 producer_failures=0 presentation_failures=0
[23:54:06] TINYDRAW_LIVE_FILL_DONE zoom=400 x=1846 y=364 revision=2572
[23:54:06] TINYDRAW_PAN_BASELINE zoom=400 x=2054 y=371 frames=3 reused=0 compose_avg_us=30899 compose_max_us=32347 present_avg_us=18309 present_max_us=18823 tear_wait_avg_us=9515 tear_wait_max_us=15218 failures=0
[23:54:06] TINYDRAW_FILL_BASELINE result=complete zoom=400 x=2054 y=371 revision=2572 steps=30 wall_us=146152 compute_total_us=111995 compute_max_us=11808 present_total_us=28696 present_max_us=10103 tick_max_us=13309 producer_failures=0 presentation_failures=0
[23:54:06] TINYDRAW_LIVE_FILL_DONE zoom=400 x=2054 y=371 revision=2572
[23:54:07] TINYDRAW_PAN_BASELINE zoom=400 x=2263 y=368 frames=3 reused=0 compose_avg_us=30665 compose_max_us=30905 present_avg_us=18343 present_max_us=18844 tear_wait_avg_us=9053 tear_wait_max_us=11850 failures=0
[23:54:07] TINYDRAW_PAN_BASELINE zoom=400 x=2010 y=346 frames=3 reused=0 compose_avg_us=32124 compose_max_us=33135 present_avg_us=18766 present_max_us=18963 tear_wait_avg_us=7169 tear_wait_max_us=12054 failures=0
[23:54:07] TINYDRAW_FILL_BASELINE result=superseded zoom=400 x=2263 y=368 revision=2572 steps=28 wall_us=471008 compute_total_us=131606 compute_max_us=10940 present_total_us=43501 present_max_us=9580 tick_max_us=12201 producer_failures=0 presentation_failures=0
[23:54:07] TINYDRAW_FILL_BASELINE result=complete zoom=400 x=2010 y=346 revision=2572 steps=1 wall_us=1195 compute_total_us=1153 compute_max_us=1153 present_total_us=0 present_max_us=0 tick_max_us=1166 producer_failures=0 presentation_failures=0
[23:54:07] TINYDRAW_LIVE_FILL_DONE zoom=400 x=2010 y=346 revision=2572
[23:54:07] TINYDRAW_PAN_BASELINE zoom=400 x=1758 y=359 frames=4 reused=3 compose_avg_us=22816 compose_max_us=30446 present_avg_us=22312 present_max_us=23765 tear_wait_avg_us=1767 tear_wait_max_us=7054 failures=0
[23:54:07] TINYDRAW_FILL_BASELINE result=complete zoom=400 x=1758 y=359 revision=2572 steps=1 wall_us=2193 compute_total_us=2149 compute_max_us=2149 present_total_us=0 present_max_us=0 tick_max_us=2168 producer_failures=0 presentation_failures=0
[23:54:07] TINYDRAW_LIVE_FILL_DONE zoom=400 x=1758 y=359 revision=2572
[23:54:08] TINYDRAW_PAN_BASELINE zoom=400 x=1465 y=370 frames=4 reused=3 compose_avg_us=22161 compose_max_us=29804 present_avg_us=22333 present_max_us=23794 tear_wait_avg_us=4784 tear_wait_max_us=11687 failures=0
[23:54:08] TINYDRAW_FILL_BASELINE result=complete zoom=400 x=1465 y=370 revision=2572 steps=1 wall_us=2230 compute_total_us=2192 compute_max_us=2192 present_total_us=0 present_max_us=0 tick_max_us=2205 producer_failures=0 presentation_failures=0
[23:54:08] TINYDRAW_LIVE_FILL_DONE zoom=400 x=1465 y=370 revision=2572
[23:54:08] TINYDRAW_PAN_BASELINE zoom=400 x=1202 y=386 frames=4 reused=3 compose_avg_us=23154 compose_max_us=30281 present_avg_us=22279 present_max_us=23737 tear_wait_avg_us=3369 tear_wait_max_us=11247 failures=0
[23:54:08] TINYDRAW_FILL_BASELINE result=complete zoom=400 x=1202 y=386 revision=2572 steps=21 wall_us=53114 compute_total_us=50132 compute_max_us=7871 present_total_us=63 present_max_us=21 tick_max_us=7888 producer_failures=0 presentation_failures=0
[23:54:08] TINYDRAW_LIVE_FILL_DONE zoom=400 x=1202 y=386 revision=2572
[23:54:08] TINYDRAW_PAN_BASELINE zoom=400 x=1017 y=439 frames=4 reused=2 compose_avg_us=26290 compose_max_us=31343 present_avg_us=20964 present_max_us=23500 tear_wait_avg_us=5694 tear_wait_max_us=13763 failures=0
[23:54:08] TINYDRAW_FILL_BASELINE result=complete zoom=400 x=1017 y=439 revision=2572 steps=1 wall_us=2135 compute_total_us=2098 compute_max_us=2098 present_total_us=0 present_max_us=0 tick_max_us=2111 producer_failures=0 presentation_failures=0
[23:54:08] TINYDRAW_LIVE_FILL_DONE zoom=400 x=1017 y=439 revision=2572
[23:54:09] TINYDRAW_PAN_BASELINE zoom=400 x=763 y=441 frames=4 reused=3 compose_avg_us=22747 compose_max_us=30516 present_avg_us=22275 present_max_us=23691 tear_wait_avg_us=3905 tear_wait_max_us=11748 failures=0
[23:54:09] TINYDRAW_FILL_BASELINE result=complete zoom=400 x=763 y=441 revision=2572 steps=1 wall_us=2575 compute_total_us=2537 compute_max_us=2537 present_total_us=0 present_max_us=0 tick_max_us=2550 producer_failures=0 presentation_failures=0
[23:54:09] TINYDRAW_LIVE_FILL_DONE zoom=400 x=763 y=441 revision=2572
[23:54:09] TINYDRAW_PAN_BASELINE zoom=400 x=949 y=472 frames=3 reused=2 compose_avg_us=24045 compose_max_us=30929 present_avg_us=21891 present_max_us=23671 tear_wait_avg_us=3929 tear_wait_max_us=11336 failures=0
[23:54:09] TINYDRAW_FILL_BASELINE result=complete zoom=400 x=949 y=472 revision=2572 steps=26 wall_us=69207 compute_total_us=65660 compute_max_us=6121 present_total_us=84 present_max_us=23 tick_max_us=7250 producer_failures=0 presentation_failures=0
[23:54:09] TINYDRAW_LIVE_FILL_DONE zoom=400 x=949 y=472 revision=2572
[23:54:09] TINYDRAW_PAN_BASELINE zoom=400 x=1161 y=487 frames=3 reused=1 compose_avg_us=28318 compose_max_us=30956 present_avg_us=20094 present_max_us=23345 tear_wait_avg_us=4676 tear_wait_max_us=9534 failures=0
[23:54:10] TINYDRAW_FILL_BASELINE result=complete zoom=400 x=1161 y=487 revision=2572 steps=14 wall_us=39219 compute_total_us=36865 compute_max_us=6776 present_total_us=41 present_max_us=21 tick_max_us=8310 producer_failures=0 presentation_failures=0
[23:54:10] TINYDRAW_LIVE_FILL_DONE zoom=400 x=1161 y=487 revision=2572
[23:54:10] TINYDRAW_PAN_BASELINE zoom=400 x=1385 y=501 frames=3 reused=0 compose_avg_us=31279 compose_max_us=31326 present_avg_us=18210 present_max_us=18308 tear_wait_avg_us=3516 tear_wait_max_us=6412 failures=0
[23:54:10] TINYDRAW_FILL_BASELINE result=complete zoom=400 x=1385 y=501 revision=2572 steps=29 wall_us=83213 compute_total_us=73235 compute_max_us=8324 present_total_us=6396 present_max_us=3375 tick_max_us=8341 producer_failures=0 presentation_failures=0
[23:54:10] TINYDRAW_LIVE_FILL_DONE zoom=400 x=1385 y=501 revision=2572
[23:54:10] TINYDRAW_PAN_BASELINE zoom=400 x=1564 y=538 frames=2 reused=0 compose_avg_us=32005 compose_max_us=32554 present_avg_us=18266 present_max_us=18391 tear_wait_avg_us=10440 tear_wait_max_us=14786 failures=0
[23:54:10] TINYDRAW_FILL_BASELINE result=complete zoom=400 x=1564 y=538 revision=2572 steps=51 wall_us=143067 compute_total_us=129893 compute_max_us=10025 present_total_us=8276 present_max_us=3279 tick_max_us=11039 producer_failures=0 presentation_failures=0
[23:54:10] TINYDRAW_LIVE_FILL_DONE zoom=400 x=1564 y=538 revision=2572
[23:54:10] TINYDRAW_PAN_BASELINE zoom=400 x=1723 y=531 frames=2 reused=0 compose_avg_us=31399 compose_max_us=31493 present_avg_us=18197 present_max_us=18323 tear_wait_avg_us=9135 tear_wait_max_us=12138 failures=0
[23:54:11] TINYDRAW_FILL_BASELINE result=complete zoom=400 x=1723 y=531 revision=2572 steps=43 wall_us=106182 compute_total_us=96142 compute_max_us=7276 present_total_us=6170 present_max_us=2066 tick_max_us=7560 producer_failures=0 presentation_failures=0
[23:54:11] TINYDRAW_LIVE_FILL_DONE zoom=400 x=1723 y=531 revision=2572
[23:54:11] TINYDRAW_PAN_BASELINE zoom=400 x=1857 y=722 frames=3 reused=0 compose_avg_us=31048 compose_max_us=32091 present_avg_us=18340 present_max_us=18800 tear_wait_avg_us=7347 tear_wait_max_us=8029 failures=0
[23:54:11] TINYDRAW_PAN_BASELINE zoom=400 x=1866 y=944 frames=3 reused=0 compose_avg_us=30333 compose_max_us=31856 present_avg_us=18566 present_max_us=18907 tear_wait_avg_us=6834 tear_wait_max_us=7866 failures=0
[23:54:11] TINYDRAW_FILL_BASELINE result=superseded zoom=400 x=1857 y=722 revision=2572 steps=41 wall_us=336008 compute_total_us=102520 compute_max_us=9717 present_total_us=14369 present_max_us=6641 tick_max_us=9730 producer_failures=0 presentation_failures=0
[23:54:11] TINYDRAW_PAN_BASELINE zoom=400 x=1882 y=1190 frames=3 reused=0 compose_avg_us=29249 compose_max_us=29778 present_avg_us=18751 present_max_us=18940 tear_wait_avg_us=8732 tear_wait_max_us=10027 failures=0
[23:54:11] TINYDRAW_FILL_BASELINE result=superseded zoom=400 x=1866 y=944 revision=2572 steps=21 wall_us=297462 compute_total_us=57007 compute_max_us=9881 present_total_us=9535 present_max_us=9535 tick_max_us=11245 producer_failures=0 presentation_failures=0
[23:54:12] TINYDRAW_PAN_BASELINE zoom=400 x=2087 y=1278 frames=3 reused=0 compose_avg_us=28200 compose_max_us=29499 present_avg_us=18613 present_max_us=18802 tear_wait_avg_us=12245 tear_wait_max_us=16458 failures=0
[23:54:12] TINYDRAW_FILL_BASELINE result=superseded zoom=400 x=1882 y=1190 revision=2572 steps=17 wall_us=297462 compute_total_us=46545 compute_max_us=10377 present_total_us=7806 present_max_us=7806 tick_max_us=10390 producer_failures=0 presentation_failures=0
[23:54:12] TINYDRAW_PAN_BASELINE zoom=400 x=2229 y=1511 frames=4 reused=0 compose_avg_us=28147 compose_max_us=28639 present_avg_us=18646 present_max_us=18873 tear_wait_avg_us=7669 tear_wait_max_us=10490 failures=0
[23:54:12] TINYDRAW_FILL_BASELINE result=superseded zoom=400 x=2087 y=1278 revision=2572 steps=35 wall_us=381105 compute_total_us=83098 compute_max_us=10230 present_total_us=21586 present_max_us=9866 tick_max_us=10760 producer_failures=0 presentation_failures=0
[23:54:13] TINYDRAW_PAN_BASELINE zoom=400 x=2369 y=1754 frames=3 reused=0 compose_avg_us=28234 compose_max_us=28527 present_avg_us=18442 present_max_us=18653 tear_wait_avg_us=8718 tear_wait_max_us=10800 failures=0
[23:54:13] TINYDRAW_FILL_BASELINE result=superseded zoom=400 x=2229 y=1511 revision=2572 steps=18 wall_us=297111 compute_total_us=51002 compute_max_us=10160 present_total_us=9210 present_max_us=9210 tick_max_us=10173 producer_failures=0 presentation_failures=0
[23:54:13] TINYDRAW_PAN_BASELINE zoom=400 x=2380 y=2017 frames=3 reused=0 compose_avg_us=28404 compose_max_us=28600 present_avg_us=18511 present_max_us=18959 tear_wait_avg_us=10808 tear_wait_max_us=11791 failures=0
[23:54:13] TINYDRAW_FILL_BASELINE result=superseded zoom=400 x=2369 y=1754 revision=2572 steps=21 wall_us=300241 compute_total_us=57106 compute_max_us=10028 present_total_us=18997 present_max_us=9717 tick_max_us=10041 producer_failures=0 presentation_failures=0
[23:54:14] TINYDRAW_PAN_BASELINE zoom=400 x=2343 y=1875 frames=8 reused=0 compose_avg_us=29437 compose_max_us=30272 present_avg_us=18479 present_max_us=18818 tear_wait_avg_us=8802 tear_wait_max_us=13153 failures=0
[23:54:14] TINYDRAW_FILL_BASELINE result=superseded zoom=400 x=2380 y=2017 revision=2572 steps=41 wall_us=682047 compute_total_us=93798 compute_max_us=10082 present_total_us=24073 present_max_us=9705 tick_max_us=12075 producer_failures=0 presentation_failures=0
[23:54:14] TINYDRAW_PAN_BASELINE zoom=400 x=2060 y=1935 frames=4 reused=0 compose_avg_us=28567 compose_max_us=30331 present_avg_us=18458 present_max_us=18843 tear_wait_avg_us=8695 tear_wait_max_us=10663 failures=0
[23:54:14] TINYDRAW_FILL_BASELINE result=superseded zoom=400 x=2343 y=1875 revision=2572 steps=18 wall_us=330102 compute_total_us=33823 compute_max_us=8145 present_total_us=8891 present_max_us=8891 tick_max_us=8910 producer_failures=0 presentation_failures=0
[23:54:14] TINYDRAW_PAN_BASELINE zoom=400 x=1974 y=2189 frames=3 reused=0 compose_avg_us=28589 compose_max_us=28801 present_avg_us=18715 present_max_us=18923 tear_wait_avg_us=11424 tear_wait_max_us=15196 failures=0
[23:54:14] TINYDRAW_FILL_BASELINE result=superseded zoom=400 x=2060 y=1935 revision=2572 steps=16 wall_us=297470 compute_total_us=50592 compute_max_us=9998 present_total_us=17703 present_max_us=8861 tick_max_us=10010 producer_failures=0 presentation_failures=0
[23:54:15] TINYDRAW_PAN_BASELINE zoom=400 x=1917 y=2487 frames=4 reused=0 compose_avg_us=28345 compose_max_us=29365 present_avg_us=18397 present_max_us=18815 tear_wait_avg_us=10973 tear_wait_max_us=13160 failures=0
[23:54:15] TINYDRAW_FILL_BASELINE result=superseded zoom=400 x=1974 y=2189 revision=2572 steps=29 wall_us=398186 compute_total_us=70462 compute_max_us=10640 present_total_us=17552 present_max_us=9071 tick_max_us=10654 producer_failures=0 presentation_failures=0
[23:54:16] TINYDRAW_PAN_BASELINE zoom=400 x=1976 y=2367 frames=16 reused=0 compose_avg_us=27823 compose_max_us=28325 present_avg_us=18486 present_max_us=18960 tear_wait_avg_us=10662 tear_wait_max_us=11440 failures=0
[23:54:16] TINYDRAW_FILL_BASELINE result=superseded zoom=400 x=1917 y=2487 revision=2572 steps=7 wall_us=1120204 compute_total_us=11514 compute_max_us=4611 present_total_us=0 present_max_us=0 tick_max_us=4644 producer_failures=0 presentation_failures=0
[23:54:16] TINYDRAW_PAN_BASELINE zoom=400 x=1968 y=2025 frames=3 reused=0 compose_avg_us=29323 compose_max_us=29492 present_avg_us=18771 present_max_us=18959 tear_wait_avg_us=7283 tear_wait_max_us=8560 failures=0
[23:54:16] TINYDRAW_FILL_BASELINE result=superseded zoom=400 x=1976 y=2367 revision=2572 steps=20 wall_us=267613 compute_total_us=40218 compute_max_us=10252 present_total_us=8939 present_max_us=8939 tick_max_us=10826 producer_failures=0 presentation_failures=0
[23:54:17] TINYDRAW_PAN_BASELINE zoom=400 x=1970 y=1716 frames=3 reused=0 compose_avg_us=29348 compose_max_us=31133 present_avg_us=18678 present_max_us=18860 tear_wait_avg_us=8713 tear_wait_max_us=9897 failures=0
[23:54:17] TINYDRAW_FILL_BASELINE result=superseded zoom=400 x=1968 y=2025 revision=2572 steps=19 wall_us=294237 compute_total_us=54980 compute_max_us=10752 present_total_us=17243 present_max_us=8921 tick_max_us=10765 producer_failures=0 presentation_failures=0
[23:54:17] TINYDRAW_PAN_BASELINE zoom=400 x=1989 y=1454 frames=3 reused=0 compose_avg_us=28268 compose_max_us=28849 present_avg_us=18593 present_max_us=18932 tear_wait_avg_us=8201 tear_wait_max_us=10839 failures=0
[23:54:17] TINYDRAW_FILL_BASELINE result=superseded zoom=400 x=1970 y=1716 revision=2572 steps=8 wall_us=247190 compute_total_us=23325 compute_max_us=10481 present_total_us=8591 present_max_us=8591 tick_max_us=10494 producer_failures=0 presentation_failures=0
[23:54:18] TINYDRAW_PAN_BASELINE zoom=400 x=2126 y=1300 frames=20 reused=0 compose_avg_us=29122 compose_max_us=29959 present_avg_us=18561 present_max_us=18955 tear_wait_avg_us=9036 tear_wait_max_us=10891 failures=0
[23:54:18] TINYDRAW_FILL_BASELINE result=superseded zoom=400 x=1989 y=1454 revision=2572 steps=17 wall_us=1439379 compute_total_us=44668 compute_max_us=9549 present_total_us=17355 present_max_us=8969 tick_max_us=10663 producer_failures=0 presentation_failures=0
[23:54:19] TINYDRAW_PAN_BASELINE zoom=400 x=2160 y=1053 frames=4 reused=0 compose_avg_us=30103 compose_max_us=30548 present_avg_us=18531 present_max_us=18789 tear_wait_avg_us=8087 tear_wait_max_us=8831 failures=0
[23:54:19] TINYDRAW_FILL_BASELINE result=superseded zoom=400 x=2126 y=1300 revision=2572 steps=31 wall_us=380942 compute_total_us=79268 compute_max_us=10125 present_total_us=16055 present_max_us=8509 tick_max_us=10138 producer_failures=0 presentation_failures=0
[23:54:19] TINYDRAW_PAN_BASELINE zoom=400 x=2181 y=797 frames=4 reused=0 compose_avg_us=29006 compose_max_us=30054 present_avg_us=18658 present_max_us=18937 tear_wait_avg_us=11061 tear_wait_max_us=15747 failures=0
[23:54:19] TINYDRAW_FILL_BASELINE result=superseded zoom=400 x=2160 y=1053 revision=2572 steps=7 wall_us=314193 compute_total_us=25615 compute_max_us=10497 present_total_us=0 present_max_us=0 tick_max_us=10510 producer_failures=0 presentation_failures=0
[23:54:21] TINYDRAW_PAN_BASELINE zoom=400 x=2181 y=507 frames=29 reused=0 compose_avg_us=29173 compose_max_us=31473 present_avg_us=18503 present_max_us=18982 tear_wait_avg_us=9083 tear_wait_max_us=11036 failures=0
[23:54:21] TINYDRAW_FILL_BASELINE result=superseded zoom=400 x=2181 y=797 revision=2572 steps=4 wall_us=1977811 compute_total_us=10169 compute_max_us=6054 present_total_us=0 present_max_us=0 tick_max_us=6072 producer_failures=0 presentation_failures=0
[23:54:21] TINYDRAW_PAN_BASELINE zoom=400 x=2200 y=230 frames=3 reused=0 compose_avg_us=28587 compose_max_us=29214 present_avg_us=18696 present_max_us=18880 tear_wait_avg_us=10445 tear_wait_max_us=12334 failures=0
[23:54:21] TINYDRAW_FILL_BASELINE result=superseded zoom=400 x=2181 y=507 revision=2572 steps=6 wall_us=247984 compute_total_us=22986 compute_max_us=10052 present_total_us=9768 present_max_us=9768 tick_max_us=11627 producer_failures=0 presentation_failures=0
[23:54:22] TINYDRAW_PAN_BASELINE zoom=400 x=2333 y=280 frames=17 reused=0 compose_avg_us=27988 compose_max_us=29219 present_avg_us=18466 present_max_us=18918 tear_wait_avg_us=10738 tear_wait_max_us=12727 failures=0
[23:54:22] TINYDRAW_FILL_BASELINE result=superseded zoom=400 x=2200 y=230 revision=2572 steps=7 wall_us=1221459 compute_total_us=31068 compute_max_us=8882 present_total_us=14984 present_max_us=7974 tick_max_us=8900 producer_failures=0 presentation_failures=0
[23:54:23] TINYDRAW_PAN_BASELINE zoom=400 x=2455 y=463 frames=14 reused=0 compose_avg_us=28428 compose_max_us=29110 present_avg_us=18500 present_max_us=18946 tear_wait_avg_us=9797 tear_wait_max_us=11039 failures=0
[23:54:23] TINYDRAW_FILL_BASELINE result=superseded zoom=400 x=2333 y=280 revision=2572 steps=3 wall_us=986287 compute_total_us=20085 compute_max_us=11189 present_total_us=9027 present_max_us=9027 tick_max_us=12392 producer_failures=0 presentation_failures=0
[23:54:24] TINYDRAW_PAN_BASELINE zoom=400 x=2413 y=703 frames=3 reused=0 compose_avg_us=27929 compose_max_us=28050 present_avg_us=18611 present_max_us=18819 tear_wait_avg_us=8184 tear_wait_max_us=10262 failures=0
[23:54:24] TINYDRAW_FILL_BASELINE result=superseded zoom=400 x=2455 y=463 revision=2572 steps=1 wall_us=213298 compute_total_us=9975 compute_max_us=9975 present_total_us=0 present_max_us=0 tick_max_us=9993 producer_failures=0 presentation_failures=0
[23:54:24] TINYDRAW_PAN_BASELINE zoom=400 x=2264 y=1011 frames=4 reused=0 compose_avg_us=29539 compose_max_us=29999 present_avg_us=18413 present_max_us=18808 tear_wait_avg_us=9021 tear_wait_max_us=9745 failures=0
[23:54:24] TINYDRAW_FILL_BASELINE result=superseded zoom=400 x=2413 y=703 revision=2572 steps=22 wall_us=399162 compute_total_us=80625 compute_max_us=13350 present_total_us=27789 present_max_us=9421 tick_max_us=13367 producer_failures=0 presentation_failures=0
[23:54:24] TINYDRAW_PAN_BASELINE zoom=400 x=2114 y=1287 frames=4 reused=0 compose_avg_us=30133 compose_max_us=31466 present_avg_us=18570 present_max_us=18907 tear_wait_avg_us=7521 tear_wait_max_us=8159 failures=0
[23:54:24] TINYDRAW_FILL_BASELINE result=superseded zoom=400 x=2264 y=1011 revision=2572 steps=1 wall_us=315199 compute_total_us=8827 compute_max_us=8827 present_total_us=0 present_max_us=0 tick_max_us=8848 producer_failures=0 presentation_failures=0
[23:54:25] TINYDRAW_LIVE_PRESENT kind=power zoom=400 x=2114 y=1287 compose_us=29979 scroll_us=0 exposed_compose_us=0 chrome_us=7878 read_submit_us=41212 read_complete_us=42820 transfer_wait_us=18381 tile_pixels=102032 uniform_pixels=28544 overview_pixels=0 fallback_pixels=34288 resident_tiles=38 fallback_tiles=10 pushes=11 tear_wait_us=9058 tear_sync=1 frame_reused=0 pass=1
[23:54:25] TINYDRAW_PAN_BASELINE zoom=400 x=2178 y=1549 frames=10 reused=0 compose_avg_us=29920 compose_max_us=30797 present_avg_us=18445 present_max_us=18948 tear_wait_avg_us=7256 tear_wait_max_us=8490 failures=0
[23:54:25] TINYDRAW_FILL_BASELINE result=superseded zoom=400 x=2114 y=1287 revision=2572 steps=1 wall_us=768171 compute_total_us=3537 compute_max_us=3537 present_total_us=0 present_max_us=0 tick_max_us=3555 producer_failures=0 presentation_failures=0
[23:54:38] TINYDRAW_PAN_BASELINE zoom=400 x=2221 y=1835 frames=192 reused=0 compose_avg_us=30512 compose_max_us=31853 present_avg_us=18474 present_max_us=18967 tear_wait_avg_us=7065 tear_wait_max_us=8747 failures=0
[23:54:38] TINYDRAW_FILL_BASELINE result=superseded zoom=400 x=2178 y=1549 revision=2572 steps=17 wall_us=13041127 compute_total_us=48265 compute_max_us=10242 present_total_us=17934 present_max_us=8967 tick_max_us=12736 producer_failures=0 presentation_failures=0
[23:54:39] TINYDRAW_PAN_BASELINE zoom=400 x=2365 y=2092 frames=4 reused=0 compose_avg_us=30517 compose_max_us=31951 present_avg_us=18613 present_max_us=18983 tear_wait_avg_us=7089 tear_wait_max_us=7493 failures=0
[23:54:39] TINYDRAW_FILL_BASELINE result=superseded zoom=400 x=2221 y=1835 revision=2572 steps=22 wall_us=348722 compute_total_us=45883 compute_max_us=9995 present_total_us=9542 present_max_us=9542 tick_max_us=10008 producer_failures=0 presentation_failures=0
[23:54:39] TINYDRAW_PAN_BASELINE zoom=400 x=2477 y=2311 frames=3 reused=0 compose_avg_us=30240 compose_max_us=30886 present_avg_us=18439 present_max_us=18860 tear_wait_avg_us=6365 tear_wait_max_us=9339 failures=0
[23:54:39] TINYDRAW_FILL_BASELINE result=superseded zoom=400 x=2365 y=2092 revision=2572 steps=27 wall_us=296314 compute_total_us=67498 compute_max_us=10044 present_total_us=12814 present_max_us=9626 tick_max_us=12362 producer_failures=0 presentation_failures=0
[23:54:39] TINYDRAW_FILL_BASELINE result=complete zoom=400 x=2477 y=2311 revision=2572 steps=142 wall_us=390222 compute_total_us=317678 compute_max_us=10964 present_total_us=62425 present_max_us=9942 tick_max_us=12763 producer_failures=0 presentation_failures=0
[23:54:39] TINYDRAW_LIVE_FILL_DONE zoom=400 x=2477 y=2311 revision=2572
[23:54:40] TINYDRAW_PAN_BASELINE zoom=400 x=2409 y=2541 frames=3 reused=0 compose_avg_us=31370 compose_max_us=32513 present_avg_us=18483 present_max_us=18873 tear_wait_avg_us=8868 tear_wait_max_us=12790 failures=0
[23:54:40] TINYDRAW_PAN_BASELINE zoom=400 x=2302 y=2697 frames=2 reused=0 compose_avg_us=31670 compose_max_us=32079 present_avg_us=18467 present_max_us=18836 tear_wait_avg_us=6587 tear_wait_max_us=6624 failures=0
[23:54:40] TINYDRAW_FILL_BASELINE result=superseded zoom=400 x=2409 y=2541 revision=2572 steps=88 wall_us=371892 compute_total_us=185804 compute_max_us=10101 present_total_us=24619 present_max_us=7882 tick_max_us=10519 producer_failures=0 presentation_failures=0
[23:54:41] TINYDRAW_PAN_BASELINE zoom=400 x=2213 y=2861 frames=3 reused=0 compose_avg_us=31669 compose_max_us=33262 present_avg_us=18280 present_max_us=18572 tear_wait_avg_us=5775 tear_wait_max_us=7407 failures=0
[23:54:41] TINYDRAW_FILL_BASELINE result=superseded zoom=400 x=2302 y=2697 revision=2572 steps=88 wall_us=446059 compute_total_us=195866 compute_max_us=11424 present_total_us=26900 present_max_us=8248 tick_max_us=12359 producer_failures=0 presentation_failures=0
[23:54:41] TINYDRAW_FILL_BASELINE result=complete zoom=400 x=2213 y=2861 revision=2572 steps=84 wall_us=235169 compute_total_us=198081 compute_max_us=10684 present_total_us=29519 present_max_us=6947 tick_max_us=12712 producer_failures=0 presentation_failures=0
[23:54:41] TINYDRAW_LIVE_FILL_DONE zoom=400 x=2213 y=2861 revision=2572
[23:54:41] TINYDRAW_PAN_BASELINE zoom=400 x=2101 y=3120 frames=3 reused=0 compose_avg_us=30748 compose_max_us=31905 present_avg_us=18556 present_max_us=18831 tear_wait_avg_us=7430 tear_wait_max_us=8013 failures=0
[23:54:41] TINYDRAW_PAN_BASELINE zoom=400 x=1957 y=3310 frames=2 reused=0 compose_avg_us=31153 compose_max_us=32287 present_avg_us=18248 present_max_us=18378 tear_wait_avg_us=11811 tear_wait_max_us=16051 failures=0
[23:54:41] TINYDRAW_FILL_BASELINE result=superseded zoom=400 x=2101 y=3120 revision=2572 steps=85 wall_us=437174 compute_total_us=227524 compute_max_us=10501 present_total_us=40596 present_max_us=9407 tick_max_us=12069 producer_failures=0 presentation_failures=0
[23:54:42] TINYDRAW_PAN_BASELINE zoom=400 x=1998 y=3464 frames=3 reused=0 compose_avg_us=31055 compose_max_us=31590 present_avg_us=18322 present_max_us=18579 tear_wait_avg_us=7015 tear_wait_max_us=7787 failures=0
[23:54:42] TINYDRAW_FILL_BASELINE result=superseded zoom=400 x=1957 y=3310 revision=2572 steps=51 wall_us=414847 compute_total_us=148558 compute_max_us=10305 present_total_us=31127 present_max_us=7166 tick_max_us=11473 producer_failures=0 presentation_failures=0
[23:54:42] TINYDRAW_PAN_BASELINE zoom=400 x=2139 y=3342 frames=3 reused=0 compose_avg_us=31808 compose_max_us=32553 present_avg_us=18287 present_max_us=18527 tear_wait_avg_us=8313 tear_wait_max_us=12394 failures=0
[23:54:42] TINYDRAW_FILL_BASELINE result=superseded zoom=400 x=1998 y=3464 revision=2572 steps=44 wall_us=414110 compute_total_us=118219 compute_max_us=9907 present_total_us=26303 present_max_us=8513 tick_max_us=12169 producer_failures=0 presentation_failures=0
[23:54:43] TINYDRAW_PAN_BASELINE zoom=400 x=2335 y=3331 frames=3 reused=0 compose_avg_us=32438 compose_max_us=34182 present_avg_us=18253 present_max_us=18486 tear_wait_avg_us=7042 tear_wait_max_us=9067 failures=0
[23:54:43] TINYDRAW_FILL_BASELINE result=superseded zoom=400 x=2139 y=3342 revision=2572 steps=33 wall_us=331018 compute_total_us=84558 compute_max_us=10087 present_total_us=17454 present_max_us=6650 tick_max_us=10412 producer_failures=0 presentation_failures=0
[23:54:43] TINYDRAW_PAN_BASELINE zoom=400 x=2433 y=3600 frames=3 reused=0 compose_avg_us=30058 compose_max_us=31606 present_avg_us=18472 present_max_us=18803 tear_wait_avg_us=7206 tear_wait_max_us=9762 failures=0
[23:54:43] TINYDRAW_FILL_BASELINE result=superseded zoom=400 x=2335 y=3331 revision=2572 steps=23 wall_us=298108 compute_total_us=61854 compute_max_us=10361 present_total_us=18150 present_max_us=10244 tick_max_us=10734 producer_failures=0 presentation_failures=0
[23:54:43] TINYDRAW_PAN_BASELINE zoom=400 x=2556 y=3653 frames=3 reused=0 compose_avg_us=29438 compose_max_us=29556 present_avg_us=18412 present_max_us=18671 tear_wait_avg_us=9532 tear_wait_max_us=10577 failures=0
[23:54:43] TINYDRAW_FILL_BASELINE result=superseded zoom=400 x=2433 y=3600 revision=2572 steps=22 wall_us=297099 compute_total_us=54011 compute_max_us=10262 present_total_us=17878 present_max_us=9170 tick_max_us=10276 producer_failures=0 presentation_failures=0
[23:54:44] TINYDRAW_PAN_BASELINE zoom=400 x=2664 y=3475 frames=2 reused=0 compose_avg_us=30575 compose_max_us=31201 present_avg_us=18837 present_max_us=18967 tear_wait_avg_us=12313 tear_wait_max_us=16563 failures=0
[23:54:44] TINYDRAW_FILL_BASELINE result=superseded zoom=400 x=2556 y=3653 revision=2572 steps=32 wall_us=298185 compute_total_us=93526 compute_max_us=10393 present_total_us=27700 present_max_us=9857 tick_max_us=10406 producer_failures=0 presentation_failures=0
[23:54:44] TINYDRAW_PAN_BASELINE zoom=400 x=2770 y=3332 frames=2 reused=0 compose_avg_us=30370 compose_max_us=31330 present_avg_us=18609 present_max_us=18749 tear_wait_avg_us=10760 tear_wait_max_us=13685 failures=0
[23:54:44] TINYDRAW_FILL_BASELINE result=superseded zoom=400 x=2664 y=3475 revision=2572 steps=43 wall_us=316082 compute_total_us=117717 compute_max_us=10167 present_total_us=33714 present_max_us=9074 tick_max_us=12097 producer_failures=0 presentation_failures=0
[23:54:44] TINYDRAW_PAN_BASELINE zoom=400 x=2889 y=3146 frames=3 reused=0 compose_avg_us=30586 compose_max_us=31472 present_avg_us=18599 present_max_us=18862 tear_wait_avg_us=9888 tear_wait_max_us=15423 failures=0
[23:54:44] TINYDRAW_FILL_BASELINE result=superseded zoom=400 x=2770 y=3332 revision=2572 steps=63 wall_us=412969 compute_total_us=143168 compute_max_us=10144 present_total_us=35358 present_max_us=9645 tick_max_us=11952 producer_failures=0 presentation_failures=0
[23:54:45] TINYDRAW_PAN_BASELINE zoom=400 x=2741 y=2994 frames=4 reused=0 compose_avg_us=30182 compose_max_us=30968 present_avg_us=18445 present_max_us=18842 tear_wait_avg_us=9852 tear_wait_max_us=15655 failures=0
[23:54:45] TINYDRAW_FILL_BASELINE result=superseded zoom=400 x=2889 y=3146 revision=2572 steps=75 wall_us=516023 compute_total_us=159393 compute_max_us=9878 present_total_us=41838 present_max_us=9783 tick_max_us=11331 producer_failures=0 presentation_failures=0
[23:54:45] TINYDRAW_PAN_BASELINE zoom=400 x=2860 y=2979 frames=2 reused=0 compose_avg_us=30326 compose_max_us=30726 present_avg_us=18464 present_max_us=18844 tear_wait_avg_us=7940 tear_wait_max_us=8155 failures=0
[23:54:45] TINYDRAW_FILL_BASELINE result=superseded zoom=400 x=2741 y=2994 revision=2572 steps=12 wall_us=214017 compute_total_us=30526 compute_max_us=6930 present_total_us=5127 present_max_us=5127 tick_max_us=7032 producer_failures=0 presentation_failures=0
[23:54:46] TINYDRAW_PAN_BASELINE zoom=400 x=2977 y=3010 frames=2 reused=0 compose_avg_us=32323 compose_max_us=33440 present_avg_us=18543 present_max_us=18716 tear_wait_avg_us=5860 tear_wait_max_us=6128 failures=0
[23:54:46] TINYDRAW_FILL_BASELINE result=superseded zoom=400 x=2860 y=2979 revision=2572 steps=70 wall_us=400372 compute_total_us=185941 compute_max_us=9915 present_total_us=43009 present_max_us=9132 tick_max_us=11865 producer_failures=0 presentation_failures=0
[23:54:46] TINYDRAW_FILL_BASELINE result=complete zoom=400 x=2977 y=3010 revision=2572 steps=82 wall_us=204249 compute_total_us=169953 compute_max_us=7821 present_total_us=26937 present_max_us=6219 tick_max_us=9082 producer_failures=0 presentation_failures=0
[23:54:46] TINYDRAW_LIVE_FILL_DONE zoom=400 x=2977 y=3010 revision=2572
[23:54:51] TINYDRAW_PAN_BASELINE zoom=400 x=2864 y=3125 frames=64 reused=3 compose_avg_us=31141 compose_max_us=33275 present_avg_us=18734 present_max_us=24080 tear_wait_avg_us=6051 tear_wait_max_us=11408 failures=0
[23:54:51] TINYDRAW_FILL_BASELINE result=complete zoom=400 x=2864 y=3125 revision=2572 steps=9 wall_us=15892 compute_total_us=14388 compute_max_us=5522 present_total_us=28 present_max_us=28 tick_max_us=5539 producer_failures=0 presentation_failures=0
[23:54:51] TINYDRAW_LIVE_FILL_DONE zoom=400 x=2864 y=3125 revision=2572
[23:54:51] TINYDRAW_PAN_BASELINE zoom=400 x=2651 y=3139 frames=2 reused=0 compose_avg_us=32707 compose_max_us=34051 present_avg_us=18814 present_max_us=18936 tear_wait_avg_us=6212 tear_wait_max_us=6767 failures=0
[23:54:51] TINYDRAW_PAN_BASELINE zoom=400 x=2414 y=3105 frames=3 reused=0 compose_avg_us=31649 compose_max_us=32093 present_avg_us=18372 present_max_us=18635 tear_wait_avg_us=6709 tear_wait_max_us=8165 failures=0
[23:54:51] TINYDRAW_FILL_BASELINE result=superseded zoom=400 x=2651 y=3139 revision=2572 steps=21 wall_us=300032 compute_total_us=57107 compute_max_us=11885 present_total_us=18856 present_max_us=9594 tick_max_us=12932 producer_failures=0 presentation_failures=0
[23:54:52] TINYDRAW_PAN_BASELINE zoom=400 x=2205 y=3058 frames=3 reused=0 compose_avg_us=32397 compose_max_us=33615 present_avg_us=18429 present_max_us=18645 tear_wait_avg_us=4243 tear_wait_max_us=5462 failures=0
[23:54:52] TINYDRAW_FILL_BASELINE result=superseded zoom=400 x=2414 y=3105 revision=2572 steps=10 wall_us=247116 compute_total_us=25167 compute_max_us=10136 present_total_us=9703 present_max_us=9703 tick_max_us=10550 producer_failures=0 presentation_failures=0
[23:54:52] TINYDRAW_PAN_BASELINE zoom=400 x=1963 y=2956 frames=3 reused=0 compose_avg_us=30823 compose_max_us=31225 present_avg_us=18573 present_max_us=18797 tear_wait_avg_us=8004 tear_wait_max_us=10729 failures=0
[23:54:52] TINYDRAW_FILL_BASELINE result=superseded zoom=400 x=2205 y=3058 revision=2572 steps=10 wall_us=247281 compute_total_us=20184 compute_max_us=8085 present_total_us=0 present_max_us=0 tick_max_us=8103 producer_failures=0 presentation_failures=0
[23:54:52] TINYDRAW_PAN_BASELINE zoom=400 x=1731 y=2855 frames=3 reused=0 compose_avg_us=29216 compose_max_us=30444 present_avg_us=18622 present_max_us=18879 tear_wait_avg_us=8219 tear_wait_max_us=8763 failures=0
[23:54:52] TINYDRAW_FILL_BASELINE result=superseded zoom=400 x=1963 y=2956 revision=2572 steps=11 wall_us=247832 compute_total_us=27096 compute_max_us=9967 present_total_us=0 present_max_us=0 tick_max_us=10482 producer_failures=0 presentation_failures=0
[23:54:52] TINYDRAW_PAN_BASELINE zoom=400 x=1531 y=2660 frames=3 reused=0 compose_avg_us=28257 compose_max_us=29117 present_avg_us=18694 present_max_us=18936 tear_wait_avg_us=11773 tear_wait_max_us=15684 failures=0
[23:54:52] TINYDRAW_FILL_BASELINE result=superseded zoom=400 x=1731 y=2855 revision=2572 steps=11 wall_us=246986 compute_total_us=28348 compute_max_us=10268 present_total_us=0 present_max_us=0 tick_max_us=11946 producer_failures=0 presentation_failures=0
[23:54:53] TINYDRAW_PAN_BASELINE zoom=400 x=1310 y=2501 frames=3 reused=0 compose_avg_us=28040 compose_max_us=28051 present_avg_us=18610 present_max_us=18819 tear_wait_avg_us=9410 tear_wait_max_us=10267 failures=0
[23:54:53] TINYDRAW_FILL_BASELINE result=superseded zoom=400 x=1531 y=2660 revision=2572 steps=5 wall_us=230638 compute_total_us=12767 compute_max_us=6115 present_total_us=0 present_max_us=0 tick_max_us=6672 producer_failures=0 presentation_failures=0
[23:54:53] TINYDRAW_PAN_BASELINE zoom=400 x=1119 y=2653 frames=3 reused=0 compose_avg_us=27647 compose_max_us=28063 present_avg_us=18452 present_max_us=18798 tear_wait_avg_us=7629 tear_wait_max_us=11372 failures=0
[23:54:53] TINYDRAW_FILL_BASELINE result=superseded zoom=400 x=1310 y=2501 revision=2572 steps=8 wall_us=247989 compute_total_us=26044 compute_max_us=10819 present_total_us=8700 present_max_us=8700 tick_max_us=11435 producer_failures=0 presentation_failures=0
[23:54:53] TINYDRAW_PAN_BASELINE zoom=400 x=864 y=2747 frames=3 reused=0 compose_avg_us=26720 compose_max_us=28142 present_avg_us=18317 present_max_us=18546 tear_wait_avg_us=13368 tear_wait_max_us=16057 failures=0
[23:54:53] TINYDRAW_FILL_BASELINE result=superseded zoom=400 x=1119 y=2653 revision=2572 steps=14 wall_us=280285 compute_total_us=43530 compute_max_us=10408 present_total_us=9804 present_max_us=9804 tick_max_us=10421 producer_failures=0 presentation_failures=0
[23:54:53] TINYDRAW_PAN_BASELINE zoom=400 x=604 y=2760 frames=3 reused=0 compose_avg_us=26267 compose_max_us=26719 present_avg_us=18346 present_max_us=18593 tear_wait_avg_us=12125 tear_wait_max_us=12555 failures=0
[23:54:53] TINYDRAW_FILL_BASELINE result=superseded zoom=400 x=864 y=2747 revision=2572 steps=7 wall_us=247199 compute_total_us=22265 compute_max_us=10366 present_total_us=8686 present_max_us=8686 tick_max_us=10380 producer_failures=0 presentation_failures=0
[23:54:54] TINYDRAW_PAN_BASELINE zoom=400 x=414 y=2750 frames=3 reused=0 compose_avg_us=26478 compose_max_us=26721 present_avg_us=18503 present_max_us=18939 tear_wait_avg_us=9069 tear_wait_max_us=12547 failures=0
[23:54:54] TINYDRAW_FILL_BASELINE result=superseded zoom=400 x=604 y=2760 revision=2572 steps=6 wall_us=231295 compute_total_us=27237 compute_max_us=10608 present_total_us=0 present_max_us=0 tick_max_us=11098 producer_failures=0 presentation_failures=0
[23:54:54] TINYDRAW_FILL_BASELINE result=complete zoom=400 x=414 y=2750 revision=2572 steps=71 wall_us=408043 compute_total_us=325332 compute_max_us=10418 present_total_us=73070 present_max_us=8099 tick_max_us=11397 producer_failures=0 presentation_failures=0
[23:54:54] TINYDRAW_LIVE_FILL_DONE zoom=400 x=414 y=2750 revision=2572
[23:54:55] TINYDRAW_LIVE_PRESENT kind=power zoom=400 x=414 y=2750 compose_us=31581 scroll_us=0 exposed_compose_us=0 chrome_us=7915 read_submit_us=48425 read_complete_us=50037 transfer_wait_us=18575 tile_pixels=135296 uniform_pixels=29568 overview_pixels=0 fallback_pixels=0 resident_tiles=56 fallback_tiles=0 pushes=11 tear_wait_us=15090 tear_sync=1 frame_reused=0 pass=1
[23:54:57] TINYDRAW_LIVE_PRESENT kind=zoom-ui zoom=200 x=115 y=1282 compose_us=25661 scroll_us=0 exposed_compose_us=0 chrome_us=7827 read_submit_us=28858 read_complete_us=30470 transfer_wait_us=18096 tile_pixels=0 uniform_pixels=0 overview_pixels=0 fallback_pixels=164864 resident_tiles=0 fallback_tiles=56 pushes=11 tear_wait_us=1933 tear_sync=1 frame_reused=0 pass=1
[23:54:57] TINYDRAW_LIVE_PRESENT kind=zoom-ui zoom=100 x=0 y=548 compose_us=25962 scroll_us=0 exposed_compose_us=0 chrome_us=7941 read_submit_us=39688 read_complete_us=41299 transfer_wait_us=18267 tile_pixels=7488 uniform_pixels=24576 overview_pixels=0 fallback_pixels=132800 resident_tiles=10 fallback_tiles=38 pushes=11 tear_wait_us=12472 tear_sync=1 frame_reused=0 pass=1
[23:54:57] TINYDRAW_FILL_BASELINE result=superseded zoom=200 x=115 y=1282 revision=2572 steps=63 wall_us=522038 compute_total_us=289876 compute_max_us=11551 present_total_us=79498 present_max_us=9388 tick_max_us=12134 producer_failures=0 presentation_failures=0
[23:54:58] TINYDRAW_FILL_BASELINE result=complete zoom=100 x=0 y=548 revision=2572 steps=73 wall_us=332752 compute_total_us=261250 compute_max_us=10169 present_total_us=61885 present_max_us=8087 tick_max_us=12063 producer_failures=0 presentation_failures=0
[23:54:58] TINYDRAW_LIVE_FILL_DONE zoom=100 x=0 y=548 revision=2572
[23:54:58] TINYDRAW_PAN_BASELINE zoom=100 x=136 y=542 frames=2 reused=0 compose_avg_us=29854 compose_max_us=30122 present_avg_us=18851 present_max_us=18944 tear_wait_avg_us=9513 tear_wait_max_us=11668 failures=0
[23:54:58] TINYDRAW_FILL_BASELINE result=complete zoom=100 x=136 y=542 revision=2572 steps=41 wall_us=146242 compute_total_us=111608 compute_max_us=11036 present_total_us=28877 present_max_us=9036 tick_max_us=13421 producer_failures=0 presentation_failures=0
[23:54:58] TINYDRAW_LIVE_FILL_DONE zoom=100 x=136 y=542 revision=2572
[23:54:59] TINYDRAW_PAN_BASELINE zoom=100 x=259 y=527 frames=2 reused=0 compose_avg_us=30474 compose_max_us=31433 present_avg_us=18410 present_max_us=18805 tear_wait_avg_us=6829 tear_wait_max_us=8370 failures=0
[23:54:59] TINYDRAW_PAN_BASELINE zoom=100 x=476 y=490 frames=2 reused=0 compose_avg_us=30504 compose_max_us=30715 present_avg_us=18468 present_max_us=18587 tear_wait_avg_us=7254 tear_wait_max_us=7453 failures=0
[23:54:59] TINYDRAW_FILL_BASELINE result=superseded zoom=100 x=259 y=527 revision=2572 steps=44 wall_us=303980 compute_total_us=113882 compute_max_us=10609 present_total_us=28344 present_max_us=9323 tick_max_us=12275 producer_failures=0 presentation_failures=0
[23:54:59] TINYDRAW_PAN_BASELINE zoom=100 x=662 y=492 frames=2 reused=0 compose_avg_us=30366 compose_max_us=31690 present_avg_us=18430 present_max_us=18547 tear_wait_avg_us=11938 tear_wait_max_us=15492 failures=0
[23:54:59] TINYDRAW_FILL_BASELINE result=superseded zoom=100 x=476 y=490 revision=2572 steps=46 wall_us=311377 compute_total_us=119398 compute_max_us=11079 present_total_us=31200 present_max_us=8847 tick_max_us=12013 producer_failures=0 presentation_failures=0
[23:55:00] TINYDRAW_PAN_BASELINE zoom=100 x=795 y=457 frames=3 reused=0 compose_avg_us=30366 compose_max_us=31013 present_avg_us=18531 present_max_us=18879 tear_wait_avg_us=8495 tear_wait_max_us=9606 failures=0
[23:55:00] TINYDRAW_FILL_BASELINE result=superseded zoom=100 x=662 y=492 revision=2572 steps=40 wall_us=367991 compute_total_us=115713 compute_max_us=10308 present_total_us=23958 present_max_us=9092 tick_max_us=12481 producer_failures=0 presentation_failures=0
[23:55:00] TINYDRAW_PAN_BASELINE zoom=100 x=955 y=358 frames=2 reused=0 compose_avg_us=31147 compose_max_us=32900 present_avg_us=18505 present_max_us=18912 tear_wait_avg_us=11064 tear_wait_max_us=13738 failures=0
[23:55:00] TINYDRAW_FILL_BASELINE result=superseded zoom=100 x=795 y=457 revision=2572 steps=42 wall_us=346341 compute_total_us=144079 compute_max_us=11334 present_total_us=36898 present_max_us=9415 tick_max_us=13309 producer_failures=0 presentation_failures=0
[23:55:00] TINYDRAW_PAN_BASELINE zoom=100 x=1079 y=0 frames=3 reused=0 compose_avg_us=28595 compose_max_us=32094 present_avg_us=18655 present_max_us=18889 tear_wait_avg_us=9131 tear_wait_max_us=12666 failures=0
[23:55:00] TINYDRAW_FILL_BASELINE result=superseded zoom=100 x=955 y=358 revision=2572 steps=27 wall_us=363023 compute_total_us=108490 compute_max_us=11853 present_total_us=34878 present_max_us=10029 tick_max_us=11996 producer_failures=0 presentation_failures=0
[23:55:01] TINYDRAW_PAN_BASELINE zoom=100 x=1104 y=0 frames=2 reused=0 compose_avg_us=26907 compose_max_us=27024 present_avg_us=18753 present_max_us=18900 tear_wait_avg_us=12086 tear_wait_max_us=12320 failures=2
[23:55:01] TINYDRAW_FILL_BASELINE result=superseded zoom=100 x=1079 y=0 revision=2572 steps=14 wall_us=264186 compute_total_us=63494 compute_max_us=10309 present_total_us=19573 present_max_us=8845 tick_max_us=10323 producer_failures=0 presentation_failures=0
[23:55:01] TINYDRAW_FILL_BASELINE result=complete zoom=100 x=1104 y=0 revision=2572 steps=17 wall_us=78608 compute_total_us=63533 compute_max_us=10325 present_total_us=11638 present_max_us=4147 tick_max_us=10341 producer_failures=0 presentation_failures=0
[23:55:01] TINYDRAW_LIVE_FILL_DONE zoom=100 x=1104 y=0 revision=2572
[23:55:01] TINYDRAW_PAN_BASELINE zoom=100 x=836 y=29 frames=3 reused=0 compose_avg_us=28915 compose_max_us=30026 present_avg_us=18368 present_max_us=18791 tear_wait_avg_us=10105 tear_wait_max_us=11118 failures=0
[23:55:01] TINYDRAW_PAN_BASELINE zoom=100 x=565 y=0 frames=3 reused=0 compose_avg_us=27811 compose_max_us=29593 present_avg_us=18622 present_max_us=18882 tear_wait_avg_us=8274 tear_wait_max_us=11892 failures=0
[23:55:01] TINYDRAW_FILL_BASELINE result=superseded zoom=100 x=836 y=29 revision=2572 steps=23 wall_us=317835 compute_total_us=78050 compute_max_us=10816 present_total_us=23131 present_max_us=9199 tick_max_us=10830 producer_failures=0 presentation_failures=0
[23:55:02] TINYDRAW_PAN_BASELINE zoom=100 x=293 y=0 frames=3 reused=0 compose_avg_us=26750 compose_max_us=27601 present_avg_us=18616 present_max_us=18955 tear_wait_avg_us=10019 tear_wait_max_us=12259 failures=0
[23:55:02] TINYDRAW_FILL_BASELINE result=superseded zoom=100 x=565 y=0 revision=2572 steps=13 wall_us=281452 compute_total_us=47457 compute_max_us=10329 present_total_us=19335 present_max_us=9966 tick_max_us=11169 producer_failures=0 presentation_failures=0
[23:55:02] TINYDRAW_PAN_BASELINE zoom=100 x=80 y=1 frames=3 reused=0 compose_avg_us=27268 compose_max_us=27828 present_avg_us=18673 present_max_us=18932 tear_wait_avg_us=8103 tear_wait_max_us=10951 failures=0
[23:55:02] TINYDRAW_FILL_BASELINE result=superseded zoom=100 x=293 y=0 revision=2572 steps=31 wall_us=314288 compute_total_us=90765 compute_max_us=11271 present_total_us=17199 present_max_us=8652 tick_max_us=13688 producer_failures=0 presentation_failures=0
[23:55:02] TINYDRAW_PAN_BASELINE zoom=100 x=11 y=292 frames=3 reused=0 compose_avg_us=28136 compose_max_us=28731 present_avg_us=18359 present_max_us=18780 tear_wait_avg_us=8238 tear_wait_max_us=10222 failures=0
[23:55:02] TINYDRAW_FILL_BASELINE result=superseded zoom=100 x=80 y=1 revision=2572 steps=14 wall_us=281627 compute_total_us=48954 compute_max_us=11188 present_total_us=14618 present_max_us=9646 tick_max_us=11202 producer_failures=0 presentation_failures=0
[23:55:03] TINYDRAW_PAN_BASELINE zoom=100 x=88 y=538 frames=3 reused=0 compose_avg_us=30962 compose_max_us=31371 present_avg_us=18484 present_max_us=18819 tear_wait_avg_us=8267 tear_wait_max_us=12239 failures=0
[23:55:03] TINYDRAW_FILL_BASELINE result=superseded zoom=100 x=11 y=292 revision=2572 steps=18 wall_us=315544 compute_total_us=66283 compute_max_us=9925 present_total_us=21315 present_max_us=9197 tick_max_us=9937 producer_failures=0 presentation_failures=0
[23:55:03] TINYDRAW_FILL_BASELINE result=complete zoom=100 x=88 y=538 revision=2572 steps=1 wall_us=973 compute_total_us=939 compute_max_us=939 present_total_us=0 present_max_us=0 tick_max_us=952 producer_failures=0 presentation_failures=0
[23:55:03] TINYDRAW_LIVE_FILL_DONE zoom=100 x=88 y=538 revision=2572
[23:55:03] TINYDRAW_PAN_BASELINE zoom=100 x=183 y=816 frames=3 reused=1 compose_avg_us=25869 compose_max_us=30361 present_avg_us=20108 present_max_us=23586 tear_wait_avg_us=9525 tear_wait_max_us=11310 failures=0
[23:55:03] TINYDRAW_PAN_BASELINE zoom=100 x=283 y=1028 frames=3 reused=0 compose_avg_us=28365 compose_max_us=29824 present_avg_us=18304 present_max_us=18577 tear_wait_avg_us=11057 tear_wait_max_us=12334 failures=0
[23:55:03] TINYDRAW_FILL_BASELINE result=superseded zoom=100 x=183 y=816 revision=2572 steps=18 wall_us=301189 compute_total_us=59307 compute_max_us=10775 present_total_us=18230 present_max_us=9515 tick_max_us=10789 producer_failures=0 presentation_failures=0
[23:55:04] TINYDRAW_PAN_BASELINE zoom=100 x=341 y=1028 frames=2 reused=0 compose_avg_us=29792 compose_max_us=31473 present_avg_us=18560 present_max_us=18727 tear_wait_avg_us=12864 tear_wait_max_us=15540 failures=0
[23:55:04] TINYDRAW_FILL_BASELINE result=superseded zoom=100 x=283 y=1028 revision=2572 steps=10 wall_us=198211 compute_total_us=35892 compute_max_us=10740 present_total_us=8957 present_max_us=8957 tick_max_us=12992 producer_failures=0 presentation_failures=0
[23:55:04] TINYDRAW_PAN_BASELINE zoom=100 x=440 y=1263 frames=3 reused=0 compose_avg_us=27905 compose_max_us=29818 present_avg_us=18344 present_max_us=18771 tear_wait_avg_us=13487 tear_wait_max_us=16680 failures=0
[23:55:04] TINYDRAW_FILL_BASELINE result=superseded zoom=100 x=341 y=1028 revision=2572 steps=33 wall_us=364237 compute_total_us=107941 compute_max_us=10192 present_total_us=27096 present_max_us=9679 tick_max_us=12039 producer_failures=0 presentation_failures=0
[23:55:04] TINYDRAW_PAN_BASELINE zoom=100 x=393 y=1344 frames=3 reused=0 compose_avg_us=27040 compose_max_us=28123 present_avg_us=18553 present_max_us=18791 tear_wait_avg_us=11814 tear_wait_max_us=12324 failures=0
[23:55:04] TINYDRAW_FILL_BASELINE result=superseded zoom=100 x=440 y=1263 revision=2572 steps=27 wall_us=364109 compute_total_us=105352 compute_max_us=10250 present_total_us=34109 present_max_us=9541 tick_max_us=10599 producer_failures=0 presentation_failures=0
[23:55:04] TINYDRAW_FILL_BASELINE result=complete zoom=100 x=393 y=1344 revision=2572 steps=1 wall_us=8126 compute_total_us=6264 compute_max_us=6264 present_total_us=21 present_max_us=21 tick_max_us=6279 producer_failures=0 presentation_failures=0
[23:55:04] TINYDRAW_LIVE_FILL_DONE zoom=100 x=393 y=1344 revision=2572
[23:55:05] TINYDRAW_PAN_BASELINE zoom=100 x=398 y=1145 frames=3 reused=0 compose_avg_us=28151 compose_max_us=30016 present_avg_us=18541 present_max_us=18776 tear_wait_avg_us=9711 tear_wait_max_us=12204 failures=0
[23:55:05] TINYDRAW_FILL_BASELINE result=complete zoom=100 x=398 y=1145 revision=2572 steps=23 wall_us=72147 compute_total_us=56751 compute_max_us=10404 present_total_us=11923 present_max_us=10174 tick_max_us=11002 producer_failures=0 presentation_failures=0
[23:55:05] TINYDRAW_LIVE_FILL_DONE zoom=100 x=398 y=1145 revision=2572
[23:55:05] TINYDRAW_PAN_BASELINE zoom=100 x=543 y=1062 frames=3 reused=0 compose_avg_us=30493 compose_max_us=30709 present_avg_us=18468 present_max_us=18611 tear_wait_avg_us=5087 tear_wait_max_us=6743 failures=0
[23:55:06] TINYDRAW_PAN_BASELINE zoom=100 x=697 y=1077 frames=3 reused=0 compose_avg_us=30733 compose_max_us=31655 present_avg_us=18534 present_max_us=18793 tear_wait_avg_us=6783 tear_wait_max_us=8485 failures=0
[23:55:06] TINYDRAW_FILL_BASELINE result=superseded zoom=100 x=543 y=1062 revision=2572 steps=39 wall_us=353014 compute_total_us=116667 compute_max_us=10866 present_total_us=16333 present_max_us=7938 tick_max_us=10881 producer_failures=0 presentation_failures=0
[23:55:06] TINYDRAW_PAN_BASELINE zoom=100 x=859 y=1041 frames=3 reused=0 compose_avg_us=31023 compose_max_us=31603 present_avg_us=18483 present_max_us=18916 tear_wait_avg_us=6533 tear_wait_max_us=7986 failures=0
[23:55:06] TINYDRAW_FILL_BASELINE result=superseded zoom=100 x=697 y=1077 revision=2572 steps=30 wall_us=382132 compute_total_us=108075 compute_max_us=10293 present_total_us=27550 present_max_us=10558 tick_max_us=11719 producer_failures=0 presentation_failures=0
[23:55:06] TINYDRAW_PAN_BASELINE zoom=100 x=1050 y=1011 frames=3 reused=0 compose_avg_us=31368 compose_max_us=33006 present_avg_us=18483 present_max_us=18754 tear_wait_avg_us=8216 tear_wait_max_us=9996 failures=0
[23:55:06] TINYDRAW_FILL_BASELINE result=superseded zoom=100 x=859 y=1041 revision=2572 steps=27 wall_us=365017 compute_total_us=109129 compute_max_us=10888 present_total_us=26743 present_max_us=8837 tick_max_us=12044 producer_failures=0 presentation_failures=0
[23:55:07] TINYDRAW_PAN_BASELINE zoom=100 x=1024 y=933 frames=7 reused=0 compose_avg_us=29433 compose_max_us=30657 present_avg_us=18489 present_max_us=18905 tear_wait_avg_us=8775 tear_wait_max_us=11686 failures=0
[23:55:07] TINYDRAW_FILL_BASELINE result=superseded zoom=100 x=1050 y=1011 revision=2572 steps=32 wall_us=667139 compute_total_us=147197 compute_max_us=10273 present_total_us=24134 present_max_us=9055 tick_max_us=10436 producer_failures=0 presentation_failures=0
[23:55:07] TINYDRAW_FILL_BASELINE result=complete zoom=100 x=1024 y=933 revision=2572 steps=17 wall_us=80144 compute_total_us=64045 compute_max_us=10083 present_total_us=12360 present_max_us=6043 tick_max_us=10097 producer_failures=0 presentation_failures=0
[23:55:07] TINYDRAW_LIVE_FILL_DONE zoom=100 x=1024 y=933 revision=2572
[23:55:07] TINYDRAW_PAN_BASELINE zoom=100 x=920 y=739 frames=4 reused=0 compose_avg_us=30741 compose_max_us=32524 present_avg_us=18578 present_max_us=18942 tear_wait_avg_us=8397 tear_wait_max_us=11001 failures=0
[23:55:08] TINYDRAW_PAN_BASELINE zoom=100 x=823 y=603 frames=6 reused=0 compose_avg_us=29436 compose_max_us=31162 present_avg_us=18564 present_max_us=18908 tear_wait_avg_us=9375 tear_wait_max_us=15572 failures=0
[23:55:08] TINYDRAW_FILL_BASELINE result=superseded zoom=100 x=920 y=739 revision=2572 steps=8 wall_us=471005 compute_total_us=29972 compute_max_us=11508 present_total_us=9869 present_max_us=9869 tick_max_us=11527 producer_failures=0 presentation_failures=0
[23:55:08] TINYDRAW_PAN_BASELINE zoom=100 x=814 y=457 frames=4 reused=0 compose_avg_us=29892 compose_max_us=30254 present_avg_us=18464 present_max_us=18828 tear_wait_avg_us=6867 tear_wait_max_us=8648 failures=0
[23:55:08] TINYDRAW_FILL_BASELINE result=superseded zoom=100 x=823 y=603 revision=2572 steps=22 wall_us=381372 compute_total_us=67177 compute_max_us=10350 present_total_us=19541 present_max_us=9849 tick_max_us=12741 producer_failures=0 presentation_failures=0
[23:55:09] TINYDRAW_PAN_BASELINE zoom=100 x=779 y=321 frames=3 reused=0 compose_avg_us=30534 compose_max_us=31676 present_avg_us=18370 present_max_us=18624 tear_wait_avg_us=10475 tear_wait_max_us=16442 failures=0
[23:55:09] TINYDRAW_FILL_BASELINE result=superseded zoom=100 x=814 y=457 revision=2572 steps=17 wall_us=333434 compute_total_us=54985 compute_max_us=11542 present_total_us=16515 present_max_us=8373 tick_max_us=12192 producer_failures=0 presentation_failures=0
[23:55:09] TINYDRAW_PAN_BASELINE zoom=100 x=752 y=188 frames=3 reused=0 compose_avg_us=30471 compose_max_us=30816 present_avg_us=18305 present_max_us=18625 tear_wait_avg_us=6282 tear_wait_max_us=7273 failures=0
[23:55:09] TINYDRAW_FILL_BASELINE result=superseded zoom=100 x=779 y=321 revision=2572 steps=26 wall_us=329134 compute_total_us=84186 compute_max_us=10974 present_total_us=23898 present_max_us=10943 tick_max_us=13231 producer_failures=0 presentation_failures=0
[23:55:09] TINYDRAW_PAN_BASELINE zoom=100 x=601 y=58 frames=4 reused=0 compose_avg_us=30762 compose_max_us=32368 present_avg_us=18392 present_max_us=18764 tear_wait_avg_us=5571 tear_wait_max_us=7934 failures=0
[23:55:09] TINYDRAW_FILL_BASELINE result=superseded zoom=100 x=752 y=188 revision=2572 steps=25 wall_us=382107 compute_total_us=70317 compute_max_us=10835 present_total_us=18856 present_max_us=8205 tick_max_us=10849 producer_failures=0 presentation_failures=0
[23:55:10] TINYDRAW_PAN_BASELINE zoom=100 x=490 y=0 frames=4 reused=0 compose_avg_us=29298 compose_max_us=30524 present_avg_us=18495 present_max_us=18877 tear_wait_avg_us=8915 tear_wait_max_us=9572 failures=0
[23:55:10] TINYDRAW_FILL_BASELINE result=superseded zoom=100 x=601 y=58 revision=2572 steps=15 wall_us=365193 compute_total_us=38357 compute_max_us=10168 present_total_us=9596 present_max_us=9596 tick_max_us=11779 producer_failures=0 presentation_failures=0
[23:55:10] TINYDRAW_PAN_BASELINE zoom=100 x=312 y=0 frames=4 reused=0 compose_avg_us=28167 compose_max_us=29031 present_avg_us=18452 present_max_us=18784 tear_wait_avg_us=11104 tear_wait_max_us=14939 failures=0
[23:55:10] TINYDRAW_FILL_BASELINE result=superseded zoom=100 x=490 y=0 revision=2572 steps=16 wall_us=346631 compute_total_us=50675 compute_max_us=10529 present_total_us=3822 present_max_us=3822 tick_max_us=11684 producer_failures=0 presentation_failures=0
[23:55:11] TINYDRAW_PAN_BASELINE zoom=100 x=135 y=0 frames=4 reused=0 compose_avg_us=27762 compose_max_us=28650 present_avg_us=18496 present_max_us=18913 tear_wait_avg_us=11205 tear_wait_max_us=11654 failures=0
[23:55:11] TINYDRAW_FILL_BASELINE result=superseded zoom=100 x=312 y=0 revision=2572 steps=30 wall_us=382534 compute_total_us=75014 compute_max_us=11100 present_total_us=15799 present_max_us=8046 tick_max_us=13513 producer_failures=0 presentation_failures=0
[23:55:11] TINYDRAW_PAN_BASELINE zoom=100 x=155 y=74 frames=6 reused=0 compose_avg_us=28204 compose_max_us=29476 present_avg_us=18581 present_max_us=18934 tear_wait_avg_us=8759 tear_wait_max_us=10710 failures=0
[23:55:11] TINYDRAW_FILL_BASELINE result=superseded zoom=100 x=135 y=0 revision=2572 steps=16 wall_us=485433 compute_total_us=49117 compute_max_us=9715 present_total_us=16144 present_max_us=8404 tick_max_us=12151 producer_failures=0 presentation_failures=0
[23:55:12] TINYDRAW_PAN_BASELINE zoom=100 x=162 y=0 frames=6 reused=0 compose_avg_us=29788 compose_max_us=31139 present_avg_us=18382 present_max_us=18861 tear_wait_avg_us=8887 tear_wait_max_us=13552 failures=0
[23:55:12] TINYDRAW_FILL_BASELINE result=superseded zoom=100 x=155 y=74 revision=2572 steps=22 wall_us=563477 compute_total_us=68817 compute_max_us=9984 present_total_us=12047 present_max_us=7304 tick_max_us=10511 producer_failures=0 presentation_failures=0
[23:55:12] TINYDRAW_FILL_BASELINE result=complete zoom=100 x=162 y=0 revision=2572 steps=46 wall_us=135840 compute_total_us=119871 compute_max_us=6089 present_total_us=11107 present_max_us=3784 tick_max_us=8535 producer_failures=0 presentation_failures=0
[23:55:12] TINYDRAW_LIVE_FILL_DONE zoom=100 x=162 y=0 revision=2572
[23:55:13] TINYDRAW_PAN_BASELINE zoom=100 x=348 y=103 frames=4 reused=0 compose_avg_us=30851 compose_max_us=31896 present_avg_us=18522 present_max_us=18932 tear_wait_avg_us=8350 tear_wait_max_us=13583 failures=0
[23:55:13] TINYDRAW_PAN_BASELINE zoom=100 x=343 y=0 frames=4 reused=0 compose_avg_us=31855 compose_max_us=32970 present_avg_us=18348 present_max_us=18857 tear_wait_avg_us=8019 tear_wait_max_us=14447 failures=0
[23:55:13] TINYDRAW_FILL_BASELINE result=superseded zoom=100 x=348 y=103 revision=2572 steps=54 wall_us=488797 compute_total_us=125422 compute_max_us=10245 present_total_us=19333 present_max_us=6931 tick_max_us=10257 producer_failures=0 presentation_failures=0
[23:55:13] TINYDRAW_FILL_BASELINE result=complete zoom=100 x=343 y=0 revision=2572 steps=6 wall_us=29646 compute_total_us=20097 compute_max_us=5421 present_total_us=7093 present_max_us=3903 tick_max_us=6376 producer_failures=0 presentation_failures=0
[23:55:13] TINYDRAW_LIVE_FILL_DONE zoom=100 x=343 y=0 revision=2572
[23:55:13] TINYDRAW_PAN_BASELINE zoom=100 x=183 y=0 frames=4 reused=3 compose_avg_us=22784 compose_max_us=30099 present_avg_us=22489 present_max_us=23858 tear_wait_avg_us=4428 tear_wait_max_us=7764 failures=0
[23:55:14] TINYDRAW_FILL_BASELINE result=complete zoom=100 x=183 y=0 revision=2572 steps=1 wall_us=1798 compute_total_us=1758 compute_max_us=1758 present_total_us=0 present_max_us=0 tick_max_us=1773 producer_failures=0 presentation_failures=0
[23:55:14] TINYDRAW_LIVE_FILL_DONE zoom=100 x=183 y=0 revision=2572
[23:55:21] TINYDRAW_PAN_BASELINE zoom=100 x=427 y=22 frames=5 reused=4 compose_avg_us=24615 compose_max_us=31808 present_avg_us=22723 present_max_us=23988 tear_wait_avg_us=828 tear_wait_max_us=4113 failures=0
[23:55:21] TINYDRAW_FILL_BASELINE result=complete zoom=100 x=427 y=22 revision=2572 steps=8 wall_us=29512 compute_total_us=22258 compute_max_us=4770 present_total_us=4763 present_max_us=3606 tick_max_us=4788 producer_failures=0 presentation_failures=0
[23:55:21] TINYDRAW_LIVE_FILL_DONE zoom=100 x=427 y=22 revision=2572
[23:55:21] TINYDRAW_PAN_BASELINE zoom=100 x=595 y=0 frames=6 reused=2 compose_avg_us=27385 compose_max_us=31994 present_avg_us=20271 present_max_us=23982 tear_wait_avg_us=6267 tear_wait_max_us=9714 failures=0
[23:55:21] TINYDRAW_FILL_BASELINE result=complete zoom=100 x=595 y=0 revision=2572 steps=8 wall_us=46513 compute_total_us=34515 compute_max_us=9911 present_total_us=8393 present_max_us=3957 tick_max_us=9932 producer_failures=0 presentation_failures=0
[23:55:21] TINYDRAW_LIVE_FILL_DONE zoom=100 x=595 y=0 revision=2572
[23:55:22] TINYDRAW_PAN_BASELINE zoom=100 x=733 y=50 frames=3 reused=1 compose_avg_us=29241 compose_max_us=33085 present_avg_us=20217 present_max_us=23861 tear_wait_avg_us=3276 tear_wait_max_us=8291 failures=0
[23:55:22] TINYDRAW_FILL_BASELINE result=complete zoom=100 x=733 y=50 revision=2572 steps=19 wall_us=91418 compute_total_us=70998 compute_max_us=10556 present_total_us=16713 present_max_us=5927 tick_max_us=10572 producer_failures=0 presentation_failures=0
[23:55:22] TINYDRAW_LIVE_FILL_DONE zoom=100 x=733 y=50 revision=2572
[23:55:22] TINYDRAW_PAN_BASELINE zoom=100 x=816 y=49 frames=2 reused=0 compose_avg_us=32589 compose_max_us=33367 present_avg_us=18637 present_max_us=18673 tear_wait_avg_us=9542 tear_wait_max_us=13715 failures=0
[23:55:22] TINYDRAW_FILL_BASELINE result=complete zoom=100 x=816 y=49 revision=2572 steps=10 wall_us=49335 compute_total_us=38186 compute_max_us=8178 present_total_us=8156 present_max_us=3310 tick_max_us=8195 producer_failures=0 presentation_failures=0
[23:55:22] TINYDRAW_LIVE_FILL_DONE zoom=100 x=816 y=49 revision=2572
[23:55:22] TINYDRAW_PAN_BASELINE zoom=100 x=939 y=42 frames=3 reused=0 compose_avg_us=31502 compose_max_us=32094 present_avg_us=18579 present_max_us=18705 tear_wait_avg_us=4892 tear_wait_max_us=7090 failures=0
[23:55:23] TINYDRAW_FILL_BASELINE result=complete zoom=100 x=939 y=42 revision=2572 steps=25 wall_us=122419 compute_total_us=98008 compute_max_us=8396 present_total_us=19541 present_max_us=4905 tick_max_us=8417 producer_failures=0 presentation_failures=0
[23:55:23] TINYDRAW_LIVE_FILL_DONE zoom=100 x=939 y=42 revision=2572
[23:55:23] TINYDRAW_PAN_BASELINE zoom=100 x=1072 y=70 frames=3 reused=0 compose_avg_us=31249 compose_max_us=33013 present_avg_us=18509 present_max_us=18842 tear_wait_avg_us=9629 tear_wait_max_us=14677 failures=0
[23:55:23] TINYDRAW_FILL_BASELINE result=complete zoom=100 x=1072 y=70 revision=2572 steps=14 wall_us=58213 compute_total_us=54346 compute_max_us=7349 present_total_us=1569 present_max_us=1514 tick_max_us=7363 producer_failures=0 presentation_failures=0
[23:55:23] TINYDRAW_LIVE_FILL_DONE zoom=100 x=1072 y=70 revision=2572
[23:55:23] TINYDRAW_PAN_BASELINE zoom=100 x=1013 y=296 frames=3 reused=0 compose_avg_us=31024 compose_max_us=31463 present_avg_us=18509 present_max_us=18968 tear_wait_avg_us=9493 tear_wait_max_us=13905 failures=0
[23:55:24] TINYDRAW_FILL_BASELINE result=complete zoom=100 x=1013 y=296 revision=2572 steps=20 wall_us=105151 compute_total_us=87377 compute_max_us=13764 present_total_us=12861 present_max_us=4640 tick_max_us=15019 producer_failures=0 presentation_failures=0
[23:55:24] TINYDRAW_LIVE_FILL_DONE zoom=100 x=1013 y=296 revision=2572
[23:55:24] TINYDRAW_PAN_BASELINE zoom=100 x=1012 y=490 frames=3 reused=1 compose_avg_us=30668 compose_max_us=31847 present_avg_us=20299 present_max_us=23590 tear_wait_avg_us=10411 tear_wait_max_us=11987 failures=0
[23:55:24] TINYDRAW_FILL_BASELINE result=complete zoom=100 x=1012 y=490 revision=2572 steps=18 wall_us=81032 compute_total_us=65832 compute_max_us=10141 present_total_us=11879 present_max_us=6890 tick_max_us=11095 producer_failures=0 presentation_failures=0
[23:55:24] TINYDRAW_LIVE_FILL_DONE zoom=100 x=1012 y=490 revision=2572
[23:55:24] TINYDRAW_PAN_BASELINE zoom=100 x=1016 y=685 frames=3 reused=1 compose_avg_us=29942 compose_max_us=32187 present_avg_us=20293 present_max_us=23986 tear_wait_avg_us=1746 tear_wait_max_us=4898 failures=0
[23:55:24] TINYDRAW_FILL_BASELINE result=complete zoom=100 x=1016 y=685 revision=2572 steps=18 wall_us=48264 compute_total_us=43662 compute_max_us=6185 present_total_us=1717 present_max_us=1017 tick_max_us=7671 producer_failures=0 presentation_failures=0
[23:55:24] TINYDRAW_LIVE_FILL_DONE zoom=100 x=1016 y=685 revision=2572
[23:55:25] TINYDRAW_PAN_BASELINE zoom=100 x=1058 y=838 frames=3 reused=2 compose_avg_us=28228 compose_max_us=32019 present_avg_us=21735 present_max_us=23345 tear_wait_avg_us=2714 tear_wait_max_us=8134 failures=0
[23:55:25] TINYDRAW_FILL_BASELINE result=complete zoom=100 x=1058 y=838 revision=2572 steps=1 wall_us=2445 compute_total_us=2409 compute_max_us=2409 present_total_us=0 present_max_us=0 tick_max_us=2422 producer_failures=0 presentation_failures=0
[23:55:25] TINYDRAW_LIVE_FILL_DONE zoom=100 x=1058 y=838 revision=2572
[23:55:25] TINYDRAW_LIVE_PRESENT kind=power zoom=100 x=1058 y=838 compose_us=30963 scroll_us=0 exposed_compose_us=0 chrome_us=7888 read_submit_us=36040 read_complete_us=37652 transfer_wait_us=18960 tile_pixels=135552 uniform_pixels=29312 overview_pixels=0 fallback_pixels=0 resident_tiles=56 fallback_tiles=0 pushes=11 tear_wait_us=3291 tear_sync=1 frame_reused=0 pass=1
[23:55:25] TINYDRAW_PAN_BASELINE zoom=100 x=1075 y=979 frames=4 reused=4 compose_avg_us=22107 compose_max_us=26779 present_avg_us=23064 present_max_us=23291 tear_wait_avg_us=3749 tear_wait_max_us=8799 failures=0
[23:55:25] TINYDRAW_FILL_BASELINE result=complete zoom=100 x=1075 y=979 revision=2572 steps=1 wall_us=2410 compute_total_us=2375 compute_max_us=2375 present_total_us=0 present_max_us=0 tick_max_us=2387 producer_failures=0 presentation_failures=0
[23:55:25] TINYDRAW_LIVE_FILL_DONE zoom=100 x=1075 y=979 revision=2572
[23:55:26] TINYDRAW_PAN_BASELINE zoom=100 x=931 y=1064 frames=4 reused=2 compose_avg_us=25627 compose_max_us=32043 present_avg_us=20550 present_max_us=22901 tear_wait_avg_us=5080 tear_wait_max_us=11298 failures=0
[23:55:26] TINYDRAW_FILL_BASELINE result=complete zoom=100 x=931 y=1064 revision=2572 steps=16 wall_us=58145 compute_total_us=52681 compute_max_us=9796 present_total_us=1952 present_max_us=1903 tick_max_us=10323 producer_failures=0 presentation_failures=0
[23:55:26] TINYDRAW_LIVE_FILL_DONE zoom=100 x=931 y=1064 revision=2572
[23:55:26] TINYDRAW_PAN_BASELINE zoom=100 x=839 y=1170 frames=4 reused=3 compose_avg_us=24928 compose_max_us=32013 present_avg_us=22507 present_max_us=23888 tear_wait_avg_us=4225 tear_wait_max_us=14126 failures=0
[23:55:26] TINYDRAW_FILL_BASELINE result=complete zoom=100 x=839 y=1170 revision=2572 steps=3 wall_us=8114 compute_total_us=6180 compute_max_us=2318 present_total_us=43 present_max_us=22 tick_max_us=2331 producer_failures=0 presentation_failures=0
[23:55:26] TINYDRAW_LIVE_FILL_DONE zoom=100 x=839 y=1170 revision=2572
[23:55:26] TINYDRAW_PAN_BASELINE zoom=100 x=705 y=1137 frames=4 reused=1 compose_avg_us=28379 compose_max_us=31293 present_avg_us=19753 present_max_us=23714 tear_wait_avg_us=5643 tear_wait_max_us=8352 failures=0
[23:55:27] TINYDRAW_PAN_BASELINE zoom=100 x=569 y=1015 frames=4 reused=0 compose_avg_us=30412 compose_max_us=30721 present_avg_us=18479 present_max_us=18766 tear_wait_avg_us=5325 tear_wait_max_us=7635 failures=0
[23:55:27] TINYDRAW_FILL_BASELINE result=superseded zoom=100 x=705 y=1137 revision=2572 steps=31 wall_us=385996 compute_total_us=74897 compute_max_us=6334 present_total_us=13122 present_max_us=5086 tick_max_us=6897 producer_failures=0 presentation_failures=0
[23:55:27] TINYDRAW_PAN_BASELINE zoom=100 x=414 y=1005 frames=4 reused=0 compose_avg_us=29986 compose_max_us=31082 present_avg_us=18558 present_max_us=18938 tear_wait_avg_us=8672 tear_wait_max_us=11275 failures=0
[23:55:27] TINYDRAW_FILL_BASELINE result=superseded zoom=100 x=569 y=1015 revision=2572 steps=39 wall_us=449466 compute_total_us=103676 compute_max_us=10119 present_total_us=25276 present_max_us=8871 tick_max_us=10131 producer_failures=0 presentation_failures=0
[23:55:28] TINYDRAW_PAN_BASELINE zoom=100 x=248 y=932 frames=4 reused=0 compose_avg_us=28715 compose_max_us=30721 present_avg_us=18541 present_max_us=18911 tear_wait_avg_us=9720 tear_wait_max_us=10600 failures=0
[23:55:28] TINYDRAW_FILL_BASELINE result=superseded zoom=100 x=414 y=1005 revision=2572 steps=23 wall_us=380000 compute_total_us=71827 compute_max_us=10145 present_total_us=14630 present_max_us=8518 tick_max_us=11923 producer_failures=0 presentation_failures=0
[23:55:28] TINYDRAW_PAN_BASELINE zoom=100 x=177 y=780 frames=4 reused=0 compose_avg_us=28723 compose_max_us=29050 present_avg_us=18555 present_max_us=18841 tear_wait_avg_us=9693 tear_wait_max_us=10354 failures=0
[23:55:28] TINYDRAW_FILL_BASELINE result=superseded zoom=100 x=248 y=932 revision=2572 steps=25 wall_us=382256 compute_total_us=85169 compute_max_us=10682 present_total_us=16627 present_max_us=8361 tick_max_us=12910 producer_failures=0 presentation_failures=0
[23:55:29] TINYDRAW_PAN_BASELINE zoom=100 x=71 y=903 frames=4 reused=0 compose_avg_us=30628 compose_max_us=31449 present_avg_us=18557 present_max_us=18948 tear_wait_avg_us=5512 tear_wait_max_us=7380 failures=0
[23:55:29] TINYDRAW_FILL_BASELINE result=superseded zoom=100 x=177 y=780 revision=2572 steps=77 wall_us=600104 compute_total_us=251446 compute_max_us=11447 present_total_us=58723 present_max_us=9607 tick_max_us=13711 producer_failures=0 presentation_failures=0
[23:55:29] TINYDRAW_FILL_BASELINE result=complete zoom=100 x=71 y=903 revision=2572 steps=40 wall_us=172583 compute_total_us=145744 compute_max_us=13087 present_total_us=20310 present_max_us=8400 tick_max_us=13103 producer_failures=0 presentation_failures=0
[23:55:29] TINYDRAW_LIVE_FILL_DONE zoom=100 x=71 y=903 revision=2572
[23:55:29] TINYDRAW_PAN_BASELINE zoom=100 x=0 y=977 frames=4 reused=3 compose_avg_us=23869 compose_max_us=30793 present_avg_us=22567 present_max_us=23889 tear_wait_avg_us=2214 tear_wait_max_us=3156 failures=0
[23:55:29] TINYDRAW_FILL_BASELINE result=complete zoom=100 x=0 y=977 revision=2572 steps=5 wall_us=26502 compute_total_us=24740 compute_max_us=7794 present_total_us=41 present_max_us=21 tick_max_us=8563 producer_failures=0 presentation_failures=0
[23:55:29] TINYDRAW_LIVE_FILL_DONE zoom=100 x=0 y=977 revision=2572
[23:55:30] TINYDRAW_PAN_BASELINE zoom=100 x=0 y=739 frames=5 reused=2 compose_avg_us=25293 compose_max_us=30388 present_avg_us=20690 present_max_us=23666 tear_wait_avg_us=6312 tear_wait_max_us=11889 failures=0
[23:55:30] TINYDRAW_FILL_BASELINE result=complete zoom=100 x=0 y=739 revision=2572 steps=28 wall_us=120423 compute_total_us=94739 compute_max_us=9731 present_total_us=20779 present_max_us=8714 tick_max_us=11402 producer_failures=0 presentation_failures=0
[23:55:30] TINYDRAW_LIVE_FILL_DONE zoom=100 x=0 y=739 revision=2572
[23:55:30] TINYDRAW_PAN_BASELINE zoom=100 x=0 y=507 frames=3 reused=0 compose_avg_us=29351 compose_max_us=30463 present_avg_us=18286 present_max_us=18481 tear_wait_avg_us=8753 tear_wait_max_us=10173 failures=0
[23:55:30] TINYDRAW_PAN_BASELINE zoom=100 x=0 y=218 frames=3 reused=0 compose_avg_us=28961 compose_max_us=30690 present_avg_us=18598 present_max_us=18934 tear_wait_avg_us=6816 tear_wait_max_us=10449 failures=0
[23:55:30] TINYDRAW_FILL_BASELINE result=superseded zoom=100 x=0 y=507 revision=2572 steps=38 wall_us=387004 compute_total_us=131109 compute_max_us=10370 present_total_us=37868 present_max_us=10009 tick_max_us=12278 producer_failures=0 presentation_failures=0
[23:55:31] TINYDRAW_PAN_BASELINE zoom=100 x=0 y=0 frames=3 reused=0 compose_avg_us=27892 compose_max_us=29652 present_avg_us=18477 present_max_us=18939 tear_wait_avg_us=7999 tear_wait_max_us=12412 failures=0
[23:55:31] TINYDRAW_FILL_BASELINE result=superseded zoom=100 x=0 y=218 revision=2572 steps=23 wall_us=331102 compute_total_us=84502 compute_max_us=10012 present_total_us=30177 present_max_us=9128 tick_max_us=10366 producer_failures=0 presentation_failures=0
[23:55:31] TINYDRAW_PAN_BASELINE zoom=100 x=34 y=0 frames=2 reused=0 compose_avg_us=28169 compose_max_us=28372 present_avg_us=18423 present_max_us=18843 tear_wait_avg_us=10637 tear_wait_max_us=11788 failures=2
[23:55:31] TINYDRAW_FILL_BASELINE result=superseded zoom=100 x=0 y=0 revision=2572 steps=25 wall_us=300588 compute_total_us=79612 compute_max_us=11008 present_total_us=21192 present_max_us=8309 tick_max_us=12233 producer_failures=0 presentation_failures=0
[23:55:31] TINYDRAW_FILL_BASELINE result=complete zoom=100 x=34 y=0 revision=2572 steps=39 wall_us=111982 compute_total_us=96480 compute_max_us=6865 present_total_us=10441 present_max_us=4557 tick_max_us=9276 producer_failures=0 presentation_failures=0
[23:55:31] TINYDRAW_LIVE_FILL_DONE zoom=100 x=34 y=0 revision=2572
[23:55:31] TINYDRAW_PAN_BASELINE zoom=100 x=188 y=71 frames=3 reused=0 compose_avg_us=30696 compose_max_us=31835 present_avg_us=18639 present_max_us=18862 tear_wait_avg_us=4396 tear_wait_max_us=5926 failures=0
[23:55:32] TINYDRAW_PAN_BASELINE zoom=100 x=369 y=1 frames=3 reused=0 compose_avg_us=30852 compose_max_us=33420 present_avg_us=18595 present_max_us=18928 tear_wait_avg_us=8916 tear_wait_max_us=10181 failures=0
[23:55:32] TINYDRAW_FILL_BASELINE result=superseded zoom=100 x=188 y=71 revision=2572 steps=45 wall_us=353010 compute_total_us=105233 compute_max_us=7659 present_total_us=18962 present_max_us=5541 tick_max_us=9365 producer_failures=0 presentation_failures=0
[23:55:32] TINYDRAW_PAN_BASELINE zoom=100 x=493 y=0 frames=3 reused=0 compose_avg_us=29850 compose_max_us=30124 present_avg_us=18738 present_max_us=18940 tear_wait_avg_us=9133 tear_wait_max_us=10677 failures=0
[23:55:32] TINYDRAW_FILL_BASELINE result=superseded zoom=100 x=369 y=1 revision=2572 steps=39 wall_us=381446 compute_total_us=111008 compute_max_us=10500 present_total_us=29648 present_max_us=10680 tick_max_us=11638 producer_failures=0 presentation_failures=0
[23:55:32] TINYDRAW_FILL_BASELINE result=complete zoom=100 x=493 y=0 revision=2572 steps=67 wall_us=218702 compute_total_us=176878 compute_max_us=10695 present_total_us=33280 present_max_us=9295 tick_max_us=11623 producer_failures=0 presentation_failures=0
[23:55:32] TINYDRAW_LIVE_FILL_DONE zoom=100 x=493 y=0 revision=2572
[23:55:33] TINYDRAW_PAN_BASELINE zoom=100 x=659 y=9 frames=3 reused=0 compose_avg_us=31376 compose_max_us=32086 present_avg_us=18416 present_max_us=18881 tear_wait_avg_us=7273 tear_wait_max_us=8756 failures=0
[23:55:33] TINYDRAW_PAN_BASELINE zoom=100 x=795 y=34 frames=3 reused=0 compose_avg_us=31322 compose_max_us=31575 present_avg_us=18703 present_max_us=18896 tear_wait_avg_us=5034 tear_wait_max_us=7089 failures=0
[23:55:33] TINYDRAW_FILL_BASELINE result=superseded zoom=100 x=659 y=9 revision=2572 steps=43 wall_us=387091 compute_total_us=141067 compute_max_us=11167 present_total_us=27210 present_max_us=9577 tick_max_us=12366 producer_failures=0 presentation_failures=0
[23:55:33] TINYDRAW_PAN_BASELINE zoom=100 x=934 y=92 frames=3 reused=0 compose_avg_us=32324 compose_max_us=33487 present_avg_us=18516 present_max_us=18934 tear_wait_avg_us=6211 tear_wait_max_us=6818 failures=0
[23:55:33] TINYDRAW_FILL_BASELINE result=superseded zoom=100 x=795 y=34 revision=2572 steps=29 wall_us=365376 compute_total_us=114199 compute_max_us=11886 present_total_us=26596 present_max_us=8034 tick_max_us=12383 producer_failures=0 presentation_failures=0
[23:55:34] TINYDRAW_PAN_BASELINE zoom=100 x=1089 y=159 frames=3 reused=0 compose_avg_us=30644 compose_max_us=32130 present_avg_us=18602 present_max_us=18843 tear_wait_avg_us=6140 tear_wait_max_us=9156 failures=0
[23:55:34] TINYDRAW_FILL_BASELINE result=superseded zoom=100 x=934 y=92 revision=2572 steps=33 wall_us=363455 compute_total_us=129094 compute_max_us=10241 present_total_us=22872 present_max_us=5776 tick_max_us=12067 producer_failures=0 presentation_failures=0
[23:55:34] TINYDRAW_PAN_BASELINE zoom=100 x=1104 y=229 frames=3 reused=2 compose_avg_us=25708 compose_max_us=29769 present_avg_us=21880 present_max_us=23558 tear_wait_avg_us=427 tear_wait_max_us=1273 failures=0
[23:55:34] TINYDRAW_FILL_BASELINE result=superseded zoom=100 x=1089 y=159 revision=2572 steps=23 wall_us=280175 compute_total_us=91226 compute_max_us=11465 present_total_us=12152 present_max_us=6075 tick_max_us=11478 producer_failures=0 presentation_failures=0
[23:55:34] TINYDRAW_FILL_BASELINE result=complete zoom=100 x=1104 y=229 revision=2572 steps=19 wall_us=64515 compute_total_us=62019 compute_max_us=9788 present_total_us=62 present_max_us=21 tick_max_us=11007 producer_failures=0 presentation_failures=0
[23:55:34] TINYDRAW_LIVE_FILL_DONE zoom=100 x=1104 y=229 revision=2572
[23:55:35] TINYDRAW_PAN_BASELINE zoom=100 x=1104 y=429 frames=4 reused=1 compose_avg_us=28061 compose_max_us=30413 present_avg_us=19844 present_max_us=23666 tear_wait_avg_us=5189 tear_wait_max_us=10636 failures=0
[23:55:35] TINYDRAW_PAN_BASELINE zoom=100 x=1104 y=733 frames=4 reused=0 compose_avg_us=28776 compose_max_us=30598 present_avg_us=18371 present_max_us=18803 tear_wait_avg_us=11074 tear_wait_max_us=12684 failures=0
[23:55:35] TINYDRAW_FILL_BASELINE result=superseded zoom=100 x=1104 y=429 revision=2572 steps=29 wall_us=419095 compute_total_us=107553 compute_max_us=10112 present_total_us=17879 present_max_us=4971 tick_max_us=11177 producer_failures=0 presentation_failures=0
[23:55:35] TINYDRAW_PAN_BASELINE zoom=100 x=1104 y=1029 frames=3 reused=0 compose_avg_us=26443 compose_max_us=27665 present_avg_us=18386 present_max_us=18611 tear_wait_avg_us=13210 tear_wait_max_us=14455 failures=0
[23:55:35] TINYDRAW_FILL_BASELINE result=superseded zoom=100 x=1104 y=733 revision=2572 steps=3 wall_us=265151 compute_total_us=20624 compute_max_us=10296 present_total_us=9315 present_max_us=9315 tick_max_us=12160 producer_failures=0 presentation_failures=0
[23:55:36] TINYDRAW_PAN_BASELINE zoom=100 x=1049 y=1286 frames=3 reused=0 compose_avg_us=26616 compose_max_us=26968 present_avg_us=18527 present_max_us=18738 tear_wait_avg_us=13588 tear_wait_max_us=15040 failures=0
[23:55:36] TINYDRAW_FILL_BASELINE result=superseded zoom=100 x=1104 y=1029 revision=2572 steps=17 wall_us=330402 compute_total_us=85127 compute_max_us=10167 present_total_us=22781 present_max_us=8064 tick_max_us=11998 producer_failures=0 presentation_failures=0
[23:55:36] TINYDRAW_PAN_BASELINE zoom=100 x=859 y=1316 frames=3 reused=0 compose_avg_us=26794 compose_max_us=26989 present_avg_us=18871 present_max_us=18949 tear_wait_avg_us=8460 tear_wait_max_us=13085 failures=0
[23:55:36] TINYDRAW_FILL_BASELINE result=superseded zoom=100 x=1049 y=1286 revision=2572 steps=19 wall_us=347945 compute_total_us=81664 compute_max_us=14331 present_total_us=26836 present_max_us=9043 tick_max_us=14802 producer_failures=0 presentation_failures=0
[23:55:36] TINYDRAW_FILL_BASELINE result=complete zoom=100 x=859 y=1316 revision=2572 steps=20 wall_us=95249 compute_total_us=72091 compute_max_us=10221 present_total_us=18119 present_max_us=6175 tick_max_us=10235 producer_failures=0 presentation_failures=0
[23:55:36] TINYDRAW_LIVE_FILL_DONE zoom=100 x=859 y=1316 revision=2572
[23:55:37] TINYDRAW_PAN_BASELINE zoom=100 x=640 y=1247 frames=3 reused=0 compose_avg_us=27046 compose_max_us=27413 present_avg_us=18628 present_max_us=18965 tear_wait_avg_us=8030 tear_wait_max_us=11666 failures=0
[23:55:37] TINYDRAW_PAN_BASELINE zoom=100 x=567 y=986 frames=4 reused=0 compose_avg_us=29063 compose_max_us=29483 present_avg_us=18449 present_max_us=18873 tear_wait_avg_us=10965 tear_wait_max_us=14726 failures=0
[23:55:37] TINYDRAW_FILL_BASELINE result=superseded zoom=100 x=640 y=1247 revision=2572 steps=36 wall_us=437006 compute_total_us=114848 compute_max_us=10089 present_total_us=25666 present_max_us=7973 tick_max_us=10484 producer_failures=0 presentation_failures=0
[23:55:37] TINYDRAW_PAN_BASELINE zoom=100 x=354 y=948 frames=4 reused=0 compose_avg_us=28720 compose_max_us=29182 present_avg_us=18546 present_max_us=18903 tear_wait_avg_us=7444 tear_wait_max_us=9885 failures=0
[23:55:37] TINYDRAW_FILL_BASELINE result=superseded zoom=100 x=567 y=986 revision=2572 steps=11 wall_us=330925 compute_total_us=30986 compute_max_us=10818 present_total_us=8809 present_max_us=8809 tick_max_us=11412 producer_failures=0 presentation_failures=0
[23:55:38] TINYDRAW_PAN_BASELINE zoom=100 x=147 y=959 frames=4 reused=0 compose_avg_us=28560 compose_max_us=29354 present_avg_us=18447 present_max_us=18814 tear_wait_avg_us=9467 tear_wait_max_us=10705 failures=0
[23:55:38] TINYDRAW_FILL_BASELINE result=superseded zoom=100 x=354 y=948 revision=2572 steps=18 wall_us=364457 compute_total_us=58202 compute_max_us=10146 present_total_us=16462 present_max_us=8637 tick_max_us=10721 producer_failures=0 presentation_failures=0
[23:55:38] TINYDRAW_PAN_BASELINE zoom=100 x=49 y=1113 frames=3 reused=0 compose_avg_us=27911 compose_max_us=28784 present_avg_us=18506 present_max_us=18756 tear_wait_avg_us=10982 tear_wait_max_us=12195 failures=0
[23:55:38] TINYDRAW_FILL_BASELINE result=superseded zoom=100 x=147 y=959 revision=2572 steps=24 wall_us=332378 compute_total_us=84825 compute_max_us=10581 present_total_us=25642 present_max_us=10969 tick_max_us=12814 producer_failures=0 presentation_failures=0
[23:55:38] TINYDRAW_FILL_BASELINE result=complete zoom=100 x=49 y=1113 revision=2572 steps=61 wall_us=305352 compute_total_us=231940 compute_max_us=13355 present_total_us=64109 present_max_us=9676 tick_max_us=13369 producer_failures=0 presentation_failures=0
[23:55:38] TINYDRAW_LIVE_FILL_DONE zoom=100 x=49 y=1113 revision=2572
[23:55:55] TINYDRAW_LIVE_PRESENT kind=power zoom=100 x=49 y=1113 compose_us=30668 scroll_us=0 exposed_compose_us=0 chrome_us=7969 read_submit_us=47116 read_complete_us=48729 transfer_wait_us=18884 tile_pixels=130823 uniform_pixels=34041 overview_pixels=0 fallback_pixels=0 resident_tiles=56 fallback_tiles=0 pushes=11 tear_wait_us=14681 tear_sync=1 frame_reused=0 pass=1
[23:56:55] TINYDRAW_LIVE_PRESENT kind=power zoom=100 x=49 y=1113 compose_us=30710 scroll_us=0 exposed_compose_us=0 chrome_us=7941 read_submit_us=33313 read_complete_us=34925 transfer_wait_us=18687 tile_pixels=130823 uniform_pixels=34041 overview_pixels=0 fallback_pixels=0 resident_tiles=56 fallback_tiles=0 pushes=11 tear_wait_us=861 tear_sync=1 frame_reused=0 pass=1
[23:57:25] TINYDRAW_LIVE_PRESENT kind=power zoom=100 x=49 y=1113 compose_us=30751 scroll_us=0 exposed_compose_us=0 chrome_us=7965 read_submit_us=32757 read_complete_us=34368 transfer_wait_us=18243 tile_pixels=130823 uniform_pixels=34041 overview_pixels=0 fallback_pixels=0 resident_tiles=56 fallback_tiles=0 pushes=11 tear_wait_us=246 tear_sync=1 frame_reused=0 pass=1
[23:57:55] TINYDRAW_LIVE_PRESENT kind=power zoom=100 x=49 y=1113 compose_us=30703 scroll_us=0 exposed_compose_us=0 chrome_us=7949 read_submit_us=34623 read_complete_us=36229 transfer_wait_us=18377 tile_pixels=130823 uniform_pixels=34041 overview_pixels=0 fallback_pixels=0 resident_tiles=56 fallback_tiles=0 pushes=11 tear_wait_us=2129 tear_sync=1 frame_reused=0 pass=1
[23:58:25] TINYDRAW_LIVE_PRESENT kind=power zoom=100 x=49 y=1113 compose_us=30751 scroll_us=0 exposed_compose_us=0 chrome_us=7963 read_submit_us=32637 read_complete_us=34247 transfer_wait_us=18363 tile_pixels=130823 uniform_pixels=34041 overview_pixels=0 fallback_pixels=0 resident_tiles=56 fallback_tiles=0 pushes=11 tear_wait_us=76 tear_sync=1 frame_reused=0 pass=1
[23:58:55] TINYDRAW_LIVE_PRESENT kind=power zoom=100 x=49 y=1113 compose_us=30703 scroll_us=0 exposed_compose_us=0 chrome_us=7936 read_submit_us=39579 read_complete_us=41189 transfer_wait_us=18421 tile_pixels=130823 uniform_pixels=34041 overview_pixels=0 fallback_pixels=0 resident_tiles=56 fallback_tiles=0 pushes=11 tear_wait_us=7096 tear_sync=1 frame_reused=0 pass=1
[23:59:25] TINYDRAW_LIVE_PRESENT kind=power zoom=100 x=49 y=1113 compose_us=30707 scroll_us=0 exposed_compose_us=0 chrome_us=7949 read_submit_us=34128 read_complete_us=35739 transfer_wait_us=18872 tile_pixels=130823 uniform_pixels=34041 overview_pixels=0 fallback_pixels=0 resident_tiles=56 fallback_tiles=0 pushes=11 tear_wait_us=1646 tear_sync=1 frame_reused=0 pass=1
