[12:47:33] I (103) esp_image: segment 0: paddr=00010020 vaddr=3c040020 sizeTINYDRAW_LIVE_PRESENT kind=power zoom=25 x=0 y=0 compose_us=36491 scroll_us=0 exposed_compose_us=0 chrome_us=8019 read_submit_us=41296 read_complete_us=42909 transfer_wait_us=18704 tile_pixels=0 uniform_pixels=0 overview_pixels=164864 fallback_pixels=0 resident_tiles=0 fallback_tiles=0 pushes=11 tear_wait_us=3044 tear_sync=1 frame_reused=0 pass=1
[12:47:54] TINYDRAW_LIVE_PRESENT kind=chrome zoom=25 x=0 y=0 compose_us=37420 scroll_us=0 exposed_compose_us=0 chrome_us=0 read_submit_us=38989 read_complete_us=40601 transfer_wait_us=17964 tile_pixels=0 uniform_pixels=0 overview_pixels=164864 fallback_pixels=0 resident_tiles=0 fallback_tiles=0 pushes=11 tear_wait_us=189 tear_sync=1 frame_reused=0 pass=1
[12:47:55] TINYDRAW_LIVE_PRESENT kind=chrome zoom=25 x=0 y=0 compose_us=36466 scroll_us=0 exposed_compose_us=0 chrome_us=8092 read_submit_us=39810 read_complete_us=41422 transfer_wait_us=18146 tile_pixels=0 uniform_pixels=0 overview_pixels=164864 fallback_pixels=0 resident_tiles=0 fallback_tiles=0 pushes=11 tear_wait_us=2118 tear_sync=1 frame_reused=0 pass=1
[12:47:55] TINYDRAW_LIVE_PRESENT kind=chrome zoom=25 x=0 y=0 compose_us=37249 scroll_us=0 exposed_compose_us=0 chrome_us=0 read_submit_us=47598 read_complete_us=49210 transfer_wait_us=18358 tile_pixels=0 uniform_pixels=0 overview_pixels=164864 fallback_pixels=0 resident_tiles=0 fallback_tiles=0 pushes=11 tear_wait_us=9006 tear_sync=1 frame_reused=0 pass=1
[12:47:56] TINYDRAW_LIVE_PRESENT kind=chrome zoom=25 x=0 y=0 compose_us=36447 scroll_us=0 exposed_compose_us=0 chrome_us=8066 read_submit_us=42099 read_complete_us=43711 transfer_wait_us=18857 tile_pixels=0 uniform_pixels=0 overview_pixels=164864 fallback_pixels=0 resident_tiles=0 fallback_tiles=0 pushes=11 tear_wait_us=4437 tear_sync=1 frame_reused=0 pass=1
[12:47:56] TINYDRAW_LIVE_PRESENT kind=chrome zoom=25 x=0 y=0 compose_us=37129 scroll_us=0 exposed_compose_us=0 chrome_us=0 read_submit_us=43784 read_complete_us=45384 transfer_wait_us=18171 tile_pixels=0 uniform_pixels=0 overview_pixels=164864 fallback_pixels=0 resident_tiles=0 fallback_tiles=0 pushes=11 tear_wait_us=5285 tear_sync=1 frame_reused=0 pass=1
[12:47:57] TINYDRAW_LIVE_PRESENT kind=chrome zoom=25 x=0 y=0 compose_us=36490 scroll_us=0 exposed_compose_us=0 chrome_us=8046 read_submit_us=44674 read_complete_us=46287 transfer_wait_us=18282 tile_pixels=0 uniform_pixels=0 overview_pixels=164864 fallback_pixels=0 resident_tiles=0 fallback_tiles=0 pushes=11 tear_wait_us=6967 tear_sync=1 frame_reused=0 pass=1
[12:48:02] TINYDRAW_LIVE_STROKE revision=8 operations=8 samples=232 append_us=119390 append_max_us=18313 refresh_compose_us=43549 refresh_complete_us=17851 ink_samples=198 read_submit_avg_us=2280 read_submit_max_us=20075 read_complete_avg_us=2334 read_complete_max_us=20132 submit_over_16ms=5 complete_over_33ms=0 presentation_failures=0 poll_max_us=92005 touch_errors=0 touch_overflows=0 touch_moves_coalesced=1954 touch_events=1424 touch_down=7 touch_up=7 touch_events_ge_8ms=0 touch_event_age_max_us=1243 chunks=8 free_psram=2447580 largest_psram=2424832 authority_match=1
[12:48:02] TINYDRAW_LIVE_STROKE_DONE committed=1 refresh=1 commit_failed=0
[12:48:02] TINYDRAW_LIFT_BASELINE id=1 finish_preview_us=929 builder_finish_us=68 append_us=119390 append_max_us=18313 refresh_wall_us=79346 refresh_x0=0 refresh_y0=5 refresh_x1=352 refresh_y1=360 refresh_compose_us=43549 refresh_first_submit_us=24709 refresh_first_complete_us=26322 refresh_transfer_wait_us=17851 stroke_logging_us=0 detected_to_poll_start_us=92002 detected_to_poll_complete_us=92011 poll_read_us=9 unattributed_tail_us=-107731 reports_dropped=0 chunks=8 committed=1 refresh=1 commit_failed=0
[12:48:11] TINYDRAW_LIVE_STROKE revision=21 operations=21 samples=633 append_us=160268 append_max_us=15501 refresh_compose_us=20204 refresh_complete_us=8104 ink_samples=389 read_submit_avg_us=2070 read_submit_max_us=17263 read_complete_avg_us=2126 read_complete_max_us=17317 submit_over_16ms=2 complete_over_33ms=0 presentation_failures=0 poll_max_us=92003 touch_errors=0 touch_overflows=0 touch_moves_coalesced=3121 touch_events=2225 touch_down=1 touch_up=1 touch_events_ge_8ms=0 touch_event_age_max_us=1245 chunks=13 free_psram=2447580 largest_psram=2424832 authority_match=1
[12:48:11] TINYDRAW_LIVE_STROKE_DONE committed=1 refresh=1 commit_failed=0
[12:48:11] TINYDRAW_LIFT_BASELINE id=2 finish_preview_us=2013 builder_finish_us=59 append_us=160268 append_max_us=15501 refresh_wall_us=40426 refresh_x0=2 refresh_y0=0 refresh_x1=110 refresh_y1=389 refresh_compose_us=20204 refresh_first_submit_us=25232 refresh_first_complete_us=26845 refresh_transfer_wait_us=8104 stroke_logging_us=0 detected_to_poll_start_us=53003 detected_to_poll_complete_us=53013 poll_read_us=10 unattributed_tail_us=-149763 reports_dropped=0 chunks=13 committed=1 refresh=1 commit_failed=0
[12:48:11] TINYDRAW_LIVE_PRESENT kind=chrome zoom=25 x=0 y=0 compose_us=86796 scroll_us=0 exposed_compose_us=0 chrome_us=0 read_submit_us=96497 read_complete_us=98109 transfer_wait_us=18458 tile_pixels=0 uniform_pixels=0 overview_pixels=164864 fallback_pixels=0 resident_tiles=0 fallback_tiles=0 pushes=11 tear_wait_us=8598 tear_sync=1 frame_reused=0 pass=1
[12:48:12] TINYDRAW_LIVE_PRESENT kind=chrome zoom=25 x=0 y=0 compose_us=36540 scroll_us=0 exposed_compose_us=0 chrome_us=8086 read_submit_us=53476 read_complete_us=55086 transfer_wait_us=18473 tile_pixels=0 uniform_pixels=0 overview_pixels=164864 fallback_pixels=0 resident_tiles=0 fallback_tiles=0 pushes=11 tear_wait_us=15698 tear_sync=1 frame_reused=0 pass=1
[12:48:14] TINYDRAW_LIVE_STROKE revision=25 operations=25 samples=755 append_us=130028 append_max_us=35769 refresh_compose_us=43511 refresh_complete_us=17481 ink_samples=115 read_submit_avg_us=3029 read_submit_max_us=37548 read_complete_avg_us=3150 read_complete_max_us=37607 submit_over_16ms=3 complete_over_33ms=2 presentation_failures=0 poll_max_us=136005 touch_errors=0 touch_overflows=0 touch_moves_coalesced=1046 touch_events=663 touch_down=3 touch_up=3 touch_events_ge_8ms=0 touch_event_age_max_us=1239 chunks=4 free_psram=2447580 largest_psram=2424832 authority_match=1
[12:48:14] TINYDRAW_LIVE_STROKE_DONE committed=1 refresh=1 commit_failed=0
[12:48:14] TINYDRAW_LIFT_BASELINE id=3 finish_preview_us=1375 builder_finish_us=57 append_us=130028 append_max_us=35769 refresh_wall_us=78743 refresh_x0=0 refresh_y0=0 refresh_x1=344 refresh_y1=337 refresh_compose_us=43511 refresh_first_submit_us=51662 refresh_first_complete_us=53237 refresh_transfer_wait_us=17481 stroke_logging_us=0 detected_to_poll_start_us=118002 detected_to_poll_complete_us=118012 poll_read_us=10 unattributed_tail_us=-92201 reports_dropped=0 chunks=4 committed=1 refresh=1 commit_failed=0
[12:48:15] TINYDRAW_LIVE_PRESENT kind=chrome zoom=25 x=0 y=0 compose_us=86747 scroll_us=0 exposed_compose_us=0 chrome_us=0 read_submit_us=100421 read_complete_us=102033 transfer_wait_us=18533 tile_pixels=0 uniform_pixels=0 overview_pixels=164864 fallback_pixels=0 resident_tiles=0 fallback_tiles=0 pushes=11 tear_wait_us=12553 tear_sync=1 frame_reused=0 pass=1
[12:48:16] TINYDRAW_LIVE_PRESENT kind=chrome zoom=25 x=0 y=0 compose_us=36508 scroll_us=0 exposed_compose_us=0 chrome_us=8071 read_submit_us=48132 read_complete_us=49745 transfer_wait_us=18817 tile_pixels=0 uniform_pixels=0 overview_pixels=164864 fallback_pixels=0 resident_tiles=0 fallback_tiles=0 pushes=11 tear_wait_us=10391 tear_sync=1 frame_reused=0 pass=1
[12:48:18] TINYDRAW_LIVE_STROKE revision=29 operations=29 samples=873 append_us=92738 append_max_us=27911 refresh_compose_us=44478 refresh_complete_us=18377 ink_samples=98 read_submit_avg_us=2875 read_submit_max_us=30562 read_complete_avg_us=2981 read_complete_max_us=30795 submit_over_16ms=3 complete_over_33ms=0 presentation_failures=0 poll_max_us=140005 touch_errors=0 touch_overflows=0 touch_moves_coalesced=997 touch_events=677 touch_down=3 touch_up=3 touch_events_ge_8ms=0 touch_event_age_max_us=1240 chunks=4 free_psram=2447580 largest_psram=2424832 authority_match=1
[12:48:18] TINYDRAW_LIVE_STROKE_DONE committed=1 refresh=1 commit_failed=0
[12:48:18] TINYDRAW_LIFT_BASELINE id=4 finish_preview_us=1762 builder_finish_us=64 append_us=92738 append_max_us=27911 refresh_wall_us=80907 refresh_x0=15 refresh_y0=11 refresh_x1=347 refresh_y1=423 refresh_compose_us=44478 refresh_first_submit_us=32430 refresh_first_complete_us=34027 refresh_transfer_wait_us=18377 stroke_logging_us=0 detected_to_poll_start_us=100999 detected_to_poll_complete_us=101009 poll_read_us=10 unattributed_tail_us=-74472 reports_dropped=0 chunks=4 committed=1 refresh=1 commit_failed=0
[12:48:18] TINYDRAW_LIVE_PRESENT kind=chrome zoom=25 x=0 y=0 compose_us=37222 scroll_us=0 exposed_compose_us=0 chrome_us=0 read_submit_us=45387 read_complete_us=46998 transfer_wait_us=18569 tile_pixels=0 uniform_pixels=0 overview_pixels=164864 fallback_pixels=0 resident_tiles=0 fallback_tiles=0 pushes=11 tear_wait_us=6819 tear_sync=1 frame_reused=0 pass=1
[12:48:19] TINYDRAW_LIVE_PRESENT kind=chrome zoom=25 x=0 y=0 compose_us=86700 scroll_us=0 exposed_compose_us=0 chrome_us=0 read_submit_us=89792 read_complete_us=91403 transfer_wait_us=18165 tile_pixels=0 uniform_pixels=0 overview_pixels=164864 fallback_pixels=0 resident_tiles=0 fallback_tiles=0 pushes=11 tear_wait_us=1968 tear_sync=1 frame_reused=0 pass=1
[12:48:20] TINYDRAW_LIVE_PRESENT kind=chrome zoom=25 x=0 y=0 compose_us=36553 scroll_us=0 exposed_compose_us=0 chrome_us=8086 read_submit_us=50845 read_complete_us=52457 transfer_wait_us=18104 tile_pixels=0 uniform_pixels=0 overview_pixels=164864 fallback_pixels=0 resident_tiles=0 fallback_tiles=0 pushes=11 tear_wait_us=13028 tear_sync=1 frame_reused=0 pass=1
[12:48:22] TINYDRAW_LIVE_STROKE revision=33 operations=33 samples=994 append_us=111687 append_max_us=34712 refresh_compose_us=47569 refresh_complete_us=20933 ink_samples=108 read_submit_avg_us=2985 read_submit_max_us=38518 read_complete_avg_us=3112 read_complete_max_us=38905 submit_over_16ms=3 complete_over_33ms=2 presentation_failures=0 poll_max_us=129005 touch_errors=0 touch_overflows=0 touch_moves_coalesced=1066 touch_events=711 touch_down=4 touch_up=4 touch_events_ge_8ms=0 touch_event_age_max_us=1243 chunks=4 free_psram=2447580 largest_psram=2424832 authority_match=1
[12:48:22] TINYDRAW_LIVE_STROKE_DONE committed=1 refresh=1 commit_failed=0
[12:48:22] TINYDRAW_LIFT_BASELINE id=5 finish_preview_us=213 builder_finish_us=52 append_us=111687 append_max_us=34712 refresh_wall_us=87282 refresh_x0=5 refresh_y0=0 refresh_x1=359 refresh_y1=410 refresh_compose_us=47569 refresh_first_submit_us=43957 refresh_first_complete_us=45588 refresh_transfer_wait_us=20933 stroke_logging_us=0 detected_to_poll_start_us=119004 detected_to_poll_complete_us=119013 poll_read_us=9 unattributed_tail_us=-80230 reports_dropped=0 chunks=4 committed=1 refresh=1 commit_failed=0
[12:48:25] TINYDRAW_LIVE_PRESENT kind=chrome zoom=25 x=0 y=0 compose_us=86745 scroll_us=0 exposed_compose_us=0 chrome_us=0 read_submit_us=103251 read_complete_us=104863 transfer_wait_us=18703 tile_pixels=0 uniform_pixels=0 overview_pixels=164864 fallback_pixels=0 resident_tiles=0 fallback_tiles=0 pushes=11 tear_wait_us=15389 tear_sync=1 frame_reused=0 pass=1
[12:48:26] TINYDRAW_LIVE_PRESENT kind=chrome zoom=25 x=0 y=0 compose_us=36548 scroll_us=0 exposed_compose_us=0 chrome_us=8107 read_submit_us=54119 read_complete_us=55732 transfer_wait_us=18831 tile_pixels=0 uniform_pixels=0 overview_pixels=164864 fallback_pixels=0 resident_tiles=0 fallback_tiles=0 pushes=11 tear_wait_us=16345 tear_sync=1 frame_reused=0 pass=1
[12:48:26] TINYDRAW_LIVE_PRESENT kind=chrome zoom=25 x=0 y=0 compose_us=37485 scroll_us=0 exposed_compose_us=0 chrome_us=0 read_submit_us=46849 read_complete_us=48461 transfer_wait_us=18106 tile_pixels=0 uniform_pixels=0 overview_pixels=164864 fallback_pixels=0 resident_tiles=0 fallback_tiles=0 pushes=11 tear_wait_us=8012 tear_sync=1 frame_reused=0 pass=1
[12:48:27] TINYDRAW_LIVE_PRESENT kind=chrome zoom=25 x=0 y=0 compose_us=36525 scroll_us=0 exposed_compose_us=0 chrome_us=8089 read_submit_us=46474 read_complete_us=48083 transfer_wait_us=18483 tile_pixels=0 uniform_pixels=0 overview_pixels=164864 fallback_pixels=0 resident_tiles=0 fallback_tiles=0 pushes=11 tear_wait_us=8752 tear_sync=1 frame_reused=0 pass=1
[12:48:29] TINYDRAW_LIVE_PRESENT kind=chrome zoom=25 x=0 y=0 compose_us=37258 scroll_us=0 exposed_compose_us=0 chrome_us=0 read_submit_us=42014 read_complete_us=43626 transfer_wait_us=17944 tile_pixels=0 uniform_pixels=0 overview_pixels=164864 fallback_pixels=0 resident_tiles=0 fallback_tiles=0 pushes=11 tear_wait_us=3391 tear_sync=1 frame_reused=0 pass=1
[12:48:30] TINYDRAW_LIVE_PRESENT kind=chrome zoom=25 x=0 y=0 compose_us=36435 scroll_us=0 exposed_compose_us=0 chrome_us=8142 read_submit_us=50576 read_complete_us=52188 transfer_wait_us=18379 tile_pixels=0 uniform_pixels=0 overview_pixels=164864 fallback_pixels=0 resident_tiles=0 fallback_tiles=0 pushes=11 tear_wait_us=12901 tear_sync=1 frame_reused=0 pass=1
[12:48:37] TINYDRAW_LIVE_PRESENT kind=power zoom=25 x=0 y=0 compose_us=36474 scroll_us=0 exposed_compose_us=0 chrome_us=8021 read_submit_us=54069 read_complete_us=55682 transfer_wait_us=17935 tile_pixels=0 uniform_pixels=0 overview_pixels=164864 fallback_pixels=0 resident_tiles=0 fallback_tiles=0 pushes=11 tear_wait_us=15812 tear_sync=1 frame_reused=0 pass=1
[12:48:37] TINYDRAW_LIVE_STROKE revision=49 operations=49 samples=1496 append_us=263914 append_max_us=26153 refresh_compose_us=44568 refresh_complete_us=19127 ink_samples=424 read_submit_avg_us=2013 read_submit_max_us=29225 read_complete_avg_us=2069 read_complete_max_us=29560 submit_over_16ms=8 complete_over_33ms=0 presentation_failures=0 poll_max_us=143005 touch_errors=0 touch_overflows=0 touch_moves_coalesced=3765 touch_events=2998 touch_down=7 touch_up=7 touch_events_ge_8ms=0 touch_event_age_max_us=1243 chunks=16 free_psram=2447580 largest_psram=2424832 authority_match=1
[12:48:37] TINYDRAW_LIVE_STROKE_DONE committed=1 refresh=1 commit_failed=0
[12:48:37] TINYDRAW_LIFT_BASELINE id=6 finish_preview_us=179 builder_finish_us=50 append_us=263914 append_max_us=26153 refresh_wall_us=82216 refresh_x0=13 refresh_y0=9 refresh_x1=345 refresh_y1=422 refresh_compose_us=44568 refresh_first_submit_us=26109 refresh_first_complete_us=27705 refresh_transfer_wait_us=19127 stroke_logging_us=0 detected_to_poll_start_us=195820 detected_to_poll_complete_us=195834 poll_read_us=14 unattributed_tail_us=-150539 reports_dropped=0 chunks=16 committed=1 refresh=1 commit_failed=0
[12:48:38] TINYDRAW_LIVE_PRESENT kind=chrome zoom=25 x=0 y=0 compose_us=86657 scroll_us=0 exposed_compose_us=0 chrome_us=0 read_submit_us=99530 read_complete_us=101142 transfer_wait_us=18424 tile_pixels=0 uniform_pixels=0 overview_pixels=164864 fallback_pixels=0 resident_tiles=0 fallback_tiles=0 pushes=11 tear_wait_us=11782 tear_sync=1 frame_reused=0 pass=1
[12:48:38] TINYDRAW_LIVE_PRESENT kind=chrome zoom=25 x=0 y=0 compose_us=36401 scroll_us=0 exposed_compose_us=0 chrome_us=8102 read_submit_us=40802 read_complete_us=42414 transfer_wait_us=18147 tile_pixels=0 uniform_pixels=0 overview_pixels=164864 fallback_pixels=0 resident_tiles=0 fallback_tiles=0 pushes=11 tear_wait_us=3190 tear_sync=1 frame_reused=0 pass=1
[12:48:44] TINYDRAW_LIVE_STROKE revision=55 operations=55 samples=1686 append_us=90676 append_max_us=21949 refresh_compose_us=41195 refresh_complete_us=17520 ink_samples=165 read_submit_avg_us=2033 read_submit_max_us=23370 read_complete_avg_us=2080 read_complete_max_us=23402 submit_over_16ms=4 complete_over_33ms=0 presentation_failures=0 poll_max_us=139005 touch_errors=0 touch_overflows=0 touch_moves_coalesced=1401 touch_events=1116 touch_down=3 touch_up=3 touch_events_ge_8ms=0 touch_event_age_max_us=1243 chunks=6 free_psram=2447580 largest_psram=2424832 authority_match=1
[12:48:44] TINYDRAW_LIVE_STROKE_DONE committed=1 refresh=1 commit_failed=0
[12:48:44] TINYDRAW_LIFT_BASELINE id=7 finish_preview_us=506 builder_finish_us=103 append_us=90676 append_max_us=21949 refresh_wall_us=75895 refresh_x0=17 refresh_y0=20 refresh_x1=330 refresh_y1=393 refresh_compose_us=41195 refresh_first_submit_us=25245 refresh_first_complete_us=26872 refresh_transfer_wait_us=17520 stroke_logging_us=0 detected_to_poll_start_us=89002 detected_to_poll_complete_us=89011 poll_read_us=9 unattributed_tail_us=-78178 reports_dropped=0 chunks=6 committed=1 refresh=1 commit_failed=0
[12:48:44] TINYDRAW_LIVE_PRESENT kind=chrome zoom=25 x=0 y=0 compose_us=36999 scroll_us=0 exposed_compose_us=0 chrome_us=0 read_submit_us=47796 read_complete_us=49400 transfer_wait_us=18160 tile_pixels=0 uniform_pixels=0 overview_pixels=164864 fallback_pixels=0 resident_tiles=0 fallback_tiles=0 pushes=11 tear_wait_us=9457 tear_sync=1 frame_reused=0 pass=1
[12:48:45] TINYDRAW_LIVE_PRESENT kind=chrome zoom=25 x=0 y=0 compose_us=86558 scroll_us=0 exposed_compose_us=0 chrome_us=0 read_submit_us=88140 read_complete_us=89752 transfer_wait_us=18815 tile_pixels=0 uniform_pixels=0 overview_pixels=164864 fallback_pixels=0 resident_tiles=0 fallback_tiles=0 pushes=11 tear_wait_us=445 tear_sync=1 frame_reused=0 pass=1
[12:48:46] TINYDRAW_LIVE_PRESENT kind=chrome zoom=25 x=0 y=0 compose_us=36439 scroll_us=0 exposed_compose_us=0 chrome_us=8124 read_submit_us=49619 read_complete_us=51230 transfer_wait_us=18329 tile_pixels=0 uniform_pixels=0 overview_pixels=164864 fallback_pixels=0 resident_tiles=0 fallback_tiles=0 pushes=11 tear_wait_us=11970 tear_sync=1 frame_reused=0 pass=1
[12:48:56] TINYDRAW_LIVE_STROKE revision=78 operations=78 samples=2394 append_us=416057 append_max_us=27484 refresh_compose_us=43216 refresh_complete_us=20333 ink_samples=629 read_submit_avg_us=2162 read_submit_max_us=29725 read_complete_avg_us=2219 read_complete_max_us=29748 submit_over_16ms=14 complete_over_33ms=0 presentation_failures=0 poll_max_us=128005 touch_errors=0 touch_overflows=0 touch_moves_coalesced=5235 touch_events=4013 touch_down=4 touch_up=4 touch_events_ge_8ms=0 touch_event_age_max_us=1243 chunks=23 free_psram=2447580 largest_psram=2424832 authority_match=1
[12:48:56] TINYDRAW_LIVE_STROKE_DONE committed=1 refresh=1 commit_failed=0
[12:48:56] TINYDRAW_LIFT_BASELINE id=8 finish_preview_us=1075 builder_finish_us=61 append_us=416057 append_max_us=27484 refresh_wall_us=81712 refresh_x0=26 refresh_y0=0 refresh_x1=339 refresh_y1=434 refresh_compose_us=43216 refresh_first_submit_us=16695 refresh_first_complete_us=18321 refresh_transfer_wait_us=20333 stroke_logging_us=0 detected_to_poll_start_us=86004 detected_to_poll_complete_us=86013 poll_read_us=9 unattributed_tail_us=-412901 reports_dropped=0 chunks=23 committed=1 refresh=1 commit_failed=0
[12:49:02] TINYDRAW_LIVE_PRESENT kind=zoom zoom=50 x=184 y=262 compose_us=30752 scroll_us=0 exposed_compose_us=0 chrome_us=7821 read_submit_us=47382 read_complete_us=48994 transfer_wait_us=18618 tile_pixels=0 uniform_pixels=0 overview_pixels=0 fallback_pixels=164864 resident_tiles=0 fallback_tiles=56 pushes=11 tear_wait_us=15393 tear_sync=1 frame_reused=0 pass=1
[12:49:02] TINYDRAW_LIVE_PRESENT kind=zoom zoom=100 x=552 y=710 compose_us=27226 scroll_us=0 exposed_compose_us=0 chrome_us=7814 read_submit_us=41951 read_complete_us=43564 transfer_wait_us=18116 tile_pixels=0 uniform_pixels=0 overview_pixels=0 fallback_pixels=164864 resident_tiles=0 fallback_tiles=56 pushes=11 tear_wait_us=13493 tear_sync=1 frame_reused=0 pass=1
[12:49:02] TINYDRAW_FILL_BASELINE result=superseded zoom=50 x=184 y=262 revision=78 steps=129 wall_us=452437 compute_total_us=303443 compute_max_us=9138 present_total_us=53133 present_max_us=8967 tick_max_us=10978 producer_failures=0 presentation_failures=0
[12:49:03] TINYDRAW_FILL_BASELINE result=complete zoom=100 x=552 y=710 revision=78 steps=324 wall_us=700851 compute_total_us=603551 compute_max_us=9035 present_total_us=74092 present_max_us=8185 tick_max_us=10579 producer_failures=0 presentation_failures=0
[12:49:03] TINYDRAW_LIVE_FILL_DONE zoom=100 x=552 y=710 revision=78
[12:49:04] TINYDRAW_LIVE_PRESENT kind=chrome zoom=100 x=552 y=710 compose_us=30151 scroll_us=0 exposed_compose_us=0 chrome_us=0 read_submit_us=31853 read_complete_us=33468 transfer_wait_us=18101 tile_pixels=164864 uniform_pixels=0 overview_pixels=0 fallback_pixels=0 resident_tiles=56 fallback_tiles=0 pushes=11 tear_wait_us=282 tear_sync=1 frame_reused=0 pass=1
[12:49:05] TINYDRAW_LIVE_PRESENT kind=chrome zoom=100 x=552 y=710 compose_us=28883 scroll_us=0 exposed_compose_us=0 chrome_us=7766 read_submit_us=35729 read_complete_us=37340 transfer_wait_us=18227 tile_pixels=164864 uniform_pixels=0 overview_pixels=0 fallback_pixels=0 resident_tiles=56 fallback_tiles=0 pushes=11 tear_wait_us=5679 tear_sync=1 frame_reused=0 pass=1
[12:49:07] TINYDRAW_LIVE_PRESENT kind=power zoom=100 x=552 y=710 compose_us=29156 scroll_us=0 exposed_compose_us=0 chrome_us=7712 read_submit_us=37621 read_complete_us=39233 transfer_wait_us=18379 tile_pixels=164864 uniform_pixels=0 overview_pixels=0 fallback_pixels=0 resident_tiles=56 fallback_tiles=0 pushes=11 tear_wait_us=6704 tear_sync=1 frame_reused=0 pass=1
[12:49:08] TINYDRAW_LIVE_REPAIR views=22 steps=1301
[12:49:14] TINYDRAW_PAN_BASELINE zoom=100 x=710 y=570 frames=6 reused=6 compose_avg_us=18295 compose_max_us=21381 present_avg_us=23017 present_max_us=24816 tear_wait_avg_us=1695 tear_wait_max_us=2282 failures=0
[12:49:14] TINYDRAW_FILL_BASELINE result=complete zoom=100 x=710 y=570 revision=78 steps=61 wall_us=187371 compute_total_us=110919 compute_max_us=6436 present_total_us=69119 present_max_us=60232 tick_max_us=7188 producer_failures=0 presentation_failures=0
[12:49:14] TINYDRAW_LIVE_FILL_DONE zoom=100 x=710 y=570 revision=78
[12:49:14] TINYDRAW_PAN_BASELINE zoom=100 x=886 y=584 frames=5 reused=4 compose_avg_us=16778 compose_max_us=30577 present_avg_us=19660 present_max_us=39177 tear_wait_avg_us=4684 tear_wait_max_us=18687 failures=0
[12:49:15] TINYDRAW_PAN_BASELINE zoom=100 x=1104 y=554 frames=5 reused=5 compose_avg_us=19531 compose_max_us=24187 present_avg_us=22469 present_max_us=23966 tear_wait_avg_us=2082 tear_wait_max_us=3929 failures=0
[12:49:15] TINYDRAW_FILL_BASELINE result=superseded zoom=100 x=886 y=584 revision=78 steps=44 wall_us=415004 compute_total_us=88174 compute_max_us=6384 present_total_us=79411 present_max_us=71488 tick_max_us=6406 producer_failures=0 presentation_failures=0
[12:49:15] TINYDRAW_PAN_BASELINE zoom=100 x=1104 y=500 frames=6 reused=6 compose_avg_us=13091 compose_max_us=16646 present_avg_us=17704 present_max_us=23954 tear_wait_avg_us=2349 tear_wait_max_us=4713 failures=0
[12:49:15] TINYDRAW_FILL_BASELINE result=superseded zoom=100 x=1104 y=554 revision=78 steps=26 wall_us=453549 compute_total_us=101294 compute_max_us=7495 present_total_us=94062 present_max_us=75284 tick_max_us=8790 producer_failures=0 presentation_failures=0
[12:49:16] TINYDRAW_PAN_BASELINE zoom=100 x=1104 y=252 frames=8 reused=8 compose_avg_us=14403 compose_max_us=16913 present_avg_us=21233 present_max_us=26835 tear_wait_avg_us=2376 tear_wait_max_us=4492 failures=0
[12:49:16] TINYDRAW_FILL_BASELINE result=superseded zoom=100 x=1104 y=500 revision=78 steps=54 wall_us=604343 compute_total_us=168874 compute_max_us=9353 present_total_us=90220 present_max_us=68947 tick_max_us=11114 producer_failures=0 presentation_failures=0
[12:49:16] TINYDRAW_PAN_BASELINE zoom=100 x=1098 y=64 frames=5 reused=5 compose_avg_us=16591 compose_max_us=18508 present_avg_us=24769 present_max_us=29951 tear_wait_avg_us=1134 tear_wait_max_us=2474 failures=0
[12:49:16] TINYDRAW_FILL_BASELINE result=superseded zoom=100 x=1104 y=252 revision=78 steps=17 wall_us=397190 compute_total_us=72726 compute_max_us=12299 present_total_us=82721 present_max_us=67506 tick_max_us=12317 producer_failures=0 presentation_failures=0
[12:49:17] TINYDRAW_FILL_BASELINE result=complete zoom=100 x=1098 y=64 revision=78 steps=31 wall_us=225535 compute_total_us=121117 compute_max_us=9569 present_total_us=98161 present_max_us=76275 tick_max_us=9584 producer_failures=0 presentation_failures=0
[12:49:17] TINYDRAW_LIVE_FILL_DONE zoom=100 x=1098 y=64 revision=78
[12:49:17] TINYDRAW_LIVE_REPAIR views=22 steps=36
[12:49:17] TINYDRAW_PAN_BASELINE zoom=100 x=928 y=0 frames=6 reused=6 compose_avg_us=13047 compose_max_us=16388 present_avg_us=19839 present_max_us=27370 tear_wait_avg_us=1473 tear_wait_max_us=4283 failures=0
[12:49:17] TINYDRAW_FILL_BASELINE result=complete zoom=100 x=928 y=0 revision=78 steps=1 wall_us=2906 compute_total_us=2860 compute_max_us=2860 present_total_us=0 present_max_us=0 tick_max_us=2878 producer_failures=0 presentation_failures=0
[12:49:17] TINYDRAW_LIVE_FILL_DONE zoom=100 x=928 y=0 revision=78
[12:49:17] TINYDRAW_LIVE_REPAIR views=20 steps=5
[12:49:18] TINYDRAW_PAN_BASELINE zoom=100 x=718 y=28 frames=5 reused=4 compose_avg_us=16817 compose_max_us=36455 present_avg_us=18363 present_max_us=27599 tear_wait_avg_us=2388 tear_wait_max_us=11446 failures=0
[12:49:18] TINYDRAW_FILL_BASELINE result=complete zoom=100 x=718 y=28 revision=78 steps=1 wall_us=2589 compute_total_us=2547 compute_max_us=2547 present_total_us=0 present_max_us=0 tick_max_us=2564 producer_failures=0 presentation_failures=0
[12:49:18] TINYDRAW_LIVE_FILL_DONE zoom=100 x=718 y=28 revision=78
[12:49:18] TINYDRAW_LIVE_REPAIR views=22 steps=43
[12:49:18] TINYDRAW_PAN_BASELINE zoom=100 x=620 y=78 frames=6 reused=6 compose_avg_us=13405 compose_max_us=16351 present_avg_us=17984 present_max_us=23361 tear_wait_avg_us=900 tear_wait_max_us=4167 failures=0
[12:49:18] TINYDRAW_FILL_BASELINE result=complete zoom=100 x=620 y=78 revision=78 steps=1 wall_us=2580 compute_total_us=2540 compute_max_us=2540 present_total_us=0 present_max_us=0 tick_max_us=2555 producer_failures=0 presentation_failures=0
[12:49:18] TINYDRAW_LIVE_FILL_DONE zoom=100 x=620 y=78 revision=78
[12:49:19] TINYDRAW_LIVE_REPAIR views=22 steps=93
[12:49:19] TINYDRAW_PAN_BASELINE zoom=100 x=518 y=38 frames=6 reused=6 compose_avg_us=12825 compose_max_us=15444 present_avg_us=18663 present_max_us=23970 tear_wait_avg_us=1656 tear_wait_max_us=3859 failures=0
[12:49:19] TINYDRAW_FILL_BASELINE result=complete zoom=100 x=518 y=38 revision=78 steps=1 wall_us=2357 compute_total_us=2311 compute_max_us=2311 present_total_us=0 present_max_us=0 tick_max_us=2326 producer_failures=0 presentation_failures=0
[12:49:19] TINYDRAW_LIVE_FILL_DONE zoom=100 x=518 y=38 revision=78
[12:49:19] TINYDRAW_LIVE_REPAIR views=22 steps=16
[12:49:19] TINYDRAW_PAN_BASELINE zoom=100 x=398 y=42 frames=5 reused=5 compose_avg_us=12426 compose_max_us=15929 present_avg_us=18319 present_max_us=25291 tear_wait_avg_us=985 tear_wait_max_us=1879 failures=0
[12:49:19] TINYDRAW_FILL_BASELINE result=complete zoom=100 x=398 y=42 revision=78 steps=1 wall_us=2348 compute_total_us=2302 compute_max_us=2302 present_total_us=0 present_max_us=0 tick_max_us=2319 producer_failures=0 presentation_failures=0
[12:49:19] TINYDRAW_LIVE_FILL_DONE zoom=100 x=398 y=42 revision=78
[12:49:20] TINYDRAW_LIVE_REPAIR views=22 steps=94
[12:49:20] TINYDRAW_PAN_BASELINE zoom=100 x=290 y=6 frames=8 reused=8 compose_avg_us=13466 compose_max_us=15438 present_avg_us=19410 present_max_us=24002 tear_wait_avg_us=1756 tear_wait_max_us=3999 failures=0
[12:49:20] TINYDRAW_FILL_BASELINE result=complete zoom=100 x=290 y=6 revision=78 steps=1 wall_us=2652 compute_total_us=2607 compute_max_us=2607 present_total_us=0 present_max_us=0 tick_max_us=2623 producer_failures=0 presentation_failures=0
[12:49:20] TINYDRAW_LIVE_FILL_DONE zoom=100 x=290 y=6 revision=78
[12:49:20] TINYDRAW_LIVE_REPAIR views=22 steps=118
[12:49:21] TINYDRAW_PAN_BASELINE zoom=100 x=214 y=0 frames=5 reused=5 compose_avg_us=12290 compose_max_us=15382 present_avg_us=17441 present_max_us=22825 tear_wait_avg_us=1303 tear_wait_max_us=2841 failures=0
[12:49:21] TINYDRAW_FILL_BASELINE result=complete zoom=100 x=214 y=0 revision=78 steps=1 wall_us=2680 compute_total_us=2637 compute_max_us=2637 present_total_us=0 present_max_us=0 tick_max_us=2654 producer_failures=0 presentation_failures=0
[12:49:21] TINYDRAW_LIVE_FILL_DONE zoom=100 x=214 y=0 revision=78
[12:49:21] TINYDRAW_LIVE_REPAIR views=20 steps=48
[12:49:22] TINYDRAW_PAN_BASELINE zoom=100 x=104 y=2 frames=5 reused=5 compose_avg_us=15396 compose_max_us=15486 present_avg_us=22229 present_max_us=23780 tear_wait_avg_us=147 tear_wait_max_us=536 failures=0
[12:49:22] TINYDRAW_FILL_BASELINE result=complete zoom=100 x=104 y=2 revision=78 steps=1 wall_us=3000 compute_total_us=2959 compute_max_us=2959 present_total_us=0 present_max_us=0 tick_max_us=2975 producer_failures=0 presentation_failures=0
[12:49:22] TINYDRAW_LIVE_FILL_DONE zoom=100 x=104 y=2 revision=78
[12:49:22] TINYDRAW_PAN_BASELINE zoom=100 x=6 y=0 frames=6 reused=6 compose_avg_us=12859 compose_max_us=15540 present_avg_us=18403 present_max_us=24226 tear_wait_avg_us=481 tear_wait_max_us=1362 failures=0
[12:49:22] TINYDRAW_FILL_BASELINE result=complete zoom=100 x=6 y=0 revision=78 steps=1 wall_us=1654 compute_total_us=1610 compute_max_us=1610 present_total_us=0 present_max_us=0 tick_max_us=1627 producer_failures=0 presentation_failures=0
[12:49:22] TINYDRAW_LIVE_FILL_DONE zoom=100 x=6 y=0 revision=78
[12:49:22] TINYDRAW_LIVE_REPAIR views=20 steps=56
[12:49:23] TINYDRAW_PAN_BASELINE zoom=100 x=0 y=248 frames=8 reused=8 compose_avg_us=16413 compose_max_us=17608 present_avg_us=21415 present_max_us=24620 tear_wait_avg_us=591 tear_wait_max_us=1565 failures=0
[12:49:23] TINYDRAW_FILL_BASELINE result=complete zoom=100 x=0 y=248 revision=78 steps=1 wall_us=2178 compute_total_us=2136 compute_max_us=2136 present_total_us=0 present_max_us=0 tick_max_us=2153 producer_failures=0 presentation_failures=0
[12:49:23] TINYDRAW_LIVE_FILL_DONE zoom=100 x=0 y=248 revision=78
[12:49:23] TINYDRAW_LIVE_REPAIR views=20 steps=145
[12:49:24] TINYDRAW_LIVE_PRESENT kind=chrome zoom=100 x=0 y=248 compose_us=32590 scroll_us=0 exposed_compose_us=0 chrome_us=0 read_submit_us=46782 read_complete_us=48384 transfer_wait_us=18173 tile_pixels=160256 uniform_pixels=4608 overview_pixels=0 fallback_pixels=0 resident_tiles=48 fallback_tiles=0 pushes=11 tear_wait_us=12865 tear_sync=1 frame_reused=0 pass=1
[12:49:26] TINYDRAW_LIVE_PRESENT kind=chrome zoom=100 x=0 y=248 compose_us=31611 scroll_us=0 exposed_compose_us=0 chrome_us=7727 read_submit_us=32914 read_complete_us=34527 transfer_wait_us=18043 tile_pixels=160256 uniform_pixels=4608 overview_pixels=0 fallback_pixels=0 resident_tiles=48 fallback_tiles=0 pushes=11 tear_wait_us=36 tear_sync=1 frame_reused=0 pass=1
[12:49:27] TINYDRAW_PAN_BASELINE zoom=100 x=14 y=514 frames=8 reused=8 compose_avg_us=16555 compose_max_us=18048 present_avg_us=21633 present_max_us=24518 tear_wait_avg_us=662 tear_wait_max_us=1677 failures=0
[12:49:27] TINYDRAW_FILL_BASELINE result=complete zoom=100 x=14 y=514 revision=78 steps=1 wall_us=1594 compute_total_us=1553 compute_max_us=1553 present_total_us=0 present_max_us=0 tick_max_us=1569 producer_failures=0 presentation_failures=0
[12:49:27] TINYDRAW_LIVE_FILL_DONE zoom=100 x=14 y=514 revision=78
[12:49:27] TINYDRAW_LIVE_REPAIR views=22 steps=105
[12:49:27] TINYDRAW_PAN_BASELINE zoom=100 x=30 y=804 frames=9 reused=9 compose_avg_us=15146 compose_max_us=18016 present_avg_us=20058 present_max_us=24389 tear_wait_avg_us=351 tear_wait_max_us=2245 failures=0
[12:49:28] TINYDRAW_FILL_BASELINE result=complete zoom=100 x=30 y=804 revision=78 steps=28 wall_us=141515 compute_total_us=61568 compute_max_us=6474 present_total_us=76837 present_max_us=76042 tick_max_us=8624 producer_failures=0 presentation_failures=0
[12:49:28] TINYDRAW_LIVE_FILL_DONE zoom=100 x=30 y=804 revision=78
[12:49:28] TINYDRAW_PAN_BASELINE zoom=100 x=0 y=1028 frames=8 reused=8 compose_avg_us=14363 compose_max_us=17106 present_avg_us=18533 present_max_us=23458 tear_wait_avg_us=1996 tear_wait_max_us=4079 failures=0
[12:49:28] TINYDRAW_FILL_BASELINE result=complete zoom=100 x=0 y=1028 revision=78 steps=12 wall_us=129385 compute_total_us=51868 compute_max_us=8268 present_total_us=74283 present_max_us=74245 tick_max_us=8287 producer_failures=0 presentation_failures=0
[12:49:29] TINYDRAW_LIVE_FILL_DONE zoom=100 x=0 y=1028 revision=78
[12:49:29] TINYDRAW_PAN_BASELINE zoom=100 x=0 y=1262 frames=5 reused=5 compose_avg_us=16977 compose_max_us=18371 present_avg_us=22774 present_max_us=26576 tear_wait_avg_us=1350 tear_wait_max_us=4156 failures=0
[12:49:29] TINYDRAW_FILL_BASELINE result=complete zoom=100 x=0 y=1262 revision=78 steps=12 wall_us=134393 compute_total_us=57322 compute_max_us=9326 present_total_us=74351 present_max_us=62871 tick_max_us=9344 producer_failures=0 presentation_failures=0
[12:49:29] TINYDRAW_LIVE_FILL_DONE zoom=100 x=0 y=1262 revision=78
[12:49:29] TINYDRAW_PAN_BASELINE zoom=100 x=158 y=1224 frames=4 reused=4 compose_avg_us=19218 compose_max_us=22512 present_avg_us=22161 present_max_us=23495 tear_wait_avg_us=1239 tear_wait_max_us=3326 failures=0
[12:49:30] TINYDRAW_FILL_BASELINE result=complete zoom=100 x=158 y=1224 revision=78 steps=4 wall_us=82218 compute_total_us=17577 compute_max_us=6375 present_total_us=62468 present_max_us=62449 tick_max_us=6397 producer_failures=0 presentation_failures=0
[12:49:30] TINYDRAW_LIVE_FILL_DONE zoom=100 x=158 y=1224 revision=78
[12:49:30] TINYDRAW_PAN_BASELINE zoom=100 x=280 y=1194 frames=4 reused=4 compose_avg_us=18729 compose_max_us=23188 present_avg_us=21715 present_max_us=23891 tear_wait_avg_us=1653 tear_wait_max_us=3330 failures=0
[12:49:30] TINYDRAW_FILL_BASELINE result=complete zoom=100 x=280 y=1194 revision=78 steps=14 wall_us=99256 compute_total_us=28504 compute_max_us=6406 present_total_us=68912 present_max_us=68912 tick_max_us=6766 producer_failures=0 presentation_failures=0
[12:49:30] TINYDRAW_LIVE_FILL_DONE zoom=100 x=280 y=1194 revision=78
[12:49:30] TINYDRAW_PAN_BASELINE zoom=100 x=412 y=1304 frames=6 reused=6 compose_avg_us=15423 compose_max_us=21406 present_avg_us=18468 present_max_us=24349 tear_wait_avg_us=1593 tear_wait_max_us=4676 failures=0
[12:49:31] TINYDRAW_FILL_BASELINE result=complete zoom=100 x=412 y=1304 revision=78 steps=8 wall_us=114253 compute_total_us=42131 compute_max_us=7225 present_total_us=69553 present_max_us=66429 tick_max_us=7245 producer_failures=0 presentation_failures=0
[12:49:31] TINYDRAW_LIVE_FILL_DONE zoom=100 x=412 y=1304 revision=78
[12:49:31] TINYDRAW_LIVE_REPAIR views=22 steps=159
[12:49:31] TINYDRAW_PAN_BASELINE zoom=100 x=572 y=1344 frames=5 reused=5 compose_avg_us=18780 compose_max_us=22589 present_avg_us=21642 present_max_us=22165 tear_wait_avg_us=988 tear_wait_max_us=1567 failures=0
[12:49:31] TINYDRAW_FILL_BASELINE result=complete zoom=100 x=572 y=1344 revision=78 steps=1 wall_us=2293 compute_total_us=2236 compute_max_us=2236 present_total_us=0 present_max_us=0 tick_max_us=2267 producer_failures=0 presentation_failures=0
[12:49:31] TINYDRAW_LIVE_FILL_DONE zoom=100 x=572 y=1344 revision=78
[12:49:32] TINYDRAW_PAN_BASELINE zoom=100 x=704 y=1218 frames=6 reused=6 compose_avg_us=15756 compose_max_us=23908 present_avg_us=20016 present_max_us=28593 tear_wait_avg_us=915 tear_wait_max_us=1989 failures=0
[12:49:32] TINYDRAW_FILL_BASELINE result=complete zoom=100 x=704 y=1218 revision=78 steps=19 wall_us=114336 compute_total_us=47676 compute_max_us=7032 present_total_us=62964 present_max_us=59701 tick_max_us=8497 producer_failures=0 presentation_failures=0
[12:49:32] TINYDRAW_LIVE_FILL_DONE zoom=100 x=704 y=1218 revision=78
[12:49:32] TINYDRAW_PAN_BASELINE zoom=100 x=800 y=1012 frames=6 reused=6 compose_avg_us=15618 compose_max_us=21428 present_avg_us=20967 present_max_us=29923 tear_wait_avg_us=1574 tear_wait_max_us=3899 failures=0
[12:49:33] TINYDRAW_PAN_BASELINE zoom=100 x=902 y=908 frames=11 reused=11 compose_avg_us=15159 compose_max_us=19716 present_avg_us=20317 present_max_us=24174 tear_wait_avg_us=1550 tear_wait_max_us=4679 failures=0
[12:49:33] TINYDRAW_FILL_BASELINE result=superseded zoom=100 x=800 y=1012 revision=78 steps=46 wall_us=712072 compute_total_us=133482 compute_max_us=11182 present_total_us=94041 present_max_us=65932 tick_max_us=12900 producer_failures=0 presentation_failures=0
[12:49:33] TINYDRAW_FILL_BASELINE result=complete zoom=100 x=902 y=908 revision=78 steps=50 wall_us=262381 compute_total_us=150054 compute_max_us=11119 present_total_us=106149 present_max_us=72535 tick_max_us=12670 producer_failures=0 presentation_failures=0
[12:49:33] TINYDRAW_LIVE_FILL_DONE zoom=100 x=902 y=908 revision=78
[12:49:34] TINYDRAW_PAN_BASELINE zoom=100 x=918 y=838 frames=4 reused=4 compose_avg_us=12355 compose_max_us=17449 present_avg_us=17528 present_max_us=25311 tear_wait_avg_us=821 tear_wait_max_us=1473 failures=0
[12:49:34] TINYDRAW_FILL_BASELINE result=complete zoom=100 x=918 y=838 revision=78 steps=45 wall_us=198421 compute_total_us=114081 compute_max_us=8619 present_total_us=78486 present_max_us=69905 tick_max_us=8641 producer_failures=0 presentation_failures=0
[12:49:34] TINYDRAW_LIVE_FILL_DONE zoom=100 x=918 y=838 revision=78
[12:49:34] TINYDRAW_PAN_BASELINE zoom=100 x=1064 y=738 frames=5 reused=5 compose_avg_us=16108 compose_max_us=23507 present_avg_us=18434 present_max_us=26280 tear_wait_avg_us=691 tear_wait_max_us=2444 failures=0
[12:49:35] TINYDRAW_PAN_BASELINE zoom=100 x=978 y=514 frames=7 reused=7 compose_avg_us=14017 compose_max_us=16978 present_avg_us=21075 present_max_us=27945 tear_wait_avg_us=998 tear_wait_max_us=2564 failures=0
[12:49:35] TINYDRAW_FILL_BASELINE result=superseded zoom=100 x=1064 y=738 revision=78 steps=40 wall_us=545950 compute_total_us=139818 compute_max_us=8875 present_total_us=96021 present_max_us=75946 tick_max_us=10220 producer_failures=0 presentation_failures=0
[12:49:35] TINYDRAW_PAN_BASELINE zoom=100 x=830 y=514 frames=7 reused=7 compose_avg_us=13193 compose_max_us=15402 present_avg_us=19149 present_max_us=23370 tear_wait_avg_us=1042 tear_wait_max_us=3132 failures=0
[12:49:35] TINYDRAW_FILL_BASELINE result=superseded zoom=100 x=978 y=514 revision=78 steps=22 wall_us=403312 compute_total_us=55741 compute_max_us=11623 present_total_us=72233 present_max_us=72233 tick_max_us=12267 producer_failures=0 presentation_failures=0
[12:49:35] TINYDRAW_FILL_BASELINE result=complete zoom=100 x=830 y=514 revision=78 steps=140 wall_us=452644 compute_total_us=324064 compute_max_us=11896 present_total_us=116277 present_max_us=64763 tick_max_us=13098 producer_failures=0 presentation_failures=0
[12:49:35] TINYDRAW_LIVE_FILL_DONE zoom=100 x=830 y=514 revision=78
[12:49:36] TINYDRAW_PAN_BASELINE zoom=100 x=670 y=462 frames=6 reused=6 compose_avg_us=13009 compose_max_us=16328 present_avg_us=19297 present_max_us=27782 tear_wait_avg_us=957 tear_wait_max_us=4517 failures=0
[12:49:36] TINYDRAW_PAN_BASELINE zoom=100 x=576 y=374 frames=8 reused=8 compose_avg_us=13744 compose_max_us=16225 present_avg_us=19864 present_max_us=24785 tear_wait_avg_us=1505 tear_wait_max_us=4439 failures=0
[12:49:36] TINYDRAW_FILL_BASELINE result=superseded zoom=100 x=670 y=462 revision=78 steps=75 wall_us=581062 compute_total_us=153821 compute_max_us=8750 present_total_us=75318 present_max_us=64004 tick_max_us=9100 producer_failures=0 presentation_failures=0
[12:49:37] TINYDRAW_FILL_BASELINE result=complete zoom=100 x=576 y=374 revision=78 steps=167 wall_us=418810 compute_total_us=317532 compute_max_us=10996 present_total_us=87476 present_max_us=63334 tick_max_us=13192 producer_failures=0 presentation_failures=0
[12:49:37] TINYDRAW_LIVE_FILL_DONE zoom=100 x=576 y=374 revision=78
[12:49:37] TINYDRAW_PAN_BASELINE zoom=100 x=452 y=188 frames=6 reused=6 compose_avg_us=16239 compose_max_us=17526 present_avg_us=24450 present_max_us=28661 tear_wait_avg_us=554 tear_wait_max_us=1579 failures=0
[12:49:37] TINYDRAW_LIVE_PRESENT kind=power zoom=100 x=452 y=188 compose_us=30935 scroll_us=0 exposed_compose_us=0 chrome_us=7717 read_submit_us=35484 read_complete_us=37096 transfer_wait_us=18875 tile_pixels=77104 uniform_pixels=0 overview_pixels=0 fallback_pixels=87760 resident_tiles=20 fallback_tiles=28 pushes=11 tear_wait_us=2596 tear_sync=1 frame_reused=0 pass=1
[12:49:38] TINYDRAW_FILL_BASELINE result=complete zoom=100 x=452 y=188 revision=78 steps=186 wall_us=532430 compute_total_us=383820 compute_max_us=11608 present_total_us=50415 present_max_us=8955 tick_max_us=13845 producer_failures=0 presentation_failures=0
[12:49:38] TINYDRAW_LIVE_FILL_DONE zoom=100 x=452 y=188 revision=78
[12:49:38] TINYDRAW_PAN_BASELINE zoom=100 x=342 y=4 frames=6 reused=6 compose_avg_us=13693 compose_max_us=18151 present_avg_us=21059 present_max_us=30909 tear_wait_avg_us=1334 tear_wait_max_us=3041 failures=0
[12:49:38] TINYDRAW_FILL_BASELINE result=complete zoom=100 x=342 y=4 revision=78 steps=119 wall_us=382503 compute_total_us=271338 compute_max_us=11069 present_total_us=99946 present_max_us=62613 tick_max_us=13476 producer_failures=0 presentation_failures=0
[12:49:38] TINYDRAW_LIVE_FILL_DONE zoom=100 x=342 y=4 revision=78
[12:49:39] TINYDRAW_PAN_BASELINE zoom=100 x=154 y=0 frames=5 reused=5 compose_avg_us=15372 compose_max_us=15414 present_avg_us=23276 present_max_us=24751 tear_wait_avg_us=1381 tear_wait_max_us=4031 failures=0
[12:49:39] TINYDRAW_FILL_BASELINE result=complete zoom=100 x=154 y=0 revision=78 steps=71 wall_us=234448 compute_total_us=145447 compute_max_us=7856 present_total_us=82653 present_max_us=73919 tick_max_us=8488 producer_failures=0 presentation_failures=0
[12:49:39] TINYDRAW_LIVE_FILL_DONE zoom=100 x=154 y=0 revision=78
[12:49:39] TINYDRAW_PAN_BASELINE zoom=100 x=0 y=42 frames=5 reused=5 compose_avg_us=12789 compose_max_us=16339 present_avg_us=19644 present_max_us=29604 tear_wait_avg_us=681 tear_wait_max_us=2081 failures=0
[12:49:39] TINYDRAW_FILL_BASELINE result=complete zoom=100 x=0 y=42 revision=78 steps=47 wall_us=156648 compute_total_us=89092 compute_max_us=7840 present_total_us=61478 present_max_us=61440 tick_max_us=8587 producer_failures=0 presentation_failures=0
[12:49:39] TINYDRAW_LIVE_FILL_DONE zoom=100 x=0 y=42 revision=78
[12:49:40] TINYDRAW_PAN_BASELINE zoom=100 x=32 y=268 frames=5 reused=5 compose_avg_us=17420 compose_max_us=19483 present_avg_us=24107 present_max_us=28147 tear_wait_avg_us=443 tear_wait_max_us=2116 failures=0
[12:49:40] TINYDRAW_FILL_BASELINE result=complete zoom=100 x=32 y=268 revision=78 steps=79 wall_us=221399 compute_total_us=137246 compute_max_us=11126 present_total_us=77327 present_max_us=68812 tick_max_us=11891 producer_failures=0 presentation_failures=0
[12:49:40] TINYDRAW_LIVE_FILL_DONE zoom=100 x=32 y=268 revision=78
[12:49:41] TINYDRAW_PAN_BASELINE zoom=100 x=62 y=510 frames=4 reused=3 compose_avg_us=21296 compose_max_us=32791 present_avg_us=22786 present_max_us=27827 tear_wait_avg_us=3609 tear_wait_max_us=12796 failures=0
[12:49:41] TINYDRAW_FILL_BASELINE result=complete zoom=100 x=62 y=510 revision=78 steps=81 wall_us=164334 compute_total_us=154607 compute_max_us=6950 present_total_us=2433 present_max_us=2348 tick_max_us=8327 producer_failures=0 presentation_failures=0
[12:49:41] TINYDRAW_LIVE_FILL_DONE zoom=100 x=62 y=510 revision=78
[12:49:41] TINYDRAW_PAN_BASELINE zoom=100 x=0 y=678 frames=7 reused=7 compose_avg_us=14210 compose_max_us=17530 present_avg_us=18700 present_max_us=24938 tear_wait_avg_us=890 tear_wait_max_us=3881 failures=0
[12:49:42] TINYDRAW_PAN_BASELINE zoom=100 x=0 y=852 frames=6 reused=6 compose_avg_us=13959 compose_max_us=17398 present_avg_us=17676 present_max_us=23269 tear_wait_avg_us=683 tear_wait_max_us=2256 failures=0
[12:49:42] TINYDRAW_FILL_BASELINE result=superseded zoom=100 x=0 y=678 revision=78 steps=88 wall_us=516971 compute_total_us=192264 compute_max_us=10988 present_total_us=84144 present_max_us=68032 tick_max_us=12881 producer_failures=0 presentation_failures=0
[12:49:42] TINYDRAW_FILL_BASELINE result=complete zoom=100 x=0 y=852 revision=78 steps=71 wall_us=258050 compute_total_us=178648 compute_max_us=10989 present_total_us=71870 present_max_us=62025 tick_max_us=12916 producer_failures=0 presentation_failures=0
[12:49:42] TINYDRAW_LIVE_FILL_DONE zoom=100 x=0 y=852 revision=78
[12:49:42] TINYDRAW_PAN_BASELINE zoom=100 x=24 y=1134 frames=6 reused=4 compose_avg_us=18544 compose_max_us=31350 present_avg_us=16735 present_max_us=22395 tear_wait_avg_us=4152 tear_wait_max_us=11078 failures=0
[12:49:43] TINYDRAW_PAN_BASELINE zoom=100 x=30 y=1328 frames=7 reused=7 compose_avg_us=14372 compose_max_us=17507 present_avg_us=18867 present_max_us=24953 tear_wait_avg_us=1219 tear_wait_max_us=3611 failures=0
[12:49:43] TINYDRAW_FILL_BASELINE result=superseded zoom=100 x=24 y=1134 revision=78 steps=37 wall_us=524981 compute_total_us=124518 compute_max_us=13437 present_total_us=87631 present_max_us=72471 tick_max_us=13454 producer_failures=0 presentation_failures=0
[12:49:44] TINYDRAW_PAN_BASELINE zoom=100 x=192 y=1274 frames=6 reused=6 compose_avg_us=15283 compose_max_us=23129 present_avg_us=18929 present_max_us=24121 tear_wait_avg_us=1870 tear_wait_max_us=4631 failures=0
[12:49:44] TINYDRAW_FILL_BASELINE result=superseded zoom=100 x=30 y=1328 revision=78 steps=9 wall_us=407366 compute_total_us=54371 compute_max_us=12125 present_total_us=70599 present_max_us=65284 tick_max_us=12144 producer_failures=0 presentation_failures=0
[12:49:44] TINYDRAW_PAN_BASELINE zoom=100 x=348 y=1172 frames=5 reused=5 compose_avg_us=18869 compose_max_us=21233 present_avg_us=23166 present_max_us=24983 tear_wait_avg_us=1263 tear_wait_max_us=2473 failures=0
[12:49:44] TINYDRAW_FILL_BASELINE result=superseded zoom=100 x=192 y=1274 revision=78 steps=20 wall_us=423465 compute_total_us=88558 compute_max_us=14933 present_total_us=78978 present_max_us=61216 tick_max_us=14952 producer_failures=0 presentation_failures=0
[12:49:45] TINYDRAW_PAN_BASELINE zoom=100 x=456 y=1024 frames=5 reused=5 compose_avg_us=15341 compose_max_us=20911 present_avg_us=19730 present_max_us=26434 tear_wait_avg_us=678 tear_wait_max_us=1778 failures=0
[12:49:45] TINYDRAW_FILL_BASELINE result=superseded zoom=100 x=348 y=1172 revision=78 steps=63 wall_us=553189 compute_total_us=218685 compute_max_us=12097 present_total_us=114297 present_max_us=75112 tick_max_us=14379 producer_failures=0 presentation_failures=0
[12:49:45] TINYDRAW_FILL_BASELINE result=complete zoom=100 x=456 y=1024 revision=78 steps=70 wall_us=267397 compute_total_us=164409 compute_max_us=11281 present_total_us=96051 present_max_us=71569 tick_max_us=11671 producer_failures=0 presentation_failures=0
[12:49:45] TINYDRAW_LIVE_FILL_DONE zoom=100 x=456 y=1024 revision=78
[12:49:45] TINYDRAW_PAN_BASELINE zoom=100 x=566 y=830 frames=4 reused=3 compose_avg_us=21618 compose_max_us=35530 present_avg_us=21653 present_max_us=23817 tear_wait_avg_us=2963 tear_wait_max_us=4729 failures=0
[12:49:46] TINYDRAW_FILL_BASELINE result=complete zoom=100 x=566 y=830 revision=78 steps=54 wall_us=182335 compute_total_us=100229 compute_max_us=8116 present_total_us=76456 present_max_us=69276 tick_max_us=8722 producer_failures=0 presentation_failures=0
[12:49:46] TINYDRAW_LIVE_FILL_DONE zoom=100 x=566 y=830 revision=78
[12:49:46] TINYDRAW_PAN_BASELINE zoom=100 x=720 y=656 frames=4 reused=3 compose_avg_us=21937 compose_max_us=34892 present_avg_us=21097 present_max_us=23151 tear_wait_avg_us=3318 tear_wait_max_us=6649 failures=0
[12:49:46] TINYDRAW_FILL_BASELINE result=complete zoom=100 x=720 y=656 revision=78 steps=41 wall_us=166335 compute_total_us=86544 compute_max_us=8026 present_total_us=74603 present_max_us=66719 tick_max_us=8047 producer_failures=0 presentation_failures=0
[12:49:46] TINYDRAW_LIVE_FILL_DONE zoom=100 x=720 y=656 revision=78
[12:49:47] TINYDRAW_PAN_BASELINE zoom=100 x=880 y=552 frames=4 reused=3 compose_avg_us=21202 compose_max_us=33952 present_avg_us=21815 present_max_us=23832 tear_wait_avg_us=2170 tear_wait_max_us=3040 failures=0
[12:49:47] TINYDRAW_FILL_BASELINE result=complete zoom=100 x=880 y=552 revision=78 steps=60 wall_us=232332 compute_total_us=142871 compute_max_us=11728 present_total_us=82306 present_max_us=68128 tick_max_us=12972 producer_failures=0 presentation_failures=0
[12:49:47] TINYDRAW_LIVE_FILL_DONE zoom=100 x=880 y=552 revision=78
[12:49:47] TINYDRAW_PAN_BASELINE zoom=100 x=928 y=288 frames=5 reused=4 compose_avg_us=17544 compose_max_us=33695 present_avg_us=18616 present_max_us=27415 tear_wait_avg_us=3131 tear_wait_max_us=11007 failures=0
[12:49:48] TINYDRAW_PAN_BASELINE zoom=100 x=808 y=142 frames=7 reused=7 compose_avg_us=13757 compose_max_us=16811 present_avg_us=20314 present_max_us=28687 tear_wait_avg_us=2039 tear_wait_max_us=4500 failures=0
[12:49:48] TINYDRAW_FILL_BASELINE result=superseded zoom=100 x=928 y=288 revision=78 steps=51 wall_us=544941 compute_total_us=167021 compute_max_us=12250 present_total_us=91298 present_max_us=71920 tick_max_us=13702 producer_failures=0 presentation_failures=0
[12:49:56] TINYDRAW_PAN_BASELINE zoom=100 x=538 y=24 frames=135 reused=65 compose_avg_us=25080 compose_max_us=34706 present_avg_us=21672 present_max_us=32424 tear_wait_avg_us=4169 tear_wait_max_us=16605 failures=0
[12:49:56] TINYDRAW_FILL_BASELINE result=superseded zoom=100 x=808 y=142 revision=78 steps=75 wall_us=8122550 compute_total_us=206040 compute_max_us=12504 present_total_us=102648 present_max_us=72748 tick_max_us=13363 producer_failures=0 presentation_failures=0
[12:49:56] TINYDRAW_PAN_BASELINE zoom=100 x=286 y=0 frames=4 reused=3 compose_avg_us=19003 compose_max_us=29919 present_avg_us=22284 present_max_us=27528 tear_wait_avg_us=1663 tear_wait_max_us=3084 failures=0
[12:49:56] TINYDRAW_FILL_BASELINE result=superseded zoom=100 x=538 y=24 revision=78 steps=15 wall_us=309667 compute_total_us=42562 compute_max_us=11145 present_total_us=58948 present_max_us=58948 tick_max_us=11163 producer_failures=0 presentation_failures=0
[12:49:57] TINYDRAW_PAN_BASELINE zoom=100 x=24 y=0 frames=4 reused=2 compose_avg_us=22656 compose_max_us=30502 present_avg_us=20108 present_max_us=22049 tear_wait_avg_us=2939 tear_wait_max_us=7758 failures=0
[12:49:57] TINYDRAW_FILL_BASELINE result=superseded zoom=100 x=286 y=0 revision=78 steps=14 wall_us=312361 compute_total_us=31669 compute_max_us=8755 present_total_us=65860 present_max_us=65860 tick_max_us=10977 producer_failures=0 presentation_failures=0
[12:49:57] TINYDRAW_FILL_BASELINE result=complete zoom=100 x=24 y=0 revision=78 steps=120 wall_us=335224 compute_total_us=224930 compute_max_us=11075 present_total_us=101045 present_max_us=68901 tick_max_us=12461 producer_failures=0 presentation_failures=0
[12:49:57] TINYDRAW_LIVE_FILL_DONE zoom=100 x=24 y=0 revision=78
[12:49:58] TINYDRAW_PAN_BASELINE zoom=100 x=190 y=0 frames=8 reused=8 compose_avg_us=17230 compose_max_us=22535 present_avg_us=21212 present_max_us=23353 tear_wait_avg_us=1690 tear_wait_max_us=4383 failures=0
[12:49:59] TINYDRAW_PAN_BASELINE zoom=100 x=138 y=0 frames=30 reused=30 compose_avg_us=8251 compose_max_us=16724 present_avg_us=11385 present_max_us=22393 tear_wait_avg_us=847 tear_wait_max_us=4114 failures=0
[12:49:59] TINYDRAW_FILL_BASELINE result=superseded zoom=100 x=190 y=0 revision=78 steps=32 wall_us=954974 compute_total_us=63976 compute_max_us=6381 present_total_us=70037 present_max_us=64046 tick_max_us=7983 producer_failures=0 presentation_failures=0
[12:49:59] TINYDRAW_FILL_BASELINE result=complete zoom=100 x=138 y=0 revision=78 steps=18 wall_us=94250 compute_total_us=28302 compute_max_us=5322 present_total_us=63664 present_max_us=63664 tick_max_us=6499 producer_failures=0 presentation_failures=0
[12:49:59] TINYDRAW_LIVE_FILL_DONE zoom=100 x=138 y=0 revision=78
[12:50:01] TINYDRAW_PAN_BASELINE zoom=100 x=252 y=196 frames=39 reused=23 compose_avg_us=23021 compose_max_us=32443 present_avg_us=22011 present_max_us=29933 tear_wait_avg_us=4596 tear_wait_max_us=16393 failures=0
[12:50:02] TINYDRAW_PAN_BASELINE zoom=100 x=68 y=0 frames=5 reused=4 compose_avg_us=15927 compose_max_us=31270 present_avg_us=18253 present_max_us=26932 tear_wait_avg_us=4085 tear_wait_max_us=15843 failures=0
[12:50:02] TINYDRAW_FILL_BASELINE result=superseded zoom=100 x=252 y=196 revision=78 steps=93 wall_us=1140582 compute_total_us=192070 compute_max_us=11344 present_total_us=89017 present_max_us=65672 tick_max_us=13058 producer_failures=0 presentation_failures=0
[12:50:02] TINYDRAW_FILL_BASELINE result=complete zoom=100 x=68 y=0 revision=78 steps=1 wall_us=1344 compute_total_us=1299 compute_max_us=1299 present_total_us=0 present_max_us=0 tick_max_us=1322 producer_failures=0 presentation_failures=0
[12:50:02] TINYDRAW_LIVE_FILL_DONE zoom=100 x=68 y=0 revision=78
[12:50:02] TINYDRAW_PAN_BASELINE zoom=100 x=66 y=0 frames=5 reused=5 compose_avg_us=12453 compose_max_us=16054 present_avg_us=17022 present_max_us=22032 tear_wait_avg_us=826 tear_wait_max_us=2423 failures=0
[12:50:02] TINYDRAW_FILL_BASELINE result=complete zoom=100 x=66 y=0 revision=78 steps=1 wall_us=1318 compute_total_us=1277 compute_max_us=1277 present_total_us=0 present_max_us=0 tick_max_us=1291 producer_failures=0 presentation_failures=0
[12:50:02] TINYDRAW_LIVE_FILL_DONE zoom=100 x=66 y=0 revision=78
[12:50:03] TINYDRAW_LIVE_REPAIR views=20 steps=226
[12:50:03] TINYDRAW_LIVE_PRESENT kind=chrome zoom=100 x=66 y=0 compose_us=30387 scroll_us=0 exposed_compose_us=0 chrome_us=0 read_submit_us=36183 read_complete_us=37796 transfer_wait_us=18770 tile_pixels=124544 uniform_pixels=40320 overview_pixels=0 fallback_pixels=0 resident_tiles=42 fallback_tiles=0 pushes=11 tear_wait_us=4452 tear_sync=1 frame_reused=0 pass=1
[12:50:04] TINYDRAW_LIVE_PRESENT kind=chrome zoom=100 x=66 y=0 compose_us=29869 scroll_us=0 exposed_compose_us=0 chrome_us=7804 read_submit_us=47724 read_complete_us=49335 transfer_wait_us=18231 tile_pixels=124544 uniform_pixels=40320 overview_pixels=0 fallback_pixels=0 resident_tiles=42 fallback_tiles=0 pushes=11 tear_wait_us=16694 tear_sync=1 frame_reused=0 pass=1
[12:50:06] TINYDRAW_LIVE_PRESENT kind=chrome zoom=100 x=66 y=0 compose_us=80562 scroll_us=0 exposed_compose_us=0 chrome_us=0 read_submit_us=93575 read_complete_us=95187 transfer_wait_us=18380 tile_pixels=124544 uniform_pixels=40320 overview_pixels=0 fallback_pixels=0 resident_tiles=42 fallback_tiles=0 pushes=11 tear_wait_us=11914 tear_sync=1 frame_reused=0 pass=1
[12:50:07] TINYDRAW_LIVE_PRESENT kind=chrome zoom=100 x=66 y=0 compose_us=29865 scroll_us=0 exposed_compose_us=0 chrome_us=7804 read_submit_us=45044 read_complete_us=46657 transfer_wait_us=18917 tile_pixels=124544 uniform_pixels=40320 overview_pixels=0 fallback_pixels=0 resident_tiles=42 fallback_tiles=0 pushes=11 tear_wait_us=13995 tear_sync=1 frame_reused=0 pass=1
[12:50:07] TINYDRAW_LIVE_PRESENT kind=power zoom=100 x=66 y=0 compose_us=29920 scroll_us=0 exposed_compose_us=0 chrome_us=7728 read_submit_us=39411 read_complete_us=41023 transfer_wait_us=18589 tile_pixels=124544 uniform_pixels=40320 overview_pixels=0 fallback_pixels=0 resident_tiles=42 fallback_tiles=0 pushes=11 tear_wait_us=7723 tear_sync=1 frame_reused=0 pass=1
[12:50:08] TINYDRAW_LIVE_PRESENT kind=chrome zoom=100 x=66 y=0 compose_us=31227 scroll_us=0 exposed_compose_us=0 chrome_us=0 read_submit_us=36829 read_complete_us=38442 transfer_wait_us=18124 tile_pixels=124544 uniform_pixels=40320 overview_pixels=0 fallback_pixels=0 resident_tiles=42 fallback_tiles=0 pushes=11 tear_wait_us=4268 tear_sync=1 frame_reused=0 pass=1
[12:50:08] TINYDRAW_LIVE_PRESENT kind=chrome zoom=100 x=66 y=0 compose_us=29764 scroll_us=0 exposed_compose_us=0 chrome_us=7766 read_submit_us=33835 read_complete_us=35448 transfer_wait_us=18123 tile_pixels=124544 uniform_pixels=40320 overview_pixels=0 fallback_pixels=0 resident_tiles=42 fallback_tiles=0 pushes=11 tear_wait_us=2874 tear_sync=1 frame_reused=0 pass=1
[12:50:15] TINYDRAW_LIVE_STROKE revision=94 operations=94 samples=2900 append_us=186412 append_max_us=15618 refresh_compose_us=28360 refresh_complete_us=12579 ink_samples=485 read_submit_avg_us=2323 read_submit_max_us=18100 read_complete_avg_us=2395 read_complete_max_us=18173 submit_over_16ms=4 complete_over_33ms=0 presentation_failures=0 poll_max_us=134005 touch_errors=0 touch_overflows=0 touch_moves_coalesced=25061 touch_events=4859 touch_down=71 touch_up=71 touch_events_ge_8ms=114 touch_event_age_max_us=102236 chunks=16 free_psram=2447580 largest_psram=2424832 authority_match=1
[12:50:15] TINYDRAW_LIVE_STROKE_DONE committed=1 refresh=1 commit_failed=0
[12:50:15] TINYDRAW_LIFT_BASELINE id=9 finish_preview_us=2013 builder_finish_us=60 append_us=186412 append_max_us=15618 refresh_wall_us=55303 refresh_x0=133 refresh_y0=4 refresh_x1=318 refresh_y1=402 refresh_compose_us=28360 refresh_first_submit_us=24200 refresh_first_complete_us=25830 refresh_transfer_wait_us=12579 stroke_logging_us=0 detected_to_poll_start_us=67002 detected_to_poll_complete_us=67013 poll_read_us=11 unattributed_tail_us=-176786 reports_dropped=0 chunks=16 committed=1 refresh=1 commit_failed=0
[12:50:15] TINYDRAW_FILL_BASELINE result=complete zoom=100 x=66 y=0 revision=94 steps=1 wall_us=1462 compute_total_us=1418 compute_max_us=1418 present_total_us=0 present_max_us=0 tick_max_us=1433 producer_failures=0 presentation_failures=0
[12:50:15] TINYDRAW_LIVE_FILL_DONE zoom=100 x=66 y=0 revision=94
[12:50:15] TINYDRAW_LIVE_REPAIR views=20 steps=5
[12:50:16] TINYDRAW_LIVE_PRESENT kind=chrome zoom=100 x=66 y=0 compose_us=31865 scroll_us=0 exposed_compose_us=0 chrome_us=0 read_submit_us=46275 read_complete_us=47887 transfer_wait_us=18679 tile_pixels=145024 uniform_pixels=19840 overview_pixels=0 fallback_pixels=0 resident_tiles=42 fallback_tiles=0 pushes=11 tear_wait_us=13079 tear_sync=1 frame_reused=0 pass=1
[12:50:17] TINYDRAW_LIVE_PRESENT kind=chrome zoom=100 x=66 y=0 compose_us=31105 scroll_us=0 exposed_compose_us=0 chrome_us=7793 read_submit_us=38828 read_complete_us=40441 transfer_wait_us=18129 tile_pixels=145024 uniform_pixels=19840 overview_pixels=0 fallback_pixels=0 resident_tiles=42 fallback_tiles=0 pushes=11 tear_wait_us=6551 tear_sync=1 frame_reused=0 pass=1
[12:50:32] TINYDRAW_PAN_BASELINE zoom=100 x=94 y=36 frames=360 reused=324 compose_avg_us=15269 compose_max_us=34069 present_avg_us=17700 present_max_us=29626 tear_wait_avg_us=1750 tear_wait_max_us=16300 failures=0
[12:50:32] TINYDRAW_FILL_BASELINE result=complete zoom=100 x=94 y=36 revision=94 steps=1 wall_us=2135 compute_total_us=2093 compute_max_us=2093 present_total_us=0 present_max_us=0 tick_max_us=2109 producer_failures=0 presentation_failures=0
[12:50:32] TINYDRAW_LIVE_FILL_DONE zoom=100 x=94 y=36 revision=94
[12:50:35] TINYDRAW_PAN_BASELINE zoom=100 x=186 y=258 frames=72 reused=70 compose_avg_us=17334 compose_max_us=34143 present_avg_us=21723 present_max_us=26661 tear_wait_avg_us=1467 tear_wait_max_us=11282 failures=0
[12:50:35] TINYDRAW_PAN_BASELINE zoom=100 x=302 y=562 frames=6 reused=5 compose_avg_us=17893 compose_max_us=33189 present_avg_us=18420 present_max_us=26471 tear_wait_avg_us=2783 tear_wait_max_us=8890 failures=0
[12:50:35] TINYDRAW_FILL_BASELINE result=superseded zoom=100 x=186 y=258 revision=94 steps=18 wall_us=377736 compute_total_us=32971 compute_max_us=6942 present_total_us=70273 present_max_us=70273 tick_max_us=6962 producer_failures=0 presentation_failures=0
[12:50:35] TINYDRAW_PAN_BASELINE zoom=100 x=410 y=748 frames=5 reused=5 compose_avg_us=19158 compose_max_us=22930 present_avg_us=23083 present_max_us=26576 tear_wait_avg_us=546 tear_wait_max_us=2032 failures=0
[12:50:35] TINYDRAW_FILL_BASELINE result=superseded zoom=100 x=302 y=562 revision=94 steps=18 wall_us=343382 compute_total_us=36541 compute_max_us=6940 present_total_us=70992 present_max_us=70992 tick_max_us=8624 producer_failures=0 presentation_failures=0
[12:50:36] TINYDRAW_PAN_BASELINE zoom=100 x=520 y=872 frames=4 reused=4 compose_avg_us=19312 compose_max_us=24041 present_avg_us=22926 present_max_us=26672 tear_wait_avg_us=1140 tear_wait_max_us=3150 failures=0
[12:50:36] TINYDRAW_FILL_BASELINE result=superseded zoom=100 x=410 y=748 revision=94 steps=18 wall_us=302605 compute_total_us=33152 compute_max_us=6673 present_total_us=79892 present_max_us=79892 tick_max_us=6789 producer_failures=0 presentation_failures=0
[12:50:36] TINYDRAW_FILL_BASELINE result=complete zoom=100 x=520 y=872 revision=94 steps=1 wall_us=2657 compute_total_us=2622 compute_max_us=2622 present_total_us=0 present_max_us=0 tick_max_us=2636 producer_failures=0 presentation_failures=0
[12:50:36] TINYDRAW_LIVE_FILL_DONE zoom=100 x=520 y=872 revision=94
[12:50:36] TINYDRAW_PAN_BASELINE zoom=100 x=652 y=674 frames=5 reused=4 compose_avg_us=17005 compose_max_us=35201 present_avg_us=16891 present_max_us=23638 tear_wait_avg_us=949 tear_wait_max_us=3330 failures=0
[12:50:36] TINYDRAW_FILL_BASELINE result=complete zoom=100 x=652 y=674 revision=94 steps=1 wall_us=1708 compute_total_us=1668 compute_max_us=1668 present_total_us=0 present_max_us=0 tick_max_us=1683 producer_failures=0 presentation_failures=0
[12:50:36] TINYDRAW_LIVE_FILL_DONE zoom=100 x=652 y=674 revision=94
[12:50:37] TINYDRAW_PAN_BASELINE zoom=100 x=732 y=442 frames=6 reused=6 compose_avg_us=15522 compose_max_us=19938 present_avg_us=21718 present_max_us=29287 tear_wait_avg_us=782 tear_wait_max_us=2021 failures=0
[12:50:37] TINYDRAW_FILL_BASELINE result=complete zoom=100 x=732 y=442 revision=94 steps=18 wall_us=107434 compute_total_us=32787 compute_max_us=6240 present_total_us=71649 present_max_us=71649 tick_max_us=6257 producer_failures=0 presentation_failures=0
[12:50:37] TINYDRAW_LIVE_FILL_DONE zoom=100 x=732 y=442 revision=94
[12:50:37] TINYDRAW_PAN_BASELINE zoom=100 x=718 y=174 frames=4 reused=3 compose_avg_us=20857 compose_max_us=33189 present_avg_us=23191 present_max_us=28901 tear_wait_avg_us=2600 tear_wait_max_us=6135 failures=0
[12:50:37] TINYDRAW_FILL_BASELINE result=complete zoom=100 x=718 y=174 revision=94 steps=1 wall_us=1303 compute_total_us=1262 compute_max_us=1262 present_total_us=0 present_max_us=0 tick_max_us=1278 producer_failures=0 presentation_failures=0
[12:50:37] TINYDRAW_LIVE_FILL_DONE zoom=100 x=718 y=174 revision=94
[12:50:37] TINYDRAW_LIVE_PRESENT kind=power zoom=100 x=718 y=174 compose_us=33490 scroll_us=0 exposed_compose_us=0 chrome_us=7803 read_submit_us=37327 read_complete_us=38939 transfer_wait_us=18673 tile_pixels=164864 uniform_pixels=0 overview_pixels=0 fallback_pixels=0 resident_tiles=48 fallback_tiles=0 pushes=11 tear_wait_us=2099 tear_sync=1 frame_reused=0 pass=1
[12:50:37] TINYDRAW_PAN_BASELINE zoom=100 x=564 y=140 frames=4 reused=4 compose_avg_us=15393 compose_max_us=15427 present_avg_us=23673 present_max_us=26354 tear_wait_avg_us=1061 tear_wait_max_us=2717 failures=0
[12:50:37] TINYDRAW_FILL_BASELINE result=complete zoom=100 x=564 y=140 revision=94 steps=1 wall_us=1325 compute_total_us=1285 compute_max_us=1285 present_total_us=0 present_max_us=0 tick_max_us=1301 producer_failures=0 presentation_failures=0
[12:50:37] TINYDRAW_LIVE_FILL_DONE zoom=100 x=564 y=140 revision=94
[12:50:38] TINYDRAW_PAN_BASELINE zoom=100 x=414 y=146 frames=6 reused=6 compose_avg_us=10412 compose_max_us=16092 present_avg_us=14415 present_max_us=24739 tear_wait_avg_us=770 tear_wait_max_us=4544 failures=0
[12:50:38] TINYDRAW_FILL_BASELINE result=complete zoom=100 x=414 y=146 revision=94 steps=1 wall_us=1402 compute_total_us=1355 compute_max_us=1355 present_total_us=0 present_max_us=0 tick_max_us=1376 producer_failures=0 presentation_failures=0
[12:50:38] TINYDRAW_LIVE_FILL_DONE zoom=100 x=414 y=146 revision=94
[12:50:38] TINYDRAW_LIVE_REPAIR views=22 steps=24
[12:50:38] TINYDRAW_PAN_BASELINE zoom=100 x=310 y=160 frames=6 reused=6 compose_avg_us=13058 compose_max_us=16138 present_avg_us=18459 present_max_us=23568 tear_wait_avg_us=909 tear_wait_max_us=2365 failures=0
[12:50:38] TINYDRAW_FILL_BASELINE result=complete zoom=100 x=310 y=160 revision=94 steps=1 wall_us=1960 compute_total_us=1912 compute_max_us=1912 present_total_us=0 present_max_us=0 tick_max_us=1933 producer_failures=0 presentation_failures=0
[12:50:38] TINYDRAW_LIVE_FILL_DONE zoom=100 x=310 y=160 revision=94
[12:50:38] TINYDRAW_PAN_BASELINE zoom=100 x=422 y=64 frames=5 reused=5 compose_avg_us=14892 compose_max_us=22606 present_avg_us=17690 present_max_us=23817 tear_wait_avg_us=1268 tear_wait_max_us=2667 failures=0
[12:50:38] TINYDRAW_FILL_BASELINE result=complete zoom=100 x=422 y=64 revision=94 steps=1 wall_us=1761 compute_total_us=1721 compute_max_us=1721 present_total_us=0 present_max_us=0 tick_max_us=1736 producer_failures=0 presentation_failures=0
[12:50:38] TINYDRAW_LIVE_FILL_DONE zoom=100 x=422 y=64 revision=94
[12:50:38] TINYDRAW_LIVE_REPAIR views=22 steps=18
[12:50:39] TINYDRAW_PAN_BASELINE zoom=100 x=496 y=24 frames=3 reused=3 compose_avg_us=18176 compose_max_us=20227 present_avg_us=22227 present_max_us=22585 tear_wait_avg_us=2309 tear_wait_max_us=3999 failures=0
[12:50:39] TINYDRAW_FILL_BASELINE result=complete zoom=100 x=496 y=24 revision=94 steps=5 wall_us=79460 compute_total_us=16896 compute_max_us=5974 present_total_us=60719 present_max_us=60719 tick_max_us=6004 producer_failures=0 presentation_failures=0
[12:50:39] TINYDRAW_LIVE_FILL_DONE zoom=100 x=496 y=24 revision=94
[12:50:39] TINYDRAW_LIVE_REPAIR views=22 steps=11
[12:50:39] TINYDRAW_PAN_BASELINE zoom=100 x=370 y=0 frames=6 reused=6 compose_avg_us=12887 compose_max_us=15872 present_avg_us=18417 present_max_us=23793 tear_wait_avg_us=998 tear_wait_max_us=1786 failures=0
[12:50:39] TINYDRAW_FILL_BASELINE result=complete zoom=100 x=370 y=0 revision=94 steps=1 wall_us=1672 compute_total_us=1632 compute_max_us=1632 present_total_us=0 present_max_us=0 tick_max_us=1646 producer_failures=0 presentation_failures=0
[12:50:39] TINYDRAW_LIVE_FILL_DONE zoom=100 x=370 y=0 revision=94
[12:50:39] TINYDRAW_LIVE_REPAIR views=21 steps=5
[12:50:39] TINYDRAW_PAN_BASELINE zoom=100 x=276 y=0 frames=6 reused=6 compose_avg_us=12816 compose_max_us=15431 present_avg_us=17508 present_max_us=22855 tear_wait_avg_us=1690 tear_wait_max_us=4447 failures=0
[12:50:39] TINYDRAW_FILL_BASELINE result=complete zoom=100 x=276 y=0 revision=94 steps=1 wall_us=1655 compute_total_us=1610 compute_max_us=1610 present_total_us=0 present_max_us=0 tick_max_us=1628 producer_failures=0 presentation_failures=0
[12:50:39] TINYDRAW_LIVE_FILL_DONE zoom=100 x=276 y=0 revision=94
[12:50:39] TINYDRAW_LIVE_REPAIR views=20 steps=5
[12:50:40] TINYDRAW_PAN_BASELINE zoom=100 x=312 y=220 frames=6 reused=6 compose_avg_us=17111 compose_max_us=18645 present_avg_us=22724 present_max_us=24397 tear_wait_avg_us=1095 tear_wait_max_us=3080 failures=0
[12:50:40] TINYDRAW_FILL_BASELINE result=complete zoom=100 x=312 y=220 revision=94 steps=1 wall_us=2073 compute_total_us=2029 compute_max_us=2029 present_total_us=0 present_max_us=0 tick_max_us=2048 producer_failures=0 presentation_failures=0
[12:50:40] TINYDRAW_LIVE_FILL_DONE zoom=100 x=312 y=220 revision=94
[12:50:40] TINYDRAW_PAN_BASELINE zoom=100 x=296 y=132 frames=13 reused=13 compose_avg_us=15365 compose_max_us=18596 present_avg_us=21103 present_max_us=28551 tear_wait_avg_us=847 tear_wait_max_us=3743 failures=0
[12:50:40] TINYDRAW_FILL_BASELINE result=complete zoom=100 x=296 y=132 revision=94 steps=1 wall_us=1277 compute_total_us=1236 compute_max_us=1236 present_total_us=0 present_max_us=0 tick_max_us=1251 producer_failures=0 presentation_failures=0
[12:50:40] TINYDRAW_LIVE_FILL_DONE zoom=100 x=296 y=132 revision=94
[12:50:40] TINYDRAW_LIVE_REPAIR views=22 steps=6
[12:50:41] TINYDRAW_PAN_BASELINE zoom=100 x=218 y=0 frames=6 reused=6 compose_avg_us=13349 compose_max_us=16943 present_avg_us=19162 present_max_us=25370 tear_wait_avg_us=1695 tear_wait_max_us=3403 failures=0
[12:50:41] TINYDRAW_FILL_BASELINE result=complete zoom=100 x=218 y=0 revision=94 steps=1 wall_us=1852 compute_total_us=1808 compute_max_us=1808 present_total_us=0 present_max_us=0 tick_max_us=1823 producer_failures=0 presentation_failures=0
[12:50:41] TINYDRAW_LIVE_FILL_DONE zoom=100 x=218 y=0 revision=94
[12:50:41] TINYDRAW_LIVE_REPAIR views=20 steps=5
[12:50:41] TINYDRAW_PAN_BASELINE zoom=100 x=142 y=0 frames=8 reused=8 compose_avg_us=9672 compose_max_us=15540 present_avg_us=13365 present_max_us=22613 tear_wait_avg_us=539 tear_wait_max_us=1361 failures=0
[12:50:41] TINYDRAW_FILL_BASELINE result=complete zoom=100 x=142 y=0 revision=94 steps=1 wall_us=1671 compute_total_us=1624 compute_max_us=1624 present_total_us=0 present_max_us=0 tick_max_us=1644 producer_failures=0 presentation_failures=0
[12:50:41] TINYDRAW_LIVE_FILL_DONE zoom=100 x=142 y=0 revision=94
[12:50:41] TINYDRAW_LIVE_REPAIR views=20 steps=5
[12:50:41] TINYDRAW_PAN_BASELINE zoom=100 x=250 y=0 frames=6 reused=6 compose_avg_us=14651 compose_max_us=19578 present_avg_us=17456 present_max_us=22752 tear_wait_avg_us=1227 tear_wait_max_us=3652 failures=0
[12:50:42] TINYDRAW_FILL_BASELINE result=complete zoom=100 x=250 y=0 revision=94 steps=1 wall_us=1838 compute_total_us=1795 compute_max_us=1795 present_total_us=0 present_max_us=0 tick_max_us=1810 producer_failures=0 presentation_failures=0
[12:50:42] TINYDRAW_LIVE_FILL_DONE zoom=100 x=250 y=0 revision=94
[12:50:42] TINYDRAW_LIVE_REPAIR views=20 steps=5
[12:50:42] TINYDRAW_PAN_BASELINE zoom=100 x=334 y=0 frames=5 reused=5 compose_avg_us=13892 compose_max_us=19076 present_avg_us=17381 present_max_us=22545 tear_wait_avg_us=1089 tear_wait_max_us=2573 failures=0
[12:50:42] TINYDRAW_FILL_BASELINE result=complete zoom=100 x=334 y=0 revision=94 steps=1 wall_us=1528 compute_total_us=1486 compute_max_us=1486 present_total_us=0 present_max_us=0 tick_max_us=1501 producer_failures=0 presentation_failures=0
[12:50:42] TINYDRAW_LIVE_FILL_DONE zoom=100 x=334 y=0 revision=94
[12:50:42] TINYDRAW_LIVE_REPAIR views=20 steps=5
[12:50:42] TINYDRAW_PAN_BASELINE zoom=100 x=402 y=80 frames=5 reused=5 compose_avg_us=14058 compose_max_us=18975 present_avg_us=17509 present_max_us=23622 tear_wait_avg_us=536 tear_wait_max_us=1567 failures=0
[12:50:42] TINYDRAW_FILL_BASELINE result=complete zoom=100 x=402 y=80 revision=94 steps=1 wall_us=1979 compute_total_us=1933 compute_max_us=1933 present_total_us=0 present_max_us=0 tick_max_us=1951 producer_failures=0 presentation_failures=0
[12:50:42] TINYDRAW_LIVE_FILL_DONE zoom=100 x=402 y=80 revision=94
[12:50:42] TINYDRAW_LIVE_REPAIR views=22 steps=6
[12:50:43] TINYDRAW_PAN_BASELINE zoom=100 x=496 y=290 frames=7 reused=7 compose_avg_us=15561 compose_max_us=20987 present_avg_us=18989 present_max_us=23680 tear_wait_avg_us=1438 tear_wait_max_us=4108 failures=0
[12:50:43] TINYDRAW_FILL_BASELINE result=complete zoom=100 x=496 y=290 revision=94 steps=1 wall_us=2326 compute_total_us=2276 compute_max_us=2276 present_total_us=0 present_max_us=0 tick_max_us=2301 producer_failures=0 presentation_failures=0
[12:50:43] TINYDRAW_LIVE_FILL_DONE zoom=100 x=496 y=290 revision=94
[12:50:43] TINYDRAW_LIVE_REPAIR views=22 steps=6
[12:50:43] TINYDRAW_PAN_BASELINE zoom=100 x=586 y=540 frames=6 reused=5 compose_avg_us=17761 compose_max_us=35591 present_avg_us=18203 present_max_us=25686 tear_wait_avg_us=2457 tear_wait_max_us=9898 failures=0
[12:50:43] TINYDRAW_FILL_BASELINE result=complete zoom=100 x=586 y=540 revision=94 steps=1 wall_us=2526 compute_total_us=2476 compute_max_us=2476 present_total_us=0 present_max_us=0 tick_max_us=2500 producer_failures=0 presentation_failures=0
[12:50:43] TINYDRAW_LIVE_FILL_DONE zoom=100 x=586 y=540 revision=94
[12:50:44] TINYDRAW_PAN_BASELINE zoom=100 x=670 y=766 frames=6 reused=6 compose_avg_us=18065 compose_max_us=20042 present_avg_us=23073 present_max_us=26553 tear_wait_avg_us=1923 tear_wait_max_us=4320 failures=0
[12:50:44] TINYDRAW_PAN_BASELINE zoom=100 x=790 y=946 frames=6 reused=6 compose_avg_us=15788 compose_max_us=22091 present_avg_us=19652 present_max_us=25095 tear_wait_avg_us=1085 tear_wait_max_us=2823 failures=0
[12:50:44] TINYDRAW_FILL_BASELINE result=superseded zoom=100 x=670 y=766 revision=94 steps=19 wall_us=389008 compute_total_us=47443 compute_max_us=7864 present_total_us=78322 present_max_us=78303 tick_max_us=7892 producer_failures=0 presentation_failures=0
[12:50:44] TINYDRAW_PAN_BASELINE zoom=100 x=696 y=604 frames=5 reused=3 compose_avg_us=24039 compose_max_us=36281 present_avg_us=21774 present_max_us=25420 tear_wait_avg_us=5561 tear_wait_max_us=16650 failures=0
[12:50:44] TINYDRAW_FILL_BASELINE result=superseded zoom=100 x=790 y=946 revision=94 steps=11 wall_us=387630 compute_total_us=25815 compute_max_us=6841 present_total_us=68992 present_max_us=68992 tick_max_us=6862 producer_failures=0 presentation_failures=0
[12:50:44] TINYDRAW_FILL_BASELINE result=complete zoom=100 x=696 y=604 revision=94 steps=1 wall_us=2962 compute_total_us=2927 compute_max_us=2927 present_total_us=0 present_max_us=0 tick_max_us=2940 producer_failures=0 presentation_failures=0
[12:50:44] TINYDRAW_LIVE_FILL_DONE zoom=100 x=696 y=604 revision=94
[12:50:45] TINYDRAW_PAN_BASELINE zoom=100 x=484 y=450 frames=4 reused=3 compose_avg_us=21365 compose_max_us=36629 present_avg_us=22754 present_max_us=29566 tear_wait_avg_us=6134 tear_wait_max_us=16038 failures=0
[12:50:45] TINYDRAW_FILL_BASELINE result=complete zoom=100 x=484 y=450 revision=94 steps=1 wall_us=1574 compute_total_us=1532 compute_max_us=1532 present_total_us=0 present_max_us=0 tick_max_us=1548 producer_failures=0 presentation_failures=0
[12:50:45] TINYDRAW_LIVE_FILL_DONE zoom=100 x=484 y=450 revision=94
[12:50:45] TINYDRAW_PAN_BASELINE zoom=100 x=336 y=294 frames=5 reused=5 compose_avg_us=16019 compose_max_us=17168 present_avg_us=24289 present_max_us=29434 tear_wait_avg_us=1021 tear_wait_max_us=2539 failures=0
[12:50:45] TINYDRAW_FILL_BASELINE result=complete zoom=100 x=336 y=294 revision=94 steps=1 wall_us=1328 compute_total_us=1279 compute_max_us=1279 present_total_us=0 present_max_us=0 tick_max_us=1304 producer_failures=0 presentation_failures=0
[12:50:45] TINYDRAW_LIVE_FILL_DONE zoom=100 x=336 y=294 revision=94
[12:50:45] TINYDRAW_PAN_BASELINE zoom=100 x=322 y=280 frames=5 reused=3 compose_avg_us=23102 compose_max_us=33902 present_avg_us=21919 present_max_us=26628 tear_wait_avg_us=3985 tear_wait_max_us=16725 failures=0
[12:50:45] TINYDRAW_FILL_BASELINE result=complete zoom=100 x=322 y=280 revision=94 steps=1 wall_us=1300 compute_total_us=1260 compute_max_us=1260 present_total_us=0 present_max_us=0 tick_max_us=1276 producer_failures=0 presentation_failures=0
[12:50:45] TINYDRAW_LIVE_FILL_DONE zoom=100 x=322 y=280 revision=94
[12:50:46] TINYDRAW_LIVE_REPAIR views=22 steps=19
[12:50:46] TINYDRAW_PAN_BASELINE zoom=100 x=184 y=212 frames=5 reused=5 compose_avg_us=12624 compose_max_us=16385 present_avg_us=18856 present_max_us=28030 tear_wait_avg_us=1113 tear_wait_max_us=3934 failures=0
[12:50:46] TINYDRAW_FILL_BASELINE result=complete zoom=100 x=184 y=212 revision=94 steps=1 wall_us=1949 compute_total_us=1906 compute_max_us=1906 present_total_us=0 present_max_us=0 tick_max_us=1922 producer_failures=0 presentation_failures=0
[12:50:46] TINYDRAW_LIVE_FILL_DONE zoom=100 x=184 y=212 revision=94
[12:50:46] TINYDRAW_LIVE_REPAIR views=22 steps=29
[12:50:46] TINYDRAW_PAN_BASELINE zoom=100 x=26 y=138 frames=6 reused=6 compose_avg_us=13135 compose_max_us=16483 present_avg_us=19155 present_max_us=27944 tear_wait_avg_us=1493 tear_wait_max_us=2992 failures=0
[12:50:46] TINYDRAW_FILL_BASELINE result=complete zoom=100 x=26 y=138 revision=94 steps=1 wall_us=2119 compute_total_us=2078 compute_max_us=2078 present_total_us=0 present_max_us=0 tick_max_us=2093 producer_failures=0 presentation_failures=0
[12:50:46] TINYDRAW_LIVE_FILL_DONE zoom=100 x=26 y=138 revision=94
[12:50:46] TINYDRAW_LIVE_REPAIR views=22 steps=50
[12:50:47] TINYDRAW_PAN_BASELINE zoom=100 x=0 y=58 frames=6 reused=6 compose_avg_us=13246 compose_max_us=16817 present_avg_us=18675 present_max_us=25081 tear_wait_avg_us=1340 tear_wait_max_us=4115 failures=0
[12:50:47] TINYDRAW_FILL_BASELINE result=complete zoom=100 x=0 y=58 revision=94 steps=1 wall_us=2019 compute_total_us=1977 compute_max_us=1977 present_total_us=0 present_max_us=0 tick_max_us=1993 producer_failures=0 presentation_failures=0
[12:50:47] TINYDRAW_LIVE_FILL_DONE zoom=100 x=0 y=58 revision=94
[12:50:47] TINYDRAW_LIVE_REPAIR views=20 steps=5
[12:50:48] TINYDRAW_PAN_BASELINE zoom=100 x=0 y=28 frames=12 reused=12 compose_avg_us=7693 compose_max_us=15396 present_avg_us=10936 present_max_us=22523 tear_wait_avg_us=902 tear_wait_max_us=2918 failures=0
[12:50:48] TINYDRAW_FILL_BASELINE result=complete zoom=100 x=0 y=28 revision=94 steps=1 wall_us=2024 compute_total_us=1982 compute_max_us=1982 present_total_us=0 present_max_us=0 tick_max_us=1999 producer_failures=0 presentation_failures=0
[12:50:48] TINYDRAW_LIVE_FILL_DONE zoom=100 x=0 y=28 revision=94
[12:50:48] TINYDRAW_LIVE_REPAIR views=20 steps=5
[12:50:48] TINYDRAW_PAN_BASELINE zoom=100 x=0 y=0 frames=10 reused=10 compose_avg_us=3159 compose_max_us=16183 present_avg_us=4357 present_max_us=23580 tear_wait_avg_us=658 tear_wait_max_us=4117 failures=0
[12:50:48] TINYDRAW_FILL_BASELINE result=complete zoom=100 x=0 y=0 revision=94 steps=1 wall_us=1836 compute_total_us=1791 compute_max_us=1791 present_total_us=0 present_max_us=0 tick_max_us=1809 producer_failures=0 presentation_failures=0
[12:50:48] TINYDRAW_LIVE_FILL_DONE zoom=100 x=0 y=0 revision=94
[12:50:48] TINYDRAW_LIVE_REPAIR views=17 steps=4
[12:50:48] TINYDRAW_PAN_BASELINE zoom=100 x=10 y=0 frames=7 reused=7 compose_avg_us=8842 compose_max_us=15533 present_avg_us=12013 present_max_us=21935 tear_wait_avg_us=1033 tear_wait_max_us=4166 failures=0
[12:50:48] TINYDRAW_FILL_BASELINE result=complete zoom=100 x=10 y=0 revision=94 steps=1 wall_us=1829 compute_total_us=1788 compute_max_us=1788 present_total_us=0 present_max_us=0 tick_max_us=1803 producer_failures=0 presentation_failures=0
[12:50:48] TINYDRAW_LIVE_FILL_DONE zoom=100 x=10 y=0 revision=94
[12:50:48] TINYDRAW_LIVE_REPAIR views=20 steps=5
[12:50:49] TINYDRAW_PAN_BASELINE zoom=100 x=68 y=176 frames=5 reused=5 compose_avg_us=17792 compose_max_us=19140 present_avg_us=22726 present_max_us=24910 tear_wait_avg_us=587 tear_wait_max_us=2512 failures=0
[12:50:49] TINYDRAW_FILL_BASELINE result=complete zoom=100 x=68 y=176 revision=94 steps=1 wall_us=1893 compute_total_us=1851 compute_max_us=1851 present_total_us=0 present_max_us=0 tick_max_us=1867 producer_failures=0 presentation_failures=0
[12:50:49] TINYDRAW_LIVE_FILL_DONE zoom=100 x=68 y=176 revision=94
[12:50:49] TINYDRAW_LIVE_REPAIR views=22 steps=6
[12:50:49] TINYDRAW_PAN_BASELINE zoom=100 x=70 y=462 frames=5 reused=4 compose_avg_us=19766 compose_max_us=32184 present_avg_us=21845 present_max_us=25209 tear_wait_avg_us=1895 tear_wait_max_us=6465 failures=0
[12:50:49] TINYDRAW_FILL_BASELINE result=complete zoom=100 x=70 y=462 revision=94 steps=1 wall_us=2028 compute_total_us=1988 compute_max_us=1988 present_total_us=0 present_max_us=0 tick_max_us=2003 producer_failures=0 presentation_failures=0
[12:50:49] TINYDRAW_LIVE_FILL_DONE zoom=100 x=70 y=462 revision=94
[12:50:49] TINYDRAW_PAN_BASELINE zoom=100 x=64 y=718 frames=4 reused=3 compose_avg_us=20797 compose_max_us=33221 present_avg_us=21283 present_max_us=25481 tear_wait_avg_us=4709 tear_wait_max_us=9919 failures=0
[12:50:50] TINYDRAW_PAN_BASELINE zoom=100 x=66 y=500 frames=5 reused=4 compose_avg_us=16271 compose_max_us=33180 present_avg_us=17240 present_max_us=23365 tear_wait_avg_us=2787 tear_wait_max_us=7722 failures=0
[12:50:50] TINYDRAW_FILL_BASELINE result=superseded zoom=100 x=64 y=718 revision=94 steps=14 wall_us=344997 compute_total_us=23847 compute_max_us=3838 present_total_us=69215 present_max_us=69215 tick_max_us=5860 producer_failures=0 presentation_failures=0
[12:50:50] TINYDRAW_FILL_BASELINE result=complete zoom=100 x=66 y=500 revision=94 steps=1 wall_us=2085 compute_total_us=2050 compute_max_us=2050 present_total_us=0 present_max_us=0 tick_max_us=2064 producer_failures=0 presentation_failures=0
[12:50:50] TINYDRAW_LIVE_FILL_DONE zoom=100 x=66 y=500 revision=94
[12:50:50] TINYDRAW_PAN_BASELINE zoom=100 x=38 y=314 frames=5 reused=5 compose_avg_us=13311 compose_max_us=17888 present_avg_us=19963 present_max_us=27229 tear_wait_avg_us=1387 tear_wait_max_us=2930 failures=0
[12:50:50] TINYDRAW_FILL_BASELINE result=complete zoom=100 x=38 y=314 revision=94 steps=1 wall_us=1403 compute_total_us=1360 compute_max_us=1360 present_total_us=0 present_max_us=0 tick_max_us=1377 producer_failures=0 presentation_failures=0
[12:50:50] TINYDRAW_LIVE_FILL_DONE zoom=100 x=38 y=314 revision=94
[12:50:51] TINYDRAW_PAN_BASELINE zoom=100 x=0 y=574 frames=7 reused=6 compose_avg_us=16604 compose_max_us=33045 present_avg_us=18294 present_max_us=24328 tear_wait_avg_us=1310 tear_wait_max_us=6500 failures=0
[12:50:51] TINYDRAW_FILL_BASELINE result=complete zoom=100 x=0 y=574 revision=94 steps=1 wall_us=2067 compute_total_us=2025 compute_max_us=2025 present_total_us=0 present_max_us=0 tick_max_us=2041 producer_failures=0 presentation_failures=0
[12:50:51] TINYDRAW_LIVE_FILL_DONE zoom=100 x=0 y=574 revision=94
[12:50:51] TINYDRAW_PAN_BASELINE zoom=100 x=0 y=826 frames=5 reused=4 compose_avg_us=17022 compose_max_us=33921 present_avg_us=17466 present_max_us=25906 tear_wait_avg_us=1743 tear_wait_max_us=4072 failures=0
[12:50:51] TINYDRAW_FILL_BASELINE result=complete zoom=100 x=0 y=826 revision=94 steps=1 wall_us=2368 compute_total_us=2323 compute_max_us=2323 present_total_us=0 present_max_us=0 tick_max_us=2339 producer_failures=0 presentation_failures=0
[12:50:51] TINYDRAW_LIVE_FILL_DONE zoom=100 x=0 y=826 revision=94
[12:50:51] TINYDRAW_PAN_BASELINE zoom=100 x=0 y=576 frames=5 reused=4 compose_avg_us=16585 compose_max_us=33194 present_avg_us=18337 present_max_us=26688 tear_wait_avg_us=1193 tear_wait_max_us=2493 failures=0
[12:50:51] TINYDRAW_FILL_BASELINE result=complete zoom=100 x=0 y=576 revision=94 steps=1 wall_us=1870 compute_total_us=1825 compute_max_us=1825 present_total_us=0 present_max_us=0 tick_max_us=1840 producer_failures=0 presentation_failures=0
[12:50:51] TINYDRAW_LIVE_FILL_DONE zoom=100 x=0 y=576 revision=94
[12:50:51] TINYDRAW_LIVE_REPAIR views=21 steps=12
[12:50:52] TINYDRAW_PAN_BASELINE zoom=100 x=0 y=316 frames=4 reused=3 compose_avg_us=20435 compose_max_us=32369 present_avg_us=22683 present_max_us=27785 tear_wait_avg_us=5567 tear_wait_max_us=14450 failures=0
[12:50:52] TINYDRAW_FILL_BASELINE result=complete zoom=100 x=0 y=316 revision=94 steps=1 wall_us=1914 compute_total_us=1856 compute_max_us=1856 present_total_us=0 present_max_us=0 tick_max_us=1883 producer_failures=0 presentation_failures=0
[12:50:52] TINYDRAW_LIVE_FILL_DONE zoom=100 x=0 y=316 revision=94
[12:50:52] TINYDRAW_LIVE_REPAIR views=20 steps=5
[12:50:52] TINYDRAW_PAN_BASELINE zoom=100 x=0 y=56 frames=4 reused=3 compose_avg_us=20103 compose_max_us=32050 present_avg_us=21989 present_max_us=24760 tear_wait_avg_us=2123 tear_wait_max_us=2847 failures=0
[12:50:52] TINYDRAW_FILL_BASELINE result=complete zoom=100 x=0 y=56 revision=94 steps=1 wall_us=1991 compute_total_us=1950 compute_max_us=1950 present_total_us=0 present_max_us=0 tick_max_us=1966 producer_failures=0 presentation_failures=0
[12:50:52] TINYDRAW_LIVE_FILL_DONE zoom=100 x=0 y=56 revision=94
[12:50:52] TINYDRAW_LIVE_REPAIR views=20 steps=5
[12:50:52] TINYDRAW_PAN_BASELINE zoom=100 x=0 y=0 frames=5 reused=5 compose_avg_us=9547 compose_max_us=16817 present_avg_us=13388 present_max_us=23044 tear_wait_avg_us=970 tear_wait_max_us=2043 failures=0
[12:50:52] TINYDRAW_FILL_BASELINE result=complete zoom=100 x=0 y=0 revision=94 steps=1 wall_us=1901 compute_total_us=1857 compute_max_us=1857 present_total_us=0 present_max_us=0 tick_max_us=1875 producer_failures=0 presentation_failures=0
[12:50:52] TINYDRAW_LIVE_FILL_DONE zoom=100 x=0 y=0 revision=94
[12:50:52] TINYDRAW_LIVE_REPAIR views=17 steps=4
[12:50:53] TINYDRAW_PAN_BASELINE zoom=100 x=4 y=0 frames=6 reused=6 compose_avg_us=5127 compose_max_us=15387 present_avg_us=6687 present_max_us=20513 tear_wait_avg_us=314 tear_wait_max_us=1361 failures=0
[12:50:53] TINYDRAW_FILL_BASELINE result=complete zoom=100 x=4 y=0 revision=94 steps=1 wall_us=1878 compute_total_us=1831 compute_max_us=1831 present_total_us=0 present_max_us=0 tick_max_us=1846 producer_failures=0 presentation_failures=0
[12:50:53] TINYDRAW_LIVE_FILL_DONE zoom=100 x=4 y=0 revision=94
[12:50:53] TINYDRAW_LIVE_REPAIR views=20 steps=5
[12:50:53] TINYDRAW_PAN_BASELINE zoom=100 x=60 y=216 frames=6 reused=6 compose_avg_us=14855 compose_max_us=19556 present_avg_us=19807 present_max_us=24981 tear_wait_avg_us=632 tear_wait_max_us=2039 failures=0
[12:50:53] TINYDRAW_FILL_BASELINE result=complete zoom=100 x=60 y=216 revision=94 steps=1 wall_us=2144 compute_total_us=2101 compute_max_us=2101 present_total_us=0 present_max_us=0 tick_max_us=2118 producer_failures=0 presentation_failures=0
[12:50:53] TINYDRAW_LIVE_FILL_DONE zoom=100 x=60 y=216 revision=94
[12:50:53] TINYDRAW_LIVE_REPAIR views=22 steps=6
[12:50:54] TINYDRAW_PAN_BASELINE zoom=100 x=184 y=426 frames=7 reused=7 compose_avg_us=15861 compose_max_us=21056 present_avg_us=19316 present_max_us=25498 tear_wait_avg_us=806 tear_wait_max_us=3693 failures=0
[12:50:54] TINYDRAW_PAN_BASELINE zoom=100 x=312 y=582 frames=7 reused=7 compose_avg_us=16062 compose_max_us=21654 present_avg_us=19390 present_max_us=23983 tear_wait_avg_us=948 tear_wait_max_us=4057 failures=0
[12:50:54] TINYDRAW_FILL_BASELINE result=superseded zoom=100 x=184 y=426 revision=94 steps=18 wall_us=396008 compute_total_us=33118 compute_max_us=4895 present_total_us=63152 present_max_us=63152 tick_max_us=4929 producer_failures=0 presentation_failures=0
[12:50:55] TINYDRAW_PAN_BASELINE zoom=100 x=462 y=772 frames=7 reused=7 compose_avg_us=16596 compose_max_us=22103 present_avg_us=19910 present_max_us=27192 tear_wait_avg_us=167 tear_wait_max_us=935 failures=0
[12:50:55] TINYDRAW_FILL_BASELINE result=superseded zoom=100 x=312 y=582 revision=94 steps=18 wall_us=387387 compute_total_us=32775 compute_max_us=6403 present_total_us=66227 present_max_us=66227 tick_max_us=6666 producer_failures=0 presentation_failures=0
[12:50:55] TINYDRAW_PAN_BASELINE zoom=100 x=580 y=874 frames=5 reused=5 compose_avg_us=18723 compose_max_us=21943 present_avg_us=22096 present_max_us=24083 tear_wait_avg_us=1298 tear_wait_max_us=3305 failures=0
[12:50:55] TINYDRAW_FILL_BASELINE result=superseded zoom=100 x=462 y=772 revision=94 steps=14 wall_us=323710 compute_total_us=29228 compute_max_us=6326 present_total_us=65794 present_max_us=65794 tick_max_us=6360 producer_failures=0 presentation_failures=0
[12:50:55] TINYDRAW_PAN_BASELINE zoom=100 x=710 y=1040 frames=5 reused=5 compose_avg_us=19058 compose_max_us=22807 present_avg_us=23331 present_max_us=26941 tear_wait_avg_us=488 tear_wait_max_us=2231 failures=0
[12:50:55] TINYDRAW_FILL_BASELINE result=superseded zoom=100 x=580 y=874 revision=94 steps=19 wall_us=370521 compute_total_us=48257 compute_max_us=8018 present_total_us=79616 present_max_us=79597 tick_max_us=8048 producer_failures=0 presentation_failures=0
[12:50:56] TINYDRAW_PAN_BASELINE zoom=100 x=876 y=1002 frames=4 reused=4 compose_avg_us=19830 compose_max_us=23160 present_avg_us=23273 present_max_us=25246 tear_wait_avg_us=458 tear_wait_max_us=847 failures=0
[12:50:56] TINYDRAW_FILL_BASELINE result=superseded zoom=100 x=710 y=1040 revision=94 steps=11 wall_us=369422 compute_total_us=34189 compute_max_us=8813 present_total_us=73937 present_max_us=73937 tick_max_us=8830 producer_failures=0 presentation_failures=0
[12:50:56] TINYDRAW_PAN_BASELINE zoom=100 x=1056 y=916 frames=5 reused=5 compose_avg_us=15957 compose_max_us=23539 present_avg_us=18969 present_max_us=26140 tear_wait_avg_us=431 tear_wait_max_us=1878 failures=0
[12:50:56] TINYDRAW_FILL_BASELINE result=superseded zoom=100 x=876 y=1002 revision=94 steps=9 wall_us=320500 compute_total_us=32402 compute_max_us=9375 present_total_us=65127 present_max_us=65127 tick_max_us=9392 producer_failures=0 presentation_failures=0
[12:50:57] TINYDRAW_PAN_BASELINE zoom=100 x=1102 y=910 frames=9 reused=9 compose_avg_us=14158 compose_max_us=17373 present_avg_us=19121 present_max_us=22719 tear_wait_avg_us=996 tear_wait_max_us=2120 failures=0
[12:50:57] TINYDRAW_FILL_BASELINE result=superseded zoom=100 x=1056 y=916 revision=94 steps=20 wall_us=585466 compute_total_us=98187 compute_max_us=12056 present_total_us=84007 present_max_us=61854 tick_max_us=13309 producer_failures=0 presentation_failures=0
[12:50:57] TINYDRAW_FILL_BASELINE result=complete zoom=100 x=1102 y=910 revision=94 steps=51 wall_us=292606 compute_total_us=191926 compute_max_us=11459 present_total_us=94196 present_max_us=71130 tick_max_us=13845 producer_failures=0 presentation_failures=0
[12:50:57] TINYDRAW_LIVE_FILL_DONE zoom=100 x=1102 y=910 revision=94
[12:50:57] TINYDRAW_PAN_BASELINE zoom=100 x=1104 y=754 frames=5 reused=5 compose_avg_us=13326 compose_max_us=18039 present_avg_us=19893 present_max_us=28856 tear_wait_avg_us=1526 tear_wait_max_us=2277 failures=0
[12:50:58] TINYDRAW_PAN_BASELINE zoom=100 x=1104 y=592 frames=6 reused=6 compose_avg_us=13758 compose_max_us=18165 present_avg_us=19988 present_max_us=26546 tear_wait_avg_us=1232 tear_wait_max_us=2474 failures=0
[12:50:58] TINYDRAW_FILL_BASELINE result=superseded zoom=100 x=1104 y=754 revision=94 steps=21 wall_us=414017 compute_total_us=73204 compute_max_us=11486 present_total_us=83937 present_max_us=75859 tick_max_us=12268 producer_failures=0 presentation_failures=0
[12:50:58] TINYDRAW_PAN_BASELINE zoom=100 x=1074 y=332 frames=5 reused=4 compose_avg_us=19848 compose_max_us=31013 present_avg_us=23147 present_max_us=28095 tear_wait_avg_us=2924 tear_wait_max_us=4646 failures=0
[12:50:58] TINYDRAW_FILL_BASELINE result=superseded zoom=100 x=1104 y=592 revision=94 steps=8 wall_us=360275 compute_total_us=29691 compute_max_us=10861 present_total_us=74324 present_max_us=74324 tick_max_us=12354 producer_failures=0 presentation_failures=0
[12:50:59] TINYDRAW_PAN_BASELINE zoom=100 x=866 y=234 frames=5 reused=5 compose_avg_us=16068 compose_max_us=16436 present_avg_us=25367 present_max_us=29161 tear_wait_avg_us=356 tear_wait_max_us=1677 failures=0
[12:50:59] TINYDRAW_FILL_BASELINE result=superseded zoom=100 x=1074 y=332 revision=94 steps=12 wall_us=332200 compute_total_us=36861 compute_max_us=11313 present_total_us=70708 present_max_us=70708 tick_max_us=13187 producer_failures=0 presentation_failures=0
[12:50:59] TINYDRAW_PAN_BASELINE zoom=100 x=718 y=134 frames=5 reused=5 compose_avg_us=16048 compose_max_us=16741 present_avg_us=24076 present_max_us=27552 tear_wait_avg_us=1409 tear_wait_max_us=2932 failures=0
[12:50:59] TINYDRAW_FILL_BASELINE result=superseded zoom=100 x=866 y=234 revision=94 steps=12 wall_us=341355 compute_total_us=41999 compute_max_us=12255 present_total_us=71535 present_max_us=71535 tick_max_us=12272 producer_failures=0 presentation_failures=0
[12:50:59] TINYDRAW_PAN_BASELINE zoom=100 x=576 y=34 frames=6 reused=6 compose_avg_us=13243 compose_max_us=16868 present_avg_us=20321 present_max_us=26957 tear_wait_avg_us=1197 tear_wait_max_us=2960 failures=0
[12:50:59] TINYDRAW_FILL_BASELINE result=superseded zoom=100 x=718 y=134 revision=94 steps=29 wall_us=398253 compute_total_us=70327 compute_max_us=11631 present_total_us=80082 present_max_us=77510 tick_max_us=11654 producer_failures=0 presentation_failures=0
[12:51:00] TINYDRAW_PAN_BASELINE zoom=100 x=406 y=0 frames=5 reused=4 compose_avg_us=18635 compose_max_us=31594 present_avg_us=21543 present_max_us=24564 tear_wait_avg_us=1775 tear_wait_max_us=3413 failures=0
[12:51:00] TINYDRAW_FILL_BASELINE result=superseded zoom=100 x=576 y=34 revision=94 steps=40 wall_us=447284 compute_total_us=112686 compute_max_us=10925 present_total_us=73956 present_max_us=62526 tick_max_us=12893 producer_failures=0 presentation_failures=0
[12:51:00] TINYDRAW_PAN_BASELINE zoom=100 x=214 y=0 frames=6 reused=6 compose_avg_us=12816 compose_max_us=15460 present_avg_us=19129 present_max_us=24515 tear_wait_avg_us=1535 tear_wait_max_us=3231 failures=0
[12:51:00] TINYDRAW_FILL_BASELINE result=superseded zoom=100 x=406 y=0 revision=94 steps=62 wall_us=496366 compute_total_us=156827 compute_max_us=10737 present_total_us=95090 present_max_us=68660 tick_max_us=13230 producer_failures=0 presentation_failures=0
[12:51:01] TINYDRAW_FILL_BASELINE result=complete zoom=100 x=214 y=0 revision=94 steps=11 wall_us=101964 compute_total_us=27983 compute_max_us=8396 present_total_us=71909 present_max_us=71909 tick_max_us=10190 producer_failures=0 presentation_failures=0
[12:51:01] TINYDRAW_LIVE_FILL_DONE zoom=100 x=214 y=0 revision=94
[12:51:01] TINYDRAW_LIVE_REPAIR views=20 steps=37
[12:51:01] TINYDRAW_PAN_BASELINE zoom=100 x=54 y=0 frames=6 reused=6 compose_avg_us=12834 compose_max_us=15450 present_avg_us=18318 present_max_us=24019 tear_wait_avg_us=1526 tear_wait_max_us=3879 failures=0
[12:51:01] TINYDRAW_FILL_BASELINE result=complete zoom=100 x=54 y=0 revision=94 steps=1 wall_us=1995 compute_total_us=1956 compute_max_us=1956 present_total_us=0 present_max_us=0 tick_max_us=1971 producer_failures=0 presentation_failures=0
[12:51:01] TINYDRAW_LIVE_FILL_DONE zoom=100 x=54 y=0 revision=94
[12:51:01] TINYDRAW_LIVE_REPAIR views=20 steps=5
[12:51:02] TINYDRAW_PAN_BASELINE zoom=100 x=0 y=0 frames=7 reused=7 compose_avg_us=6592 compose_max_us=15416 present_avg_us=8682 present_max_us=20745 tear_wait_avg_us=928 tear_wait_max_us=4372 failures=0
[12:51:02] TINYDRAW_FILL_BASELINE result=complete zoom=100 x=0 y=0 revision=94 steps=1 wall_us=1839 compute_total_us=1794 compute_max_us=1794 present_total_us=0 present_max_us=0 tick_max_us=1812 producer_failures=0 presentation_failures=0
[12:51:02] TINYDRAW_LIVE_FILL_DONE zoom=100 x=0 y=0 revision=94
[12:51:02] TINYDRAW_LIVE_REPAIR views=17 steps=4
[12:51:05] TINYDRAW_PAN_BASELINE zoom=100 x=148 y=54 frames=76 reused=76 compose_avg_us=15149 compose_max_us=22826 present_avg_us=19404 present_max_us=25540 tear_wait_avg_us=1233 tear_wait_max_us=4360 failures=0
[12:51:06] TINYDRAW_FILL_BASELINE result=complete zoom=100 x=148 y=54 revision=94 steps=1 wall_us=2072 compute_total_us=2030 compute_max_us=2030 present_total_us=0 present_max_us=0 tick_max_us=2046 producer_failures=0 presentation_failures=0
[12:51:06] TINYDRAW_LIVE_FILL_DONE zoom=100 x=148 y=54 revision=94
[12:51:06] TINYDRAW_LIVE_REPAIR views=22 steps=6
[12:51:06] TINYDRAW_LIVE_PRESENT kind=zoom-ui zoom=200 x=480 y=294 compose_us=27907 scroll_us=0 exposed_compose_us=0 chrome_us=7779 read_submit_us=44783 read_complete_us=46385 transfer_wait_us=18170 tile_pixels=0 uniform_pixels=0 overview_pixels=0 fallback_pixels=164864 resident_tiles=0 fallback_tiles=56 pushes=11 tear_wait_us=15661 tear_sync=1 frame_reused=0 pass=1
[12:51:07] TINYDRAW_LIVE_PRESENT kind=zoom-ui zoom=400 x=1144 y=774 compose_us=29133 scroll_us=0 exposed_compose_us=0 chrome_us=7748 read_submit_us=38926 read_complete_us=40539 transfer_wait_us=18027 tile_pixels=0 uniform_pixels=0 overview_pixels=0 fallback_pixels=164864 resident_tiles=0 fallback_tiles=56 pushes=11 tear_wait_us=8600 tear_sync=1 frame_reused=0 pass=1
[12:51:07] TINYDRAW_FILL_BASELINE result=superseded zoom=200 x=480 y=294 revision=94 steps=196 wall_us=688030 compute_total_us=478079 compute_max_us=11596 present_total_us=75796 present_max_us=8558 tick_max_us=13291 producer_failures=0 presentation_failures=0
[12:51:07] TINYDRAW_LIVE_PRESENT kind=power zoom=400 x=1144 y=774 compose_us=30792 scroll_us=0 exposed_compose_us=0 chrome_us=7746 read_submit_us=48835 read_complete_us=50447 transfer_wait_us=18352 tile_pixels=65536 uniform_pixels=0 overview_pixels=0 fallback_pixels=99328 resident_tiles=16 fallback_tiles=40 pushes=11 tear_wait_us=16305 tear_sync=1 frame_reused=0 pass=1
[12:51:15] TINYDRAW_PAN_BASELINE zoom=400 x=1160 y=984 frames=172 reused=162 compose_avg_us=18175 compose_max_us=34072 present_avg_us=22599 present_max_us=29487 tear_wait_avg_us=1719 tear_wait_max_us=16719 failures=0
[12:51:15] TINYDRAW_FILL_BASELINE result=superseded zoom=400 x=1144 y=774 revision=94 steps=142 wall_us=8207045 compute_total_us=380284 compute_max_us=11030 present_total_us=75888 present_max_us=9307 tick_max_us=12026 producer_failures=0 presentation_failures=0
[12:51:16] TINYDRAW_PAN_BASELINE zoom=400 x=1192 y=1164 frames=10 reused=10 compose_avg_us=14925 compose_max_us=19730 present_avg_us=19684 present_max_us=25627 tear_wait_avg_us=1149 tear_wait_max_us=3309 failures=0
[12:51:16] TINYDRAW_FILL_BASELINE result=superseded zoom=400 x=1160 y=984 revision=94 steps=50 wall_us=657921 compute_total_us=120739 compute_max_us=10709 present_total_us=79724 present_max_us=63823 tick_max_us=11465 producer_failures=0 presentation_failures=0
[12:51:16] TINYDRAW_FILL_BASELINE result=complete zoom=400 x=1192 y=1164 revision=94 steps=143 wall_us=389130 compute_total_us=291064 compute_max_us=10967 present_total_us=90082 present_max_us=66550 tick_max_us=13317 producer_failures=0 presentation_failures=0
[12:51:16] TINYDRAW_LIVE_FILL_DONE zoom=400 x=1192 y=1164 revision=94
[12:51:17] TINYDRAW_LIVE_PRESENT kind=chrome zoom=400 x=1192 y=1164 compose_us=84614 scroll_us=0 exposed_compose_us=0 chrome_us=0 read_submit_us=95006 read_complete_us=96619 transfer_wait_us=17948 tile_pixels=151040 uniform_pixels=13824 overview_pixels=0 fallback_pixels=0 resident_tiles=56 fallback_tiles=0 pushes=11 tear_wait_us=9277 tear_sync=1 frame_reused=0 pass=1
[12:51:18] TINYDRAW_LIVE_PRESENT kind=chrome zoom=400 x=1192 y=1164 compose_us=33674 scroll_us=0 exposed_compose_us=0 chrome_us=7705 read_submit_us=48872 read_complete_us=50484 transfer_wait_us=18081 tile_pixels=151040 uniform_pixels=13824 overview_pixels=0 fallback_pixels=0 resident_tiles=56 fallback_tiles=0 pushes=11 tear_wait_us=14002 tear_sync=1 frame_reused=0 pass=1
[12:51:22] TINYDRAW_LIVE_STROKE revision=103 operations=103 samples=3169 append_us=115103 append_max_us=18995 refresh_compose_us=42843 refresh_complete_us=18025 ink_samples=166 read_submit_avg_us=2592 read_submit_max_us=22784 read_complete_avg_us=2700 read_complete_max_us=23138 submit_over_16ms=3 complete_over_33ms=0 presentation_failures=0 poll_max_us=135005 touch_errors=0 touch_overflows=0 touch_moves_coalesced=40265 touch_events=4577 touch_down=77 touch_up=77 touch_events_ge_8ms=136 touch_event_age_max_us=104237 chunks=9 free_psram=2447580 largest_psram=2424832 authority_match=1
[12:51:22] TINYDRAW_LIVE_STROKE_DONE committed=1 refresh=1 commit_failed=0
[12:51:22] TINYDRAW_LIFT_BASELINE id=10 finish_preview_us=175 builder_finish_us=51 append_us=115103 append_max_us=18995 refresh_wall_us=78855 refresh_x0=1188 refresh_y0=1220 refresh_x1=1540 refresh_y1=1608 refresh_compose_us=42843 refresh_first_submit_us=21430 refresh_first_complete_us=23024 refresh_transfer_wait_us=18025 stroke_logging_us=0 detected_to_poll_start_us=88002 detected_to_poll_complete_us=88011 poll_read_us=9 unattributed_tail_us=-106182 reports_dropped=0 chunks=9 committed=1 refresh=1 commit_failed=0
[12:51:22] TINYDRAW_FILL_BASELINE result=complete zoom=400 x=1192 y=1164 revision=103 steps=1 wall_us=2371 compute_total_us=2328 compute_max_us=2328 present_total_us=0 present_max_us=0 tick_max_us=2344 producer_failures=0 presentation_failures=0
[12:51:22] TINYDRAW_LIVE_FILL_DONE zoom=400 x=1192 y=1164 revision=103
[12:51:23] TINYDRAW_LIVE_REPAIR views=8 steps=763
[12:51:24] TINYDRAW_LIVE_PRESENT kind=chrome zoom=400 x=1192 y=1164 compose_us=35415 scroll_us=0 exposed_compose_us=0 chrome_us=0 read_submit_us=42083 read_complete_us=43696 transfer_wait_us=18870 tile_pixels=164864 uniform_pixels=0 overview_pixels=0 fallback_pixels=0 resident_tiles=56 fallback_tiles=0 pushes=11 tear_wait_us=5332 tear_sync=1 frame_reused=0 pass=1
[12:51:24] TINYDRAW_LIVE_PRESENT kind=chrome zoom=400 x=1192 y=1164 compose_us=34508 scroll_us=0 exposed_compose_us=0 chrome_us=7698 read_submit_us=52398 read_complete_us=54010 transfer_wait_us=18561 tile_pixels=164864 uniform_pixels=0 overview_pixels=0 fallback_pixels=0 resident_tiles=56 fallback_tiles=0 pushes=11 tear_wait_us=16712 tear_sync=1 frame_reused=0 pass=1
[12:51:26] TINYDRAW_PAN_BASELINE zoom=400 x=1108 y=1180 frames=26 reused=26 compose_avg_us=15926 compose_max_us=17465 present_avg_us=21849 present_max_us=26106 tear_wait_avg_us=1650 tear_wait_max_us=4605 failures=0
[12:51:26] TINYDRAW_FILL_BASELINE result=complete zoom=400 x=1108 y=1180 revision=103 steps=1 wall_us=2590 compute_total_us=2549 compute_max_us=2549 present_total_us=0 present_max_us=0 tick_max_us=2563 producer_failures=0 presentation_failures=0
[12:51:26] TINYDRAW_LIVE_FILL_DONE zoom=400 x=1108 y=1180 revision=103
[12:51:26] TINYDRAW_LIVE_REPAIR views=8 steps=118
[12:51:28] TINYDRAW_LIVE_PRESENT kind=chrome zoom=400 x=1108 y=1180 compose_us=84991 scroll_us=0 exposed_compose_us=0 chrome_us=0 read_submit_us=90961 read_complete_us=92567 transfer_wait_us=17994 tile_pixels=164864 uniform_pixels=0 overview_pixels=0 fallback_pixels=0 resident_tiles=56 fallback_tiles=0 pushes=11 tear_wait_us=4843 tear_sync=1 frame_reused=0 pass=1
[12:51:29] TINYDRAW_LIVE_PRESENT kind=chrome zoom=400 x=1108 y=1180 compose_us=34317 scroll_us=0 exposed_compose_us=0 chrome_us=7721 read_submit_us=49117 read_complete_us=50730 transfer_wait_us=18833 tile_pixels=164864 uniform_pixels=0 overview_pixels=0 fallback_pixels=0 resident_tiles=56 fallback_tiles=0 pushes=11 tear_wait_us=13612 tear_sync=1 frame_reused=0 pass=1
[12:51:30] TINYDRAW_LIVE_STROKE revision=104 operations=104 samples=3185 append_us=6164 append_max_us=6164 refresh_compose_us=17746 refresh_complete_us=6733 ink_samples=16 read_submit_avg_us=1829 read_submit_max_us=3031 read_complete_avg_us=1900 read_complete_max_us=3181 submit_over_16ms=0 complete_over_33ms=0 presentation_failures=0 poll_max_us=131005 touch_errors=0 touch_overflows=0 touch_moves_coalesced=1302 touch_events=321 touch_down=6 touch_up=6 touch_events_ge_8ms=2 touch_event_age_max_us=34247 chunks=1 free_psram=2447580 largest_psram=2424832 authority_match=1
[12:51:30] TINYDRAW_LIVE_STROKE_DONE committed=1 refresh=1 commit_failed=0
[12:51:30] TINYDRAW_LIFT_BASELINE id=11 finish_preview_us=2014 builder_finish_us=60 append_us=6164 append_max_us=6164 refresh_wall_us=36716 refresh_x0=1120 refresh_y0=1392 refresh_x1=1380 refresh_y1=1512 refresh_compose_us=17746 refresh_first_submit_us=22603 refresh_first_complete_us=24208 refresh_transfer_wait_us=6733 stroke_logging_us=0 detected_to_poll_start_us=47002 detected_to_poll_complete_us=47012 poll_read_us=10 unattributed_tail_us=2048 reports_dropped=0 chunks=1 committed=1 refresh=1 commit_failed=0
[12:51:31] TINYDRAW_LIVE_STROKE revision=106 operations=106 samples=3225 append_us=15330 append_max_us=10556 refresh_compose_us=23812 refresh_complete_us=9674 ink_samples=39 read_submit_avg_us=2001 read_submit_max_us=13730 read_complete_avg_us=2066 read_complete_max_us=13859 submit_over_16ms=0 complete_over_33ms=0 presentation_failures=0 poll_max_us=47003 touch_errors=0 touch_overflows=0 touch_moves_coalesced=325 touch_events=200 touch_down=1 touch_up=1 touch_events_ge_8ms=1 touch_event_age_max_us=44203 chunks=2 free_psram=2447580 largest_psram=2424832 authority_match=1
[12:51:31] TINYDRAW_LIVE_STROKE_DONE committed=1 refresh=1 commit_failed=0
[12:51:31] TINYDRAW_LIFT_BASELINE id=12 finish_preview_us=2013 builder_finish_us=61 append_us=15330 append_max_us=10556 refresh_wall_us=47097 refresh_x0=1100 refresh_y0=1248 refresh_x1=1304 refresh_y1=1504 refresh_compose_us=23812 refresh_first_submit_us=21219 refresh_first_complete_us=22818 refresh_transfer_wait_us=9674 stroke_logging_us=0 detected_to_poll_start_us=56002 detected_to_poll_complete_us=56012 poll_read_us=10 unattributed_tail_us=-8499 reports_dropped=0 chunks=2 committed=1 refresh=1 commit_failed=0
[12:51:32] TINYDRAW_LIVE_STROKE revision=109 operations=109 samples=3307 append_us=29411 append_max_us=11836 refresh_compose_us=27961 refresh_complete_us=11140 ink_samples=80 read_submit_avg_us=2112 read_submit_max_us=14221 read_complete_avg_us=2193 read_complete_max_us=14310 submit_over_16ms=0 complete_over_33ms=0 presentation_failures=0 poll_max_us=56003 touch_errors=0 touch_overflows=0 touch_moves_coalesced=695 touch_events=429 touch_down=1 touch_up=1 touch_events_ge_8ms=1 touch_event_age_max_us=68251 chunks=3 free_psram=2447580 largest_psram=2424832 authority_match=1
[12:51:32] TINYDRAW_LIVE_STROKE_DONE committed=1 refresh=1 commit_failed=0
[12:51:32] TINYDRAW_LIFT_BASELINE id=13 finish_preview_us=2013 builder_finish_us=61 append_us=29411 append_max_us=11836 refresh_wall_us=53667 refresh_x0=1100 refresh_y0=1184 refresh_x1=1288 refresh_y1=1528 refresh_compose_us=27961 refresh_first_submit_us=23773 refresh_first_complete_us=25377 refresh_transfer_wait_us=11140 stroke_logging_us=0 detected_to_poll_start_us=65002 detected_to_poll_complete_us=65012 poll_read_us=10 unattributed_tail_us=-20150 reports_dropped=0 chunks=3 committed=1 refresh=1 commit_failed=0
[12:51:40] TINYDRAW_LIVE_STROKE revision=130 operations=130 samples=3948 append_us=170287 append_max_us=10654 refresh_compose_us=42578 refresh_complete_us=15737 ink_samples=605 read_submit_avg_us=1938 read_submit_max_us=12579 read_complete_avg_us=1990 read_complete_max_us=12652 submit_over_16ms=0 complete_over_33ms=0 presentation_failures=0 poll_max_us=65003 touch_errors=0 touch_overflows=0 touch_moves_coalesced=4945 touch_events=3542 touch_down=1 touch_up=1 touch_events_ge_8ms=1 touch_event_age_max_us=49248 chunks=21 free_psram=2447580 largest_psram=2424832 authority_match=1
[12:51:40] TINYDRAW_LIVE_STROKE_DONE committed=1 refresh=1 commit_failed=0
[12:51:41] TINYDRAW_LIFT_BASELINE id=14 finish_preview_us=2013 builder_finish_us=32 append_us=170287 append_max_us=10654 refresh_wall_us=76330 refresh_x0=1096 refresh_y0=1172 refresh_x1=1444 refresh_y1=1512 refresh_compose_us=42578 refresh_first_submit_us=27129 refresh_first_complete_us=28738 refresh_transfer_wait_us=15737 stroke_logging_us=0 detected_to_poll_start_us=91558 detected_to_poll_complete_us=91568 poll_read_us=10 unattributed_tail_us=-157104 reports_dropped=0 chunks=21 committed=1 refresh=1 commit_failed=0
[12:51:41] TINYDRAW_FILL_BASELINE result=complete zoom=400 x=1108 y=1180 revision=130 steps=1 wall_us=2463 compute_total_us=2422 compute_max_us=2422 present_total_us=0 present_max_us=0 tick_max_us=2437 producer_failures=0 presentation_failures=0
[12:51:41] TINYDRAW_LIVE_FILL_DONE zoom=400 x=1108 y=1180 revision=130
[12:51:41] TINYDRAW_LIVE_REPAIR views=8 steps=121
[12:52:11] TINYDRAW_LIVE_PRESENT kind=power zoom=400 x=1108 y=1180 compose_us=34340 scroll_us=0 exposed_compose_us=0 chrome_us=7727 read_submit_us=43424 read_complete_us=45037 transfer_wait_us=18576 tile_pixels=164864 uniform_pixels=0 overview_pixels=0 fallback_pixels=0 resident_tiles=56 fallback_tiles=0 pushes=11 tear_wait_us=7360 tear_sync=1 frame_reused=0 pass=1
[12:52:41] TINYDRAW_LIVE_PRESENT kind=power zoom=400 x=1108 y=1180 compose_us=34568 scroll_us=0 exposed_compose_us=0 chrome_us=7742 read_submit_us=41898 read_complete_us=43512 transfer_wait_us=18102 tile_pixels=164864 uniform_pixels=0 overview_pixels=0 fallback_pixels=0 resident_tiles=56 fallback_tiles=0 pushes=11 tear_wait_us=5611 tear_sync=1 frame_reused=0 pass=1
[12:53:11] TINYDRAW_LIVE_PRESENT kind=power zoom=400 x=1108 y=1180 compose_us=34589 scroll_us=0 exposed_compose_us=0 chrome_us=7776 read_submit_us=45381 read_complete_us=46993 transfer_wait_us=18619 tile_pixels=164864 uniform_pixels=0 overview_pixels=0 fallback_pixels=0 resident_tiles=56 fallback_tiles=0 pushes=11 tear_wait_us=9070 tear_sync=1 frame_reused=0 pass=1
