[12:40:15] ESP-ROM:esp32s3-20210327
[12:40:15] Build:Mar 27 2021
[12:40:15] rst:0x15 (USB_UART_CHIP_RESET),boot:0x2b (SPI_FAST_FLASH_BOOT)
[12:40:15] Saved PC:0x4037b802
[12:40:15] SPIWP:0xee
[12:40:15] mode:DIO, clock div:1
[12:40:15] load:0x3fce2820,len:0x1664
[12:40:15] load:0x403c8700,len:0xf38
[12:40:15] load:0x403cb700,len:0x31e8
[12:40:15] entry 0x403c8930
[12:40:15] I (24) boot: ESP-IDF v6.0.2 2nd stage bootloader
[12:40:15] I (24) boot: compile time Aug 15 2026 12:38:36
[12:40:15] I (25) boot: Multicore bootloader
[12:40:15] I (25) boot: chip revision: v0.2
[12:40:15] I (28) boot: efuse block revision: v1.3
[12:40:15] I (31) qio_mode: Enabling default flash chip QIO
[12:40:15] I (36) boot.esp32s3: Boot SPI Speed : 80MHz
[12:40:15] I (39) boot.esp32s3: SPI Mode       : QIO
[12:40:15] I (43) boot.esp32s3: SPI Flash Size : 16MB
[12:40:15] I (47) boot: Enabling RNG early entropy source...
[12:40:15] I (51) boot: Partition Table:
[12:40:15] I (54) boot: ## Label            Usage          Type ST Offset   Length
[12:40:15] I (60) boot:  0 nvs              WiFi data        01 02 00009000 00006000
[12:40:15] I (67) boot:  1 phy_init         RF data          01 01 0000f000 00001000
[12:40:15] I (73) boot:  2 factory          factory app      00 00 00010000 00100000
[12:40:15] I (80) boot:  3 drawing          Unknown data     01 40 00110000 00300000
[12:40:15] I (86) boot:  4 export           Unknown data     01 41 00410000 00500000
[12:40:15] I (93) boot:  5 coredump         Unknown data     01 03 00910000 00010000
[12:40:15] I (100) boot: End of partition table
[12:40:15] I (103) esp_image: segment 0: paddr=00010020 vaddr=3c050020 size=1427ch ( 82556) map
[12:40:15] I (123) esp_image: segment 1: paddr=000242a4 vaddr=3fc94500 size=03764h ( 14180) load
[12:40:15] I (126) esp_image: segment 2: paddr=00027a10 vaddr=40374000 size=08608h ( 34312) load
[12:40:15] I (134) esp_image: segment 3: paddr=00030020 vaddr=42000020 size=476e0h (292576) map
[12:40:15] I (180) esp_image: segment 4: paddr=00077708 vaddr=4037c608 size=07e54h ( 32340) load
[12:40:15] I (187) esp_image: segment 5: paddr=0007f564 vaddr=50000000 size=00024h (    36) load
[12:40:15] I (194) boot: Loaded app from partition at offset 0x10000
[12:40:15] I (194) boot: Disabling RNG early entropy source...
[12:40:15] I (205) octal_psram: vendor id    : 0x0d (AP)
[12:40:15] I (205) octal_psram: dev id       : 0x02 (generation 3)
[12:40:15] I (205) octal_psram: density      : 0x03 (64 Mbit)
[12:40:15] I (207) octal_psram: good-die     : 0x01 (Pass)
[12:40:15] I (212) octal_psram: Latency      : 0x01 (Fixed)
[12:40:15] I (216) octal_psram: VCC          : 0x01 (3V)
[12:40:15] I (220) octal_psram: SRF          : 0x01 (Fast Refresh)
[12:40:15] I (225) octal_psram: BurstType    : 0x01 (Hybrid Wrap)
[12:40:15] I (230) octal_psram: BurstLen     : 0x01 (32 Byte)
[12:40:15] I (234) octal_psram: Readlatency  : 0x02 (10 cycles@Fixed)
[12:40:15] I (240) octal_psram: DriveStrength: 0x00 (1/1)
[12:40:15] I (244) MSPI Timing: Enter psram timing tuning
[12:40:15] I (249) esp_psram: Found 8MB PSRAM device
[12:40:15] I (252) esp_psram: Speed: 80MHz
[12:40:15] I (255) cpu_start: Multicore app
[12:40:16] I (671) esp_psram: SPI SRAM memory test OK
[12:40:16] I (679) cpu_start: GPIO 44 and 43 are used as console UART I/O pins
[12:40:16] I (679) cpu_start: Pro cpu start user code
[12:40:16] I (679) cpu_start: cpu freq: 240000000 Hz
[12:40:16] I (681) app_init: Application information:
[12:40:16] I (685) app_init: Project name:     tinydraw_esp32
[12:40:16] I (689) app_init: App version:      c86f3ac
[12:40:16] I (693) app_init: Compile time:     Aug 15 2026 12:38:30
[12:40:16] I (698) app_init: ELF file SHA256:  603c6763f...
[12:40:16] I (703) app_init: ESP-IDF:          v6.0.2
[12:40:16] I (707) efuse_init: Min chip rev:     v0.0
[12:40:16] I (710) efuse_init: Max chip rev:     v0.99 
[12:40:16] I (714) efuse_init: Chip rev:         v0.2
[12:40:16] I (718) heap_init: Initializing. RAM available for dynamic allocation:
[12:40:16] I (724) heap_init: At 3FC99090 len 00050680 (321 KiB): RAM
[12:40:16] I (730) heap_init: At 3FCE9710 len 00005724 (21 KiB): RAM
[12:40:16] I (735) heap_init: At 3FCF0000 len 00008000 (32 KiB): DRAM
[12:40:16] I (740) heap_init: At 600FE000 len 00001FE8 (7 KiB): RTCRAM
[12:40:16] I (745) esp_psram: Adding pool of 8192K of PSRAM memory to heap allocator
[12:40:16] I (752) spi_flash: detected chip: generic
[12:40:16] I (755) spi_flash: flash io: qio
[12:40:16] I (759) sleep_gpio: Configure to isolate all GPIO pins in sleep state
[12:40:16] I (765) sleep_gpio: Enable automatic switching of GPIO sleep configuration
[12:40:16] I (772) main_task: Started on CPU0
[12:40:16] I (775) main_task: Calling app_main()
[12:40:16] TINYDRAW_PANEL_HARD_RESET=1
[12:40:16] I (972) co5300: version: 2.1.0
[12:40:16] I (973) co5300_spi: LCD panel create success, version: 2.1.0
[12:40:16] W (1053) co5300_spi: The 3Ah command has been used and will be overwritten by external initialization sequence
[12:40:16] I (1154) CST816S: IC id: 183
[12:40:16] TINYDRAW_LIVE_PRESENT kind=startup zoom=25 x=0 y=0 compose_us=36452 scroll_us=0 exposed_compose_us=0 chrome_us=7939 read_submit_us=0 read_complete_us=0 transfer_wait_us=18440 tile_pixels=0 uniform_pixels=0 overview_pixels=164864 fallback_pixels=0 resident_tiles=0 fallback_tiles=0 pushes=11 tear_wait_us=6159 tear_sync=1 frame_reused=0 pass=1
[12:40:17] TINYDRAW_LIVE_STRESS operations=1000 samples=20000 total_us=482151 average_us=482 maximum_us=1156 free_psram=1987924 largest_psram=1966080
[12:40:17] TINYDRAW_LIVE_PRESENT kind=gate_fallback zoom=100 x=0 y=0 compose_us=26424 scroll_us=0 exposed_compose_us=0 chrome_us=7801 read_submit_us=42163 read_complete_us=43766 transfer_wait_us=18298 tile_pixels=0 uniform_pixels=0 overview_pixels=0 fallback_pixels=164864 resident_tiles=0 fallback_tiles=42 pushes=11 tear_wait_us=14518 tear_sync=1 frame_reused=0 pass=1
[12:40:17] TINYDRAW_GATE1_HARD zoom=100 cold=1 operations=1000 samples=20000 steps=192 tiles=42 scanned=12000 rendered=1659 max_supertask_us=9604 presentation_us=71253 total_us=276918 pass=1
[12:40:17] TINYDRAW_LIVE_PRESENT kind=gate_fallback zoom=400 x=0 y=0 compose_us=25660 scroll_us=0 exposed_compose_us=0 chrome_us=7706 read_submit_us=40204 read_complete_us=41806 transfer_wait_us=18409 tile_pixels=0 uniform_pixels=0 overview_pixels=0 fallback_pixels=164864 resident_tiles=0 fallback_tiles=42 pushes=11 tear_wait_us=13292 tear_sync=1 frame_reused=0 pass=1
[12:40:17] TINYDRAW_GATE1_HARD zoom=400 cold=1 operations=1000 samples=20000 steps=196 tiles=42 scanned=12000 rendered=120 max_supertask_us=8871 presentation_us=68340 total_us=211887 pass=1
[12:40:18] TINYDRAW_OVERLAP_WORKLOAD operations=8 samples=1200 radius_world=80
[12:40:18] TINYDRAW_GATE1_PACED_COLD corpus=overlap zoom=50 x=215 y=255 steps=334 tiles=56 compute_us=375966 present_us=86114 touch_us=1044 pacing_us=8370 wall_us=471494 max_tick_us=10477 touch_samples=2272 touch_interval_max_us=1863 touch_read_max_us=597 touch_events=0 touch_down=0 touch_up=0 touch_events_ge_8ms=0 touch_event_age_max_us=0 touch_errors=0 touch_overflows=0 pass=1
[12:40:19] TINYDRAW_GATE1_PACED_COLD corpus=overlap zoom=100 x=583 y=703 steps=172 tiles=48 compute_us=235543 present_us=82142 touch_us=668 pacing_us=6474 wall_us=324827 max_tick_us=10024 touch_samples=407 touch_interval_max_us=1756 touch_read_max_us=534 touch_events=0 touch_down=0 touch_up=0 touch_events_ge_8ms=0 touch_event_age_max_us=0 touch_errors=0 touch_overflows=0 pass=1
[12:40:19] TINYDRAW_GATE1_PACED_COLD corpus=overlap zoom=200 x=1319 y=1599 steps=128 tiles=56 compute_us=238610 present_us=80608 touch_us=605 pacing_us=4672 wall_us=324495 max_tick_us=9867 touch_samples=420 touch_interval_max_us=1180 touch_read_max_us=471 touch_events=0 touch_down=0 touch_up=0 touch_events_ge_8ms=0 touch_event_age_max_us=0 touch_errors=0 touch_overflows=0 pass=1
[12:40:20] TINYDRAW_GATE1_PACED_COLD corpus=overlap zoom=400 x=2791 y=3391 steps=94 tiles=56 compute_us=225248 present_us=83192 touch_us=561 pacing_us=4507 wall_us=313508 max_tick_us=10135 touch_samples=392 touch_interval_max_us=1129 touch_read_max_us=422 touch_events=0 touch_down=0 touch_up=0 touch_events_ge_8ms=0 touch_event_age_max_us=0 touch_errors=0 touch_overflows=0 pass=1
[12:40:20] TINYDRAW_ADVERSARIAL_TAPERED_WORKLOAD operations=128 samples=4096 erasers=12 load_us=219664 appended=1
[12:40:20] TINYDRAW_GATE1_PACED_COLD corpus=adversarial_tapered_4x zoom=50 x=0 y=0 steps=104 tiles=42 compute_us=95512 present_us=63335 touch_us=432 pacing_us=4767 wall_us=164046 max_tick_us=8638 touch_samples=507 touch_interval_max_us=1134 touch_read_max_us=418 touch_events=0 touch_down=0 touch_up=0 touch_events_ge_8ms=0 touch_event_age_max_us=0 touch_errors=0 touch_overflows=0 pass=1
[12:40:20] TINYDRAW_GATE1_PACED_COLD corpus=adversarial_tapered_4x zoom=100 x=0 y=0 steps=348 tiles=42 compute_us=157282 present_us=61816 touch_us=601 pacing_us=6062 wall_us=225761 max_tick_us=8640 touch_samples=313 touch_interval_max_us=1117 touch_read_max_us=401 touch_events=0 touch_down=0 touch_up=0 touch_events_ge_8ms=0 touch_event_age_max_us=0 touch_errors=0 touch_overflows=0 pass=1
[12:40:21] TINYDRAW_GATE1_PACED_COLD corpus=adversarial_tapered_4x zoom=200 x=0 y=0 steps=1214 tiles=42 compute_us=436467 present_us=65062 touch_us=1326 pacing_us=15092 wall_us=517947 max_tick_us=10260 touch_samples=595 touch_interval_max_us=1104 touch_read_max_us=392 touch_events=0 touch_down=0 touch_up=0 touch_events_ge_8ms=0 touch_event_age_max_us=0 touch_errors=0 touch_overflows=0 pass=1
[12:40:22] TINYDRAW_GATE1_PACED_COLD corpus=adversarial_tapered_4x zoom=400 x=0 y=0 steps=904 tiles=42 compute_us=543629 present_us=67653 touch_us=1413 pacing_us=15412 wall_us=628107 max_tick_us=10403 touch_samples=715 touch_interval_max_us=1148 touch_read_max_us=430 touch_events=0 touch_down=0 touch_up=0 touch_events_ge_8ms=0 touch_event_age_max_us=0 touch_errors=0 touch_overflows=0 pass=1
[12:40:22] TINYDRAW_GATE1_WORKLOAD kind=realistic seed=7 operations=1000 samples=19844 maximum_stroke=198 load_us=379576 raw_source=1 lod_copies=0
[12:40:23] TINYDRAW_GATE1_PACED_COLD corpus=seed7 zoom=400 x=63 y=63 steps=281 tiles=56 compute_us=276677 present_us=82357 touch_us=711 pacing_us=8234 wall_us=367979 max_tick_us=12814 touch_samples=949 touch_interval_max_us=1910 touch_read_max_us=467 touch_events=0 touch_down=0 touch_up=0 touch_events_ge_8ms=0 touch_event_age_max_us=0 touch_errors=0 touch_overflows=0 pass=1
[12:40:25] TINYDRAW_LIVE_PRESENT kind=gate_fallback zoom=100 x=0 y=0 compose_us=26650 scroll_us=0 exposed_compose_us=0 chrome_us=7757 read_submit_us=39298 read_complete_us=40906 transfer_wait_us=18549 tile_pixels=0 uniform_pixels=0 overview_pixels=0 fallback_pixels=164864 resident_tiles=0 fallback_tiles=42 pushes=11 tear_wait_us=11417 tear_sync=1 frame_reused=0 pass=1
[12:40:25] TINYDRAW_GATE1_HARD zoom=100 cold=1 operations=1000 samples=19844 steps=275 tiles=42 scanned=12000 rendered=5232 max_supertask_us=9751 presentation_us=69108 total_us=377961 pass=1
[12:40:25] TINYDRAW_GATE1_LIVE_OVERLAY clear_updates=47 clear_wall_max_us=3189 clear_submit_max_us=2261 clear_complete_max_us=2303 overlay_updates=26 overlay_wall_max_us=2926 overlay_submit_max_us=2368 overlay_complete_max_us=2402 overlay_chrome_max_us=0 clear_failures=0 overlay_failures=0 pass=1
[12:40:25] TINYDRAW_EDGE_INK corners=4 edge_failures=0 pass=1
[12:40:25] TINYDRAW_GATE1_PAN zoom=100 from_x=0 from_y=0 to_x=88 to_y=88 compose_us=21853 scroll_us=13 exposed_compose_us=21840 chrome_us=0 event_submit_us=27703 event_complete_us=29312 transfer_us=24356 setup=1 present=1 moved=1 frame_reused=1 pass=1
[12:40:25] TINYDRAW_LIVE_PRESENT kind=gate_fallback zoom=400 x=0 y=0 compose_us=25677 scroll_us=0 exposed_compose_us=0 chrome_us=7564 read_submit_us=31890 read_complete_us=33502 transfer_wait_us=18612 tile_pixels=0 uniform_pixels=0 overview_pixels=0 fallback_pixels=164864 resident_tiles=0 fallback_tiles=42 pushes=11 tear_wait_us=4957 tear_sync=1 frame_reused=0 pass=1
[12:40:25] TINYDRAW_GATE1_HARD zoom=400 cold=1 operations=1004 samples=19848 steps=217 tiles=42 scanned=12048 rendered=592 max_supertask_us=11165 presentation_us=68100 total_us=269370 pass=1
[12:41:48] ESP-ROM:esp32s3-20210327
[12:41:48] Build:Mar 27 2021
[12:41:48] rst:0x15 (USB_UART_CHIP_RESET),boot:0x2b (SPI_FAST_FLASH_BOOT)
[12:41:48] Saved PC:0x4202940b
[12:41:48] SPIWP:0xee
[12:41:48] mode:DIO, clock div:1
[12:41:48] load:0x3fce2820,len:0x1664
[12:41:48] load:0x403c8700,len:0xf38
[12:41:48] load:0x403cb700,len:0x31e8
[12:41:48] entry 0x403c8930
[12:41:48] I (24) boot: ESP-IDF v6.0.2 2nd stage bootloader
[12:41:48] I (24) boot: compile time Aug 15 2026 12:38:36
[12:41:48] I (25) boot: Multicore bootloader
[12:41:48] I (25) boot: chip revision: v0.2
[12:41:48] I (28) boot: efuse block revision: v1.3
[12:41:48] I (31) qio_mode: Enabling default flash chip QIO
[12:41:48] I (36) boot.esp32s3: Boot SPI Speed : 80MHz
[12:41:48] I (39) boot.esp32s3: SPI Mode       : QIO
[12:41:48] I (43) boot.esp32s3: SPI Flash Size : 16MB
[12:41:48] I (47) boot: Enabling RNG early entropy source...
[12:41:48] I (51) boot: Partition Table:
[12:41:48] I (54) boot: ## Label            Usage          Type ST Offset   Length
[12:41:48] I (60) boot:  0 nvs              WiFi data        01 02 00009000 00006000
[12:41:48] I (67) boot:  1 phy_init         RF data          01 01 0000f000 00001000
[12:41:48] I (73) boot:  2 factory          factory app      00 00 00010000 00100000
[12:41:48] I (80) boot:  3 drawing          Unknown data     01 40 00110000 00300000
[12:41:48] I (86) boot:  4 export           Unknown data     01 41 00410000 00500000
[12:41:48] I (93) boot:  5 coredump         Unknown data     01 03 00910000 00010000
[12:41:48] I (100) boot: End of partition table
[12:41:48] I (103) esp_image: segment 0: paddr=00010020 vaddr=3c050020 size=1427ch ( 82556) map
[12:41:48] I (123) esp_image: segment 1: paddr=000242a4 vaddr=3fc94500 size=03764h ( 14180) load
[12:41:48] I (126) esp_image: segment 2: paddr=00027a10 vaddr=40374000 size=08608h ( 34312) load
[12:41:48] I (134) esp_image: segment 3: paddr=00030020 vaddr=42000020 size=476e0h (292576) map
[12:41:48] I (180) esp_image: segment 4: paddr=00077708 vaddr=4037c608 size=07e54h ( 32340) load
[12:41:48] I (187) esp_image: segment 5: paddr=0007f564 vaddr=50000000 size=00024h (    36) load
[12:41:48] I (194) boot: Loaded app from partition at offset 0x10000
[12:41:48] I (194) boot: Disabling RNG early entropy source...
[12:41:48] I (205) octal_psram: vendor id    : 0x0d (AP)
[12:41:48] I (205) octal_psram: dev id       : 0x02 (generation 3)
[12:41:48] I (205) octal_psram: density      : 0x03 (64 Mbit)
[12:41:48] I (207) octal_psram: good-die     : 0x01 (Pass)
[12:41:48] I (212) octal_psram: Latency      : 0x01 (Fixed)
[12:41:48] I (216) octal_psram: VCC          : 0x01 (3V)
[12:41:48] I (220) octal_psram: SRF          : 0x01 (Fast Refresh)
[12:41:48] I (225) octal_psram: BurstType    : 0x01 (Hybrid Wrap)
[12:41:48] I (230) octal_psram: BurstLen     : 0x01 (32 Byte)
[12:41:48] I (234) octal_psram: Readlatency  : 0x02 (10 cycles@Fixed)
[12:41:48] I (240) octal_psram: DriveStrength: 0x00 (1/1)
[12:41:48] I (244) MSPI Timing: Enter psram timing tuning
[12:41:48] I (249) esp_psram: Found 8MB PSRAM device
[12:41:48] I (252) esp_psram: Speed: 80MHz
[12:41:48] I (255) cpu_start: Multicore app
[12:41:48] I (671) esp_psram: SPI SRAM memory test OK
[12:41:48] I (679) cpu_start: GPIO 44 and 43 are used as console UART I/O pins
[12:41:48] I (679) cpu_start: Pro cpu start user code
[12:41:48] I (679) cpu_start: cpu freq: 240000000 Hz
[12:41:48] I (681) app_init: Application information:
[12:41:48] I (685) app_init: Project name:     tinydraw_esp32
[12:41:48] I (689) app_init: App version:      c86f3ac
[12:41:48] I (693) app_init: Compile time:     Aug 15 2026 12:38:30
[12:41:48] I (698) app_init: ELF file SHA256:  603c6763f...
[12:41:48] I (703) app_init: ESP-IDF:          v6.0.2
[12:41:48] I (707) efuse_init: Min chip rev:     v0.0
[12:41:48] I (710) efuse_init: Max chip rev:     v0.99 
[12:41:48] I (714) efuse_init: Chip rev:         v0.2
[12:41:48] I (718) heap_init: Initializing. RAM available for dynamic allocation:
[12:41:48] I (724) heap_init: At 3FC99090 len 00050680 (321 KiB): RAM
[12:41:48] I (730) heap_init: At 3FCE9710 len 00005724 (21 KiB): RAM
[12:41:48] I (735) heap_init: At 3FCF0000 len 00008000 (32 KiB): DRAM
[12:41:48] I (740) heap_init: At 600FE000 len 00001FE8 (7 KiB): RTCRAM
[12:41:48] I (745) esp_psram: Adding pool of 8192K of PSRAM memory to heap allocator
[12:41:48] I (752) spi_flash: detected chip: generic
[12:41:48] I (755) spi_flash: flash io: qio
[12:41:48] I (759) sleep_gpio: Configure to isolate all GPIO pins in sleep state
[12:41:48] I (765) sleep_gpio: Enable automatic switching of GPIO sleep configuration
[12:41:48] I (772) main_task: Started on CPU0
[12:41:48] I (775) main_task: Calling app_main()
[12:41:48] TINYDRAW_PANEL_HARD_RESET=0
[12:41:48] I (972) co5300: version: 2.1.0
[12:41:48] I (973) co5300_spi: LCD panel create success, version: 2.1.0
[12:41:48] W (1053) co5300_spi: The 3Ah command has been used and will be overwritten by external initialization sequence
[12:41:48] I (1154) CST816S: IC id: 183
[12:41:49] TINYDRAW_PANEL_TE_HEAL paged=1 sent=1 high=0/34 edges_delta=0 isr_reinstall=0 falling_edges=0
[12:41:49] TINYDRAW_LIVE_PRESENT kind=startup zoom=25 x=0 y=0 compose_us=36448 scroll_us=0 exposed_compose_us=0 chrome_us=7965 read_submit_us=0 read_complete_us=0 transfer_wait_us=18877 tile_pixels=0 uniform_pixels=0 overview_pixels=164864 fallback_pixels=0 resident_tiles=0 fallback_tiles=0 pushes=11 tear_wait_us=107790 tear_sync=0 frame_reused=0 pass=1
[12:41:49] TINYDRAW_LIVE_STRESS operations=1000 samples=20000 total_us=479292 average_us=479 maximum_us=1075 free_psram=1987924 largest_psram=1966080
[12:41:49] TINYDRAW_LIVE_PRESENT kind=gate_fallback zoom=100 x=0 y=0 compose_us=26237 scroll_us=0 exposed_compose_us=0 chrome_us=7702 read_submit_us=67243 read_complete_us=68854 transfer_wait_us=18850 tile_pixels=0 uniform_pixels=0 overview_pixels=0 fallback_pixels=164864 resident_tiles=0 fallback_tiles=42 pushes=11 tear_wait_us=39751 tear_sync=0 frame_reused=0 pass=1
[12:41:50] TINYDRAW_GATE1_HARD zoom=100 cold=1 operations=1000 samples=20000 steps=192 tiles=42 scanned=12000 rendered=1659 max_supertask_us=9553 presentation_us=70712 total_us=275782 pass=1
[12:41:50] TINYDRAW_PANEL_TE_HEAL paged=1 sent=1 high=0/34 edges_delta=0 isr_reinstall=0 falling_edges=0
[12:41:50] TINYDRAW_LIVE_PRESENT kind=gate_fallback zoom=400 x=0 y=0 compose_us=25589 scroll_us=0 exposed_compose_us=0 chrome_us=7647 read_submit_us=133858 read_complete_us=135466 transfer_wait_us=18897 tile_pixels=0 uniform_pixels=0 overview_pixels=0 fallback_pixels=164864 resident_tiles=0 fallback_tiles=42 pushes=11 tear_wait_us=107070 tear_sync=0 frame_reused=0 pass=1
[12:41:50] TINYDRAW_GATE1_HARD zoom=400 cold=1 operations=1000 samples=20000 steps=196 tiles=42 scanned=12000 rendered=120 max_supertask_us=8843 presentation_us=67399 total_us=210513 pass=1
[12:41:50] TINYDRAW_OVERLAP_WORKLOAD operations=8 samples=1200 radius_world=80
[12:41:51] TINYDRAW_GATE1_PACED_COLD corpus=overlap zoom=50 x=215 y=255 steps=334 tiles=56 compute_us=375507 present_us=85429 touch_us=995 pacing_us=9047 wall_us=470978 max_tick_us=10489 touch_samples=2522 touch_interval_max_us=1924 touch_read_max_us=596 touch_events=0 touch_down=0 touch_up=0 touch_events_ge_8ms=0 touch_event_age_max_us=0 touch_errors=0 touch_overflows=0 pass=1
[12:41:51] TINYDRAW_PANEL_TE_HEAL paged=1 sent=1 high=0/34 edges_delta=0 isr_reinstall=0 falling_edges=0
[12:41:51] TINYDRAW_GATE1_PACED_COLD corpus=overlap zoom=100 x=583 y=703 steps=172 tiles=48 compute_us=235118 present_us=82345 touch_us=660 pacing_us=6720 wall_us=324843 max_tick_us=10023 touch_samples=509 touch_interval_max_us=1134 touch_read_max_us=415 touch_events=0 touch_down=0 touch_up=0 touch_events_ge_8ms=0 touch_event_age_max_us=0 touch_errors=0 touch_overflows=0 pass=1
[12:41:52] TINYDRAW_GATE1_PACED_COLD corpus=overlap zoom=200 x=1319 y=1599 steps=128 tiles=56 compute_us=238354 present_us=79795 touch_us=603 pacing_us=4739 wall_us=323491 max_tick_us=9849 touch_samples=442 touch_interval_max_us=1165 touch_read_max_us=459 touch_events=0 touch_down=0 touch_up=0 touch_events_ge_8ms=0 touch_event_age_max_us=0 touch_errors=0 touch_overflows=0 pass=1
[12:41:52] TINYDRAW_GATE1_PACED_COLD corpus=overlap zoom=400 x=2791 y=3391 steps=94 tiles=56 compute_us=224526 present_us=80840 touch_us=559 pacing_us=4602 wall_us=310527 max_tick_us=10125 touch_samples=429 touch_interval_max_us=1163 touch_read_max_us=469 touch_events=0 touch_down=0 touch_up=0 touch_events_ge_8ms=0 touch_event_age_max_us=0 touch_errors=0 touch_overflows=0 pass=1
[12:41:53] TINYDRAW_ADVERSARIAL_TAPERED_WORKLOAD operations=128 samples=4096 erasers=12 load_us=218919 appended=1
[12:41:53] TINYDRAW_PANEL_TE_HEAL paged=1 sent=1 high=0/34 edges_delta=0 isr_reinstall=0 falling_edges=0
[12:41:53] TINYDRAW_GATE1_PACED_COLD corpus=adversarial_tapered_4x zoom=50 x=0 y=0 steps=104 tiles=42 compute_us=95274 present_us=63416 touch_us=416 pacing_us=4939 wall_us=164045 max_tick_us=8649 touch_samples=606 touch_interval_max_us=1133 touch_read_max_us=418 touch_events=0 touch_down=0 touch_up=0 touch_events_ge_8ms=0 touch_event_age_max_us=0 touch_errors=0 touch_overflows=0 pass=1
[12:41:53] TINYDRAW_GATE1_PACED_COLD corpus=adversarial_tapered_4x zoom=100 x=0 y=0 steps=348 tiles=42 compute_us=157128 present_us=62067 touch_us=602 pacing_us=5971 wall_us=225768 max_tick_us=8642 touch_samples=343 touch_interval_max_us=1135 touch_read_max_us=402 touch_events=0 touch_down=0 touch_up=0 touch_events_ge_8ms=0 touch_event_age_max_us=0 touch_errors=0 touch_overflows=0 pass=1
[12:41:54] TINYDRAW_GATE1_PACED_COLD corpus=adversarial_tapered_4x zoom=200 x=0 y=0 steps=1214 tiles=42 compute_us=435605 present_us=65697 touch_us=1336 pacing_us=16300 wall_us=518938 max_tick_us=9885 touch_samples=635 touch_interval_max_us=1100 touch_read_max_us=383 touch_events=0 touch_down=0 touch_up=0 touch_events_ge_8ms=0 touch_event_age_max_us=0 touch_errors=0 touch_overflows=0 pass=1
[12:41:54] TINYDRAW_PANEL_TE_HEAL paged=1 sent=1 high=0/34 edges_delta=0 isr_reinstall=0 falling_edges=0
[12:41:55] TINYDRAW_GATE1_PACED_COLD corpus=adversarial_tapered_4x zoom=400 x=0 y=0 steps=904 tiles=42 compute_us=542618 present_us=67046 touch_us=1450 pacing_us=16001 wall_us=627115 max_tick_us=10379 touch_samples=812 touch_interval_max_us=1150 touch_read_max_us=421 touch_events=0 touch_down=0 touch_up=0 touch_events_ge_8ms=0 touch_event_age_max_us=0 touch_errors=0 touch_overflows=0 pass=1
[12:41:55] TINYDRAW_GATE1_WORKLOAD kind=realistic seed=7 operations=1000 samples=19844 maximum_stroke=198 load_us=381173 raw_source=1 lod_copies=0
[12:41:55] TINYDRAW_PANEL_TE_HEAL paged=1 sent=1 high=0/34 edges_delta=0 isr_reinstall=0 falling_edges=0
[12:41:56] TINYDRAW_GATE1_PACED_COLD corpus=seed7 zoom=400 x=63 y=63 steps=281 tiles=56 compute_us=276308 present_us=81698 touch_us=694 pacing_us=8272 wall_us=366972 max_tick_us=12797 touch_samples=1046 touch_interval_max_us=1883 touch_read_max_us=488 touch_events=0 touch_down=0 touch_up=0 touch_events_ge_8ms=0 touch_event_age_max_us=0 touch_errors=0 touch_overflows=0 pass=1
[12:41:58] TINYDRAW_LIVE_PRESENT kind=gate_fallback zoom=100 x=0 y=0 compose_us=26579 scroll_us=0 exposed_compose_us=0 chrome_us=7716 read_submit_us=66926 read_complete_us=68534 transfer_wait_us=18839 tile_pixels=0 uniform_pixels=0 overview_pixels=0 fallback_pixels=164864 resident_tiles=0 fallback_tiles=42 pushes=11 tear_wait_us=39095 tear_sync=0 frame_reused=0 pass=1
[12:41:58] TINYDRAW_GATE1_HARD zoom=100 cold=1 operations=1000 samples=19844 steps=275 tiles=42 scanned=12000 rendered=5232 max_supertask_us=9726 presentation_us=69868 total_us=377921 pass=1
[12:41:58] TINYDRAW_PANEL_TE_HEAL paged=1 sent=1 high=0/34 edges_delta=0 isr_reinstall=0 falling_edges=0
[12:41:58] TINYDRAW_GATE1_LIVE_OVERLAY clear_updates=47 clear_wall_max_us=3177 clear_submit_max_us=2260 clear_complete_max_us=2302 overlay_updates=26 overlay_wall_max_us=2925 overlay_submit_max_us=2350 overlay_complete_max_us=2383 overlay_chrome_max_us=0 clear_failures=0 overlay_failures=0 pass=1
[12:41:58] TINYDRAW_EDGE_INK corners=4 edge_failures=0 pass=1
[12:41:58] TINYDRAW_PANEL_TE_HEAL paged=1 sent=1 high=0/34 edges_delta=0 isr_reinstall=0 falling_edges=0
[12:41:58] TINYDRAW_GATE1_PAN zoom=100 from_x=0 from_y=0 to_x=88 to_y=88 compose_us=28814 scroll_us=0 exposed_compose_us=0 chrome_us=7652 event_submit_us=158939 event_complete_us=160546 transfer_us=18884 setup=1 present=1 moved=1 frame_reused=0 pass=0
[12:41:58] TINYDRAW_LIVE_PRESENT kind=gate_fallback zoom=400 x=0 y=0 compose_us=25715 scroll_us=0 exposed_compose_us=0 chrome_us=7650 read_submit_us=66433 read_complete_us=68049 transfer_wait_us=18862 tile_pixels=0 uniform_pixels=0 overview_pixels=0 fallback_pixels=164864 resident_tiles=0 fallback_tiles=42 pushes=11 tear_wait_us=39463 tear_sync=0 frame_reused=0 pass=1
[12:41:58] ESP-ROM:esp32s3-20210327
[12:41:58] Build:Mar 27 2021
[12:41:58] rst:0x15 (USB_UART_CHIP_RESET),boot:0x2b (SPI_FAST_FLASH_BOOT)
[12:41:58] Saved PC:0x4202cc12
[12:41:58] SPIWP:0xee
[12:41:58] mode:DIO, clock div:1
[12:41:58] load:0x3fce2820,len:0x1664
[12:41:58] load:0x403c8700,len:0xf38
[12:41:58] load:0x403cb700,len:0x31e8
[12:41:58] entry 0x403c8930
[12:41:58] I (24) boot: ESP-IDF v6.0.2 2nd stage bootloader
[12:41:58] I (24) boot: compile time Aug 15 2026 12:38:36
[12:41:58] I (25) boot: Multicore bootloader
[12:41:58] I (25) boot: chip revision: v0.2
[12:41:58] I (28) boot: efuse block revision: v1.3
[12:41:58] I (31) qio_mode: Enabling default flash chip QIO
[12:41:58] I (36) boot.esp32s3: Boot SPI Speed : 80MHz
[12:41:58] I (39) boot.esp32s3: SPI Mode       : QIO
[12:41:58] I (43) boot.esp32s3: SPI Flash Size : 16MB
[12:41:58] I (47) boot: Enabling RNG early entropy source...
[12:41:58] I (51) boot: Partition Table:
[12:41:58] I (54) boot: ## Label            Usage          Type ST Offset   Length
[12:41:58] I (60) boot:  0 nvs              WiFi data        01 02 00009000 00006000
[12:41:58] I (67) boot:  1 phy_init         RF data          01 01 0000f000 00001000
[12:41:58] I (73) boot:  2 factory          factory app      00 00 00010000 00100000
[12:41:58] I (80) boot:  3 drawing          Unknown data     01 40 00110000 00300000
[12:41:58] I (86) boot:  4 export           Unknown data     01 41 00410000 00500000
[12:41:58] I (93) boot:  5 coredump         Unknown data     01 03 00910000 00010000
[12:41:58] I (100) boot: End of partition table
[12:41:58] I (103) esp_image: segment 0: paddr=00010020 vaddr=3c050020 size=1427ch ( 82556) map
[12:41:58] I (123) esp_image: segment 1: paddr=000242a4 vaddr=3fc94500 size=03764h ( 14180) load
[12:41:58] I (126) esp_image: segment 2: paddr=00027a10 vaddr=40374000 size=08608h ( 34312) load
[12:41:58] I (134) esp_image: segment 3: paddr=00030020 vaddr=42000020 size=476e0h (292576) map
[12:41:58] I (180) esp_image: segment 4: paddr=00077708 vaddr=4037c608 size=07e54h ( 32340) load
[12:41:58] I (187) esp_image: segment 5: paddr=0007f564 vaddr=50000000 size=00024h (    36) load
[12:41:58] I (194) boot: Loaded app from partition at offset 0x10000
[12:41:58] I (194) boot: Disabling RNG early entropy source...
[12:41:58] I (205) octal_psram: vendor id    : 0x0d (AP)
[12:41:58] I (205) octal_psram: dev id       : 0x02 (generation 3)
[12:41:58] I (205) octal_psram: density      : 0x03 (64 Mbit)
[12:41:58] I (207) octal_psram: good-die     : 0x01 (Pass)
[12:41:58] I (212) octal_psram: Latency      : 0x01 (Fixed)
[12:41:58] I (216) octal_psram: VCC          : 0x01 (3V)
[12:41:58] I (220) octal_psram: SRF          : 0x01 (Fast Refresh)
[12:41:58] I (225) octal_psram: BurstType    : 0x01 (Hybrid Wrap)
[12:41:58] I (230) octal_psram: BurstLen     : 0x01 (32 Byte)
[12:41:58] I (234) octal_psram: Readlatency  : 0x02 (10 cycles@Fixed)
[12:41:58] I (240) octal_psram: DriveStrength: 0x00 (1/1)
[12:41:58] I (244) MSPI Timing: Enter psram timing tuning
[12:41:58] I (249) esp_psram: Found 8MB PSRAM device
[12:41:58] I (252) esp_psram: Speed: 80MHz
[12:41:58] I (255) cpu_start: Multicore app
[12:41:59] I (671) esp_psram: SPI SRAM memory test OK
[12:41:59] I (679) cpu_start: GPIO 44 and 43 are used as console UART I/O pins
[12:41:59] I (679) cpu_start: Pro cpu start user code
[12:41:59] I (679) cpu_start: cpu freq: 240000000 Hz
[12:41:59] I (681) app_init: Application information:
[12:41:59] I (685) app_init: Project name:     tinydraw_esp32
[12:41:59] I (689) app_init: App version:      c86f3ac
[12:41:59] I (693) app_init: Compile time:     Aug 15 2026 12:38:30
[12:41:59] I (698) app_init: ELF file SHA256:  603c6763f...
[12:41:59] I (703) app_init: ESP-IDF:          v6.0.2
[12:41:59] I (707) efuse_init: Min chip rev:     v0.0
[12:41:59] I (710) efuse_init: Max chip rev:     v0.99 
[12:41:59] I (714) efuse_init: Chip rev:         v0.2
[12:41:59] I (718) heap_init: Initializing. RAM available for dynamic allocation:
[12:41:59] I (724) heap_init: At 3FC99090 len 00050680 (321 KiB): RAM
[12:41:59] I (730) heap_init: At 3FCE9710 len 00005724 (21 KiB): RAM
[12:41:59] I (735) heap_init: At 3FCF0000 len 00008000 (32 KiB): DRAM
[12:41:59] I (740) heap_init: At 600FE000 len 00001FE8 (7 KiB): RTCRAM
[12:41:59] I (745) esp_psram: Adding pool of 8192K of PSRAM memory to heap allocator
[12:41:59] I (752) spi_flash: detected chip: generic
[12:41:59] I (755) spi_flash: flash io: qio
[12:41:59] I (759) sleep_gpio: Configure to isolate all GPIO pins in sleep state
[12:41:59] I (765) sleep_gpio: Enable automatic switching of GPIO sleep configuration
[12:41:59] I (772) main_task: Started on CPU0
[12:41:59] I (775) main_task: Calling app_main()
[12:41:59] TINYDRAW_PANEL_HARD_RESET=0
[12:41:59] I (972) co5300: version: 2.1.0
[12:41:59] I (973) co5300_spi: LCD panel create success, version: 2.1.0
[12:41:59] W (1053) co5300_spi: The 3Ah command has been used and will be overwritten by external initialization sequence
[12:41:59] I (1154) CST816S: IC id: 183
[12:41:59] TINYDRAW_LIVE_PRESENT kind=startup zoom=25 x=0 y=0 compose_us=36458 scroll_us=0 exposed_compose_us=0 chrome_us=7948 read_submit_us=0 read_complete_us=0 transfer_wait_us=18421 tile_pixels=0 uniform_pixels=0 overview_pixels=164864 fallback_pixels=0 resident_tiles=0 fallback_tiles=0 pushes=11 tear_wait_us=6158 tear_sync=1 frame_reused=0 pass=1
[12:42:00] TINYDRAW_LIVE_STRESS operations=1000 samples=20000 total_us=482666 average_us=482 maximum_us=1160 free_psram=1987924 largest_psram=1966080
[12:42:00] TINYDRAW_LIVE_PRESENT kind=gate_fallback zoom=100 x=0 y=0 compose_us=26275 scroll_us=0 exposed_compose_us=0 chrome_us=7711 read_submit_us=41568 read_complete_us=43168 transfer_wait_us=18342 tile_pixels=0 uniform_pixels=0 overview_pixels=0 fallback_pixels=164864 resident_tiles=0 fallback_tiles=42 pushes=11 tear_wait_us=14069 tear_sync=1 frame_reused=0 pass=1
[12:42:00] TINYDRAW_GATE1_HARD zoom=100 cold=1 operations=1000 samples=20000 steps=192 tiles=42 scanned=12000 rendered=1659 max_supertask_us=9638 presentation_us=70274 total_us=275880 pass=1
[12:42:00] TINYDRAW_LIVE_PRESENT kind=gate_fallback zoom=400 x=0 y=0 compose_us=25662 scroll_us=0 exposed_compose_us=0 chrome_us=7708 read_submit_us=40731 read_complete_us=42338 transfer_wait_us=18896 tile_pixels=0 uniform_pixels=0 overview_pixels=0 fallback_pixels=164864 resident_tiles=0 fallback_tiles=42 pushes=11 tear_wait_us=13824 tear_sync=1 frame_reused=0 pass=1
[12:42:00] TINYDRAW_GATE1_HARD zoom=400 cold=1 operations=1000 samples=20000 steps=196 tiles=42 scanned=12000 rendered=120 max_supertask_us=8877 presentation_us=68437 total_us=211822 pass=1
[12:42:01] TINYDRAW_OVERLAP_WORKLOAD operations=8 samples=1200 radius_world=80
[12:42:01] TINYDRAW_GATE1_PACED_COLD corpus=overlap zoom=50 x=215 y=255 steps=334 tiles=56 compute_us=376212 present_us=86143 touch_us=1026 pacing_us=8139 wall_us=471520 max_tick_us=10482 touch_samples=2271 touch_interval_max_us=1867 touch_read_max_us=595 touch_events=0 touch_down=0 touch_up=0 touch_events_ge_8ms=0 touch_event_age_max_us=0 touch_errors=0 touch_overflows=0 pass=1
[12:42:02] TINYDRAW_GATE1_PACED_COLD corpus=overlap zoom=100 x=583 y=703 steps=172 tiles=48 compute_us=235731 present_us=82014 touch_us=671 pacing_us=6414 wall_us=324830 max_tick_us=10024 touch_samples=406 touch_interval_max_us=1733 touch_read_max_us=547 touch_events=0 touch_down=0 touch_up=0 touch_events_ge_8ms=0 touch_event_age_max_us=0 touch_errors=0 touch_overflows=0 pass=1
[12:42:02] TINYDRAW_GATE1_PACED_COLD corpus=overlap zoom=200 x=1319 y=1599 steps=128 tiles=56 compute_us=238654 present_us=80527 touch_us=610 pacing_us=4697 wall_us=324488 max_tick_us=9872 touch_samples=420 touch_interval_max_us=1175 touch_read_max_us=468 touch_events=0 touch_down=0 touch_up=0 touch_events_ge_8ms=0 touch_event_age_max_us=0 touch_errors=0 touch_overflows=0 pass=1
[12:42:03] TINYDRAW_GATE1_PACED_COLD corpus=overlap zoom=400 x=2791 y=3391 steps=94 tiles=56 compute_us=225123 present_us=83317 touch_us=573 pacing_us=4494 wall_us=313507 max_tick_us=10144 touch_samples=392 touch_interval_max_us=1144 touch_read_max_us=442 touch_events=0 touch_down=0 touch_up=0 touch_events_ge_8ms=0 touch_event_age_max_us=0 touch_errors=0 touch_overflows=0 pass=1
[12:42:03] TINYDRAW_ADVERSARIAL_TAPERED_WORKLOAD operations=128 samples=4096 erasers=12 load_us=219754 appended=1
[12:42:03] TINYDRAW_GATE1_PACED_COLD corpus=adversarial_tapered_4x zoom=50 x=0 y=0 steps=104 tiles=42 compute_us=95585 present_us=63423 touch_us=409 pacing_us=4635 wall_us=164052 max_tick_us=8637 touch_samples=506 touch_interval_max_us=1117 touch_read_max_us=410 touch_events=0 touch_down=0 touch_up=0 touch_events_ge_8ms=0 touch_event_age_max_us=0 touch_errors=0 touch_overflows=0 pass=1
[12:42:03] TINYDRAW_GATE1_PACED_COLD corpus=adversarial_tapered_4x zoom=100 x=0 y=0 steps=348 tiles=42 compute_us=157150 present_us=62140 touch_us=616 pacing_us=5868 wall_us=225774 max_tick_us=8654 touch_samples=313 touch_interval_max_us=1144 touch_read_max_us=415 touch_events=0 touch_down=0 touch_up=0 touch_events_ge_8ms=0 touch_event_age_max_us=0 touch_errors=0 touch_overflows=0 pass=1
[12:42:05] TINYDRAW_GATE1_PACED_COLD corpus=adversarial_tapered_4x zoom=200 x=0 y=0 steps=1214 tiles=42 compute_us=436887 present_us=65124 touch_us=1318 pacing_us=16614 wall_us=519943 max_tick_us=8946 touch_samples=613 touch_interval_max_us=1141 touch_read_max_us=428 touch_events=0 touch_down=0 touch_up=0 touch_events_ge_8ms=0 touch_event_age_max_us=0 touch_errors=0 touch_overflows=0 pass=1
[12:42:05] TINYDRAW_GATE1_PACED_COLD corpus=adversarial_tapered_4x zoom=400 x=0 y=0 steps=904 tiles=42 compute_us=543644 present_us=66654 touch_us=1456 pacing_us=14734 wall_us=626488 max_tick_us=10424 touch_samples=710 touch_interval_max_us=1135 touch_read_max_us=444 touch_events=0 touch_down=0 touch_up=0 touch_events_ge_8ms=0 touch_event_age_max_us=0 touch_errors=0 touch_overflows=0 pass=1
[12:42:05] TINYDRAW_GATE1_WORKLOAD kind=realistic seed=7 operations=1000 samples=19844 maximum_stroke=198 load_us=374792 raw_source=1 lod_copies=0
[12:42:06] TINYDRAW_GATE1_PACED_COLD corpus=seed7 zoom=400 x=63 y=63 steps=281 tiles=56 compute_us=276744 present_us=80266 touch_us=709 pacing_us=8247 wall_us=365966 max_tick_us=12831 touch_samples=948 touch_interval_max_us=1922 touch_read_max_us=487 touch_events=0 touch_down=0 touch_up=0 touch_events_ge_8ms=0 touch_event_age_max_us=0 touch_errors=0 touch_overflows=0 pass=1
[12:42:08] TINYDRAW_LIVE_PRESENT kind=gate_fallback zoom=100 x=0 y=0 compose_us=26628 scroll_us=0 exposed_compose_us=0 chrome_us=7734 read_submit_us=40951 read_complete_us=42558 transfer_wait_us=18901 tile_pixels=0 uniform_pixels=0 overview_pixels=0 fallback_pixels=164864 resident_tiles=0 fallback_tiles=42 pushes=11 tear_wait_us=13071 tear_sync=1 frame_reused=0 pass=1
[12:42:08] TINYDRAW_GATE1_HARD zoom=100 cold=1 operations=1000 samples=19844 steps=275 tiles=42 scanned=12000 rendered=5232 max_supertask_us=9744 presentation_us=69313 total_us=377935 pass=1
[12:42:08] TINYDRAW_GATE1_LIVE_OVERLAY clear_updates=47 clear_wall_max_us=2935 clear_submit_max_us=2171 clear_complete_max_us=2213 overlay_updates=26 overlay_wall_max_us=2927 overlay_submit_max_us=2369 overlay_complete_max_us=2403 overlay_chrome_max_us=0 clear_failures=0 overlay_failures=0 pass=1
[12:42:08] TINYDRAW_EDGE_INK corners=4 edge_failures=0 pass=1
[12:42:08] TINYDRAW_GATE1_PAN zoom=100 from_x=0 from_y=0 to_x=88 to_y=88 compose_us=21911 scroll_us=13 exposed_compose_us=21898 chrome_us=0 event_submit_us=27100 event_complete_us=28711 transfer_us=24398 setup=1 present=1 moved=1 frame_reused=1 pass=1
[12:42:08] TINYDRAW_LIVE_PRESENT kind=gate_fallback zoom=400 x=0 y=0 compose_us=25828 scroll_us=0 exposed_compose_us=0 chrome_us=7656 read_submit_us=31770 read_complete_us=33375 transfer_wait_us=18271 tile_pixels=0 uniform_pixels=0 overview_pixels=0 fallback_pixels=164864 resident_tiles=0 fallback_tiles=42 pushes=11 tear_wait_us=4715 tear_sync=1 frame_reused=0 pass=1
[12:42:08] TINYDRAW_GATE1_HARD zoom=400 cold=1 operations=1004 samples=19848 steps=217 tiles=42 scanned=12048 rendered=592 max_supertask_us=11166 presentation_us=68048 total_us=269420 pass=1
[12:42:08] ESP-ROM:esp32s3-20210327
[12:42:08] Build:Mar 27 2021
[12:42:08] rst:0x15 (USB_UART_CHIP_RESET),boot:0x2b (SPI_FAST_FLASH_BOOT)
[12:42:08] Saved PC:0x4202936a
[12:42:08] SPIWP:0xee
[12:42:08] mode:DIO, clock div:1
[12:42:08] load:0x3fce2820,len:0x1664
[12:42:08] load:0x403c8700,len:0xf38
[12:42:08] load:0x403cb700,len:0x31e8
[12:42:08] entry 0x403c8930
[12:42:08] I (24) boot: ESP-IDF v6.0.2 2nd stage bootloader
[12:42:08] I (24) boot: compile time Aug 15 2026 12:38:36
[12:42:08] I (25) boot: Multicore bootloader
[12:42:08] I (25) boot: chip revision: v0.2
[12:42:08] I (28) boot: efuse block revision: v1.3
[12:42:08] I (31) qio_mode: Enabling default flash chip QIO
[12:42:08] I (36) boot.esp32s3: Boot SPI Speed : 80MHz
[12:42:08] I (39) boot.esp32s3: SPI Mode       : QIO
[12:42:08] I (43) boot.esp32s3: SPI Flash Size : 16MB
[12:42:08] I (47) boot: Enabling RNG early entropy source...
[12:42:08] I (51) boot: Partition Table:
[12:42:08] I (54) boot: ## Label            Usage          Type ST Offset   Length
[12:42:08] I (60) boot:  0 nvs              WiFi data        01 02 00009000 00006000
[12:42:08] I (67) boot:  1 phy_init         RF data          01 01 0000f000 00001000
[12:42:08] I (73) boot:  2 factory          factory app      00 00 00010000 00100000
[12:42:08] I (80) boot:  3 drawing          Unknown data     01 40 00110000 00300000
[12:42:08] I (86) boot:  4 export           Unknown data     01 41 00410000 00500000
[12:42:08] I (93) boot:  5 coredump         Unknown data     01 03 00910000 00010000
[12:42:08] I (100) boot: End of partition table
[12:42:08] I (103) esp_image: segment 0: paddr=00010020 vaddr=3c050020 size=1427ch ( 82556) map
[12:42:08] I (123) esp_image: segment 1: paddr=000242a4 vaddr=3fc94500 size=03764h ( 14180) load
[12:42:08] I (126) esp_image: segment 2: paddr=00027a10 vaddr=40374000 size=08608h ( 34312) load
[12:42:08] I (134) esp_image: segment 3: paddr=00030020 vaddr=42000020 size=476e0h (292576) map
[12:42:08] I (180) esp_image: segment 4: paddr=00077708 vaddr=4037c608 size=07e54h ( 32340) load
[12:42:08] I (187) esp_image: segment 5: paddr=0007f564 vaddr=50000000 size=00024h (    36) load
[12:42:08] I (194) boot: Loaded app from partition at offset 0x10000
[12:42:08] I (194) boot: Disabling RNG early entropy source...
[12:42:08] I (205) octal_psram: vendor id    : 0x0d (AP)
[12:42:08] I (205) octal_psram: dev id       : 0x02 (generation 3)
[12:42:08] I (205) octal_psram: density      : 0x03 (64 Mbit)
[12:42:08] I (207) octal_psram: good-die     : 0x01 (Pass)
[12:42:08] I (212) octal_psram: Latency      : 0x01 (Fixed)
[12:42:08] I (216) octal_psram: VCC          : 0x01 (3V)
[12:42:08] I (220) octal_psram: SRF          : 0x01 (Fast Refresh)
[12:42:08] I (225) octal_psram: BurstType    : 0x01 (Hybrid Wrap)
[12:42:08] I (230) octal_psram: BurstLen     : 0x01 (32 Byte)
[12:42:08] I (234) octal_psram: Readlatency  : 0x02 (10 cycles@Fixed)
[12:42:08] I (240) octal_psram: DriveStrength: 0x00 (1/1)
[12:42:08] I (244) MSPI Timing: Enter psram timing tuning
[12:42:08] I (249) esp_psram: Found 8MB PSRAM device
[12:42:08] I (252) esp_psram: Speed: 80MHz
[12:42:08] I (255) cpu_start: Multicore app
[12:42:08] I (671) esp_psram: SPI SRAM memory test OK
[12:42:08] I (679) cpu_start: GPIO 44 and 43 are used as console UART I/O pins
[12:42:08] I (679) cpu_start: Pro cpu start user code
[12:42:08] I (679) cpu_start: cpu freq: 240000000 Hz
[12:42:08] I (681) app_init: Application information:
[12:42:08] I (685) app_init: Project name:     tinydraw_esp32
[12:42:08] I (689) app_init: App version:      c86f3ac
[12:42:08] I (693) app_init: Compile time:     Aug 15 2026 12:38:30
[12:42:08] I (698) app_init: ELF file SHA256:  603c6763f...
[12:42:08] I (703) app_init: ESP-IDF:          v6.0.2
[12:42:09] I (707) efuse_init: Min chip rev:     v0.0
[12:42:09] I (710) efuse_init: Max chip rev:     v0.99 
[12:42:09] I (714) efuse_init: Chip rev:         v0.2
[12:42:09] I (718) heap_init: Initializing. RAM available for dynamic allocation:
[12:42:09] I (724) heap_init: At 3FC99090 len 00050680 (321 KiB): RAM
[12:42:09] I (730) heap_init: At 3FCE9710 len 00005724 (21 KiB): RAM
[12:42:09] I (735) heap_init: At 3FCF0000 len 00008000 (32 KiB): DRAM
[12:42:09] I (740) heap_init: At 600FE000 len 00001FE8 (7 KiB): RTCRAM
[12:42:09] I (745) esp_psram: Adding pool of 8192K of PSRAM memory to heap allocator
[12:42:09] I (752) spi_flash: detected chip: generic
[12:42:09] I (755) spi_flash: flash io: qio
[12:42:09] I (759) sleep_gpio: Configure to isolate all GPIO pins in sleep state
[12:42:09] I (765) sleep_gpio: Enable automatic switching of GPIO sleep configuration
[12:42:09] I (772) main_task: Started on CPU0
[12:42:09] I (775) main_task: Calling app_main()
[12:42:09] TINYDRAW_PANEL_HARD_RESET=1
[12:42:09] I (972) co5300: version: 2.1.0
[12:42:09] I (973) co5300_spi: LCD panel create success, version: 2.1.0
[12:42:09] W (1053) co5300_spi: The 3Ah command has been used and will be overwritten by external initialization sequence
[12:42:09] I (1154) CST816S: IC id: 183
[12:42:09] TINYDRAW_LIVE_PRESENT kind=startup zoom=25 x=0 y=0 compose_us=36452 scroll_us=0 exposed_compose_us=0 chrome_us=7939 read_submit_us=0 read_complete_us=0 transfer_wait_us=18640 tile_pixels=0 uniform_pixels=0 overview_pixels=164864 fallback_pixels=0 resident_tiles=0 fallback_tiles=0 pushes=11 tear_wait_us=5973 tear_sync=1 frame_reused=0 pass=1
[12:42:10] TINYDRAW_LIVE_STRESS operations=1000 samples=20000 total_us=483094 average_us=483 maximum_us=1155 free_psram=1987924 largest_psram=1966080
[12:42:10] TINYDRAW_LIVE_PRESENT kind=gate_fallback zoom=100 x=0 y=0 compose_us=26350 scroll_us=0 exposed_compose_us=0 chrome_us=7745 read_submit_us=40594 read_complete_us=42202 transfer_wait_us=17939 tile_pixels=0 uniform_pixels=0 overview_pixels=0 fallback_pixels=164864 resident_tiles=0 fallback_tiles=42 pushes=11 tear_wait_us=12997 tear_sync=1 frame_reused=0 pass=1
[12:42:10] TINYDRAW_GATE1_HARD zoom=100 cold=1 operations=1000 samples=20000 steps=192 tiles=42 scanned=12000 rendered=1659 max_supertask_us=9622 presentation_us=70193 total_us=275943 pass=1
[12:42:10] TINYDRAW_LIVE_PRESENT kind=gate_fallback zoom=400 x=0 y=0 compose_us=25644 scroll_us=0 exposed_compose_us=0 chrome_us=7673 read_submit_us=41040 read_complete_us=42648 transfer_wait_us=18535 tile_pixels=0 uniform_pixels=0 overview_pixels=0 fallback_pixels=164864 resident_tiles=0 fallback_tiles=42 pushes=11 tear_wait_us=14165 tear_sync=1 frame_reused=0 pass=1
[12:42:10] TINYDRAW_GATE1_HARD zoom=400 cold=1 operations=1000 samples=20000 steps=196 tiles=42 scanned=12000 rendered=120 max_supertask_us=8872 presentation_us=68323 total_us=211834 pass=1
[12:42:11] TINYDRAW_OVERLAP_WORKLOAD operations=8 samples=1200 radius_world=80
[12:42:11] TINYDRAW_GATE1_PACED_COLD corpus=overlap zoom=50 x=215 y=255 steps=334 tiles=56 compute_us=376316 present_us=85040 touch_us=1016 pacing_us=8595 wall_us=470967 max_tick_us=10473 touch_samples=2270 touch_interval_max_us=1856 touch_read_max_us=597 touch_events=0 touch_down=0 touch_up=0 touch_events_ge_8ms=0 touch_event_age_max_us=0 touch_errors=0 touch_overflows=0 pass=1
[12:42:12] TINYDRAW_GATE1_PACED_COLD corpus=overlap zoom=100 x=583 y=703 steps=172 tiles=48 compute_us=235514 present_us=82174 touch_us=671 pacing_us=6474 wall_us=324833 max_tick_us=10024 touch_samples=408 touch_interval_max_us=1132 touch_read_max_us=418 touch_events=0 touch_down=0 touch_up=0 touch_events_ge_8ms=0 touch_event_age_max_us=0 touch_errors=0 touch_overflows=0 pass=1
[12:42:12] TINYDRAW_GATE1_PACED_COLD corpus=overlap zoom=200 x=1319 y=1599 steps=128 tiles=56 compute_us=238699 present_us=80484 touch_us=630 pacing_us=4674 wall_us=324487 max_tick_us=9863 touch_samples=420 touch_interval_max_us=1164 touch_read_max_us=459 touch_events=0 touch_down=0 touch_up=0 touch_events_ge_8ms=0 touch_event_age_max_us=0 touch_errors=0 touch_overflows=0 pass=1
[12:42:13] TINYDRAW_GATE1_PACED_COLD corpus=overlap zoom=400 x=2791 y=3391 steps=94 tiles=56 compute_us=225132 present_us=82284 touch_us=560 pacing_us=4522 wall_us=312498 max_tick_us=10125 touch_samples=408 touch_interval_max_us=1132 touch_read_max_us=431 touch_events=0 touch_down=0 touch_up=0 touch_events_ge_8ms=0 touch_event_age_max_us=0 touch_errors=0 touch_overflows=0 pass=1
[12:42:13] TINYDRAW_ADVERSARIAL_TAPERED_WORKLOAD operations=128 samples=4096 erasers=12 load_us=219549 appended=1
[12:42:13] TINYDRAW_GATE1_PACED_COLD corpus=adversarial_tapered_4x zoom=50 x=0 y=0 steps=104 tiles=42 compute_us=95633 present_us=63336 touch_us=434 pacing_us=4632 wall_us=164035 max_tick_us=8640 touch_samples=507 touch_interval_max_us=1123 touch_read_max_us=390 touch_events=0 touch_down=0 touch_up=0 touch_events_ge_8ms=0 touch_event_age_max_us=0 touch_errors=0 touch_overflows=0 pass=1
[12:42:13] TINYDRAW_GATE1_PACED_COLD corpus=adversarial_tapered_4x zoom=100 x=0 y=0 steps=348 tiles=42 compute_us=157308 present_us=61822 touch_us=592 pacing_us=6053 wall_us=225775 max_tick_us=8646 touch_samples=313 touch_interval_max_us=1144 touch_read_max_us=414 touch_events=0 touch_down=0 touch_up=0 touch_events_ge_8ms=0 touch_event_age_max_us=0 touch_errors=0 touch_overflows=0 pass=1
[12:42:14] TINYDRAW_GATE1_PACED_COLD corpus=adversarial_tapered_4x zoom=200 x=0 y=0 steps=1214 tiles=42 compute_us=436527 present_us=65277 touch_us=1348 pacing_us=15790 wall_us=518942 max_tick_us=10261 touch_samples=612 touch_interval_max_us=1123 touch_read_max_us=404 touch_events=0 touch_down=0 touch_up=0 touch_events_ge_8ms=0 touch_event_age_max_us=0 touch_errors=0 touch_overflows=0 pass=1
[12:42:15] TINYDRAW_GATE1_PACED_COLD corpus=adversarial_tapered_4x zoom=400 x=0 y=0 steps=904 tiles=42 compute_us=543082 present_us=66164 touch_us=1436 pacing_us=14731 wall_us=625413 max_tick_us=10406 touch_samples=711 touch_interval_max_us=1144 touch_read_max_us=443 touch_events=0 touch_down=0 touch_up=0 touch_events_ge_8ms=0 touch_event_age_max_us=0 touch_errors=0 touch_overflows=0 pass=1
[12:42:15] TINYDRAW_GATE1_WORKLOAD kind=realistic seed=7 operations=1000 samples=19844 maximum_stroke=198 load_us=375344 raw_source=1 lod_copies=0
[12:42:16] TINYDRAW_GATE1_PACED_COLD corpus=seed7 zoom=400 x=63 y=63 steps=281 tiles=56 compute_us=276955 present_us=82083 touch_us=689 pacing_us=8259 wall_us=367986 max_tick_us=12895 touch_samples=951 touch_interval_max_us=1899 touch_read_max_us=506 touch_events=0 touch_down=0 touch_up=0 touch_events_ge_8ms=0 touch_event_age_max_us=0 touch_errors=0 touch_overflows=0 pass=1
[12:42:18] TINYDRAW_LIVE_PRESENT kind=gate_fallback zoom=100 x=0 y=0 compose_us=26661 scroll_us=0 exposed_compose_us=0 chrome_us=7752 read_submit_us=38517 read_complete_us=40118 transfer_wait_us=18329 tile_pixels=0 uniform_pixels=0 overview_pixels=0 fallback_pixels=164864 resident_tiles=0 fallback_tiles=42 pushes=11 tear_wait_us=10635 tear_sync=1 frame_reused=0 pass=1
[12:42:18] TINYDRAW_GATE1_HARD zoom=100 cold=1 operations=1000 samples=19844 steps=275 tiles=42 scanned=12000 rendered=5232 max_supertask_us=9745 presentation_us=69317 total_us=378009 pass=1
[12:42:18] TINYDRAW_GATE1_LIVE_OVERLAY clear_updates=47 clear_wall_max_us=2935 clear_submit_max_us=2172 clear_complete_max_us=2214 overlay_updates=26 overlay_wall_max_us=2923 overlay_submit_max_us=2360 overlay_complete_max_us=2394 overlay_chrome_max_us=0 clear_failures=0 overlay_failures=0 pass=1
[12:42:18] TINYDRAW_EDGE_INK corners=4 edge_failures=0 pass=1
[12:42:18] TINYDRAW_GATE1_PAN zoom=100 from_x=0 from_y=0 to_x=88 to_y=88 compose_us=21906 scroll_us=13 exposed_compose_us=21893 chrome_us=0 event_submit_us=27693 event_complete_us=29304 transfer_us=24417 setup=1 present=1 moved=1 frame_reused=1 pass=1
[12:42:18] TINYDRAW_LIVE_PRESENT kind=gate_fallback zoom=400 x=0 y=0 compose_us=25743 scroll_us=0 exposed_compose_us=0 chrome_us=7618 read_submit_us=31789 read_complete_us=33398 transfer_wait_us=18582 tile_pixels=0 uniform_pixels=0 overview_pixels=0 fallback_pixels=164864 resident_tiles=0 fallback_tiles=42 pushes=11 tear_wait_us=4802 tear_sync=1 frame_reused=0 pass=1
[12:42:18] TINYDRAW_GATE1_HARD zoom=400 cold=1 operations=1004 samples=19848 steps=217 tiles=42 scanned=12048 rendered=592 max_supertask_us=11159 presentation_us=68033 total_us=269381 pass=1
[12:42:18] ESP-ROM:esp32s3-20210327
[12:42:18] Build:Mar 27 2021
[12:42:18] rst:0x15 (USB_UART_CHIP_RESET),boot:0x2b (SPI_FAST_FLASH_BOOT)
[12:42:18] Saved PC:0x42029350
[12:42:18] SPIWP:0xee
[12:42:18] mode:DIO, clock div:1
[12:42:18] load:0x3fce2820,len:0x1664
[12:42:18] load:0x403c8700,len:0xf38
[12:42:18] load:0x403cb700,len:0x31e8
[12:42:18] entry 0x403c8930
[12:42:18] I (24) boot: ESP-IDF v6.0.2 2nd stage bootloader
[12:42:18] I (24) boot: compile time Aug 15 2026 12:38:36
[12:42:18] I (25) boot: Multicore bootloader
[12:42:18] I (25) boot: chip revision: v0.2
[12:42:18] I (28) boot: efuse block revision: v1.3
[12:42:18] I (31) qio_mode: Enabling default flash chip QIO
[12:42:18] I (36) boot.esp32s3: Boot SPI Speed : 80MHz
[12:42:18] I (39) boot.esp32s3: SPI Mode       : QIO
[12:42:18] I (43) boot.esp32s3: SPI Flash Size : 16MB
[12:42:18] I (47) boot: Enabling RNG early entropy source...
[12:42:18] I (51) boot: Partition Table:
[12:42:18] I (54) boot: ## Label            Usage          Type ST Offset   Length
[12:42:18] I (60) boot:  0 nvs              WiFi data        01 02 00009000 00006000
[12:42:18] I (67) boot:  1 phy_init         RF data          01 01 0000f000 00001000
[12:42:18] I (73) boot:  2 factory          factory app      00 00 00010000 00100000
[12:42:18] I (80) boot:  3 drawing          Unknown data     01 40 00110000 00300000
[12:42:18] I (86) boot:  4 export           Unknown data     01 41 00410000 00500000
[12:42:18] I (93) boot:  5 coredump         Unknown data     01 03 00910000 00010000
[12:42:18] I (100) boot: End of partition table
[12:42:18] I (103) esp_image: segment 0: paddr=00010020 vaddr=3c050020 size=1427ch ( 82556) map
[12:42:18] I (123) esp_image: segment 1: paddr=000242a4 vaddr=3fc94500 size=03764h ( 14180) load
[12:42:18] I (126) esp_image: segment 2: paddr=00027a10 vaddr=40374000 size=08608h ( 34312) load
[12:42:18] I (134) esp_image: segment 3: paddr=00030020 vaddr=42000020 size=476e0h (292576) map
[12:42:18] I (180) esp_image: segment 4: paddr=00077708 vaddr=4037c608 size=07e54h ( 32340) load
[12:42:18] I (187) esp_image: segment 5: paddr=0007f564 vaddr=50000000 size=00024h (    36) load
[12:42:18] I (194) boot: Loaded app from partition at offset 0x10000
[12:42:18] I (194) boot: Disabling RNG early entropy source...
[12:42:18] I (205) octal_psram: vendor id    : 0x0d (AP)
[12:42:18] I (205) octal_psram: dev id       : 0x02 (generation 3)
[12:42:18] I (205) octal_psram: density      : 0x03 (64 Mbit)
[12:42:18] I (207) octal_psram: good-die     : 0x01 (Pass)
[12:42:18] I (212) octal_psram: Latency      : 0x01 (Fixed)
[12:42:18] I (216) octal_psram: VCC          : 0x01 (3V)
[12:42:18] I (220) octal_psram: SRF          : 0x01 (Fast Refresh)
[12:42:18] I (225) octal_psram: BurstType    : 0x01 (Hybrid Wrap)
[12:42:18] I (230) octal_psram: BurstLen     : 0x01 (32 Byte)
[12:42:18] I (234) octal_psram: Readlatency  : 0x02 (10 cycles@Fixed)
[12:42:18] I (240) octal_psram: DriveStrength: 0x00 (1/1)
[12:42:18] I (244) MSPI Timing: Enter psram timing tuning
[12:42:18] I (249) esp_psram: Found 8MB PSRAM device
[12:42:18] I (252) esp_psram: Speed: 80MHz
[12:42:18] I (255) cpu_start: Multicore app
[12:42:18] I (671) esp_psram: SPI SRAM memory test OK
[12:42:18] I (679) cpu_start: GPIO 44 and 43 are used as console UART I/O pins
[12:42:18] I (679) cpu_start: Pro cpu start user code
[12:42:18] I (679) cpu_start: cpu freq: 240000000 Hz
[12:42:18] I (681) app_init: Application information:
[12:42:18] I (685) app_init: Project name:     tinydraw_esp32
[12:42:18] I (689) app_init: App version:      c86f3ac
[12:42:18] I (693) app_init: Compile time:     Aug 15 2026 12:38:30
[12:42:18] I (698) app_init: ELF file SHA256:  603c6763f...
[12:42:18] I (703) app_init: ESP-IDF:          v6.0.2
[12:42:18] I (707) efuse_init: Min chip rev:     v0.0
[12:42:19] I (710) efuse_init: Max chip rev:     v0.99 
[12:42:19] I (714) efuse_init: Chip rev:         v0.2
[12:42:19] I (718) heap_init: Initializing. RAM available for dynamic allocation:
[12:42:19] I (724) heap_init: At 3FC99090 len 00050680 (321 KiB): RAM
[12:42:19] I (730) heap_init: At 3FCE9710 len 00005724 (21 KiB): RAM
[12:42:19] I (735) heap_init: At 3FCF0000 len 00008000 (32 KiB): DRAM
[12:42:19] I (740) heap_init: At 600FE000 len 00001FE8 (7 KiB): RTCRAM
[12:42:19] I (745) esp_psram: Adding pool of 8192K of PSRAM memory to heap allocator
[12:42:19] I (752) spi_flash: detected chip: generic
[12:42:19] I (755) spi_flash: flash io: qio
[12:42:19] I (759) sleep_gpio: Configure to isolate all GPIO pins in sleep state
[12:42:19] I (765) sleep_gpio: Enable automatic switching of GPIO sleep configuration
[12:42:19] I (772) main_task: Started on CPU0
[12:42:19] I (775) main_task: Calling app_main()
[12:42:19] TINYDRAW_PANEL_HARD_RESET=1
[12:42:19] I (972) co5300: version: 2.1.0
[12:42:19] I (973) co5300_spi: LCD panel create success, version: 2.1.0
[12:42:19] W (1053) co5300_spi: The 3Ah command has been used and will be overwritten by external initialization sequence
[12:42:19] I (1154) CST816S: IC id: 183
[12:42:19] TINYDRAW_LIVE_PRESENT kind=startup zoom=25 x=0 y=0 compose_us=36451 scroll_us=0 exposed_compose_us=0 chrome_us=7939 read_submit_us=0 read_complete_us=0 transfer_wait_us=18400 tile_pixels=0 uniform_pixels=0 overview_pixels=164864 fallback_pixels=0 resident_tiles=0 fallback_tiles=0 pushes=11 tear_wait_us=6190 tear_sync=1 frame_reused=0 pass=1
[12:42:20] TINYDRAW_LIVE_STRESS operations=1000 samples=20000 total_us=479263 average_us=479 maximum_us=1164 free_psram=1987924 largest_psram=1966080
[12:42:20] TINYDRAW_LIVE_PRESENT kind=gate_fallback zoom=100 x=0 y=0 compose_us=26372 scroll_us=0 exposed_compose_us=0 chrome_us=7764 read_submit_us=28406 read_complete_us=30013 transfer_wait_us=18894 tile_pixels=0 uniform_pixels=0 overview_pixels=0 fallback_pixels=164864 resident_tiles=0 fallback_tiles=42 pushes=11 tear_wait_us=789 tear_sync=1 frame_reused=0 pass=1
[12:42:20] TINYDRAW_GATE1_HARD zoom=100 cold=1 operations=1000 samples=20000 steps=192 tiles=42 scanned=12000 rendered=1659 max_supertask_us=9685 presentation_us=71458 total_us=277038 pass=1
[12:42:20] TINYDRAW_LIVE_PRESENT kind=gate_fallback zoom=400 x=0 y=0 compose_us=25689 scroll_us=0 exposed_compose_us=0 chrome_us=7701 read_submit_us=39494 read_complete_us=41101 transfer_wait_us=18205 tile_pixels=0 uniform_pixels=0 overview_pixels=0 fallback_pixels=164864 resident_tiles=0 fallback_tiles=42 pushes=11 tear_wait_us=12578 tear_sync=1 frame_reused=0 pass=1
[12:42:20] TINYDRAW_GATE1_HARD zoom=400 cold=1 operations=1000 samples=20000 steps=196 tiles=42 scanned=12000 rendered=120 max_supertask_us=8887 presentation_us=68385 total_us=211836 pass=1
[12:42:21] TINYDRAW_OVERLAP_WORKLOAD operations=8 samples=1200 radius_world=80
[12:42:21] TINYDRAW_GATE1_PACED_COLD corpus=overlap zoom=50 x=215 y=255 steps=334 tiles=56 compute_us=375931 present_us=85199 touch_us=1059 pacing_us=8331 wall_us=470520 max_tick_us=10533 touch_samples=2254 touch_interval_max_us=1855 touch_read_max_us=597 touch_events=0 touch_down=0 touch_up=0 touch_events_ge_8ms=0 touch_event_age_max_us=0 touch_errors=0 touch_overflows=0 pass=1
[12:42:22] TINYDRAW_GATE1_PACED_COLD corpus=overlap zoom=100 x=583 y=703 steps=172 tiles=48 compute_us=235639 present_us=82031 touch_us=673 pacing_us=6491 wall_us=324834 max_tick_us=10023 touch_samples=407 touch_interval_max_us=1757 touch_read_max_us=531 touch_events=0 touch_down=0 touch_up=0 touch_events_ge_8ms=0 touch_event_age_max_us=0 touch_errors=0 touch_overflows=0 pass=1
[12:42:22] TINYDRAW_GATE1_PACED_COLD corpus=overlap zoom=200 x=1319 y=1599 steps=128 tiles=56 compute_us=238573 present_us=80587 touch_us=628 pacing_us=4709 wall_us=324497 max_tick_us=9858 touch_samples=420 touch_interval_max_us=1185 touch_read_max_us=475 touch_events=0 touch_down=0 touch_up=0 touch_events_ge_8ms=0 touch_event_age_max_us=0 touch_errors=0 touch_overflows=0 pass=1
[12:42:22] TINYDRAW_GATE1_PACED_COLD corpus=overlap zoom=400 x=2791 y=3391 steps=94 tiles=56 compute_us=225174 present_us=82249 touch_us=557 pacing_us=4525 wall_us=312505 max_tick_us=10134 touch_samples=391 touch_interval_max_us=1143 touch_read_max_us=412 touch_events=0 touch_down=0 touch_up=0 touch_events_ge_8ms=0 touch_event_age_max_us=0 touch_errors=0 touch_overflows=0 pass=1
[12:42:23] TINYDRAW_ADVERSARIAL_TAPERED_WORKLOAD operations=128 samples=4096 erasers=12 load_us=219977 appended=1
[12:42:23] TINYDRAW_GATE1_PACED_COLD corpus=adversarial_tapered_4x zoom=50 x=0 y=0 steps=104 tiles=42 compute_us=95433 present_us=63389 touch_us=409 pacing_us=4829 wall_us=164060 max_tick_us=8635 touch_samples=507 touch_interval_max_us=1120 touch_read_max_us=396 touch_events=0 touch_down=0 touch_up=0 touch_events_ge_8ms=0 touch_event_age_max_us=0 touch_errors=0 touch_overflows=0 pass=1
[12:42:23] TINYDRAW_GATE1_PACED_COLD corpus=adversarial_tapered_4x zoom=100 x=0 y=0 steps=348 tiles=42 compute_us=157310 present_us=61818 touch_us=595 pacing_us=6049 wall_us=225772 max_tick_us=8641 touch_samples=313 touch_interval_max_us=1147 touch_read_max_us=414 touch_events=0 touch_down=0 touch_up=0 touch_events_ge_8ms=0 touch_event_age_max_us=0 touch_errors=0 touch_overflows=0 pass=1
[12:42:24] TINYDRAW_GATE1_PACED_COLD corpus=adversarial_tapered_4x zoom=200 x=0 y=0 steps=1214 tiles=42 compute_us=437337 present_us=65446 touch_us=1342 pacing_us=15812 wall_us=519937 max_tick_us=10291 touch_samples=613 touch_interval_max_us=1131 touch_read_max_us=399 touch_events=0 touch_down=0 touch_up=0 touch_events_ge_8ms=0 touch_event_age_max_us=0 touch_errors=0 touch_overflows=0 pass=1
[12:42:25] TINYDRAW_GATE1_PACED_COLD corpus=adversarial_tapered_4x zoom=400 x=0 y=0 steps=904 tiles=42 compute_us=544156 present_us=68053 touch_us=1430 pacing_us=14541 wall_us=628180 max_tick_us=10415 touch_samples=713 touch_interval_max_us=1145 touch_read_max_us=418 touch_events=0 touch_down=0 touch_up=0 touch_events_ge_8ms=0 touch_event_age_max_us=0 touch_errors=0 touch_overflows=0 pass=1
[12:42:25] TINYDRAW_GATE1_WORKLOAD kind=realistic seed=7 operations=1000 samples=19844 maximum_stroke=198 load_us=377708 raw_source=1 lod_copies=0
[12:42:25] TINYDRAW_GATE1_PACED_COLD corpus=seed7 zoom=400 x=63 y=63 steps=281 tiles=56 compute_us=276912 present_us=80121 touch_us=695 pacing_us=8247 wall_us=365975 max_tick_us=12816 touch_samples=947 touch_interval_max_us=1492 touch_read_max_us=476 touch_events=0 touch_down=0 touch_up=0 touch_events_ge_8ms=0 touch_event_age_max_us=0 touch_errors=0 touch_overflows=0 pass=1
[12:42:28] TINYDRAW_LIVE_PRESENT kind=gate_fallback zoom=100 x=0 y=0 compose_us=26649 scroll_us=0 exposed_compose_us=0 chrome_us=7744 read_submit_us=40980 read_complete_us=42587 transfer_wait_us=18873 tile_pixels=0 uniform_pixels=0 overview_pixels=0 fallback_pixels=164864 resident_tiles=0 fallback_tiles=42 pushes=11 tear_wait_us=13084 tear_sync=1 frame_reused=0 pass=1
[12:42:28] TINYDRAW_GATE1_HARD zoom=100 cold=1 operations=1000 samples=19844 steps=275 tiles=42 scanned=12000 rendered=5232 max_supertask_us=9761 presentation_us=69257 total_us=378185 pass=1
[12:42:28] TINYDRAW_GATE1_LIVE_OVERLAY clear_updates=47 clear_wall_max_us=2935 clear_submit_max_us=2169 clear_complete_max_us=2212 overlay_updates=26 overlay_wall_max_us=2926 overlay_submit_max_us=2370 overlay_complete_max_us=2405 overlay_chrome_max_us=0 clear_failures=0 overlay_failures=0 pass=1
[12:42:28] TINYDRAW_EDGE_INK corners=4 edge_failures=0 pass=1
[12:42:28] TINYDRAW_GATE1_PAN zoom=100 from_x=0 from_y=0 to_x=88 to_y=88 compose_us=21888 scroll_us=13 exposed_compose_us=21875 chrome_us=0 event_submit_us=27495 event_complete_us=29104 transfer_us=24447 setup=1 present=1 moved=1 frame_reused=1 pass=1
[12:42:28] TINYDRAW_LIVE_PRESENT kind=gate_fallback zoom=400 x=0 y=0 compose_us=25697 scroll_us=0 exposed_compose_us=0 chrome_us=7605 read_submit_us=31734 read_complete_us=33341 transfer_wait_us=18867 tile_pixels=0 uniform_pixels=0 overview_pixels=0 fallback_pixels=164864 resident_tiles=0 fallback_tiles=42 pushes=11 tear_wait_us=4798 tear_sync=1 frame_reused=0 pass=1
[12:42:28] TINYDRAW_GATE1_HARD zoom=400 cold=1 operations=1004 samples=19848 steps=217 tiles=42 scanned=12048 rendered=592 max_supertask_us=11162 presentation_us=68108 total_us=269390 pass=1
[12:42:28] ESP-ROM:esp32s3-20210327
[12:42:28] Build:Mar 27 2021
[12:42:28] rst:0x15 (USB_UART_CHIP_RESET),boot:0x2b (SPI_FAST_FLASH_BOOT)
[12:42:28] Saved PC:0x40056f50
[12:42:28] SPIWP:0xee
[12:42:28] mode:DIO, clock div:1
[12:42:28] load:0x3fce2820,len:0x1664
[12:42:28] load:0x403c8700,len:0xf38
[12:42:28] load:0x403cb700,len:0x31e8
[12:42:28] entry 0x403c8930
[12:42:28] I (24) boot: ESP-IDF v6.0.2 2nd stage bootloader
[12:42:28] I (24) boot: compile time Aug 15 2026 12:38:36
[12:42:28] I (25) boot: Multicore bootloader
[12:42:28] I (25) boot: chip revision: v0.2
[12:42:28] I (28) boot: efuse block revision: v1.3
[12:42:28] I (31) qio_mode: Enabling default flash chip QIO
[12:42:28] I (36) boot.esp32s3: Boot SPI Speed : 80MHz
[12:42:28] I (39) boot.esp32s3: SPI Mode       : QIO
[12:42:28] I (43) boot.esp32s3: SPI Flash Size : 16MB
[12:42:28] I (47) boot: Enabling RNG early entropy source...
[12:42:28] I (51) boot: Partition Table:
[12:42:28] I (54) boot: ## Label            Usage          Type ST Offset   Length
[12:42:28] I (60) boot:  0 nvs              WiFi data        01 02 00009000 00006000
[12:42:28] I (67) boot:  1 phy_init         RF data          01 01 0000f000 00001000
[12:42:28] I (73) boot:  2 factory          factory app      00 00 00010000 00100000
[12:42:28] I (80) boot:  3 drawing          Unknown data     01 40 00110000 00300000
[12:42:28] I (86) boot:  4 export           Unknown data     01 41 00410000 00500000
[12:42:28] I (93) boot:  5 coredump         Unknown data     01 03 00910000 00010000
[12:42:28] I (100) boot: End of partition table
[12:42:28] I (103) esp_image: segment 0: paddr=00010020 vaddr=3c050020 size=1427ch ( 82556) map
[12:42:28] I (123) esp_image: segment 1: paddr=000242a4 vaddr=3fc94500 size=03764h ( 14180) load
[12:42:28] I (126) esp_image: segment 2: paddr=00027a10 vaddr=40374000 size=08608h ( 34312) load
[12:42:28] I (134) esp_image: segment 3: paddr=00030020 vaddr=42000020 size=476e0h (292576) map
[12:42:28] I (180) esp_image: segment 4: paddr=00077708 vaddr=4037c608 size=07e54h ( 32340) load
[12:42:28] I (187) esp_image: segment 5: paddr=0007f564 vaddr=50000000 size=00024h (    36) load
[12:42:28] I (194) boot: Loaded app from partition at offset 0x10000
[12:42:28] I (194) boot: Disabling RNG early entropy source...
[12:42:28] I (205) octal_psram: vendor id    : 0x0d (AP)
[12:42:28] I (205) octal_psram: dev id       : 0x02 (generation 3)
[12:42:28] I (205) octal_psram: density      : 0x03 (64 Mbit)
[12:42:28] I (207) octal_psram: good-die     : 0x01 (Pass)
[12:42:28] I (212) octal_psram: Latency      : 0x01 (Fixed)
[12:42:28] I (216) octal_psram: VCC          : 0x01 (3V)
[12:42:28] I (220) octal_psram: SRF          : 0x01 (Fast Refresh)
[12:42:28] I (225) octal_psram: BurstType    : 0x01 (Hybrid Wrap)
[12:42:28] I (230) octal_psram: BurstLen     : 0x01 (32 Byte)
[12:42:28] I (234) octal_psram: Readlatency  : 0x02 (10 cycles@Fixed)
[12:42:28] I (240) octal_psram: DriveStrength: 0x00 (1/1)
[12:42:28] I (244) MSPI Timing: Enter psram timing tuning
[12:42:28] I (249) esp_psram: Found 8MB PSRAM device
[12:42:28] I (252) esp_psram: Speed: 80MHz
[12:42:28] I (255) cpu_start: Multicore app
[12:42:28] I (671) esp_psram: SPI SRAM memory test OK
[12:42:28] I (679) cpu_start: GPIO 44 and 43 are used as console UART I/O pins
[12:42:28] I (679) cpu_start: Pro cpu start user code
[12:42:28] I (679) cpu_start: cpu freq: 240000000 Hz
[12:42:28] I (681) app_init: Application information:
[12:42:28] I (685) app_init: Project name:     tinydraw_esp32
[12:42:28] I (689) app_init: App version:      c86f3ac
[12:42:28] I (693) app_init: Compile time:     Aug 15 2026 12:38:30
[12:42:28] I (698) app_init: ELF file SHA256:  603c6763f...
[12:42:28] I (703) app_init: ESP-IDF:          v6.0.2
[12:42:28] I (707) efuse_init: Min chip rev:     v0.0
[12:42:29] I (710) efuse_init: Max chip rev:     v0.99 
[12:42:29] I (714) efuse_init: Chip rev:         v0.2
[12:42:29] I (718) heap_init: Initializing. RAM available for dynamic allocation:
[12:42:29] I (724) heap_init: At 3FC99090 len 00050680 (321 KiB): RAM
[12:42:29] I (730) heap_init: At 3FCE9710 len 00005724 (21 KiB): RAM
[12:42:29] I (735) heap_init: At 3FCF0000 len 00008000 (32 KiB): DRAM
[12:42:29] I (740) heap_init: At 600FE000 len 00001FE8 (7 KiB): RTCRAM
[12:42:29] I (745) esp_psram: Adding pool of 8192K of PSRAM memory to heap allocator
[12:42:29] I (752) spi_flash: detected chip: generic
[12:42:29] I (755) spi_flash: flash io: qio
[12:42:29] I (759) sleep_gpio: Configure to isolate all GPIO pins in sleep state
[12:42:29] I (765) sleep_gpio: Enable automatic switching of GPIO sleep configuration
[12:42:29] I (772) main_task: Started on CPU0
[12:42:29] I (775) main_task: Calling app_main()
[12:42:29] TINYDRAW_PANEL_HARD_RESET=1
[12:42:29] I (972) co5300: version: 2.1.0
[12:42:29] I (973) co5300_spi: LCD panel create success, version: 2.1.0
[12:42:29] W (1053) co5300_spi: The 3Ah command has been used and will be overwritten by external initialization sequence
[12:42:29] I (1154) CST816S: IC id: 183
[12:42:29] TINYDRAW_LIVE_PRESENT kind=startup zoom=25 x=0 y=0 compose_us=36450 scroll_us=0 exposed_compose_us=0 chrome_us=7939 read_submit_us=0 read_complete_us=0 transfer_wait_us=18480 tile_pixels=0 uniform_pixels=0 overview_pixels=164864 fallback_pixels=0 resident_tiles=0 fallback_tiles=0 pushes=11 tear_wait_us=6127 tear_sync=1 frame_reused=0 pass=1
[12:42:30] TINYDRAW_LIVE_STRESS operations=1000 samples=20000 total_us=482384 average_us=482 maximum_us=1162 free_psram=1987924 largest_psram=1966080
[12:42:30] TINYDRAW_LIVE_PRESENT kind=gate_fallback zoom=100 x=0 y=0 compose_us=26349 scroll_us=0 exposed_compose_us=0 chrome_us=7715 read_submit_us=41565 read_complete_us=43172 transfer_wait_us=18571 tile_pixels=0 uniform_pixels=0 overview_pixels=0 fallback_pixels=164864 resident_tiles=0 fallback_tiles=42 pushes=11 tear_wait_us=13950 tear_sync=1 frame_reused=0 pass=1
[12:42:30] TINYDRAW_GATE1_HARD zoom=100 cold=1 operations=1000 samples=20000 steps=192 tiles=42 scanned=12000 rendered=1659 max_supertask_us=9610 presentation_us=70309 total_us=275890 pass=1
[12:42:30] TINYDRAW_LIVE_PRESENT kind=gate_fallback zoom=400 x=0 y=0 compose_us=25656 scroll_us=0 exposed_compose_us=0 chrome_us=7709 read_submit_us=40538 read_complete_us=42145 transfer_wait_us=18106 tile_pixels=0 uniform_pixels=0 overview_pixels=0 fallback_pixels=164864 resident_tiles=0 fallback_tiles=42 pushes=11 tear_wait_us=13628 tear_sync=1 frame_reused=0 pass=1
[12:42:30] TINYDRAW_GATE1_HARD zoom=400 cold=1 operations=1000 samples=20000 steps=196 tiles=42 scanned=12000 rendered=120 max_supertask_us=8870 presentation_us=68435 total_us=211880 pass=1
[12:42:31] TINYDRAW_OVERLAP_WORKLOAD operations=8 samples=1200 radius_world=80
[12:42:31] TINYDRAW_GATE1_PACED_COLD corpus=overlap zoom=50 x=215 y=255 steps=334 tiles=56 compute_us=376284 present_us=86024 touch_us=1046 pacing_us=8148 wall_us=471502 max_tick_us=10478 touch_samples=2271 touch_interval_max_us=1875 touch_read_max_us=597 touch_events=0 touch_down=0 touch_up=0 touch_events_ge_8ms=0 touch_event_age_max_us=0 touch_errors=0 touch_overflows=0 pass=1
[12:42:32] TINYDRAW_GATE1_PACED_COLD corpus=overlap zoom=100 x=583 y=703 steps=172 tiles=48 compute_us=235594 present_us=82130 touch_us=682 pacing_us=6416 wall_us=324822 max_tick_us=10024 touch_samples=406 touch_interval_max_us=1749 touch_read_max_us=537 touch_events=0 touch_down=0 touch_up=0 touch_events_ge_8ms=0 touch_event_age_max_us=0 touch_errors=0 touch_overflows=0 pass=1
[12:42:32] TINYDRAW_GATE1_PACED_COLD corpus=overlap zoom=200 x=1319 y=1599 steps=128 tiles=56 compute_us=238657 present_us=80537 touch_us=624 pacing_us=4674 wall_us=324492 max_tick_us=9849 touch_samples=420 touch_interval_max_us=1175 touch_read_max_us=469 touch_events=0 touch_down=0 touch_up=0 touch_events_ge_8ms=0 touch_event_age_max_us=0 touch_errors=0 touch_overflows=0 pass=1
[12:42:32] TINYDRAW_GATE1_PACED_COLD corpus=overlap zoom=400 x=2791 y=3391 steps=94 tiles=56 compute_us=225093 present_us=83287 touch_us=568 pacing_us=4542 wall_us=313490 max_tick_us=10126 touch_samples=408 touch_interval_max_us=1133 touch_read_max_us=421 touch_events=0 touch_down=0 touch_up=0 touch_events_ge_8ms=0 touch_event_age_max_us=0 touch_errors=0 touch_overflows=0 pass=1
[12:42:33] TINYDRAW_ADVERSARIAL_TAPERED_WORKLOAD operations=128 samples=4096 erasers=12 load_us=219369 appended=1
[12:42:33] TINYDRAW_GATE1_PACED_COLD corpus=adversarial_tapered_4x zoom=50 x=0 y=0 steps=104 tiles=42 compute_us=95282 present_us=63370 touch_us=421 pacing_us=4964 wall_us=164037 max_tick_us=8643 touch_samples=507 touch_interval_max_us=1131 touch_read_max_us=399 touch_events=0 touch_down=0 touch_up=0 touch_events_ge_8ms=0 touch_event_age_max_us=0 touch_errors=0 touch_overflows=0 pass=1
[12:42:33] TINYDRAW_GATE1_PACED_COLD corpus=adversarial_tapered_4x zoom=100 x=0 y=0 steps=348 tiles=42 compute_us=157245 present_us=62008 touch_us=585 pacing_us=5883 wall_us=225721 max_tick_us=8641 touch_samples=312 touch_interval_max_us=1133 touch_read_max_us=405 touch_events=0 touch_down=0 touch_up=0 touch_events_ge_8ms=0 touch_event_age_max_us=0 touch_errors=0 touch_overflows=0 pass=1
[12:42:35] TINYDRAW_GATE1_PACED_COLD corpus=adversarial_tapered_4x zoom=200 x=0 y=0 steps=1214 tiles=42 compute_us=436789 present_us=65591 touch_us=1314 pacing_us=16240 wall_us=519934 max_tick_us=8937 touch_samples=597 touch_interval_max_us=1127 touch_read_max_us=406 touch_events=0 touch_down=0 touch_up=0 touch_events_ge_8ms=0 touch_event_age_max_us=0 touch_errors=0 touch_overflows=0 pass=1
[12:42:35] TINYDRAW_GATE1_PACED_COLD corpus=adversarial_tapered_4x zoom=400 x=0 y=0 steps=904 tiles=42 compute_us=543609 present_us=68127 touch_us=1462 pacing_us=14939 wall_us=628137 max_tick_us=10380 touch_samples=712 touch_interval_max_us=1154 touch_read_max_us=429 touch_events=0 touch_down=0 touch_up=0 touch_events_ge_8ms=0 touch_event_age_max_us=0 touch_errors=0 touch_overflows=0 pass=1
[12:42:35] TINYDRAW_GATE1_WORKLOAD kind=realistic seed=7 operations=1000 samples=19844 maximum_stroke=198 load_us=380599 raw_source=1 lod_copies=0
[12:42:35] TINYDRAW_GATE1_PACED_COLD corpus=seed7 zoom=400 x=63 y=63 steps=281 tiles=56 compute_us=276931 present_us=82123 touch_us=688 pacing_us=8244 wall_us=367986 max_tick_us=12824 touch_samples=949 touch_interval_max_us=1135 touch_read_max_us=425 touch_events=0 touch_down=0 touch_up=0 touch_events_ge_8ms=0 touch_event_age_max_us=0 touch_errors=0 touch_overflows=0 pass=1
[12:42:37] TINYDRAW_LIVE_PRESENT kind=gate_fallback zoom=100 x=0 y=0 compose_us=26635 scroll_us=0 exposed_compose_us=0 chrome_us=7741 read_submit_us=39110 read_complete_us=40717 transfer_wait_us=18738 tile_pixels=0 uniform_pixels=0 overview_pixels=0 fallback_pixels=164864 resident_tiles=0 fallback_tiles=42 pushes=11 tear_wait_us=11241 tear_sync=1 frame_reused=0 pass=1
[12:42:37] TINYDRAW_GATE1_HARD zoom=100 cold=1 operations=1000 samples=19844 steps=275 tiles=42 scanned=12000 rendered=5232 max_supertask_us=9729 presentation_us=69241 total_us=377927 pass=1
[12:42:37] TINYDRAW_GATE1_LIVE_OVERLAY clear_updates=47 clear_wall_max_us=2936 clear_submit_max_us=2166 clear_complete_max_us=2208 overlay_updates=26 overlay_wall_max_us=2928 overlay_submit_max_us=2353 overlay_complete_max_us=2386 overlay_chrome_max_us=0 clear_failures=0 overlay_failures=0 pass=1
[12:42:37] TINYDRAW_EDGE_INK corners=4 edge_failures=0 pass=1
[12:42:37] TINYDRAW_GATE1_PAN zoom=100 from_x=0 from_y=0 to_x=88 to_y=88 compose_us=21903 scroll_us=14 exposed_compose_us=21889 chrome_us=0 event_submit_us=27301 event_complete_us=28911 transfer_us=24461 setup=1 present=1 moved=1 frame_reused=1 pass=1
[12:42:37] TINYDRAW_LIVE_PRESENT kind=gate_fallback zoom=400 x=0 y=0 compose_us=25810 scroll_us=0 exposed_compose_us=0 chrome_us=7674 read_submit_us=31785 read_complete_us=33385 transfer_wait_us=17994 tile_pixels=0 uniform_pixels=0 overview_pixels=0 fallback_pixels=164864 resident_tiles=0 fallback_tiles=42 pushes=11 tear_wait_us=4724 tear_sync=1 frame_reused=0 pass=1
[12:42:37] TINYDRAW_GATE1_HARD zoom=400 cold=1 operations=1004 samples=19848 steps=217 tiles=42 scanned=12048 rendered=592 max_supertask_us=11171 presentation_us=68032 total_us=269383 pass=1
[12:42:38] ESP-ROM:esp32s3-20210327
[12:42:38] Build:Mar 27 2021
[12:42:38] rst:0x15 (USB_UART_CHIP_RESET),boot:0x2b (SPI_FAST_FLASH_BOOT)
[12:42:38] Saved PC:0x40056169
[12:42:38] SPIWP:0xee
[12:42:38] mode:DIO, clock div:1
[12:42:38] load:0x3fce2820,len:0x1664
[12:42:38] load:0x403c8700,len:0xf38
[12:42:38] load:0x403cb700,len:0x31e8
[12:42:38] entry 0x403c8930
[12:42:38] I (24) boot: ESP-IDF v6.0.2 2nd stage bootloader
[12:42:38] I (24) boot: compile time Aug 15 2026 12:38:36
[12:42:38] I (25) boot: Multicore bootloader
[12:42:38] I (25) boot: chip revision: v0.2
[12:42:38] I (28) boot: efuse block revision: v1.3
[12:42:38] I (31) qio_mode: Enabling default flash chip QIO
[12:42:38] I (36) boot.esp32s3: Boot SPI Speed : 80MHz
[12:42:38] I (39) boot.esp32s3: SPI Mode       : QIO
[12:42:38] I (43) boot.esp32s3: SPI Flash Size : 16MB
[12:42:38] I (47) boot: Enabling RNG early entropy source...
[12:42:38] I (51) boot: Partition Table:
[12:42:38] I (54) boot: ## Label            Usage          Type ST Offset   Length
[12:42:38] I (60) boot:  0 nvs              WiFi data        01 02 00009000 00006000
[12:42:38] I (67) boot:  1 phy_init         RF data          01 01 0000f000 00001000
[12:42:38] I (73) boot:  2 factory          factory app      00 00 00010000 00100000
[12:42:38] I (80) boot:  3 drawing          Unknown data     01 40 00110000 00300000
[12:42:38] I (86) boot:  4 export           Unknown data     01 41 00410000 00500000
[12:42:38] I (93) boot:  5 coredump         Unknown data     01 03 00910000 00010000
[12:42:38] I (100) boot: End of partition table
[12:42:38] I (103) esp_image: segment 0: paddr=00010020 vaddr=3c050020 size=1427ch ( 82556) map
[12:42:38] I (123) esp_image: segment 1: paddr=000242a4 vaddr=3fc94500 size=03764h ( 14180) load
[12:42:38] I (126) esp_image: segment 2: paddr=00027a10 vaddr=40374000 size=08608h ( 34312) load
[12:42:38] I (134) esp_image: segment 3: paddr=00030020 vaddr=42000020 size=476e0h (292576) map
[12:42:38] I (180) esp_image: segment 4: paddr=00077708 vaddr=4037c608 size=07e54h ( 32340) load
[12:42:38] I (187) esp_image: segment 5: paddr=0007f564 vaddr=50000000 size=00024h (    36) load
[12:42:38] I (194) boot: Loaded app from partition at offset 0x10000
[12:42:38] I (194) boot: Disabling RNG early entropy source...
[12:42:38] I (205) octal_psram: vendor id    : 0x0d (AP)
[12:42:38] I (205) octal_psram: dev id       : 0x02 (generation 3)
[12:42:38] I (205) octal_psram: density      : 0x03 (64 Mbit)
[12:42:38] I (207) octal_psram: good-die     : 0x01 (Pass)
[12:42:38] I (212) octal_psram: Latency      : 0x01 (Fixed)
[12:42:38] I (216) octal_psram: VCC          : 0x01 (3V)
[12:42:38] I (220) octal_psram: SRF          : 0x01 (Fast Refresh)
[12:42:38] I (225) octal_psram: BurstType    : 0x01 (Hybrid Wrap)
[12:42:38] I (230) octal_psram: BurstLen     : 0x01 (32 Byte)
[12:42:38] I (234) octal_psram: Readlatency  : 0x02 (10 cycles@Fixed)
[12:42:38] I (240) octal_psram: DriveStrength: 0x00 (1/1)
[12:42:38] I (244) MSPI Timing: Enter psram timing tuning
[12:42:38] I (249) esp_psram: Found 8MB PSRAM device
[12:42:38] I (252) esp_psram: Speed: 80MHz
[12:42:38] I (255) cpu_start: Multicore app
[12:42:38] I (671) esp_psram: SPI SRAM memory test OK
[12:42:38] I (679) cpu_start: GPIO 44 and 43 are used as console UART I/O pins
[12:42:38] I (679) cpu_start: Pro cpu start user code
[12:42:38] I (679) cpu_start: cpu freq: 240000000 Hz
[12:42:38] I (681) app_init: Application information:
[12:42:38] I (685) app_init: Project name:     tinydraw_esp32
[12:42:38] I (689) app_init: App version:      c86f3ac
[12:42:38] I (693) app_init: Compile time:     Aug 15 2026 12:38:30
[12:42:38] I (698) app_init: ELF file SHA256:  603c6763f...
[12:42:38] I (703) app_init: ESP-IDF:          v6.0.2
[12:42:38] I (707) efuse_init: Min chip rev:     v0.0
[12:42:38] I (710) efuse_init: Max chip rev:     v0.99 
[12:42:38] I (714) efuse_init: Chip rev:         v0.2
[12:42:38] I (718) heap_init: Initializing. RAM available for dynamic allocation:
[12:42:38] I (724) heap_init: At 3FC99090 len 00050680 (321 KiB): RAM
[12:42:38] I (730) heap_init: At 3FCE9710 len 00005724 (21 KiB): RAM
[12:42:38] I (735) heap_init: At 3FCF0000 len 00008000 (32 KiB): DRAM
[12:42:38] I (740) heap_init: At 600FE000 len 00001FE8 (7 KiB): RTCRAM
[12:42:38] I (745) esp_psram: Adding pool of 8192K of PSRAM memory to heap allocator
[12:42:38] I (752) spi_flash: detected chip: generic
[12:42:38] I (755) spi_flash: flash io: qio
[12:42:38] I (759) sleep_gpio: Configure to isolate all GPIO pins in sleep state
[12:42:38] I (765) sleep_gpio: Enable automatic switching of GPIO sleep configuration
[12:42:38] I (772) main_task: Started on CPU0
[12:42:38] I (775) main_task: Calling app_main()
[12:42:39] TINYDRAW_PANEL_HARD_RESET=0
[12:42:39] I (972) co5300: version: 2.1.0
[12:42:39] I (973) co5300_spi: LCD panel create success, version: 2.1.0
[12:42:39] W (1053) co5300_spi: The 3Ah command has been used and will be overwritten by external initialization sequence
[12:42:39] I (1154) CST816S: IC id: 183
[12:42:39] TINYDRAW_PANEL_TE_HEAL paged=1 sent=1 high=0/34 edges_delta=0 isr_reinstall=0 falling_edges=0
[12:42:39] TINYDRAW_LIVE_PRESENT kind=startup zoom=25 x=0 y=0 compose_us=36450 scroll_us=0 exposed_compose_us=0 chrome_us=7965 read_submit_us=0 read_complete_us=0 transfer_wait_us=18877 tile_pixels=0 uniform_pixels=0 overview_pixels=164864 fallback_pixels=0 resident_tiles=0 fallback_tiles=0 pushes=11 tear_wait_us=107787 tear_sync=0 frame_reused=0 pass=1
[12:42:39] TINYDRAW_LIVE_STRESS operations=1000 samples=20000 total_us=480439 average_us=480 maximum_us=1079 free_psram=1987924 largest_psram=1966080
[12:42:39] TINYDRAW_LIVE_PRESENT kind=gate_fallback zoom=100 x=0 y=0 compose_us=26253 scroll_us=0 exposed_compose_us=0 chrome_us=7660 read_submit_us=67115 read_complete_us=68724 transfer_wait_us=18855 tile_pixels=0 uniform_pixels=0 overview_pixels=0 fallback_pixels=164864 resident_tiles=0 fallback_tiles=42 pushes=11 tear_wait_us=39629 tear_sync=0 frame_reused=0 pass=1
[12:42:40] TINYDRAW_GATE1_HARD zoom=100 cold=1 operations=1000 samples=20000 steps=192 tiles=42 scanned=12000 rendered=1659 max_supertask_us=9544 presentation_us=70633 total_us=275646 pass=1
[12:42:40] TINYDRAW_PANEL_TE_HEAL paged=1 sent=1 high=0/34 edges_delta=0 isr_reinstall=0 falling_edges=0
[12:42:40] TINYDRAW_LIVE_PRESENT kind=gate_fallback zoom=400 x=0 y=0 compose_us=25593 scroll_us=0 exposed_compose_us=0 chrome_us=7629 read_submit_us=134025 read_complete_us=135631 transfer_wait_us=18891 tile_pixels=0 uniform_pixels=0 overview_pixels=0 fallback_pixels=164864 resident_tiles=0 fallback_tiles=42 pushes=11 tear_wait_us=107219 tear_sync=0 frame_reused=0 pass=1
[12:42:40] TINYDRAW_GATE1_HARD zoom=400 cold=1 operations=1000 samples=20000 steps=196 tiles=42 scanned=12000 rendered=120 max_supertask_us=8830 presentation_us=68433 total_us=211532 pass=1
[12:42:41] TINYDRAW_OVERLAP_WORKLOAD operations=8 samples=1200 radius_world=80
[12:42:41] TINYDRAW_GATE1_PACED_COLD corpus=overlap zoom=50 x=215 y=255 steps=334 tiles=56 compute_us=375295 present_us=85453 touch_us=1009 pacing_us=9223 wall_us=470980 max_tick_us=10519 touch_samples=2524 touch_interval_max_us=1915 touch_read_max_us=597 touch_events=0 touch_down=0 touch_up=0 touch_events_ge_8ms=0 touch_event_age_max_us=0 touch_errors=0 touch_overflows=0 pass=1
[12:42:42] TINYDRAW_PANEL_TE_HEAL paged=1 sent=1 high=0/34 edges_delta=0 isr_reinstall=0 falling_edges=0
[12:42:42] TINYDRAW_GATE1_PACED_COLD corpus=overlap zoom=100 x=583 y=703 steps=172 tiles=48 compute_us=235096 present_us=82357 touch_us=665 pacing_us=6728 wall_us=324846 max_tick_us=10023 touch_samples=509 touch_interval_max_us=1129 touch_read_max_us=414 touch_events=0 touch_down=0 touch_up=0 touch_events_ge_8ms=0 touch_event_age_max_us=0 touch_errors=0 touch_overflows=0 pass=1
[12:42:42] TINYDRAW_GATE1_PACED_COLD corpus=overlap zoom=200 x=1319 y=1599 steps=128 tiles=56 compute_us=238317 present_us=79839 touch_us=627 pacing_us=4710 wall_us=323493 max_tick_us=9845 touch_samples=442 touch_interval_max_us=1150 touch_read_max_us=448 touch_events=0 touch_down=0 touch_up=0 touch_events_ge_8ms=0 touch_event_age_max_us=0 touch_errors=0 touch_overflows=0 pass=1
[12:42:43] TINYDRAW_GATE1_PACED_COLD corpus=overlap zoom=400 x=2791 y=3391 steps=94 tiles=56 compute_us=224436 present_us=80944 touch_us=551 pacing_us=4565 wall_us=310496 max_tick_us=10122 touch_samples=429 touch_interval_max_us=1153 touch_read_max_us=461 touch_events=0 touch_down=0 touch_up=0 touch_events_ge_8ms=0 touch_event_age_max_us=0 touch_errors=0 touch_overflows=0 pass=1
[12:42:43] TINYDRAW_ADVERSARIAL_TAPERED_WORKLOAD operations=128 samples=4096 erasers=12 load_us=219092 appended=1
[12:42:43] TINYDRAW_PANEL_TE_HEAL paged=1 sent=1 high=0/34 edges_delta=0 isr_reinstall=0 falling_edges=0
[12:42:43] TINYDRAW_GATE1_PACED_COLD corpus=adversarial_tapered_4x zoom=50 x=0 y=0 steps=104 tiles=42 compute_us=95233 present_us=63399 touch_us=424 pacing_us=4986 wall_us=164042 max_tick_us=8643 touch_samples=606 touch_interval_max_us=1119 touch_read_max_us=402 touch_events=0 touch_down=0 touch_up=0 touch_events_ge_8ms=0 touch_event_age_max_us=0 touch_errors=0 touch_overflows=0 pass=1
[12:42:44] TINYDRAW_GATE1_PACED_COLD corpus=adversarial_tapered_4x zoom=100 x=0 y=0 steps=348 tiles=42 compute_us=157003 present_us=62077 touch_us=599 pacing_us=6110 wall_us=225789 max_tick_us=8633 touch_samples=343 touch_interval_max_us=1137 touch_read_max_us=409 touch_events=0 touch_down=0 touch_up=0 touch_events_ge_8ms=0 touch_event_age_max_us=0 touch_errors=0 touch_overflows=0 pass=1
[12:42:44] TINYDRAW_GATE1_PACED_COLD corpus=adversarial_tapered_4x zoom=200 x=0 y=0 steps=1214 tiles=42 compute_us=436426 present_us=65674 touch_us=1326 pacing_us=15511 wall_us=518937 max_tick_us=10245 touch_samples=636 touch_interval_max_us=1120 touch_read_max_us=390 touch_events=0 touch_down=0 touch_up=0 touch_events_ge_8ms=0 touch_event_age_max_us=0 touch_errors=0 touch_overflows=0 pass=1
[12:42:45] TINYDRAW_PANEL_TE_HEAL paged=1 sent=1 high=0/34 edges_delta=0 isr_reinstall=0 falling_edges=0
[12:42:46] TINYDRAW_GATE1_PACED_COLD corpus=adversarial_tapered_4x zoom=400 x=0 y=0 steps=904 tiles=42 compute_us=542322 present_us=65996 touch_us=1440 pacing_us=14684 wall_us=624442 max_tick_us=10439 touch_samples=809 touch_interval_max_us=1134 touch_read_max_us=406 touch_events=0 touch_down=0 touch_up=0 touch_events_ge_8ms=0 touch_event_age_max_us=0 touch_errors=0 touch_overflows=0 pass=1
[12:42:46] TINYDRAW_GATE1_WORKLOAD kind=realistic seed=7 operations=1000 samples=19844 maximum_stroke=198 load_us=377409 raw_source=1 lod_copies=0
[12:42:46] TINYDRAW_PANEL_TE_HEAL paged=1 sent=1 high=0/34 edges_delta=0 isr_reinstall=0 falling_edges=0
[12:42:46] TINYDRAW_GATE1_PACED_COLD corpus=seed7 zoom=400 x=63 y=63 steps=281 tiles=56 compute_us=276379 present_us=80605 touch_us=708 pacing_us=8278 wall_us=365970 max_tick_us=12798 touch_samples=1042 touch_interval_max_us=1880 touch_read_max_us=505 touch_events=0 touch_down=0 touch_up=0 touch_events_ge_8ms=0 touch_event_age_max_us=0 touch_errors=0 touch_overflows=0 pass=1
[12:42:48] TINYDRAW_LIVE_PRESENT kind=gate_fallback zoom=100 x=0 y=0 compose_us=26613 scroll_us=0 exposed_compose_us=0 chrome_us=7698 read_submit_us=66910 read_complete_us=68524 transfer_wait_us=18858 tile_pixels=0 uniform_pixels=0 overview_pixels=0 fallback_pixels=164864 resident_tiles=0 fallback_tiles=42 pushes=11 tear_wait_us=39064 tear_sync=0 frame_reused=0 pass=1
[12:42:48] TINYDRAW_GATE1_HARD zoom=100 cold=1 operations=1000 samples=19844 steps=275 tiles=42 scanned=12000 rendered=5232 max_supertask_us=9733 presentation_us=69963 total_us=377934 pass=1
[12:42:48] TINYDRAW_PANEL_TE_HEAL paged=1 sent=1 high=0/34 edges_delta=0 isr_reinstall=0 falling_edges=0
[12:42:48] TINYDRAW_GATE1_LIVE_OVERLAY clear_updates=47 clear_wall_max_us=2935 clear_submit_max_us=2173 clear_complete_max_us=2215 overlay_updates=26 overlay_wall_max_us=2922 overlay_submit_max_us=2364 overlay_complete_max_us=2397 overlay_chrome_max_us=0 clear_failures=0 overlay_failures=0 pass=1
[12:42:48] TINYDRAW_EDGE_INK corners=4 edge_failures=0 pass=1
[12:42:48] TINYDRAW_PANEL_TE_HEAL paged=1 sent=1 high=0/34 edges_delta=0 isr_reinstall=0 falling_edges=0
[12:42:48] TINYDRAW_GATE1_PAN zoom=100 from_x=0 from_y=0 to_x=88 to_y=88 compose_us=28799 scroll_us=0 exposed_compose_us=0 chrome_us=7651 event_submit_us=158925 event_complete_us=160532 transfer_us=18890 setup=1 present=1 moved=1 frame_reused=0 pass=0
[12:42:48] TINYDRAW_LIVE_PRESENT kind=gate_fallback zoom=400 x=0 y=0 compose_us=25709 scroll_us=0 exposed_compose_us=0 chrome_us=7654 read_submit_us=66425 read_complete_us=68034 transfer_wait_us=18867 tile_pixels=0 uniform_pixels=0 overview_pixels=0 fallback_pixels=164864 resident_tiles=0 fallback_tiles=42 pushes=11 tear_wait_us=39466 tear_sync=0 frame_reused=0 pass=1
[12:42:49] ESP-ROM:esp32s3-20210327
[12:42:49] Build:Mar 27 2021
[12:42:49] rst:0x15 (USB_UART_CHIP_RESET),boot:0x2b (SPI_FAST_FLASH_BOOT)
[12:42:49] Saved PC:0x42029408
[12:42:49] SPIWP:0xee
[12:42:49] mode:DIO, clock div:1
[12:42:49] load:0x3fce2820,len:0x1664
[12:42:49] load:0x403c8700,len:0xf38
[12:42:49] load:0x403cb700,len:0x31e8
[12:42:49] entry 0x403c8930
[12:42:49] I (24) boot: ESP-IDF v6.0.2 2nd stage bootloader
[12:42:49] I (24) boot: compile time Aug 15 2026 12:38:36
[12:42:49] I (25) boot: Multicore bootloader
[12:42:49] I (25) boot: chip revision: v0.2
[12:42:49] I (28) boot: efuse block revision: v1.3
[12:42:49] I (31) qio_mode: Enabling default flash chip QIO
[12:42:49] I (36) boot.esp32s3: Boot SPI Speed : 80MHz
[12:42:49] I (39) boot.esp32s3: SPI Mode       : QIO
[12:42:49] I (43) boot.esp32s3: SPI Flash Size : 16MB
[12:42:49] I (47) boot: Enabling RNG early entropy source...
[12:42:49] I (51) boot: Partition Table:
[12:42:49] I (54) boot: ## Label            Usage          Type ST Offset   Length
[12:42:49] I (60) boot:  0 nvs              WiFi data        01 02 00009000 00006000
[12:42:49] I (67) boot:  1 phy_init         RF data          01 01 0000f000 00001000
[12:42:49] I (73) boot:  2 factory          factory app      00 00 00010000 00100000
[12:42:49] I (80) boot:  3 drawing          Unknown data     01 40 00110000 00300000
[12:42:49] I (86) boot:  4 export           Unknown data     01 41 00410000 00500000
[12:42:49] I (93) boot:  5 coredump         Unknown data     01 03 00910000 00010000
[12:42:49] I (100) boot: End of partition table
[12:42:49] I (103) esp_image: segment 0: paddr=00010020 vaddr=3c050020 size=1427ch ( 82556) map
[12:42:49] I (123) esp_image: segment 1: paddr=000242a4 vaddr=3fc94500 size=03764h ( 14180) load
[12:42:49] I (126) esp_image: segment 2: paddr=00027a10 vaddr=40374000 size=08608h ( 34312) load
[12:42:49] I (134) esp_image: segment 3: paddr=00030020 vaddr=42000020 size=476e0h (292576) map
[12:42:49] I (180) esp_image: segment 4: paddr=00077708 vaddr=4037c608 size=07e54h ( 32340) load
[12:42:49] I (187) esp_image: segment 5: paddr=0007f564 vaddr=50000000 size=00024h (    36) load
[12:42:49] I (194) boot: Loaded app from partition at offset 0x10000
[12:42:49] I (194) boot: Disabling RNG early entropy source...
[12:42:49] I (205) octal_psram: vendor id    : 0x0d (AP)
[12:42:49] I (205) octal_psram: dev id       : 0x02 (generation 3)
[12:42:49] I (205) octal_psram: density      : 0x03 (64 Mbit)
[12:42:49] I (207) octal_psram: good-die     : 0x01 (Pass)
[12:42:49] I (212) octal_psram: Latency      : 0x01 (Fixed)
[12:42:49] I (216) octal_psram: VCC          : 0x01 (3V)
[12:42:49] I (220) octal_psram: SRF          : 0x01 (Fast Refresh)
[12:42:49] I (225) octal_psram: BurstType    : 0x01 (Hybrid Wrap)
[12:42:49] I (230) octal_psram: BurstLen     : 0x01 (32 Byte)
[12:42:49] I (234) octal_psram: Readlatency  : 0x02 (10 cycles@Fixed)
[12:42:49] I (240) octal_psram: DriveStrength: 0x00 (1/1)
[12:42:49] I (244) MSPI Timing: Enter psram timing tuning
[12:42:49] I (249) esp_psram: Found 8MB PSRAM device
[12:42:49] I (252) esp_psram: Speed: 80MHz
[12:42:49] I (255) cpu_start: Multicore app
[12:42:49] I (671) esp_psram: SPI SRAM memory test OK
[12:42:49] I (679) cpu_start: GPIO 44 and 43 are used as console UART I/O pins
[12:42:49] I (679) cpu_start: Pro cpu start user code
[12:42:49] I (679) cpu_start: cpu freq: 240000000 Hz
[12:42:49] I (681) app_init: Application information:
[12:42:49] I (685) app_init: Project name:     tinydraw_esp32
[12:42:49] I (689) app_init: App version:      c86f3ac
[12:42:49] I (693) app_init: Compile time:     Aug 15 2026 12:38:30
[12:42:49] I (698) app_init: ELF file SHA256:  603c6763f...
[12:42:49] I (703) app_init: ESP-IDF:          v6.0.2
[12:42:49] I (707) efuse_init: Min chip rev:     v0.0
[12:42:49] I (710) efuse_init: Max chip rev:     v0.99 
[12:42:49] I (714) efuse_init: Chip rev:         v0.2
[12:42:49] I (718) heap_init: Initializing. RAM available for dynamic allocation:
[12:42:49] I (724) heap_init: At 3FC99090 len 00050680 (321 KiB): RAM
[12:42:49] I (730) heap_init: At 3FCE9710 len 00005724 (21 KiB): RAM
[12:42:49] I (735) heap_init: At 3FCF0000 len 00008000 (32 KiB): DRAM
[12:42:49] I (740) heap_init: At 600FE000 len 00001FE8 (7 KiB): RTCRAM
[12:42:49] I (745) esp_psram: Adding pool of 8192K of PSRAM memory to heap allocator
[12:42:49] I (752) spi_flash: detected chip: generic
[12:42:49] I (755) spi_flash: flash io: qio
[12:42:49] I (759) sleep_gpio: Configure to isolate all GPIO pins in sleep state
[12:42:49] I (765) sleep_gpio: Enable automatic switching of GPIO sleep configuration
[12:42:49] I (772) main_task: Started on CPU0
[12:42:49] I (775) main_task: Calling app_main()
[12:42:49] TINYDRAW_PANEL_HARD_RESET=0
[12:42:49] I (972) co5300: version: 2.1.0
[12:42:49] I (973) co5300_spi: LCD panel create success, version: 2.1.0
[12:42:49] W (1053) co5300_spi: The 3Ah command has been used and will be overwritten by external initialization sequence
[12:42:49] I (1154) CST816S: IC id: 183
[12:42:50] TINYDRAW_LIVE_PRESENT kind=startup zoom=25 x=0 y=0 compose_us=36458 scroll_us=0 exposed_compose_us=0 chrome_us=7947 read_submit_us=0 read_complete_us=0 transfer_wait_us=18472 tile_pixels=0 uniform_pixels=0 overview_pixels=164864 fallback_pixels=0 resident_tiles=0 fallback_tiles=0 pushes=11 tear_wait_us=6127 tear_sync=1 frame_reused=0 pass=1
[12:42:50] TINYDRAW_LIVE_STRESS operations=1000 samples=20000 total_us=482096 average_us=482 maximum_us=1155 free_psram=1987924 largest_psram=1966080
[12:42:50] TINYDRAW_LIVE_PRESENT kind=gate_fallback zoom=100 x=0 y=0 compose_us=26341 scroll_us=0 exposed_compose_us=0 chrome_us=7745 read_submit_us=42171 read_complete_us=43772 transfer_wait_us=18350 tile_pixels=0 uniform_pixels=0 overview_pixels=0 fallback_pixels=164864 resident_tiles=0 fallback_tiles=42 pushes=11 tear_wait_us=14584 tear_sync=1 frame_reused=0 pass=1
[12:42:50] TINYDRAW_GATE1_HARD zoom=100 cold=1 operations=1000 samples=20000 steps=192 tiles=42 scanned=12000 rendered=1659 max_supertask_us=9591 presentation_us=71202 total_us=276796 pass=1
[12:42:50] TINYDRAW_LIVE_PRESENT kind=gate_fallback zoom=400 x=0 y=0 compose_us=25736 scroll_us=0 exposed_compose_us=0 chrome_us=7703 read_submit_us=39932 read_complete_us=41539 transfer_wait_us=18793 tile_pixels=0 uniform_pixels=0 overview_pixels=0 fallback_pixels=164864 resident_tiles=0 fallback_tiles=42 pushes=11 tear_wait_us=12961 tear_sync=1 frame_reused=0 pass=1
[12:42:51] TINYDRAW_GATE1_HARD zoom=400 cold=1 operations=1000 samples=20000 steps=196 tiles=42 scanned=12000 rendered=120 max_supertask_us=8901 presentation_us=68391 total_us=211826 pass=1
[12:42:51] TINYDRAW_OVERLAP_WORKLOAD operations=8 samples=1200 radius_world=80
[12:42:52] TINYDRAW_GATE1_PACED_COLD corpus=overlap zoom=50 x=215 y=255 steps=334 tiles=56 compute_us=376012 present_us=85172 touch_us=1031 pacing_us=8313 wall_us=470528 max_tick_us=10480 touch_samples=2270 touch_interval_max_us=1880 touch_read_max_us=596 touch_events=0 touch_down=0 touch_up=0 touch_events_ge_8ms=0 touch_event_age_max_us=0 touch_errors=0 touch_overflows=0 pass=1
[12:42:52] TINYDRAW_GATE1_PACED_COLD corpus=overlap zoom=100 x=583 y=703 steps=172 tiles=48 compute_us=235618 present_us=82115 touch_us=651 pacing_us=6444 wall_us=324828 max_tick_us=10024 touch_samples=407 touch_interval_max_us=1774 touch_read_max_us=520 touch_events=0 touch_down=0 touch_up=0 touch_events_ge_8ms=0 touch_event_age_max_us=0 touch_errors=0 touch_overflows=0 pass=1
[12:42:53] TINYDRAW_GATE1_PACED_COLD corpus=overlap zoom=200 x=1319 y=1599 steps=128 tiles=56 compute_us=238661 present_us=80531 touch_us=615 pacing_us=4683 wall_us=324490 max_tick_us=9873 touch_samples=419 touch_interval_max_us=1168 touch_read_max_us=462 touch_events=0 touch_down=0 touch_up=0 touch_events_ge_8ms=0 touch_event_age_max_us=0 touch_errors=0 touch_overflows=0 pass=1
[12:42:53] TINYDRAW_GATE1_PACED_COLD corpus=overlap zoom=400 x=2791 y=3391 steps=94 tiles=56 compute_us=225140 present_us=83293 touch_us=562 pacing_us=4515 wall_us=313510 max_tick_us=10126 touch_samples=392 touch_interval_max_us=1135 touch_read_max_us=417 touch_events=0 touch_down=0 touch_up=0 touch_events_ge_8ms=0 touch_event_age_max_us=0 touch_errors=0 touch_overflows=0 pass=1
[12:42:53] TINYDRAW_ADVERSARIAL_TAPERED_WORKLOAD operations=128 samples=4096 erasers=12 load_us=219513 appended=1
[12:42:53] TINYDRAW_GATE1_PACED_COLD corpus=adversarial_tapered_4x zoom=50 x=0 y=0 steps=104 tiles=42 compute_us=95571 present_us=63323 touch_us=433 pacing_us=4676 wall_us=164003 max_tick_us=8640 touch_samples=505 touch_interval_max_us=1125 touch_read_max_us=386 touch_events=0 touch_down=0 touch_up=0 touch_events_ge_8ms=0 touch_event_age_max_us=0 touch_errors=0 touch_overflows=0 pass=1
[12:42:54] TINYDRAW_GATE1_PACED_COLD corpus=adversarial_tapered_4x zoom=100 x=0 y=0 steps=348 tiles=42 compute_us=157284 present_us=62088 touch_us=594 pacing_us=5805 wall_us=225771 max_tick_us=8642 touch_samples=313 touch_interval_max_us=1115 touch_read_max_us=402 touch_events=0 touch_down=0 touch_up=0 touch_events_ge_8ms=0 touch_event_age_max_us=0 touch_errors=0 touch_overflows=0 pass=1
[12:42:56] TINYDRAW_GATE1_PACED_COLD corpus=adversarial_tapered_4x zoom=200 x=0 y=0 steps=1214 tiles=42 compute_us=437186 present_us=66023 touch_us=1342 pacing_us=15391 wall_us=519942 max_tick_us=8947 touch_samples=597 touch_interval_max_us=1122 touch_read_max_us=395 touch_events=0 touch_down=0 touch_up=0 touch_events_ge_8ms=0 touch_event_age_max_us=0 touch_errors=0 touch_overflows=0 pass=1
[12:42:56] TINYDRAW_GATE1_PACED_COLD corpus=adversarial_tapered_4x zoom=400 x=0 y=0 steps=904 tiles=42 compute_us=544225 present_us=67093 touch_us=1452 pacing_us=15443 wall_us=628213 max_tick_us=10411 touch_samples=713 touch_interval_max_us=1164 touch_read_max_us=429 touch_events=0 touch_down=0 touch_up=0 touch_events_ge_8ms=0 touch_event_age_max_us=0 touch_errors=0 touch_overflows=0 pass=1
[12:42:56] TINYDRAW_GATE1_WORKLOAD kind=realistic seed=7 operations=1000 samples=19844 maximum_stroke=198 load_us=376385 raw_source=1 lod_copies=0
[12:42:56] TINYDRAW_GATE1_PACED_COLD corpus=seed7 zoom=400 x=63 y=63 steps=281 tiles=56 compute_us=276908 present_us=82142 touch_us=696 pacing_us=8243 wall_us=367989 max_tick_us=12821 touch_samples=948 touch_interval_max_us=1907 touch_read_max_us=483 touch_events=0 touch_down=0 touch_up=0 touch_events_ge_8ms=0 touch_event_age_max_us=0 touch_errors=0 touch_overflows=0 pass=1
[12:42:58] TINYDRAW_LIVE_PRESENT kind=gate_fallback zoom=100 x=0 y=0 compose_us=26637 scroll_us=0 exposed_compose_us=0 chrome_us=7747 read_submit_us=39063 read_complete_us=40670 transfer_wait_us=18784 tile_pixels=0 uniform_pixels=0 overview_pixels=0 fallback_pixels=164864 resident_tiles=0 fallback_tiles=42 pushes=11 tear_wait_us=11190 tear_sync=1 frame_reused=0 pass=1
[12:42:58] TINYDRAW_GATE1_HARD zoom=100 cold=1 operations=1000 samples=19844 steps=275 tiles=42 scanned=12000 rendered=5232 max_supertask_us=9754 presentation_us=69104 total_us=378218 pass=1
[12:42:58] TINYDRAW_GATE1_LIVE_OVERLAY clear_updates=47 clear_wall_max_us=2935 clear_submit_max_us=2167 clear_complete_max_us=2210 overlay_updates=26 overlay_wall_max_us=2927 overlay_submit_max_us=2365 overlay_complete_max_us=2399 overlay_chrome_max_us=0 clear_failures=0 overlay_failures=0 pass=1
[12:42:58] TINYDRAW_EDGE_INK corners=4 edge_failures=0 pass=1
[12:42:58] TINYDRAW_GATE1_PAN zoom=100 from_x=0 from_y=0 to_x=88 to_y=88 compose_us=21905 scroll_us=13 exposed_compose_us=21892 chrome_us=0 event_submit_us=27488 event_complete_us=29097 transfer_us=24467 setup=1 present=1 moved=1 frame_reused=1 pass=1
[12:42:58] TINYDRAW_LIVE_PRESENT kind=gate_fallback zoom=400 x=0 y=0 compose_us=25724 scroll_us=0 exposed_compose_us=0 chrome_us=7636 read_submit_us=31774 read_complete_us=33381 transfer_wait_us=18829 tile_pixels=0 uniform_pixels=0 overview_pixels=0 fallback_pixels=164864 resident_tiles=0 fallback_tiles=42 pushes=11 tear_wait_us=4787 tear_sync=1 frame_reused=0 pass=1
[12:42:58] TINYDRAW_GATE1_HARD zoom=400 cold=1 operations=1004 samples=19848 steps=217 tiles=42 scanned=12048 rendered=592 max_supertask_us=11162 presentation_us=68078 total_us=269355 pass=1
[12:42:59]  event_submit_us=27800 event_complete_us=29405 transfer_us=24378ESP-ROM:esp32s3-20210327
[12:42:59] Build:Mar 27 2021
[12:42:59] rst:0x15 (USB_UART_CHIP_RESET),boot:0x2b (SPI_FAST_FLASH_BOOT)
[12:42:59] Saved PC:0x42029364
[12:42:59] SPIWP:0xee
[12:42:59] mode:DIO, clock div:1
[12:42:59] load:0x3fce2820,len:0x1664
[12:42:59] load:0x403c8700,len:0xf38
[12:42:59] load:0x403cb700,len:0x31e8
[12:42:59] entry 0x403c8930
[12:42:59] I (24) boot: ESP-IDF v6.0.2 2nd stage bootloader
[12:42:59] I (24) boot: compile time Aug 15 2026 12:38:36
[12:42:59] I (25) boot: Multicore bootloader
[12:42:59] I (25) boot: chip revision: v0.2
[12:42:59] I (28) boot: efuse block revision: v1.3
[12:42:59] I (31) qio_mode: Enabling default flash chip QIO
[12:42:59] I (36) boot.esp32s3: Boot SPI Speed : 80MHz
[12:42:59] I (39) boot.esp32s3: SPI Mode       : QIO
[12:42:59] I (43) boot.esp32s3: SPI Flash Size : 16MB
[12:42:59] I (47) boot: Enabling RNG early entropy source...
[12:42:59] I (51) boot: Partition Table:
[12:42:59] I (54) boot: ## Label            Usage          Type ST Offset   Length
[12:42:59] I (60) boot:  0 nvs              WiFi data        01 02 00009000 00006000
[12:42:59] I (67) boot:  1 phy_init         RF data          01 01 0000f000 00001000
[12:42:59] I (73) boot:  2 factory          factory app      00 00 00010000 00100000
[12:42:59] I (80) boot:  3 drawing          Unknown data     01 40 00110000 00300000
[12:42:59] I (86) boot:  4 export           Unknown data     01 41 00410000 00500000
[12:42:59] I (93) boot:  5 coredump         Unknown data     01 03 00910000 00010000
[12:42:59] I (100) boot: End of partition table
[12:42:59] I (103) esp_image: segment 0: paddr=00010020 vaddr=3c050020 size=1427ch ( 82556) map
[12:42:59] I (123) esp_image: segment 1: paddr=000242a4 vaddr=3fc94500 size=03764h ( 14180) load
[12:42:59] I (126) esp_image: segment 2: paddr=00027a10 vaddr=40374000 size=08608h ( 34312) load
[12:42:59] I (134) esp_image: segment 3: paddr=00030020 vaddr=42000020 size=476e0h (292576) map
[12:42:59] I (180) esp_image: segment 4: paddr=00077708 vaddr=4037c608 size=07e54h ( 32340) load
[12:42:59] I (187) esp_image: segment 5: paddr=0007f564 vaddr=50000000 size=00024h (    36) load
[12:42:59] I (194) boot: Loaded app from partition at offset 0x10000
[12:42:59] I (194) boot: Disabling RNG early entropy source...
[12:42:59] I (205) octal_psram: vendor id    : 0x0d (AP)
[12:42:59] I (205) octal_psram: dev id       : 0x02 (generation 3)
[12:42:59] I (205) octal_psram: density      : 0x03 (64 Mbit)
[12:42:59] I (207) octal_psram: good-die     : 0x01 (Pass)
[12:42:59] I (212) octal_psram: Latency      : 0x01 (Fixed)
[12:42:59] I (216) octal_psram: VCC          : 0x01 (3V)
[12:42:59] I (220) octal_psram: SRF          : 0x01 (Fast Refresh)
[12:42:59] I (225) octal_psram: BurstType    : 0x01 (Hybrid Wrap)
[12:42:59] I (230) octal_psram: BurstLen     : 0x01 (32 Byte)
[12:42:59] I (234) octal_psram: Readlatency  : 0x02 (10 cycles@Fixed)
[12:42:59] I (240) octal_psram: DriveStrength: 0x00 (1/1)
[12:42:59] I (244) MSPI Timing: Enter psram timing tuning
[12:42:59] I (249) esp_psram: Found 8MB PSRAM device
[12:42:59] I (252) esp_psram: Speed: 80MHz
[12:42:59] I (255) cpu_start: Multicore app
[12:42:59] I (671) esp_psram: SPI SRAM memory test OK
[12:42:59] I (679) cpu_start: GPIO 44 and 43 are used as console UART I/O pins
[12:42:59] I (679) cpu_start: Pro cpu start user code
[12:42:59] I (679) cpu_start: cpu freq: 240000000 Hz
[12:42:59] I (681) app_init: Application information:
[12:42:59] I (685) app_init: Project name:     tinydraw_esp32
[12:42:59] I (689) app_init: App version:      c86f3ac
[12:42:59] I (693) app_init: Compile time:     Aug 15 2026 12:38:30
[12:42:59] I (698) app_init: ELF file SHA256:  603c6763f...
[12:42:59] I (703) app_init: ESP-IDF:          v6.0.2
[12:42:59] I (707) efuse_init: Min chip rev:     v0.0
[12:42:59] I (710) efuse_init: Max chip rev:     v0.99 
[12:42:59] I (714) efuse_init: Chip rev:         v0.2
[12:42:59] I (718) heap_init: Initializing. RAM available for dynamic allocation:
[12:42:59] I (724) heap_init: At 3FC99090 len 00050680 (321 KiB): RAM
[12:42:59] I (730) heap_init: At 3FCE9710 len 00005724 (21 KiB): RAM
[12:42:59] I (735) heap_init: At 3FCF0000 len 00008000 (32 KiB): DRAM
[12:42:59] I (740) heap_init: At 600FE000 len 00001FE8 (7 KiB): RTCRAM
[12:42:59] I (745) esp_psram: Adding pool of 8192K of PSRAM memory to heap allocator
[12:42:59] I (752) spi_flash: detected chip: generic
[12:42:59] I (755) spi_flash: flash io: qio
[12:42:59] I (759) sleep_gpio: Configure to isolate all GPIO pins in sleep state
[12:42:59] I (765) sleep_gpio: Enable automatic switching of GPIO sleep configuration
[12:42:59] I (772) main_task: Started on CPU0
[12:42:59] I (775) main_task: Calling app_main()
[12:42:59] TINYDRAW_PANEL_HARD_RESET=0
[12:42:59] I (972) co5300: version: 2.1.0
[12:42:59] I (973) co5300_spi: LCD panel create success, version: 2.1.0
[12:42:59] W (1053) co5300_spi: The 3Ah command has been used and will be overwritten by external initialization sequence
[12:42:59] I (1154) CST816S: IC id: 183
[12:43:00] TINYDRAW_PANEL_TE_HEAL paged=1 sent=1 high=0/34 edges_delta=0 isr_reinstall=0 falling_edges=0
[12:43:00] TINYDRAW_LIVE_PRESENT kind=startup zoom=25 x=0 y=0 compose_us=36448 scroll_us=0 exposed_compose_us=0 chrome_us=7965 read_submit_us=0 read_complete_us=0 transfer_wait_us=18877 tile_pixels=0 uniform_pixels=0 overview_pixels=164864 fallback_pixels=0 resident_tiles=0 fallback_tiles=0 pushes=11 tear_wait_us=107790 tear_sync=0 frame_reused=0 pass=1
[12:43:00] TINYDRAW_LIVE_STRESS operations=1000 samples=20000 total_us=479292 average_us=479 maximum_us=1075 free_psram=1987924 largest_psram=1966080
[12:43:00] TINYDRAW_LIVE_PRESENT kind=gate_fallback zoom=100 x=0 y=0 compose_us=26237 scroll_us=0 exposed_compose_us=0 chrome_us=7702 read_submit_us=67243 read_complete_us=68854 transfer_wait_us=18850 tile_pixels=0 uniform_pixels=0 overview_pixels=0 fallback_pixels=164864 resident_tiles=0 fallback_tiles=42 pushes=11 tear_wait_us=39751 tear_sync=0 frame_reused=0 pass=1
[12:43:01] TINYDRAW_GATE1_HARD zoom=100 cold=1 operations=1000 samples=20000 steps=192 tiles=42 scanned=12000 rendered=1659 max_supertask_us=9548 presentation_us=70714 total_us=275750 pass=1
[12:43:01] TINYDRAW_PANEL_TE_HEAL paged=1 sent=1 high=0/34 edges_delta=0 isr_reinstall=0 falling_edges=0
[12:43:01] TINYDRAW_LIVE_PRESENT kind=gate_fallback zoom=400 x=0 y=0 compose_us=25585 scroll_us=0 exposed_compose_us=0 chrome_us=7656 read_submit_us=133896 read_complete_us=135504 transfer_wait_us=18900 tile_pixels=0 uniform_pixels=0 overview_pixels=0 fallback_pixels=164864 resident_tiles=0 fallback_tiles=42 pushes=11 tear_wait_us=107116 tear_sync=0 frame_reused=0 pass=1
[12:43:01] TINYDRAW_GATE1_HARD zoom=400 cold=1 operations=1000 samples=20000 steps=196 tiles=42 scanned=12000 rendered=120 max_supertask_us=8843 presentation_us=68418 total_us=211552 pass=1
[12:43:01] TINYDRAW_OVERLAP_WORKLOAD operations=8 samples=1200 radius_world=80
[12:43:02] TINYDRAW_GATE1_PACED_COLD corpus=overlap zoom=50 x=215 y=255 steps=334 tiles=56 compute_us=375349 present_us=84503 touch_us=1011 pacing_us=9112 wall_us=469975 max_tick_us=9804 touch_samples=2522 touch_interval_max_us=1939 touch_read_max_us=596 touch_events=0 touch_down=0 touch_up=0 touch_events_ge_8ms=0 touch_event_age_max_us=0 touch_errors=0 touch_overflows=0 pass=1
[12:43:02] TINYDRAW_PANEL_TE_HEAL paged=1 sent=1 high=0/34 edges_delta=0 isr_reinstall=0 falling_edges=0
[12:43:02] TINYDRAW_GATE1_PACED_COLD corpus=overlap zoom=100 x=583 y=703 steps=172 tiles=48 compute_us=234999 present_us=82619 touch_us=672 pacing_us=7554 wall_us=325844 max_tick_us=10023 touch_samples=510 touch_interval_max_us=1134 touch_read_max_us=409 touch_events=0 touch_down=0 touch_up=0 touch_events_ge_8ms=0 touch_event_age_max_us=0 touch_errors=0 touch_overflows=0 pass=1
[12:43:03] TINYDRAW_GATE1_PACED_COLD corpus=overlap zoom=200 x=1319 y=1599 steps=128 tiles=56 compute_us=238344 present_us=78822 touch_us=611 pacing_us=4718 wall_us=322495 max_tick_us=9856 touch_samples=441 touch_interval_max_us=1161 touch_read_max_us=460 touch_events=0 touch_down=0 touch_up=0 touch_events_ge_8ms=0 touch_event_age_max_us=0 touch_errors=0 touch_overflows=0 pass=1
[12:43:03] TINYDRAW_GATE1_PACED_COLD corpus=overlap zoom=400 x=2791 y=3391 steps=94 tiles=56 compute_us=224562 present_us=81788 touch_us=560 pacing_us=4586 wall_us=311496 max_tick_us=10119 touch_samples=430 touch_interval_max_us=1133 touch_read_max_us=438 touch_events=0 touch_down=0 touch_up=0 touch_events_ge_8ms=0 touch_event_age_max_us=0 touch_errors=0 touch_overflows=0 pass=1
[12:43:04] TINYDRAW_ADVERSARIAL_TAPERED_WORKLOAD operations=128 samples=4096 erasers=12 load_us=218908 appended=1
[12:43:04] TINYDRAW_PANEL_TE_HEAL paged=1 sent=1 high=0/34 edges_delta=0 isr_reinstall=0 falling_edges=0
[12:43:04] TINYDRAW_GATE1_PACED_COLD corpus=adversarial_tapered_4x zoom=50 x=0 y=0 steps=104 tiles=42 compute_us=95374 present_us=63407 touch_us=424 pacing_us=4829 wall_us=164034 max_tick_us=8648 touch_samples=606 touch_interval_max_us=1126 touch_read_max_us=414 touch_events=0 touch_down=0 touch_up=0 touch_events_ge_8ms=0 touch_event_age_max_us=0 touch_errors=0 touch_overflows=0 pass=1
[12:43:04] TINYDRAW_GATE1_PACED_COLD corpus=adversarial_tapered_4x zoom=100 x=0 y=0 steps=348 tiles=42 compute_us=156982 present_us=62142 touch_us=583 pacing_us=6079 wall_us=225786 max_tick_us=8635 touch_samples=343 touch_interval_max_us=1143 touch_read_max_us=415 touch_events=0 touch_down=0 touch_up=0 touch_events_ge_8ms=0 touch_event_age_max_us=0 touch_errors=0 touch_overflows=0 pass=1
[12:43:05] TINYDRAW_GATE1_PACED_COLD corpus=adversarial_tapered_4x zoom=200 x=0 y=0 steps=1214 tiles=42 compute_us=435977 present_us=65641 touch_us=1344 pacing_us=15985 wall_us=518947 max_tick_us=9917 touch_samples=636 touch_interval_max_us=1119 touch_read_max_us=396 touch_events=0 touch_down=0 touch_up=0 touch_events_ge_8ms=0 touch_event_age_max_us=0 touch_errors=0 touch_overflows=0 pass=1
[12:43:05] TINYDRAW_PANEL_TE_HEAL paged=1 sent=1 high=0/34 edges_delta=0 isr_reinstall=0 falling_edges=0
[12:43:06] TINYDRAW_GATE1_PACED_COLD corpus=adversarial_tapered_4x zoom=400 x=0 y=0 steps=904 tiles=42 compute_us=542356 present_us=65773 touch_us=1434 pacing_us=14702 wall_us=624265 max_tick_us=10455 touch_samples=809 touch_interval_max_us=1134 touch_read_max_us=415 touch_events=0 touch_down=0 touch_up=0 touch_events_ge_8ms=0 touch_event_age_max_us=0 touch_errors=0 touch_overflows=0 pass=1
[12:43:06] TINYDRAW_GATE1_WORKLOAD kind=realistic seed=7 operations=1000 samples=19844 maximum_stroke=198 load_us=375008 raw_source=1 lod_copies=0
[12:43:06] TINYDRAW_PANEL_TE_HEAL paged=1 sent=1 high=0/34 edges_delta=0 isr_reinstall=0 falling_edges=0
[12:43:07] TINYDRAW_GATE1_PACED_COLD corpus=seed7 zoom=400 x=63 y=63 steps=281 tiles=56 compute_us=276228 present_us=81770 touch_us=699 pacing_us=8286 wall_us=366983 max_tick_us=12801 touch_samples=1039 touch_interval_max_us=1912 touch_read_max_us=503 touch_events=0 touch_down=0 touch_up=0 touch_events_ge_8ms=0 touch_event_age_max_us=0 touch_errors=0 touch_overflows=0 pass=1
[12:43:09] TINYDRAW_LIVE_PRESENT kind=gate_fallback zoom=100 x=0 y=0 compose_us=26588 scroll_us=0 exposed_compose_us=0 chrome_us=7721 read_submit_us=66922 read_complete_us=68529 transfer_wait_us=18845 tile_pixels=0 uniform_pixels=0 overview_pixels=0 fallback_pixels=164864 resident_tiles=0 fallback_tiles=42 pushes=11 tear_wait_us=39088 tear_sync=0 frame_reused=0 pass=1
[12:43:09] TINYDRAW_GATE1_HARD zoom=100 cold=1 operations=1000 samples=19844 steps=275 tiles=42 scanned=12000 rendered=5232 max_supertask_us=9736 presentation_us=70122 total_us=377898 pass=1
[12:43:09] TINYDRAW_PANEL_TE_HEAL paged=1 sent=1 high=0/34 edges_delta=0 isr_reinstall=0 falling_edges=0
[12:43:09] TINYDRAW_GATE1_LIVE_OVERLAY clear_updates=47 clear_wall_max_us=2936 clear_submit_max_us=2169 clear_complete_max_us=2211 overlay_updates=26 overlay_wall_max_us=2924 overlay_submit_max_us=2360 overlay_complete_max_us=2393 overlay_chrome_max_us=0 clear_failures=0 overlay_failures=0 pass=1
[12:43:09] TINYDRAW_EDGE_INK corners=4 edge_failures=0 pass=1
[12:43:09] TINYDRAW_PANEL_TE_HEAL paged=1 sent=1 high=0/34 edges_delta=0 isr_reinstall=0 falling_edges=0
[12:43:09] TINYDRAW_GATE1_PAN zoom=100 from_x=0 from_y=0 to_x=88 to_y=88 compose_us=28896 scroll_us=0 exposed_compose_us=0 chrome_us=7670 event_submit_us=159909 event_complete_us=161515 transfer_us=18896 setup=1 present=1 moved=1 frame_reused=0 pass=0
[12:43:09] TINYDRAW_LIVE_PRESENT kind=gate_fallback zoom=400 x=0 y=0 compose_us=25720 scroll_us=0 exposed_compose_us=0 chrome_us=7639 read_submit_us=66440 read_complete_us=68049 transfer_wait_us=18867 tile_pixels=0 uniform_pixels=0 overview_pixels=0 fallback_pixels=164864 resident_tiles=0 fallback_tiles=42 pushes=11 tear_wait_us=39472 tear_sync=0 frame_reused=0 pass=1
[12:43:09] ESP-ROM:esp32s3-20210327
[12:43:09] Build:Mar 27 2021
[12:43:09] rst:0x15 (USB_UART_CHIP_RESET),boot:0x2b (SPI_FAST_FLASH_BOOT)
[12:43:09] Saved PC:0x4202d159
[12:43:09] SPIWP:0xee
[12:43:09] mode:DIO, clock div:1
[12:43:09] load:0x3fce2820,len:0x1664
[12:43:09] load:0x403c8700,len:0xf38
[12:43:09] load:0x403cb700,len:0x31e8
[12:43:09] entry 0x403c8930
[12:43:09] I (24) boot: ESP-IDF v6.0.2 2nd stage bootloader
[12:43:09] I (24) boot: compile time Aug 15 2026 12:38:36
[12:43:09] I (25) boot: Multicore bootloader
[12:43:09] I (25) boot: chip revision: v0.2
[12:43:09] I (28) boot: efuse block revision: v1.3
[12:43:09] I (31) qio_mode: Enabling default flash chip QIO
[12:43:09] I (36) boot.esp32s3: Boot SPI Speed : 80MHz
[12:43:09] I (39) boot.esp32s3: SPI Mode       : QIO
[12:43:09] I (43) boot.esp32s3: SPI Flash Size : 16MB
[12:43:09] I (47) boot: Enabling RNG early entropy source...
[12:43:09] I (51) boot: Partition Table:
[12:43:09] I (54) boot: ## Label            Usage          Type ST Offset   Length
[12:43:09] I (60) boot:  0 nvs              WiFi data        01 02 00009000 00006000
[12:43:09] I (67) boot:  1 phy_init         RF data          01 01 0000f000 00001000
[12:43:09] I (73) boot:  2 factory          factory app      00 00 00010000 00100000
[12:43:09] I (80) boot:  3 drawing          Unknown data     01 40 00110000 00300000
[12:43:09] I (86) boot:  4 export           Unknown data     01 41 00410000 00500000
[12:43:09] I (93) boot:  5 coredump         Unknown data     01 03 00910000 00010000
[12:43:09] I (100) boot: End of partition table
[12:43:09] I (103) esp_image: segment 0: paddr=00010020 vaddr=3c050020 size=1427ch ( 82556) map
[12:43:09] I (123) esp_image: segment 1: paddr=000242a4 vaddr=3fc94500 size=03764h ( 14180) load
[12:43:09] I (126) esp_image: segment 2: paddr=00027a10 vaddr=40374000 size=08608h ( 34312) load
[12:43:09] I (134) esp_image: segment 3: paddr=00030020 vaddr=42000020 size=476e0h (292576) map
[12:43:09] I (180) esp_image: segment 4: paddr=00077708 vaddr=4037c608 size=07e54h ( 32340) load
[12:43:09] I (187) esp_image: segment 5: paddr=0007f564 vaddr=50000000 size=00024h (    36) load
[12:43:09] I (194) boot: Loaded app from partition at offset 0x10000
[12:43:09] I (194) boot: Disabling RNG early entropy source...
[12:43:09] I (205) octal_psram: vendor id    : 0x0d (AP)
[12:43:09] I (205) octal_psram: dev id       : 0x02 (generation 3)
[12:43:09] I (205) octal_psram: density      : 0x03 (64 Mbit)
[12:43:09] I (207) octal_psram: good-die     : 0x01 (Pass)
[12:43:09] I (212) octal_psram: Latency      : 0x01 (Fixed)
[12:43:09] I (216) octal_psram: VCC          : 0x01 (3V)
[12:43:09] I (220) octal_psram: SRF          : 0x01 (Fast Refresh)
[12:43:09] I (225) octal_psram: BurstType    : 0x01 (Hybrid Wrap)
[12:43:09] I (230) octal_psram: BurstLen     : 0x01 (32 Byte)
[12:43:09] I (234) octal_psram: Readlatency  : 0x02 (10 cycles@Fixed)
[12:43:09] I (240) octal_psram: DriveStrength: 0x00 (1/1)
[12:43:09] I (244) MSPI Timing: Enter psram timing tuning
[12:43:09] I (249) esp_psram: Found 8MB PSRAM device
[12:43:09] I (252) esp_psram: Speed: 80MHz
[12:43:09] I (255) cpu_start: Multicore app
[12:43:10] I (671) esp_psram: SPI SRAM memory test OK
[12:43:10] I (679) cpu_start: GPIO 44 and 43 are used as console UART I/O pins
[12:43:10] I (679) cpu_start: Pro cpu start user code
[12:43:10] I (679) cpu_start: cpu freq: 240000000 Hz
[12:43:10] I (681) app_init: Application information:
[12:43:10] I (685) app_init: Project name:     tinydraw_esp32
[12:43:10] I (689) app_init: App version:      c86f3ac
[12:43:10] I (693) app_init: Compile time:     Aug 15 2026 12:38:30
[12:43:10] I (698) app_init: ELF file SHA256:  603c6763f...
[12:43:10] I (703) app_init: ESP-IDF:          v6.0.2
[12:43:10] I (707) efuse_init: Min chip rev:     v0.0
[12:43:10] I (710) efuse_init: Max chip rev:     v0.99 
[12:43:10] I (714) efuse_init: Chip rev:         v0.2
[12:43:10] I (718) heap_init: Initializing. RAM available for dynamic allocation:
[12:43:10] I (724) heap_init: At 3FC99090 len 00050680 (321 KiB): RAM
[12:43:10] I (730) heap_init: At 3FCE9710 len 00005724 (21 KiB): RAM
[12:43:10] I (735) heap_init: At 3FCF0000 len 00008000 (32 KiB): DRAM
[12:43:10] I (740) heap_init: At 600FE000 len 00001FE8 (7 KiB): RTCRAM
[12:43:10] I (745) esp_psram: Adding pool of 8192K of PSRAM memory to heap allocator
[12:43:10] I (752) spi_flash: detected chip: generic
[12:43:10] I (755) spi_flash: flash io: qio
[12:43:10] I (759) sleep_gpio: Configure to isolate all GPIO pins in sleep state
[12:43:10] I (765) sleep_gpio: Enable automatic switching of GPIO sleep configuration
[12:43:10] I (772) main_task: Started on CPU0
[12:43:10] I (775) main_task: Calling app_main()
[12:43:10] TINYDRAW_PANEL_HARD_RESET=1
[12:43:10] I (972) co5300: version: 2.1.0
[12:43:10] I (973) co5300_spi: LCD panel create success, version: 2.1.0
[12:43:10] W (1053) co5300_spi: The 3Ah command has been used and will be overwritten by external initialization sequence
[12:43:10] I (1154) CST816S: IC id: 183
[12:43:10] TINYDRAW_LIVE_PRESENT kind=startup zoom=25 x=0 y=0 compose_us=36450 scroll_us=0 exposed_compose_us=0 chrome_us=7939 read_submit_us=0 read_complete_us=0 transfer_wait_us=18465 tile_pixels=0 uniform_pixels=0 overview_pixels=164864 fallback_pixels=0 resident_tiles=0 fallback_tiles=0 pushes=11 tear_wait_us=6143 tear_sync=1 frame_reused=0 pass=1
[12:43:11] TINYDRAW_LIVE_STRESS operations=1000 samples=20000 total_us=481566 average_us=481 maximum_us=1158 free_psram=1987924 largest_psram=1966080
[12:43:11] TINYDRAW_LIVE_PRESENT kind=gate_fallback zoom=100 x=0 y=0 compose_us=26316 scroll_us=0 exposed_compose_us=0 chrome_us=7702 read_submit_us=42922 read_complete_us=44529 transfer_wait_us=18100 tile_pixels=0 uniform_pixels=0 overview_pixels=0 fallback_pixels=164864 resident_tiles=0 fallback_tiles=42 pushes=11 tear_wait_us=15360 tear_sync=1 frame_reused=0 pass=1
[12:43:11] TINYDRAW_GATE1_HARD zoom=100 cold=1 operations=1000 samples=20000 steps=192 tiles=42 scanned=12000 rendered=1659 max_supertask_us=9629 presentation_us=70265 total_us=275865 pass=1
[12:43:11] TINYDRAW_LIVE_PRESENT kind=gate_fallback zoom=400 x=0 y=0 compose_us=25667 scroll_us=0 exposed_compose_us=0 chrome_us=7712 read_submit_us=41196 read_complete_us=42797 transfer_wait_us=18442 tile_pixels=0 uniform_pixels=0 overview_pixels=0 fallback_pixels=164864 resident_tiles=0 fallback_tiles=42 pushes=11 tear_wait_us=14288 tear_sync=1 frame_reused=0 pass=1
[12:43:11] TINYDRAW_GATE1_HARD zoom=400 cold=1 operations=1000 samples=20000 steps=196 tiles=42 scanned=12000 rendered=120 max_supertask_us=8892 presentation_us=68391 total_us=211810 pass=1
[12:43:12] TINYDRAW_OVERLAP_WORKLOAD operations=8 samples=1200 radius_world=80
[12:43:12] TINYDRAW_GATE1_PACED_COLD corpus=overlap zoom=50 x=215 y=255 steps=334 tiles=56 compute_us=375997 present_us=85151 touch_us=1044 pacing_us=8310 wall_us=470502 max_tick_us=10461 touch_samples=2271 touch_interval_max_us=1849 touch_read_max_us=597 touch_events=0 touch_down=0 touch_up=0 touch_events_ge_8ms=0 touch_event_age_max_us=0 touch_errors=0 touch_overflows=0 pass=1
[12:43:13] TINYDRAW_GATE1_PACED_COLD corpus=overlap zoom=100 x=583 y=703 steps=172 tiles=48 compute_us=235626 present_us=82033 touch_us=672 pacing_us=6494 wall_us=324825 max_tick_us=10023 touch_samples=407 touch_interval_max_us=1733 touch_read_max_us=550 touch_events=0 touch_down=0 touch_up=0 touch_events_ge_8ms=0 touch_event_age_max_us=0 touch_errors=0 touch_overflows=0 pass=1
[12:43:13] TINYDRAW_GATE1_PACED_COLD corpus=overlap zoom=200 x=1319 y=1599 steps=128 tiles=56 compute_us=238759 present_us=80469 touch_us=604 pacing_us=4655 wall_us=324487 max_tick_us=9879 touch_samples=402 touch_interval_max_us=1916 touch_read_max_us=478 touch_events=0 touch_down=0 touch_up=0 touch_events_ge_8ms=0 touch_event_age_max_us=0 touch_errors=0 touch_overflows=0 pass=1
[12:43:14] TINYDRAW_GATE1_PACED_COLD corpus=overlap zoom=400 x=2791 y=3391 steps=94 tiles=56 compute_us=225195 present_us=82287 touch_us=561 pacing_us=5459 wall_us=313502 max_tick_us=10129 touch_samples=393 touch_interval_max_us=1122 touch_read_max_us=423 touch_events=0 touch_down=0 touch_up=0 touch_events_ge_8ms=0 touch_event_age_max_us=0 touch_errors=0 touch_overflows=0 pass=1
[12:43:14] TINYDRAW_ADVERSARIAL_TAPERED_WORKLOAD operations=128 samples=4096 erasers=12 load_us=219571 appended=1
[12:43:14] TINYDRAW_GATE1_PACED_COLD corpus=adversarial_tapered_4x zoom=50 x=0 y=0 steps=104 tiles=42 compute_us=95627 present_us=63384 touch_us=414 pacing_us=4598 wall_us=164023 max_tick_us=8645 touch_samples=506 touch_interval_max_us=1117 touch_read_max_us=378 touch_events=0 touch_down=0 touch_up=0 touch_events_ge_8ms=0 touch_event_age_max_us=0 touch_errors=0 touch_overflows=0 pass=1
[12:43:14] TINYDRAW_GATE1_PACED_COLD corpus=adversarial_tapered_4x zoom=100 x=0 y=0 steps=348 tiles=42 compute_us=157233 present_us=61830 touch_us=604 pacing_us=5119 wall_us=224786 max_tick_us=9077 touch_samples=312 touch_interval_max_us=1141 touch_read_max_us=413 touch_events=0 touch_down=0 touch_up=0 touch_events_ge_8ms=0 touch_event_age_max_us=0 touch_errors=0 touch_overflows=0 pass=1
[12:43:15] TINYDRAW_GATE1_PACED_COLD corpus=adversarial_tapered_4x zoom=200 x=0 y=0 steps=1214 tiles=42 compute_us=436069 present_us=66141 touch_us=1318 pacing_us=15409 wall_us=518937 max_tick_us=10262 touch_samples=596 touch_interval_max_us=1115 touch_read_max_us=402 touch_events=0 touch_down=0 touch_up=0 touch_events_ge_8ms=0 touch_event_age_max_us=0 touch_errors=0 touch_overflows=0 pass=1
[12:43:16] TINYDRAW_GATE1_PACED_COLD corpus=adversarial_tapered_4x zoom=400 x=0 y=0 steps=904 tiles=42 compute_us=543855 present_us=68105 touch_us=1436 pacing_us=14796 wall_us=628192 max_tick_us=10429 touch_samples=714 touch_interval_max_us=1154 touch_read_max_us=432 touch_events=0 touch_down=0 touch_up=0 touch_events_ge_8ms=0 touch_event_age_max_us=0 touch_errors=0 touch_overflows=0 pass=1
[12:43:16] TINYDRAW_GATE1_WORKLOAD kind=realistic seed=7 operations=1000 samples=19844 maximum_stroke=198 load_us=378808 raw_source=1 lod_copies=0
[12:43:17] TINYDRAW_GATE1_PACED_COLD corpus=seed7 zoom=400 x=63 y=63 steps=281 tiles=56 compute_us=276773 present_us=82253 touch_us=690 pacing_us=8262 wall_us=367978 max_tick_us=12822 touch_samples=948 touch_interval_max_us=1861 touch_read_max_us=507 touch_events=0 touch_down=0 touch_up=0 touch_events_ge_8ms=0 touch_event_age_max_us=0 touch_errors=0 touch_overflows=0 pass=1
[12:43:19] TINYDRAW_LIVE_PRESENT kind=gate_fallback zoom=100 x=0 y=0 compose_us=26646 scroll_us=0 exposed_compose_us=0 chrome_us=7735 read_submit_us=39698 read_complete_us=41290 transfer_wait_us=18151 tile_pixels=0 uniform_pixels=0 overview_pixels=0 fallback_pixels=164864 resident_tiles=0 fallback_tiles=42 pushes=11 tear_wait_us=11799 tear_sync=1 frame_reused=0 pass=1
[12:43:19] TINYDRAW_GATE1_HARD zoom=100 cold=1 operations=1000 samples=19844 steps=275 tiles=42 scanned=12000 rendered=5232 max_supertask_us=9749 presentation_us=69210 total_us=377925 pass=1
[12:43:19] TINYDRAW_GATE1_LIVE_OVERLAY clear_updates=47 clear_wall_max_us=2935 clear_submit_max_us=2170 clear_complete_max_us=2212 overlay_updates=26 overlay_wall_max_us=2928 overlay_submit_max_us=2366 overlay_complete_max_us=2400 overlay_chrome_max_us=0 clear_failures=0 overlay_failures=0 pass=1
[12:43:19] TINYDRAW_EDGE_INK corners=4 edge_failures=0 pass=1
[12:43:19] TINYDRAW_GATE1_PAN zoom=100 from_x=0 from_y=0 to_x=88 to_y=88 compose_us=21882 scroll_us=13 exposed_compose_us=21869 chrome_us=0 event_submit_us=27639 event_complete_us=29248 transfer_us=24412 setup=1 present=1 moved=1 frame_reused=1 pass=1
[12:43:19] TINYDRAW_LIVE_PRESENT kind=gate_fallback zoom=400 x=0 y=0 compose_us=25690 scroll_us=0 exposed_compose_us=0 chrome_us=7570 read_submit_us=31895 read_complete_us=33502 transfer_wait_us=18599 tile_pixels=0 uniform_pixels=0 overview_pixels=0 fallback_pixels=164864 resident_tiles=0 fallback_tiles=42 pushes=11 tear_wait_us=4961 tear_sync=1 frame_reused=0 pass=1
[12:43:19] TINYDRAW_GATE1_HARD zoom=400 cold=1 operations=1004 samples=19848 steps=217 tiles=42 scanned=12048 rendered=592 max_supertask_us=11178 presentation_us=68112 total_us=269384 pass=1
[12:43:19] ESP-ROM:esp32s3-20210327
[12:43:19] Build:Mar 27 2021
[12:43:19] rst:0x15 (USB_UART_CHIP_RESET),boot:0x2b (SPI_FAST_FLASH_BOOT)
[12:43:19] Saved PC:0x42029364
[12:43:19] SPIWP:0xee
[12:43:19] mode:DIO, clock div:1
[12:43:19] load:0x3fce2820,len:0x1664
[12:43:19] load:0x403c8700,len:0xf38
[12:43:19] load:0x403cb700,len:0x31e8
[12:43:19] entry 0x403c8930
[12:43:19] I (24) boot: ESP-IDF v6.0.2 2nd stage bootloader
[12:43:19] I (24) boot: compile time Aug 15 2026 12:38:36
[12:43:19] I (25) boot: Multicore bootloader
[12:43:19] I (25) boot: chip revision: v0.2
[12:43:19] I (28) boot: efuse block revision: v1.3
[12:43:19] I (31) qio_mode: Enabling default flash chip QIO
[12:43:19] I (36) boot.esp32s3: Boot SPI Speed : 80MHz
[12:43:19] I (39) boot.esp32s3: SPI Mode       : QIO
[12:43:19] I (43) boot.esp32s3: SPI Flash Size : 16MB
[12:43:19] I (47) boot: Enabling RNG early entropy source...
[12:43:19] I (51) boot: Partition Table:
[12:43:19] I (54) boot: ## Label            Usage          Type ST Offset   Length
[12:43:19] I (60) boot:  0 nvs              WiFi data        01 02 00009000 00006000
[12:43:19] I (67) boot:  1 phy_init         RF data          01 01 0000f000 00001000
[12:43:19] I (73) boot:  2 factory          factory app      00 00 00010000 00100000
[12:43:19] I (80) boot:  3 drawing          Unknown data     01 40 00110000 00300000
[12:43:19] I (86) boot:  4 export           Unknown data     01 41 00410000 00500000
[12:43:19] I (93) boot:  5 coredump         Unknown data     01 03 00910000 00010000
[12:43:19] I (100) boot: End of partition table
[12:43:19] I (103) esp_image: segment 0: paddr=00010020 vaddr=3c050020 size=1427ch ( 82556) map
[12:43:19] I (123) esp_image: segment 1: paddr=000242a4 vaddr=3fc94500 size=03764h ( 14180) load
[12:43:19] I (126) esp_image: segment 2: paddr=00027a10 vaddr=40374000 size=08608h ( 34312) load
[12:43:19] I (134) esp_image: segment 3: paddr=00030020 vaddr=42000020 size=476e0h (292576) map
[12:43:19] I (180) esp_image: segment 4: paddr=00077708 vaddr=4037c608 size=07e54h ( 32340) load
[12:43:19] I (187) esp_image: segment 5: paddr=0007f564 vaddr=50000000 size=00024h (    36) load
[12:43:19] I (194) boot: Loaded app from partition at offset 0x10000
[12:43:19] I (194) boot: Disabling RNG early entropy source...
[12:43:19] I (205) octal_psram: vendor id    : 0x0d (AP)
[12:43:19] I (205) octal_psram: dev id       : 0x02 (generation 3)
[12:43:19] I (205) octal_psram: density      : 0x03 (64 Mbit)
[12:43:19] I (207) octal_psram: good-die     : 0x01 (Pass)
[12:43:19] I (212) octal_psram: Latency      : 0x01 (Fixed)
[12:43:19] I (216) octal_psram: VCC          : 0x01 (3V)
[12:43:19] I (220) octal_psram: SRF          : 0x01 (Fast Refresh)
[12:43:19] I (225) octal_psram: BurstType    : 0x01 (Hybrid Wrap)
[12:43:19] I (230) octal_psram: BurstLen     : 0x01 (32 Byte)
[12:43:19] I (234) octal_psram: Readlatency  : 0x02 (10 cycles@Fixed)
[12:43:19] I (240) octal_psram: DriveStrength: 0x00 (1/1)
[12:43:19] I (244) MSPI Timing: Enter psram timing tuning
[12:43:19] I (249) esp_psram: Found 8MB PSRAM device
[12:43:19] I (252) esp_psram: Speed: 80MHz
[12:43:19] I (255) cpu_start: Multicore app
[12:43:19] I (671) esp_psram: SPI SRAM memory test OK
[12:43:19] I (679) cpu_start: GPIO 44 and 43 are used as console UART I/O pins
[12:43:19] I (679) cpu_start: Pro cpu start user code
[12:43:19] I (679) cpu_start: cpu freq: 240000000 Hz
[12:43:19] I (681) app_init: Application information:
[12:43:19] I (685) app_init: Project name:     tinydraw_esp32
[12:43:19] I (689) app_init: App version:      c86f3ac
[12:43:19] I (693) app_init: Compile time:     Aug 15 2026 12:38:30
[12:43:19] I (698) app_init: ELF file SHA256:  603c6763f...
[12:43:19] I (703) app_init: ESP-IDF:          v6.0.2
[12:43:19] I (707) efuse_init: Min chip rev:     v0.0
[12:43:20] I (710) efuse_init: Max chip rev:     v0.99 
[12:43:20] I (714) efuse_init: Chip rev:         v0.2
[12:43:20] I (718) heap_init: Initializing. RAM available for dynamic allocation:
[12:43:20] I (724) heap_init: At 3FC99090 len 00050680 (321 KiB): RAM
[12:43:20] I (730) heap_init: At 3FCE9710 len 00005724 (21 KiB): RAM
[12:43:20] I (735) heap_init: At 3FCF0000 len 00008000 (32 KiB): DRAM
[12:43:20] I (740) heap_init: At 600FE000 len 00001FE8 (7 KiB): RTCRAM
[12:43:20] I (745) esp_psram: Adding pool of 8192K of PSRAM memory to heap allocator
[12:43:20] I (752) spi_flash: detected chip: generic
[12:43:20] I (755) spi_flash: flash io: qio
[12:43:20] I (759) sleep_gpio: Configure to isolate all GPIO pins in sleep state
[12:43:20] I (765) sleep_gpio: Enable automatic switching of GPIO sleep configuration
[12:43:20] I (772) main_task: Started on CPU0
[12:43:20] I (775) main_task: Calling app_main()
[12:43:20] TINYDRAW_PANEL_HARD_RESET=1
[12:43:20] I (972) co5300: version: 2.1.0
[12:43:20] I (973) co5300_spi: LCD panel create success, version: 2.1.0
[12:43:20] W (1053) co5300_spi: The 3Ah command has been used and will be overwritten by external initialization sequence
[12:43:20] I (1154) CST816S: IC id: 183
[12:43:20] TINYDRAW_LIVE_PRESENT kind=startup zoom=25 x=0 y=0 compose_us=36450 scroll_us=0 exposed_compose_us=0 chrome_us=7939 read_submit_us=0 read_complete_us=0 transfer_wait_us=18477 tile_pixels=0 uniform_pixels=0 overview_pixels=164864 fallback_pixels=0 resident_tiles=0 fallback_tiles=0 pushes=11 tear_wait_us=6130 tear_sync=1 frame_reused=0 pass=1
[12:43:21] TINYDRAW_LIVE_STRESS operations=1000 samples=20000 total_us=480249 average_us=480 maximum_us=1161 free_psram=1987924 largest_psram=1966080
[12:43:21] TINYDRAW_LIVE_PRESENT kind=gate_fallback zoom=100 x=0 y=0 compose_us=26310 scroll_us=0 exposed_compose_us=0 chrome_us=7755 read_submit_us=44269 read_complete_us=45876 transfer_wait_us=18044 tile_pixels=0 uniform_pixels=0 overview_pixels=0 fallback_pixels=164864 resident_tiles=0 fallback_tiles=42 pushes=11 tear_wait_us=16721 tear_sync=1 frame_reused=0 pass=1
[12:43:21] TINYDRAW_GATE1_HARD zoom=100 cold=1 operations=1000 samples=20000 steps=192 tiles=42 scanned=12000 rendered=1659 max_supertask_us=9607 presentation_us=71205 total_us=276812 pass=1
[12:43:21] TINYDRAW_LIVE_PRESENT kind=gate_fallback zoom=400 x=0 y=0 compose_us=25733 scroll_us=0 exposed_compose_us=0 chrome_us=7711 read_submit_us=40421 read_complete_us=42027 transfer_wait_us=18282 tile_pixels=0 uniform_pixels=0 overview_pixels=0 fallback_pixels=164864 resident_tiles=0 fallback_tiles=42 pushes=11 tear_wait_us=13466 tear_sync=1 frame_reused=0 pass=1
[12:43:21] TINYDRAW_GATE1_HARD zoom=400 cold=1 operations=1000 samples=20000 steps=196 tiles=42 scanned=12000 rendered=120 max_supertask_us=8881 presentation_us=68473 total_us=211908 pass=1
[12:43:22] TINYDRAW_OVERLAP_WORKLOAD operations=8 samples=1200 radius_world=80
[12:43:22] TINYDRAW_GATE1_PACED_COLD corpus=overlap zoom=50 x=215 y=255 steps=334 tiles=56 compute_us=376100 present_us=86138 touch_us=1045 pacing_us=8248 wall_us=471531 max_tick_us=10463 touch_samples=2272 touch_interval_max_us=1869 touch_read_max_us=597 touch_events=0 touch_down=0 touch_up=0 touch_events_ge_8ms=0 touch_event_age_max_us=0 touch_errors=0 touch_overflows=0 pass=1
[12:43:23] TINYDRAW_GATE1_PACED_COLD corpus=overlap zoom=100 x=583 y=703 steps=172 tiles=48 compute_us=235487 present_us=82192 touch_us=664 pacing_us=6486 wall_us=324829 max_tick_us=10024 touch_samples=407 touch_interval_max_us=1770 touch_read_max_us=522 touch_events=0 touch_down=0 touch_up=0 touch_events_ge_8ms=0 touch_event_age_max_us=0 touch_errors=0 touch_overflows=0 pass=1
[12:43:23] TINYDRAW_GATE1_PACED_COLD corpus=overlap zoom=200 x=1319 y=1599 steps=128 tiles=56 compute_us=238779 present_us=80436 touch_us=616 pacing_us=4634 wall_us=324465 max_tick_us=9887 touch_samples=418 touch_interval_max_us=1906 touch_read_max_us=485 touch_events=0 touch_down=0 touch_up=0 touch_events_ge_8ms=0 touch_event_age_max_us=0 touch_errors=0 touch_overflows=0 pass=1
[12:43:24] TINYDRAW_GATE1_PACED_COLD corpus=overlap zoom=400 x=2791 y=3391 steps=94 tiles=56 compute_us=225207 present_us=83221 touch_us=559 pacing_us=4514 wall_us=313501 max_tick_us=10131 touch_samples=392 touch_interval_max_us=1126 touch_read_max_us=420 touch_events=0 touch_down=0 touch_up=0 touch_events_ge_8ms=0 touch_event_age_max_us=0 touch_errors=0 touch_overflows=0 pass=1
[12:43:24] TINYDRAW_ADVERSARIAL_TAPERED_WORKLOAD operations=128 samples=4096 erasers=12 load_us=219377 appended=1
[12:43:24] TINYDRAW_GATE1_PACED_COLD corpus=adversarial_tapered_4x zoom=50 x=0 y=0 steps=104 tiles=42 compute_us=95744 present_us=63306 touch_us=419 pacing_us=4539 wall_us=164008 max_tick_us=8640 touch_samples=506 touch_interval_max_us=1130 touch_read_max_us=401 touch_events=0 touch_down=0 touch_up=0 touch_events_ge_8ms=0 touch_event_age_max_us=0 touch_errors=0 touch_overflows=0 pass=1
[12:43:24] TINYDRAW_GATE1_PACED_COLD corpus=adversarial_tapered_4x zoom=100 x=0 y=0 steps=348 tiles=42 compute_us=157076 present_us=62078 touch_us=605 pacing_us=4982 wall_us=224741 max_tick_us=8643 touch_samples=312 touch_interval_max_us=1127 touch_read_max_us=401 touch_events=0 touch_down=0 touch_up=0 touch_events_ge_8ms=0 touch_event_age_max_us=0 touch_errors=0 touch_overflows=0 pass=1
[12:43:25] TINYDRAW_GATE1_PACED_COLD corpus=adversarial_tapered_4x zoom=200 x=0 y=0 steps=1214 tiles=42 compute_us=436578 present_us=65604 touch_us=1330 pacing_us=15425 wall_us=518937 max_tick_us=10263 touch_samples=597 touch_interval_max_us=1094 touch_read_max_us=392 touch_events=0 touch_down=0 touch_up=0 touch_events_ge_8ms=0 touch_event_age_max_us=0 touch_errors=0 touch_overflows=0 pass=1
[12:43:26] TINYDRAW_GATE1_PACED_COLD corpus=adversarial_tapered_4x zoom=400 x=0 y=0 steps=904 tiles=42 compute_us=543800 present_us=67751 touch_us=1410 pacing_us=15171 wall_us=628132 max_tick_us=10393 touch_samples=713 touch_interval_max_us=1153 touch_read_max_us=427 touch_events=0 touch_down=0 touch_up=0 touch_events_ge_8ms=0 touch_event_age_max_us=0 touch_errors=0 touch_overflows=0 pass=1
[12:43:26] TINYDRAW_GATE1_WORKLOAD kind=realistic seed=7 operations=1000 samples=19844 maximum_stroke=198 load_us=377559 raw_source=1 lod_copies=0
[12:43:27] TINYDRAW_GATE1_PACED_COLD corpus=seed7 zoom=400 x=63 y=63 steps=281 tiles=56 compute_us=276876 present_us=83140 touch_us=690 pacing_us=8259 wall_us=368965 max_tick_us=12831 touch_samples=950 touch_interval_max_us=1148 touch_read_max_us=430 touch_events=0 touch_down=0 touch_up=0 touch_events_ge_8ms=0 touch_event_age_max_us=0 touch_errors=0 touch_overflows=0 pass=1
[12:43:27] TINYDRAW_LIVE_PRESENT kind=gate_fallback zoom=100 x=0 y=0 compose_us=26624 scroll_us=0 exposed_compose_us=0 chrome_us=7747 read_submit_us=37833 read_complete_us=39440 transfer_wait_us=18019 tile_pixels=0 uniform_pixels=0 overview_pixels=0 fallback_pixels=164864 resident_tiles=0 fallback_tiles=42 pushes=11 tear_wait_us=9971 tear_sync=1 frame_reused=0 pass=1
[12:43:29] TINYDRAW_GATE1_HARD zoom=100 cold=1 operations=1000 samples=19844 steps=275 tiles=42 scanned=12000 rendered=5232 max_supertask_us=9766 presentation_us=69124 total_us=378239 pass=1
[12:43:29] TINYDRAW_GATE1_LIVE_OVERLAY clear_updates=47 clear_wall_max_us=2935 clear_submit_max_us=2167 clear_complete_max_us=2210 overlay_updates=26 overlay_wall_max_us=2927 overlay_submit_max_us=2338 overlay_complete_max_us=2377 overlay_chrome_max_us=0 clear_failures=0 overlay_failures=0 pass=1
[12:43:29] TINYDRAW_EDGE_INK corners=4 edge_failures=0 pass=1
[12:43:29] TINYDRAW_GATE1_PAN zoom=100 from_x=0 from_y=0 to_x=88 to_y=88 compose_us=21846 scroll_us=13 exposed_compose_us=21833 chrome_us=0 event_submit_us=27435 event_complete_us=29038 transfer_us=24506 setup=1 present=1 moved=1 frame_reused=1 pass=1
[12:43:29] TINYDRAW_LIVE_PRESENT kind=gate_fallback zoom=400 x=0 y=0 compose_us=25766 scroll_us=0 exposed_compose_us=0 chrome_us=7593 read_submit_us=31680 read_complete_us=33288 transfer_wait_us=17942 tile_pixels=0 uniform_pixels=0 overview_pixels=0 fallback_pixels=164864 resident_tiles=0 fallback_tiles=42 pushes=11 tear_wait_us=4673 tear_sync=1 frame_reused=0 pass=1
[12:43:29] TINYDRAW_GATE1_HARD zoom=400 cold=1 operations=1004 samples=19848 steps=217 tiles=42 scanned=12048 rendered=592 max_supertask_us=11172 presentation_us=68069 total_us=269357 pass=1
[12:43:29] TINYDRAW_GATE1_PAN zoom=400 from_x=0 from_y=0 to_x=88 to_y=88 compose_us=21801 scroll_us=13 exposed_compose_us=21788 chrome_us=0 event_submit_us=27117 event_complete_us=28727 transfer_us=24385 setup=1 present=1 moved=1 frame_reused=1 pass=1
[12:40:25] ESP-ROM:esp32s3-20210327
[12:40:25] Build:Mar 27 2021
[12:40:25] rst:0x15 (USB_UART_CHIP_RESET),boot:0x2b (SPI_FAST_FLASH_BOOT)
[12:40:25] Saved PC:0x42029364
[12:40:25] SPIWP:0xee
[12:40:25] mode:DIO, clock div:1
[12:40:25] load:0x3fce2820,len:0x1664
[12:40:25] load:0x403c8700,len:0xf38
[12:40:25] load:0x403cb700,len:0x31e8
[12:40:25] entry 0x403c8930
[12:40:25] I (24) boot: ESP-IDF v6.0.2 2nd stage bootloader
[12:40:25] I (24) boot: compile time Aug 15 2026 12:38:36
[12:40:25] I (25) boot: Multicore bootloader
[12:40:25] I (25) boot: chip revision: v0.2
[12:40:25] I (28) boot: efuse block revision: v1.3
[12:40:25] I (31) qio_mode: Enabling default flash chip QIO
[12:40:25] I (36) boot.esp32s3: Boot SPI Speed : 80MHz
[12:40:25] I (39) boot.esp32s3: SPI Mode       : QIO
[12:40:25] I (43) boot.esp32s3: SPI Flash Size : 16MB
[12:40:25] I (47) boot: Enabling RNG early entropy source...
[12:40:25] I (51) boot: Partition Table:
[12:40:25] I (54) boot: ## Label            Usage          Type ST Offset   Length
[12:40:25] I (60) boot:  0 nvs              WiFi data        01 02 00009000 00006000
[12:40:25] I (67) boot:  1 phy_init         RF data          01 01 0000f000 00001000
[12:40:25] I (73) boot:  2 factory          factory app      00 00 00010000 00100000
[12:40:25] I (80) boot:  3 drawing          Unknown data     01 40 00110000 00300000
[12:40:25] I (86) boot:  4 export           Unknown data     01 41 00410000 00500000
[12:40:25] I (93) boot:  5 coredump         Unknown data     01 03 00910000 00010000
[12:40:25] I (100) boot: End of partition table
[12:40:25] I (103) esp_image: segment 0: paddr=00010020 vaddr=3c050020 size=1427ch ( 82556) map
[12:40:25] I (123) esp_image: segment 1: paddr=000242a4 vaddr=3fc94500 size=03764h ( 14180) load
[12:40:25] I (126) esp_image: segment 2: paddr=00027a10 vaddr=40374000 size=08608h ( 34312) load
[12:40:25] I (134) esp_image: segment 3: paddr=00030020 vaddr=42000020 size=476e0h (292576) map
[12:40:25] I (180) esp_image: segment 4: paddr=00077708 vaddr=4037c608 size=07e54h ( 32340) load
[12:40:25] I (187) esp_image: segment 5: paddr=0007f564 vaddr=50000000 size=00024h (    36) load
[12:40:25] I (194) boot: Loaded app from partition at offset 0x10000
[12:40:25] I (194) boot: Disabling RNG early entropy source...
[12:40:25] I (205) octal_psram: vendor id    : 0x0d (AP)
[12:40:25] I (205) octal_psram: dev id       : 0x02 (generation 3)
[12:40:25] I (205) octal_psram: density      : 0x03 (64 Mbit)
[12:40:25] I (207) octal_psram: good-die     : 0x01 (Pass)
[12:40:25] I (212) octal_psram: Latency      : 0x01 (Fixed)
[12:40:25] I (216) octal_psram: VCC          : 0x01 (3V)
[12:40:25] I (220) octal_psram: SRF          : 0x01 (Fast Refresh)
[12:40:25] I (225) octal_psram: BurstType    : 0x01 (Hybrid Wrap)
[12:40:25] I (230) octal_psram: BurstLen     : 0x01 (32 Byte)
[12:40:25] I (234) octal_psram: Readlatency  : 0x02 (10 cycles@Fixed)
[12:40:25] I (240) octal_psram: DriveStrength: 0x00 (1/1)
[12:40:25] I (244) MSPI Timing: Enter psram timing tuning
[12:40:25] I (249) esp_psram: Found 8MB PSRAM device
[12:40:25] I (252) esp_psram: Speed: 80MHz
[12:40:25] I (255) cpu_start: Multicore app
[12:40:25] I (671) esp_psram: SPI SRAM memory test OK
[12:40:25] I (679) cpu_start: GPIO 44 and 43 are used as console UART I/O pins
[12:40:25] I (679) cpu_start: Pro cpu start user code
[12:40:25] I (679) cpu_start: cpu freq: 240000000 Hz
[12:40:25] I (681) app_init: Application information:
[12:40:25] I (685) app_init: Project name:     tinydraw_esp32
[12:40:25] I (689) app_init: App version:      c86f3ac
[12:40:25] I (693) app_init: Compile time:     Aug 15 2026 12:38:30
[12:40:25] I (698) app_init: ELF file SHA256:  603c6763f...
[12:40:26] I (703) app_init: ESP-IDF:          v6.0.2
[12:40:26] I (707) efuse_init: Min chip rev:     v0.0
[12:40:26] I (710) efuse_init: Max chip rev:     v0.99 
[12:40:26] I (714) efuse_init: Chip rev:         v0.2
[12:40:26] I (718) heap_init: Initializing. RAM available for dynamic allocation:
[12:40:26] I (724) heap_init: At 3FC99090 len 00050680 (321 KiB): RAM
[12:40:26] I (730) heap_init: At 3FCE9710 len 00005724 (21 KiB): RAM
[12:40:26] I (735) heap_init: At 3FCF0000 len 00008000 (32 KiB): DRAM
[12:40:26] I (740) heap_init: At 600FE000 len 00001FE8 (7 KiB): RTCRAM
[12:40:26] I (745) esp_psram: Adding pool of 8192K of PSRAM memory to heap allocator
[12:40:26] I (752) spi_flash: detected chip: generic
[12:40:26] I (755) spi_flash: flash io: qio
[12:40:26] I (759) sleep_gpio: Configure to isolate all GPIO pins in sleep state
[12:40:26] I (765) sleep_gpio: Enable automatic switching of GPIO sleep configuration
[12:40:26] I (772) main_task: Started on CPU0
[12:40:26] I (775) main_task: Calling app_main()
[12:40:26] E (808) i2c.master: I2C transaction timeout detected
[12:40:26] TINYDRAW_PANEL_HARD_RESET=0
[12:40:26] I (979) co5300: version: 2.1.0
[12:40:26] I (980) co5300_spi: LCD panel create success, version: 2.1.0
[12:40:26] W (1060) co5300_spi: The 3Ah command has been used and will be overwritten by external initialization sequence
[12:40:26] I (1161) CST816S: IC id: 183
[12:40:26] TINYDRAW_PANEL_TE_HEAL paged=1 sent=1 high=0/34 edges_delta=0 isr_reinstall=0 falling_edges=0
[12:40:26] TINYDRAW_LIVE_PRESENT kind=startup zoom=25 x=0 y=0 compose_us=36427 scroll_us=0 exposed_compose_us=0 chrome_us=7950 read_submit_us=0 read_complete_us=0 transfer_wait_us=18878 tile_pixels=0 uniform_pixels=0 overview_pixels=164864 fallback_pixels=0 resident_tiles=0 fallback_tiles=0 pushes=11 tear_wait_us=107787 tear_sync=0 frame_reused=0 pass=1
[12:40:27] TINYDRAW_LIVE_STRESS operations=1000 samples=20000 total_us=478956 average_us=478 maximum_us=1077 free_psram=1987924 largest_psram=1966080
[12:40:27] TINYDRAW_LIVE_PRESENT kind=gate_fallback zoom=100 x=0 y=0 compose_us=26300 scroll_us=0 exposed_compose_us=0 chrome_us=7718 read_submit_us=66633 read_complete_us=68245 transfer_wait_us=18856 tile_pixels=0 uniform_pixels=0 overview_pixels=0 fallback_pixels=164864 resident_tiles=0 fallback_tiles=42 pushes=11 tear_wait_us=39090 tear_sync=0 frame_reused=0 pass=1
[12:40:27] TINYDRAW_GATE1_HARD zoom=100 cold=1 operations=1000 samples=20000 steps=192 tiles=42 scanned=12000 rendered=1659 max_supertask_us=9543 presentation_us=70664 total_us=275757 pass=1
[12:40:27] TINYDRAW_PANEL_TE_HEAL paged=1 sent=1 high=0/34 edges_delta=0 isr_reinstall=0 falling_edges=0
[12:40:27] TINYDRAW_LIVE_PRESENT kind=gate_fallback zoom=400 x=0 y=0 compose_us=25585 scroll_us=0 exposed_compose_us=0 chrome_us=7658 read_submit_us=133893 read_complete_us=135501 transfer_wait_us=18888 tile_pixels=0 uniform_pixels=0 overview_pixels=0 fallback_pixels=164864 resident_tiles=0 fallback_tiles=42 pushes=11 tear_wait_us=107101 tear_sync=0 frame_reused=0 pass=1
[12:40:27] TINYDRAW_GATE1_HARD zoom=400 cold=1 operations=1000 samples=20000 steps=196 tiles=42 scanned=12000 rendered=120 max_supertask_us=8841 presentation_us=67462 total_us=210525 pass=1
[12:40:28] TINYDRAW_OVERLAP_WORKLOAD operations=8 samples=1200 radius_world=80
[12:40:28] TINYDRAW_GATE1_PACED_COLD corpus=overlap zoom=50 x=215 y=255 steps=334 tiles=56 compute_us=375222 present_us=84365 touch_us=1040 pacing_us=7865 wall_us=468492 max_tick_us=9795 touch_samples=2517 touch_interval_max_us=1990 touch_read_max_us=597 touch_events=0 touch_down=0 touch_up=0 touch_events_ge_8ms=0 touch_event_age_max_us=0 touch_errors=0 touch_overflows=0 pass=1
[12:40:29] TINYDRAW_PANEL_TE_HEAL paged=1 sent=1 high=0/34 edges_delta=0 isr_reinstall=0 falling_edges=0
[12:40:29] TINYDRAW_GATE1_PACED_COLD corpus=overlap zoom=100 x=583 y=703 steps=172 tiles=48 compute_us=235148 present_us=82317 touch_us=660 pacing_us=6714 wall_us=324839 max_tick_us=10021 touch_samples=509 touch_interval_max_us=1778 touch_read_max_us=512 touch_events=0 touch_down=0 touch_up=0 touch_events_ge_8ms=0 touch_event_age_max_us=0 touch_errors=0 touch_overflows=0 pass=1
[12:40:29] TINYDRAW_GATE1_PACED_COLD corpus=overlap zoom=200 x=1319 y=1599 steps=128 tiles=56 compute_us=238457 present_us=80704 touch_us=608 pacing_us=4720 wall_us=324489 max_tick_us=9873 touch_samples=443 touch_interval_max_us=1162 touch_read_max_us=457 touch_events=0 touch_down=0 touch_up=0 touch_events_ge_8ms=0 touch_event_age_max_us=0 touch_errors=0 touch_overflows=0 pass=1
[12:40:30] TINYDRAW_GATE1_PACED_COLD corpus=overlap zoom=400 x=2791 y=3391 steps=94 tiles=56 compute_us=224567 present_us=81850 touch_us=570 pacing_us=4544 wall_us=311531 max_tick_us=10115 touch_samples=430 touch_interval_max_us=1130 touch_read_max_us=438 touch_events=0 touch_down=0 touch_up=0 touch_events_ge_8ms=0 touch_event_age_max_us=0 touch_errors=0 touch_overflows=0 pass=1
[12:40:30] TINYDRAW_ADVERSARIAL_TAPERED_WORKLOAD operations=128 samples=4096 erasers=12 load_us=218905 appended=1
[12:40:30] TINYDRAW_PANEL_TE_HEAL paged=1 sent=1 high=0/34 edges_delta=0 isr_reinstall=0 falling_edges=0
[12:40:30] TINYDRAW_GATE1_PACED_COLD corpus=adversarial_tapered_4x zoom=50 x=0 y=0 steps=104 tiles=42 compute_us=95402 present_us=63417 touch_us=415 pacing_us=4808 wall_us=164042 max_tick_us=8647 touch_samples=606 touch_interval_max_us=1115 touch_read_max_us=398 touch_events=0 touch_down=0 touch_up=0 touch_events_ge_8ms=0 touch_event_age_max_us=0 touch_errors=0 touch_overflows=0 pass=1
[12:40:31] TINYDRAW_GATE1_PACED_COLD corpus=adversarial_tapered_4x zoom=100 x=0 y=0 steps=348 tiles=42 compute_us=156942 present_us=62113 touch_us=607 pacing_us=5105 wall_us=224767 max_tick_us=8651 touch_samples=342 touch_interval_max_us=1121 touch_read_max_us=391 touch_events=0 touch_down=0 touch_up=0 touch_events_ge_8ms=0 touch_event_age_max_us=0 touch_errors=0 touch_overflows=0 pass=1
[12:40:32] TINYDRAW_GATE1_PACED_COLD corpus=adversarial_tapered_4x zoom=200 x=0 y=0 steps=1214 tiles=42 compute_us=436712 present_us=65300 touch_us=1361 pacing_us=16557 wall_us=519930 max_tick_us=9366 touch_samples=637 touch_interval_max_us=1118 touch_read_max_us=392 touch_events=0 touch_down=0 touch_up=0 touch_events_ge_8ms=0 touch_event_age_max_us=0 touch_errors=0 touch_overflows=0 pass=1
[12:40:32] TINYDRAW_PANEL_TE_HEAL paged=1 sent=1 high=0/34 edges_delta=0 isr_reinstall=0 falling_edges=0
[12:40:33] TINYDRAW_GATE1_PACED_COLD corpus=adversarial_tapered_4x zoom=400 x=0 y=0 steps=904 tiles=42 compute_us=543032 present_us=67087 touch_us=1430 pacing_us=15608 wall_us=627157 max_tick_us=10394 touch_samples=812 touch_interval_max_us=1144 touch_read_max_us=427 touch_events=0 touch_down=0 touch_up=0 touch_events_ge_8ms=0 touch_event_age_max_us=0 touch_errors=0 touch_overflows=0 pass=1
[12:40:33] TINYDRAW_GATE1_WORKLOAD kind=realistic seed=7 operations=1000 samples=19844 maximum_stroke=198 load_us=379718 raw_source=1 lod_copies=0
[12:40:33] TINYDRAW_PANEL_TE_HEAL paged=1 sent=1 high=0/34 edges_delta=0 isr_reinstall=0 falling_edges=0
[12:40:33] TINYDRAW_GATE1_PACED_COLD corpus=seed7 zoom=400 x=63 y=63 steps=281 tiles=56 compute_us=276321 present_us=81708 touch_us=703 pacing_us=8253 wall_us=366985 max_tick_us=12795 touch_samples=1045 touch_interval_max_us=1887 touch_read_max_us=493 touch_events=0 touch_down=0 touch_up=0 touch_events_ge_8ms=0 touch_event_age_max_us=0 touch_errors=0 touch_overflows=0 pass=1
[12:40:35] TINYDRAW_LIVE_PRESENT kind=gate_fallback zoom=100 x=0 y=0 compose_us=26582 scroll_us=0 exposed_compose_us=0 chrome_us=7713 read_submit_us=66917 read_complete_us=68526 transfer_wait_us=18853 tile_pixels=0 uniform_pixels=0 overview_pixels=0 fallback_pixels=164864 resident_tiles=0 fallback_tiles=42 pushes=11 tear_wait_us=39098 tear_sync=0 frame_reused=0 pass=1
[12:40:35] TINYDRAW_GATE1_HARD zoom=100 cold=1 operations=1000 samples=19844 steps=275 tiles=42 scanned=12000 rendered=5232 max_supertask_us=9738 presentation_us=70067 total_us=377912 pass=1
[12:40:35] TINYDRAW_PANEL_TE_HEAL paged=1 sent=1 high=0/34 edges_delta=0 isr_reinstall=0 falling_edges=0
[12:40:35] TINYDRAW_GATE1_LIVE_OVERLAY clear_updates=47 clear_wall_max_us=2935 clear_submit_max_us=2169 clear_complete_max_us=2211 overlay_updates=26 overlay_wall_max_us=2922 overlay_submit_max_us=2363 overlay_complete_max_us=2396 overlay_chrome_max_us=0 clear_failures=0 overlay_failures=0 pass=1
[12:40:35] TINYDRAW_EDGE_INK corners=4 edge_failures=0 pass=1
[12:40:35] TINYDRAW_PANEL_TE_HEAL paged=1 sent=1 high=0/34 edges_delta=0 isr_reinstall=0 falling_edges=0
[12:40:35] TINYDRAW_GATE1_PAN zoom=100 from_x=0 from_y=0 to_x=88 to_y=88 compose_us=28811 scroll_us=0 exposed_compose_us=0 chrome_us=7652 event_submit_us=158939 event_complete_us=160546 transfer_us=18881 setup=1 present=1 moved=1 frame_reused=0 pass=0
[12:40:35] TINYDRAW_LIVE_PRESENT kind=gate_fallback zoom=400 x=0 y=0 compose_us=25714 scroll_us=0 exposed_compose_us=0 chrome_us=7649 read_submit_us=66432 read_complete_us=68041 transfer_wait_us=18868 tile_pixels=0 uniform_pixels=0 overview_pixels=0 fallback_pixels=164864 resident_tiles=0 fallback_tiles=42 pushes=11 tear_wait_us=39472 tear_sync=0 frame_reused=0 pass=1
[12:43:29] ESP-ROM:esp32s3-20210327
[12:43:29] Build:Mar 27 2021
[12:43:29] rst:0x15 (USB_UART_CHIP_RESET),boot:0x2b (SPI_FAST_FLASH_BOOT)
[12:43:29] Saved PC:0x4202934d
[12:43:29] SPIWP:0xee
[12:43:29] mode:DIO, clock div:1
[12:43:29] load:0x3fce2820,len:0x1664
[12:43:29] load:0x403c8700,len:0xf38
[12:43:29] load:0x403cb700,len:0x31e8
[12:43:29] entry 0x403c8930
[12:43:29] I (24) boot: ESP-IDF v6.0.2 2nd stage bootloader
[12:43:29] I (24) boot: compile time Aug 15 2026 12:38:36
[12:43:29] I (25) boot: Multicore bootloader
[12:43:29] I (25) boot: chip revision: v0.2
[12:43:29] I (28) boot: efuse block revision: v1.3
[12:43:29] I (31) qio_mode: Enabling default flash chip QIO
[12:43:29] I (36) boot.esp32s3: Boot SPI Speed : 80MHz
[12:43:29] I (39) boot.esp32s3: SPI Mode       : QIO
[12:43:29] I (43) boot.esp32s3: SPI Flash Size : 16MB
[12:43:29] I (47) boot: Enabling RNG early entropy source...
[12:43:29] I (51) boot: Partition Table:
[12:43:29] I (54) boot: ## Label            Usage          Type ST Offset   Length
[12:43:29] I (60) boot:  0 nvs              WiFi data        01 02 00009000 00006000
[12:43:29] I (67) boot:  1 phy_init         RF data          01 01 0000f000 00001000
[12:43:29] I (73) boot:  2 factory          factory app      00 00 00010000 00100000
[12:43:29] I (80) boot:  3 drawing          Unknown data     01 40 00110000 00300000
[12:43:29] I (86) boot:  4 export           Unknown data     01 41 00410000 00500000
[12:43:29] I (93) boot:  5 coredump         Unknown data     01 03 00910000 00010000
[12:43:29] I (100) boot: End of partition table
[12:43:29] I (103) esp_image: segment 0: paddr=00010020 vaddr=3c050020 size=1427ch ( 82556) map
[12:43:29] I (123) esp_image: segment 1: paddr=000242a4 vaddr=3fc94500 size=03764h ( 14180) load
[12:43:29] I (126) esp_image: segment 2: paddr=00027a10 vaddr=40374000 size=08608h ( 34312) load
[12:43:29] I (134) esp_image: segment 3: paddr=00030020 vaddr=42000020 size=476e0h (292576) map
[12:43:29] I (180) esp_image: segment 4: paddr=00077708 vaddr=4037c608 size=07e54h ( 32340) load
[12:43:29] I (187) esp_image: segment 5: paddr=0007f564 vaddr=50000000 size=00024h (    36) load
[12:43:29] I (194) boot: Loaded app from partition at offset 0x10000
[12:43:29] I (194) boot: Disabling RNG early entropy source...
[12:43:29] I (205) octal_psram: vendor id    : 0x0d (AP)
[12:43:29] I (205) octal_psram: dev id       : 0x02 (generation 3)
[12:43:29] I (205) octal_psram: density      : 0x03 (64 Mbit)
[12:43:29] I (207) octal_psram: good-die     : 0x01 (Pass)
[12:43:29] I (212) octal_psram: Latency      : 0x01 (Fixed)
[12:43:29] I (216) octal_psram: VCC          : 0x01 (3V)
[12:43:29] I (220) octal_psram: SRF          : 0x01 (Fast Refresh)
[12:43:29] I (225) octal_psram: BurstType    : 0x01 (Hybrid Wrap)
[12:43:29] I (230) octal_psram: BurstLen     : 0x01 (32 Byte)
[12:43:29] I (234) octal_psram: Readlatency  : 0x02 (10 cycles@Fixed)
[12:43:29] I (240) octal_psram: DriveStrength: 0x00 (1/1)
[12:43:29] I (244) MSPI Timing: Enter psram timing tuning
[12:43:29] I (249) esp_psram: Found 8MB PSRAM device
[12:43:29] I (252) esp_psram: Speed: 80MHz
[12:43:29] I (255) cpu_start: Multicore app
[12:43:29] I (671) esp_psram: SPI SRAM memory test OK
[12:43:29] I (679) cpu_start: GPIO 44 and 43 are used as console UART I/O pins
[12:43:29] I (679) cpu_start: Pro cpu start user code
[12:43:29] I (679) cpu_start: cpu freq: 240000000 Hz
[12:43:29] I (681) app_init: Application information:
[12:43:29] I (685) app_init: Project name:     tinydraw_esp32
[12:43:29] I (689) app_init: App version:      c86f3ac
[12:43:29] I (693) app_init: Compile time:     Aug 15 2026 12:38:30
[12:43:29] I (698) app_init: ELF file SHA256:  603c6763f...
[12:43:29] I (703) app_init: ESP-IDF:          v6.0.2
[12:43:29] I (707) efuse_init: Min chip rev:     v0.0
[12:43:30] I (710) efuse_init: Max chip rev:     v0.99 
[12:43:30] I (714) efuse_init: Chip rev:         v0.2
[12:43:30] I (718) heap_init: Initializing. RAM available for dynamic allocation:
[12:43:30] I (724) heap_init: At 3FC99090 len 00050680 (321 KiB): RAM
[12:43:30] I (730) heap_init: At 3FCE9710 len 00005724 (21 KiB): RAM
[12:43:30] I (735) heap_init: At 3FCF0000 len 00008000 (32 KiB): DRAM
[12:43:30] I (740) heap_init: At 600FE000 len 00001FE8 (7 KiB): RTCRAM
[12:43:30] I (745) esp_psram: Adding pool of 8192K of PSRAM memory to heap allocator
[12:43:30] I (752) spi_flash: detected chip: generic
[12:43:30] I (755) spi_flash: flash io: qio
[12:43:30] I (759) sleep_gpio: Configure to isolate all GPIO pins in sleep state
[12:43:30] I (765) sleep_gpio: Enable automatic switching of GPIO sleep configuration
[12:43:30] I (772) main_task: Started on CPU0
[12:43:30] I (775) main_task: Calling app_main()
[12:43:30] TINYDRAW_PANEL_HARD_RESET=1
[12:43:30] I (972) co5300: version: 2.1.0
[12:43:30] I (973) co5300_spi: LCD panel create success, version: 2.1.0
[12:43:30] W (1053) co5300_spi: The 3Ah command has been used and will be overwritten by external initialization sequence
[12:43:30] I (1154) CST816S: IC id: 183
[12:43:30] TINYDRAW_LIVE_PRESENT kind=startup zoom=25 x=0 y=0 compose_us=36451 scroll_us=0 exposed_compose_us=0 chrome_us=7939 read_submit_us=0 read_complete_us=0 transfer_wait_us=18416 tile_pixels=0 uniform_pixels=0 overview_pixels=164864 fallback_pixels=0 resident_tiles=0 fallback_tiles=0 pushes=11 tear_wait_us=6174 tear_sync=1 frame_reused=0 pass=1
[12:43:31] TINYDRAW_LIVE_STRESS operations=1000 samples=20000 total_us=482614 average_us=482 maximum_us=1158 free_psram=1987924 largest_psram=1966080
[12:43:31] TINYDRAW_LIVE_PRESENT kind=gate_fallback zoom=100 x=0 y=0 compose_us=26399 scroll_us=0 exposed_compose_us=0 chrome_us=7730 read_submit_us=41668 read_complete_us=43267 transfer_wait_us=18301 tile_pixels=0 uniform_pixels=0 overview_pixels=0 fallback_pixels=164864 resident_tiles=0 fallback_tiles=42 pushes=11 tear_wait_us=14023 tear_sync=1 frame_reused=0 pass=1
[12:43:31] TINYDRAW_GATE1_HARD zoom=100 cold=1 operations=1000 samples=20000 steps=192 tiles=42 scanned=12000 rendered=1659 max_supertask_us=9570 presentation_us=71284 total_us=276812 pass=1
[12:43:31] TINYDRAW_LIVE_PRESENT kind=gate_fallback zoom=400 x=0 y=0 compose_us=25626 scroll_us=0 exposed_compose_us=0 chrome_us=7692 read_submit_us=39951 read_complete_us=41558 transfer_wait_us=18739 tile_pixels=0 uniform_pixels=0 overview_pixels=0 fallback_pixels=164864 resident_tiles=0 fallback_tiles=42 pushes=11 tear_wait_us=13085 tear_sync=1 frame_reused=0 pass=1
[12:43:31] TINYDRAW_GATE1_HARD zoom=400 cold=1 operations=1000 samples=20000 steps=196 tiles=42 scanned=12000 rendered=120 max_supertask_us=8891 presentation_us=68465 total_us=211862 pass=1
[12:43:32] TINYDRAW_OVERLAP_WORKLOAD operations=8 samples=1200 radius_world=80
[12:43:32] TINYDRAW_GATE1_PACED_COLD corpus=overlap zoom=50 x=215 y=255 steps=334 tiles=56 compute_us=376051 present_us=86157 touch_us=1031 pacing_us=8277 wall_us=471516 max_tick_us=10539 touch_samples=2270 touch_interval_max_us=1938 touch_read_max_us=597 touch_events=0 touch_down=0 touch_up=0 touch_events_ge_8ms=0 touch_event_age_max_us=0 touch_errors=0 touch_overflows=0 pass=1
[12:43:33] TINYDRAW_GATE1_PACED_COLD corpus=overlap zoom=100 x=583 y=703 steps=172 tiles=48 compute_us=235669 present_us=82062 touch_us=647 pacing_us=6443 wall_us=324821 max_tick_us=10024 touch_samples=407 touch_interval_max_us=1753 touch_read_max_us=533 touch_events=0 touch_down=0 touch_up=0 touch_events_ge_8ms=0 touch_event_age_max_us=0 touch_errors=0 touch_overflows=0 pass=1
[12:43:33] TINYDRAW_GATE1_PACED_COLD corpus=overlap zoom=200 x=1319 y=1599 steps=128 tiles=56 compute_us=238678 present_us=80514 touch_us=622 pacing_us=4668 wall_us=324482 max_tick_us=9880 touch_samples=420 touch_interval_max_us=1189 touch_read_max_us=480 touch_events=0 touch_down=0 touch_up=0 touch_events_ge_8ms=0 touch_event_age_max_us=0 touch_errors=0 touch_overflows=0 pass=1
[12:43:34] TINYDRAW_GATE1_PACED_COLD corpus=overlap zoom=400 x=2791 y=3391 steps=94 tiles=56 compute_us=225124 present_us=82305 touch_us=563 pacing_us=4514 wall_us=312506 max_tick_us=10119 touch_samples=391 touch_interval_max_us=1130 touch_read_max_us=438 touch_events=0 touch_down=0 touch_up=0 touch_events_ge_8ms=0 touch_event_age_max_us=0 touch_errors=0 touch_overflows=0 pass=1
[12:43:34] TINYDRAW_ADVERSARIAL_TAPERED_WORKLOAD operations=128 samples=4096 erasers=12 load_us=219489 appended=1
[12:43:34] TINYDRAW_GATE1_PACED_COLD corpus=adversarial_tapered_4x zoom=50 x=0 y=0 steps=104 tiles=42 compute_us=95607 present_us=63389 touch_us=407 pacing_us=4663 wall_us=164066 max_tick_us=8643 touch_samples=507 touch_interval_max_us=1116 touch_read_max_us=401 touch_events=0 touch_down=0 touch_up=0 touch_events_ge_8ms=0 touch_event_age_max_us=0 touch_errors=0 touch_overflows=0 pass=1
[12:43:34] TINYDRAW_GATE1_PACED_COLD corpus=adversarial_tapered_4x zoom=100 x=0 y=0 steps=348 tiles=42 compute_us=157227 present_us=61854 touch_us=573 pacing_us=6136 wall_us=225790 max_tick_us=8640 touch_samples=313 touch_interval_max_us=1151 touch_read_max_us=424 touch_events=0 touch_down=0 touch_up=0 touch_events_ge_8ms=0 touch_event_age_max_us=0 touch_errors=0 touch_overflows=0 pass=1
[12:43:36] TINYDRAW_GATE1_PACED_COLD corpus=adversarial_tapered_4x zoom=200 x=0 y=0 steps=1214 tiles=42 compute_us=436634 present_us=65549 touch_us=1324 pacing_us=16435 wall_us=519942 max_tick_us=9475 touch_samples=613 touch_interval_max_us=1125 touch_read_max_us=411 touch_events=0 touch_down=0 touch_up=0 touch_events_ge_8ms=0 touch_event_age_max_us=0 touch_errors=0 touch_overflows=0 pass=1
[12:43:36] TINYDRAW_GATE1_PACED_COLD corpus=adversarial_tapered_4x zoom=400 x=0 y=0 steps=904 tiles=42 compute_us=543469 present_us=66758 touch_us=1439 pacing_us=14439 wall_us=626105 max_tick_us=10398 touch_samples=711 touch_interval_max_us=1148 touch_read_max_us=431 touch_events=0 touch_down=0 touch_up=0 touch_events_ge_8ms=0 touch_event_age_max_us=0 touch_errors=0 touch_overflows=0 pass=1
[12:43:36] TINYDRAW_GATE1_WORKLOAD kind=realistic seed=7 operations=1000 samples=19844 maximum_stroke=198 load_us=383743 raw_source=1 lod_copies=0
[12:43:37] TINYDRAW_GATE1_PACED_COLD corpus=seed7 zoom=400 x=63 y=63 steps=281 tiles=56 compute_us=276819 present_us=83176 touch_us=713 pacing_us=8277 wall_us=368985 max_tick_us=12797 touch_samples=952 touch_interval_max_us=1142 touch_read_max_us=438 touch_events=0 touch_down=0 touch_up=0 touch_events_ge_8ms=0 touch_event_age_max_us=0 touch_errors=0 touch_overflows=0 pass=1
[12:43:37] TINYDRAW_LIVE_PRESENT kind=gate_fallback zoom=100 x=0 y=0 compose_us=26621 scroll_us=0 exposed_compose_us=0 chrome_us=7746 read_submit_us=38113 read_complete_us=39720 transfer_wait_us=18741 tile_pixels=0 uniform_pixels=0 overview_pixels=0 fallback_pixels=164864 resident_tiles=0 fallback_tiles=42 pushes=11 tear_wait_us=10268 tear_sync=1 frame_reused=0 pass=1
[12:43:39] TINYDRAW_GATE1_HARD zoom=100 cold=1 operations=1000 samples=19844 steps=275 tiles=42 scanned=12000 rendered=5232 max_supertask_us=9764 presentation_us=69094 total_us=377975 pass=1
[12:43:39] TINYDRAW_GATE1_LIVE_OVERLAY clear_updates=47 clear_wall_max_us=2935 clear_submit_max_us=2167 clear_complete_max_us=2209 overlay_updates=26 overlay_wall_max_us=2928 overlay_submit_max_us=2349 overlay_complete_max_us=2383 overlay_chrome_max_us=0 clear_failures=0 overlay_failures=0 pass=1
[12:43:39] TINYDRAW_EDGE_INK corners=4 edge_failures=0 pass=1
[12:43:39] TINYDRAW_GATE1_PAN zoom=100 from_x=0 from_y=0 to_x=88 to_y=88 compose_us=21883 scroll_us=13 exposed_compose_us=21870 chrome_us=0 event_submit_us=27413 event_complete_us=29022 transfer_us=24508 setup=1 present=1 moved=1 frame_reused=1 pass=1
[12:43:39] TINYDRAW_LIVE_PRESENT kind=gate_fallback zoom=400 x=0 y=0 compose_us=25779 scroll_us=0 exposed_compose_us=0 chrome_us=7590 read_submit_us=31756 read_complete_us=33363 transfer_wait_us=18899 tile_pixels=0 uniform_pixels=0 overview_pixels=0 fallback_pixels=164864 resident_tiles=0 fallback_tiles=42 pushes=11 tear_wait_us=4721 tear_sync=1 frame_reused=0 pass=1
[12:43:39] TINYDRAW_GATE1_HARD zoom=400 cold=1 operations=1004 samples=19848 steps=217 tiles=42 scanned=12048 rendered=592 max_supertask_us=11164 presentation_us=68116 total_us=269375 pass=1
[12:43:39] TINYDRAW_GATE1_PAN zoom=400 from_x=0 from_y=0 to_x=88 to_y=88 compose_us=21779 scroll_us=13 exposed_compose_us=21766 chrome_us=0 event_submit_us=27431 event_complete_us=29039 transfer_us=24513 setup=1 present=1 moved=1 frame_reused=1 pass=1
[12:40:36] ESP-ROM:esp32s3-20210327
[12:40:36] Build:Mar 27 2021
[12:40:36] rst:0x15 (USB_UART_CHIP_RESET),boot:0x2b (SPI_FAST_FLASH_BOOT)
[12:40:36] Saved PC:0x4202cd1c
[12:40:36] SPIWP:0xee
[12:40:36] mode:DIO, clock div:1
[12:40:36] load:0x3fce2820,len:0x1664
[12:40:36] load:0x403c8700,len:0xf38
[12:40:36] load:0x403cb700,len:0x31e8
[12:40:36] entry 0x403c8930
[12:40:36] I (24) boot: ESP-IDF v6.0.2 2nd stage bootloader
[12:40:36] I (24) boot: compile time Aug 15 2026 12:38:36
[12:40:36] I (25) boot: Multicore bootloader
[12:40:36] I (25) boot: chip revision: v0.2
[12:40:36] I (28) boot: efuse block revision: v1.3
[12:40:36] I (31) qio_mode: Enabling default flash chip QIO
[12:40:36] I (36) boot.esp32s3: Boot SPI Speed : 80MHz
[12:40:36] I (39) boot.esp32s3: SPI Mode       : QIO
[12:40:36] I (43) boot.esp32s3: SPI Flash Size : 16MB
[12:40:36] I (47) boot: Enabling RNG early entropy source...
[12:40:36] I (51) boot: Partition Table:
[12:40:36] I (54) boot: ## Label            Usage          Type ST Offset   Length
[12:40:36] I (60) boot:  0 nvs              WiFi data        01 02 00009000 00006000
[12:40:36] I (67) boot:  1 phy_init         RF data          01 01 0000f000 00001000
[12:40:36] I (73) boot:  2 factory          factory app      00 00 00010000 00100000
[12:40:36] I (80) boot:  3 drawing          Unknown data     01 40 00110000 00300000
[12:40:36] I (86) boot:  4 export           Unknown data     01 41 00410000 00500000
[12:40:36] I (93) boot:  5 coredump         Unknown data     01 03 00910000 00010000
[12:40:36] I (100) boot: End of partition table
[12:40:36] I (103) esp_image: segment 0: paddr=00010020 vaddr=3c050020 size=1427ch ( 82556) map
[12:40:36] I (123) esp_image: segment 1: paddr=000242a4 vaddr=3fc94500 size=03764h ( 14180) load
[12:40:36] I (126) esp_image: segment 2: paddr=00027a10 vaddr=40374000 size=08608h ( 34312) load
[12:40:36] I (134) esp_image: segment 3: paddr=00030020 vaddr=42000020 size=476e0h (292576) map
[12:40:36] I (180) esp_image: segment 4: paddr=00077708 vaddr=4037c608 size=07e54h ( 32340) load
[12:40:36] I (187) esp_image: segment 5: paddr=0007f564 vaddr=50000000 size=00024h (    36) load
[12:40:36] I (194) boot: Loaded app from partition at offset 0x10000
[12:40:36] I (194) boot: Disabling RNG early entropy source...
[12:40:36] I (205) octal_psram: vendor id    : 0x0d (AP)
[12:40:36] I (205) octal_psram: dev id       : 0x02 (generation 3)
[12:40:36] I (205) octal_psram: density      : 0x03 (64 Mbit)
[12:40:36] I (207) octal_psram: good-die     : 0x01 (Pass)
[12:40:36] I (212) octal_psram: Latency      : 0x01 (Fixed)
[12:40:36] I (216) octal_psram: VCC          : 0x01 (3V)
[12:40:36] I (220) octal_psram: SRF          : 0x01 (Fast Refresh)
[12:40:36] I (225) octal_psram: BurstType    : 0x01 (Hybrid Wrap)
[12:40:36] I (230) octal_psram: BurstLen     : 0x01 (32 Byte)
[12:40:36] I (234) octal_psram: Readlatency  : 0x02 (10 cycles@Fixed)
[12:40:36] I (240) octal_psram: DriveStrength: 0x00 (1/1)
[12:40:36] I (244) MSPI Timing: Enter psram timing tuning
[12:40:36] I (249) esp_psram: Found 8MB PSRAM device
[12:40:36] I (252) esp_psram: Speed: 80MHz
[12:40:36] I (255) cpu_start: Multicore app
[12:40:36] I (671) esp_psram: SPI SRAM memory test OK
[12:40:36] I (679) cpu_start: GPIO 44 and 43 are used as console UART I/O pins
[12:40:36] I (679) cpu_start: Pro cpu start user code
[12:40:36] I (679) cpu_start: cpu freq: 240000000 Hz
[12:40:36] I (681) app_init: Application information:
[12:40:36] I (685) app_init: Project name:     tinydraw_esp32
[12:40:36] I (689) app_init: App version:      c86f3ac
[12:40:36] I (693) app_init: Compile time:     Aug 15 2026 12:38:30
[12:40:36] I (698) app_init: ELF file SHA256:  603c6763f...
[12:40:36] I (703) app_init: ESP-IDF:          v6.0.2
[12:40:36] I (707) efuse_init: Min chip rev:     v0.0
[12:40:36] I (710) efuse_init: Max chip rev:     v0.99 
[12:40:36] I (714) efuse_init: Chip rev:         v0.2
[12:40:36] I (718) heap_init: Initializing. RAM available for dynamic allocation:
[12:40:36] I (724) heap_init: At 3FC99090 len 00050680 (321 KiB): RAM
[12:40:36] I (730) heap_init: At 3FCE9710 len 00005724 (21 KiB): RAM
[12:40:36] I (735) heap_init: At 3FCF0000 len 00008000 (32 KiB): DRAM
[12:40:36] I (740) heap_init: At 600FE000 len 00001FE8 (7 KiB): RTCRAM
[12:40:36] I (745) esp_psram: Adding pool of 8192K of PSRAM memory to heap allocator
[12:40:36] I (752) spi_flash: detected chip: generic
[12:40:36] I (755) spi_flash: flash io: qio
[12:40:36] I (759) sleep_gpio: Configure to isolate all GPIO pins in sleep state
[12:40:36] I (765) sleep_gpio: Enable automatic switching of GPIO sleep configuration
[12:40:36] I (772) main_task: Started on CPU0
[12:40:36] I (775) main_task: Calling app_main()
[12:40:37] TINYDRAW_PANEL_HARD_RESET=1
[12:40:37] I (972) co5300: version: 2.1.0
[12:40:37] I (973) co5300_spi: LCD panel create success, version: 2.1.0
[12:40:37] W (1053) co5300_spi: The 3Ah command has been used and will be overwritten by external initialization sequence
[12:40:37] I (1154) CST816S: IC id: 183
[12:40:37] TINYDRAW_LIVE_PRESENT kind=startup zoom=25 x=0 y=0 compose_us=36450 scroll_us=0 exposed_compose_us=0 chrome_us=7943 read_submit_us=0 read_complete_us=0 transfer_wait_us=18341 tile_pixels=0 uniform_pixels=0 overview_pixels=164864 fallback_pixels=0 resident_tiles=0 fallback_tiles=0 pushes=11 tear_wait_us=6275 tear_sync=1 frame_reused=0 pass=1
[12:40:37] TINYDRAW_LIVE_STRESS operations=1000 samples=20000 total_us=482703 average_us=482 maximum_us=1162 free_psram=1987924 largest_psram=1966080
[12:40:37] TINYDRAW_LIVE_PRESENT kind=gate_fallback zoom=100 x=0 y=0 compose_us=26415 scroll_us=0 exposed_compose_us=0 chrome_us=7726 read_submit_us=41733 read_complete_us=43324 transfer_wait_us=18158 tile_pixels=0 uniform_pixels=0 overview_pixels=0 fallback_pixels=164864 resident_tiles=0 fallback_tiles=42 pushes=11 tear_wait_us=14058 tear_sync=1 frame_reused=0 pass=1
[12:40:38] TINYDRAW_GATE1_HARD zoom=100 cold=1 operations=1000 samples=20000 steps=192 tiles=42 scanned=12000 rendered=1659 max_supertask_us=9638 presentation_us=71135 total_us=276825 pass=1
[12:40:38] TINYDRAW_LIVE_PRESENT kind=gate_fallback zoom=400 x=0 y=0 compose_us=25646 scroll_us=0 exposed_compose_us=0 chrome_us=7703 read_submit_us=40015 read_complete_us=41623 transfer_wait_us=18666 tile_pixels=0 uniform_pixels=0 overview_pixels=0 fallback_pixels=164864 resident_tiles=0 fallback_tiles=42 pushes=11 tear_wait_us=13135 tear_sync=1 frame_reused=0 pass=1
[12:40:38] TINYDRAW_GATE1_HARD zoom=400 cold=1 operations=1000 samples=20000 steps=196 tiles=42 scanned=12000 rendered=120 max_supertask_us=8891 presentation_us=68475 total_us=211859 pass=1
[12:40:38] TINYDRAW_OVERLAP_WORKLOAD operations=8 samples=1200 radius_world=80
[12:40:39] TINYDRAW_GATE1_PACED_COLD corpus=overlap zoom=50 x=215 y=255 steps=334 tiles=56 compute_us=376039 present_us=86111 touch_us=1037 pacing_us=8299 wall_us=471486 max_tick_us=10475 touch_samples=2271 touch_interval_max_us=1848 touch_read_max_us=597 touch_events=0 touch_down=0 touch_up=0 touch_events_ge_8ms=0 touch_event_age_max_us=0 touch_errors=0 touch_overflows=0 pass=1
[12:40:39] TINYDRAW_GATE1_PACED_COLD corpus=overlap zoom=100 x=583 y=703 steps=172 tiles=48 compute_us=235724 present_us=82018 touch_us=651 pacing_us=6427 wall_us=324820 max_tick_us=10024 touch_samples=406 touch_interval_max_us=1733 touch_read_max_us=550 touch_events=0 touch_down=0 touch_up=0 touch_events_ge_8ms=0 touch_event_age_max_us=0 touch_errors=0 touch_overflows=0 pass=1
[12:40:40] TINYDRAW_GATE1_PACED_COLD corpus=overlap zoom=200 x=1319 y=1599 steps=128 tiles=56 compute_us=238654 present_us=80516 touch_us=626 pacing_us=4696 wall_us=324492 max_tick_us=9858 touch_samples=420 touch_interval_max_us=1180 touch_read_max_us=473 touch_events=0 touch_down=0 touch_up=0 touch_events_ge_8ms=0 touch_event_age_max_us=0 touch_errors=0 touch_overflows=0 pass=1
[12:40:40] TINYDRAW_GATE1_PACED_COLD corpus=overlap zoom=400 x=2791 y=3391 steps=94 tiles=56 compute_us=225194 present_us=82243 touch_us=554 pacing_us=4504 wall_us=312495 max_tick_us=10121 touch_samples=408 touch_interval_max_us=1128 touch_read_max_us=413 touch_events=0 touch_down=0 touch_up=0 touch_events_ge_8ms=0 touch_event_age_max_us=0 touch_errors=0 touch_overflows=0 pass=1
[12:40:40] TINYDRAW_ADVERSARIAL_TAPERED_WORKLOAD operations=128 samples=4096 erasers=12 load_us=219697 appended=1
[12:40:41] TINYDRAW_GATE1_PACED_COLD corpus=adversarial_tapered_4x zoom=50 x=0 y=0 steps=104 tiles=42 compute_us=95670 present_us=63387 touch_us=417 pacing_us=4598 wall_us=164072 max_tick_us=8634 touch_samples=507 touch_interval_max_us=1135 touch_read_max_us=424 touch_events=0 touch_down=0 touch_up=0 touch_events_ge_8ms=0 touch_event_age_max_us=0 touch_errors=0 touch_overflows=0 pass=1
[12:40:41] TINYDRAW_GATE1_PACED_COLD corpus=adversarial_tapered_4x zoom=100 x=0 y=0 steps=348 tiles=42 compute_us=157451 present_us=61793 touch_us=597 pacing_us=5948 wall_us=225789 max_tick_us=9061 touch_samples=313 touch_interval_max_us=1145 touch_read_max_us=416 touch_events=0 touch_down=0 touch_up=0 touch_events_ge_8ms=0 touch_event_age_max_us=0 touch_errors=0 touch_overflows=0 pass=1
[12:40:42] TINYDRAW_GATE1_PACED_COLD corpus=adversarial_tapered_4x zoom=200 x=0 y=0 steps=1214 tiles=42 compute_us=436687 present_us=65582 touch_us=1364 pacing_us=15299 wall_us=518932 max_tick_us=10278 touch_samples=612 touch_interval_max_us=1143 touch_read_max_us=425 touch_events=0 touch_down=0 touch_up=0 touch_events_ge_8ms=0 touch_event_age_max_us=0 touch_errors=0 touch_overflows=0 pass=1
[12:40:43] TINYDRAW_GATE1_PACED_COLD corpus=adversarial_tapered_4x zoom=400 x=0 y=0 steps=904 tiles=42 compute_us=543355 present_us=67168 touch_us=1466 pacing_us=15136 wall_us=627125 max_tick_us=10410 touch_samples=712 touch_interval_max_us=1142 touch_read_max_us=424 touch_events=0 touch_down=0 touch_up=0 touch_events_ge_8ms=0 touch_event_age_max_us=0 touch_errors=0 touch_overflows=0 pass=1
[12:40:43] TINYDRAW_GATE1_WORKLOAD kind=realistic seed=7 operations=1000 samples=19844 maximum_stroke=198 load_us=382268 raw_source=1 lod_copies=0
[12:40:43] TINYDRAW_GATE1_PACED_COLD corpus=seed7 zoom=400 x=63 y=63 steps=281 tiles=56 compute_us=276773 present_us=83260 touch_us=701 pacing_us=8246 wall_us=368980 max_tick_us=12816 touch_samples=951 touch_interval_max_us=1854 touch_read_max_us=464 touch_events=0 touch_down=0 touch_up=0 touch_events_ge_8ms=0 touch_event_age_max_us=0 touch_errors=0 touch_overflows=0 pass=1
[12:40:45] TINYDRAW_LIVE_PRESENT kind=gate_fallback zoom=100 x=0 y=0 compose_us=26652 scroll_us=0 exposed_compose_us=0 chrome_us=7749 read_submit_us=37467 read_complete_us=39071 transfer_wait_us=18382 tile_pixels=0 uniform_pixels=0 overview_pixels=0 fallback_pixels=164864 resident_tiles=0 fallback_tiles=42 pushes=11 tear_wait_us=9550 tear_sync=1 frame_reused=0 pass=1
[12:40:45] TINYDRAW_GATE1_HARD zoom=100 cold=1 operations=1000 samples=19844 steps=275 tiles=42 scanned=12000 rendered=5232 max_supertask_us=9748 presentation_us=69147 total_us=378015 pass=1
[12:40:45] TINYDRAW_GATE1_LIVE_OVERLAY clear_updates=47 clear_wall_max_us=2934 clear_submit_max_us=2167 clear_complete_max_us=2209 overlay_updates=26 overlay_wall_max_us=2924 overlay_submit_max_us=2377 overlay_complete_max_us=2411 overlay_chrome_max_us=0 clear_failures=0 overlay_failures=0 pass=1
[12:40:45] TINYDRAW_EDGE_INK corners=4 edge_failures=0 pass=1
[12:40:45] TINYDRAW_GATE1_PAN zoom=100 from_x=0 from_y=0 to_x=88 to_y=88 compose_us=21889 scroll_us=13 exposed_compose_us=21876 chrome_us=0 event_submit_us=27878 event_complete_us=29488 transfer_us=24577 setup=1 present=1 moved=1 frame_reused=1 pass=1
[12:40:45] TINYDRAW_LIVE_PRESENT kind=gate_fallback zoom=400 x=0 y=0 compose_us=25831 scroll_us=0 exposed_compose_us=0 chrome_us=7663 read_submit_us=31624 read_complete_us=33226 transfer_wait_us=18405 tile_pixels=0 uniform_pixels=0 overview_pixels=0 fallback_pixels=164864 resident_tiles=0 fallback_tiles=42 pushes=11 tear_wait_us=4541 tear_sync=1 frame_reused=0 pass=1
[12:40:45] TINYDRAW_GATE1_HARD zoom=400 cold=1 operations=1004 samples=19848 steps=217 tiles=42 scanned=12048 rendered=592 max_supertask_us=11170 presentation_us=68085 total_us=269356 pass=1
[12:40:46] ESP-ROM:esp32s3-20210327
[12:40:46] Build:Mar 27 2021
[12:40:46] rst:0x15 (USB_UART_CHIP_RESET),boot:0x2b (SPI_FAST_FLASH_BOOT)
[12:40:46] Saved PC:0x42028743
[12:40:46] SPIWP:0xee
[12:40:46] mode:DIO, clock div:1
[12:40:46] load:0x3fce2820,len:0x1664
[12:40:46] load:0x403c8700,len:0xf38
[12:40:46] load:0x403cb700,len:0x31e8
[12:40:46] entry 0x403c8930
[12:40:46] I (24) boot: ESP-IDF v6.0.2 2nd stage bootloader
[12:40:46] I (24) boot: compile time Aug 15 2026 12:38:36
[12:40:46] I (25) boot: Multicore bootloader
[12:40:46] I (25) boot: chip revision: v0.2
[12:40:46] I (28) boot: efuse block revision: v1.3
[12:40:46] I (31) qio_mode: Enabling default flash chip QIO
[12:40:46] I (36) boot.esp32s3: Boot SPI Speed : 80MHz
[12:40:46] I (39) boot.esp32s3: SPI Mode       : QIO
[12:40:46] I (43) boot.esp32s3: SPI Flash Size : 16MB
[12:40:46] I (47) boot: Enabling RNG early entropy source...
[12:40:46] I (51) boot: Partition Table:
[12:40:46] I (54) boot: ## Label            Usage          Type ST Offset   Length
[12:40:46] I (60) boot:  0 nvs              WiFi data        01 02 00009000 00006000
[12:40:46] I (67) boot:  1 phy_init         RF data          01 01 0000f000 00001000
[12:40:46] I (73) boot:  2 factory          factory app      00 00 00010000 00100000
[12:40:46] I (80) boot:  3 drawing          Unknown data     01 40 00110000 00300000
[12:40:46] I (86) boot:  4 export           Unknown data     01 41 00410000 00500000
[12:40:46] I (93) boot:  5 coredump         Unknown data     01 03 00910000 00010000
[12:40:46] I (100) boot: End of partition table
[12:40:46] I (103) esp_image: segment 0: paddr=00010020 vaddr=3c050020 size=1427ch ( 82556) map
[12:40:46] I (123) esp_image: segment 1: paddr=000242a4 vaddr=3fc94500 size=03764h ( 14180) load
[12:40:46] I (126) esp_image: segment 2: paddr=00027a10 vaddr=40374000 size=08608h ( 34312) load
[12:40:46] I (134) esp_image: segment 3: paddr=00030020 vaddr=42000020 size=476e0h (292576) map
[12:40:46] I (180) esp_image: segment 4: paddr=00077708 vaddr=4037c608 size=07e54h ( 32340) load
[12:40:46] I (187) esp_image: segment 5: paddr=0007f564 vaddr=50000000 size=00024h (    36) load
[12:40:46] I (194) boot: Loaded app from partition at offset 0x10000
[12:40:46] I (194) boot: Disabling RNG early entropy source...
[12:40:46] I (205) octal_psram: vendor id    : 0x0d (AP)
[12:40:46] I (205) octal_psram: dev id       : 0x02 (generation 3)
[12:40:46] I (205) octal_psram: density      : 0x03 (64 Mbit)
[12:40:46] I (207) octal_psram: good-die     : 0x01 (Pass)
[12:40:46] I (212) octal_psram: Latency      : 0x01 (Fixed)
[12:40:46] I (216) octal_psram: VCC          : 0x01 (3V)
[12:40:46] I (220) octal_psram: SRF          : 0x01 (Fast Refresh)
[12:40:46] I (225) octal_psram: BurstType    : 0x01 (Hybrid Wrap)
[12:40:46] I (230) octal_psram: BurstLen     : 0x01 (32 Byte)
[12:40:46] I (234) octal_psram: Readlatency  : 0x02 (10 cycles@Fixed)
[12:40:46] I (240) octal_psram: DriveStrength: 0x00 (1/1)
[12:40:46] I (244) MSPI Timing: Enter psram timing tuning
[12:40:46] I (249) esp_psram: Found 8MB PSRAM device
[12:40:46] I (252) esp_psram: Speed: 80MHz
[12:40:46] I (255) cpu_start: Multicore app
[12:40:46] I (671) esp_psram: SPI SRAM memory test OK
[12:40:46] I (679) cpu_start: GPIO 44 and 43 are used as console UART I/O pins
[12:40:46] I (679) cpu_start: Pro cpu start user code
[12:40:46] I (679) cpu_start: cpu freq: 240000000 Hz
[12:40:46] I (681) app_init: Application information:
[12:40:46] I (685) app_init: Project name:     tinydraw_esp32
[12:40:46] I (689) app_init: App version:      c86f3ac
[12:40:46] I (693) app_init: Compile time:     Aug 15 2026 12:38:30
[12:40:46] I (698) app_init: ELF file SHA256:  603c6763f...
[12:40:46] I (703) app_init: ESP-IDF:          v6.0.2
[12:40:46] I (707) efuse_init: Min chip rev:     v0.0
[12:40:46] I (710) efuse_init: Max chip rev:     v0.99 
[12:40:46] I (714) efuse_init: Chip rev:         v0.2
[12:40:46] I (718) heap_init: Initializing. RAM available for dynamic allocation:
[12:40:46] I (724) heap_init: At 3FC99090 len 00050680 (321 KiB): RAM
[12:40:46] I (730) heap_init: At 3FCE9710 len 00005724 (21 KiB): RAM
[12:40:46] I (735) heap_init: At 3FCF0000 len 00008000 (32 KiB): DRAM
[12:40:46] I (740) heap_init: At 600FE000 len 00001FE8 (7 KiB): RTCRAM
[12:40:46] I (745) esp_psram: Adding pool of 8192K of PSRAM memory to heap allocator
[12:40:46] I (752) spi_flash: detected chip: generic
[12:40:46] I (755) spi_flash: flash io: qio
[12:40:46] I (759) sleep_gpio: Configure to isolate all GPIO pins in sleep state
[12:40:46] I (765) sleep_gpio: Enable automatic switching of GPIO sleep configuration
[12:40:46] I (772) main_task: Started on CPU0
[12:40:46] I (775) main_task: Calling app_main()
[12:40:47] TINYDRAW_PANEL_HARD_RESET=0
[12:40:47] I (972) co5300: version: 2.1.0
[12:40:47] I (973) co5300_spi: LCD panel create success, version: 2.1.0
[12:40:47] W (1053) co5300_spi: The 3Ah command has been used and will be overwritten by external initialization sequence
[12:40:47] I (1154) CST816S: IC id: 183
[12:40:47] TINYDRAW_PANEL_TE_HEAL paged=1 sent=1 high=0/34 edges_delta=0 isr_reinstall=0 falling_edges=0
[12:40:47] TINYDRAW_LIVE_PRESENT kind=startup zoom=25 x=0 y=0 compose_us=36449 scroll_us=0 exposed_compose_us=0 chrome_us=7963 read_submit_us=0 read_complete_us=0 transfer_wait_us=18877 tile_pixels=0 uniform_pixels=0 overview_pixels=164864 fallback_pixels=0 resident_tiles=0 fallback_tiles=0 pushes=11 tear_wait_us=107789 tear_sync=0 frame_reused=0 pass=1
[12:40:47] TINYDRAW_LIVE_STRESS operations=1000 samples=20000 total_us=478940 average_us=478 maximum_us=1078 free_psram=1987924 largest_psram=1966080
[12:40:47] TINYDRAW_LIVE_PRESENT kind=gate_fallback zoom=100 x=0 y=0 compose_us=26308 scroll_us=0 exposed_compose_us=0 chrome_us=7724 read_submit_us=66645 read_complete_us=68260 transfer_wait_us=18859 tile_pixels=0 uniform_pixels=0 overview_pixels=0 fallback_pixels=164864 resident_tiles=0 fallback_tiles=42 pushes=11 tear_wait_us=39091 tear_sync=0 frame_reused=0 pass=1
[12:40:48] TINYDRAW_GATE1_HARD zoom=100 cold=1 operations=1000 samples=20000 steps=192 tiles=42 scanned=12000 rendered=1659 max_supertask_us=9538 presentation_us=70587 total_us=275715 pass=1
[12:40:48] TINYDRAW_PANEL_TE_HEAL paged=1 sent=1 high=0/34 edges_delta=0 isr_reinstall=0 falling_edges=0
[12:40:48] TINYDRAW_LIVE_PRESENT kind=gate_fallback zoom=400 x=0 y=0 compose_us=25634 scroll_us=0 exposed_compose_us=0 chrome_us=7650 read_submit_us=133945 read_complete_us=135552 transfer_wait_us=18899 tile_pixels=0 uniform_pixels=0 overview_pixels=0 fallback_pixels=164864 resident_tiles=0 fallback_tiles=42 pushes=11 tear_wait_us=107115 tear_sync=0 frame_reused=0 pass=1
[12:40:48] TINYDRAW_GATE1_HARD zoom=400 cold=1 operations=1000 samples=20000 steps=196 tiles=42 scanned=12000 rendered=120 max_supertask_us=8840 presentation_us=67437 total_us=210554 pass=1
[12:40:49] TINYDRAW_OVERLAP_WORKLOAD operations=8 samples=1200 radius_world=80
[12:40:49] TINYDRAW_GATE1_PACED_COLD corpus=overlap zoom=50 x=215 y=255 steps=334 tiles=56 compute_us=375428 present_us=85304 touch_us=1027 pacing_us=8724 wall_us=470483 max_tick_us=10494 touch_samples=2521 touch_interval_max_us=1876 touch_read_max_us=597 touch_events=0 touch_down=0 touch_up=0 touch_events_ge_8ms=0 touch_event_age_max_us=0 touch_errors=0 touch_overflows=0 pass=1
[12:40:49] TINYDRAW_PANEL_TE_HEAL paged=1 sent=1 high=0/34 edges_delta=0 isr_reinstall=0 falling_edges=0
[12:40:50] TINYDRAW_GATE1_PACED_COLD corpus=overlap zoom=100 x=583 y=703 steps=172 tiles=48 compute_us=235200 present_us=82283 touch_us=654 pacing_us=6699 wall_us=324836 max_tick_us=10023 touch_samples=509 touch_interval_max_us=1754 touch_read_max_us=533 touch_events=0 touch_down=0 touch_up=0 touch_events_ge_8ms=0 touch_event_age_max_us=0 touch_errors=0 touch_overflows=0 pass=1
[12:40:50] TINYDRAW_GATE1_PACED_COLD corpus=overlap zoom=200 x=1319 y=1599 steps=128 tiles=56 compute_us=238369 present_us=79745 touch_us=615 pacing_us=4758 wall_us=323487 max_tick_us=9865 touch_samples=442 touch_interval_max_us=1148 touch_read_max_us=446 touch_events=0 touch_down=0 touch_up=0 touch_events_ge_8ms=0 touch_event_age_max_us=0 touch_errors=0 touch_overflows=0 pass=1
[12:40:51] TINYDRAW_GATE1_PACED_COLD corpus=overlap zoom=400 x=2791 y=3391 steps=94 tiles=56 compute_us=224465 present_us=81910 touch_us=564 pacing_us=4567 wall_us=311506 max_tick_us=10147 touch_samples=430 touch_interval_max_us=1159 touch_read_max_us=467 touch_events=0 touch_down=0 touch_up=0 touch_events_ge_8ms=0 touch_event_age_max_us=0 touch_errors=0 touch_overflows=0 pass=1
[12:40:51] TINYDRAW_ADVERSARIAL_TAPERED_WORKLOAD operations=128 samples=4096 erasers=12 load_us=218433 appended=1
[12:40:51] TINYDRAW_PANEL_TE_HEAL paged=1 sent=1 high=0/34 edges_delta=0 isr_reinstall=0 falling_edges=0
[12:40:51] TINYDRAW_GATE1_PACED_COLD corpus=adversarial_tapered_4x zoom=50 x=0 y=0 steps=104 tiles=42 compute_us=95247 present_us=63397 touch_us=433 pacing_us=4956 wall_us=164033 max_tick_us=8643 touch_samples=605 touch_interval_max_us=1117 touch_read_max_us=381 touch_events=0 touch_down=0 touch_up=0 touch_events_ge_8ms=0 touch_event_age_max_us=0 touch_errors=0 touch_overflows=0 pass=1
[12:40:52] TINYDRAW_GATE1_PACED_COLD corpus=adversarial_tapered_4x zoom=100 x=0 y=0 steps=348 tiles=42 compute_us=156833 present_us=62111 touch_us=594 pacing_us=6254 wall_us=225792 max_tick_us=8638 touch_samples=343 touch_interval_max_us=1145 touch_read_max_us=418 touch_events=0 touch_down=0 touch_up=0 touch_events_ge_8ms=0 touch_event_age_max_us=0 touch_errors=0 touch_overflows=0 pass=1
[12:40:52] TINYDRAW_GATE1_PACED_COLD corpus=adversarial_tapered_4x zoom=200 x=0 y=0 steps=1214 tiles=42 compute_us=435665 present_us=66386 touch_us=1344 pacing_us=14545 wall_us=517940 max_tick_us=10259 touch_samples=635 touch_interval_max_us=1133 touch_read_max_us=401 touch_events=0 touch_down=0 touch_up=0 touch_events_ge_8ms=0 touch_event_age_max_us=0 touch_errors=0 touch_overflows=0 pass=1
[12:40:52] TINYDRAW_PANEL_TE_HEAL paged=1 sent=1 high=0/34 edges_delta=0 isr_reinstall=0 falling_edges=0
[12:40:53] TINYDRAW_GATE1_PACED_COLD corpus=adversarial_tapered_4x zoom=400 x=0 y=0 steps=904 tiles=42 compute_us=542518 present_us=67234 touch_us=1428 pacing_us=15934 wall_us=627114 max_tick_us=10358 touch_samples=812 touch_interval_max_us=1159 touch_read_max_us=441 touch_events=0 touch_down=0 touch_up=0 touch_events_ge_8ms=0 touch_event_age_max_us=0 touch_errors=0 touch_overflows=0 pass=1
[12:40:53] TINYDRAW_GATE1_WORKLOAD kind=realistic seed=7 operations=1000 samples=19844 maximum_stroke=198 load_us=381243 raw_source=1 lod_copies=0
[12:40:54] TINYDRAW_PANEL_TE_HEAL paged=1 sent=1 high=0/34 edges_delta=0 isr_reinstall=0 falling_edges=0
[12:40:54] TINYDRAW_GATE1_PACED_COLD corpus=seed7 zoom=400 x=63 y=63 steps=281 tiles=56 compute_us=276237 present_us=81796 touch_us=696 pacing_us=8245 wall_us=366974 max_tick_us=12797 touch_samples=1046 touch_interval_max_us=1860 touch_read_max_us=512 touch_events=0 touch_down=0 touch_up=0 touch_events_ge_8ms=0 touch_event_age_max_us=0 touch_errors=0 touch_overflows=0 pass=1
[12:40:56] TINYDRAW_LIVE_PRESENT kind=gate_fallback zoom=100 x=0 y=0 compose_us=26589 scroll_us=0 exposed_compose_us=0 chrome_us=7710 read_submit_us=66931 read_complete_us=68539 transfer_wait_us=18835 tile_pixels=0 uniform_pixels=0 overview_pixels=0 fallback_pixels=164864 resident_tiles=0 fallback_tiles=42 pushes=11 tear_wait_us=39087 tear_sync=0 frame_reused=0 pass=1
[12:40:56] TINYDRAW_GATE1_HARD zoom=100 cold=1 operations=1000 samples=19844 steps=275 tiles=42 scanned=12000 rendered=5232 max_supertask_us=9746 presentation_us=69943 total_us=377873 pass=1
[12:40:56] TINYDRAW_PANEL_TE_HEAL paged=1 sent=1 high=0/34 edges_delta=0 isr_reinstall=0 falling_edges=0
[12:40:56] TINYDRAW_GATE1_LIVE_OVERLAY clear_updates=47 clear_wall_max_us=2935 clear_submit_max_us=2168 clear_complete_max_us=2210 overlay_updates=26 overlay_wall_max_us=2922 overlay_submit_max_us=2354 overlay_complete_max_us=2388 overlay_chrome_max_us=0 clear_failures=0 overlay_failures=0 pass=1
[12:40:56] TINYDRAW_EDGE_INK corners=4 edge_failures=0 pass=1
[12:40:56] TINYDRAW_PANEL_TE_HEAL paged=1 sent=1 high=0/34 edges_delta=0 isr_reinstall=0 falling_edges=0
[12:40:56] TINYDRAW_GATE1_PAN zoom=100 from_x=0 from_y=0 to_x=88 to_y=88 compose_us=28777 scroll_us=0 exposed_compose_us=0 chrome_us=7628 event_submit_us=158916 event_complete_us=160523 transfer_us=18891 setup=1 present=1 moved=1 frame_reused=0 pass=0
[12:40:56] TINYDRAW_LIVE_PRESENT kind=gate_fallback zoom=400 x=0 y=0 compose_us=25724 scroll_us=0 exposed_compose_us=0 chrome_us=7642 read_submit_us=66410 read_complete_us=68018 transfer_wait_us=18866 tile_pixels=0 uniform_pixels=0 overview_pixels=0 fallback_pixels=164864 resident_tiles=0 fallback_tiles=42 pushes=11 tear_wait_us=39442 tear_sync=0 frame_reused=0 pass=1
[12:40:56] ESP-ROM:esp32s3-20210327
[12:40:56] Build:Mar 27 2021
[12:40:56] rst:0x15 (USB_UART_CHIP_RESET),boot:0x2b (SPI_FAST_FLASH_BOOT)
[12:40:56] Saved PC:0x42029425
[12:40:56] SPIWP:0xee
[12:40:56] mode:DIO, clock div:1
[12:40:56] load:0x3fce2820,len:0x1664
[12:40:56] load:0x403c8700,len:0xf38
[12:40:56] load:0x403cb700,len:0x31e8
[12:40:56] entry 0x403c8930
[12:40:56] I (24) boot: ESP-IDF v6.0.2 2nd stage bootloader
[12:40:56] I (24) boot: compile time Aug 15 2026 12:38:36
[12:40:56] I (25) boot: Multicore bootloader
[12:40:56] I (25) boot: chip revision: v0.2
[12:40:56] I (28) boot: efuse block revision: v1.3
[12:40:56] I (31) qio_mode: Enabling default flash chip QIO
[12:40:56] I (36) boot.esp32s3: Boot SPI Speed : 80MHz
[12:40:56] I (39) boot.esp32s3: SPI Mode       : QIO
[12:40:56] I (43) boot.esp32s3: SPI Flash Size : 16MB
[12:40:56] I (47) boot: Enabling RNG early entropy source...
[12:40:56] I (51) boot: Partition Table:
[12:40:56] I (54) boot: ## Label            Usage          Type ST Offset   Length
[12:40:56] I (60) boot:  0 nvs              WiFi data        01 02 00009000 00006000
[12:40:56] I (67) boot:  1 phy_init         RF data          01 01 0000f000 00001000
[12:40:56] I (73) boot:  2 factory          factory app      00 00 00010000 00100000
[12:40:56] I (80) boot:  3 drawing          Unknown data     01 40 00110000 00300000
[12:40:56] I (86) boot:  4 export           Unknown data     01 41 00410000 00500000
[12:40:56] I (93) boot:  5 coredump         Unknown data     01 03 00910000 00010000
[12:40:56] I (100) boot: End of partition table
[12:40:56] I (103) esp_image: segment 0: paddr=00010020 vaddr=3c050020 size=1427ch ( 82556) map
[12:40:56] I (123) esp_image: segment 1: paddr=000242a4 vaddr=3fc94500 size=03764h ( 14180) load
[12:40:56] I (126) esp_image: segment 2: paddr=00027a10 vaddr=40374000 size=08608h ( 34312) load
[12:40:56] I (134) esp_image: segment 3: paddr=00030020 vaddr=42000020 size=476e0h (292576) map
[12:40:56] I (180) esp_image: segment 4: paddr=00077708 vaddr=4037c608 size=07e54h ( 32340) load
[12:40:56] I (187) esp_image: segment 5: paddr=0007f564 vaddr=50000000 size=00024h (    36) load
[12:40:56] I (194) boot: Loaded app from partition at offset 0x10000
[12:40:56] I (194) boot: Disabling RNG early entropy source...
[12:40:56] I (205) octal_psram: vendor id    : 0x0d (AP)
[12:40:56] I (205) octal_psram: dev id       : 0x02 (generation 3)
[12:40:56] I (205) octal_psram: density      : 0x03 (64 Mbit)
[12:40:56] I (207) octal_psram: good-die     : 0x01 (Pass)
[12:40:56] I (212) octal_psram: Latency      : 0x01 (Fixed)
[12:40:56] I (216) octal_psram: VCC          : 0x01 (3V)
[12:40:56] I (220) octal_psram: SRF          : 0x01 (Fast Refresh)
[12:40:56] I (225) octal_psram: BurstType    : 0x01 (Hybrid Wrap)
[12:40:56] I (230) octal_psram: BurstLen     : 0x01 (32 Byte)
[12:40:56] I (234) octal_psram: Readlatency  : 0x02 (10 cycles@Fixed)
[12:40:56] I (240) octal_psram: DriveStrength: 0x00 (1/1)
[12:40:56] I (244) MSPI Timing: Enter psram timing tuning
[12:40:56] I (249) esp_psram: Found 8MB PSRAM device
[12:40:56] I (252) esp_psram: Speed: 80MHz
[12:40:56] I (255) cpu_start: Multicore app
[12:40:57] I (671) esp_psram: SPI SRAM memory test OK
[12:40:57] I (679) cpu_start: GPIO 44 and 43 are used as console UART I/O pins
[12:40:57] I (679) cpu_start: Pro cpu start user code
[12:40:57] I (679) cpu_start: cpu freq: 240000000 Hz
[12:40:57] I (681) app_init: Application information:
[12:40:57] I (685) app_init: Project name:     tinydraw_esp32
[12:40:57] I (689) app_init: App version:      c86f3ac
[12:40:57] I (693) app_init: Compile time:     Aug 15 2026 12:38:30
[12:40:57] I (698) app_init: ELF file SHA256:  603c6763f...
[12:40:57] I (703) app_init: ESP-IDF:          v6.0.2
[12:40:57] I (707) efuse_init: Min chip rev:     v0.0
[12:40:57] I (710) efuse_init: Max chip rev:     v0.99 
[12:40:57] I (714) efuse_init: Chip rev:         v0.2
[12:40:57] I (718) heap_init: Initializing. RAM available for dynamic allocation:
[12:40:57] I (724) heap_init: At 3FC99090 len 00050680 (321 KiB): RAM
[12:40:57] I (730) heap_init: At 3FCE9710 len 00005724 (21 KiB): RAM
[12:40:57] I (735) heap_init: At 3FCF0000 len 00008000 (32 KiB): DRAM
[12:40:57] I (740) heap_init: At 600FE000 len 00001FE8 (7 KiB): RTCRAM
[12:40:57] I (745) esp_psram: Adding pool of 8192K of PSRAM memory to heap allocator
[12:40:57] I (752) spi_flash: detected chip: generic
[12:40:57] I (755) spi_flash: flash io: qio
[12:40:57] I (759) sleep_gpio: Configure to isolate all GPIO pins in sleep state
[12:40:57] I (765) sleep_gpio: Enable automatic switching of GPIO sleep configuration
[12:40:57] I (772) main_task: Started on CPU0
[12:40:57] I (775) main_task: Calling app_main()
[12:40:57] TINYDRAW_PANEL_HARD_RESET=0
[12:40:57] I (972) co5300: version: 2.1.0
[12:40:57] I (973) co5300_spi: LCD panel create success, version: 2.1.0
[12:40:57] W (1053) co5300_spi: The 3Ah command has been used and will be overwritten by external initialization sequence
[12:40:57] I (1154) CST816S: IC id: 183
[12:40:57] TINYDRAW_LIVE_PRESENT kind=startup zoom=25 x=0 y=0 compose_us=36458 scroll_us=0 exposed_compose_us=0 chrome_us=7947 read_submit_us=0 read_complete_us=0 transfer_wait_us=18487 tile_pixels=0 uniform_pixels=0 overview_pixels=164864 fallback_pixels=0 resident_tiles=0 fallback_tiles=0 pushes=11 tear_wait_us=6110 tear_sync=1 frame_reused=0 pass=1
[12:40:58] TINYDRAW_LIVE_STRESS operations=1000 samples=20000 total_us=485105 average_us=485 maximum_us=1153 free_psram=1987924 largest_psram=1966080
[12:40:58] TINYDRAW_LIVE_PRESENT kind=gate_fallback zoom=100 x=0 y=0 compose_us=26339 scroll_us=0 exposed_compose_us=0 chrome_us=7754 read_submit_us=39283 read_complete_us=40890 transfer_wait_us=18235 tile_pixels=0 uniform_pixels=0 overview_pixels=0 fallback_pixels=164864 resident_tiles=0 fallback_tiles=42 pushes=11 tear_wait_us=11699 tear_sync=1 frame_reused=0 pass=1
[12:40:58] TINYDRAW_GATE1_HARD zoom=100 cold=1 operations=1000 samples=20000 steps=192 tiles=42 scanned=12000 rendered=1659 max_supertask_us=9644 presentation_us=71187 total_us=276888 pass=1
[12:40:58] TINYDRAW_LIVE_PRESENT kind=gate_fallback zoom=400 x=0 y=0 compose_us=25659 scroll_us=0 exposed_compose_us=0 chrome_us=7704 read_submit_us=40110 read_complete_us=41717 transfer_wait_us=18511 tile_pixels=0 uniform_pixels=0 overview_pixels=0 fallback_pixels=164864 resident_tiles=0 fallback_tiles=42 pushes=11 tear_wait_us=13224 tear_sync=1 frame_reused=0 pass=1
[12:40:58] TINYDRAW_GATE1_HARD zoom=400 cold=1 operations=1000 samples=20000 steps=196 tiles=42 scanned=12000 rendered=120 max_supertask_us=8884 presentation_us=68525 total_us=211833 pass=1
[12:40:59] TINYDRAW_OVERLAP_WORKLOAD operations=8 samples=1200 radius_world=80
[12:40:59] TINYDRAW_GATE1_PACED_COLD corpus=overlap zoom=50 x=215 y=255 steps=334 tiles=56 compute_us=376292 present_us=85023 touch_us=1043 pacing_us=8150 wall_us=470508 max_tick_us=10462 touch_samples=2271 touch_interval_max_us=1862 touch_read_max_us=596 touch_events=0 touch_down=0 touch_up=0 touch_events_ge_8ms=0 touch_event_age_max_us=0 touch_errors=0 touch_overflows=0 pass=1
[12:41:00] TINYDRAW_GATE1_PACED_COLD corpus=overlap zoom=100 x=583 y=703 steps=172 tiles=48 compute_us=235753 present_us=81963 touch_us=668 pacing_us=6438 wall_us=324822 max_tick_us=10024 touch_samples=407 touch_interval_max_us=1749 touch_read_max_us=539 touch_events=0 touch_down=0 touch_up=0 touch_events_ge_8ms=0 touch_event_age_max_us=0 touch_errors=0 touch_overflows=0 pass=1
[12:41:00] TINYDRAW_GATE1_PACED_COLD corpus=overlap zoom=200 x=1319 y=1599 steps=128 tiles=56 compute_us=238641 present_us=80567 touch_us=618 pacing_us=4693 wall_us=324519 max_tick_us=9857 touch_samples=420 touch_interval_max_us=1184 touch_read_max_us=474 touch_events=0 touch_down=0 touch_up=0 touch_events_ge_8ms=0 touch_event_age_max_us=0 touch_errors=0 touch_overflows=0 pass=1
[12:41:01] TINYDRAW_GATE1_PACED_COLD corpus=overlap zoom=400 x=2791 y=3391 steps=94 tiles=56 compute_us=225173 present_us=83270 touch_us=546 pacing_us=4506 wall_us=313495 max_tick_us=10148 touch_samples=392 touch_interval_max_us=1132 touch_read_max_us=419 touch_events=0 touch_down=0 touch_up=0 touch_events_ge_8ms=0 touch_event_age_max_us=0 touch_errors=0 touch_overflows=0 pass=1
[12:41:01] TINYDRAW_ADVERSARIAL_TAPERED_WORKLOAD operations=128 samples=4096 erasers=12 load_us=219374 appended=1
[12:41:01] TINYDRAW_GATE1_PACED_COLD corpus=adversarial_tapered_4x zoom=50 x=0 y=0 steps=104 tiles=42 compute_us=95601 present_us=63364 touch_us=421 pacing_us=4658 wall_us=164044 max_tick_us=8638 touch_samples=506 touch_interval_max_us=1137 touch_read_max_us=404 touch_events=0 touch_down=0 touch_up=0 touch_events_ge_8ms=0 touch_event_age_max_us=0 touch_errors=0 touch_overflows=0 pass=1
[12:41:02] TINYDRAW_GATE1_PACED_COLD corpus=adversarial_tapered_4x zoom=100 x=0 y=0 steps=348 tiles=42 compute_us=157336 present_us=61806 touch_us=577 pacing_us=6074 wall_us=225793 max_tick_us=9053 touch_samples=313 touch_interval_max_us=1154 touch_read_max_us=426 touch_events=0 touch_down=0 touch_up=0 touch_events_ge_8ms=0 touch_event_age_max_us=0 touch_errors=0 touch_overflows=0 pass=1
[12:41:02] TINYDRAW_GATE1_PACED_COLD corpus=adversarial_tapered_4x zoom=200 x=0 y=0 steps=1214 tiles=42 compute_us=436713 present_us=66356 touch_us=1340 pacing_us=15519 wall_us=519928 max_tick_us=10247 touch_samples=613 touch_interval_max_us=1135 touch_read_max_us=407 touch_events=0 touch_down=0 touch_up=0 touch_events_ge_8ms=0 touch_event_age_max_us=0 touch_errors=0 touch_overflows=0 pass=1
[12:41:04] TINYDRAW_GATE1_PACED_COLD corpus=adversarial_tapered_4x zoom=400 x=0 y=0 steps=904 tiles=42 compute_us=543387 present_us=67721 touch_us=1422 pacing_us=15637 wall_us=628167 max_tick_us=10408 touch_samples=713 touch_interval_max_us=1157 touch_read_max_us=434 touch_events=0 touch_down=0 touch_up=0 touch_events_ge_8ms=0 touch_event_age_max_us=0 touch_errors=0 touch_overflows=0 pass=1
[12:41:04] TINYDRAW_GATE1_WORKLOAD kind=realistic seed=7 operations=1000 samples=19844 maximum_stroke=198 load_us=377349 raw_source=1 lod_copies=0
[12:41:04] TINYDRAW_GATE1_PACED_COLD corpus=seed7 zoom=400 x=63 y=63 steps=281 tiles=56 compute_us=276904 present_us=83122 touch_us=721 pacing_us=8236 wall_us=368983 max_tick_us=12832 touch_samples=951 touch_interval_max_us=1138 touch_read_max_us=462 touch_events=0 touch_down=0 touch_up=0 touch_events_ge_8ms=0 touch_event_age_max_us=0 touch_errors=0 touch_overflows=0 pass=1
[12:41:06] TINYDRAW_LIVE_PRESENT kind=gate_fallback zoom=100 x=0 y=0 compose_us=26649 scroll_us=0 exposed_compose_us=0 chrome_us=7742 read_submit_us=38019 read_complete_us=39627 transfer_wait_us=18830 tile_pixels=0 uniform_pixels=0 overview_pixels=0 fallback_pixels=164864 resident_tiles=0 fallback_tiles=42 pushes=11 tear_wait_us=10128 tear_sync=1 frame_reused=0 pass=1
[12:41:06] TINYDRAW_GATE1_HARD zoom=100 cold=1 operations=1000 samples=19844 steps=275 tiles=42 scanned=12000 rendered=5232 max_supertask_us=9746 presentation_us=69326 total_us=378173 pass=1
[12:41:06] TINYDRAW_GATE1_LIVE_OVERLAY clear_updates=47 clear_wall_max_us=2935 clear_submit_max_us=2168 clear_complete_max_us=2210 overlay_updates=26 overlay_wall_max_us=2928 overlay_submit_max_us=2363 overlay_complete_max_us=2396 overlay_chrome_max_us=0 clear_failures=0 overlay_failures=0 pass=1
[12:41:06] TINYDRAW_EDGE_INK corners=4 edge_failures=0 pass=1
[12:41:06] TINYDRAW_GATE1_PAN zoom=100 from_x=0 from_y=0 to_x=88 to_y=88 compose_us=21873 scroll_us=14 exposed_compose_us=21859 chrome_us=0 event_submit_us=27930 event_complete_us=29541 transfer_us=24473 setup=1 present=1 moved=1 frame_reused=1 pass=1
[12:41:06] TINYDRAW_LIVE_PRESENT kind=gate_fallback zoom=400 x=0 y=0 compose_us=25835 scroll_us=0 exposed_compose_us=0 chrome_us=7660 read_submit_us=31721 read_complete_us=33323 transfer_wait_us=18322 tile_pixels=0 uniform_pixels=0 overview_pixels=0 fallback_pixels=164864 resident_tiles=0 fallback_tiles=42 pushes=11 tear_wait_us=4667 tear_sync=1 frame_reused=0 pass=1
[12:41:06] TINYDRAW_GATE1_HARD zoom=400 cold=1 operations=1004 samples=19848 steps=217 tiles=42 scanned=12048 rendered=592 max_supertask_us=11161 presentation_us=68139 total_us=269385 pass=1
[12:41:06] ESP-ROM:esp32s3-20210327
[12:41:06] Build:Mar 27 2021
[12:41:06] rst:0x15 (USB_UART_CHIP_RESET),boot:0x2b (SPI_FAST_FLASH_BOOT)
[12:41:06] Saved PC:0x42029442
[12:41:06] SPIWP:0xee
[12:41:06] mode:DIO, clock div:1
[12:41:06] load:0x3fce2820,len:0x1664
[12:41:06] load:0x403c8700,len:0xf38
[12:41:06] load:0x403cb700,len:0x31e8
[12:41:06] entry 0x403c8930
[12:41:06] I (24) boot: ESP-IDF v6.0.2 2nd stage bootloader
[12:41:06] I (24) boot: compile time Aug 15 2026 12:38:36
[12:41:06] I (25) boot: Multicore bootloader
[12:41:06] I (25) boot: chip revision: v0.2
[12:41:06] I (28) boot: efuse block revision: v1.3
[12:41:06] I (31) qio_mode: Enabling default flash chip QIO
[12:41:06] I (36) boot.esp32s3: Boot SPI Speed : 80MHz
[12:41:06] I (39) boot.esp32s3: SPI Mode       : QIO
[12:41:06] I (43) boot.esp32s3: SPI Flash Size : 16MB
[12:41:06] I (47) boot: Enabling RNG early entropy source...
[12:41:06] I (51) boot: Partition Table:
[12:41:06] I (54) boot: ## Label            Usage          Type ST Offset   Length
[12:41:06] I (60) boot:  0 nvs              WiFi data        01 02 00009000 00006000
[12:41:06] I (67) boot:  1 phy_init         RF data          01 01 0000f000 00001000
[12:41:06] I (73) boot:  2 factory          factory app      00 00 00010000 00100000
[12:41:06] I (80) boot:  3 drawing          Unknown data     01 40 00110000 00300000
[12:41:06] I (86) boot:  4 export           Unknown data     01 41 00410000 00500000
[12:41:06] I (93) boot:  5 coredump         Unknown data     01 03 00910000 00010000
[12:41:06] I (100) boot: End of partition table
[12:41:06] I (103) esp_image: segment 0: paddr=00010020 vaddr=3c050020 size=1427ch ( 82556) map
[12:41:06] I (123) esp_image: segment 1: paddr=000242a4 vaddr=3fc94500 size=03764h ( 14180) load
[12:41:06] I (126) esp_image: segment 2: paddr=00027a10 vaddr=40374000 size=08608h ( 34312) load
[12:41:06] I (134) esp_image: segment 3: paddr=00030020 vaddr=42000020 size=476e0h (292576) map
[12:41:06] I (180) esp_image: segment 4: paddr=00077708 vaddr=4037c608 size=07e54h ( 32340) load
[12:41:06] I (187) esp_image: segment 5: paddr=0007f564 vaddr=50000000 size=00024h (    36) load
[12:41:06] I (194) boot: Loaded app from partition at offset 0x10000
[12:41:06] I (194) boot: Disabling RNG early entropy source...
[12:41:06] I (205) octal_psram: vendor id    : 0x0d (AP)
[12:41:06] I (205) octal_psram: dev id       : 0x02 (generation 3)
[12:41:06] I (205) octal_psram: density      : 0x03 (64 Mbit)
[12:41:06] I (207) octal_psram: good-die     : 0x01 (Pass)
[12:41:06] I (212) octal_psram: Latency      : 0x01 (Fixed)
[12:41:06] I (216) octal_psram: VCC          : 0x01 (3V)
[12:41:06] I (220) octal_psram: SRF          : 0x01 (Fast Refresh)
[12:41:06] I (225) octal_psram: BurstType    : 0x01 (Hybrid Wrap)
[12:41:06] I (230) octal_psram: BurstLen     : 0x01 (32 Byte)
[12:41:06] I (234) octal_psram: Readlatency  : 0x02 (10 cycles@Fixed)
[12:41:06] I (240) octal_psram: DriveStrength: 0x00 (1/1)
[12:41:06] I (244) MSPI Timing: Enter psram timing tuning
[12:41:06] I (249) esp_psram: Found 8MB PSRAM device
[12:41:06] I (252) esp_psram: Speed: 80MHz
[12:41:06] I (255) cpu_start: Multicore app
[12:41:07] I (671) esp_psram: SPI SRAM memory test OK
[12:41:07] I (679) cpu_start: GPIO 44 and 43 are used as console UART I/O pins
[12:41:07] I (679) cpu_start: Pro cpu start user code
[12:41:07] I (679) cpu_start: cpu freq: 240000000 Hz
[12:41:07] I (681) app_init: Application information:
[12:41:07] I (685) app_init: Project name:     tinydraw_esp32
[12:41:07] I (689) app_init: App version:      c86f3ac
[12:41:07] I (693) app_init: Compile time:     Aug 15 2026 12:38:30
[12:41:07] I (698) app_init: ELF file SHA256:  603c6763f...
[12:41:07] I (703) app_init: ESP-IDF:          v6.0.2
[12:41:07] I (707) efuse_init: Min chip rev:     v0.0
[12:41:07] I (710) efuse_init: Max chip rev:     v0.99 
[12:41:07] I (714) efuse_init: Chip rev:         v0.2
[12:41:07] I (718) heap_init: Initializing. RAM available for dynamic allocation:
[12:41:07] I (724) heap_init: At 3FC99090 len 00050680 (321 KiB): RAM
[12:41:07] I (730) heap_init: At 3FCE9710 len 00005724 (21 KiB): RAM
[12:41:07] I (735) heap_init: At 3FCF0000 len 00008000 (32 KiB): DRAM
[12:41:07] I (740) heap_init: At 600FE000 len 00001FE8 (7 KiB): RTCRAM
[12:41:07] I (745) esp_psram: Adding pool of 8192K of PSRAM memory to heap allocator
[12:41:07] I (752) spi_flash: detected chip: generic
[12:41:07] I (755) spi_flash: flash io: qio
[12:41:07] I (759) sleep_gpio: Configure to isolate all GPIO pins in sleep state
[12:41:07] I (765) sleep_gpio: Enable automatic switching of GPIO sleep configuration
[12:41:07] I (772) main_task: Started on CPU0
[12:41:07] I (775) main_task: Calling app_main()
[12:41:07] TINYDRAW_PANEL_HARD_RESET=0
[12:41:07] I (972) co5300: version: 2.1.0
[12:41:07] I (973) co5300_spi: LCD panel create success, version: 2.1.0
[12:41:07] W (1053) co5300_spi: The 3Ah command has been used and will be overwritten by external initialization sequence
[12:41:07] I (1154) CST816S: IC id: 183
[12:41:07] TINYDRAW_PANEL_TE_HEAL paged=1 sent=1 high=0/34 edges_delta=0 isr_reinstall=0 falling_edges=0
[12:41:07] TINYDRAW_LIVE_PRESENT kind=startup zoom=25 x=0 y=0 compose_us=36447 scroll_us=0 exposed_compose_us=0 chrome_us=7963 read_submit_us=0 read_complete_us=0 transfer_wait_us=18877 tile_pixels=0 uniform_pixels=0 overview_pixels=164864 fallback_pixels=0 resident_tiles=0 fallback_tiles=0 pushes=11 tear_wait_us=107789 tear_sync=0 frame_reused=0 pass=1
[12:41:08] TINYDRAW_LIVE_STRESS operations=1000 samples=20000 total_us=480436 average_us=480 maximum_us=1077 free_psram=1987924 largest_psram=1966080
[12:41:08] TINYDRAW_LIVE_PRESENT kind=gate_fallback zoom=100 x=0 y=0 compose_us=26255 scroll_us=0 exposed_compose_us=0 chrome_us=7663 read_submit_us=67117 read_complete_us=68725 transfer_wait_us=18853 tile_pixels=0 uniform_pixels=0 overview_pixels=0 fallback_pixels=164864 resident_tiles=0 fallback_tiles=42 pushes=11 tear_wait_us=39626 tear_sync=0 frame_reused=0 pass=1
[12:41:08] TINYDRAW_GATE1_HARD zoom=100 cold=1 operations=1000 samples=20000 steps=192 tiles=42 scanned=12000 rendered=1659 max_supertask_us=9543 presentation_us=70597 total_us=275732 pass=1
[12:41:08] TINYDRAW_PANEL_TE_HEAL paged=1 sent=1 high=0/34 edges_delta=0 isr_reinstall=0 falling_edges=0
[12:41:08] TINYDRAW_LIVE_PRESENT kind=gate_fallback zoom=400 x=0 y=0 compose_us=25594 scroll_us=0 exposed_compose_us=0 chrome_us=7668 read_submit_us=133908 read_complete_us=135515 transfer_wait_us=18899 tile_pixels=0 uniform_pixels=0 overview_pixels=0 fallback_pixels=164864 resident_tiles=0 fallback_tiles=42 pushes=11 tear_wait_us=107116 tear_sync=0 frame_reused=0 pass=1
[12:41:09] TINYDRAW_GATE1_HARD zoom=400 cold=1 operations=1000 samples=20000 steps=196 tiles=42 scanned=12000 rendered=120 max_supertask_us=8847 presentation_us=67437 total_us=210543 pass=1
[12:41:09] TINYDRAW_OVERLAP_WORKLOAD operations=8 samples=1200 radius_world=80
[12:41:10] TINYDRAW_GATE1_PACED_COLD corpus=overlap zoom=50 x=215 y=255 steps=334 tiles=56 compute_us=375482 present_us=85284 touch_us=1029 pacing_us=9189 wall_us=470984 max_tick_us=10526 touch_samples=2523 touch_interval_max_us=1910 touch_read_max_us=597 touch_events=0 touch_down=0 touch_up=0 touch_events_ge_8ms=0 touch_event_age_max_us=0 touch_errors=0 touch_overflows=0 pass=1
[12:41:10] TINYDRAW_PANEL_TE_HEAL paged=1 sent=1 high=0/34 edges_delta=0 isr_reinstall=0 falling_edges=0
[12:41:10] TINYDRAW_GATE1_PACED_COLD corpus=overlap zoom=100 x=583 y=703 steps=172 tiles=48 compute_us=235187 present_us=82296 touch_us=641 pacing_us=6718 wall_us=324842 max_tick_us=10022 touch_samples=509 touch_interval_max_us=1132 touch_read_max_us=409 touch_events=0 touch_down=0 touch_up=0 touch_events_ge_8ms=0 touch_event_age_max_us=0 touch_errors=0 touch_overflows=0 pass=1
[12:41:11] TINYDRAW_GATE1_PACED_COLD corpus=overlap zoom=200 x=1319 y=1599 steps=128 tiles=56 compute_us=238200 present_us=79914 touch_us=612 pacing_us=4762 wall_us=323488 max_tick_us=9844 touch_samples=442 touch_interval_max_us=1155 touch_read_max_us=453 touch_events=0 touch_down=0 touch_up=0 touch_events_ge_8ms=0 touch_event_age_max_us=0 touch_errors=0 touch_overflows=0 pass=1
[12:41:11] TINYDRAW_GATE1_PACED_COLD corpus=overlap zoom=400 x=2791 y=3391 steps=94 tiles=56 compute_us=224483 present_us=81908 touch_us=553 pacing_us=4549 wall_us=311493 max_tick_us=10108 touch_samples=430 touch_interval_max_us=1136 touch_read_max_us=443 touch_events=0 touch_down=0 touch_up=0 touch_events_ge_8ms=0 touch_event_age_max_us=0 touch_errors=0 touch_overflows=0 pass=1
[12:41:11] TINYDRAW_ADVERSARIAL_TAPERED_WORKLOAD operations=128 samples=4096 erasers=12 load_us=218426 appended=1
[12:41:11] TINYDRAW_PANEL_TE_HEAL paged=1 sent=1 high=0/34 edges_delta=0 isr_reinstall=0 falling_edges=0
[12:41:12] TINYDRAW_GATE1_PACED_COLD corpus=adversarial_tapered_4x zoom=50 x=0 y=0 steps=104 tiles=42 compute_us=95391 present_us=63377 touch_us=431 pacing_us=4837 wall_us=164036 max_tick_us=8642 touch_samples=605 touch_interval_max_us=1119 touch_read_max_us=388 touch_events=0 touch_down=0 touch_up=0 touch_events_ge_8ms=0 touch_event_age_max_us=0 touch_errors=0 touch_overflows=0 pass=1
[12:41:12] TINYDRAW_GATE1_PACED_COLD corpus=adversarial_tapered_4x zoom=100 x=0 y=0 steps=348 tiles=42 compute_us=157006 present_us=62071 touch_us=571 pacing_us=6121 wall_us=225769 max_tick_us=8641 touch_samples=343 touch_interval_max_us=1133 touch_read_max_us=403 touch_events=0 touch_down=0 touch_up=0 touch_events_ge_8ms=0 touch_event_age_max_us=0 touch_errors=0 touch_overflows=0 pass=1
[12:41:13] TINYDRAW_GATE1_PACED_COLD corpus=adversarial_tapered_4x zoom=200 x=0 y=0 steps=1214 tiles=42 compute_us=435983 present_us=64634 touch_us=1311 pacing_us=16996 wall_us=518924 max_tick_us=9384 touch_samples=635 touch_interval_max_us=1112 touch_read_max_us=382 touch_events=0 touch_down=0 touch_up=0 touch_events_ge_8ms=0 touch_event_age_max_us=0 touch_errors=0 touch_overflows=0 pass=1
[12:41:13] TINYDRAW_PANEL_TE_HEAL paged=1 sent=1 high=0/34 edges_delta=0 isr_reinstall=0 falling_edges=0
[12:41:14] TINYDRAW_GATE1_PACED_COLD corpus=adversarial_tapered_4x zoom=400 x=0 y=0 steps=904 tiles=42 compute_us=542940 present_us=67268 touch_us=1425 pacing_us=15504 wall_us=627137 max_tick_us=10374 touch_samples=812 touch_interval_max_us=1139 touch_read_max_us=446 touch_events=0 touch_down=0 touch_up=0 touch_events_ge_8ms=0 touch_event_age_max_us=0 touch_errors=0 touch_overflows=0 pass=1
[12:41:14] TINYDRAW_GATE1_WORKLOAD kind=realistic seed=7 operations=1000 samples=19844 maximum_stroke=198 load_us=380737 raw_source=1 lod_copies=0
[12:41:14] TINYDRAW_PANEL_TE_HEAL paged=1 sent=1 high=0/34 edges_delta=0 isr_reinstall=0 falling_edges=0
[12:41:14] TINYDRAW_GATE1_PACED_COLD corpus=seed7 zoom=400 x=63 y=63 steps=281 tiles=56 compute_us=276291 present_us=81732 touch_us=680 pacing_us=8272 wall_us=366975 max_tick_us=12776 touch_samples=1046 touch_interval_max_us=1876 touch_read_max_us=493 touch_events=0 touch_down=0 touch_up=0 touch_events_ge_8ms=0 touch_event_age_max_us=0 touch_errors=0 touch_overflows=0 pass=1
[12:41:17] TINYDRAW_LIVE_PRESENT kind=gate_fallback zoom=100 x=0 y=0 compose_us=26580 scroll_us=0 exposed_compose_us=0 chrome_us=7707 read_submit_us=66923 read_complete_us=68531 transfer_wait_us=18849 tile_pixels=0 uniform_pixels=0 overview_pixels=0 fallback_pixels=164864 resident_tiles=0 fallback_tiles=42 pushes=11 tear_wait_us=39101 tear_sync=0 frame_reused=0 pass=1
[12:41:17] TINYDRAW_GATE1_HARD zoom=100 cold=1 operations=1000 samples=19844 steps=275 tiles=42 scanned=12000 rendered=5232 max_supertask_us=9749 presentation_us=70173 total_us=377920 pass=1
[12:41:17] TINYDRAW_PANEL_TE_HEAL paged=1 sent=1 high=0/34 edges_delta=0 isr_reinstall=0 falling_edges=0
[12:41:17] TINYDRAW_GATE1_LIVE_OVERLAY clear_updates=47 clear_wall_max_us=3175 clear_submit_max_us=2239 clear_complete_max_us=2281 overlay_updates=26 overlay_wall_max_us=2925 overlay_submit_max_us=2357 overlay_complete_max_us=2390 overlay_chrome_max_us=0 clear_failures=0 overlay_failures=0 pass=1
[12:41:17] TINYDRAW_EDGE_INK corners=4 edge_failures=0 pass=1
[12:41:17] TINYDRAW_PANEL_TE_HEAL paged=1 sent=1 high=0/34 edges_delta=0 isr_reinstall=0 falling_edges=0
[12:41:17] TINYDRAW_GATE1_PAN zoom=100 from_x=0 from_y=0 to_x=88 to_y=88 compose_us=28899 scroll_us=0 exposed_compose_us=0 chrome_us=7673 event_submit_us=159909 event_complete_us=161515 transfer_us=18883 setup=1 present=1 moved=1 frame_reused=0 pass=0
[12:41:17] TINYDRAW_LIVE_PRESENT kind=gate_fallback zoom=400 x=0 y=0 compose_us=25718 scroll_us=0 exposed_compose_us=0 chrome_us=7632 read_submit_us=66450 read_complete_us=68063 transfer_wait_us=18857 tile_pixels=0 uniform_pixels=0 overview_pixels=0 fallback_pixels=164864 resident_tiles=0 fallback_tiles=42 pushes=11 tear_wait_us=39485 tear_sync=0 frame_reused=0 pass=1
[12:41:17] ESP-ROM:esp32s3-20210327
[12:41:17] Build:Mar 27 2021
[12:41:17] rst:0x15 (USB_UART_CHIP_RESET),boot:0x2b (SPI_FAST_FLASH_BOOT)
[12:41:17] Saved PC:0x4203c262
[12:41:17] SPIWP:0xee
[12:41:17] mode:DIO, clock div:1
[12:41:17] load:0x3fce2820,len:0x1664
[12:41:17] load:0x403c8700,len:0xf38
[12:41:17] load:0x403cb700,len:0x31e8
[12:41:17] entry 0x403c8930
[12:41:17] I (24) boot: ESP-IDF v6.0.2 2nd stage bootloader
[12:41:17] I (24) boot: compile time Aug 15 2026 12:38:36
[12:41:17] I (25) boot: Multicore bootloader
[12:41:17] I (25) boot: chip revision: v0.2
[12:41:17] I (28) boot: efuse block revision: v1.3
[12:41:17] I (31) qio_mode: Enabling default flash chip QIO
[12:41:17] I (36) boot.esp32s3: Boot SPI Speed : 80MHz
[12:41:17] I (39) boot.esp32s3: SPI Mode       : QIO
[12:41:17] I (43) boot.esp32s3: SPI Flash Size : 16MB
[12:41:17] I (47) boot: Enabling RNG early entropy source...
[12:41:17] I (51) boot: Partition Table:
[12:41:17] I (54) boot: ## Label            Usage          Type ST Offset   Length
[12:41:17] I (60) boot:  0 nvs              WiFi data        01 02 00009000 00006000
[12:41:17] I (67) boot:  1 phy_init         RF data          01 01 0000f000 00001000
[12:41:17] I (73) boot:  2 factory          factory app      00 00 00010000 00100000
[12:41:17] I (80) boot:  3 drawing          Unknown data     01 40 00110000 00300000
[12:41:17] I (86) boot:  4 export           Unknown data     01 41 00410000 00500000
[12:41:17] I (93) boot:  5 coredump         Unknown data     01 03 00910000 00010000
[12:41:17] I (100) boot: End of partition table
[12:41:17] I (103) esp_image: segment 0: paddr=00010020 vaddr=3c050020 size=1427ch ( 82556) map
[12:41:17] I (123) esp_image: segment 1: paddr=000242a4 vaddr=3fc94500 size=03764h ( 14180) load
[12:41:17] I (126) esp_image: segment 2: paddr=00027a10 vaddr=40374000 size=08608h ( 34312) load
[12:41:17] I (134) esp_image: segment 3: paddr=00030020 vaddr=42000020 size=476e0h (292576) map
[12:41:17] I (180) esp_image: segment 4: paddr=00077708 vaddr=4037c608 size=07e54h ( 32340) load
[12:41:17] I (187) esp_image: segment 5: paddr=0007f564 vaddr=50000000 size=00024h (    36) load
[12:41:17] I (194) boot: Loaded app from partition at offset 0x10000
[12:41:17] I (194) boot: Disabling RNG early entropy source...
[12:41:17] I (205) octal_psram: vendor id    : 0x0d (AP)
[12:41:17] I (205) octal_psram: dev id       : 0x02 (generation 3)
[12:41:17] I (205) octal_psram: density      : 0x03 (64 Mbit)
[12:41:17] I (207) octal_psram: good-die     : 0x01 (Pass)
[12:41:17] I (212) octal_psram: Latency      : 0x01 (Fixed)
[12:41:17] I (216) octal_psram: VCC          : 0x01 (3V)
[12:41:17] I (220) octal_psram: SRF          : 0x01 (Fast Refresh)
[12:41:17] I (225) octal_psram: BurstType    : 0x01 (Hybrid Wrap)
[12:41:17] I (230) octal_psram: BurstLen     : 0x01 (32 Byte)
[12:41:17] I (234) octal_psram: Readlatency  : 0x02 (10 cycles@Fixed)
[12:41:17] I (240) octal_psram: DriveStrength: 0x00 (1/1)
[12:41:17] I (244) MSPI Timing: Enter psram timing tuning
[12:41:17] I (249) esp_psram: Found 8MB PSRAM device
[12:41:17] I (252) esp_psram: Speed: 80MHz
[12:41:17] I (255) cpu_start: Multicore app
[12:41:17] I (671) esp_psram: SPI SRAM memory test OK
[12:41:17] I (679) cpu_start: GPIO 44 and 43 are used as console UART I/O pins
[12:41:17] I (679) cpu_start: Pro cpu start user code
[12:41:17] I (679) cpu_start: cpu freq: 240000000 Hz
[12:41:17] I (681) app_init: Application information:
[12:41:17] I (685) app_init: Project name:     tinydraw_esp32
[12:41:17] I (689) app_init: App version:      c86f3ac
[12:41:17] I (693) app_init: Compile time:     Aug 15 2026 12:38:30
[12:41:17] I (698) app_init: ELF file SHA256:  603c6763f...
[12:41:17] I (703) app_init: ESP-IDF:          v6.0.2
[12:41:18] I (707) efuse_init: Min chip rev:     v0.0
[12:41:18] I (710) efuse_init: Max chip rev:     v0.99 
[12:41:18] I (714) efuse_init: Chip rev:         v0.2
[12:41:18] I (718) heap_init: Initializing. RAM available for dynamic allocation:
[12:41:18] I (724) heap_init: At 3FC99090 len 00050680 (321 KiB): RAM
[12:41:18] I (730) heap_init: At 3FCE9710 len 00005724 (21 KiB): RAM
[12:41:18] I (735) heap_init: At 3FCF0000 len 00008000 (32 KiB): DRAM
[12:41:18] I (740) heap_init: At 600FE000 len 00001FE8 (7 KiB): RTCRAM
[12:41:18] I (745) esp_psram: Adding pool of 8192K of PSRAM memory to heap allocator
[12:41:18] I (752) spi_flash: detected chip: generic
[12:41:18] I (755) spi_flash: flash io: qio
[12:41:18] I (759) sleep_gpio: Configure to isolate all GPIO pins in sleep state
[12:41:18] I (765) sleep_gpio: Enable automatic switching of GPIO sleep configuration
[12:41:18] I (772) main_task: Started on CPU0
[12:41:18] I (775) main_task: Calling app_main()
[12:41:18] E (808) i2c.master: I2C transaction timeout detected
[12:41:18] TINYDRAW_PANEL_HARD_RESET=0
[12:41:18] I (979) co5300: version: 2.1.0
[12:41:18] I (980) co5300_spi: LCD panel create success, version: 2.1.0
[12:41:18] W (1060) co5300_spi: The 3Ah command has been used and will be overwritten by external initialization sequence
[12:41:18] I (1161) CST816S: IC id: 183
[12:41:18] TINYDRAW_LIVE_PRESENT kind=startup zoom=25 x=0 y=0 compose_us=36455 scroll_us=0 exposed_compose_us=0 chrome_us=7947 read_submit_us=0 read_complete_us=0 transfer_wait_us=18451 tile_pixels=0 uniform_pixels=0 overview_pixels=164864 fallback_pixels=0 resident_tiles=0 fallback_tiles=0 pushes=11 tear_wait_us=6121 tear_sync=1 frame_reused=0 pass=1
[12:41:19] TINYDRAW_LIVE_STRESS operations=1000 samples=20000 total_us=480900 average_us=480 maximum_us=1155 free_psram=1987924 largest_psram=1966080
[12:41:19] TINYDRAW_LIVE_PRESENT kind=gate_fallback zoom=100 x=0 y=0 compose_us=26377 scroll_us=0 exposed_compose_us=0 chrome_us=7695 read_submit_us=43463 read_complete_us=45070 transfer_wait_us=18261 tile_pixels=0 uniform_pixels=0 overview_pixels=0 fallback_pixels=164864 resident_tiles=0 fallback_tiles=42 pushes=11 tear_wait_us=15876 tear_sync=1 frame_reused=0 pass=1
[12:41:19] TINYDRAW_GATE1_HARD zoom=100 cold=1 operations=1000 samples=20000 steps=192 tiles=42 scanned=12000 rendered=1659 max_supertask_us=9613 presentation_us=70362 total_us=275848 pass=1
[12:41:19] TINYDRAW_LIVE_PRESENT kind=gate_fallback zoom=400 x=0 y=0 compose_us=25695 scroll_us=0 exposed_compose_us=0 chrome_us=7693 read_submit_us=41106 read_complete_us=42713 transfer_wait_us=18583 tile_pixels=0 uniform_pixels=0 overview_pixels=0 fallback_pixels=164864 resident_tiles=0 fallback_tiles=42 pushes=11 tear_wait_us=14170 tear_sync=1 frame_reused=0 pass=1
[12:41:19] TINYDRAW_GATE1_HARD zoom=400 cold=1 operations=1000 samples=20000 steps=196 tiles=42 scanned=12000 rendered=120 max_supertask_us=8877 presentation_us=68465 total_us=211840 pass=1
[12:41:20] TINYDRAW_OVERLAP_WORKLOAD operations=8 samples=1200 radius_world=80
[12:41:20] TINYDRAW_GATE1_PACED_COLD corpus=overlap zoom=50 x=215 y=255 steps=334 tiles=56 compute_us=375884 present_us=86240 touch_us=1044 pacing_us=8313 wall_us=471481 max_tick_us=10490 touch_samples=2271 touch_interval_max_us=1853 touch_read_max_us=596 touch_events=0 touch_down=0 touch_up=0 touch_events_ge_8ms=0 touch_event_age_max_us=0 touch_errors=0 touch_overflows=0 pass=1
[12:41:21] TINYDRAW_GATE1_PACED_COLD corpus=overlap zoom=100 x=583 y=703 steps=172 tiles=48 compute_us=235657 present_us=82115 touch_us=649 pacing_us=6404 wall_us=324825 max_tick_us=10024 touch_samples=407 touch_interval_max_us=1755 touch_read_max_us=533 touch_events=0 touch_down=0 touch_up=0 touch_events_ge_8ms=0 touch_event_age_max_us=0 touch_errors=0 touch_overflows=0 pass=1
[12:41:21] TINYDRAW_GATE1_PACED_COLD corpus=overlap zoom=200 x=1319 y=1599 steps=128 tiles=56 compute_us=238705 present_us=80503 touch_us=618 pacing_us=4662 wall_us=324488 max_tick_us=9862 touch_samples=419 touch_interval_max_us=1917 touch_read_max_us=475 touch_events=0 touch_down=0 touch_up=0 touch_events_ge_8ms=0 touch_event_age_max_us=0 touch_errors=0 touch_overflows=0 pass=1
[12:41:21] TINYDRAW_GATE1_PACED_COLD corpus=overlap zoom=400 x=2791 y=3391 steps=94 tiles=56 compute_us=225119 present_us=82298 touch_us=568 pacing_us=4515 wall_us=312500 max_tick_us=10130 touch_samples=391 touch_interval_max_us=1136 touch_read_max_us=424 touch_events=0 touch_down=0 touch_up=0 touch_events_ge_8ms=0 touch_event_age_max_us=0 touch_errors=0 touch_overflows=0 pass=1
[12:41:22] TINYDRAW_ADVERSARIAL_TAPERED_WORKLOAD operations=128 samples=4096 erasers=12 load_us=220049 appended=1
[12:41:22] TINYDRAW_GATE1_PACED_COLD corpus=adversarial_tapered_4x zoom=50 x=0 y=0 steps=104 tiles=42 compute_us=95485 present_us=63364 touch_us=438 pacing_us=4747 wall_us=164034 max_tick_us=8639 touch_samples=507 touch_interval_max_us=1120 touch_read_max_us=403 touch_events=0 touch_down=0 touch_up=0 touch_events_ge_8ms=0 touch_event_age_max_us=0 touch_errors=0 touch_overflows=0 pass=1
[12:41:22] TINYDRAW_GATE1_PACED_COLD corpus=adversarial_tapered_4x zoom=100 x=0 y=0 steps=348 tiles=42 compute_us=157231 present_us=61814 touch_us=573 pacing_us=6134 wall_us=225752 max_tick_us=9070 touch_samples=313 touch_interval_max_us=1121 touch_read_max_us=404 touch_events=0 touch_down=0 touch_up=0 touch_events_ge_8ms=0 touch_event_age_max_us=0 touch_errors=0 touch_overflows=0 pass=1
[12:41:23] TINYDRAW_GATE1_PACED_COLD corpus=adversarial_tapered_4x zoom=200 x=0 y=0 steps=1214 tiles=42 compute_us=436279 present_us=65626 touch_us=1303 pacing_us=15722 wall_us=518930 max_tick_us=10240 touch_samples=596 touch_interval_max_us=1139 touch_read_max_us=405 touch_events=0 touch_down=0 touch_up=0 touch_events_ge_8ms=0 touch_event_age_max_us=0 touch_errors=0 touch_overflows=0 pass=1
[12:41:24] TINYDRAW_GATE1_PACED_COLD corpus=adversarial_tapered_4x zoom=400 x=0 y=0 steps=904 tiles=42 compute_us=543463 present_us=67070 touch_us=1423 pacing_us=15139 wall_us=627095 max_tick_us=10406 touch_samples=713 touch_interval_max_us=1142 touch_read_max_us=422 touch_events=0 touch_down=0 touch_up=0 touch_events_ge_8ms=0 touch_event_age_max_us=0 touch_errors=0 touch_overflows=0 pass=1
[12:41:24] TINYDRAW_GATE1_WORKLOAD kind=realistic seed=7 operations=1000 samples=19844 maximum_stroke=198 load_us=378858 raw_source=1 lod_copies=0
[12:41:24] TINYDRAW_GATE1_PACED_COLD corpus=seed7 zoom=400 x=63 y=63 steps=281 tiles=56 compute_us=277017 present_us=83028 touch_us=700 pacing_us=8224 wall_us=368969 max_tick_us=12836 touch_samples=951 touch_interval_max_us=1153 touch_read_max_us=434 touch_events=0 touch_down=0 touch_up=0 touch_events_ge_8ms=0 touch_event_age_max_us=0 touch_errors=0 touch_overflows=0 pass=1
[12:41:26] TINYDRAW_LIVE_PRESENT kind=gate_fallback zoom=100 x=0 y=0 compose_us=26642 scroll_us=0 exposed_compose_us=0 chrome_us=7739 read_submit_us=38751 read_complete_us=40359 transfer_wait_us=18099 tile_pixels=0 uniform_pixels=0 overview_pixels=0 fallback_pixels=164864 resident_tiles=0 fallback_tiles=42 pushes=11 tear_wait_us=10860 tear_sync=1 frame_reused=0 pass=1
[12:41:26] TINYDRAW_GATE1_HARD zoom=100 cold=1 operations=1000 samples=19844 steps=275 tiles=42 scanned=12000 rendered=5232 max_supertask_us=9748 presentation_us=69093 total_us=378034 pass=1
[12:41:26] TINYDRAW_GATE1_LIVE_OVERLAY clear_updates=47 clear_wall_max_us=2935 clear_submit_max_us=2167 clear_complete_max_us=2209 overlay_updates=26 overlay_wall_max_us=2929 overlay_submit_max_us=2382 overlay_complete_max_us=2418 overlay_chrome_max_us=0 clear_failures=0 overlay_failures=0 pass=1
[12:41:26] TINYDRAW_EDGE_INK corners=4 edge_failures=0 pass=1
[12:41:26] TINYDRAW_GATE1_PAN zoom=100 from_x=0 from_y=0 to_x=88 to_y=88 compose_us=21898 scroll_us=13 exposed_compose_us=21885 chrome_us=0 event_submit_us=27691 event_complete_us=29300 transfer_us=24409 setup=1 present=1 moved=1 frame_reused=1 pass=1
[12:41:26] TINYDRAW_LIVE_PRESENT kind=gate_fallback zoom=400 x=0 y=0 compose_us=25778 scroll_us=0 exposed_compose_us=0 chrome_us=7615 read_submit_us=31852 read_complete_us=33459 transfer_wait_us=18613 tile_pixels=0 uniform_pixels=0 overview_pixels=0 fallback_pixels=164864 resident_tiles=0 fallback_tiles=42 pushes=11 tear_wait_us=4824 tear_sync=1 frame_reused=0 pass=1
[12:41:26] TINYDRAW_GATE1_HARD zoom=400 cold=1 operations=1004 samples=19848 steps=217 tiles=42 scanned=12048 rendered=592 max_supertask_us=11160 presentation_us=68006 total_us=269317 pass=1
[12:41:27] ESP-ROM:esp32s3-20210327
[12:41:27] Build:Mar 27 2021
[12:41:27] rst:0x15 (USB_UART_CHIP_RESET),boot:0x2b (SPI_FAST_FLASH_BOOT)
[12:41:27] Saved PC:0x4202abc6
[12:41:27] SPIWP:0xee
[12:41:27] mode:DIO, clock div:1
[12:41:27] load:0x3fce2820,len:0x1664
[12:41:27] load:0x403c8700,len:0xf38
[12:41:27] load:0x403cb700,len:0x31e8
[12:41:27] entry 0x403c8930
[12:41:27] I (24) boot: ESP-IDF v6.0.2 2nd stage bootloader
[12:41:27] I (24) boot: compile time Aug 15 2026 12:38:36
[12:41:27] I (25) boot: Multicore bootloader
[12:41:27] I (25) boot: chip revision: v0.2
[12:41:27] I (28) boot: efuse block revision: v1.3
[12:41:27] I (31) qio_mode: Enabling default flash chip QIO
[12:41:27] I (36) boot.esp32s3: Boot SPI Speed : 80MHz
[12:41:27] I (39) boot.esp32s3: SPI Mode       : QIO
[12:41:27] I (43) boot.esp32s3: SPI Flash Size : 16MB
[12:41:27] I (47) boot: Enabling RNG early entropy source...
[12:41:27] I (51) boot: Partition Table:
[12:41:27] I (54) boot: ## Label            Usage          Type ST Offset   Length
[12:41:27] I (60) boot:  0 nvs              WiFi data        01 02 00009000 00006000
[12:41:27] I (67) boot:  1 phy_init         RF data          01 01 0000f000 00001000
[12:41:27] I (73) boot:  2 factory          factory app      00 00 00010000 00100000
[12:41:27] I (80) boot:  3 drawing          Unknown data     01 40 00110000 00300000
[12:41:27] I (86) boot:  4 export           Unknown data     01 41 00410000 00500000
[12:41:27] I (93) boot:  5 coredump         Unknown data     01 03 00910000 00010000
[12:41:27] I (100) boot: End of partition table
[12:41:27] I (103) esp_image: segment 0: paddr=00010020 vaddr=3c050020 size=1427ch ( 82556) map
[12:41:27] I (123) esp_image: segment 1: paddr=000242a4 vaddr=3fc94500 size=03764h ( 14180) load
[12:41:27] I (126) esp_image: segment 2: paddr=00027a10 vaddr=40374000 size=08608h ( 34312) load
[12:41:27] I (134) esp_image: segment 3: paddr=00030020 vaddr=42000020 size=476e0h (292576) map
[12:41:27] I (180) esp_image: segment 4: paddr=00077708 vaddr=4037c608 size=07e54h ( 32340) load
[12:41:27] I (187) esp_image: segment 5: paddr=0007f564 vaddr=50000000 size=00024h (    36) load
[12:41:27] I (194) boot: Loaded app from partition at offset 0x10000
[12:41:27] I (194) boot: Disabling RNG early entropy source...
[12:41:27] I (205) octal_psram: vendor id    : 0x0d (AP)
[12:41:27] I (205) octal_psram: dev id       : 0x02 (generation 3)
[12:41:27] I (205) octal_psram: density      : 0x03 (64 Mbit)
[12:41:27] I (207) octal_psram: good-die     : 0x01 (Pass)
[12:41:27] I (212) octal_psram: Latency      : 0x01 (Fixed)
[12:41:27] I (216) octal_psram: VCC          : 0x01 (3V)
[12:41:27] I (220) octal_psram: SRF          : 0x01 (Fast Refresh)
[12:41:27] I (225) octal_psram: BurstType    : 0x01 (Hybrid Wrap)
[12:41:27] I (230) octal_psram: BurstLen     : 0x01 (32 Byte)
[12:41:27] I (234) octal_psram: Readlatency  : 0x02 (10 cycles@Fixed)
[12:41:27] I (240) octal_psram: DriveStrength: 0x00 (1/1)
[12:41:27] I (244) MSPI Timing: Enter psram timing tuning
[12:41:27] I (249) esp_psram: Found 8MB PSRAM device
[12:41:27] I (252) esp_psram: Speed: 80MHz
[12:41:27] I (255) cpu_start: Multicore app
[12:41:27] I (671) esp_psram: SPI SRAM memory test OK
[12:41:27] I (679) cpu_start: GPIO 44 and 43 are used as console UART I/O pins
[12:41:27] I (679) cpu_start: Pro cpu start user code
[12:41:27] I (679) cpu_start: cpu freq: 240000000 Hz
[12:41:27] I (681) app_init: Application information:
[12:41:27] I (685) app_init: Project name:     tinydraw_esp32
[12:41:27] I (689) app_init: App version:      c86f3ac
[12:41:27] I (693) app_init: Compile time:     Aug 15 2026 12:38:30
[12:41:27] I (698) app_init: ELF file SHA256:  603c6763f...
[12:41:27] I (703) app_init: ESP-IDF:          v6.0.2
[12:41:27] I (707) efuse_init: Min chip rev:     v0.0
[12:41:27] I (710) efuse_init: Max chip rev:     v0.99 
[12:41:27] I (714) efuse_init: Chip rev:         v0.2
[12:41:27] I (718) heap_init: Initializing. RAM available for dynamic allocation:
[12:41:27] I (724) heap_init: At 3FC99090 len 00050680 (321 KiB): RAM
[12:41:27] I (730) heap_init: At 3FCE9710 len 00005724 (21 KiB): RAM
[12:41:27] I (735) heap_init: At 3FCF0000 len 00008000 (32 KiB): DRAM
[12:41:27] I (740) heap_init: At 600FE000 len 00001FE8 (7 KiB): RTCRAM
[12:41:27] I (745) esp_psram: Adding pool of 8192K of PSRAM memory to heap allocator
[12:41:27] I (752) spi_flash: detected chip: generic
[12:41:27] I (755) spi_flash: flash io: qio
[12:41:27] I (759) sleep_gpio: Configure to isolate all GPIO pins in sleep state
[12:41:27] I (765) sleep_gpio: Enable automatic switching of GPIO sleep configuration
[12:41:27] I (772) main_task: Started on CPU0
[12:41:27] I (775) main_task: Calling app_main()
[12:41:28] TINYDRAW_PANEL_HARD_RESET=0
[12:41:28] I (972) co5300: version: 2.1.0
[12:41:28] I (973) co5300_spi: LCD panel create success, version: 2.1.0
[12:41:28] W (1053) co5300_spi: The 3Ah command has been used and will be overwritten by external initialization sequence
[12:41:28] I (1154) CST816S: IC id: 183
[12:41:28] TINYDRAW_PANEL_TE_HEAL paged=1 sent=1 high=0/34 edges_delta=0 isr_reinstall=0 falling_edges=0
[12:41:28] TINYDRAW_LIVE_PRESENT kind=startup zoom=25 x=0 y=0 compose_us=36448 scroll_us=0 exposed_compose_us=0 chrome_us=7963 read_submit_us=0 read_complete_us=0 transfer_wait_us=18877 tile_pixels=0 uniform_pixels=0 overview_pixels=164864 fallback_pixels=0 resident_tiles=0 fallback_tiles=0 pushes=11 tear_wait_us=107790 tear_sync=0 frame_reused=0 pass=1
[12:41:28] TINYDRAW_LIVE_STRESS operations=1000 samples=20000 total_us=480012 average_us=480 maximum_us=1076 free_psram=1987924 largest_psram=1966080
[12:41:28] TINYDRAW_LIVE_PRESENT kind=gate_fallback zoom=100 x=0 y=0 compose_us=26290 scroll_us=0 exposed_compose_us=0 chrome_us=7696 read_submit_us=67550 read_complete_us=69159 transfer_wait_us=18853 tile_pixels=0 uniform_pixels=0 overview_pixels=0 fallback_pixels=164864 resident_tiles=0 fallback_tiles=42 pushes=11 tear_wait_us=40025 tear_sync=0 frame_reused=0 pass=1
[12:41:29] TINYDRAW_GATE1_HARD zoom=100 cold=1 operations=1000 samples=20000 steps=192 tiles=42 scanned=12000 rendered=1659 max_supertask_us=9538 presentation_us=70681 total_us=275771 pass=1
[12:41:29] TINYDRAW_PANEL_TE_HEAL paged=1 sent=1 high=0/34 edges_delta=0 isr_reinstall=0 falling_edges=0
[12:41:29] TINYDRAW_LIVE_PRESENT kind=gate_fallback zoom=400 x=0 y=0 compose_us=25591 scroll_us=0 exposed_compose_us=0 chrome_us=7651 read_submit_us=133862 read_complete_us=135470 transfer_wait_us=18895 tile_pixels=0 uniform_pixels=0 overview_pixels=0 fallback_pixels=164864 resident_tiles=0 fallback_tiles=42 pushes=11 tear_wait_us=107070 tear_sync=0 frame_reused=0 pass=1
[12:41:29] TINYDRAW_GATE1_HARD zoom=400 cold=1 operations=1000 samples=20000 steps=196 tiles=42 scanned=12000 rendered=120 max_supertask_us=8847 presentation_us=67375 total_us=210547 pass=1
[12:41:30] TINYDRAW_OVERLAP_WORKLOAD operations=8 samples=1200 radius_world=80
[12:41:30] TINYDRAW_GATE1_PACED_COLD corpus=overlap zoom=50 x=215 y=255 steps=334 tiles=56 compute_us=375091 present_us=85539 touch_us=1033 pacing_us=9316 wall_us=470979 max_tick_us=10505 touch_samples=2523 touch_interval_max_us=1928 touch_read_max_us=596 touch_events=0 touch_down=0 touch_up=0 touch_events_ge_8ms=0 touch_event_age_max_us=0 touch_errors=0 touch_overflows=0 pass=1
[12:41:31] TINYDRAW_PANEL_TE_HEAL paged=1 sent=1 high=0/34 edges_delta=0 isr_reinstall=0 falling_edges=0
[12:41:31] TINYDRAW_GATE1_PACED_COLD corpus=overlap zoom=100 x=583 y=703 steps=172 tiles=48 compute_us=235071 present_us=82378 touch_us=666 pacing_us=6731 wall_us=324846 max_tick_us=10023 touch_samples=509 touch_interval_max_us=1127 touch_read_max_us=411 touch_events=0 touch_down=0 touch_up=0 touch_events_ge_8ms=0 touch_event_age_max_us=0 touch_errors=0 touch_overflows=0 pass=1
[12:41:31] TINYDRAW_GATE1_PACED_COLD corpus=overlap zoom=200 x=1319 y=1599 steps=128 tiles=56 compute_us=238310 present_us=79792 touch_us=611 pacing_us=4777 wall_us=323490 max_tick_us=9863 touch_samples=442 touch_interval_max_us=1149 touch_read_max_us=447 touch_events=0 touch_down=0 touch_up=0 touch_events_ge_8ms=0 touch_event_age_max_us=0 touch_errors=0 touch_overflows=0 pass=1
[12:41:32] TINYDRAW_GATE1_PACED_COLD corpus=overlap zoom=400 x=2791 y=3391 steps=94 tiles=56 compute_us=224496 present_us=81886 touch_us=551 pacing_us=4565 wall_us=311498 max_tick_us=10125 touch_samples=430 touch_interval_max_us=1139 touch_read_max_us=443 touch_events=0 touch_down=0 touch_up=0 touch_events_ge_8ms=0 touch_event_age_max_us=0 touch_errors=0 touch_overflows=0 pass=1
[12:41:32] TINYDRAW_ADVERSARIAL_TAPERED_WORKLOAD operations=128 samples=4096 erasers=12 load_us=218883 appended=1
[12:41:32] TINYDRAW_PANEL_TE_HEAL paged=1 sent=1 high=0/34 edges_delta=0 isr_reinstall=0 falling_edges=0
[12:41:32] TINYDRAW_GATE1_PACED_COLD corpus=adversarial_tapered_4x zoom=50 x=0 y=0 steps=104 tiles=42 compute_us=95435 present_us=63405 touch_us=429 pacing_us=4764 wall_us=164033 max_tick_us=8643 touch_samples=606 touch_interval_max_us=1132 touch_read_max_us=417 touch_events=0 touch_down=0 touch_up=0 touch_events_ge_8ms=0 touch_event_age_max_us=0 touch_errors=0 touch_overflows=0 pass=1
[12:41:33] TINYDRAW_GATE1_PACED_COLD corpus=adversarial_tapered_4x zoom=100 x=0 y=0 steps=348 tiles=42 compute_us=157078 present_us=62101 touch_us=616 pacing_us=4972 wall_us=224767 max_tick_us=8645 touch_samples=342 touch_interval_max_us=1128 touch_read_max_us=396 touch_events=0 touch_down=0 touch_up=0 touch_events_ge_8ms=0 touch_event_age_max_us=0 touch_errors=0 touch_overflows=0 pass=1
[12:41:33] TINYDRAW_GATE1_PACED_COLD corpus=adversarial_tapered_4x zoom=200 x=0 y=0 steps=1214 tiles=42 compute_us=436063 present_us=65963 touch_us=1346 pacing_us=14574 wall_us=517946 max_tick_us=10254 touch_samples=635 touch_interval_max_us=1120 touch_read_max_us=390 touch_events=0 touch_down=0 touch_up=0 touch_events_ge_8ms=0 touch_event_age_max_us=0 touch_errors=0 touch_overflows=0 pass=1
[12:41:33] TINYDRAW_PANEL_TE_HEAL paged=1 sent=1 high=0/34 edges_delta=0 isr_reinstall=0 falling_edges=0
[12:41:35] TINYDRAW_GATE1_PACED_COLD corpus=adversarial_tapered_4x zoom=400 x=0 y=0 steps=904 tiles=42 compute_us=542336 present_us=66426 touch_us=1485 pacing_us=14215 wall_us=624462 max_tick_us=10380 touch_samples=809 touch_interval_max_us=1142 touch_read_max_us=441 touch_events=0 touch_down=0 touch_up=0 touch_events_ge_8ms=0 touch_event_age_max_us=0 touch_errors=0 touch_overflows=0 pass=1
[12:41:35] TINYDRAW_GATE1_WORKLOAD kind=realistic seed=7 operations=1000 samples=19844 maximum_stroke=198 load_us=374976 raw_source=1 lod_copies=0
[12:41:35] TINYDRAW_PANEL_TE_HEAL paged=1 sent=1 high=0/34 edges_delta=0 isr_reinstall=0 falling_edges=0
[12:41:35] TINYDRAW_GATE1_PACED_COLD corpus=seed7 zoom=400 x=63 y=63 steps=281 tiles=56 compute_us=276207 present_us=81835 touch_us=694 pacing_us=8244 wall_us=366980 max_tick_us=12752 touch_samples=1039 touch_interval_max_us=1928 touch_read_max_us=499 touch_events=0 touch_down=0 touch_up=0 touch_events_ge_8ms=0 touch_event_age_max_us=0 touch_errors=0 touch_overflows=0 pass=1
[12:41:37] TINYDRAW_LIVE_PRESENT kind=gate_fallback zoom=100 x=0 y=0 compose_us=26584 scroll_us=0 exposed_compose_us=0 chrome_us=7717 read_submit_us=66938 read_complete_us=68545 transfer_wait_us=18829 tile_pixels=0 uniform_pixels=0 overview_pixels=0 fallback_pixels=164864 resident_tiles=0 fallback_tiles=42 pushes=11 tear_wait_us=39093 tear_sync=0 frame_reused=0 pass=1
[12:41:37] TINYDRAW_GATE1_HARD zoom=100 cold=1 operations=1000 samples=19844 steps=275 tiles=42 scanned=12000 rendered=5232 max_supertask_us=9736 presentation_us=69974 total_us=377905 pass=1
[12:41:37] TINYDRAW_PANEL_TE_HEAL paged=1 sent=1 high=0/34 edges_delta=0 isr_reinstall=0 falling_edges=0
[12:41:37] TINYDRAW_GATE1_LIVE_OVERLAY clear_updates=47 clear_wall_max_us=3164 clear_submit_max_us=2231 clear_complete_max_us=2273 overlay_updates=26 overlay_wall_max_us=2926 overlay_submit_max_us=2354 overlay_complete_max_us=2388 overlay_chrome_max_us=0 clear_failures=0 overlay_failures=0 pass=1
[12:41:37] TINYDRAW_EDGE_INK corners=4 edge_failures=0 pass=1
[12:41:37] TINYDRAW_PANEL_TE_HEAL paged=1 sent=1 high=0/34 edges_delta=0 isr_reinstall=0 falling_edges=0
[12:41:37] TINYDRAW_GATE1_PAN zoom=100 from_x=0 from_y=0 to_x=88 to_y=88 compose_us=28794 scroll_us=0 exposed_compose_us=0 chrome_us=7641 event_submit_us=158921 event_complete_us=160527 transfer_us=18890 setup=1 present=1 moved=1 frame_reused=0 pass=0
[12:41:37] TINYDRAW_LIVE_PRESENT kind=gate_fallback zoom=400 x=0 y=0 compose_us=25712 scroll_us=0 exposed_compose_us=0 chrome_us=7650 read_submit_us=66431 read_complete_us=68045 transfer_wait_us=18861 tile_pixels=0 uniform_pixels=0 overview_pixels=0 fallback_pixels=164864 resident_tiles=0 fallback_tiles=42 pushes=11 tear_wait_us=39460 tear_sync=0 frame_reused=0 pass=1
[12:41:38] ESP-ROM:esp32s3-20210327
[12:41:38] Build:Mar 27 2021
[12:41:38] rst:0x15 (USB_UART_CHIP_RESET),boot:0x2b (SPI_FAST_FLASH_BOOT)
[12:41:38] Saved PC:0x4202cd24
[12:41:38] SPIWP:0xee
[12:41:38] mode:DIO, clock div:1
[12:41:38] load:0x3fce2820,len:0x1664
[12:41:38] load:0x403c8700,len:0xf38
[12:41:38] load:0x403cb700,len:0x31e8
[12:41:38] entry 0x403c8930
[12:41:38] I (24) boot: ESP-IDF v6.0.2 2nd stage bootloader
[12:41:38] I (24) boot: compile time Aug 15 2026 12:38:36
[12:41:38] I (25) boot: Multicore bootloader
[12:41:38] I (25) boot: chip revision: v0.2
[12:41:38] I (28) boot: efuse block revision: v1.3
[12:41:38] I (31) qio_mode: Enabling default flash chip QIO
[12:41:38] I (36) boot.esp32s3: Boot SPI Speed : 80MHz
[12:41:38] I (39) boot.esp32s3: SPI Mode       : QIO
[12:41:38] I (43) boot.esp32s3: SPI Flash Size : 16MB
[12:41:38] I (47) boot: Enabling RNG early entropy source...
[12:41:38] I (51) boot: Partition Table:
[12:41:38] I (54) boot: ## Label            Usage          Type ST Offset   Length
[12:41:38] I (60) boot:  0 nvs              WiFi data        01 02 00009000 00006000
[12:41:38] I (67) boot:  1 phy_init         RF data          01 01 0000f000 00001000
[12:41:38] I (73) boot:  2 factory          factory app      00 00 00010000 00100000
[12:41:38] I (80) boot:  3 drawing          Unknown data     01 40 00110000 00300000
[12:41:38] I (86) boot:  4 export           Unknown data     01 41 00410000 00500000
[12:41:38] I (93) boot:  5 coredump         Unknown data     01 03 00910000 00010000
[12:41:38] I (100) boot: End of partition table
[12:41:38] I (103) esp_image: segment 0: paddr=00010020 vaddr=3c050020 size=1427ch ( 82556) map
[12:41:38] I (123) esp_image: segment 1: paddr=000242a4 vaddr=3fc94500 size=03764h ( 14180) load
[12:41:38] I (126) esp_image: segment 2: paddr=00027a10 vaddr=40374000 size=08608h ( 34312) load
[12:41:38] I (134) esp_image: segment 3: paddr=00030020 vaddr=42000020 size=476e0h (292576) map
[12:41:38] I (180) esp_image: segment 4: paddr=00077708 vaddr=4037c608 size=07e54h ( 32340) load
[12:41:38] I (187) esp_image: segment 5: paddr=0007f564 vaddr=50000000 size=00024h (    36) load
[12:41:38] I (194) boot: Loaded app from partition at offset 0x10000
[12:41:38] I (194) boot: Disabling RNG early entropy source...
[12:41:38] I (205) octal_psram: vendor id    : 0x0d (AP)
[12:41:38] I (205) octal_psram: dev id       : 0x02 (generation 3)
[12:41:38] I (205) octal_psram: density      : 0x03 (64 Mbit)
[12:41:38] I (207) octal_psram: good-die     : 0x01 (Pass)
[12:41:38] I (212) octal_psram: Latency      : 0x01 (Fixed)
[12:41:38] I (216) octal_psram: VCC          : 0x01 (3V)
[12:41:38] I (220) octal_psram: SRF          : 0x01 (Fast Refresh)
[12:41:38] I (225) octal_psram: BurstType    : 0x01 (Hybrid Wrap)
[12:41:38] I (230) octal_psram: BurstLen     : 0x01 (32 Byte)
[12:41:38] I (234) octal_psram: Readlatency  : 0x02 (10 cycles@Fixed)
[12:41:38] I (240) octal_psram: DriveStrength: 0x00 (1/1)
[12:41:38] I (244) MSPI Timing: Enter psram timing tuning
[12:41:38] I (249) esp_psram: Found 8MB PSRAM device
[12:41:38] I (252) esp_psram: Speed: 80MHz
[12:41:38] I (255) cpu_start: Multicore app
[12:41:38] I (671) esp_psram: SPI SRAM memory test OK
[12:41:38] I (679) cpu_start: GPIO 44 and 43 are used as console UART I/O pins
[12:41:38] I (679) cpu_start: Pro cpu start user code
[12:41:38] I (679) cpu_start: cpu freq: 240000000 Hz
[12:41:38] I (681) app_init: Application information:
[12:41:38] I (685) app_init: Project name:     tinydraw_esp32
[12:41:38] I (689) app_init: App version:      c86f3ac
[12:41:38] I (693) app_init: Compile time:     Aug 15 2026 12:38:30
[12:41:38] I (698) app_init: ELF file SHA256:  603c6763f...
[12:41:38] I (703) app_init: ESP-IDF:          v6.0.2
[12:41:38] I (707) efuse_init: Min chip rev:     v0.0
[12:41:38] I (710) efuse_init: Max chip rev:     v0.99 
[12:41:38] I (714) efuse_init: Chip rev:         v0.2
[12:41:38] I (718) heap_init: Initializing. RAM available for dynamic allocation:
[12:41:38] I (724) heap_init: At 3FC99090 len 00050680 (321 KiB): RAM
[12:41:38] I (730) heap_init: At 3FCE9710 len 00005724 (21 KiB): RAM
[12:41:38] I (735) heap_init: At 3FCF0000 len 00008000 (32 KiB): DRAM
[12:41:38] I (740) heap_init: At 600FE000 len 00001FE8 (7 KiB): RTCRAM
[12:41:38] I (745) esp_psram: Adding pool of 8192K of PSRAM memory to heap allocator
[12:41:38] I (752) spi_flash: detected chip: generic
[12:41:38] I (755) spi_flash: flash io: qio
[12:41:38] I (759) sleep_gpio: Configure to isolate all GPIO pins in sleep state
[12:41:38] I (765) sleep_gpio: Enable automatic switching of GPIO sleep configuration
[12:41:38] I (772) main_task: Started on CPU0
[12:41:38] I (775) main_task: Calling app_main()
[12:41:38] TINYDRAW_PANEL_HARD_RESET=0
[12:41:38] I (972) co5300: version: 2.1.0
[12:41:38] I (973) co5300_spi: LCD panel create success, version: 2.1.0
[12:41:38] W (1053) co5300_spi: The 3Ah command has been used and will be overwritten by external initialization sequence
[12:41:38] I (1154) CST816S: IC id: 183
[12:41:39] TINYDRAW_LIVE_PRESENT kind=startup zoom=25 x=0 y=0 compose_us=36458 scroll_us=0 exposed_compose_us=0 chrome_us=7947 read_submit_us=0 read_complete_us=0 transfer_wait_us=18421 tile_pixels=0 uniform_pixels=0 overview_pixels=164864 fallback_pixels=0 resident_tiles=0 fallback_tiles=0 pushes=11 tear_wait_us=6159 tear_sync=1 frame_reused=0 pass=1
[12:41:39] TINYDRAW_LIVE_STRESS operations=1000 samples=20000 total_us=483353 average_us=483 maximum_us=1153 free_psram=1987924 largest_psram=1966080
[12:41:39] TINYDRAW_LIVE_PRESENT kind=gate_fallback zoom=100 x=0 y=0 compose_us=26381 scroll_us=0 exposed_compose_us=0 chrome_us=7740 read_submit_us=40787 read_complete_us=42395 transfer_wait_us=18378 tile_pixels=0 uniform_pixels=0 overview_pixels=0 fallback_pixels=164864 resident_tiles=0 fallback_tiles=42 pushes=11 tear_wait_us=13116 tear_sync=1 frame_reused=0 pass=1
[12:41:39] TINYDRAW_GATE1_HARD zoom=100 cold=1 operations=1000 samples=20000 steps=192 tiles=42 scanned=12000 rendered=1659 max_supertask_us=9647 presentation_us=71289 total_us=276852 pass=1
[12:41:39] TINYDRAW_LIVE_PRESENT kind=gate_fallback zoom=400 x=0 y=0 compose_us=25663 scroll_us=0 exposed_compose_us=0 chrome_us=7697 read_submit_us=39753 read_complete_us=41360 transfer_wait_us=18909 tile_pixels=0 uniform_pixels=0 overview_pixels=0 fallback_pixels=164864 resident_tiles=0 fallback_tiles=42 pushes=11 tear_wait_us=12847 tear_sync=1 frame_reused=0 pass=1
[12:41:40] TINYDRAW_GATE1_HARD zoom=400 cold=1 operations=1000 samples=20000 steps=196 tiles=42 scanned=12000 rendered=120 max_supertask_us=8874 presentation_us=68390 total_us=211818 pass=1
[12:41:40] TINYDRAW_OVERLAP_WORKLOAD operations=8 samples=1200 radius_world=80
[12:41:41] TINYDRAW_GATE1_PACED_COLD corpus=overlap zoom=50 x=215 y=255 steps=334 tiles=56 compute_us=375900 present_us=85227 touch_us=1044 pacing_us=8315 wall_us=470486 max_tick_us=10477 touch_samples=2269 touch_interval_max_us=1933 touch_read_max_us=596 touch_events=0 touch_down=0 touch_up=0 touch_events_ge_8ms=0 touch_event_age_max_us=0 touch_errors=0 touch_overflows=0 pass=1
[12:41:41] TINYDRAW_GATE1_PACED_COLD corpus=overlap zoom=100 x=583 y=703 steps=172 tiles=48 compute_us=235641 present_us=82123 touch_us=676 pacing_us=6398 wall_us=324838 max_tick_us=10024 touch_samples=407 touch_interval_max_us=1741 touch_read_max_us=544 touch_events=0 touch_down=0 touch_up=0 touch_events_ge_8ms=0 touch_event_age_max_us=0 touch_errors=0 touch_overflows=0 pass=1
[12:41:42] TINYDRAW_GATE1_PACED_COLD corpus=overlap zoom=200 x=1319 y=1599 steps=128 tiles=56 compute_us=238621 present_us=80532 touch_us=624 pacing_us=4689 wall_us=324466 max_tick_us=9872 touch_samples=420 touch_interval_max_us=1172 touch_read_max_us=465 touch_events=0 touch_down=0 touch_up=0 touch_events_ge_8ms=0 touch_event_age_max_us=0 touch_errors=0 touch_overflows=0 pass=1
[12:41:42] TINYDRAW_GATE1_PACED_COLD corpus=overlap zoom=400 x=2791 y=3391 steps=94 tiles=56 compute_us=225086 present_us=82344 touch_us=551 pacing_us=4523 wall_us=312504 max_tick_us=10143 touch_samples=391 touch_interval_max_us=1146 touch_read_max_us=416 touch_events=0 touch_down=0 touch_up=0 touch_events_ge_8ms=0 touch_event_age_max_us=0 touch_errors=0 touch_overflows=0 pass=1
[12:41:42] TINYDRAW_ADVERSARIAL_TAPERED_WORKLOAD operations=128 samples=4096 erasers=12 load_us=219348 appended=1
[12:41:42] TINYDRAW_GATE1_PACED_COLD corpus=adversarial_tapered_4x zoom=50 x=0 y=0 steps=104 tiles=42 compute_us=95537 present_us=63404 touch_us=430 pacing_us=4693 wall_us=164064 max_tick_us=8640 touch_samples=507 touch_interval_max_us=1117 touch_read_max_us=389 touch_events=0 touch_down=0 touch_up=0 touch_events_ge_8ms=0 touch_event_age_max_us=0 touch_errors=0 touch_overflows=0 pass=1
[12:41:43] TINYDRAW_GATE1_PACED_COLD corpus=adversarial_tapered_4x zoom=100 x=0 y=0 steps=348 tiles=42 compute_us=157272 present_us=62120 touch_us=609 pacing_us=5773 wall_us=225774 max_tick_us=8641 touch_samples=313 touch_interval_max_us=1131 touch_read_max_us=402 touch_events=0 touch_down=0 touch_up=0 touch_events_ge_8ms=0 touch_event_age_max_us=0 touch_errors=0 touch_overflows=0 pass=1
[12:41:43] TINYDRAW_GATE1_PACED_COLD corpus=adversarial_tapered_4x zoom=200 x=0 y=0 steps=1214 tiles=42 compute_us=436670 present_us=65819 touch_us=1317 pacing_us=15125 wall_us=518931 max_tick_us=10301 touch_samples=613 touch_interval_max_us=1126 touch_read_max_us=403 touch_events=0 touch_down=0 touch_up=0 touch_events_ge_8ms=0 touch_event_age_max_us=0 touch_errors=0 touch_overflows=0 pass=1
[12:41:45] TINYDRAW_GATE1_PACED_COLD corpus=adversarial_tapered_4x zoom=400 x=0 y=0 steps=904 tiles=42 compute_us=543879 present_us=67451 touch_us=1457 pacing_us=14353 wall_us=627140 max_tick_us=10385 touch_samples=712 touch_interval_max_us=1157 touch_read_max_us=428 touch_events=0 touch_down=0 touch_up=0 touch_events_ge_8ms=0 touch_event_age_max_us=0 touch_errors=0 touch_overflows=0 pass=1
[12:41:45] TINYDRAW_GATE1_WORKLOAD kind=realistic seed=7 operations=1000 samples=19844 maximum_stroke=198 load_us=380615 raw_source=1 lod_copies=0
[12:41:45] TINYDRAW_GATE1_PACED_COLD corpus=seed7 zoom=400 x=63 y=63 steps=281 tiles=56 compute_us=276882 present_us=82153 touch_us=701 pacing_us=8249 wall_us=367985 max_tick_us=12811 touch_samples=951 touch_interval_max_us=1136 touch_read_max_us=445 touch_events=0 touch_down=0 touch_up=0 touch_events_ge_8ms=0 touch_event_age_max_us=0 touch_errors=0 touch_overflows=0 pass=1
[12:41:47] TINYDRAW_LIVE_PRESENT kind=gate_fallback zoom=100 x=0 y=0 compose_us=26640 scroll_us=0 exposed_compose_us=0 chrome_us=7747 read_submit_us=39735 read_complete_us=41343 transfer_wait_us=18113 tile_pixels=0 uniform_pixels=0 overview_pixels=0 fallback_pixels=164864 resident_tiles=0 fallback_tiles=42 pushes=11 tear_wait_us=11841 tear_sync=1 frame_reused=0 pass=1
[12:41:47] TINYDRAW_GATE1_HARD zoom=100 cold=1 operations=1000 samples=19844 steps=275 tiles=42 scanned=12000 rendered=5232 max_supertask_us=9767 presentation_us=69179 total_us=378031 pass=1
[12:41:47] TINYDRAW_GATE1_LIVE_OVERLAY clear_updates=47 clear_wall_max_us=2935 clear_submit_max_us=2170 clear_complete_max_us=2213 overlay_updates=26 overlay_wall_max_us=2922 overlay_submit_max_us=2372 overlay_complete_max_us=2420 overlay_chrome_max_us=0 clear_failures=0 overlay_failures=0 pass=1
[12:41:47] TINYDRAW_EDGE_INK corners=4 edge_failures=0 pass=1
[12:41:47] TINYDRAW_GATE1_PAN zoom=100 from_x=0 from_y=0 to_x=88 to_y=88 compose_us=21870 scroll_us=13 exposed_compose_us=21857 chrome_us=0 event_submit_us=27300 event_complete_us=28910 transfer_us=24504 setup=1 present=1 moved=1 frame_reused=1 pass=1
[12:41:47] TINYDRAW_LIVE_PRESENT kind=gate_fallback zoom=400 x=0 y=0 compose_us=25832 scroll_us=0 exposed_compose_us=0 chrome_us=7686 read_submit_us=31799 read_complete_us=33400 transfer_wait_us=17991 tile_pixels=0 uniform_pixels=0 overview_pixels=0 fallback_pixels=164864 resident_tiles=0 fallback_tiles=42 pushes=11 tear_wait_us=4715 tear_sync=1 frame_reused=0 pass=1
[12:41:47] TINYDRAW_GATE1_HARD zoom=400 cold=1 operations=1004 samples=19848 steps=217 tiles=42 scanned=12048 rendered=592 max_supertask_us=11162 presentation_us=68002 total_us=269376 pass=1
