[14:06:00] ESP-ROM:esp32s3-20210327
[14:06:00] Build:Mar 27 2021
[14:06:00] rst:0x15 (USB_UART_CHIP_RESET),boot:0x2b (SPI_FAST_FLASH_BOOT)
[14:06:00] Saved PC:0x4037b7d6
[14:06:00] SPIWP:0xee
[14:06:00] mode:DIO, clock div:1
[14:06:00] load:0x3fce2820,len:0x1664
[14:06:00] load:0x403c8700,len:0xf38
[14:06:00] load:0x403cb700,len:0x31e8
[14:06:00] entry 0x403c8930
[14:06:00] I (24) boot: ESP-IDF v6.0.2 2nd stage bootloader
[14:06:00] I (24) boot: compile time Aug 14 2026 14:05:11
[14:06:00] I (25) boot: Multicore bootloader
[14:06:00] I (25) boot: chip revision: v0.2
[14:06:00] I (28) boot: efuse block revision: v1.3
[14:06:00] I (31) qio_mode: Enabling default flash chip QIO
[14:06:00] I (36) boot.esp32s3: Boot SPI Speed : 80MHz
[14:06:00] I (39) boot.esp32s3: SPI Mode       : QIO
[14:06:00] I (43) boot.esp32s3: SPI Flash Size : 16MB
[14:06:00] I (47) boot: Enabling RNG early entropy source...
[14:06:00] I (51) boot: Partition Table:
[14:06:00] I (54) boot: ## Label            Usage          Type ST Offset   Length
[14:06:00] I (60) boot:  0 nvs              WiFi data        01 02 00009000 00006000
[14:06:00] I (67) boot:  1 phy_init         RF data          01 01 0000f000 00001000
[14:06:00] I (73) boot:  2 factory          factory app      00 00 00010000 00100000
[14:06:00] I (80) boot:  3 drawing          Unknown data     01 40 00110000 00300000
[14:06:00] I (86) boot:  4 export           Unknown data     01 41 00410000 00500000
[14:06:00] I (93) boot:  5 coredump         Unknown data     01 03 00910000 00010000
[14:06:00] I (100) boot: End of partition table
[14:06:00] I (103) esp_image: segment 0: paddr=00010020 vaddr=3c030020 size=0ea5ch ( 59996) map
[14:06:00] I (120) esp_image: segment 1: paddr=0001ea84 vaddr=3fc93e00 size=01594h (  5524) load
[14:06:00] I (121) esp_image: segment 2: paddr=00020020 vaddr=42000020 size=2ced8h (184024) map
[14:06:00] I (154) esp_image: segment 3: paddr=0004cf00 vaddr=3fc95394 size=02090h (  8336) load
[14:06:00] I (156) esp_image: segment 4: paddr=0004ef98 vaddr=40374000 size=0fd1ch ( 64796) load
[14:06:00] I (171) esp_image: segment 5: paddr=0005ecbc vaddr=50000000 size=00024h (    36) load
[14:06:00] I (178) boot: Loaded app from partition at offset 0x10000
[14:06:00] I (178) boot: Disabling RNG early entropy source...
[14:06:00] I (188) octal_psram: vendor id    : 0x0d (AP)
[14:06:00] I (188) octal_psram: dev id       : 0x02 (generation 3)
[14:06:00] I (189) octal_psram: density      : 0x03 (64 Mbit)
[14:06:00] I (191) octal_psram: good-die     : 0x01 (Pass)
[14:06:00] I (195) octal_psram: Latency      : 0x01 (Fixed)
[14:06:00] I (199) octal_psram: VCC          : 0x01 (3V)
[14:06:00] I (203) octal_psram: SRF          : 0x01 (Fast Refresh)
[14:06:00] I (208) octal_psram: BurstType    : 0x01 (Hybrid Wrap)
[14:06:00] I (213) octal_psram: BurstLen     : 0x01 (32 Byte)
[14:06:00] I (218) octal_psram: Readlatency  : 0x02 (10 cycles@Fixed)
[14:06:00] I (223) octal_psram: DriveStrength: 0x00 (1/1)
[14:06:00] I (227) MSPI Timing: Enter psram timing tuning
[14:06:00] I (232) esp_psram: Found 8MB PSRAM device
[14:06:00] I (235) esp_psram: Speed: 80MHz
[14:06:00] I (238) cpu_start: Multicore app
[14:06:01] I (654) esp_psram: SPI SRAM memory test OK
[14:06:01] I (662) cpu_start: GPIO 44 and 43 are used as console UART I/O pins
[14:06:01] I (663) cpu_start: Pro cpu start user code
[14:06:01] I (663) cpu_start: cpu freq: 240000000 Hz
[14:06:01] I (664) app_init: Application information:
[14:06:01] I (668) app_init: Project name:     tinydraw_esp32
[14:06:01] I (673) app_init: App version:      f722a48
[14:06:01] I (677) app_init: Compile time:     Aug 14 2026 14:05:05
[14:06:01] I (682) app_init: ELF file SHA256:  16a392adb...
[14:06:01] I (686) app_init: ESP-IDF:          v6.0.2
[14:06:01] I (690) efuse_init: Min chip rev:     v0.0
[14:06:01] I (694) efuse_init: Max chip rev:     v0.99 
[14:06:01] I (698) efuse_init: Chip rev:         v0.2
[14:06:01] I (701) heap_init: Initializing. RAM available for dynamic allocation:
[14:06:01] I (708) heap_init: At 3FC97EF0 len 00051820 (326 KiB): RAM
[14:06:01] I (713) heap_init: At 3FCE9710 len 00005724 (21 KiB): RAM
[14:06:01] I (718) heap_init: At 3FCF0000 len 00008000 (32 KiB): DRAM
[14:06:01] I (723) heap_init: At 600FE000 len 00001FE8 (7 KiB): RTCRAM
[14:06:01] I (729) esp_psram: Adding pool of 8192K of PSRAM memory to heap allocator
[14:06:01] I (735) spi_flash: detected chip: generic
[14:06:01] I (739) spi_flash: flash io: qio
[14:06:01] I (742) sleep_gpio: Configure to isolate all GPIO pins in sleep state
[14:06:01] I (748) sleep_gpio: Enable automatic switching of GPIO sleep configuration
[14:06:01] I (755) main_task: Started on CPU0
[14:06:01] I (758) main_task: Calling app_main()
[14:06:01] TINYDRAW_PANEL_HARD_RESET=1
[14:06:01] I (955) co5300: version: 2.1.0
[14:06:01] I (956) co5300_spi: LCD panel create success, version: 2.1.0
[14:06:01] W (1036) co5300_spi: The 3Ah command has been used and will be overwritten by external initialization sequence
[14:06:01] I (1137) CST816S: IC id: 183
[14:06:01] TINYDRAW_LIVE_PRESENT kind=startup zoom=25 x=0 y=0 compose_us=35273 scroll_us=0 exposed_compose_us=0 chrome_us=0 read_submit_us=0 read_complete_us=0 transfer_wait_us=19773 tile_pixels=0 uniform_pixels=0 overview_pixels=164864 fallback_pixels=0 resident_tiles=0 fallback_tiles=0 pushes=21 tear_wait_us=9874 tear_sync=1 frame_reused=0 pass=1
[14:06:01] TINYDRAW_VECTOR_V2_READY zoom=25 controls=chrome button=cycle_all_zooms operations_capacity=4000 samples_capacity=80000 live_storage_bytes=5300672 overview_bytes=1318912 raw_tile_bytes=2621440 tile_metadata_bytes=68856 operation_bytes=720000 live_scratch_bytes=571464 free_psram=3042440 largest_psram=3014656 te_edges=7 te_period_us=16821 te_high_us=578 te_level=0 main_stack_free=4344
[14:14:01] TINYDRAW_LIVE_STROKE revision=1 operations=1 samples=5 append_us=3353 refresh_compose_us=0 refresh_complete_us=0 ink_samples=5 read_submit_avg_us=1232 read_submit_max_us=1323 read_complete_avg_us=1262 read_complete_max_us=1367 submit_over_16ms=0 complete_over_33ms=0 presentation_failures=0 poll_max_us=4007 touch_errors=0 touch_overflows=0 touch_moves_coalesced=33 touch_events=29 touch_down=1 touch_up=1 touch_events_ge_8ms=0 touch_event_age_max_us=1242 chunks=1 free_psram=3042440 largest_psram=3014656 authority_match=1
[14:14:01] TINYDRAW_LIVE_STROKE_DONE committed=1 refresh=1 commit_failed=0
[14:14:01] TINYDRAW_LIFT_BASELINE id=1 finish_preview_us=2015 builder_finish_us=54 append_us=3353 refresh_wall_us=28 refresh_x0=0 refresh_y0=0 refresh_x1=0 refresh_y1=0 refresh_compose_us=0 refresh_first_submit_us=0 refresh_first_complete_us=0 refresh_transfer_wait_us=0 stroke_logging_us=0 detected_to_poll_start_us=7002 detected_to_poll_complete_us=7011 poll_read_us=9 unattributed_tail_us=1552 reports_dropped=0 chunks=1 committed=1 refresh=1 commit_failed=0
[14:14:02] TINYDRAW_LIVE_STROKE revision=2 operations=2 samples=8 append_us=2819 refresh_compose_us=0 refresh_complete_us=0 ink_samples=3 read_submit_avg_us=1276 read_submit_max_us=1657 read_complete_avg_us=1300 read_complete_max_us=1692 submit_over_16ms=0 complete_over_33ms=0 presentation_failures=0 poll_max_us=7005 touch_errors=0 touch_overflows=0 touch_moves_coalesced=20 touch_events=18 touch_down=1 touch_up=1 touch_events_ge_8ms=0 touch_event_age_max_us=1244 chunks=1 free_psram=3042440 largest_psram=3014656 authority_match=1
[14:14:02] TINYDRAW_LIVE_STROKE_DONE committed=1 refresh=1 commit_failed=0
[14:14:02] TINYDRAW_LIFT_BASELINE id=2 finish_preview_us=2014 builder_finish_us=56 append_us=2819 refresh_wall_us=22 refresh_x0=0 refresh_y0=0 refresh_x1=0 refresh_y1=0 refresh_compose_us=0 refresh_first_submit_us=0 refresh_first_complete_us=0 refresh_transfer_wait_us=0 stroke_logging_us=0 detected_to_poll_start_us=7002 detected_to_poll_complete_us=7011 poll_read_us=9 unattributed_tail_us=2091 reports_dropped=0 chunks=1 committed=1 refresh=1 commit_failed=0
[14:14:02] TINYDRAW_LIVE_STROKE revision=3 operations=3 samples=11 append_us=2866 refresh_compose_us=0 refresh_complete_us=0 ink_samples=3 read_submit_avg_us=1286 read_submit_max_us=1699 read_complete_avg_us=1315 read_complete_max_us=1742 submit_over_16ms=0 complete_over_33ms=0 presentation_failures=0 poll_max_us=7005 touch_errors=0 touch_overflows=0 touch_moves_coalesced=20 touch_events=17 touch_down=1 touch_up=1 touch_events_ge_8ms=0 touch_event_age_max_us=1244 chunks=1 free_psram=3042440 largest_psram=3014656 authority_match=1
[14:14:02] TINYDRAW_LIVE_STROKE_DONE committed=1 refresh=1 commit_failed=0
[14:14:02] TINYDRAW_LIFT_BASELINE id=3 finish_preview_us=2014 builder_finish_us=56 append_us=2866 refresh_wall_us=21 refresh_x0=0 refresh_y0=0 refresh_x1=0 refresh_y1=0 refresh_compose_us=0 refresh_first_submit_us=0 refresh_first_complete_us=0 refresh_transfer_wait_us=0 stroke_logging_us=0 detected_to_poll_start_us=6998 detected_to_poll_complete_us=7007 poll_read_us=9 unattributed_tail_us=2041 reports_dropped=0 chunks=1 committed=1 refresh=1 commit_failed=0
[14:14:02] TINYDRAW_LIVE_STROKE revision=4 operations=4 samples=15 append_us=3248 refresh_compose_us=0 refresh_complete_us=0 ink_samples=4 read_submit_avg_us=1632 read_submit_max_us=2185 read_complete_avg_us=1662 read_complete_max_us=2223 submit_over_16ms=0 complete_over_33ms=0 presentation_failures=0 poll_max_us=7005 touch_errors=0 touch_overflows=0 touch_moves_coalesced=27 touch_events=23 touch_down=1 touch_up=1 touch_events_ge_8ms=0 touch_event_age_max_us=1240 chunks=1 free_psram=3042440 largest_psram=3014656 authority_match=1
[14:14:02] TINYDRAW_LIVE_STROKE_DONE committed=1 refresh=1 commit_failed=0
[14:14:02] TINYDRAW_LIFT_BASELINE id=4 finish_preview_us=2015 builder_finish_us=53 append_us=3248 refresh_wall_us=21 refresh_x0=0 refresh_y0=0 refresh_x1=0 refresh_y1=0 refresh_compose_us=0 refresh_first_submit_us=0 refresh_first_complete_us=0 refresh_transfer_wait_us=0 stroke_logging_us=0 detected_to_poll_start_us=7002 detected_to_poll_complete_us=7011 poll_read_us=9 unattributed_tail_us=1665 reports_dropped=0 chunks=1 committed=1 refresh=1 commit_failed=0
[14:14:03] TINYDRAW_LIVE_STROKE revision=5 operations=5 samples=18 append_us=2754 refresh_compose_us=0 refresh_complete_us=0 ink_samples=3 read_submit_avg_us=1186 read_submit_max_us=1403 read_complete_avg_us=1214 read_complete_max_us=1451 submit_over_16ms=0 complete_over_33ms=0 presentation_failures=0 poll_max_us=7005 touch_errors=0 touch_overflows=0 touch_moves_coalesced=20 touch_events=18 touch_down=1 touch_up=1 touch_events_ge_8ms=0 touch_event_age_max_us=1244 chunks=1 free_psram=3042440 largest_psram=3014656 authority_match=1
[14:14:03] TINYDRAW_LIVE_STROKE_DONE committed=1 refresh=1 commit_failed=0
[14:14:03] TINYDRAW_LIFT_BASELINE id=5 finish_preview_us=2014 builder_finish_us=57 append_us=2754 refresh_wall_us=21 refresh_x0=0 refresh_y0=0 refresh_x1=0 refresh_y1=0 refresh_compose_us=0 refresh_first_submit_us=0 refresh_first_complete_us=0 refresh_transfer_wait_us=0 stroke_logging_us=0 detected_to_poll_start_us=7002 detected_to_poll_complete_us=7011 poll_read_us=9 unattributed_tail_us=2156 reports_dropped=0 chunks=1 committed=1 refresh=1 commit_failed=0
[14:14:03] TINYDRAW_LIVE_STROKE revision=6 operations=6 samples=22 append_us=3616 refresh_compose_us=0 refresh_complete_us=0 ink_samples=4 read_submit_avg_us=1505 read_submit_max_us=1810 read_complete_avg_us=1553 read_complete_max_us=1870 submit_over_16ms=0 complete_over_33ms=0 presentation_failures=0 poll_max_us=7005 touch_errors=0 touch_overflows=0 touch_moves_coalesced=28 touch_events=23 touch_down=1 touch_up=1 touch_events_ge_8ms=0 touch_event_age_max_us=1244 chunks=1 free_psram=3042440 largest_psram=3014656 authority_match=1
[14:14:03] TINYDRAW_LIVE_STROKE_DONE committed=1 refresh=1 commit_failed=0
[14:14:03] TINYDRAW_LIFT_BASELINE id=6 finish_preview_us=2013 builder_finish_us=52 append_us=3616 refresh_wall_us=22 refresh_x0=0 refresh_y0=0 refresh_x1=0 refresh_y1=0 refresh_compose_us=0 refresh_first_submit_us=0 refresh_first_complete_us=0 refresh_transfer_wait_us=0 stroke_logging_us=0 detected_to_poll_start_us=7002 detected_to_poll_complete_us=7011 poll_read_us=9 unattributed_tail_us=1299 reports_dropped=0 chunks=1 committed=1 refresh=1 commit_failed=0
[14:14:03] TINYDRAW_LIVE_STROKE revision=7 operations=7 samples=26 append_us=3468 refresh_compose_us=0 refresh_complete_us=0 ink_samples=4 read_submit_avg_us=1562 read_submit_max_us=2387 read_complete_avg_us=1603 read_complete_max_us=2452 submit_over_16ms=0 complete_over_33ms=0 presentation_failures=0 poll_max_us=7005 touch_errors=0 touch_overflows=0 touch_moves_coalesced=25 touch_events=24 touch_down=1 touch_up=1 touch_events_ge_8ms=0 touch_event_age_max_us=1240 chunks=1 free_psram=3042440 largest_psram=3014656 authority_match=1
[14:14:03] TINYDRAW_LIVE_STROKE_DONE committed=1 refresh=1 commit_failed=0
[14:14:03] TINYDRAW_LIFT_BASELINE id=7 finish_preview_us=2015 builder_finish_us=56 append_us=3468 refresh_wall_us=20 refresh_x0=0 refresh_y0=0 refresh_x1=0 refresh_y1=0 refresh_compose_us=0 refresh_first_submit_us=0 refresh_first_complete_us=0 refresh_transfer_wait_us=0 stroke_logging_us=0 detected_to_poll_start_us=6998 detected_to_poll_complete_us=7007 poll_read_us=9 unattributed_tail_us=1439 reports_dropped=0 chunks=1 committed=1 refresh=1 commit_failed=0
[14:14:04] TINYDRAW_LIVE_STROKE revision=8 operations=8 samples=31 append_us=4395 refresh_compose_us=0 refresh_complete_us=0 ink_samples=5 read_submit_avg_us=1718 read_submit_max_us=2748 read_complete_avg_us=1773 read_complete_max_us=2844 submit_over_16ms=0 complete_over_33ms=0 presentation_failures=0 poll_max_us=7005 touch_errors=0 touch_overflows=0 touch_moves_coalesced=35 touch_events=29 touch_down=1 touch_up=1 touch_events_ge_8ms=0 touch_event_age_max_us=267 chunks=1 free_psram=3042440 largest_psram=3014656 authority_match=1
[14:14:04] TINYDRAW_LIVE_STROKE_DONE committed=1 refresh=1 commit_failed=0
[14:14:04] TINYDRAW_LIFT_BASELINE id=8 finish_preview_us=2015 builder_finish_us=56 append_us=4395 refresh_wall_us=26 refresh_x0=0 refresh_y0=0 refresh_x1=0 refresh_y1=0 refresh_compose_us=0 refresh_first_submit_us=0 refresh_first_complete_us=0 refresh_transfer_wait_us=0 stroke_logging_us=0 detected_to_poll_start_us=8003 detected_to_poll_complete_us=8012 poll_read_us=9 unattributed_tail_us=1511 reports_dropped=0 chunks=1 committed=1 refresh=1 commit_failed=0
[14:14:04] TINYDRAW_LIVE_STROKE revision=9 operations=9 samples=36 append_us=4715 refresh_compose_us=0 refresh_complete_us=0 ink_samples=5 read_submit_avg_us=1572 read_submit_max_us=2043 read_complete_avg_us=1630 read_complete_max_us=2154 submit_over_16ms=0 complete_over_33ms=0 presentation_failures=0 poll_max_us=8007 touch_errors=0 touch_overflows=0 touch_moves_coalesced=35 touch_events=29 touch_down=1 touch_up=1 touch_events_ge_8ms=0 touch_event_age_max_us=1244 chunks=1 free_psram=3042440 largest_psram=3014656 authority_match=1
[14:14:04] TINYDRAW_LIVE_STROKE_DONE committed=1 refresh=1 commit_failed=0
[14:14:04] TINYDRAW_LIFT_BASELINE id=9 finish_preview_us=2015 builder_finish_us=55 append_us=4715 refresh_wall_us=23 refresh_x0=0 refresh_y0=0 refresh_x1=0 refresh_y1=0 refresh_compose_us=0 refresh_first_submit_us=0 refresh_first_complete_us=0 refresh_transfer_wait_us=0 stroke_logging_us=0 detected_to_poll_start_us=8000 detected_to_poll_complete_us=8009 poll_read_us=9 unattributed_tail_us=1192 reports_dropped=0 chunks=1 committed=1 refresh=1 commit_failed=0
[14:14:04] TINYDRAW_LIVE_STROKE revision=10 operations=10 samples=43 append_us=5180 refresh_compose_us=0 refresh_complete_us=0 ink_samples=7 read_submit_avg_us=1522 read_submit_max_us=1963 read_complete_avg_us=1574 read_complete_max_us=2045 submit_over_16ms=0 complete_over_33ms=0 presentation_failures=0 poll_max_us=8005 touch_errors=0 touch_overflows=0 touch_moves_coalesced=50 touch_events=39 touch_down=1 touch_up=1 touch_events_ge_8ms=0 touch_event_age_max_us=1244 chunks=1 free_psram=3042440 largest_psram=3014656 authority_match=1
[14:14:04] TINYDRAW_LIVE_STROKE_DONE committed=1 refresh=1 commit_failed=0
[14:14:04] TINYDRAW_LIFT_BASELINE id=10 finish_preview_us=2015 builder_finish_us=55 append_us=5180 refresh_wall_us=22 refresh_x0=0 refresh_y0=0 refresh_x1=0 refresh_y1=0 refresh_compose_us=0 refresh_first_submit_us=0 refresh_first_complete_us=0 refresh_transfer_wait_us=0 stroke_logging_us=0 detected_to_poll_start_us=9003 detected_to_poll_complete_us=9012 poll_read_us=9 unattributed_tail_us=1731 reports_dropped=0 chunks=1 committed=1 refresh=1 commit_failed=0
[14:14:05] TINYDRAW_LIVE_STROKE revision=11 operations=11 samples=49 append_us=4050 refresh_compose_us=0 refresh_complete_us=0 ink_samples=6 read_submit_avg_us=1807 read_submit_max_us=2349 read_complete_avg_us=1841 read_complete_max_us=2396 submit_over_16ms=0 complete_over_33ms=0 presentation_failures=0 poll_max_us=9007 touch_errors=0 touch_overflows=0 touch_moves_coalesced=42 touch_events=33 touch_down=1 touch_up=1 touch_events_ge_8ms=0 touch_event_age_max_us=1240 chunks=1 free_psram=3042440 largest_psram=3014656 authority_match=1
[14:14:05] TINYDRAW_LIVE_STROKE_DONE committed=1 refresh=1 commit_failed=0
[14:14:05] TINYDRAW_LIFT_BASELINE id=11 finish_preview_us=1232 builder_finish_us=54 append_us=4050 refresh_wall_us=23 refresh_x0=0 refresh_y0=0 refresh_x1=0 refresh_y1=0 refresh_compose_us=0 refresh_first_submit_us=0 refresh_first_complete_us=0 refresh_transfer_wait_us=0 stroke_logging_us=0 detected_to_poll_start_us=7002 detected_to_poll_complete_us=7011 poll_read_us=9 unattributed_tail_us=1643 reports_dropped=0 chunks=1 committed=1 refresh=1 commit_failed=0
[14:14:05] TINYDRAW_LIVE_STROKE revision=12 operations=12 samples=53 append_us=3727 refresh_compose_us=0 refresh_complete_us=0 ink_samples=4 read_submit_avg_us=2006 read_submit_max_us=2395 read_complete_avg_us=2048 read_complete_max_us=2449 submit_over_16ms=0 complete_over_33ms=0 presentation_failures=0 poll_max_us=7005 touch_errors=0 touch_overflows=0 touch_moves_coalesced=27 touch_events=22 touch_down=1 touch_up=1 touch_events_ge_8ms=0 touch_event_age_max_us=1244 chunks=1 free_psram=3042440 largest_psram=3014656 authority_match=1
[14:14:05] TINYDRAW_LIVE_STROKE_DONE committed=1 refresh=1 commit_failed=0
[14:14:05] TINYDRAW_LIFT_BASELINE id=12 finish_preview_us=2015 builder_finish_us=55 append_us=3727 refresh_wall_us=22 refresh_x0=0 refresh_y0=0 refresh_x1=0 refresh_y1=0 refresh_compose_us=0 refresh_first_submit_us=0 refresh_first_complete_us=0 refresh_transfer_wait_us=0 stroke_logging_us=0 detected_to_poll_start_us=7002 detected_to_poll_complete_us=7011 poll_read_us=9 unattributed_tail_us=1183 reports_dropped=0 chunks=1 committed=1 refresh=1 commit_failed=0
[14:14:05] TINYDRAW_LIVE_STROKE revision=13 operations=13 samples=57 append_us=4258 refresh_compose_us=0 refresh_complete_us=0 ink_samples=4 read_submit_avg_us=1657 read_submit_max_us=2143 read_complete_avg_us=1726 read_complete_max_us=2247 submit_over_16ms=0 complete_over_33ms=0 presentation_failures=0 poll_max_us=7005 touch_errors=0 touch_overflows=0 touch_moves_coalesced=28 touch_events=23 touch_down=1 touch_up=1 touch_events_ge_8ms=0 touch_event_age_max_us=267 chunks=1 free_psram=3042440 largest_psram=3014656 authority_match=1
[14:14:05] TINYDRAW_LIVE_STROKE_DONE committed=1 refresh=1 commit_failed=0
[14:14:05] TINYDRAW_LIFT_BASELINE id=13 finish_preview_us=2014 builder_finish_us=54 append_us=4258 refresh_wall_us=21 refresh_x0=0 refresh_y0=0 refresh_x1=0 refresh_y1=0 refresh_compose_us=0 refresh_first_submit_us=0 refresh_first_complete_us=0 refresh_transfer_wait_us=0 stroke_logging_us=0 detected_to_poll_start_us=8002 detected_to_poll_complete_us=8011 poll_read_us=9 unattributed_tail_us=1655 reports_dropped=0 chunks=1 committed=1 refresh=1 commit_failed=0
[14:14:06] TINYDRAW_LIVE_STROKE revision=14 operations=14 samples=62 append_us=7232 refresh_compose_us=0 refresh_complete_us=0 ink_samples=5 read_submit_avg_us=2196 read_submit_max_us=3068 read_complete_avg_us=2308 read_complete_max_us=3228 submit_over_16ms=0 complete_over_33ms=0 presentation_failures=0 poll_max_us=8005 touch_errors=0 touch_overflows=0 touch_moves_coalesced=36 touch_events=27 touch_down=1 touch_up=1 touch_events_ge_8ms=0 touch_event_age_max_us=1244 chunks=1 free_psram=3042440 largest_psram=3014656 authority_match=1
[14:14:06] TINYDRAW_LIVE_STROKE_DONE committed=1 refresh=1 commit_failed=0
[14:14:06] TINYDRAW_LIFT_BASELINE id=14 finish_preview_us=2015 builder_finish_us=54 append_us=7232 refresh_wall_us=21 refresh_x0=0 refresh_y0=0 refresh_x1=0 refresh_y1=0 refresh_compose_us=0 refresh_first_submit_us=0 refresh_first_complete_us=0 refresh_transfer_wait_us=0 stroke_logging_us=0 detected_to_poll_start_us=11003 detected_to_poll_complete_us=11012 poll_read_us=9 unattributed_tail_us=1681 reports_dropped=0 chunks=1 committed=1 refresh=1 commit_failed=0
[14:14:06] TINYDRAW_LIVE_STROKE revision=15 operations=15 samples=67 append_us=6371 refresh_compose_us=0 refresh_complete_us=0 ink_samples=5 read_submit_avg_us=1776 read_submit_max_us=2250 read_complete_avg_us=1868 read_complete_max_us=2427 submit_over_16ms=0 complete_over_33ms=0 presentation_failures=0 poll_max_us=11005 touch_errors=0 touch_overflows=0 touch_moves_coalesced=36 touch_events=28 touch_down=1 touch_up=1 touch_events_ge_8ms=0 touch_event_age_max_us=1244 chunks=1 free_psram=3042440 largest_psram=3014656 authority_match=1
[14:14:06] TINYDRAW_LIVE_STROKE_DONE committed=1 refresh=1 commit_failed=0
[14:14:06] TINYDRAW_LIFT_BASELINE id=15 finish_preview_us=2015 builder_finish_us=55 append_us=6371 refresh_wall_us=36 refresh_x0=0 refresh_y0=0 refresh_x1=0 refresh_y1=0 refresh_compose_us=0 refresh_first_submit_us=0 refresh_first_complete_us=0 refresh_transfer_wait_us=0 stroke_logging_us=0 detected_to_poll_start_us=10002 detected_to_poll_complete_us=10011 poll_read_us=9 unattributed_tail_us=1525 reports_dropped=0 chunks=1 committed=1 refresh=1 commit_failed=0
[14:14:06] TINYDRAW_LIVE_STROKE revision=16 operations=16 samples=71 append_us=5116 refresh_compose_us=0 refresh_complete_us=0 ink_samples=4 read_submit_avg_us=1811 read_submit_max_us=2211 read_complete_avg_us=1900 read_complete_max_us=2377 submit_over_16ms=0 complete_over_33ms=0 presentation_failures=0 poll_max_us=10005 touch_errors=0 touch_overflows=0 touch_moves_coalesced=29 touch_events=22 touch_down=1 touch_up=1 touch_events_ge_8ms=0 touch_event_age_max_us=1244 chunks=1 free_psram=3042440 largest_psram=3014656 authority_match=1
[14:14:06] TINYDRAW_LIVE_STROKE_DONE committed=1 refresh=1 commit_failed=0
[14:14:06] TINYDRAW_LIFT_BASELINE id=16 finish_preview_us=2013 builder_finish_us=54 append_us=5116 refresh_wall_us=21 refresh_x0=0 refresh_y0=0 refresh_x1=0 refresh_y1=0 refresh_compose_us=0 refresh_first_submit_us=0 refresh_first_complete_us=0 refresh_transfer_wait_us=0 stroke_logging_us=0 detected_to_poll_start_us=9002 detected_to_poll_complete_us=9011 poll_read_us=9 unattributed_tail_us=1798 reports_dropped=0 chunks=1 committed=1 refresh=1 commit_failed=0
[14:14:06] TINYDRAW_LIVE_STROKE revision=17 operations=17 samples=77 append_us=11205 refresh_compose_us=0 refresh_complete_us=0 ink_samples=6 read_submit_avg_us=2206 read_submit_max_us=3412 read_complete_avg_us=2357 read_complete_max_us=3709 submit_over_16ms=0 complete_over_33ms=0 presentation_failures=0 poll_max_us=9005 touch_errors=0 touch_overflows=0 touch_moves_coalesced=45 touch_events=32 touch_down=1 touch_up=1 touch_events_ge_8ms=0 touch_event_age_max_us=266 chunks=1 free_psram=3042440 largest_psram=3014656 authority_match=1
[14:14:06] TINYDRAW_LIVE_STROKE_DONE committed=1 refresh=1 commit_failed=0
[14:14:06] TINYDRAW_LIFT_BASELINE id=17 finish_preview_us=2015 builder_finish_us=55 append_us=11205 refresh_wall_us=21 refresh_x0=0 refresh_y0=0 refresh_x1=0 refresh_y1=0 refresh_compose_us=0 refresh_first_submit_us=0 refresh_first_complete_us=0 refresh_transfer_wait_us=0 stroke_logging_us=0 detected_to_poll_start_us=15003 detected_to_poll_complete_us=15012 poll_read_us=9 unattributed_tail_us=1707 reports_dropped=0 chunks=1 committed=1 refresh=1 commit_failed=0
[14:14:07] TINYDRAW_LIVE_STROKE revision=18 operations=18 samples=81 append_us=5059 refresh_compose_us=0 refresh_complete_us=0 ink_samples=4 read_submit_avg_us=1846 read_submit_max_us=2226 read_complete_avg_us=1941 read_complete_max_us=2404 submit_over_16ms=0 complete_over_33ms=0 presentation_failures=0 poll_max_us=15007 touch_errors=0 touch_overflows=0 touch_moves_coalesced=28 touch_events=23 touch_down=1 touch_up=1 touch_events_ge_8ms=0 touch_event_age_max_us=1240 chunks=1 free_psram=3042440 largest_psram=3014656 authority_match=1
[14:14:07] TINYDRAW_LIVE_STROKE_DONE committed=1 refresh=1 commit_failed=0
[14:14:07] TINYDRAW_LIFT_BASELINE id=18 finish_preview_us=2015 builder_finish_us=55 append_us=5059 refresh_wall_us=23 refresh_x0=0 refresh_y0=0 refresh_x1=0 refresh_y1=0 refresh_compose_us=0 refresh_first_submit_us=0 refresh_first_complete_us=0 refresh_transfer_wait_us=0 stroke_logging_us=0 detected_to_poll_start_us=9002 detected_to_poll_complete_us=9011 poll_read_us=9 unattributed_tail_us=1850 reports_dropped=0 chunks=1 committed=1 refresh=1 commit_failed=0
[14:14:07] TINYDRAW_LIVE_STROKE revision=19 operations=19 samples=86 append_us=7299 refresh_compose_us=0 refresh_complete_us=0 ink_samples=5 read_submit_avg_us=1844 read_submit_max_us=2926 read_complete_avg_us=1955 read_complete_max_us=3096 submit_over_16ms=0 complete_over_33ms=0 presentation_failures=0 poll_max_us=9005 touch_errors=0 touch_overflows=0 touch_moves_coalesced=36 touch_events=27 touch_down=1 touch_up=1 touch_events_ge_8ms=0 touch_event_age_max_us=1244 chunks=1 free_psram=3042440 largest_psram=3014656 authority_match=1
[14:14:07] TINYDRAW_LIVE_STROKE_DONE committed=1 refresh=1 commit_failed=0
[14:14:07] TINYDRAW_LIFT_BASELINE id=19 finish_preview_us=2013 builder_finish_us=53 append_us=7299 refresh_wall_us=23 refresh_x0=0 refresh_y0=0 refresh_x1=0 refresh_y1=0 refresh_compose_us=0 refresh_first_submit_us=0 refresh_first_complete_us=0 refresh_transfer_wait_us=0 stroke_logging_us=0 detected_to_poll_start_us=11002 detected_to_poll_complete_us=11011 poll_read_us=9 unattributed_tail_us=1614 reports_dropped=0 chunks=1 committed=1 refresh=1 commit_failed=0
[14:14:07] TINYDRAW_LIVE_STROKE revision=20 operations=20 samples=90 append_us=5835 refresh_compose_us=0 refresh_complete_us=0 ink_samples=4 read_submit_avg_us=1815 read_submit_max_us=2428 read_complete_avg_us=1934 read_complete_max_us=2649 submit_over_16ms=0 complete_over_33ms=0 presentation_failures=0 poll_max_us=11005 touch_errors=0 touch_overflows=0 touch_moves_coalesced=28 touch_events=22 touch_down=1 touch_up=1 touch_events_ge_8ms=0 touch_event_age_max_us=1244 chunks=1 free_psram=3042440 largest_psram=3014656 authority_match=1
[14:14:07] TINYDRAW_LIVE_STROKE_DONE committed=1 refresh=1 commit_failed=0
[14:14:07] TINYDRAW_LIFT_BASELINE id=20 finish_preview_us=2014 builder_finish_us=55 append_us=5835 refresh_wall_us=28 refresh_x0=0 refresh_y0=0 refresh_x1=0 refresh_y1=0 refresh_compose_us=0 refresh_first_submit_us=0 refresh_first_complete_us=0 refresh_transfer_wait_us=0 stroke_logging_us=0 detected_to_poll_start_us=10002 detected_to_poll_complete_us=10011 poll_read_us=9 unattributed_tail_us=2070 reports_dropped=0 chunks=1 committed=1 refresh=1 commit_failed=0
[14:14:08] TINYDRAW_LIVE_STROKE revision=21 operations=21 samples=95 append_us=4775 refresh_compose_us=0 refresh_complete_us=0 ink_samples=5 read_submit_avg_us=1598 read_submit_max_us=1999 read_complete_avg_us=1654 read_complete_max_us=2092 submit_over_16ms=0 complete_over_33ms=0 presentation_failures=0 poll_max_us=10005 touch_errors=0 touch_overflows=0 touch_moves_coalesced=35 touch_events=28 touch_down=1 touch_up=1 touch_events_ge_8ms=0 touch_event_age_max_us=1244 chunks=1 free_psram=3042440 largest_psram=3014656 authority_match=1
[14:14:08] TINYDRAW_LIVE_STROKE_DONE committed=1 refresh=1 commit_failed=0
[14:14:08] TINYDRAW_LIFT_BASELINE id=21 finish_preview_us=2015 builder_finish_us=55 append_us=4775 refresh_wall_us=22 refresh_x0=0 refresh_y0=0 refresh_x1=0 refresh_y1=0 refresh_compose_us=0 refresh_first_submit_us=0 refresh_first_complete_us=0 refresh_transfer_wait_us=0 stroke_logging_us=0 detected_to_poll_start_us=9003 detected_to_poll_complete_us=9012 poll_read_us=9 unattributed_tail_us=2136 reports_dropped=0 chunks=1 committed=1 refresh=1 commit_failed=0
[14:14:09] TINYDRAW_LIVE_STROKE revision=22 operations=22 samples=101 append_us=4504 refresh_compose_us=0 refresh_complete_us=0 ink_samples=6 read_submit_avg_us=1926 read_submit_max_us=2515 read_complete_avg_us=1971 read_complete_max_us=2582 submit_over_16ms=0 complete_over_33ms=0 presentation_failures=0 poll_max_us=9007 touch_errors=0 touch_overflows=0 touch_moves_coalesced=44 touch_events=33 touch_down=1 touch_up=1 touch_events_ge_8ms=0 touch_event_age_max_us=1244 chunks=1 free_psram=3042440 largest_psram=3014656 authority_match=1
[14:14:09] TINYDRAW_LIVE_STROKE_DONE committed=1 refresh=1 commit_failed=0
[14:14:09] TINYDRAW_LIFT_BASELINE id=22 finish_preview_us=2015 builder_finish_us=54 append_us=4504 refresh_wall_us=22 refresh_x0=0 refresh_y0=0 refresh_x1=0 refresh_y1=0 refresh_compose_us=0 refresh_first_submit_us=0 refresh_first_complete_us=0 refresh_transfer_wait_us=0 stroke_logging_us=0 detected_to_poll_start_us=8002 detected_to_poll_complete_us=8011 poll_read_us=9 unattributed_tail_us=1407 reports_dropped=0 chunks=1 committed=1 refresh=1 commit_failed=0
[14:14:09] TINYDRAW_LIVE_STROKE revision=23 operations=23 samples=107 append_us=5134 refresh_compose_us=0 refresh_complete_us=0 ink_samples=6 read_submit_avg_us=1708 read_submit_max_us=2027 read_complete_avg_us=1766 read_complete_max_us=2112 submit_over_16ms=0 complete_over_33ms=0 presentation_failures=0 poll_max_us=8005 touch_errors=0 touch_overflows=0 touch_moves_coalesced=43 touch_events=34 touch_down=1 touch_up=1 touch_events_ge_8ms=0 touch_event_age_max_us=1236 chunks=1 free_psram=3042440 largest_psram=3014656 authority_match=1
[14:14:09] TINYDRAW_LIVE_STROKE_DONE committed=1 refresh=1 commit_failed=0
[14:14:09] TINYDRAW_LIFT_BASELINE id=23 finish_preview_us=2015 builder_finish_us=53 append_us=5134 refresh_wall_us=22 refresh_x0=0 refresh_y0=0 refresh_x1=0 refresh_y1=0 refresh_compose_us=0 refresh_first_submit_us=0 refresh_first_complete_us=0 refresh_transfer_wait_us=0 stroke_logging_us=0 detected_to_poll_start_us=9002 detected_to_poll_complete_us=9011 poll_read_us=9 unattributed_tail_us=1778 reports_dropped=0 chunks=1 committed=1 refresh=1 commit_failed=0
[14:14:09] TINYDRAW_LIVE_STROKE revision=24 operations=24 samples=113 append_us=4918 refresh_compose_us=0 refresh_complete_us=0 ink_samples=6 read_submit_avg_us=1977 read_submit_max_us=2562 read_complete_avg_us=2030 read_complete_max_us=2637 submit_over_16ms=0 complete_over_33ms=0 presentation_failures=0 poll_max_us=9005 touch_errors=0 touch_overflows=0 touch_moves_coalesced=42 touch_events=33 touch_down=1 touch_up=1 touch_events_ge_8ms=0 touch_event_age_max_us=1244 chunks=1 free_psram=3042440 largest_psram=3014656 authority_match=1
[14:14:09] TINYDRAW_LIVE_STROKE_DONE committed=1 refresh=1 commit_failed=0
[14:14:09] TINYDRAW_LIFT_BASELINE id=24 finish_preview_us=2015 builder_finish_us=55 append_us=4918 refresh_wall_us=21 refresh_x0=0 refresh_y0=0 refresh_x1=0 refresh_y1=0 refresh_compose_us=0 refresh_first_submit_us=0 refresh_first_complete_us=0 refresh_transfer_wait_us=0 stroke_logging_us=0 detected_to_poll_start_us=8999 detected_to_poll_complete_us=9008 poll_read_us=9 unattributed_tail_us=1990 reports_dropped=0 chunks=1 committed=1 refresh=1 commit_failed=0
[14:14:09] TINYDRAW_LIVE_STROKE revision=25 operations=25 samples=119 append_us=4989 refresh_compose_us=0 refresh_complete_us=0 ink_samples=6 read_submit_avg_us=1647 read_submit_max_us=2171 read_complete_avg_us=1709 read_complete_max_us=2258 submit_over_16ms=0 complete_over_33ms=0 presentation_failures=0 poll_max_us=9007 touch_errors=0 touch_overflows=0 touch_moves_coalesced=43 touch_events=34 touch_down=1 touch_up=1 touch_events_ge_8ms=0 touch_event_age_max_us=1237 chunks=1 free_psram=3042440 largest_psram=3014656 authority_match=1
[14:14:09] TINYDRAW_LIVE_STROKE_DONE committed=1 refresh=1 commit_failed=0
[14:14:09] TINYDRAW_LIFT_BASELINE id=25 finish_preview_us=2015 builder_finish_us=55 append_us=4989 refresh_wall_us=23 refresh_x0=0 refresh_y0=0 refresh_x1=0 refresh_y1=0 refresh_compose_us=0 refresh_first_submit_us=0 refresh_first_complete_us=0 refresh_transfer_wait_us=0 stroke_logging_us=0 detected_to_poll_start_us=9002 detected_to_poll_complete_us=9011 poll_read_us=9 unattributed_tail_us=1920 reports_dropped=0 chunks=1 committed=1 refresh=1 commit_failed=0
[14:14:10] TINYDRAW_LIVE_STROKE revision=26 operations=26 samples=125 append_us=5263 refresh_compose_us=0 refresh_complete_us=0 ink_samples=6 read_submit_avg_us=1725 read_submit_max_us=2186 read_complete_avg_us=1793 read_complete_max_us=2279 submit_over_16ms=0 complete_over_33ms=0 presentation_failures=0 poll_max_us=9005 touch_errors=0 touch_overflows=0 touch_moves_coalesced=44 touch_events=33 touch_down=1 touch_up=1 touch_events_ge_8ms=0 touch_event_age_max_us=265 chunks=1 free_psram=3042440 largest_psram=3014656 authority_match=1
[14:14:10] TINYDRAW_LIVE_STROKE_DONE committed=1 refresh=1 commit_failed=0
[14:14:10] TINYDRAW_LIFT_BASELINE id=26 finish_preview_us=2015 builder_finish_us=56 append_us=5263 refresh_wall_us=23 refresh_x0=0 refresh_y0=0 refresh_x1=0 refresh_y1=0 refresh_compose_us=0 refresh_first_submit_us=0 refresh_first_complete_us=0 refresh_transfer_wait_us=0 stroke_logging_us=0 detected_to_poll_start_us=9002 detected_to_poll_complete_us=9011 poll_read_us=9 unattributed_tail_us=1645 reports_dropped=0 chunks=1 committed=1 refresh=1 commit_failed=0
[14:14:10] TINYDRAW_LIVE_STROKE revision=27 operations=27 samples=130 append_us=4216 refresh_compose_us=0 refresh_complete_us=0 ink_samples=5 read_submit_avg_us=1545 read_submit_max_us=1918 read_complete_avg_us=1599 read_complete_max_us=1987 submit_over_16ms=0 complete_over_33ms=0 presentation_failures=0 poll_max_us=9005 touch_errors=0 touch_overflows=0 touch_moves_coalesced=35 touch_events=29 touch_down=1 touch_up=1 touch_events_ge_8ms=0 touch_event_age_max_us=1244 chunks=1 free_psram=3042440 largest_psram=3014656 authority_match=1
[14:14:10] TINYDRAW_LIVE_STROKE_DONE committed=1 refresh=1 commit_failed=0
[14:14:10] TINYDRAW_LIFT_BASELINE id=27 finish_preview_us=2015 builder_finish_us=55 append_us=4216 refresh_wall_us=21 refresh_x0=0 refresh_y0=0 refresh_x1=0 refresh_y1=0 refresh_compose_us=0 refresh_first_submit_us=0 refresh_first_complete_us=0 refresh_transfer_wait_us=0 stroke_logging_us=0 detected_to_poll_start_us=8003 detected_to_poll_complete_us=8012 poll_read_us=9 unattributed_tail_us=1696 reports_dropped=0 chunks=1 committed=1 refresh=1 commit_failed=0
[14:14:10] TINYDRAW_LIVE_STROKE revision=28 operations=28 samples=137 append_us=5763 refresh_compose_us=0 refresh_complete_us=0 ink_samples=7 read_submit_avg_us=2113 read_submit_max_us=2936 read_complete_avg_us=2172 read_complete_max_us=3040 submit_over_16ms=0 complete_over_33ms=0 presentation_failures=0 poll_max_us=8007 touch_errors=0 touch_overflows=0 touch_moves_coalesced=52 touch_events=37 touch_down=1 touch_up=1 touch_events_ge_8ms=0 touch_event_age_max_us=267 chunks=1 free_psram=3042440 largest_psram=3014656 authority_match=1
[14:14:10] TINYDRAW_LIVE_STROKE_DONE committed=1 refresh=1 commit_failed=0
[14:14:10] TINYDRAW_LIFT_BASELINE id=28 finish_preview_us=2015 builder_finish_us=55 append_us=5763 refresh_wall_us=24 refresh_x0=0 refresh_y0=0 refresh_x1=0 refresh_y1=0 refresh_compose_us=0 refresh_first_submit_us=0 refresh_first_complete_us=0 refresh_transfer_wait_us=0 stroke_logging_us=0 detected_to_poll_start_us=10002 detected_to_poll_complete_us=10011 poll_read_us=9 unattributed_tail_us=2145 reports_dropped=0 chunks=1 committed=1 refresh=1 commit_failed=0
[14:14:11] TINYDRAW_LIVE_STROKE revision=29 operations=29 samples=144 append_us=6408 refresh_compose_us=0 refresh_complete_us=0 ink_samples=7 read_submit_avg_us=1693 read_submit_max_us=2274 read_complete_avg_us=1755 read_complete_max_us=2400 submit_over_16ms=0 complete_over_33ms=0 presentation_failures=0 poll_max_us=10005 touch_errors=0 touch_overflows=0 touch_moves_coalesced=50 touch_events=39 touch_down=1 touch_up=1 touch_events_ge_8ms=0 touch_event_age_max_us=1241 chunks=1 free_psram=3042440 largest_psram=3014656 authority_match=1
[14:14:11] TINYDRAW_LIVE_STROKE_DONE committed=1 refresh=1 commit_failed=0
[14:14:11] TINYDRAW_LIFT_BASELINE id=29 finish_preview_us=2015 builder_finish_us=55 append_us=6408 refresh_wall_us=25 refresh_x0=0 refresh_y0=0 refresh_x1=0 refresh_y1=0 refresh_compose_us=0 refresh_first_submit_us=0 refresh_first_complete_us=0 refresh_transfer_wait_us=0 stroke_logging_us=0 detected_to_poll_start_us=10003 detected_to_poll_complete_us=10012 poll_read_us=9 unattributed_tail_us=1500 reports_dropped=0 chunks=1 committed=1 refresh=1 commit_failed=0
[14:14:11] TINYDRAW_LIVE_STROKE revision=30 operations=30 samples=149 append_us=5157 refresh_compose_us=0 refresh_complete_us=0 ink_samples=5 read_submit_avg_us=1843 read_submit_max_us=2487 read_complete_avg_us=1919 read_complete_max_us=2611 submit_over_16ms=0 complete_over_33ms=0 presentation_failures=0 poll_max_us=10007 touch_errors=0 touch_overflows=0 touch_moves_coalesced=36 touch_events=27 touch_down=1 touch_up=1 touch_events_ge_8ms=0 touch_event_age_max_us=1244 chunks=1 free_psram=3042440 largest_psram=3014656 authority_match=1
[14:14:11] TINYDRAW_LIVE_STROKE_DONE committed=1 refresh=1 commit_failed=0
[14:14:11] TINYDRAW_LIFT_BASELINE id=30 finish_preview_us=2015 builder_finish_us=56 append_us=5157 refresh_wall_us=22 refresh_x0=0 refresh_y0=0 refresh_x1=0 refresh_y1=0 refresh_compose_us=0 refresh_first_submit_us=0 refresh_first_complete_us=0 refresh_transfer_wait_us=0 stroke_logging_us=0 detected_to_poll_start_us=9002 detected_to_poll_complete_us=9011 poll_read_us=9 unattributed_tail_us=1752 reports_dropped=0 chunks=1 committed=1 refresh=1 commit_failed=0
[14:14:13] TINYDRAW_LIVE_STROKE revision=31 operations=31 samples=155 append_us=3768 refresh_compose_us=0 refresh_complete_us=0 ink_samples=6 read_submit_avg_us=1415 read_submit_max_us=1766 read_complete_avg_us=1461 read_complete_max_us=1830 submit_over_16ms=0 complete_over_33ms=0 presentation_failures=0 poll_max_us=9005 touch_errors=0 touch_overflows=0 touch_moves_coalesced=41 touch_events=34 touch_down=1 touch_up=1 touch_events_ge_8ms=0 touch_event_age_max_us=1244 chunks=1 free_psram=3042440 largest_psram=3014656 authority_match=1
[14:14:13] TINYDRAW_LIVE_STROKE_DONE committed=1 refresh=1 commit_failed=0
[14:14:13] TINYDRAW_LIFT_BASELINE id=31 finish_preview_us=2015 builder_finish_us=54 append_us=3768 refresh_wall_us=22 refresh_x0=0 refresh_y0=0 refresh_x1=0 refresh_y1=0 refresh_compose_us=0 refresh_first_submit_us=0 refresh_first_complete_us=0 refresh_transfer_wait_us=0 stroke_logging_us=0 detected_to_poll_start_us=8003 detected_to_poll_complete_us=8012 poll_read_us=9 unattributed_tail_us=2144 reports_dropped=0 chunks=1 committed=1 refresh=1 commit_failed=0
[14:14:13] TINYDRAW_LIVE_STROKE revision=32 operations=32 samples=163 append_us=4820 refresh_compose_us=0 refresh_complete_us=0 ink_samples=8 read_submit_avg_us=1442 read_submit_max_us=1779 read_complete_avg_us=1489 read_complete_max_us=1843 submit_over_16ms=0 complete_over_33ms=0 presentation_failures=0 poll_max_us=8007 touch_errors=0 touch_overflows=0 touch_moves_coalesced=55 touch_events=46 touch_down=1 touch_up=1 touch_events_ge_8ms=0 touch_event_age_max_us=271 chunks=1 free_psram=3042440 largest_psram=3014656 authority_match=1
[14:14:13] TINYDRAW_LIVE_STROKE_DONE committed=1 refresh=1 commit_failed=0
[14:14:13] TINYDRAW_LIFT_BASELINE id=32 finish_preview_us=2015 builder_finish_us=54 append_us=4820 refresh_wall_us=23 refresh_x0=0 refresh_y0=0 refresh_x1=0 refresh_y1=0 refresh_compose_us=0 refresh_first_submit_us=0 refresh_first_complete_us=0 refresh_transfer_wait_us=0 stroke_logging_us=0 detected_to_poll_start_us=9002 detected_to_poll_complete_us=9011 poll_read_us=9 unattributed_tail_us=2090 reports_dropped=0 chunks=1 committed=1 refresh=1 commit_failed=0
[14:14:14] TINYDRAW_LIVE_STROKE revision=33 operations=33 samples=170 append_us=4777 refresh_compose_us=0 refresh_complete_us=0 ink_samples=7 read_submit_avg_us=1871 read_submit_max_us=2533 read_complete_avg_us=1926 read_complete_max_us=2617 submit_over_16ms=0 complete_over_33ms=0 presentation_failures=0 poll_max_us=9005 touch_errors=0 touch_overflows=0 touch_moves_coalesced=48 touch_events=39 touch_down=1 touch_up=1 touch_events_ge_8ms=0 touch_event_age_max_us=1240 chunks=1 free_psram=3042440 largest_psram=3014656 authority_match=1
[14:14:14] TINYDRAW_LIVE_STROKE_DONE committed=1 refresh=1 commit_failed=0
[14:14:14] TINYDRAW_LIFT_BASELINE id=33 finish_preview_us=2015 builder_finish_us=55 append_us=4777 refresh_wall_us=21 refresh_x0=0 refresh_y0=0 refresh_x1=0 refresh_y1=0 refresh_compose_us=0 refresh_first_submit_us=0 refresh_first_complete_us=0 refresh_transfer_wait_us=0 stroke_logging_us=0 detected_to_poll_start_us=9002 detected_to_poll_complete_us=9011 poll_read_us=9 unattributed_tail_us=2134 reports_dropped=0 chunks=1 committed=1 refresh=1 commit_failed=0
[14:14:14] TINYDRAW_LIVE_STROKE revision=34 operations=34 samples=176 append_us=4949 refresh_compose_us=0 refresh_complete_us=0 ink_samples=6 read_submit_avg_us=1533 read_submit_max_us=1964 read_complete_avg_us=1601 read_complete_max_us=2092 submit_over_16ms=0 complete_over_33ms=0 presentation_failures=0 poll_max_us=9005 touch_errors=0 touch_overflows=0 touch_moves_coalesced=40 touch_events=34 touch_down=1 touch_up=1 touch_events_ge_8ms=0 touch_event_age_max_us=272 chunks=1 free_psram=3042440 largest_psram=3014656 authority_match=1
[14:14:14] TINYDRAW_LIVE_STROKE_DONE committed=1 refresh=1 commit_failed=0
[14:14:14] TINYDRAW_LIFT_BASELINE id=34 finish_preview_us=2015 builder_finish_us=54 append_us=4949 refresh_wall_us=22 refresh_x0=0 refresh_y0=0 refresh_x1=0 refresh_y1=0 refresh_compose_us=0 refresh_first_submit_us=0 refresh_first_complete_us=0 refresh_transfer_wait_us=0 stroke_logging_us=0 detected_to_poll_start_us=9003 detected_to_poll_complete_us=9012 poll_read_us=9 unattributed_tail_us=1963 reports_dropped=0 chunks=1 committed=1 refresh=1 commit_failed=0
[14:14:14] TINYDRAW_LIVE_STROKE revision=35 operations=35 samples=183 append_us=5478 refresh_compose_us=0 refresh_complete_us=0 ink_samples=7 read_submit_avg_us=1572 read_submit_max_us=1925 read_complete_avg_us=1640 read_complete_max_us=2054 submit_over_16ms=0 complete_over_33ms=0 presentation_failures=0 poll_max_us=9007 touch_errors=0 touch_overflows=0 touch_moves_coalesced=48 touch_events=39 touch_down=1 touch_up=1 touch_events_ge_8ms=0 touch_event_age_max_us=1244 chunks=1 free_psram=3042440 largest_psram=3014656 authority_match=1
[14:14:14] TINYDRAW_LIVE_STROKE_DONE committed=1 refresh=1 commit_failed=0
[14:14:14] TINYDRAW_LIFT_BASELINE id=35 finish_preview_us=2012 builder_finish_us=53 append_us=5478 refresh_wall_us=21 refresh_x0=0 refresh_y0=0 refresh_x1=0 refresh_y1=0 refresh_compose_us=0 refresh_first_submit_us=0 refresh_first_complete_us=0 refresh_transfer_wait_us=0 stroke_logging_us=0 detected_to_poll_start_us=9002 detected_to_poll_complete_us=9011 poll_read_us=9 unattributed_tail_us=1438 reports_dropped=0 chunks=1 committed=1 refresh=1 commit_failed=0
[14:14:15] TINYDRAW_LIVE_STROKE revision=36 operations=36 samples=188 append_us=4770 refresh_compose_us=0 refresh_complete_us=0 ink_samples=5 read_submit_avg_us=1623 read_submit_max_us=2048 read_complete_avg_us=1700 read_complete_max_us=2165 submit_over_16ms=0 complete_over_33ms=0 presentation_failures=0 poll_max_us=9005 touch_errors=0 touch_overflows=0 touch_moves_coalesced=33 touch_events=29 touch_down=1 touch_up=1 touch_events_ge_8ms=0 touch_event_age_max_us=1236 chunks=1 free_psram=3042440 largest_psram=3014656 authority_match=1
[14:14:15] TINYDRAW_LIVE_STROKE_DONE committed=1 refresh=1 commit_failed=0
[14:14:15] TINYDRAW_LIFT_BASELINE id=36 finish_preview_us=2013 builder_finish_us=52 append_us=4770 refresh_wall_us=23 refresh_x0=0 refresh_y0=0 refresh_x1=0 refresh_y1=0 refresh_compose_us=0 refresh_first_submit_us=0 refresh_first_complete_us=0 refresh_transfer_wait_us=0 stroke_logging_us=0 detected_to_poll_start_us=9002 detected_to_poll_complete_us=9011 poll_read_us=9 unattributed_tail_us=2144 reports_dropped=0 chunks=1 committed=1 refresh=1 commit_failed=0
[14:14:15] TINYDRAW_LIVE_STROKE revision=37 operations=37 samples=195 append_us=10352 refresh_compose_us=0 refresh_complete_us=0 ink_samples=7 read_submit_avg_us=1947 read_submit_max_us=2709 read_complete_avg_us=2067 read_complete_max_us=2921 submit_over_16ms=0 complete_over_33ms=0 presentation_failures=0 poll_max_us=9005 touch_errors=0 touch_overflows=0 touch_moves_coalesced=48 touch_events=39 touch_down=1 touch_up=1 touch_events_ge_8ms=0 touch_event_age_max_us=1236 chunks=1 free_psram=3042440 largest_psram=3014656 authority_match=1
[14:14:15] TINYDRAW_LIVE_STROKE_DONE committed=1 refresh=1 commit_failed=0
[14:14:15] TINYDRAW_LIFT_BASELINE id=37 finish_preview_us=3015 builder_finish_us=55 append_us=10352 refresh_wall_us=31 refresh_x0=0 refresh_y0=0 refresh_x1=0 refresh_y1=0 refresh_compose_us=0 refresh_first_submit_us=0 refresh_first_complete_us=0 refresh_transfer_wait_us=0 stroke_logging_us=0 detected_to_poll_start_us=15002 detected_to_poll_complete_us=15011 poll_read_us=9 unattributed_tail_us=1549 reports_dropped=0 chunks=1 committed=1 refresh=1 commit_failed=0
[14:14:16] TINYDRAW_LIVE_STROKE revision=38 operations=38 samples=202 append_us=5544 refresh_compose_us=0 refresh_complete_us=0 ink_samples=7 read_submit_avg_us=1428 read_submit_max_us=1850 read_complete_avg_us=1487 read_complete_max_us=1931 submit_over_16ms=0 complete_over_33ms=0 presentation_failures=0 poll_max_us=15005 touch_errors=0 touch_overflows=0 touch_moves_coalesced=49 touch_events=40 touch_down=1 touch_up=1 touch_events_ge_8ms=0 touch_event_age_max_us=1247 chunks=1 free_psram=3042440 largest_psram=3014656 authority_match=1
[14:14:16] TINYDRAW_LIVE_STROKE_DONE committed=1 refresh=1 commit_failed=0
[14:14:16] TINYDRAW_LIFT_BASELINE id=38 finish_preview_us=1091 builder_finish_us=86 append_us=5544 refresh_wall_us=25 refresh_x0=0 refresh_y0=0 refresh_x1=0 refresh_y1=0 refresh_compose_us=0 refresh_first_submit_us=0 refresh_first_complete_us=0 refresh_transfer_wait_us=0 stroke_logging_us=0 detected_to_poll_start_us=8002 detected_to_poll_complete_us=8011 poll_read_us=9 unattributed_tail_us=1256 reports_dropped=0 chunks=1 committed=1 refresh=1 commit_failed=0
[14:14:16] TINYDRAW_LIVE_STROKE revision=39 operations=39 samples=210 append_us=8774 refresh_compose_us=0 refresh_complete_us=0 ink_samples=8 read_submit_avg_us=1829 read_submit_max_us=2476 read_complete_avg_us=1921 read_complete_max_us=2624 submit_over_16ms=0 complete_over_33ms=0 presentation_failures=0 poll_max_us=8005 touch_errors=0 touch_overflows=0 touch_moves_coalesced=56 touch_events=44 touch_down=1 touch_up=1 touch_events_ge_8ms=0 touch_event_age_max_us=1240 chunks=1 free_psram=3042440 largest_psram=3014656 authority_match=1
[14:14:16] TINYDRAW_LIVE_STROKE_DONE committed=1 refresh=1 commit_failed=0
[14:14:16] TINYDRAW_LIFT_BASELINE id=39 finish_preview_us=2013 builder_finish_us=52 append_us=8774 refresh_wall_us=21 refresh_x0=0 refresh_y0=0 refresh_x1=0 refresh_y1=0 refresh_compose_us=0 refresh_first_submit_us=0 refresh_first_complete_us=0 refresh_transfer_wait_us=0 stroke_logging_us=0 detected_to_poll_start_us=13002 detected_to_poll_complete_us=13011 poll_read_us=9 unattributed_tail_us=2142 reports_dropped=0 chunks=1 committed=1 refresh=1 commit_failed=0
[14:14:17] TINYDRAW_LIVE_STROKE revision=40 operations=40 samples=218 append_us=10971 refresh_compose_us=0 refresh_complete_us=0 ink_samples=8 read_submit_avg_us=1883 read_submit_max_us=2805 read_complete_avg_us=1984 read_complete_max_us=2999 submit_over_16ms=0 complete_over_33ms=0 presentation_failures=0 poll_max_us=13005 touch_errors=0 touch_overflows=0 touch_moves_coalesced=55 touch_events=44 touch_down=1 touch_up=1 touch_events_ge_8ms=0 touch_event_age_max_us=270 chunks=1 free_psram=3042440 largest_psram=3014656 authority_match=1
[14:14:17] TINYDRAW_LIVE_STROKE_DONE committed=1 refresh=1 commit_failed=0
[14:14:17] TINYDRAW_LIFT_BASELINE id=40 finish_preview_us=2013 builder_finish_us=52 append_us=10971 refresh_wall_us=22 refresh_x0=0 refresh_y0=0 refresh_x1=0 refresh_y1=0 refresh_compose_us=0 refresh_first_submit_us=0 refresh_first_complete_us=0 refresh_transfer_wait_us=0 stroke_logging_us=0 detected_to_poll_start_us=15002 detected_to_poll_complete_us=15011 poll_read_us=9 unattributed_tail_us=1944 reports_dropped=0 chunks=1 committed=1 refresh=1 commit_failed=0
[14:14:18] TINYDRAW_LIVE_STROKE revision=41 operations=41 samples=224 append_us=7092 refresh_compose_us=0 refresh_complete_us=0 ink_samples=6 read_submit_avg_us=1891 read_submit_max_us=2738 read_complete_avg_us=1985 read_complete_max_us=2907 submit_over_16ms=0 complete_over_33ms=0 presentation_failures=0 poll_max_us=15005 touch_errors=0 touch_overflows=0 touch_moves_coalesced=40 touch_events=34 touch_down=1 touch_up=1 touch_events_ge_8ms=0 touch_event_age_max_us=1236 chunks=1 free_psram=3042440 largest_psram=3014656 authority_match=1
[14:14:18] TINYDRAW_LIVE_STROKE_DONE committed=1 refresh=1 commit_failed=0
[14:14:19] TINYDRAW_LIFT_BASELINE id=41 finish_preview_us=2015 builder_finish_us=56 append_us=7092 refresh_wall_us=22 refresh_x0=0 refresh_y0=0 refresh_x1=0 refresh_y1=0 refresh_compose_us=0 refresh_first_submit_us=0 refresh_first_complete_us=0 refresh_transfer_wait_us=0 stroke_logging_us=0 detected_to_poll_start_us=11002 detected_to_poll_complete_us=11011 poll_read_us=9 unattributed_tail_us=1817 reports_dropped=0 chunks=1 committed=1 refresh=1 commit_failed=0
[14:14:19] TINYDRAW_LIVE_STROKE revision=42 operations=42 samples=233 append_us=9294 refresh_compose_us=0 refresh_complete_us=0 ink_samples=9 read_submit_avg_us=1739 read_submit_max_us=2486 read_complete_avg_us=1812 read_complete_max_us=2606 submit_over_16ms=0 complete_over_33ms=0 presentation_failures=0 poll_max_us=11005 touch_errors=0 touch_overflows=0 touch_moves_coalesced=62 touch_events=50 touch_down=1 touch_up=1 touch_events_ge_8ms=0 touch_event_age_max_us=272 chunks=1 free_psram=3042440 largest_psram=3014656 authority_match=1
[14:14:19] TINYDRAW_LIVE_STROKE_DONE committed=1 refresh=1 commit_failed=0
[14:14:19] TINYDRAW_LIFT_BASELINE id=42 finish_preview_us=2015 builder_finish_us=55 append_us=9294 refresh_wall_us=22 refresh_x0=0 refresh_y0=0 refresh_x1=0 refresh_y1=0 refresh_compose_us=0 refresh_first_submit_us=0 refresh_first_complete_us=0 refresh_transfer_wait_us=0 stroke_logging_us=0 detected_to_poll_start_us=13003 detected_to_poll_complete_us=13012 poll_read_us=9 unattributed_tail_us=1617 reports_dropped=0 chunks=1 committed=1 refresh=1 commit_failed=0
[14:14:19] TINYDRAW_LIVE_STROKE revision=43 operations=43 samples=240 append_us=8844 refresh_compose_us=0 refresh_complete_us=0 ink_samples=7 read_submit_avg_us=2045 read_submit_max_us=3309 read_complete_avg_us=2145 read_complete_max_us=3479 submit_over_16ms=0 complete_over_33ms=0 presentation_failures=0 poll_max_us=13007 touch_errors=0 touch_overflows=0 touch_moves_coalesced=49 touch_events=38 touch_down=1 touch_up=1 touch_events_ge_8ms=0 touch_event_age_max_us=272 chunks=1 free_psram=3042440 largest_psram=3014656 authority_match=1
[14:14:19] TINYDRAW_LIVE_STROKE_DONE committed=1 refresh=1 commit_failed=0
[14:14:19] TINYDRAW_LIFT_BASELINE id=43 finish_preview_us=2013 builder_finish_us=53 append_us=8844 refresh_wall_us=28 refresh_x0=0 refresh_y0=0 refresh_x1=0 refresh_y1=0 refresh_compose_us=0 refresh_first_submit_us=0 refresh_first_complete_us=0 refresh_transfer_wait_us=0 stroke_logging_us=0 detected_to_poll_start_us=13002 detected_to_poll_complete_us=13011 poll_read_us=9 unattributed_tail_us=2064 reports_dropped=0 chunks=1 committed=1 refresh=1 commit_failed=0
[14:14:20] TINYDRAW_LIVE_STROKE revision=44 operations=44 samples=247 append_us=9282 refresh_compose_us=0 refresh_complete_us=0 ink_samples=7 read_submit_avg_us=1774 read_submit_max_us=2769 read_complete_avg_us=1878 read_complete_max_us=2978 submit_over_16ms=0 complete_over_33ms=0 presentation_failures=0 poll_max_us=13005 touch_errors=0 touch_overflows=0 touch_moves_coalesced=49 touch_events=39 touch_down=1 touch_up=1 touch_events_ge_8ms=0 touch_event_age_max_us=271 chunks=1 free_psram=3042440 largest_psram=3014656 authority_match=1
[14:14:20] TINYDRAW_LIVE_STROKE_DONE committed=1 refresh=1 commit_failed=0
[14:14:20] TINYDRAW_LIFT_BASELINE id=44 finish_preview_us=2012 builder_finish_us=52 append_us=9282 refresh_wall_us=21 refresh_x0=0 refresh_y0=0 refresh_x1=0 refresh_y1=0 refresh_compose_us=0 refresh_first_submit_us=0 refresh_first_complete_us=0 refresh_transfer_wait_us=0 stroke_logging_us=0 detected_to_poll_start_us=13002 detected_to_poll_complete_us=13011 poll_read_us=9 unattributed_tail_us=1635 reports_dropped=0 chunks=1 committed=1 refresh=1 commit_failed=0
[14:14:20] TINYDRAW_LIVE_STROKE revision=45 operations=45 samples=254 append_us=10509 refresh_compose_us=0 refresh_complete_us=0 ink_samples=7 read_submit_avg_us=2296 read_submit_max_us=2767 read_complete_avg_us=2415 read_complete_max_us=2900 submit_over_16ms=0 complete_over_33ms=0 presentation_failures=0 poll_max_us=13005 touch_errors=0 touch_overflows=0 touch_moves_coalesced=47 touch_events=38 touch_down=1 touch_up=1 touch_events_ge_8ms=0 touch_event_age_max_us=267 chunks=1 free_psram=3042440 largest_psram=3014656 authority_match=1
[14:14:20] TINYDRAW_LIVE_STROKE_DONE committed=1 refresh=1 commit_failed=0
[14:14:20] TINYDRAW_LIFT_BASELINE id=45 finish_preview_us=2014 builder_finish_us=53 append_us=10509 refresh_wall_us=22 refresh_x0=0 refresh_y0=0 refresh_x1=0 refresh_y1=0 refresh_compose_us=0 refresh_first_submit_us=0 refresh_first_complete_us=0 refresh_transfer_wait_us=0 stroke_logging_us=0 detected_to_poll_start_us=14002 detected_to_poll_complete_us=14011 poll_read_us=9 unattributed_tail_us=1404 reports_dropped=0 chunks=1 committed=1 refresh=1 commit_failed=0
[14:14:20] TINYDRAW_LIVE_STROKE revision=46 operations=46 samples=262 append_us=8323 refresh_compose_us=0 refresh_complete_us=0 ink_samples=8 read_submit_avg_us=1736 read_submit_max_us=2503 read_complete_avg_us=1814 read_complete_max_us=2644 submit_over_16ms=0 complete_over_33ms=0 presentation_failures=0 poll_max_us=14005 touch_errors=0 touch_overflows=0 touch_moves_coalesced=55 touch_events=44 touch_down=1 touch_up=1 touch_events_ge_8ms=0 touch_event_age_max_us=267 chunks=1 free_psram=3042440 largest_psram=3014656 authority_match=1
[14:14:20] TINYDRAW_LIVE_STROKE_DONE committed=1 refresh=1 commit_failed=0
[14:14:21] TINYDRAW_LIFT_BASELINE id=46 finish_preview_us=2015 builder_finish_us=55 append_us=8323 refresh_wall_us=23 refresh_x0=0 refresh_y0=0 refresh_x1=0 refresh_y1=0 refresh_compose_us=0 refresh_first_submit_us=0 refresh_first_complete_us=0 refresh_transfer_wait_us=0 stroke_logging_us=0 detected_to_poll_start_us=12002 detected_to_poll_complete_us=12011 poll_read_us=9 unattributed_tail_us=1586 reports_dropped=0 chunks=1 committed=1 refresh=1 commit_failed=0
[14:14:21] TINYDRAW_LIVE_STROKE revision=47 operations=47 samples=271 append_us=10233 refresh_compose_us=0 refresh_complete_us=0 ink_samples=9 read_submit_avg_us=1707 read_submit_max_us=2444 read_complete_avg_us=1790 read_complete_max_us=2587 submit_over_16ms=0 complete_over_33ms=0 presentation_failures=0 poll_max_us=12005 touch_errors=0 touch_overflows=0 touch_moves_coalesced=62 touch_events=49 touch_down=1 touch_up=1 touch_events_ge_8ms=0 touch_event_age_max_us=267 chunks=1 free_psram=3042440 largest_psram=3014656 authority_match=1
[14:14:21] TINYDRAW_LIVE_STROKE_DONE committed=1 refresh=1 commit_failed=0
[14:14:21] TINYDRAW_LIFT_BASELINE id=47 finish_preview_us=1098 builder_finish_us=92 append_us=10233 refresh_wall_us=34 refresh_x0=0 refresh_y0=0 refresh_x1=0 refresh_y1=0 refresh_compose_us=0 refresh_first_submit_us=0 refresh_first_complete_us=0 refresh_transfer_wait_us=0 stroke_logging_us=0 detected_to_poll_start_us=13002 detected_to_poll_complete_us=13011 poll_read_us=9 unattributed_tail_us=1545 reports_dropped=0 chunks=1 committed=1 refresh=1 commit_failed=0
[14:14:21] TINYDRAW_LIVE_STROKE revision=48 operations=48 samples=279 append_us=8864 refresh_compose_us=0 refresh_complete_us=0 ink_samples=8 read_submit_avg_us=1676 read_submit_max_us=2597 read_complete_avg_us=1763 read_complete_max_us=2796 submit_over_16ms=0 complete_over_33ms=0 presentation_failures=0 poll_max_us=13005 touch_errors=0 touch_overflows=0 touch_moves_coalesced=55 touch_events=44 touch_down=1 touch_up=1 touch_events_ge_8ms=0 touch_event_age_max_us=267 chunks=1 free_psram=3042440 largest_psram=3014656 authority_match=1
[14:14:21] TINYDRAW_LIVE_STROKE_DONE committed=1 refresh=1 commit_failed=0
[14:14:21] TINYDRAW_LIFT_BASELINE id=48 finish_preview_us=2015 builder_finish_us=55 append_us=8864 refresh_wall_us=22 refresh_x0=0 refresh_y0=0 refresh_x1=0 refresh_y1=0 refresh_compose_us=0 refresh_first_submit_us=0 refresh_first_complete_us=0 refresh_transfer_wait_us=0 stroke_logging_us=0 detected_to_poll_start_us=13002 detected_to_poll_complete_us=13011 poll_read_us=9 unattributed_tail_us=2046 reports_dropped=0 chunks=1 committed=1 refresh=1 commit_failed=0
[14:14:22] TINYDRAW_LIVE_STROKE revision=49 operations=49 samples=286 append_us=5047 refresh_compose_us=0 refresh_complete_us=0 ink_samples=7 read_submit_avg_us=1452 read_submit_max_us=1815 read_complete_avg_us=1503 read_complete_max_us=1908 submit_over_16ms=0 complete_over_33ms=0 presentation_failures=0 poll_max_us=13005 touch_errors=0 touch_overflows=0 touch_moves_coalesced=66 touch_events=60 touch_down=1 touch_up=1 touch_events_ge_8ms=0 touch_event_age_max_us=271 chunks=1 free_psram=3042440 largest_psram=3014656 authority_match=1
[14:14:22] TINYDRAW_LIVE_STROKE_DONE committed=1 refresh=1 commit_failed=0
[14:14:22] TINYDRAW_LIFT_BASELINE id=49 finish_preview_us=2012 builder_finish_us=55 append_us=5047 refresh_wall_us=21 refresh_x0=0 refresh_y0=0 refresh_x1=0 refresh_y1=0 refresh_compose_us=0 refresh_first_submit_us=0 refresh_first_complete_us=0 refresh_transfer_wait_us=0 stroke_logging_us=0 detected_to_poll_start_us=9002 detected_to_poll_complete_us=9011 poll_read_us=9 unattributed_tail_us=1867 reports_dropped=0 chunks=1 committed=1 refresh=1 commit_failed=0
[14:14:22] TINYDRAW_LIVE_STROKE revision=50 operations=50 samples=292 append_us=7291 refresh_compose_us=0 refresh_complete_us=0 ink_samples=6 read_submit_avg_us=1813 read_submit_max_us=2227 read_complete_avg_us=1907 read_complete_max_us=2287 submit_over_16ms=0 complete_over_33ms=0 presentation_failures=0 poll_max_us=9005 touch_errors=0 touch_overflows=0 touch_moves_coalesced=43 touch_events=33 touch_down=1 touch_up=1 touch_events_ge_8ms=0 touch_event_age_max_us=1244 chunks=1 free_psram=3042440 largest_psram=3014656 authority_match=1
[14:14:22] TINYDRAW_LIVE_STROKE_DONE committed=1 refresh=1 commit_failed=0
[14:14:22] TINYDRAW_LIFT_BASELINE id=50 finish_preview_us=2013 builder_finish_us=53 append_us=7291 refresh_wall_us=23 refresh_x0=0 refresh_y0=0 refresh_x1=0 refresh_y1=0 refresh_compose_us=0 refresh_first_submit_us=0 refresh_first_complete_us=0 refresh_transfer_wait_us=0 stroke_logging_us=0 detected_to_poll_start_us=11002 detected_to_poll_complete_us=11011 poll_read_us=9 unattributed_tail_us=1622 reports_dropped=0 chunks=1 committed=1 refresh=1 commit_failed=0
[14:14:32] TINYDRAW_LIVE_PRESENT kind=chrome zoom=25 x=0 y=0 compose_us=45760 scroll_us=0 exposed_compose_us=0 chrome_us=0 read_submit_us=59351 read_complete_us=60153 transfer_wait_us=19614 tile_pixels=0 uniform_pixels=0 overview_pixels=164864 fallback_pixels=0 resident_tiles=0 fallback_tiles=0 pushes=21 tear_wait_us=12809 tear_sync=1 frame_reused=0 pass=1
[14:14:33] TINYDRAW_LIVE_PRESENT kind=chrome zoom=25 x=0 y=0 compose_us=35098 scroll_us=0 exposed_compose_us=0 chrome_us=0 read_submit_us=38867 read_complete_us=39669 transfer_wait_us=20095 tile_pixels=0 uniform_pixels=0 overview_pixels=164864 fallback_pixels=0 resident_tiles=0 fallback_tiles=0 pushes=21 tear_wait_us=2938 tear_sync=1 frame_reused=0 pass=1
[14:14:34] TINYDRAW_LIVE_STROKE revision=51 operations=51 samples=307 append_us=15258 refresh_compose_us=0 refresh_complete_us=0 ink_samples=15 read_submit_avg_us=1532 read_submit_max_us=2546 read_complete_avg_us=1585 read_complete_max_us=2629 submit_over_16ms=0 complete_over_33ms=0 presentation_failures=0 poll_max_us=100005 touch_errors=0 touch_overflows=0 touch_moves_coalesced=176 touch_events=157 touch_down=3 touch_up=3 touch_events_ge_8ms=0 touch_event_age_max_us=1245 chunks=1 free_psram=3042440 largest_psram=3014656 authority_match=1
[14:14:34] TINYDRAW_LIVE_STROKE_DONE committed=1 refresh=1 commit_failed=0
[14:14:35] TINYDRAW_LIFT_BASELINE id=51 finish_preview_us=2015 builder_finish_us=55 append_us=15258 refresh_wall_us=23 refresh_x0=0 refresh_y0=0 refresh_x1=0 refresh_y1=0 refresh_compose_us=0 refresh_first_submit_us=0 refresh_first_complete_us=0 refresh_transfer_wait_us=0 stroke_logging_us=0 detected_to_poll_start_us=19003 detected_to_poll_complete_us=19012 poll_read_us=9 unattributed_tail_us=1652 reports_dropped=0 chunks=1 committed=1 refresh=1 commit_failed=0
[14:14:35] TINYDRAW_LIVE_STROKE revision=52 operations=52 samples=321 append_us=22880 refresh_compose_us=0 refresh_complete_us=0 ink_samples=14 read_submit_avg_us=1748 read_submit_max_us=3103 read_complete_avg_us=1833 read_complete_max_us=3305 submit_over_16ms=0 complete_over_33ms=0 presentation_failures=0 poll_max_us=19007 touch_errors=0 touch_overflows=0 touch_moves_coalesced=99 touch_events=77 touch_down=1 touch_up=1 touch_events_ge_8ms=0 touch_event_age_max_us=267 chunks=1 free_psram=3042440 largest_psram=3014656 authority_match=1
[14:14:35] TINYDRAW_LIVE_STROKE_DONE committed=1 refresh=1 commit_failed=0
[14:14:35] TINYDRAW_LIFT_BASELINE id=52 finish_preview_us=1057 builder_finish_us=52 append_us=22880 refresh_wall_us=22 refresh_x0=0 refresh_y0=0 refresh_x1=0 refresh_y1=0 refresh_compose_us=0 refresh_first_submit_us=0 refresh_first_complete_us=0 refresh_transfer_wait_us=0 stroke_logging_us=0 detected_to_poll_start_us=26002 detected_to_poll_complete_us=26011 poll_read_us=9 unattributed_tail_us=1991 reports_dropped=0 chunks=1 committed=1 refresh=1 commit_failed=0
[14:14:35] TINYDRAW_LIVE_STROKE revision=53 operations=53 samples=336 append_us=27008 refresh_compose_us=0 refresh_complete_us=0 ink_samples=15 read_submit_avg_us=1754 read_submit_max_us=3183 read_complete_avg_us=1845 read_complete_max_us=3415 submit_over_16ms=0 complete_over_33ms=0 presentation_failures=0 poll_max_us=26005 touch_errors=0 touch_overflows=0 touch_moves_coalesced=106 touch_events=81 touch_down=1 touch_up=1 touch_events_ge_8ms=0 touch_event_age_max_us=1236 chunks=1 free_psram=3042440 largest_psram=3014656 authority_match=1
[14:14:35] TINYDRAW_LIVE_STROKE_DONE committed=1 refresh=1 commit_failed=0
[14:14:35] TINYDRAW_LIFT_BASELINE id=53 finish_preview_us=2015 builder_finish_us=55 append_us=27008 refresh_wall_us=21 refresh_x0=0 refresh_y0=0 refresh_x1=0 refresh_y1=0 refresh_compose_us=0 refresh_first_submit_us=0 refresh_first_complete_us=0 refresh_transfer_wait_us=0 stroke_logging_us=0 detected_to_poll_start_us=31002 detected_to_poll_complete_us=31011 poll_read_us=9 unattributed_tail_us=1903 reports_dropped=0 chunks=1 committed=1 refresh=1 commit_failed=0
[14:14:36] TINYDRAW_LIVE_STROKE revision=54 operations=54 samples=347 append_us=17388 refresh_compose_us=0 refresh_complete_us=0 ink_samples=11 read_submit_avg_us=1714 read_submit_max_us=2160 read_complete_avg_us=1805 read_complete_max_us=2321 submit_over_16ms=0 complete_over_33ms=0 presentation_failures=0 poll_max_us=31005 touch_errors=0 touch_overflows=0 touch_moves_coalesced=86 touch_events=67 touch_down=1 touch_up=1 touch_events_ge_8ms=0 touch_event_age_max_us=270 chunks=1 free_psram=3042440 largest_psram=3014656 authority_match=1
[14:14:36] TINYDRAW_LIVE_STROKE_DONE committed=1 refresh=1 commit_failed=0
[14:14:36] TINYDRAW_LIFT_BASELINE id=54 finish_preview_us=2015 builder_finish_us=54 append_us=17388 refresh_wall_us=38 refresh_x0=0 refresh_y0=0 refresh_x1=0 refresh_y1=0 refresh_compose_us=0 refresh_first_submit_us=0 refresh_first_complete_us=0 refresh_transfer_wait_us=0 stroke_logging_us=0 detected_to_poll_start_us=21002 detected_to_poll_complete_us=21011 poll_read_us=9 unattributed_tail_us=1507 reports_dropped=0 chunks=1 committed=1 refresh=1 commit_failed=0
[14:14:36] TINYDRAW_LIVE_STROKE revision=55 operations=55 samples=364 append_us=19881 refresh_compose_us=0 refresh_complete_us=0 ink_samples=17 read_submit_avg_us=1564 read_submit_max_us=2337 read_complete_avg_us=1626 read_complete_max_us=2402 submit_over_16ms=0 complete_over_33ms=0 presentation_failures=0 poll_max_us=21005 touch_errors=0 touch_overflows=0 touch_moves_coalesced=120 touch_events=92 touch_down=1 touch_up=1 touch_events_ge_8ms=0 touch_event_age_max_us=1242 chunks=1 free_psram=3042440 largest_psram=3014656 authority_match=1
[14:14:36] TINYDRAW_LIVE_STROKE_DONE committed=1 refresh=1 commit_failed=0
[14:14:36] TINYDRAW_LIFT_BASELINE id=55 finish_preview_us=2015 builder_finish_us=55 append_us=19881 refresh_wall_us=23 refresh_x0=0 refresh_y0=0 refresh_x1=0 refresh_y1=0 refresh_compose_us=0 refresh_first_submit_us=0 refresh_first_complete_us=0 refresh_transfer_wait_us=0 stroke_logging_us=0 detected_to_poll_start_us=24002 detected_to_poll_complete_us=24011 poll_read_us=9 unattributed_tail_us=2028 reports_dropped=0 chunks=1 committed=1 refresh=1 commit_failed=0
[14:14:37] TINYDRAW_LIVE_STROKE revision=56 operations=56 samples=377 append_us=9195 refresh_compose_us=0 refresh_complete_us=0 ink_samples=13 read_submit_avg_us=1512 read_submit_max_us=2317 read_complete_avg_us=1555 read_complete_max_us=2377 submit_over_16ms=0 complete_over_33ms=0 presentation_failures=0 poll_max_us=24005 touch_errors=0 touch_overflows=0 touch_moves_coalesced=92 touch_events=72 touch_down=1 touch_up=1 touch_events_ge_8ms=0 touch_event_age_max_us=1244 chunks=1 free_psram=3042440 largest_psram=3014656 authority_match=1
[14:14:37] TINYDRAW_LIVE_STROKE_DONE committed=1 refresh=1 commit_failed=0
[14:14:37] TINYDRAW_LIFT_BASELINE id=56 finish_preview_us=2015 builder_finish_us=56 append_us=9195 refresh_wall_us=23 refresh_x0=0 refresh_y0=0 refresh_x1=0 refresh_y1=0 refresh_compose_us=0 refresh_first_submit_us=0 refresh_first_complete_us=0 refresh_transfer_wait_us=0 stroke_logging_us=0 detected_to_poll_start_us=13002 detected_to_poll_complete_us=13011 poll_read_us=9 unattributed_tail_us=1713 reports_dropped=0 chunks=1 committed=1 refresh=1 commit_failed=0
[14:14:38] TINYDRAW_LIVE_STROKE revision=57 operations=57 samples=392 append_us=14959 refresh_compose_us=0 refresh_complete_us=0 ink_samples=15 read_submit_avg_us=1466 read_submit_max_us=2592 read_complete_avg_us=1517 read_complete_max_us=2706 submit_over_16ms=0 complete_over_33ms=0 presentation_failures=0 poll_max_us=13005 touch_errors=0 touch_overflows=0 touch_moves_coalesced=140 touch_events=117 touch_down=1 touch_up=1 touch_events_ge_8ms=0 touch_event_age_max_us=267 chunks=1 free_psram=3042440 largest_psram=3014656 authority_match=1
[14:14:38] TINYDRAW_LIVE_STROKE_DONE committed=1 refresh=1 commit_failed=0
[14:14:38] TINYDRAW_LIFT_BASELINE id=57 finish_preview_us=1058 builder_finish_us=55 append_us=14959 refresh_wall_us=22 refresh_x0=0 refresh_y0=0 refresh_x1=0 refresh_y1=0 refresh_compose_us=0 refresh_first_submit_us=0 refresh_first_complete_us=0 refresh_transfer_wait_us=0 stroke_logging_us=0 detected_to_poll_start_us=18002 detected_to_poll_complete_us=18011 poll_read_us=9 unattributed_tail_us=1908 reports_dropped=0 chunks=1 committed=1 refresh=1 commit_failed=0
[14:14:38] TINYDRAW_LIVE_STROKE revision=58 operations=58 samples=408 append_us=16344 refresh_compose_us=0 refresh_complete_us=0 ink_samples=16 read_submit_avg_us=1420 read_submit_max_us=1833 read_complete_avg_us=1470 read_complete_max_us=1908 submit_over_16ms=0 complete_over_33ms=0 presentation_failures=0 poll_max_us=18005 touch_errors=0 touch_overflows=0 touch_moves_coalesced=114 touch_events=90 touch_down=1 touch_up=1 touch_events_ge_8ms=0 touch_event_age_max_us=267 chunks=1 free_psram=3042440 largest_psram=3014656 authority_match=1
[14:14:38] TINYDRAW_LIVE_STROKE_DONE committed=1 refresh=1 commit_failed=0
[14:14:38] TINYDRAW_LIFT_BASELINE id=58 finish_preview_us=1228 builder_finish_us=51 append_us=16344 refresh_wall_us=22 refresh_x0=0 refresh_y0=0 refresh_x1=0 refresh_y1=0 refresh_compose_us=0 refresh_first_submit_us=0 refresh_first_complete_us=0 refresh_transfer_wait_us=0 stroke_logging_us=0 detected_to_poll_start_us=19000 detected_to_poll_complete_us=19009 poll_read_us=9 unattributed_tail_us=1355 reports_dropped=0 chunks=1 committed=1 refresh=1 commit_failed=0
[14:14:39] TINYDRAW_LIVE_STROKE revision=59 operations=59 samples=421 append_us=15285 refresh_compose_us=0 refresh_complete_us=0 ink_samples=13 read_submit_avg_us=1642 read_submit_max_us=2909 read_complete_avg_us=1709 read_complete_max_us=3052 submit_over_16ms=0 complete_over_33ms=0 presentation_failures=0 poll_max_us=19005 touch_errors=0 touch_overflows=0 touch_moves_coalesced=95 touch_events=72 touch_down=1 touch_up=1 touch_events_ge_8ms=0 touch_event_age_max_us=1241 chunks=1 free_psram=3042440 largest_psram=3014656 authority_match=1
[14:14:39] TINYDRAW_LIVE_STROKE_DONE committed=1 refresh=1 commit_failed=0
[14:14:39] TINYDRAW_LIFT_BASELINE id=59 finish_preview_us=2015 builder_finish_us=55 append_us=15285 refresh_wall_us=23 refresh_x0=0 refresh_y0=0 refresh_x1=0 refresh_y1=0 refresh_compose_us=0 refresh_first_submit_us=0 refresh_first_complete_us=0 refresh_transfer_wait_us=0 stroke_logging_us=0 detected_to_poll_start_us=19002 detected_to_poll_complete_us=19011 poll_read_us=9 unattributed_tail_us=1624 reports_dropped=0 chunks=1 committed=1 refresh=1 commit_failed=0
[14:14:39] TINYDRAW_LIVE_STROKE revision=60 operations=60 samples=434 append_us=12832 refresh_compose_us=0 refresh_complete_us=0 ink_samples=13 read_submit_avg_us=1573 read_submit_max_us=2664 read_complete_avg_us=1628 read_complete_max_us=2781 submit_over_16ms=0 complete_over_33ms=0 presentation_failures=0 poll_max_us=19010 touch_errors=0 touch_overflows=0 touch_moves_coalesced=99 touch_events=80 touch_down=1 touch_up=1 touch_events_ge_8ms=0 touch_event_age_max_us=1236 chunks=1 free_psram=3042440 largest_psram=3014656 authority_match=1
[14:14:39] TINYDRAW_LIVE_STROKE_DONE committed=1 refresh=1 commit_failed=0
[14:14:39] TINYDRAW_LIFT_BASELINE id=60 finish_preview_us=1041 builder_finish_us=53 append_us=12832 refresh_wall_us=28 refresh_x0=0 refresh_y0=0 refresh_x1=0 refresh_y1=0 refresh_compose_us=0 refresh_first_submit_us=0 refresh_first_complete_us=0 refresh_transfer_wait_us=0 stroke_logging_us=0 detected_to_poll_start_us=16002 detected_to_poll_complete_us=16011 poll_read_us=9 unattributed_tail_us=2048 reports_dropped=0 chunks=1 committed=1 refresh=1 commit_failed=0
[14:14:39] TINYDRAW_LIVE_STROKE revision=61 operations=61 samples=444 append_us=10555 refresh_compose_us=0 refresh_complete_us=0 ink_samples=10 read_submit_avg_us=1612 read_submit_max_us=2654 read_complete_avg_us=1675 read_complete_max_us=2747 submit_over_16ms=0 complete_over_33ms=0 presentation_failures=0 poll_max_us=16005 touch_errors=0 touch_overflows=0 touch_moves_coalesced=71 touch_events=56 touch_down=1 touch_up=1 touch_events_ge_8ms=0 touch_event_age_max_us=267 chunks=1 free_psram=3042440 largest_psram=3014656 authority_match=1
[14:14:39] TINYDRAW_LIVE_STROKE_DONE committed=1 refresh=1 commit_failed=0
[14:14:39] TINYDRAW_LIFT_BASELINE id=61 finish_preview_us=2015 builder_finish_us=55 append_us=10555 refresh_wall_us=21 refresh_x0=0 refresh_y0=0 refresh_x1=0 refresh_y1=0 refresh_compose_us=0 refresh_first_submit_us=0 refresh_first_complete_us=0 refresh_transfer_wait_us=0 stroke_logging_us=0 detected_to_poll_start_us=14002 detected_to_poll_complete_us=14011 poll_read_us=9 unattributed_tail_us=1356 reports_dropped=0 chunks=1 committed=1 refresh=1 commit_failed=0
[14:14:41] TINYDRAW_LIVE_PRESENT kind=zoom zoom=50 x=184 y=262 compose_us=27522 scroll_us=0 exposed_compose_us=0 chrome_us=0 read_submit_us=40790 read_complete_us=41592 transfer_wait_us=20210 tile_pixels=0 uniform_pixels=0 overview_pixels=0 fallback_pixels=164864 resident_tiles=0 fallback_tiles=56 pushes=21 tear_wait_us=12403 tear_sync=1 frame_reused=0 pass=1
[14:14:42] TINYDRAW_LIVE_PRESENT kind=zoom zoom=100 x=552 y=710 compose_us=24180 scroll_us=0 exposed_compose_us=0 chrome_us=0 read_submit_us=29016 read_complete_us=29817 transfer_wait_us=20230 tile_pixels=0 uniform_pixels=0 overview_pixels=0 fallback_pixels=164864 resident_tiles=0 fallback_tiles=56 pushes=21 tear_wait_us=3968 tear_sync=1 frame_reused=0 pass=1
[14:14:42] TINYDRAW_FILL_BASELINE result=superseded zoom=50 x=184 y=262 revision=61 steps=41 wall_us=336016 compute_total_us=200317 compute_max_us=9407 present_total_us=60931 present_max_us=8347 tick_max_us=9417 producer_failures=0 presentation_failures=0
[14:14:42] TINYDRAW_FILL_BASELINE result=complete zoom=100 x=552 y=710 revision=61 steps=73 wall_us=387817 compute_total_us=303766 compute_max_us=8851 present_total_us=70409 present_max_us=8344 tick_max_us=8861 producer_failures=0 presentation_failures=0
[14:14:42] TINYDRAW_LIVE_FILL_DONE zoom=100 x=552 y=710 revision=61
[14:14:44] TINYDRAW_LIVE_PRESENT kind=chrome zoom=100 x=552 y=710 compose_us=38623 scroll_us=0 exposed_compose_us=0 chrome_us=0 read_submit_us=44732 read_complete_us=45534 transfer_wait_us=20232 tile_pixels=164864 uniform_pixels=0 overview_pixels=0 fallback_pixels=0 resident_tiles=56 fallback_tiles=0 pushes=21 tear_wait_us=5324 tear_sync=1 frame_reused=0 pass=1
[14:14:45] TINYDRAW_LIVE_PRESENT kind=chrome zoom=100 x=552 y=710 compose_us=27929 scroll_us=0 exposed_compose_us=0 chrome_us=0 read_submit_us=34368 read_complete_us=35169 transfer_wait_us=19594 tile_pixels=164864 uniform_pixels=0 overview_pixels=0 fallback_pixels=0 resident_tiles=56 fallback_tiles=0 pushes=21 tear_wait_us=5649 tear_sync=1 frame_reused=0 pass=1
[14:14:46] TINYDRAW_LIVE_PRESENT kind=chrome zoom=100 x=552 y=710 compose_us=38484 scroll_us=0 exposed_compose_us=0 chrome_us=0 read_submit_us=42686 read_complete_us=43487 transfer_wait_us=20278 tile_pixels=164864 uniform_pixels=0 overview_pixels=0 fallback_pixels=0 resident_tiles=56 fallback_tiles=0 pushes=21 tear_wait_us=3396 tear_sync=1 frame_reused=0 pass=1
[14:14:46] TINYDRAW_LIVE_PRESENT kind=chrome zoom=100 x=552 y=710 compose_us=28026 scroll_us=0 exposed_compose_us=0 chrome_us=0 read_submit_us=33338 read_complete_us=34140 transfer_wait_us=19627 tile_pixels=164864 uniform_pixels=0 overview_pixels=0 fallback_pixels=0 resident_tiles=56 fallback_tiles=0 pushes=21 tear_wait_us=4536 tear_sync=1 frame_reused=0 pass=1
[14:14:47] TINYDRAW_LIVE_PRESENT kind=chrome zoom=100 x=552 y=710 compose_us=47841 scroll_us=0 exposed_compose_us=0 chrome_us=0 read_submit_us=59879 read_complete_us=60681 transfer_wait_us=20084 tile_pixels=164864 uniform_pixels=0 overview_pixels=0 fallback_pixels=0 resident_tiles=56 fallback_tiles=0 pushes=21 tear_wait_us=11266 tear_sync=1 frame_reused=0 pass=1
[14:14:48] TINYDRAW_LIVE_PRESENT kind=chrome zoom=100 x=552 y=710 compose_us=28027 scroll_us=0 exposed_compose_us=0 chrome_us=0 read_submit_us=43001 read_complete_us=43803 transfer_wait_us=19962 tile_pixels=164864 uniform_pixels=0 overview_pixels=0 fallback_pixels=0 resident_tiles=56 fallback_tiles=0 pushes=21 tear_wait_us=14147 tear_sync=1 frame_reused=0 pass=1
[14:14:49] TINYDRAW_LIVE_PRESENT kind=chrome zoom=100 x=552 y=710 compose_us=38442 scroll_us=0 exposed_compose_us=0 chrome_us=0 read_submit_us=40768 read_complete_us=41559 transfer_wait_us=20197 tile_pixels=164864 uniform_pixels=0 overview_pixels=0 fallback_pixels=0 resident_tiles=56 fallback_tiles=0 pushes=21 tear_wait_us=1520 tear_sync=1 frame_reused=0 pass=1
[14:14:50] TINYDRAW_LIVE_PRESENT kind=chrome zoom=100 x=552 y=710 compose_us=38276 scroll_us=0 exposed_compose_us=0 chrome_us=0 read_submit_us=40032 read_complete_us=40842 transfer_wait_us=19934 tile_pixels=164864 uniform_pixels=0 overview_pixels=0 fallback_pixels=0 resident_tiles=56 fallback_tiles=0 pushes=21 tear_wait_us=903 tear_sync=1 frame_reused=0 pass=1
[14:14:51] TINYDRAW_LIVE_PRESENT kind=chrome zoom=100 x=552 y=710 compose_us=27879 scroll_us=0 exposed_compose_us=0 chrome_us=0 read_submit_us=37883 read_complete_us=38685 transfer_wait_us=20076 tile_pixels=164864 uniform_pixels=0 overview_pixels=0 fallback_pixels=0 resident_tiles=56 fallback_tiles=0 pushes=21 tear_wait_us=9178 tear_sync=1 frame_reused=0 pass=1
[14:14:54] TINYDRAW_LIVE_STROKE revision=62 operations=62 samples=451 append_us=11599 refresh_compose_us=0 refresh_complete_us=0 ink_samples=7 read_submit_avg_us=1439 read_submit_max_us=2082 read_complete_avg_us=1469 read_complete_max_us=2161 submit_over_16ms=0 complete_over_33ms=0 presentation_failures=0 poll_max_us=102005 touch_errors=0 touch_overflows=0 touch_moves_coalesced=320 touch_events=332 touch_down=10 touch_up=10 touch_events_ge_8ms=0 touch_event_age_max_us=1249 chunks=1 free_psram=3042440 largest_psram=3014656 authority_match=1
[14:14:54] TINYDRAW_LIVE_STROKE_DONE committed=1 refresh=1 commit_failed=0
[14:14:54] TINYDRAW_LIFT_BASELINE id=62 finish_preview_us=2015 builder_finish_us=57 append_us=11599 refresh_wall_us=31 refresh_x0=0 refresh_y0=0 refresh_x1=0 refresh_y1=0 refresh_compose_us=0 refresh_first_submit_us=0 refresh_first_complete_us=0 refresh_transfer_wait_us=0 stroke_logging_us=0 detected_to_poll_start_us=15003 detected_to_poll_complete_us=15012 poll_read_us=9 unattributed_tail_us=1301 reports_dropped=0 chunks=1 committed=1 refresh=1 commit_failed=0
[14:14:54] TINYDRAW_FILL_BASELINE result=complete zoom=100 x=552 y=710 revision=62 steps=1 wall_us=739 compute_total_us=702 compute_max_us=702 present_total_us=0 present_max_us=0 tick_max_us=711 producer_failures=0 presentation_failures=0
[14:14:54] TINYDRAW_LIVE_FILL_DONE zoom=100 x=552 y=710 revision=62
[14:14:54] TINYDRAW_LIVE_STROKE revision=63 operations=63 samples=455 append_us=9255 refresh_compose_us=0 refresh_complete_us=0 ink_samples=4 read_submit_avg_us=1671 read_submit_max_us=2509 read_complete_avg_us=1702 read_complete_max_us=2573 submit_over_16ms=0 complete_over_33ms=0 presentation_failures=0 poll_max_us=25000 touch_errors=0 touch_overflows=0 touch_moves_coalesced=27 touch_events=24 touch_down=1 touch_up=1 touch_events_ge_8ms=0 touch_event_age_max_us=1239 chunks=1 free_psram=3042440 largest_psram=3014656 authority_match=1
[14:14:54] TINYDRAW_LIVE_STROKE_DONE committed=1 refresh=1 commit_failed=0
[14:14:54] TINYDRAW_LIFT_BASELINE id=63 finish_preview_us=2015 builder_finish_us=57 append_us=9255 refresh_wall_us=23 refresh_x0=0 refresh_y0=0 refresh_x1=0 refresh_y1=0 refresh_compose_us=0 refresh_first_submit_us=0 refresh_first_complete_us=0 refresh_transfer_wait_us=0 stroke_logging_us=0 detected_to_poll_start_us=12999 detected_to_poll_complete_us=13008 poll_read_us=9 unattributed_tail_us=1649 reports_dropped=0 chunks=1 committed=1 refresh=1 commit_failed=0
[14:14:54] TINYDRAW_FILL_BASELINE result=complete zoom=100 x=552 y=710 revision=63 steps=1 wall_us=759 compute_total_us=721 compute_max_us=721 present_total_us=0 present_max_us=0 tick_max_us=730 producer_failures=0 presentation_failures=0
[14:14:54] TINYDRAW_LIVE_FILL_DONE zoom=100 x=552 y=710 revision=63
[14:14:54] TINYDRAW_LIVE_STROKE revision=64 operations=64 samples=459 append_us=9177 refresh_compose_us=0 refresh_complete_us=0 ink_samples=4 read_submit_avg_us=1454 read_submit_max_us=1773 read_complete_avg_us=1495 read_complete_max_us=1828 submit_over_16ms=0 complete_over_33ms=0 presentation_failures=0 poll_max_us=25000 touch_errors=0 touch_overflows=0 touch_moves_coalesced=25 touch_events=24 touch_down=1 touch_up=1 touch_events_ge_8ms=0 touch_event_age_max_us=1236 chunks=1 free_psram=3042440 largest_psram=3014656 authority_match=1
[14:14:54] TINYDRAW_LIVE_STROKE_DONE committed=1 refresh=1 commit_failed=0
[14:14:54] TINYDRAW_LIFT_BASELINE id=64 finish_preview_us=2015 builder_finish_us=56 append_us=9177 refresh_wall_us=22 refresh_x0=0 refresh_y0=0 refresh_x1=0 refresh_y1=0 refresh_compose_us=0 refresh_first_submit_us=0 refresh_first_complete_us=0 refresh_transfer_wait_us=0 stroke_logging_us=0 detected_to_poll_start_us=12998 detected_to_poll_complete_us=13007 poll_read_us=9 unattributed_tail_us=1728 reports_dropped=0 chunks=1 committed=1 refresh=1 commit_failed=0
[14:14:54] TINYDRAW_FILL_BASELINE result=complete zoom=100 x=552 y=710 revision=64 steps=1 wall_us=761 compute_total_us=722 compute_max_us=722 present_total_us=0 present_max_us=0 tick_max_us=732 producer_failures=0 presentation_failures=0
[14:14:54] TINYDRAW_LIVE_FILL_DONE zoom=100 x=552 y=710 revision=64
[14:14:55] TINYDRAW_LIVE_STROKE revision=65 operations=65 samples=462 append_us=6996 refresh_compose_us=0 refresh_complete_us=0 ink_samples=3 read_submit_avg_us=1261 read_submit_max_us=1394 read_complete_avg_us=1281 read_complete_max_us=1442 submit_over_16ms=0 complete_over_33ms=0 presentation_failures=0 poll_max_us=25000 touch_errors=0 touch_overflows=0 touch_moves_coalesced=20 touch_events=18 touch_down=1 touch_up=1 touch_events_ge_8ms=0 touch_event_age_max_us=1247 chunks=1 free_psram=3042440 largest_psram=3014656 authority_match=1
[14:14:55] TINYDRAW_LIVE_STROKE_DONE committed=1 refresh=1 commit_failed=0
[14:14:55] TINYDRAW_LIFT_BASELINE id=65 finish_preview_us=2014 builder_finish_us=56 append_us=6996 refresh_wall_us=24 refresh_x0=0 refresh_y0=0 refresh_x1=0 refresh_y1=0 refresh_compose_us=0 refresh_first_submit_us=0 refresh_first_complete_us=0 refresh_transfer_wait_us=0 stroke_logging_us=0 detected_to_poll_start_us=11002 detected_to_poll_complete_us=11011 poll_read_us=9 unattributed_tail_us=1912 reports_dropped=0 chunks=1 committed=1 refresh=1 commit_failed=0
[14:14:55] TINYDRAW_FILL_BASELINE result=complete zoom=100 x=552 y=710 revision=65 steps=1 wall_us=745 compute_total_us=708 compute_max_us=708 present_total_us=0 present_max_us=0 tick_max_us=718 producer_failures=0 presentation_failures=0
[14:14:55] TINYDRAW_LIVE_FILL_DONE zoom=100 x=552 y=710 revision=65
[14:14:55] TINYDRAW_LIVE_STROKE revision=66 operations=66 samples=466 append_us=9077 refresh_compose_us=0 refresh_complete_us=0 ink_samples=4 read_submit_avg_us=1359 read_submit_max_us=1632 read_complete_avg_us=1383 read_complete_max_us=1671 submit_over_16ms=0 complete_over_33ms=0 presentation_failures=0 poll_max_us=25000 touch_errors=0 touch_overflows=0 touch_moves_coalesced=26 touch_events=24 touch_down=1 touch_up=1 touch_events_ge_8ms=0 touch_event_age_max_us=1240 chunks=1 free_psram=3042440 largest_psram=3014656 authority_match=1
[14:14:55] TINYDRAW_LIVE_STROKE_DONE committed=1 refresh=1 commit_failed=0
[14:14:55] TINYDRAW_LIFT_BASELINE id=66 finish_preview_us=2015 builder_finish_us=56 append_us=9077 refresh_wall_us=22 refresh_x0=0 refresh_y0=0 refresh_x1=0 refresh_y1=0 refresh_compose_us=0 refresh_first_submit_us=0 refresh_first_complete_us=0 refresh_transfer_wait_us=0 stroke_logging_us=0 detected_to_poll_start_us=13002 detected_to_poll_complete_us=13011 poll_read_us=9 unattributed_tail_us=1832 reports_dropped=0 chunks=1 committed=1 refresh=1 commit_failed=0
[14:14:55] TINYDRAW_FILL_BASELINE result=complete zoom=100 x=552 y=710 revision=66 steps=1 wall_us=761 compute_total_us=723 compute_max_us=723 present_total_us=0 present_max_us=0 tick_max_us=732 producer_failures=0 presentation_failures=0
[14:14:55] TINYDRAW_LIVE_FILL_DONE zoom=100 x=552 y=710 revision=66
[14:14:55] TINYDRAW_LIVE_STROKE revision=67 operations=67 samples=470 append_us=9146 refresh_compose_us=0 refresh_complete_us=0 ink_samples=4 read_submit_avg_us=1532 read_submit_max_us=1766 read_complete_avg_us=1557 read_complete_max_us=1803 submit_over_16ms=0 complete_over_33ms=0 presentation_failures=0 poll_max_us=25000 touch_errors=0 touch_overflows=0 touch_moves_coalesced=25 touch_events=24 touch_down=1 touch_up=1 touch_events_ge_8ms=0 touch_event_age_max_us=1241 chunks=1 free_psram=3042440 largest_psram=3014656 authority_match=1
[14:14:55] TINYDRAW_LIVE_STROKE_DONE committed=1 refresh=1 commit_failed=0
[14:14:55] TINYDRAW_LIFT_BASELINE id=67 finish_preview_us=2014 builder_finish_us=57 append_us=9146 refresh_wall_us=23 refresh_x0=0 refresh_y0=0 refresh_x1=0 refresh_y1=0 refresh_compose_us=0 refresh_first_submit_us=0 refresh_first_complete_us=0 refresh_transfer_wait_us=0 stroke_logging_us=0 detected_to_poll_start_us=13002 detected_to_poll_complete_us=13011 poll_read_us=9 unattributed_tail_us=1762 reports_dropped=0 chunks=1 committed=1 refresh=1 commit_failed=0
[14:14:55] TINYDRAW_FILL_BASELINE result=complete zoom=100 x=552 y=710 revision=67 steps=1 wall_us=753 compute_total_us=716 compute_max_us=716 present_total_us=0 present_max_us=0 tick_max_us=726 producer_failures=0 presentation_failures=0
[14:14:55] TINYDRAW_LIVE_FILL_DONE zoom=100 x=552 y=710 revision=67
[14:14:56] TINYDRAW_LIVE_STROKE revision=68 operations=68 samples=475 append_us=9276 refresh_compose_us=0 refresh_complete_us=0 ink_samples=5 read_submit_avg_us=1521 read_submit_max_us=2178 read_complete_avg_us=1561 read_complete_max_us=2259 submit_over_16ms=0 complete_over_33ms=0 presentation_failures=0 poll_max_us=25000 touch_errors=0 touch_overflows=0 touch_moves_coalesced=34 touch_events=29 touch_down=1 touch_up=1 touch_events_ge_8ms=0 touch_event_age_max_us=1240 chunks=1 free_psram=3042440 largest_psram=3014656 authority_match=1
[14:14:56] TINYDRAW_LIVE_STROKE_DONE committed=1 refresh=1 commit_failed=0
[14:14:56] TINYDRAW_LIFT_BASELINE id=68 finish_preview_us=2015 builder_finish_us=58 append_us=9276 refresh_wall_us=24 refresh_x0=0 refresh_y0=0 refresh_x1=0 refresh_y1=0 refresh_compose_us=0 refresh_first_submit_us=0 refresh_first_complete_us=0 refresh_transfer_wait_us=0 stroke_logging_us=0 detected_to_poll_start_us=13003 detected_to_poll_complete_us=13012 poll_read_us=9 unattributed_tail_us=1630 reports_dropped=0 chunks=1 committed=1 refresh=1 commit_failed=0
[14:14:56] TINYDRAW_FILL_BASELINE result=complete zoom=100 x=552 y=710 revision=68 steps=1 wall_us=754 compute_total_us=716 compute_max_us=716 present_total_us=0 present_max_us=0 tick_max_us=726 producer_failures=0 presentation_failures=0
[14:14:56] TINYDRAW_LIVE_FILL_DONE zoom=100 x=552 y=710 revision=68
[14:14:56] TINYDRAW_LIVE_STROKE revision=69 operations=69 samples=481 append_us=9568 refresh_compose_us=0 refresh_complete_us=0 ink_samples=6 read_submit_avg_us=1508 read_submit_max_us=2597 read_complete_avg_us=1549 read_complete_max_us=2695 submit_over_16ms=0 complete_over_33ms=0 presentation_failures=0 poll_max_us=25000 touch_errors=0 touch_overflows=0 touch_moves_coalesced=40 touch_events=35 touch_down=1 touch_up=1 touch_events_ge_8ms=0 touch_event_age_max_us=1238 chunks=1 free_psram=3042440 largest_psram=3014656 authority_match=1
[14:14:56] TINYDRAW_LIVE_STROKE_DONE committed=1 refresh=1 commit_failed=0
[14:14:56] TINYDRAW_LIFT_BASELINE id=69 finish_preview_us=2015 builder_finish_us=57 append_us=9568 refresh_wall_us=22 refresh_x0=0 refresh_y0=0 refresh_x1=0 refresh_y1=0 refresh_compose_us=0 refresh_first_submit_us=0 refresh_first_complete_us=0 refresh_transfer_wait_us=0 stroke_logging_us=0 detected_to_poll_start_us=13002 detected_to_poll_complete_us=13011 poll_read_us=9 unattributed_tail_us=1340 reports_dropped=0 chunks=1 committed=1 refresh=1 commit_failed=0
[14:14:56] TINYDRAW_FILL_BASELINE result=complete zoom=100 x=552 y=710 revision=69 steps=1 wall_us=761 compute_total_us=723 compute_max_us=723 present_total_us=0 present_max_us=0 tick_max_us=732 producer_failures=0 presentation_failures=0
[14:14:56] TINYDRAW_LIVE_FILL_DONE zoom=100 x=552 y=710 revision=69
[14:14:56] TINYDRAW_LIVE_STROKE revision=70 operations=70 samples=486 append_us=15339 refresh_compose_us=0 refresh_complete_us=0 ink_samples=5 read_submit_avg_us=1673 read_submit_max_us=2711 read_complete_avg_us=1756 read_complete_max_us=2882 submit_over_16ms=0 complete_over_33ms=0 presentation_failures=0 poll_max_us=25000 touch_errors=0 touch_overflows=0 touch_moves_coalesced=35 touch_events=28 touch_down=1 touch_up=1 touch_events_ge_8ms=0 touch_event_age_max_us=1243 chunks=1 free_psram=3042440 largest_psram=3014656 authority_match=1
[14:14:56] TINYDRAW_LIVE_STROKE_DONE committed=1 refresh=1 commit_failed=0
[14:14:56] TINYDRAW_LIFT_BASELINE id=70 finish_preview_us=2015 builder_finish_us=56 append_us=15339 refresh_wall_us=24 refresh_x0=0 refresh_y0=0 refresh_x1=0 refresh_y1=0 refresh_compose_us=0 refresh_first_submit_us=0 refresh_first_complete_us=0 refresh_transfer_wait_us=0 stroke_logging_us=0 detected_to_poll_start_us=19003 detected_to_poll_complete_us=19012 poll_read_us=9 unattributed_tail_us=1569 reports_dropped=0 chunks=1 committed=1 refresh=1 commit_failed=0
[14:14:56] TINYDRAW_FILL_BASELINE result=complete zoom=100 x=552 y=710 revision=70 steps=1 wall_us=744 compute_total_us=706 compute_max_us=706 present_total_us=0 present_max_us=0 tick_max_us=717 producer_failures=0 presentation_failures=0
[14:14:56] TINYDRAW_LIVE_FILL_DONE zoom=100 x=552 y=710 revision=70
[14:14:56] TINYDRAW_LIVE_STROKE revision=71 operations=71 samples=491 append_us=9434 refresh_compose_us=0 refresh_complete_us=0 ink_samples=5 read_submit_avg_us=1672 read_submit_max_us=2414 read_complete_avg_us=1722 read_complete_max_us=2500 submit_over_16ms=0 complete_over_33ms=0 presentation_failures=0 poll_max_us=25000 touch_errors=0 touch_overflows=0 touch_moves_coalesced=34 touch_events=29 touch_down=1 touch_up=1 touch_events_ge_8ms=0 touch_event_age_max_us=267 chunks=1 free_psram=3042440 largest_psram=3014656 authority_match=1
[14:14:56] TINYDRAW_LIVE_STROKE_DONE committed=1 refresh=1 commit_failed=0
[14:14:56] TINYDRAW_LIFT_BASELINE id=71 finish_preview_us=2015 builder_finish_us=58 append_us=9434 refresh_wall_us=23 refresh_x0=0 refresh_y0=0 refresh_x1=0 refresh_y1=0 refresh_compose_us=0 refresh_first_submit_us=0 refresh_first_complete_us=0 refresh_transfer_wait_us=0 stroke_logging_us=0 detected_to_poll_start_us=13002 detected_to_poll_complete_us=13011 poll_read_us=9 unattributed_tail_us=1472 reports_dropped=0 chunks=1 committed=1 refresh=1 commit_failed=0
[14:14:56] TINYDRAW_FILL_BASELINE result=complete zoom=100 x=552 y=710 revision=71 steps=1 wall_us=746 compute_total_us=709 compute_max_us=709 present_total_us=0 present_max_us=0 tick_max_us=719 producer_failures=0 presentation_failures=0
[14:14:56] TINYDRAW_LIVE_FILL_DONE zoom=100 x=552 y=710 revision=71
[14:14:57] TINYDRAW_LIVE_STROKE revision=72 operations=72 samples=495 append_us=15311 refresh_compose_us=0 refresh_complete_us=0 ink_samples=4 read_submit_avg_us=1643 read_submit_max_us=2115 read_complete_avg_us=1713 read_complete_max_us=2253 submit_over_16ms=0 complete_over_33ms=0 presentation_failures=0 poll_max_us=25000 touch_errors=0 touch_overflows=0 touch_moves_coalesced=28 touch_events=22 touch_down=1 touch_up=1 touch_events_ge_8ms=0 touch_event_age_max_us=1242 chunks=1 free_psram=3042440 largest_psram=3014656 authority_match=1
[14:14:57] TINYDRAW_LIVE_STROKE_DONE committed=1 refresh=1 commit_failed=0
[14:14:57] TINYDRAW_LIFT_BASELINE id=72 finish_preview_us=2015 builder_finish_us=57 append_us=15311 refresh_wall_us=22 refresh_x0=0 refresh_y0=0 refresh_x1=0 refresh_y1=0 refresh_compose_us=0 refresh_first_submit_us=0 refresh_first_complete_us=0 refresh_transfer_wait_us=0 stroke_logging_us=0 detected_to_poll_start_us=19002 detected_to_poll_complete_us=19011 poll_read_us=9 unattributed_tail_us=1597 reports_dropped=0 chunks=1 committed=1 refresh=1 commit_failed=0
[14:14:57] TINYDRAW_FILL_BASELINE result=complete zoom=100 x=552 y=710 revision=72 steps=1 wall_us=734 compute_total_us=696 compute_max_us=696 present_total_us=0 present_max_us=0 tick_max_us=706 producer_failures=0 presentation_failures=0
[14:14:57] TINYDRAW_LIVE_FILL_DONE zoom=100 x=552 y=710 revision=72
[14:14:57] TINYDRAW_LIVE_STROKE revision=73 operations=73 samples=500 append_us=19095 refresh_compose_us=0 refresh_complete_us=0 ink_samples=5 read_submit_avg_us=1646 read_submit_max_us=2146 read_complete_avg_us=1693 read_complete_max_us=2244 submit_over_16ms=0 complete_over_33ms=0 presentation_failures=0 poll_max_us=25000 touch_errors=0 touch_overflows=0 touch_moves_coalesced=35 touch_events=29 touch_down=1 touch_up=1 touch_events_ge_8ms=0 touch_event_age_max_us=1243 chunks=1 free_psram=3042440 largest_psram=3014656 authority_match=1
[14:14:57] TINYDRAW_LIVE_STROKE_DONE committed=1 refresh=1 commit_failed=0
[14:14:57] TINYDRAW_LIFT_BASELINE id=73 finish_preview_us=2015 builder_finish_us=57 append_us=19095 refresh_wall_us=22 refresh_x0=0 refresh_y0=0 refresh_x1=0 refresh_y1=0 refresh_compose_us=0 refresh_first_submit_us=0 refresh_first_complete_us=0 refresh_transfer_wait_us=0 stroke_logging_us=0 detected_to_poll_start_us=23002 detected_to_poll_complete_us=23011 poll_read_us=9 unattributed_tail_us=1813 reports_dropped=0 chunks=1 committed=1 refresh=1 commit_failed=0
[14:14:57] TINYDRAW_FILL_BASELINE result=complete zoom=100 x=552 y=710 revision=73 steps=1 wall_us=745 compute_total_us=707 compute_max_us=707 present_total_us=0 present_max_us=0 tick_max_us=717 producer_failures=0 presentation_failures=0
[14:14:57] TINYDRAW_LIVE_FILL_DONE zoom=100 x=552 y=710 revision=73
[14:14:57] TINYDRAW_LIVE_STROKE revision=74 operations=74 samples=505 append_us=15259 refresh_compose_us=0 refresh_complete_us=0 ink_samples=5 read_submit_avg_us=1506 read_submit_max_us=2133 read_complete_avg_us=1575 read_complete_max_us=2291 submit_over_16ms=0 complete_over_33ms=0 presentation_failures=0 poll_max_us=25000 touch_errors=0 touch_overflows=0 touch_moves_coalesced=34 touch_events=28 touch_down=1 touch_up=1 touch_events_ge_8ms=0 touch_event_age_max_us=1244 chunks=1 free_psram=3042440 largest_psram=3014656 authority_match=1
[14:14:57] TINYDRAW_LIVE_STROKE_DONE committed=1 refresh=1 commit_failed=0
[14:14:57] TINYDRAW_LIFT_BASELINE id=74 finish_preview_us=2015 builder_finish_us=57 append_us=15259 refresh_wall_us=22 refresh_x0=0 refresh_y0=0 refresh_x1=0 refresh_y1=0 refresh_compose_us=0 refresh_first_submit_us=0 refresh_first_complete_us=0 refresh_transfer_wait_us=0 stroke_logging_us=0 detected_to_poll_start_us=18998 detected_to_poll_complete_us=19007 poll_read_us=9 unattributed_tail_us=1645 reports_dropped=0 chunks=1 committed=1 refresh=1 commit_failed=0
[14:14:57] TINYDRAW_FILL_BASELINE result=complete zoom=100 x=552 y=710 revision=74 steps=1 wall_us=738 compute_total_us=700 compute_max_us=700 present_total_us=0 present_max_us=0 tick_max_us=709 producer_failures=0 presentation_failures=0
[14:14:57] TINYDRAW_LIVE_FILL_DONE zoom=100 x=552 y=710 revision=74
[14:14:57] TINYDRAW_LIVE_STROKE revision=75 operations=75 samples=511 append_us=11482 refresh_compose_us=0 refresh_complete_us=0 ink_samples=6 read_submit_avg_us=1700 read_submit_max_us=2256 read_complete_avg_us=1740 read_complete_max_us=2308 submit_over_16ms=0 complete_over_33ms=0 presentation_failures=0 poll_max_us=25000 touch_errors=0 touch_overflows=0 touch_moves_coalesced=43 touch_events=34 touch_down=1 touch_up=1 touch_events_ge_8ms=0 touch_event_age_max_us=1244 chunks=1 free_psram=3042440 largest_psram=3014656 authority_match=1
[14:14:57] TINYDRAW_LIVE_STROKE_DONE committed=1 refresh=1 commit_failed=0
[14:14:58] TINYDRAW_LIFT_BASELINE id=75 finish_preview_us=2015 builder_finish_us=56 append_us=11482 refresh_wall_us=22 refresh_x0=0 refresh_y0=0 refresh_x1=0 refresh_y1=0 refresh_compose_us=0 refresh_first_submit_us=0 refresh_first_complete_us=0 refresh_transfer_wait_us=0 stroke_logging_us=0 detected_to_poll_start_us=15000 detected_to_poll_complete_us=15009 poll_read_us=9 unattributed_tail_us=1425 reports_dropped=0 chunks=1 committed=1 refresh=1 commit_failed=0
[14:14:58] TINYDRAW_FILL_BASELINE result=complete zoom=100 x=552 y=710 revision=75 steps=1 wall_us=745 compute_total_us=708 compute_max_us=708 present_total_us=0 present_max_us=0 tick_max_us=718 producer_failures=0 presentation_failures=0
[14:14:58] TINYDRAW_LIVE_FILL_DONE zoom=100 x=552 y=710 revision=75
[14:14:58] TINYDRAW_LIVE_STROKE revision=76 operations=76 samples=518 append_us=23470 refresh_compose_us=0 refresh_complete_us=0 ink_samples=7 read_submit_avg_us=1817 read_submit_max_us=3045 read_complete_avg_us=1911 read_complete_max_us=3248 submit_over_16ms=0 complete_over_33ms=0 presentation_failures=0 poll_max_us=25000 touch_errors=0 touch_overflows=0 touch_moves_coalesced=50 touch_events=39 touch_down=1 touch_up=1 touch_events_ge_8ms=0 touch_event_age_max_us=1240 chunks=1 free_psram=3042440 largest_psram=3014656 authority_match=1
[14:14:58] TINYDRAW_LIVE_STROKE_DONE committed=1 refresh=1 commit_failed=0
[14:14:58] TINYDRAW_LIFT_BASELINE id=76 finish_preview_us=1208 builder_finish_us=56 append_us=23470 refresh_wall_us=24 refresh_x0=0 refresh_y0=0 refresh_x1=0 refresh_y1=0 refresh_compose_us=0 refresh_first_submit_us=0 refresh_first_complete_us=0 refresh_transfer_wait_us=0 stroke_logging_us=0 detected_to_poll_start_us=26002 detected_to_poll_complete_us=26011 poll_read_us=9 unattributed_tail_us=1244 reports_dropped=0 chunks=1 committed=1 refresh=1 commit_failed=0
[14:14:58] TINYDRAW_FILL_BASELINE result=complete zoom=100 x=552 y=710 revision=76 steps=1 wall_us=728 compute_total_us=690 compute_max_us=690 present_total_us=0 present_max_us=0 tick_max_us=700 producer_failures=0 presentation_failures=0
[14:14:58] TINYDRAW_LIVE_FILL_DONE zoom=100 x=552 y=710 revision=76
[14:14:58] TINYDRAW_LIVE_STROKE revision=77 operations=77 samples=524 append_us=19359 refresh_compose_us=0 refresh_complete_us=0 ink_samples=6 read_submit_avg_us=1761 read_submit_max_us=2732 read_complete_avg_us=1841 read_complete_max_us=2829 submit_over_16ms=0 complete_over_33ms=0 presentation_failures=0 poll_max_us=26005 touch_errors=0 touch_overflows=0 touch_moves_coalesced=43 touch_events=33 touch_down=1 touch_up=1 touch_events_ge_8ms=0 touch_event_age_max_us=1245 chunks=1 free_psram=3042440 largest_psram=3014656 authority_match=1
[14:14:58] TINYDRAW_LIVE_STROKE_DONE committed=1 refresh=1 commit_failed=0
[14:14:58] TINYDRAW_LIFT_BASELINE id=77 finish_preview_us=2014 builder_finish_us=57 append_us=19359 refresh_wall_us=41 refresh_x0=0 refresh_y0=0 refresh_x1=0 refresh_y1=0 refresh_compose_us=0 refresh_first_submit_us=0 refresh_first_complete_us=0 refresh_transfer_wait_us=0 stroke_logging_us=0 detected_to_poll_start_us=23002 detected_to_poll_complete_us=23011 poll_read_us=9 unattributed_tail_us=1531 reports_dropped=0 chunks=1 committed=1 refresh=1 commit_failed=0
[14:14:58] TINYDRAW_FILL_BASELINE result=complete zoom=100 x=552 y=710 revision=77 steps=1 wall_us=725 compute_total_us=687 compute_max_us=687 present_total_us=0 present_max_us=0 tick_max_us=698 producer_failures=0 presentation_failures=0
[14:14:58] TINYDRAW_LIVE_FILL_DONE zoom=100 x=552 y=710 revision=77
[14:14:58] TINYDRAW_LIVE_STROKE revision=78 operations=78 samples=529 append_us=15318 refresh_compose_us=0 refresh_complete_us=0 ink_samples=5 read_submit_avg_us=1784 read_submit_max_us=2681 read_complete_avg_us=1860 read_complete_max_us=2826 submit_over_16ms=0 complete_over_33ms=0 presentation_failures=0 poll_max_us=25000 touch_errors=0 touch_overflows=0 touch_moves_coalesced=35 touch_events=28 touch_down=1 touch_up=1 touch_events_ge_8ms=0 touch_event_age_max_us=1243 chunks=1 free_psram=3042440 largest_psram=3014656 authority_match=1
[14:14:58] TINYDRAW_LIVE_STROKE_DONE committed=1 refresh=1 commit_failed=0
[14:14:58] TINYDRAW_LIFT_BASELINE id=78 finish_preview_us=2013 builder_finish_us=56 append_us=15318 refresh_wall_us=23 refresh_x0=0 refresh_y0=0 refresh_x1=0 refresh_y1=0 refresh_compose_us=0 refresh_first_submit_us=0 refresh_first_complete_us=0 refresh_transfer_wait_us=0 stroke_logging_us=0 detected_to_poll_start_us=19002 detected_to_poll_complete_us=19011 poll_read_us=9 unattributed_tail_us=1592 reports_dropped=0 chunks=1 committed=1 refresh=1 commit_failed=0
[14:14:58] TINYDRAW_FILL_BASELINE result=complete zoom=100 x=552 y=710 revision=78 steps=1 wall_us=740 compute_total_us=701 compute_max_us=701 present_total_us=0 present_max_us=0 tick_max_us=712 producer_failures=0 presentation_failures=0
[14:14:58] TINYDRAW_LIVE_FILL_DONE zoom=100 x=552 y=710 revision=78
[14:14:59] TINYDRAW_LIVE_STROKE revision=79 operations=79 samples=536 append_us=23486 refresh_compose_us=0 refresh_complete_us=0 ink_samples=7 read_submit_avg_us=1902 read_submit_max_us=2717 read_complete_avg_us=1994 read_complete_max_us=2839 submit_over_16ms=0 complete_over_33ms=0 presentation_failures=0 poll_max_us=25000 touch_errors=0 touch_overflows=0 touch_moves_coalesced=50 touch_events=38 touch_down=1 touch_up=1 touch_events_ge_8ms=0 touch_event_age_max_us=1241 chunks=1 free_psram=3042440 largest_psram=3014656 authority_match=1
[14:14:59] TINYDRAW_LIVE_STROKE_DONE committed=1 refresh=1 commit_failed=0
[14:14:59] TINYDRAW_LIFT_BASELINE id=79 finish_preview_us=1100 builder_finish_us=80 append_us=23486 refresh_wall_us=33 refresh_x0=0 refresh_y0=0 refresh_x1=0 refresh_y1=0 refresh_compose_us=0 refresh_first_submit_us=0 refresh_first_complete_us=0 refresh_transfer_wait_us=0 stroke_logging_us=0 detected_to_poll_start_us=26002 detected_to_poll_complete_us=26011 poll_read_us=9 unattributed_tail_us=1303 reports_dropped=0 chunks=1 committed=1 refresh=1 commit_failed=0
[14:14:59] TINYDRAW_FILL_BASELINE result=complete zoom=100 x=552 y=710 revision=79 steps=1 wall_us=723 compute_total_us=684 compute_max_us=684 present_total_us=0 present_max_us=0 tick_max_us=695 producer_failures=0 presentation_failures=0
[14:14:59] TINYDRAW_LIVE_FILL_DONE zoom=100 x=552 y=710 revision=79
[14:14:59] TINYDRAW_LIVE_STROKE revision=80 operations=80 samples=542 append_us=15179 refresh_compose_us=0 refresh_complete_us=0 ink_samples=6 read_submit_avg_us=1617 read_submit_max_us=1996 read_complete_avg_us=1667 read_complete_max_us=2022 submit_over_16ms=0 complete_over_33ms=0 presentation_failures=0 poll_max_us=26005 touch_errors=0 touch_overflows=0 touch_moves_coalesced=40 touch_events=35 touch_down=1 touch_up=1 touch_events_ge_8ms=0 touch_event_age_max_us=1240 chunks=1 free_psram=3042440 largest_psram=3014656 authority_match=1
[14:14:59] TINYDRAW_LIVE_STROKE_DONE committed=1 refresh=1 commit_failed=0
[14:14:59] TINYDRAW_LIFT_BASELINE id=80 finish_preview_us=3015 builder_finish_us=57 append_us=15179 refresh_wall_us=22 refresh_x0=0 refresh_y0=0 refresh_x1=0 refresh_y1=0 refresh_compose_us=0 refresh_first_submit_us=0 refresh_first_complete_us=0 refresh_transfer_wait_us=0 stroke_logging_us=0 detected_to_poll_start_us=20002 detected_to_poll_complete_us=20011 poll_read_us=9 unattributed_tail_us=1729 reports_dropped=0 chunks=1 committed=1 refresh=1 commit_failed=0
[14:14:59] TINYDRAW_FILL_BASELINE result=complete zoom=100 x=552 y=710 revision=80 steps=1 wall_us=745 compute_total_us=705 compute_max_us=705 present_total_us=0 present_max_us=0 tick_max_us=716 producer_failures=0 presentation_failures=0
[14:14:59] TINYDRAW_LIVE_FILL_DONE zoom=100 x=552 y=710 revision=80
[14:14:59] TINYDRAW_LIVE_STROKE revision=81 operations=81 samples=549 append_us=13977 refresh_compose_us=0 refresh_complete_us=0 ink_samples=7 read_submit_avg_us=1715 read_submit_max_us=3072 read_complete_avg_us=1794 read_complete_max_us=3231 submit_over_16ms=0 complete_over_33ms=0 presentation_failures=0 poll_max_us=25000 touch_errors=0 touch_overflows=0 touch_moves_coalesced=48 touch_events=39 touch_down=1 touch_up=1 touch_events_ge_8ms=0 touch_event_age_max_us=1236 chunks=1 free_psram=3042440 largest_psram=3014656 authority_match=1
[14:14:59] TINYDRAW_LIVE_STROKE_DONE committed=1 refresh=1 commit_failed=0
[14:14:59] TINYDRAW_LIFT_BASELINE id=81 finish_preview_us=959 builder_finish_us=119 append_us=13977 refresh_wall_us=25 refresh_x0=0 refresh_y0=0 refresh_x1=0 refresh_y1=0 refresh_compose_us=0 refresh_first_submit_us=0 refresh_first_complete_us=0 refresh_transfer_wait_us=0 stroke_logging_us=0 detected_to_poll_start_us=17002 detected_to_poll_complete_us=17011 poll_read_us=9 unattributed_tail_us=1922 reports_dropped=0 chunks=1 committed=1 refresh=1 commit_failed=0
[14:14:59] TINYDRAW_FILL_BASELINE result=complete zoom=100 x=552 y=710 revision=81 steps=1 wall_us=757 compute_total_us=720 compute_max_us=720 present_total_us=0 present_max_us=0 tick_max_us=729 producer_failures=0 presentation_failures=0
[14:14:59] TINYDRAW_LIVE_FILL_DONE zoom=100 x=552 y=710 revision=81
[14:14:59] TINYDRAW_LIVE_STROKE revision=82 operations=82 samples=557 append_us=26890 refresh_compose_us=0 refresh_complete_us=0 ink_samples=8 read_submit_avg_us=1576 read_submit_max_us=2178 read_complete_avg_us=1648 read_complete_max_us=2224 submit_over_16ms=0 complete_over_33ms=0 presentation_failures=0 poll_max_us=25000 touch_errors=0 touch_overflows=0 touch_moves_coalesced=56 touch_events=44 touch_down=1 touch_up=1 touch_events_ge_8ms=0 touch_event_age_max_us=1242 chunks=1 free_psram=3042440 largest_psram=3014656 authority_match=1
[14:14:59] TINYDRAW_LIVE_STROKE_DONE committed=1 refresh=1 commit_failed=0
[14:14:59] TINYDRAW_LIFT_BASELINE id=82 finish_preview_us=2014 builder_finish_us=56 append_us=26890 refresh_wall_us=23 refresh_x0=0 refresh_y0=0 refresh_x1=0 refresh_y1=0 refresh_compose_us=0 refresh_first_submit_us=0 refresh_first_complete_us=0 refresh_transfer_wait_us=0 stroke_logging_us=0 detected_to_poll_start_us=31002 detected_to_poll_complete_us=31011 poll_read_us=9 unattributed_tail_us=2019 reports_dropped=0 chunks=1 committed=1 refresh=1 commit_failed=0
[14:14:59] TINYDRAW_FILL_BASELINE result=complete zoom=100 x=552 y=710 revision=82 steps=1 wall_us=722 compute_total_us=684 compute_max_us=684 present_total_us=0 present_max_us=0 tick_max_us=695 producer_failures=0 presentation_failures=0
[14:14:59] TINYDRAW_LIVE_FILL_DONE zoom=100 x=552 y=710 revision=82
[14:15:00] TINYDRAW_LIVE_STROKE revision=83 operations=83 samples=567 append_us=35116 refresh_compose_us=0 refresh_complete_us=0 ink_samples=10 read_submit_avg_us=1650 read_submit_max_us=2482 read_complete_avg_us=1740 read_complete_max_us=2612 submit_over_16ms=0 complete_over_33ms=0 presentation_failures=0 poll_max_us=31005 touch_errors=0 touch_overflows=0 touch_moves_coalesced=68 touch_events=55 touch_down=1 touch_up=1 touch_events_ge_8ms=0 touch_event_age_max_us=267 chunks=1 free_psram=3042440 largest_psram=3014656 authority_match=1
[14:15:00] TINYDRAW_LIVE_STROKE_DONE committed=1 refresh=1 commit_failed=0
[14:15:00] TINYDRAW_LIFT_BASELINE id=83 finish_preview_us=1092 builder_finish_us=56 append_us=35116 refresh_wall_us=24 refresh_x0=0 refresh_y0=0 refresh_x1=0 refresh_y1=0 refresh_compose_us=0 refresh_first_submit_us=0 refresh_first_complete_us=0 refresh_transfer_wait_us=0 stroke_logging_us=0 detected_to_poll_start_us=37998 detected_to_poll_complete_us=38007 poll_read_us=9 unattributed_tail_us=1710 reports_dropped=0 chunks=1 committed=1 refresh=1 commit_failed=0
[14:15:00] TINYDRAW_FILL_BASELINE result=complete zoom=100 x=552 y=710 revision=83 steps=1 wall_us=732 compute_total_us=681 compute_max_us=681 present_total_us=0 present_max_us=0 tick_max_us=691 producer_failures=0 presentation_failures=0
[14:15:00] TINYDRAW_LIVE_FILL_DONE zoom=100 x=552 y=710 revision=83
[14:15:00] TINYDRAW_LIVE_STROKE revision=84 operations=84 samples=575 append_us=15472 refresh_compose_us=0 refresh_complete_us=0 ink_samples=8 read_submit_avg_us=1423 read_submit_max_us=1724 read_complete_avg_us=1471 read_complete_max_us=1787 submit_over_16ms=0 complete_over_33ms=0 presentation_failures=0 poll_max_us=38005 touch_errors=0 touch_overflows=0 touch_moves_coalesced=54 touch_events=45 touch_down=1 touch_up=1 touch_events_ge_8ms=0 touch_event_age_max_us=1242 chunks=1 free_psram=3042440 largest_psram=3014656 authority_match=1
[14:15:00] TINYDRAW_LIVE_STROKE_DONE committed=1 refresh=1 commit_failed=0
[14:15:00] TINYDRAW_LIFT_BASELINE id=84 finish_preview_us=2013 builder_finish_us=54 append_us=15472 refresh_wall_us=23 refresh_x0=0 refresh_y0=0 refresh_x1=0 refresh_y1=0 refresh_compose_us=0 refresh_first_submit_us=0 refresh_first_complete_us=0 refresh_transfer_wait_us=0 stroke_logging_us=0 detected_to_poll_start_us=19000 detected_to_poll_complete_us=19009 poll_read_us=9 unattributed_tail_us=1438 reports_dropped=0 chunks=1 committed=1 refresh=1 commit_failed=0
[14:15:00] TINYDRAW_FILL_BASELINE result=complete zoom=100 x=552 y=710 revision=84 steps=1 wall_us=717 compute_total_us=679 compute_max_us=679 present_total_us=0 present_max_us=0 tick_max_us=690 producer_failures=0 presentation_failures=0
[14:15:00] TINYDRAW_LIVE_FILL_DONE zoom=100 x=552 y=710 revision=84
[14:15:00] TINYDRAW_LIVE_STROKE revision=85 operations=85 samples=583 append_us=26987 refresh_compose_us=0 refresh_complete_us=0 ink_samples=8 read_submit_avg_us=1643 read_submit_max_us=2515 read_complete_avg_us=1723 read_complete_max_us=2572 submit_over_16ms=0 complete_over_33ms=0 presentation_failures=0 poll_max_us=25000 touch_errors=0 touch_overflows=0 touch_moves_coalesced=57 touch_events=44 touch_down=1 touch_up=1 touch_events_ge_8ms=0 touch_event_age_max_us=1245 chunks=1 free_psram=3042440 largest_psram=3014656 authority_match=1
[14:15:00] TINYDRAW_LIVE_STROKE_DONE committed=1 refresh=1 commit_failed=0
[14:15:00] TINYDRAW_LIFT_BASELINE id=85 finish_preview_us=997 builder_finish_us=100 append_us=26987 refresh_wall_us=22 refresh_x0=0 refresh_y0=0 refresh_x1=0 refresh_y1=0 refresh_compose_us=0 refresh_first_submit_us=0 refresh_first_complete_us=0 refresh_transfer_wait_us=0 stroke_logging_us=0 detected_to_poll_start_us=30002 detected_to_poll_complete_us=30011 poll_read_us=9 unattributed_tail_us=1896 reports_dropped=0 chunks=1 committed=1 refresh=1 commit_failed=0
[14:15:00] TINYDRAW_FILL_BASELINE result=complete zoom=100 x=552 y=710 revision=85 steps=1 wall_us=745 compute_total_us=705 compute_max_us=705 present_total_us=0 present_max_us=0 tick_max_us=716 producer_failures=0 presentation_failures=0
[14:15:00] TINYDRAW_LIVE_FILL_DONE zoom=100 x=552 y=710 revision=85
[14:15:01] TINYDRAW_LIVE_STROKE revision=86 operations=86 samples=591 append_us=32874 refresh_compose_us=0 refresh_complete_us=0 ink_samples=8 read_submit_avg_us=1815 read_submit_max_us=3049 read_complete_avg_us=1901 read_complete_max_us=3232 submit_over_16ms=0 complete_over_33ms=0 presentation_failures=0 poll_max_us=30005 touch_errors=0 touch_overflows=0 touch_moves_coalesced=57 touch_events=44 touch_down=1 touch_up=1 touch_events_ge_8ms=0 touch_event_age_max_us=1244 chunks=1 free_psram=3042440 largest_psram=3014656 authority_match=1
[14:15:01] TINYDRAW_LIVE_STROKE_DONE committed=1 refresh=1 commit_failed=0
[14:15:01] TINYDRAW_LIFT_BASELINE id=86 finish_preview_us=2011 builder_finish_us=56 append_us=32874 refresh_wall_us=22 refresh_x0=0 refresh_y0=0 refresh_x1=0 refresh_y1=0 refresh_compose_us=0 refresh_first_submit_us=0 refresh_first_complete_us=0 refresh_transfer_wait_us=0 stroke_logging_us=0 detected_to_poll_start_us=36998 detected_to_poll_complete_us=37007 poll_read_us=9 unattributed_tail_us=2035 reports_dropped=0 chunks=1 committed=1 refresh=1 commit_failed=0
[14:15:01] TINYDRAW_FILL_BASELINE result=complete zoom=100 x=552 y=710 revision=86 steps=1 wall_us=742 compute_total_us=703 compute_max_us=703 present_total_us=0 present_max_us=0 tick_max_us=714 producer_failures=0 presentation_failures=0
[14:15:01] TINYDRAW_LIVE_FILL_DONE zoom=100 x=552 y=710 revision=86
[14:15:01] TINYDRAW_LIVE_STROKE revision=87 operations=87 samples=598 append_us=27250 refresh_compose_us=0 refresh_complete_us=0 ink_samples=7 read_submit_avg_us=1805 read_submit_max_us=2775 read_complete_avg_us=1902 read_complete_max_us=2923 submit_over_16ms=0 complete_over_33ms=0 presentation_failures=0 poll_max_us=37000 touch_errors=0 touch_overflows=0 touch_moves_coalesced=62 touch_events=52 touch_down=1 touch_up=1 touch_events_ge_8ms=0 touch_event_age_max_us=1242 chunks=1 free_psram=3042440 largest_psram=3014656 authority_match=1
[14:15:01] TINYDRAW_LIVE_STROKE_DONE committed=1 refresh=1 commit_failed=0
[14:15:01] TINYDRAW_LIFT_BASELINE id=87 finish_preview_us=2012 builder_finish_us=55 append_us=27250 refresh_wall_us=23 refresh_x0=0 refresh_y0=0 refresh_x1=0 refresh_y1=0 refresh_compose_us=0 refresh_first_submit_us=0 refresh_first_complete_us=0 refresh_transfer_wait_us=0 stroke_logging_us=0 detected_to_poll_start_us=31002 detected_to_poll_complete_us=31011 poll_read_us=9 unattributed_tail_us=1662 reports_dropped=0 chunks=1 committed=1 refresh=1 commit_failed=0
[14:15:01] TINYDRAW_FILL_BASELINE result=complete zoom=100 x=552 y=710 revision=87 steps=1 wall_us=730 compute_total_us=691 compute_max_us=691 present_total_us=0 present_max_us=0 tick_max_us=701 producer_failures=0 presentation_failures=0
[14:15:01] TINYDRAW_LIVE_FILL_DONE zoom=100 x=552 y=710 revision=87
[14:15:01] TINYDRAW_LIVE_STROKE revision=88 operations=88 samples=609 append_us=13301 refresh_compose_us=0 refresh_complete_us=0 ink_samples=11 read_submit_avg_us=1314 read_submit_max_us=1646 read_complete_avg_us=1347 read_complete_max_us=1695 submit_over_16ms=0 complete_over_33ms=0 presentation_failures=0 poll_max_us=31005 touch_errors=0 touch_overflows=0 touch_moves_coalesced=73 touch_events=63 touch_down=1 touch_up=1 touch_events_ge_8ms=0 touch_event_age_max_us=1242 chunks=1 free_psram=3042440 largest_psram=3014656 authority_match=1
[14:15:01] TINYDRAW_LIVE_STROKE_DONE committed=1 refresh=1 commit_failed=0
[14:15:01] TINYDRAW_LIFT_BASELINE id=88 finish_preview_us=2015 builder_finish_us=57 append_us=13301 refresh_wall_us=23 refresh_x0=0 refresh_y0=0 refresh_x1=0 refresh_y1=0 refresh_compose_us=0 refresh_first_submit_us=0 refresh_first_complete_us=0 refresh_transfer_wait_us=0 stroke_logging_us=0 detected_to_poll_start_us=16998 detected_to_poll_complete_us=17007 poll_read_us=9 unattributed_tail_us=1602 reports_dropped=0 chunks=1 committed=1 refresh=1 commit_failed=0
[14:15:01] TINYDRAW_FILL_BASELINE result=complete zoom=100 x=552 y=710 revision=88 steps=1 wall_us=755 compute_total_us=717 compute_max_us=717 present_total_us=0 present_max_us=0 tick_max_us=726 producer_failures=0 presentation_failures=0
[14:15:01] TINYDRAW_LIVE_FILL_DONE zoom=100 x=552 y=710 revision=88
[14:15:02] TINYDRAW_LIVE_STROKE revision=89 operations=89 samples=622 append_us=35527 refresh_compose_us=0 refresh_complete_us=0 ink_samples=13 read_submit_avg_us=1545 read_submit_max_us=2362 read_complete_avg_us=1612 read_complete_max_us=2411 submit_over_16ms=0 complete_over_33ms=0 presentation_failures=0 poll_max_us=25000 touch_errors=0 touch_overflows=0 touch_moves_coalesced=88 touch_events=71 touch_down=1 touch_up=1 touch_events_ge_8ms=0 touch_event_age_max_us=1243 chunks=1 free_psram=3042440 largest_psram=3014656 authority_match=1
[14:15:02] TINYDRAW_LIVE_STROKE_DONE committed=1 refresh=1 commit_failed=0
[14:15:02] TINYDRAW_LIFT_BASELINE id=89 finish_preview_us=1008 builder_finish_us=78 append_us=35527 refresh_wall_us=22 refresh_x0=0 refresh_y0=0 refresh_x1=0 refresh_y1=0 refresh_compose_us=0 refresh_first_submit_us=0 refresh_first_complete_us=0 refresh_transfer_wait_us=0 stroke_logging_us=0 detected_to_poll_start_us=38002 detected_to_poll_complete_us=38011 poll_read_us=9 unattributed_tail_us=1367 reports_dropped=0 chunks=1 committed=1 refresh=1 commit_failed=0
[14:15:02] TINYDRAW_FILL_BASELINE result=complete zoom=100 x=552 y=710 revision=89 steps=1 wall_us=727 compute_total_us=690 compute_max_us=690 present_total_us=0 present_max_us=0 tick_max_us=700 producer_failures=0 presentation_failures=0
[14:15:02] TINYDRAW_LIVE_FILL_DONE zoom=100 x=552 y=710 revision=89
[14:15:02] TINYDRAW_LIVE_STROKE revision=90 operations=90 samples=631 append_us=19279 refresh_compose_us=0 refresh_complete_us=0 ink_samples=9 read_submit_avg_us=1443 read_submit_max_us=1862 read_complete_avg_us=1479 read_complete_max_us=1945 submit_over_16ms=0 complete_over_33ms=0 presentation_failures=0 poll_max_us=38005 touch_errors=0 touch_overflows=0 touch_moves_coalesced=61 touch_events=52 touch_down=1 touch_up=1 touch_events_ge_8ms=0 touch_event_age_max_us=1241 chunks=1 free_psram=3042440 largest_psram=3014656 authority_match=1
[14:15:02] TINYDRAW_LIVE_STROKE_DONE committed=1 refresh=1 commit_failed=0
[14:15:02] TINYDRAW_LIFT_BASELINE id=90 finish_preview_us=1323 builder_finish_us=54 append_us=19279 refresh_wall_us=23 refresh_x0=0 refresh_y0=0 refresh_x1=0 refresh_y1=0 refresh_compose_us=0 refresh_first_submit_us=0 refresh_first_complete_us=0 refresh_transfer_wait_us=0 stroke_logging_us=0 detected_to_poll_start_us=22002 detected_to_poll_complete_us=22011 poll_read_us=9 unattributed_tail_us=1323 reports_dropped=0 chunks=1 committed=1 refresh=1 commit_failed=0
[14:15:02] TINYDRAW_FILL_BASELINE result=complete zoom=100 x=552 y=710 revision=90 steps=1 wall_us=732 compute_total_us=693 compute_max_us=693 present_total_us=0 present_max_us=0 tick_max_us=704 producer_failures=0 presentation_failures=0
[14:15:02] TINYDRAW_LIVE_FILL_DONE zoom=100 x=552 y=710 revision=90
[14:15:03] TINYDRAW_LIVE_STROKE revision=91 operations=91 samples=641 append_us=23330 refresh_compose_us=0 refresh_complete_us=0 ink_samples=10 read_submit_avg_us=1703 read_submit_max_us=2666 read_complete_avg_us=1750 read_complete_max_us=2734 submit_over_16ms=0 complete_over_33ms=0 presentation_failures=0 poll_max_us=25000 touch_errors=0 touch_overflows=0 touch_moves_coalesced=71 touch_events=55 touch_down=1 touch_up=1 touch_events_ge_8ms=0 touch_event_age_max_us=1242 chunks=1 free_psram=3042440 largest_psram=3014656 authority_match=1
[14:15:03] TINYDRAW_LIVE_STROKE_DONE committed=1 refresh=1 commit_failed=0
[14:15:03] TINYDRAW_LIFT_BASELINE id=91 finish_preview_us=2014 builder_finish_us=56 append_us=23330 refresh_wall_us=23 refresh_x0=0 refresh_y0=0 refresh_x1=0 refresh_y1=0 refresh_compose_us=0 refresh_first_submit_us=0 refresh_first_complete_us=0 refresh_transfer_wait_us=0 stroke_logging_us=0 detected_to_poll_start_us=26998 detected_to_poll_complete_us=27007 poll_read_us=9 unattributed_tail_us=1575 reports_dropped=0 chunks=1 committed=1 refresh=1 commit_failed=0
[14:15:03] TINYDRAW_FILL_BASELINE result=complete zoom=100 x=552 y=710 revision=91 steps=1 wall_us=740 compute_total_us=700 compute_max_us=700 present_total_us=0 present_max_us=0 tick_max_us=711 producer_failures=0 presentation_failures=0
[14:15:03] TINYDRAW_LIVE_FILL_DONE zoom=100 x=552 y=710 revision=91
[14:15:03] TINYDRAW_LIVE_STROKE revision=92 operations=92 samples=651 append_us=28079 refresh_compose_us=0 refresh_complete_us=0 ink_samples=10 read_submit_avg_us=1853 read_submit_max_us=3064 read_complete_avg_us=1936 read_complete_max_us=3267 submit_over_16ms=0 complete_over_33ms=0 presentation_failures=0 poll_max_us=27005 touch_errors=0 touch_overflows=0 touch_moves_coalesced=71 touch_events=54 touch_down=1 touch_up=1 touch_events_ge_8ms=0 touch_event_age_max_us=1243 chunks=1 free_psram=3042440 largest_psram=3014656 authority_match=1
[14:15:03] TINYDRAW_LIVE_STROKE_DONE committed=1 refresh=1 commit_failed=0
[14:15:03] TINYDRAW_LIFT_BASELINE id=92 finish_preview_us=1715 builder_finish_us=69 append_us=28079 refresh_wall_us=23 refresh_x0=0 refresh_y0=0 refresh_x1=0 refresh_y1=0 refresh_compose_us=0 refresh_first_submit_us=0 refresh_first_complete_us=0 refresh_transfer_wait_us=0 stroke_logging_us=0 detected_to_poll_start_us=32002 detected_to_poll_complete_us=32011 poll_read_us=9 unattributed_tail_us=2116 reports_dropped=0 chunks=1 committed=1 refresh=1 commit_failed=0
[14:15:03] TINYDRAW_FILL_BASELINE result=complete zoom=100 x=552 y=710 revision=92 steps=1 wall_us=724 compute_total_us=686 compute_max_us=686 present_total_us=0 present_max_us=0 tick_max_us=696 producer_failures=0 presentation_failures=0
[14:15:03] TINYDRAW_LIVE_FILL_DONE zoom=100 x=552 y=710 revision=92
[14:15:03] TINYDRAW_LIVE_STROKE revision=93 operations=93 samples=656 append_us=19104 refresh_compose_us=0 refresh_complete_us=0 ink_samples=5 read_submit_avg_us=1760 read_submit_max_us=2325 read_complete_avg_us=1864 read_complete_max_us=2546 submit_over_16ms=0 complete_over_33ms=0 presentation_failures=0 poll_max_us=32005 touch_errors=0 touch_overflows=0 touch_moves_coalesced=35 touch_events=29 touch_down=1 touch_up=1 touch_events_ge_8ms=0 touch_event_age_max_us=1240 chunks=1 free_psram=3042440 largest_psram=3014656 authority_match=1
[14:15:03] TINYDRAW_LIVE_STROKE_DONE committed=1 refresh=1 commit_failed=0
[14:15:03] TINYDRAW_LIFT_BASELINE id=93 finish_preview_us=2015 builder_finish_us=58 append_us=19104 refresh_wall_us=22 refresh_x0=0 refresh_y0=0 refresh_x1=0 refresh_y1=0 refresh_compose_us=0 refresh_first_submit_us=0 refresh_first_complete_us=0 refresh_transfer_wait_us=0 stroke_logging_us=0 detected_to_poll_start_us=22998 detected_to_poll_complete_us=23007 poll_read_us=9 unattributed_tail_us=1799 reports_dropped=0 chunks=1 committed=1 refresh=1 commit_failed=0
[14:15:03] TINYDRAW_FILL_BASELINE result=complete zoom=100 x=552 y=710 revision=93 steps=1 wall_us=748 compute_total_us=709 compute_max_us=709 present_total_us=0 present_max_us=0 tick_max_us=719 producer_failures=0 presentation_failures=0
[14:15:03] TINYDRAW_LIVE_FILL_DONE zoom=100 x=552 y=710 revision=93
[14:15:04] TINYDRAW_LIVE_STROKE revision=94 operations=94 samples=660 append_us=11503 refresh_compose_us=0 refresh_complete_us=0 ink_samples=4 read_submit_avg_us=1809 read_submit_max_us=2282 read_complete_avg_us=1874 read_complete_max_us=2403 submit_over_16ms=0 complete_over_33ms=0 presentation_failures=0 poll_max_us=25000 touch_errors=0 touch_overflows=0 touch_moves_coalesced=28 touch_events=23 touch_down=1 touch_up=1 touch_events_ge_8ms=0 touch_event_age_max_us=261 chunks=1 free_psram=3042440 largest_psram=3014656 authority_match=1
[14:15:04] TINYDRAW_LIVE_STROKE_DONE committed=1 refresh=1 commit_failed=0
[14:15:04] TINYDRAW_LIFT_BASELINE id=94 finish_preview_us=2015 builder_finish_us=57 append_us=11503 refresh_wall_us=22 refresh_x0=0 refresh_y0=0 refresh_x1=0 refresh_y1=0 refresh_compose_us=0 refresh_first_submit_us=0 refresh_first_complete_us=0 refresh_transfer_wait_us=0 stroke_logging_us=0 detected_to_poll_start_us=14998 detected_to_poll_complete_us=15007 poll_read_us=9 unattributed_tail_us=1401 reports_dropped=0 chunks=1 committed=1 refresh=1 commit_failed=0
[14:15:04] TINYDRAW_FILL_BASELINE result=complete zoom=100 x=552 y=710 revision=94 steps=1 wall_us=744 compute_total_us=705 compute_max_us=705 present_total_us=0 present_max_us=0 tick_max_us=715 producer_failures=0 presentation_failures=0
[14:15:04] TINYDRAW_LIVE_FILL_DONE zoom=100 x=552 y=710 revision=94
[14:15:04] TINYDRAW_LIVE_STROKE revision=95 operations=95 samples=664 append_us=9338 refresh_compose_us=0 refresh_complete_us=0 ink_samples=4 read_submit_avg_us=1773 read_submit_max_us=2963 read_complete_avg_us=1817 read_complete_max_us=3073 submit_over_16ms=0 complete_over_33ms=0 presentation_failures=0 poll_max_us=25000 touch_errors=0 touch_overflows=0 touch_moves_coalesced=28 touch_events=23 touch_down=1 touch_up=1 touch_events_ge_8ms=0 touch_event_age_max_us=1243 chunks=1 free_psram=3042440 largest_psram=3014656 authority_match=1
[14:15:04] TINYDRAW_LIVE_STROKE_DONE committed=1 refresh=1 commit_failed=0
[14:15:04] TINYDRAW_LIFT_BASELINE id=95 finish_preview_us=2015 builder_finish_us=57 append_us=9338 refresh_wall_us=24 refresh_x0=0 refresh_y0=0 refresh_x1=0 refresh_y1=0 refresh_compose_us=0 refresh_first_submit_us=0 refresh_first_complete_us=0 refresh_transfer_wait_us=0 stroke_logging_us=0 detected_to_poll_start_us=13003 detected_to_poll_complete_us=13012 poll_read_us=9 unattributed_tail_us=1569 reports_dropped=0 chunks=1 committed=1 refresh=1 commit_failed=0
[14:15:04] TINYDRAW_FILL_BASELINE result=complete zoom=100 x=552 y=710 revision=95 steps=1 wall_us=742 compute_total_us=704 compute_max_us=704 present_total_us=0 present_max_us=0 tick_max_us=713 producer_failures=0 presentation_failures=0
[14:15:04] TINYDRAW_LIVE_FILL_DONE zoom=100 x=552 y=710 revision=95
[14:15:04] TINYDRAW_LIVE_STROKE revision=96 operations=96 samples=670 append_us=11649 refresh_compose_us=0 refresh_complete_us=0 ink_samples=6 read_submit_avg_us=1531 read_submit_max_us=1933 read_complete_avg_us=1572 read_complete_max_us=2013 submit_over_16ms=0 complete_over_33ms=0 presentation_failures=0 poll_max_us=25000 touch_errors=0 touch_overflows=0 touch_moves_coalesced=43 touch_events=34 touch_down=1 touch_up=1 touch_events_ge_8ms=0 touch_event_age_max_us=1244 chunks=1 free_psram=3042440 largest_psram=3014656 authority_match=1
[14:15:04] TINYDRAW_LIVE_STROKE_DONE committed=1 refresh=1 commit_failed=0
[14:15:04] TINYDRAW_LIFT_BASELINE id=96 finish_preview_us=2015 builder_finish_us=57 append_us=11649 refresh_wall_us=24 refresh_x0=0 refresh_y0=0 refresh_x1=0 refresh_y1=0 refresh_compose_us=0 refresh_first_submit_us=0 refresh_first_complete_us=0 refresh_transfer_wait_us=0 stroke_logging_us=0 detected_to_poll_start_us=15002 detected_to_poll_complete_us=15011 poll_read_us=9 unattributed_tail_us=1257 reports_dropped=0 chunks=1 committed=1 refresh=1 commit_failed=0
[14:15:04] TINYDRAW_FILL_BASELINE result=complete zoom=100 x=552 y=710 revision=96 steps=1 wall_us=741 compute_total_us=702 compute_max_us=702 present_total_us=0 present_max_us=0 tick_max_us=714 producer_failures=0 presentation_failures=0
[14:15:04] TINYDRAW_LIVE_FILL_DONE zoom=100 x=552 y=710 revision=96
[14:15:04] TINYDRAW_LIVE_STROKE revision=97 operations=97 samples=677 append_us=9577 refresh_compose_us=0 refresh_complete_us=0 ink_samples=7 read_submit_avg_us=1395 read_submit_max_us=1808 read_complete_avg_us=1424 read_complete_max_us=1858 submit_over_16ms=0 complete_over_33ms=0 presentation_failures=0 poll_max_us=25000 touch_errors=0 touch_overflows=0 touch_moves_coalesced=48 touch_events=41 touch_down=1 touch_up=1 touch_events_ge_8ms=0 touch_event_age_max_us=1236 chunks=1 free_psram=3042440 largest_psram=3014656 authority_match=1
[14:15:04] TINYDRAW_LIVE_STROKE_DONE committed=1 refresh=1 commit_failed=0
[14:15:04] TINYDRAW_LIFT_BASELINE id=97 finish_preview_us=2015 builder_finish_us=56 append_us=9577 refresh_wall_us=23 refresh_x0=0 refresh_y0=0 refresh_x1=0 refresh_y1=0 refresh_compose_us=0 refresh_first_submit_us=0 refresh_first_complete_us=0 refresh_transfer_wait_us=0 stroke_logging_us=0 detected_to_poll_start_us=13003 detected_to_poll_complete_us=13012 poll_read_us=9 unattributed_tail_us=1332 reports_dropped=0 chunks=1 committed=1 refresh=1 commit_failed=0
[14:15:04] TINYDRAW_FILL_BASELINE result=complete zoom=100 x=552 y=710 revision=97 steps=1 wall_us=753 compute_total_us=714 compute_max_us=714 present_total_us=0 present_max_us=0 tick_max_us=725 producer_failures=0 presentation_failures=0
[14:15:04] TINYDRAW_LIVE_FILL_DONE zoom=100 x=552 y=710 revision=97
[14:15:05] TINYDRAW_LIVE_STROKE revision=98 operations=98 samples=687 append_us=23061 refresh_compose_us=0 refresh_complete_us=0 ink_samples=10 read_submit_avg_us=1629 read_submit_max_us=2436 read_complete_avg_us=1667 read_complete_max_us=2515 submit_over_16ms=0 complete_over_33ms=0 presentation_failures=0 poll_max_us=25000 touch_errors=0 touch_overflows=0 touch_moves_coalesced=70 touch_events=57 touch_down=1 touch_up=1 touch_events_ge_8ms=0 touch_event_age_max_us=1236 chunks=1 free_psram=3042440 largest_psram=3014656 authority_match=1
[14:15:05] TINYDRAW_LIVE_STROKE_DONE committed=1 refresh=1 commit_failed=0
[14:15:05] TINYDRAW_LIFT_BASELINE id=98 finish_preview_us=1152 builder_finish_us=56 append_us=23061 refresh_wall_us=24 refresh_x0=0 refresh_y0=0 refresh_x1=0 refresh_y1=0 refresh_compose_us=0 refresh_first_submit_us=0 refresh_first_complete_us=0 refresh_transfer_wait_us=0 stroke_logging_us=0 detected_to_poll_start_us=26002 detected_to_poll_complete_us=26011 poll_read_us=9 unattributed_tail_us=1709 reports_dropped=0 chunks=1 committed=1 refresh=1 commit_failed=0
[14:15:05] TINYDRAW_FILL_BASELINE result=complete zoom=100 x=552 y=710 revision=98 steps=1 wall_us=726 compute_total_us=687 compute_max_us=687 present_total_us=0 present_max_us=0 tick_max_us=697 producer_failures=0 presentation_failures=0
[14:15:05] TINYDRAW_LIVE_FILL_DONE zoom=100 x=552 y=710 revision=98
[14:15:05] TINYDRAW_LIVE_STROKE revision=99 operations=99 samples=692 append_us=13721 refresh_compose_us=0 refresh_complete_us=0 ink_samples=5 read_submit_avg_us=2064 read_submit_max_us=2933 read_complete_avg_us=2164 read_complete_max_us=3133 submit_over_16ms=0 complete_over_33ms=0 presentation_failures=0 poll_max_us=26005 touch_errors=0 touch_overflows=0 touch_moves_coalesced=36 touch_events=28 touch_down=1 touch_up=1 touch_events_ge_8ms=0 touch_event_age_max_us=1244 chunks=1 free_psram=3042440 largest_psram=3014656 authority_match=1
[14:15:05] TINYDRAW_LIVE_STROKE_DONE committed=1 refresh=1 commit_failed=0
[14:15:05] TINYDRAW_LIFT_BASELINE id=99 finish_preview_us=3015 builder_finish_us=57 append_us=13721 refresh_wall_us=23 refresh_x0=0 refresh_y0=0 refresh_x1=0 refresh_y1=0 refresh_compose_us=0 refresh_first_submit_us=0 refresh_first_complete_us=0 refresh_transfer_wait_us=0 stroke_logging_us=0 detected_to_poll_start_us=18002 detected_to_poll_complete_us=18011 poll_read_us=9 unattributed_tail_us=1186 reports_dropped=0 chunks=1 committed=1 refresh=1 commit_failed=0
[14:15:05] TINYDRAW_FILL_BASELINE result=complete zoom=100 x=552 y=710 revision=99 steps=1 wall_us=735 compute_total_us=697 compute_max_us=697 present_total_us=0 present_max_us=0 tick_max_us=707 producer_failures=0 presentation_failures=0
[14:15:05] TINYDRAW_LIVE_FILL_DONE zoom=100 x=552 y=710 revision=99
[14:15:05] TINYDRAW_LIVE_STROKE revision=100 operations=100 samples=697 append_us=15340 refresh_compose_us=0 refresh_complete_us=0 ink_samples=5 read_submit_avg_us=1841 read_submit_max_us=2421 read_complete_avg_us=1928 read_complete_max_us=2528 submit_over_16ms=0 complete_over_33ms=0 presentation_failures=0 poll_max_us=25000 touch_errors=0 touch_overflows=0 touch_moves_coalesced=40 touch_events=35 touch_down=1 touch_up=1 touch_events_ge_8ms=0 touch_event_age_max_us=1241 chunks=1 free_psram=3042440 largest_psram=3014656 authority_match=1
[14:15:05] TINYDRAW_LIVE_STROKE_DONE committed=1 refresh=1 commit_failed=0
[14:15:05] TINYDRAW_LIFT_BASELINE id=100 finish_preview_us=3015 builder_finish_us=58 append_us=15340 refresh_wall_us=27 refresh_x0=0 refresh_y0=0 refresh_x1=0 refresh_y1=0 refresh_compose_us=0 refresh_first_submit_us=0 refresh_first_complete_us=0 refresh_transfer_wait_us=0 stroke_logging_us=0 detected_to_poll_start_us=20002 detected_to_poll_complete_us=20011 poll_read_us=9 unattributed_tail_us=1562 reports_dropped=0 chunks=1 committed=1 refresh=1 commit_failed=0
[14:15:05] TINYDRAW_FILL_BASELINE result=complete zoom=100 x=552 y=710 revision=100 steps=1 wall_us=719 compute_total_us=681 compute_max_us=681 present_total_us=0 present_max_us=0 tick_max_us=690 producer_failures=0 presentation_failures=0
[14:15:05] TINYDRAW_LIVE_FILL_DONE zoom=100 x=552 y=710 revision=100
[14:15:06] TINYDRAW_LIVE_PRESENT kind=chrome zoom=100 x=552 y=710 compose_us=38696 scroll_us=0 exposed_compose_us=0 chrome_us=0 read_submit_us=43306 read_complete_us=44108 transfer_wait_us=19661 tile_pixels=164864 uniform_pixels=0 overview_pixels=0 fallback_pixels=0 resident_tiles=56 fallback_tiles=0 pushes=21 tear_wait_us=3813 tear_sync=1 frame_reused=0 pass=1
[14:15:07] TINYDRAW_LIVE_PRESENT kind=chrome zoom=100 x=552 y=710 compose_us=27965 scroll_us=0 exposed_compose_us=0 chrome_us=0 read_submit_us=41763 read_complete_us=42565 transfer_wait_us=20202 tile_pixels=164864 uniform_pixels=0 overview_pixels=0 fallback_pixels=0 resident_tiles=56 fallback_tiles=0 pushes=21 tear_wait_us=12996 tear_sync=1 frame_reused=0 pass=1
[14:15:08] TINYDRAW_LIVE_PRESENT kind=chrome zoom=100 x=552 y=710 compose_us=38565 scroll_us=0 exposed_compose_us=0 chrome_us=0 read_submit_us=48211 read_complete_us=49013 transfer_wait_us=19756 tile_pixels=164864 uniform_pixels=0 overview_pixels=0 fallback_pixels=0 resident_tiles=56 fallback_tiles=0 pushes=21 tear_wait_us=8828 tear_sync=1 frame_reused=0 pass=1
[14:15:08] TINYDRAW_LIVE_PRESENT kind=chrome zoom=100 x=552 y=710 compose_us=27951 scroll_us=0 exposed_compose_us=0 chrome_us=0 read_submit_us=39824 read_complete_us=40626 transfer_wait_us=20144 tile_pixels=164864 uniform_pixels=0 overview_pixels=0 fallback_pixels=0 resident_tiles=56 fallback_tiles=0 pushes=21 tear_wait_us=11046 tear_sync=1 frame_reused=0 pass=1
[14:15:09] TINYDRAW_PAN_BASELINE zoom=100 x=479 y=666 frames=3 reused=1 compose_avg_us=25164 compose_max_us=28812 present_avg_us=19757 present_max_us=20131 tear_wait_avg_us=11443 tear_wait_max_us=16184 failures=0
[14:15:09] TINYDRAW_PAN_BASELINE zoom=100 x=394 y=569 frames=2 reused=0 compose_avg_us=27937 compose_max_us=28159 present_avg_us=20069 present_max_us=20226 tear_wait_avg_us=11145 tear_wait_max_us=16491 failures=0
[14:15:09] TINYDRAW_FILL_BASELINE result=superseded zoom=100 x=479 y=666 revision=100 steps=29 wall_us=252012 compute_total_us=89499 compute_max_us=6243 present_total_us=16058 present_max_us=3311 tick_max_us=6253 producer_failures=0 presentation_failures=0
[14:15:09] TINYDRAW_PAN_BASELINE zoom=100 x=317 y=460 frames=2 reused=0 compose_avg_us=28373 compose_max_us=29055 present_avg_us=20164 present_max_us=20333 tear_wait_avg_us=10626 tear_wait_max_us=15064 failures=0
[14:15:10] TINYDRAW_FILL_BASELINE result=superseded zoom=100 x=394 y=569 revision=100 steps=26 wall_us=266521 compute_total_us=97516 compute_max_us=8154 present_total_us=22406 present_max_us=4577 tick_max_us=8166 producer_failures=0 presentation_failures=0
[14:15:10] TINYDRAW_PAN_BASELINE zoom=100 x=197 y=242 frames=3 reused=0 compose_avg_us=27768 compose_max_us=30272 present_avg_us=19941 present_max_us=20156 tear_wait_avg_us=3435 tear_wait_max_us=7827 failures=0
[14:15:10] TINYDRAW_FILL_BASELINE result=superseded zoom=100 x=317 y=460 revision=100 steps=12 wall_us=262398 compute_total_us=63215 compute_max_us=9310 present_total_us=15988 present_max_us=4975 tick_max_us=9322 producer_failures=0 presentation_failures=0
[14:15:10] TINYDRAW_PAN_BASELINE zoom=100 x=60 y=51 frames=3 reused=0 compose_avg_us=27243 compose_max_us=28449 present_avg_us=19874 present_max_us=20184 tear_wait_avg_us=2044 tear_wait_max_us=4051 failures=0
[14:15:10] TINYDRAW_FILL_BASELINE result=superseded zoom=100 x=197 y=242 revision=100 steps=14 wall_us=297361 compute_total_us=83194 compute_max_us=9676 present_total_us=37338 present_max_us=8439 tick_max_us=9688 producer_failures=0 presentation_failures=0
[14:15:10] TINYDRAW_PAN_BASELINE zoom=100 x=27 y=16 frames=2 reused=0 compose_avg_us=26875 compose_max_us=26992 present_avg_us=19962 present_max_us=20249 tear_wait_avg_us=8245 tear_wait_max_us=15906 failures=0
[14:15:10] TINYDRAW_FILL_BASELINE result=superseded zoom=100 x=60 y=51 revision=100 steps=16 wall_us=264619 compute_total_us=87902 compute_max_us=10727 present_total_us=38637 present_max_us=7981 tick_max_us=10740 producer_failures=0 presentation_failures=0
[14:15:10] TINYDRAW_FILL_BASELINE result=complete zoom=100 x=27 y=16 revision=100 steps=8 wall_us=50941 compute_total_us=33646 compute_max_us=5243 present_total_us=13725 present_max_us=5869 tick_max_us=5254 producer_failures=0 presentation_failures=0
[14:15:10] TINYDRAW_LIVE_FILL_DONE zoom=100 x=27 y=16 revision=100
[14:15:11] TINYDRAW_PAN_BASELINE zoom=100 x=214 y=214 frames=2 reused=0 compose_avg_us=27721 compose_max_us=29164 present_avg_us=20214 present_max_us=20356 tear_wait_avg_us=15711 tear_wait_max_us=16524 failures=0
[14:15:11] TINYDRAW_FILL_BASELINE result=complete zoom=100 x=214 y=214 revision=100 steps=14 wall_us=88141 compute_total_us=72923 compute_max_us=8083 present_total_us=11980 present_max_us=4832 tick_max_us=8094 producer_failures=0 presentation_failures=0
[14:15:11] TINYDRAW_LIVE_FILL_DONE zoom=100 x=214 y=214 revision=100
[14:15:11] TINYDRAW_PAN_BASELINE zoom=100 x=320 y=379 frames=2 reused=0 compose_avg_us=29811 compose_max_us=31256 present_avg_us=19708 present_max_us=19795 tear_wait_avg_us=11120 tear_wait_max_us=16185 failures=0
[14:15:11] TINYDRAW_FILL_BASELINE result=complete zoom=100 x=320 y=379 revision=100 steps=6 wall_us=29130 compute_total_us=23631 compute_max_us=6963 present_total_us=3794 present_max_us=3220 tick_max_us=6974 producer_failures=0 presentation_failures=0
[14:15:11] TINYDRAW_LIVE_FILL_DONE zoom=100 x=320 y=379 revision=100
[14:15:11] TINYDRAW_PAN_BASELINE zoom=100 x=259 y=607 frames=3 reused=1 compose_avg_us=27190 compose_max_us=28414 present_avg_us=19893 present_max_us=20027 tear_wait_avg_us=3692 tear_wait_max_us=8685 failures=0
[14:15:11] TINYDRAW_FILL_BASELINE result=complete zoom=100 x=259 y=607 revision=100 steps=10 wall_us=51300 compute_total_us=42797 compute_max_us=7713 present_total_us=5235 present_max_us=5211 tick_max_us=7724 producer_failures=0 presentation_failures=0
[14:15:11] TINYDRAW_LIVE_FILL_DONE zoom=100 x=259 y=607 revision=100
[14:15:12] TINYDRAW_PAN_BASELINE zoom=100 x=140 y=812 frames=2 reused=0 compose_avg_us=28908 compose_max_us=30626 present_avg_us=19764 present_max_us=20024 tear_wait_avg_us=6481 tear_wait_max_us=12041 failures=0
[14:15:12] TINYDRAW_PAN_BASELINE zoom=100 x=37 y=933 frames=2 reused=0 compose_avg_us=28790 compose_max_us=29733 present_avg_us=19803 present_max_us=20012 tear_wait_avg_us=7003 tear_wait_max_us=13817 failures=0
[14:15:12] TINYDRAW_FILL_BASELINE result=superseded zoom=100 x=140 y=812 revision=100 steps=20 wall_us=283932 compute_total_us=118387 compute_max_us=10560 present_total_us=30455 present_max_us=7688 tick_max_us=10571 producer_failures=0 presentation_failures=0
[14:15:12] TINYDRAW_FILL_BASELINE result=complete zoom=100 x=37 y=933 revision=100 steps=14 wall_us=105595 compute_total_us=79126 compute_max_us=8940 present_total_us=22572 present_max_us=5396 tick_max_us=8962 producer_failures=0 presentation_failures=0
[14:15:12] TINYDRAW_LIVE_FILL_DONE zoom=100 x=37 y=933 revision=100
[14:15:12] TINYDRAW_PAN_BASELINE zoom=100 x=274 y=1228 frames=3 reused=0 compose_avg_us=27390 compose_max_us=28295 present_avg_us=19666 present_max_us=19897 tear_wait_avg_us=7758 tear_wait_max_us=16730 failures=0
[14:15:13] TINYDRAW_PAN_BASELINE zoom=100 x=438 y=1344 frames=3 reused=0 compose_avg_us=26402 compose_max_us=27498 present_avg_us=19964 present_max_us=20328 tear_wait_avg_us=6108 tear_wait_max_us=14871 failures=0
[14:15:13] TINYDRAW_FILL_BASELINE result=superseded zoom=100 x=274 y=1228 revision=100 steps=23 wall_us=368036 compute_total_us=132295 compute_max_us=9248 present_total_us=48113 present_max_us=7989 tick_max_us=9260 producer_failures=0 presentation_failures=0
[14:15:13] TINYDRAW_PAN_BASELINE zoom=100 x=551 y=1071 frames=3 reused=0 compose_avg_us=26892 compose_max_us=28323 present_avg_us=19779 present_max_us=20165 tear_wait_avg_us=8450 tear_wait_max_us=16349 failures=0
[14:15:13] TINYDRAW_FILL_BASELINE result=superseded zoom=100 x=438 y=1344 revision=100 steps=18 wall_us=316337 compute_total_us=86984 compute_max_us=7524 present_total_us=29325 present_max_us=6957 tick_max_us=7535 producer_failures=0 presentation_failures=0
[14:15:13] TINYDRAW_FILL_BASELINE result=complete zoom=100 x=551 y=1071 revision=100 steps=19 wall_us=135629 compute_total_us=98505 compute_max_us=8037 present_total_us=31621 present_max_us=8645 tick_max_us=8048 producer_failures=0 presentation_failures=0
[14:15:13] TINYDRAW_LIVE_FILL_DONE zoom=100 x=551 y=1071 revision=100
[14:15:13] TINYDRAW_PAN_BASELINE zoom=100 x=737 y=1027 frames=3 reused=0 compose_avg_us=29723 compose_max_us=30942 present_avg_us=19955 present_max_us=20364 tear_wait_avg_us=13656 tear_wait_max_us=15696 failures=0
[14:15:14] TINYDRAW_PAN_BASELINE zoom=100 x=953 y=987 frames=3 reused=0 compose_avg_us=29949 compose_max_us=30896 present_avg_us=19794 present_max_us=20282 tear_wait_avg_us=10365 tear_wait_max_us=16250 failures=0
[14:15:14] TINYDRAW_FILL_BASELINE result=superseded zoom=100 x=737 y=1027 revision=100 steps=19 wall_us=369926 compute_total_us=113404 compute_max_us=9274 present_total_us=31280 present_max_us=6378 tick_max_us=9286 producer_failures=0 presentation_failures=0
[14:15:14] TINYDRAW_PAN_BASELINE zoom=100 x=914 y=677 frames=3 reused=0 compose_avg_us=28720 compose_max_us=29841 present_avg_us=20062 present_max_us=20375 tear_wait_avg_us=6707 tear_wait_max_us=15783 failures=0
[14:15:14] TINYDRAW_FILL_BASELINE result=superseded zoom=100 x=953 y=987 revision=100 steps=5 wall_us=247282 compute_total_us=35930 compute_max_us=9396 present_total_us=17214 present_max_us=8608 tick_max_us=9408 producer_failures=0 presentation_failures=0
[14:15:14] TINYDRAW_PAN_BASELINE zoom=100 x=784 y=560 frames=2 reused=0 compose_avg_us=29281 compose_max_us=30488 present_avg_us=19495 present_max_us=19605 tear_wait_avg_us=14371 tear_wait_max_us=16709 failures=0
[14:15:14] TINYDRAW_FILL_BASELINE result=superseded zoom=100 x=914 y=677 revision=100 steps=13 wall_us=248691 compute_total_us=75303 compute_max_us=9167 present_total_us=24507 present_max_us=8586 tick_max_us=9179 producer_failures=0 presentation_failures=0
[14:15:14] TINYDRAW_FILL_BASELINE result=complete zoom=100 x=784 y=560 revision=100 steps=28 wall_us=165668 compute_total_us=124086 compute_max_us=8583 present_total_us=36330 present_max_us=8094 tick_max_us=8596 producer_failures=0 presentation_failures=0
[14:15:14] TINYDRAW_LIVE_FILL_DONE zoom=100 x=784 y=560 revision=100
[14:15:15] TINYDRAW_PAN_BASELINE zoom=100 x=645 y=587 frames=2 reused=0 compose_avg_us=30386 compose_max_us=31810 present_avg_us=19684 present_max_us=19786 tear_wait_avg_us=14075 tear_wait_max_us=15630 failures=0
[14:15:15] TINYDRAW_FILL_BASELINE result=complete zoom=100 x=645 y=587 revision=100 steps=4 wall_us=17149 compute_total_us=12781 compute_max_us=5339 present_total_us=2145 present_max_us=2145 tick_max_us=5350 producer_failures=0 presentation_failures=0
[14:15:15] TINYDRAW_LIVE_FILL_DONE zoom=100 x=645 y=587 revision=100
[14:15:15] TINYDRAW_PAN_BASELINE zoom=100 x=565 y=610 frames=2 reused=1 compose_avg_us=26614 compose_max_us=29199 present_avg_us=19772 present_max_us=20037 tear_wait_avg_us=8277 tear_wait_max_us=12465 failures=0
[14:15:15] TINYDRAW_FILL_BASELINE result=complete zoom=100 x=565 y=610 revision=100 steps=1 wall_us=1041 compute_total_us=980 compute_max_us=980 present_total_us=0 present_max_us=0 tick_max_us=1000 producer_failures=0 presentation_failures=0
[14:15:15] TINYDRAW_LIVE_FILL_DONE zoom=100 x=565 y=610 revision=100
[14:15:16] TINYDRAW_PAN_BASELINE zoom=100 x=421 y=530 frames=3 reused=1 compose_avg_us=24875 compose_max_us=28268 present_avg_us=19904 present_max_us=20327 tear_wait_avg_us=8660 tear_wait_max_us=16572 failures=0
[14:15:16] TINYDRAW_FILL_BASELINE result=complete zoom=100 x=421 y=530 revision=100 steps=4 wall_us=17243 compute_total_us=12750 compute_max_us=5100 present_total_us=2273 present_max_us=2273 tick_max_us=5112 producer_failures=0 presentation_failures=0
[14:15:16] TINYDRAW_LIVE_FILL_DONE zoom=100 x=421 y=530 revision=100
[14:15:16] TINYDRAW_PAN_BASELINE zoom=100 x=282 y=724 frames=4 reused=2 compose_avg_us=25978 compose_max_us=28971 present_avg_us=19940 present_max_us=20284 tear_wait_avg_us=6224 tear_wait_max_us=15612 failures=0
[14:15:16] TINYDRAW_FILL_BASELINE result=complete zoom=100 x=282 y=724 revision=100 steps=1 wall_us=1132 compute_total_us=1095 compute_max_us=1095 present_total_us=0 present_max_us=0 tick_max_us=1106 producer_failures=0 presentation_failures=0
[14:15:16] TINYDRAW_LIVE_FILL_DONE zoom=100 x=282 y=724 revision=100
[14:15:17] TINYDRAW_PAN_BASELINE zoom=100 x=447 y=829 frames=8 reused=3 compose_avg_us=25717 compose_max_us=29185 present_avg_us=19828 present_max_us=20270 tear_wait_avg_us=11762 tear_wait_max_us=16406 failures=0
[14:15:17] TINYDRAW_FILL_BASELINE result=complete zoom=100 x=447 y=829 revision=100 steps=1 wall_us=1122 compute_total_us=1078 compute_max_us=1078 present_total_us=0 present_max_us=0 tick_max_us=1089 producer_failures=0 presentation_failures=0
[14:15:17] TINYDRAW_LIVE_FILL_DONE zoom=100 x=447 y=829 revision=100
[14:15:17] TINYDRAW_PAN_BASELINE zoom=100 x=627 y=708 frames=5 reused=5 compose_avg_us=22061 compose_max_us=26822 present_avg_us=19904 present_max_us=20404 tear_wait_avg_us=5697 tear_wait_max_us=9413 failures=0
[14:15:17] TINYDRAW_FILL_BASELINE result=complete zoom=100 x=627 y=708 revision=100 steps=1 wall_us=1161 compute_total_us=1127 compute_max_us=1127 present_total_us=0 present_max_us=0 tick_max_us=1138 producer_failures=0 presentation_failures=0
[14:15:17] TINYDRAW_LIVE_FILL_DONE zoom=100 x=627 y=708 revision=100
[14:15:18] TINYDRAW_PAN_BASELINE zoom=100 x=743 y=565 frames=8 reused=8 compose_avg_us=21687 compose_max_us=28112 present_avg_us=19856 present_max_us=20160 tear_wait_avg_us=7800 tear_wait_max_us=16633 failures=0
[14:15:18] TINYDRAW_FILL_BASELINE result=complete zoom=100 x=743 y=565 revision=100 steps=1 wall_us=1771 compute_total_us=1733 compute_max_us=1733 present_total_us=0 present_max_us=0 tick_max_us=1748 producer_failures=0 presentation_failures=0
[14:15:18] TINYDRAW_LIVE_FILL_DONE zoom=100 x=743 y=565 revision=100
[14:15:18] TINYDRAW_PAN_BASELINE zoom=100 x=840 y=241 frames=4 reused=1 compose_avg_us=26122 compose_max_us=31150 present_avg_us=19795 present_max_us=20177 tear_wait_avg_us=11293 tear_wait_max_us=16478 failures=0
[14:15:19] TINYDRAW_PAN_BASELINE zoom=100 x=960 y=92 frames=7 reused=0 compose_avg_us=27563 compose_max_us=29745 present_avg_us=19886 present_max_us=20256 tear_wait_avg_us=6401 tear_wait_max_us=16793 failures=0
[14:15:19] TINYDRAW_FILL_BASELINE result=superseded zoom=100 x=840 y=241 revision=100 steps=10 wall_us=522796 compute_total_us=58715 compute_max_us=11264 present_total_us=24995 present_max_us=8990 tick_max_us=11276 producer_failures=0 presentation_failures=0
[14:15:19] TINYDRAW_PAN_BASELINE zoom=100 x=707 y=167 frames=7 reused=0 compose_avg_us=28464 compose_max_us=29012 present_avg_us=20020 present_max_us=20400 tear_wait_avg_us=12379 tear_wait_max_us=16115 failures=0
[14:15:19] TINYDRAW_FILL_BASELINE result=superseded zoom=100 x=960 y=92 revision=100 steps=10 wall_us=598580 compute_total_us=70711 compute_max_us=9628 present_total_us=22561 present_max_us=7841 tick_max_us=9641 producer_failures=0 presentation_failures=0
[14:15:20] TINYDRAW_FILL_BASELINE result=complete zoom=100 x=707 y=167 revision=100 steps=19 wall_us=298768 compute_total_us=117582 compute_max_us=10731 present_total_us=42182 present_max_us=8984 tick_max_us=10743 producer_failures=0 presentation_failures=0
[14:15:20] TINYDRAW_LIVE_FILL_DONE zoom=100 x=707 y=167 revision=100
[14:15:20] TINYDRAW_PAN_BASELINE zoom=100 x=507 y=372 frames=3 reused=0 compose_avg_us=29141 compose_max_us=29565 present_avg_us=19934 present_max_us=20361 tear_wait_avg_us=15076 tear_wait_max_us=15871 failures=0
[14:15:20] TINYDRAW_PAN_BASELINE zoom=100 x=325 y=628 frames=3 reused=1 compose_avg_us=29201 compose_max_us=30160 present_avg_us=19982 present_max_us=20205 tear_wait_avg_us=15956 tear_wait_max_us=16776 failures=0
[14:15:20] TINYDRAW_FILL_BASELINE result=superseded zoom=100 x=507 y=372 revision=100 steps=12 wall_us=303973 compute_total_us=61088 compute_max_us=8430 present_total_us=15520 present_max_us=8626 tick_max_us=8442 producer_failures=0 presentation_failures=0
[14:15:20] TINYDRAW_FILL_BASELINE result=complete zoom=100 x=325 y=628 revision=100 steps=1 wall_us=736 compute_total_us=705 compute_max_us=705 present_total_us=0 present_max_us=0 tick_max_us=715 producer_failures=0 presentation_failures=0
[14:15:20] TINYDRAW_LIVE_FILL_DONE zoom=100 x=325 y=628 revision=100
[14:15:21] TINYDRAW_PAN_BASELINE zoom=100 x=331 y=962 frames=5 reused=4 compose_avg_us=22285 compose_max_us=29124 present_avg_us=20046 present_max_us=20342 tear_wait_avg_us=7627 tear_wait_max_us=14899 failures=0
[14:15:21] TINYDRAW_FILL_BASELINE result=complete zoom=100 x=331 y=962 revision=100 steps=1 wall_us=1510 compute_total_us=1474 compute_max_us=1474 present_total_us=0 present_max_us=0 tick_max_us=1484 producer_failures=0 presentation_failures=0
[14:15:21] TINYDRAW_LIVE_FILL_DONE zoom=100 x=331 y=962 revision=100
[14:15:21] TINYDRAW_PAN_BASELINE zoom=100 x=611 y=848 frames=5 reused=4 compose_avg_us=23345 compose_max_us=28219 present_avg_us=19767 present_max_us=20182 tear_wait_avg_us=4539 tear_wait_max_us=9812 failures=0
[14:15:21] TINYDRAW_FILL_BASELINE result=complete zoom=100 x=611 y=848 revision=100 steps=1 wall_us=1479 compute_total_us=1441 compute_max_us=1441 present_total_us=0 present_max_us=0 tick_max_us=1452 producer_failures=0 presentation_failures=0
[14:15:21] TINYDRAW_LIVE_FILL_DONE zoom=100 x=611 y=848 revision=100
[14:15:21] TINYDRAW_PAN_BASELINE zoom=100 x=563 y=693 frames=9 reused=9 compose_avg_us=20211 compose_max_us=25399 present_avg_us=19815 present_max_us=20132 tear_wait_avg_us=8110 tear_wait_max_us=13747 failures=0
[14:15:21] TINYDRAW_FILL_BASELINE result=complete zoom=100 x=563 y=693 revision=100 steps=1 wall_us=899 compute_total_us=864 compute_max_us=864 present_total_us=0 present_max_us=0 tick_max_us=875 producer_failures=0 presentation_failures=0
[14:15:21] TINYDRAW_LIVE_FILL_DONE zoom=100 x=563 y=693 revision=100
[14:17:05] TINYDRAW_LIVE_PRESENT kind=chrome zoom=100 x=563 y=693 compose_us=47750 scroll_us=0 exposed_compose_us=0 chrome_us=0 read_submit_us=52066 read_complete_us=52868 transfer_wait_us=19900 tile_pixels=164864 uniform_pixels=0 overview_pixels=0 fallback_pixels=0 resident_tiles=56 fallback_tiles=0 pushes=21 tear_wait_us=3533 tear_sync=1 frame_reused=0 pass=1
[14:17:08] TINYDRAW_LIVE_PRESENT kind=chrome zoom=100 x=563 y=693 compose_us=28067 scroll_us=0 exposed_compose_us=0 chrome_us=0 read_submit_us=29271 read_complete_us=30072 transfer_wait_us=19693 tile_pixels=164864 uniform_pixels=0 overview_pixels=0 fallback_pixels=0 resident_tiles=56 fallback_tiles=0 pushes=21 tear_wait_us=251 tear_sync=1 frame_reused=0 pass=1
[14:18:29] TINYDRAW_LIVE_STROKE revision=102 operations=102 samples=4324 append_us=727517 refresh_compose_us=0 refresh_complete_us=0 ink_samples=3626 read_submit_avg_us=1430 read_submit_max_us=612493 read_complete_avg_us=1445 read_complete_max_us=612503 submit_over_16ms=1 complete_over_33ms=1 presentation_failures=0 poll_max_us=614005 touch_errors=0 touch_overflows=0 touch_moves_coalesced=44683 touch_events=36908 touch_down=41 touch_up=41 touch_events_ge_8ms=66 touch_event_age_max_us=135247 chunks=2 free_psram=3042440 largest_psram=3014656 authority_match=1
[14:18:29] TINYDRAW_LIVE_STROKE_DONE committed=1 refresh=1 commit_failed=0
[14:18:29] TINYDRAW_LIFT_BASELINE id=101 finish_preview_us=2015 builder_finish_us=56 append_us=727517 refresh_wall_us=26 refresh_x0=0 refresh_y0=0 refresh_x1=0 refresh_y1=0 refresh_compose_us=0 refresh_first_submit_us=0 refresh_first_complete_us=0 refresh_transfer_wait_us=0 stroke_logging_us=0 detected_to_poll_start_us=120002 detected_to_poll_complete_us=120011 poll_read_us=9 unattributed_tail_us=-609612 reports_dropped=0 chunks=2 committed=1 refresh=1 commit_failed=0
[14:18:29] TINYDRAW_FILL_BASELINE result=complete zoom=100 x=563 y=693 revision=102 steps=1 wall_us=938 compute_total_us=901 compute_max_us=901 present_total_us=0 present_max_us=0 tick_max_us=910 producer_failures=0 presentation_failures=0
[14:18:29] TINYDRAW_LIVE_FILL_DONE zoom=100 x=563 y=693 revision=102
[14:19:55] TINYDRAW_LIVE_STROKE revision=104 operations=104 samples=8702 append_us=830027 refresh_compose_us=0 refresh_complete_us=0 ink_samples=4377 read_submit_avg_us=1459 read_submit_max_us=727648 read_complete_avg_us=1480 read_complete_max_us=727658 submit_over_16ms=1 complete_over_33ms=1 presentation_failures=0 poll_max_us=729005 touch_errors=0 touch_overflows=0 touch_moves_coalesced=32816 touch_events=28246 touch_down=1 touch_up=1 touch_events_ge_8ms=0 touch_event_age_max_us=1245 chunks=2 free_psram=3042440 largest_psram=3014656 authority_match=1
[14:19:55] TINYDRAW_LIVE_STROKE_DONE committed=1 refresh=1 commit_failed=0
[14:19:55] TINYDRAW_LIFT_BASELINE id=102 finish_preview_us=930 builder_finish_us=102 append_us=830027 refresh_wall_us=23 refresh_x0=0 refresh_y0=0 refresh_x1=0 refresh_y1=0 refresh_compose_us=0 refresh_first_submit_us=0 refresh_first_complete_us=0 refresh_transfer_wait_us=0 stroke_logging_us=0 detected_to_poll_start_us=106998 detected_to_poll_complete_us=107007 poll_read_us=9 unattributed_tail_us=-724084 reports_dropped=0 chunks=2 committed=1 refresh=1 commit_failed=0
[14:19:56] TINYDRAW_LIVE_STROKE revision=105 operations=105 samples=8721 append_us=16612 refresh_compose_us=0 refresh_complete_us=0 ink_samples=19 read_submit_avg_us=1214 read_submit_max_us=2250 read_complete_avg_us=1233 read_complete_max_us=2354 submit_over_16ms=0 complete_over_33ms=0 presentation_failures=0 poll_max_us=107005 touch_errors=0 touch_overflows=0 touch_moves_coalesced=172 touch_events=101 touch_down=1 touch_up=1 touch_events_ge_8ms=1 touch_event_age_max_us=60214 chunks=1 free_psram=3042440 largest_psram=3014656 authority_match=1
[14:19:56] TINYDRAW_LIVE_STROKE_DONE committed=1 refresh=1 commit_failed=0
[14:19:56] TINYDRAW_LIFT_BASELINE id=103 finish_preview_us=1015 builder_finish_us=86 append_us=16612 refresh_wall_us=22 refresh_x0=0 refresh_y0=0 refresh_x1=0 refresh_y1=0 refresh_compose_us=0 refresh_first_submit_us=0 refresh_first_complete_us=0 refresh_transfer_wait_us=0 stroke_logging_us=0 detected_to_poll_start_us=19002 detected_to_poll_complete_us=19011 poll_read_us=9 unattributed_tail_us=1267 reports_dropped=0 chunks=1 committed=1 refresh=1 commit_failed=0
[14:19:56] TINYDRAW_FILL_BASELINE result=complete zoom=100 x=563 y=693 revision=105 steps=1 wall_us=996 compute_total_us=959 compute_max_us=959 present_total_us=0 present_max_us=0 tick_max_us=969 producer_failures=0 presentation_failures=0
[14:19:56] TINYDRAW_LIVE_FILL_DONE zoom=100 x=563 y=693 revision=105
[14:19:56] TINYDRAW_LIVE_STROKE revision=106 operations=106 samples=8724 append_us=5120 refresh_compose_us=0 refresh_complete_us=0 ink_samples=3 read_submit_avg_us=1159 read_submit_max_us=1231 read_complete_avg_us=1173 read_complete_max_us=1267 submit_over_16ms=0 complete_over_33ms=0 presentation_failures=0 poll_max_us=25000 touch_errors=0 touch_overflows=0 touch_moves_coalesced=19 touch_events=18 touch_down=1 touch_up=1 touch_events_ge_8ms=0 touch_event_age_max_us=1245 chunks=1 free_psram=3042440 largest_psram=3014656 authority_match=1
[14:19:56] TINYDRAW_LIVE_STROKE_DONE committed=1 refresh=1 commit_failed=0
[14:19:56] TINYDRAW_LIFT_BASELINE id=104 finish_preview_us=2014 builder_finish_us=57 append_us=5120 refresh_wall_us=23 refresh_x0=0 refresh_y0=0 refresh_x1=0 refresh_y1=0 refresh_compose_us=0 refresh_first_submit_us=0 refresh_first_complete_us=0 refresh_transfer_wait_us=0 stroke_logging_us=0 detected_to_poll_start_us=9002 detected_to_poll_complete_us=9011 poll_read_us=9 unattributed_tail_us=1788 reports_dropped=0 chunks=1 committed=1 refresh=1 commit_failed=0
[14:19:56] TINYDRAW_LIVE_STROKE revision=107 operations=107 samples=8726 append_us=5282 refresh_compose_us=0 refresh_complete_us=0 ink_samples=2 read_submit_avg_us=1444 read_submit_max_us=1669 read_complete_avg_us=1508 read_complete_max_us=1805 submit_over_16ms=0 complete_over_33ms=0 presentation_failures=0 poll_max_us=9005 touch_errors=0 touch_overflows=0 touch_moves_coalesced=57 touch_events=8 touch_down=1 touch_up=1 touch_events_ge_8ms=1 touch_event_age_max_us=51248 chunks=1 free_psram=3042440 largest_psram=3014656 authority_match=1
[14:19:56] TINYDRAW_LIVE_STROKE_DONE committed=1 refresh=1 commit_failed=0
[14:19:56] TINYDRAW_LIFT_BASELINE id=105 finish_preview_us=2012 builder_finish_us=52 append_us=5282 refresh_wall_us=22 refresh_x0=0 refresh_y0=0 refresh_x1=0 refresh_y1=0 refresh_compose_us=0 refresh_first_submit_us=0 refresh_first_complete_us=0 refresh_transfer_wait_us=0 stroke_logging_us=0 detected_to_poll_start_us=8998 detected_to_poll_complete_us=9007 poll_read_us=9 unattributed_tail_us=1630 reports_dropped=0 chunks=1 committed=1 refresh=1 commit_failed=0
[14:19:56] TINYDRAW_FILL_BASELINE result=complete zoom=100 x=563 y=693 revision=107 steps=1 wall_us=822 compute_total_us=760 compute_max_us=760 present_total_us=0 present_max_us=0 tick_max_us=779 producer_failures=0 presentation_failures=0
[14:19:56] TINYDRAW_LIVE_FILL_DONE zoom=100 x=563 y=693 revision=107
[14:19:57] TINYDRAW_LIVE_STROKE revision=108 operations=108 samples=8735 append_us=11664 refresh_compose_us=0 refresh_complete_us=0 ink_samples=9 read_submit_avg_us=1328 read_submit_max_us=2006 read_complete_avg_us=1345 read_complete_max_us=2020 submit_over_16ms=0 complete_over_33ms=0 presentation_failures=0 poll_max_us=25000 touch_errors=0 touch_overflows=0 touch_moves_coalesced=49 touch_events=45 touch_down=1 touch_up=1 touch_events_ge_8ms=0 touch_event_age_max_us=1244 chunks=1 free_psram=3042440 largest_psram=3014656 authority_match=1
[14:19:57] TINYDRAW_LIVE_STROKE_DONE committed=1 refresh=1 commit_failed=0
[14:19:57] TINYDRAW_LIFT_BASELINE id=106 finish_preview_us=1021 builder_finish_us=56 append_us=11664 refresh_wall_us=23 refresh_x0=0 refresh_y0=0 refresh_x1=0 refresh_y1=0 refresh_compose_us=0 refresh_first_submit_us=0 refresh_first_complete_us=0 refresh_transfer_wait_us=0 stroke_logging_us=0 detected_to_poll_start_us=14002 detected_to_poll_complete_us=14011 poll_read_us=9 unattributed_tail_us=1238 reports_dropped=0 chunks=1 committed=1 refresh=1 commit_failed=0
[14:19:57] TINYDRAW_LIVE_STROKE revision=109 operations=109 samples=8737 append_us=5012 refresh_compose_us=0 refresh_complete_us=0 ink_samples=2 read_submit_avg_us=980 read_submit_max_us=1008 read_complete_avg_us=974 read_complete_max_us=1014 submit_over_16ms=0 complete_over_33ms=0 presentation_failures=0 poll_max_us=14005 touch_errors=0 touch_overflows=0 touch_moves_coalesced=58 touch_events=5 touch_down=1 touch_up=1 touch_events_ge_8ms=1 touch_event_age_max_us=55252 chunks=1 free_psram=3042440 largest_psram=3014656 authority_match=1
[14:19:57] TINYDRAW_LIVE_STROKE_DONE committed=1 refresh=1 commit_failed=0
[14:19:57] TINYDRAW_LIFT_BASELINE id=107 finish_preview_us=1056 builder_finish_us=53 append_us=5012 refresh_wall_us=22 refresh_x0=0 refresh_y0=0 refresh_x1=0 refresh_y1=0 refresh_compose_us=0 refresh_first_submit_us=0 refresh_first_complete_us=0 refresh_transfer_wait_us=0 stroke_logging_us=0 detected_to_poll_start_us=8002 detected_to_poll_complete_us=8011 poll_read_us=9 unattributed_tail_us=1859 reports_dropped=0 chunks=1 committed=1 refresh=1 commit_failed=0
[14:19:57] TINYDRAW_FILL_BASELINE result=complete zoom=100 x=563 y=693 revision=109 steps=1 wall_us=816 compute_total_us=757 compute_max_us=757 present_total_us=0 present_max_us=0 tick_max_us=775 producer_failures=0 presentation_failures=0
[14:19:57] TINYDRAW_LIVE_FILL_DONE zoom=100 x=563 y=693 revision=109
[14:19:57] TINYDRAW_LIVE_STROKE revision=110 operations=110 samples=8751 append_us=8008 refresh_compose_us=0 refresh_complete_us=0 ink_samples=14 read_submit_avg_us=1242 read_submit_max_us=1953 read_complete_avg_us=1248 read_complete_max_us=1967 submit_over_16ms=0 complete_over_33ms=0 presentation_failures=0 poll_max_us=25000 touch_errors=0 touch_overflows=0 touch_moves_coalesced=100 touch_events=97 touch_down=1 touch_up=1 touch_events_ge_8ms=0 touch_event_age_max_us=1242 chunks=1 free_psram=3042440 largest_psram=3014656 authority_match=1
[14:19:57] TINYDRAW_LIVE_STROKE_DONE committed=1 refresh=1 commit_failed=0
[14:19:57] TINYDRAW_LIFT_BASELINE id=108 finish_preview_us=1039 builder_finish_us=59 append_us=8008 refresh_wall_us=24 refresh_x0=0 refresh_y0=0 refresh_x1=0 refresh_y1=0 refresh_compose_us=0 refresh_first_submit_us=0 refresh_first_complete_us=0 refresh_transfer_wait_us=0 stroke_logging_us=0 detected_to_poll_start_us=11002 detected_to_poll_complete_us=11011 poll_read_us=9 unattributed_tail_us=1872 reports_dropped=0 chunks=1 committed=1 refresh=1 commit_failed=0
[14:19:57] TINYDRAW_FILL_BASELINE result=complete zoom=100 x=563 y=693 revision=110 steps=1 wall_us=1020 compute_total_us=983 compute_max_us=983 present_total_us=0 present_max_us=0 tick_max_us=993 producer_failures=0 presentation_failures=0
[14:19:57] TINYDRAW_LIVE_FILL_DONE zoom=100 x=563 y=693 revision=110
[14:19:57] TINYDRAW_LIVE_STROKE revision=111 operations=111 samples=8758 append_us=7258 refresh_compose_us=0 refresh_complete_us=0 ink_samples=7 read_submit_avg_us=1154 read_submit_max_us=1472 read_complete_avg_us=1168 read_complete_max_us=1491 submit_over_16ms=0 complete_over_33ms=0 presentation_failures=0 poll_max_us=25000 touch_errors=0 touch_overflows=0 touch_moves_coalesced=44 touch_events=42 touch_down=1 touch_up=1 touch_events_ge_8ms=0 touch_event_age_max_us=1236 chunks=1 free_psram=3042440 largest_psram=3014656 authority_match=1
[14:19:57] TINYDRAW_LIVE_STROKE_DONE committed=1 refresh=1 commit_failed=0
[14:19:57] TINYDRAW_LIFT_BASELINE id=109 finish_preview_us=1035 builder_finish_us=56 append_us=7258 refresh_wall_us=24 refresh_x0=0 refresh_y0=0 refresh_x1=0 refresh_y1=0 refresh_compose_us=0 refresh_first_submit_us=0 refresh_first_complete_us=0 refresh_transfer_wait_us=0 stroke_logging_us=0 detected_to_poll_start_us=10003 detected_to_poll_complete_us=10012 poll_read_us=9 unattributed_tail_us=1630 reports_dropped=0 chunks=1 committed=1 refresh=1 commit_failed=0
[14:19:57] TINYDRAW_FILL_BASELINE result=complete zoom=100 x=563 y=693 revision=111 steps=1 wall_us=989 compute_total_us=946 compute_max_us=946 present_total_us=0 present_max_us=0 tick_max_us=960 producer_failures=0 presentation_failures=0
[14:19:57] TINYDRAW_LIVE_FILL_DONE zoom=100 x=563 y=693 revision=111
[14:19:58] TINYDRAW_LIVE_STROKE revision=112 operations=112 samples=8763 append_us=7273 refresh_compose_us=0 refresh_complete_us=0 ink_samples=5 read_submit_avg_us=1339 read_submit_max_us=1780 read_complete_avg_us=1344 read_complete_max_us=1786 submit_over_16ms=0 complete_over_33ms=0 presentation_failures=0 poll_max_us=25000 touch_errors=0 touch_overflows=0 touch_moves_coalesced=44 touch_events=44 touch_down=1 touch_up=1 touch_events_ge_8ms=0 touch_event_age_max_us=1240 chunks=1 free_psram=3042440 largest_psram=3014656 authority_match=1
[14:19:58] TINYDRAW_LIVE_STROKE_DONE committed=1 refresh=1 commit_failed=0
[14:19:58] TINYDRAW_LIFT_BASELINE id=110 finish_preview_us=1829 builder_finish_us=69 append_us=7273 refresh_wall_us=24 refresh_x0=0 refresh_y0=0 refresh_x1=0 refresh_y1=0 refresh_compose_us=0 refresh_first_submit_us=0 refresh_first_complete_us=0 refresh_transfer_wait_us=0 stroke_logging_us=0 detected_to_poll_start_us=11002 detected_to_poll_complete_us=11011 poll_read_us=9 unattributed_tail_us=1807 reports_dropped=0 chunks=1 committed=1 refresh=1 commit_failed=0
[14:19:58] TINYDRAW_LIVE_STROKE revision=113 operations=113 samples=8764 append_us=4764 refresh_compose_us=0 refresh_complete_us=0 ink_samples=2 read_submit_avg_us=794 read_submit_max_us=940 read_complete_avg_us=781 read_complete_max_us=924 submit_over_16ms=0 complete_over_33ms=0 presentation_failures=0 poll_max_us=11005 touch_errors=0 touch_overflows=0 touch_moves_coalesced=32 touch_events=32 touch_down=1 touch_up=1 touch_events_ge_8ms=0 touch_event_age_max_us=2248 chunks=1 free_psram=3042440 largest_psram=3014656 authority_match=1
[14:19:58] TINYDRAW_LIVE_STROKE_DONE committed=1 refresh=1 commit_failed=0
[14:19:58] TINYDRAW_LIFT_BASELINE id=111 finish_preview_us=702 builder_finish_us=86 append_us=4764 refresh_wall_us=22 refresh_x0=0 refresh_y0=0 refresh_x1=0 refresh_y1=0 refresh_compose_us=0 refresh_first_submit_us=0 refresh_first_complete_us=0 refresh_transfer_wait_us=0 stroke_logging_us=0 detected_to_poll_start_us=7002 detected_to_poll_complete_us=7011 poll_read_us=9 unattributed_tail_us=1428 reports_dropped=0 chunks=1 committed=1 refresh=1 commit_failed=0
[14:19:58] TINYDRAW_FILL_BASELINE result=complete zoom=100 x=563 y=693 revision=113 steps=1 wall_us=805 compute_total_us=754 compute_max_us=754 present_total_us=0 present_max_us=0 tick_max_us=763 producer_failures=0 presentation_failures=0
[14:19:58] TINYDRAW_LIVE_FILL_DONE zoom=100 x=563 y=693 revision=113
[14:19:58] TINYDRAW_LIVE_STROKE revision=114 operations=114 samples=8767 append_us=4910 refresh_compose_us=0 refresh_complete_us=0 ink_samples=3 read_submit_avg_us=1107 read_submit_max_us=1235 read_complete_avg_us=1114 read_complete_max_us=1242 submit_over_16ms=0 complete_over_33ms=0 presentation_failures=0 poll_max_us=25000 touch_errors=0 touch_overflows=0 touch_moves_coalesced=17 touch_events=19 touch_down=1 touch_up=1 touch_events_ge_8ms=0 touch_event_age_max_us=1240 chunks=1 free_psram=3042440 largest_psram=3014656 authority_match=1
[14:19:58] TINYDRAW_LIVE_STROKE_DONE committed=1 refresh=1 commit_failed=0
[14:19:58] TINYDRAW_LIFT_BASELINE id=112 finish_preview_us=999 builder_finish_us=77 append_us=4910 refresh_wall_us=24 refresh_x0=0 refresh_y0=0 refresh_x1=0 refresh_y1=0 refresh_compose_us=0 refresh_first_submit_us=0 refresh_first_complete_us=0 refresh_transfer_wait_us=0 stroke_logging_us=0 detected_to_poll_start_us=8002 detected_to_poll_complete_us=8011 poll_read_us=9 unattributed_tail_us=1992 reports_dropped=0 chunks=1 committed=1 refresh=1 commit_failed=0
[14:19:58] TINYDRAW_FILL_BASELINE result=complete zoom=100 x=563 y=693 revision=114 steps=1 wall_us=816 compute_total_us=753 compute_max_us=753 present_total_us=0 present_max_us=0 tick_max_us=774 producer_failures=0 presentation_failures=0
[14:19:58] TINYDRAW_LIVE_FILL_DONE zoom=100 x=563 y=693 revision=114
[14:20:01] TINYDRAW_LIVE_STROKE revision=115 operations=115 samples=8768 append_us=4768 refresh_compose_us=0 refresh_complete_us=0 ink_samples=2 read_submit_avg_us=795 read_submit_max_us=955 read_complete_avg_us=775 read_complete_max_us=932 submit_over_16ms=0 complete_over_33ms=0 presentation_failures=0 poll_max_us=25000 touch_errors=0 touch_overflows=0 touch_moves_coalesced=24 touch_events=26 touch_down=1 touch_up=1 touch_events_ge_8ms=0 touch_event_age_max_us=1242 chunks=1 free_psram=3042440 largest_psram=3014656 authority_match=1
[14:20:01] TINYDRAW_LIVE_STROKE_DONE committed=1 refresh=1 commit_failed=0
[14:20:01] TINYDRAW_LIFT_BASELINE id=113 finish_preview_us=687 builder_finish_us=84 append_us=4768 refresh_wall_us=22 refresh_x0=0 refresh_y0=0 refresh_x1=0 refresh_y1=0 refresh_compose_us=0 refresh_first_submit_us=0 refresh_first_complete_us=0 refresh_transfer_wait_us=0 stroke_logging_us=0 detected_to_poll_start_us=6998 detected_to_poll_complete_us=7007 poll_read_us=9 unattributed_tail_us=1437 reports_dropped=0 chunks=1 committed=1 refresh=1 commit_failed=0
[14:20:02] TINYDRAW_FILL_BASELINE result=complete zoom=100 x=563 y=693 revision=115 steps=1 wall_us=808 compute_total_us=758 compute_max_us=758 present_total_us=0 present_max_us=0 tick_max_us=766 producer_failures=0 presentation_failures=0
[14:20:02] TINYDRAW_LIVE_FILL_DONE zoom=100 x=563 y=693 revision=115
[14:20:02] TINYDRAW_LIVE_STROKE revision=116 operations=116 samples=8799 append_us=13646 refresh_compose_us=0 refresh_complete_us=0 ink_samples=31 read_submit_avg_us=1177 read_submit_max_us=1436 read_complete_avg_us=1191 read_complete_max_us=1451 submit_over_16ms=0 complete_over_33ms=0 presentation_failures=0 poll_max_us=25000 touch_errors=0 touch_overflows=0 touch_moves_coalesced=221 touch_events=201 touch_down=1 touch_up=1 touch_events_ge_8ms=0 touch_event_age_max_us=1246 chunks=1 free_psram=3042440 largest_psram=3014656 authority_match=1
[14:20:02] TINYDRAW_LIVE_STROKE_DONE committed=1 refresh=1 commit_failed=0
[14:20:02] TINYDRAW_LIFT_BASELINE id=114 finish_preview_us=994 builder_finish_us=79 append_us=13646 refresh_wall_us=24 refresh_x0=0 refresh_y0=0 refresh_x1=0 refresh_y1=0 refresh_compose_us=0 refresh_first_submit_us=0 refresh_first_complete_us=0 refresh_transfer_wait_us=0 stroke_logging_us=0 detected_to_poll_start_us=16002 detected_to_poll_complete_us=16011 poll_read_us=9 unattributed_tail_us=1259 reports_dropped=0 chunks=1 committed=1 refresh=1 commit_failed=0
[14:20:02] TINYDRAW_FILL_BASELINE result=complete zoom=100 x=563 y=693 revision=116 steps=1 wall_us=986 compute_total_us=944 compute_max_us=944 present_total_us=0 present_max_us=0 tick_max_us=959 producer_failures=0 presentation_failures=0
[14:20:02] TINYDRAW_LIVE_FILL_DONE zoom=100 x=563 y=693 revision=116
[14:20:02] TINYDRAW_LIVE_STROKE revision=117 operations=117 samples=8800 append_us=4742 refresh_compose_us=0 refresh_complete_us=0 ink_samples=2 read_submit_avg_us=998 read_submit_max_us=1201 read_complete_avg_us=995 read_complete_max_us=1205 submit_over_16ms=0 complete_over_33ms=0 presentation_failures=0 poll_max_us=25000 touch_errors=0 touch_overflows=0 touch_moves_coalesced=6 touch_events=6 touch_down=1 touch_up=1 touch_events_ge_8ms=0 touch_event_age_max_us=1240 chunks=1 free_psram=3042440 largest_psram=3014656 authority_match=1
[14:20:02] TINYDRAW_LIVE_STROKE_DONE committed=1 refresh=1 commit_failed=0
[14:20:02] TINYDRAW_LIFT_BASELINE id=115 finish_preview_us=830 builder_finish_us=48 append_us=4742 refresh_wall_us=23 refresh_x0=0 refresh_y0=0 refresh_x1=0 refresh_y1=0 refresh_compose_us=0 refresh_first_submit_us=0 refresh_first_complete_us=0 refresh_transfer_wait_us=0 stroke_logging_us=0 detected_to_poll_start_us=7002 detected_to_poll_complete_us=7011 poll_read_us=9 unattributed_tail_us=1359 reports_dropped=0 chunks=1 committed=1 refresh=1 commit_failed=0
[14:20:02] TINYDRAW_FILL_BASELINE result=complete zoom=100 x=563 y=693 revision=117 steps=1 wall_us=810 compute_total_us=758 compute_max_us=758 present_total_us=0 present_max_us=0 tick_max_us=768 producer_failures=0 presentation_failures=0
[14:20:02] TINYDRAW_LIVE_FILL_DONE zoom=100 x=563 y=693 revision=117
[14:20:03] TINYDRAW_LIVE_STROKE revision=118 operations=118 samples=8802 append_us=4941 refresh_compose_us=0 refresh_complete_us=0 ink_samples=2 read_submit_avg_us=1122 read_submit_max_us=1233 read_complete_avg_us=1118 read_complete_max_us=1237 submit_over_16ms=0 complete_over_33ms=0 presentation_failures=0 poll_max_us=25000 touch_errors=0 touch_overflows=0 touch_moves_coalesced=19 touch_events=19 touch_down=1 touch_up=1 touch_events_ge_8ms=0 touch_event_age_max_us=1243 chunks=1 free_psram=3042440 largest_psram=3014656 authority_match=1
[14:20:03] TINYDRAW_LIVE_STROKE_DONE committed=1 refresh=1 commit_failed=0
[14:20:03] TINYDRAW_LIFT_BASELINE id=116 finish_preview_us=1049 builder_finish_us=54 append_us=4941 refresh_wall_us=23 refresh_x0=0 refresh_y0=0 refresh_x1=0 refresh_y1=0 refresh_compose_us=0 refresh_first_submit_us=0 refresh_first_complete_us=0 refresh_transfer_wait_us=0 stroke_logging_us=0 detected_to_poll_start_us=8002 detected_to_poll_complete_us=8011 poll_read_us=9 unattributed_tail_us=1935 reports_dropped=0 chunks=1 committed=1 refresh=1 commit_failed=0
[14:20:03] TINYDRAW_FILL_BASELINE result=complete zoom=100 x=563 y=693 revision=118 steps=1 wall_us=818 compute_total_us=753 compute_max_us=753 present_total_us=0 present_max_us=0 tick_max_us=775 producer_failures=0 presentation_failures=0
[14:20:03] TINYDRAW_LIVE_FILL_DONE zoom=100 x=563 y=693 revision=118
[14:20:03] TINYDRAW_LIVE_STROKE revision=119 operations=119 samples=8803 append_us=4791 refresh_compose_us=0 refresh_complete_us=0 ink_samples=2 read_submit_avg_us=855 read_submit_max_us=1050 read_complete_avg_us=846 read_complete_max_us=1042 submit_over_16ms=0 complete_over_33ms=0 presentation_failures=0 poll_max_us=25000 touch_errors=0 touch_overflows=0 touch_moves_coalesced=6 touch_events=6 touch_down=1 touch_up=1 touch_events_ge_8ms=0 touch_event_age_max_us=1242 chunks=1 free_psram=3042440 largest_psram=3014656 authority_match=1
[14:20:03] TINYDRAW_LIVE_STROKE_DONE committed=1 refresh=1 commit_failed=0
[14:20:03] TINYDRAW_LIFT_BASELINE id=117 finish_preview_us=714 builder_finish_us=69 append_us=4791 refresh_wall_us=22 refresh_x0=0 refresh_y0=0 refresh_x1=0 refresh_y1=0 refresh_compose_us=0 refresh_first_submit_us=0 refresh_first_complete_us=0 refresh_transfer_wait_us=0 stroke_logging_us=0 detected_to_poll_start_us=7002 detected_to_poll_complete_us=7011 poll_read_us=9 unattributed_tail_us=1406 reports_dropped=0 chunks=1 committed=1 refresh=1 commit_failed=0
[14:20:03] TINYDRAW_LIVE_STROKE revision=120 operations=120 samples=8811 append_us=11789 refresh_compose_us=0 refresh_complete_us=0 ink_samples=8 read_submit_avg_us=1211 read_submit_max_us=1855 read_complete_avg_us=1233 read_complete_max_us=1949 submit_over_16ms=0 complete_over_33ms=0 presentation_failures=0 poll_max_us=7005 touch_errors=0 touch_overflows=0 touch_moves_coalesced=96 touch_events=43 touch_down=1 touch_up=1 touch_events_ge_8ms=1 touch_event_age_max_us=49248 chunks=1 free_psram=3042440 largest_psram=3014656 authority_match=1
[14:20:03] TINYDRAW_LIVE_STROKE_DONE committed=1 refresh=1 commit_failed=0
[14:20:03] TINYDRAW_LIFT_BASELINE id=118 finish_preview_us=1221 builder_finish_us=56 append_us=11789 refresh_wall_us=24 refresh_x0=0 refresh_y0=0 refresh_x1=0 refresh_y1=0 refresh_compose_us=0 refresh_first_submit_us=0 refresh_first_complete_us=0 refresh_transfer_wait_us=0 stroke_logging_us=0 detected_to_poll_start_us=15002 detected_to_poll_complete_us=15011 poll_read_us=9 unattributed_tail_us=1912 reports_dropped=0 chunks=1 committed=1 refresh=1 commit_failed=0
[14:20:03] TINYDRAW_LIVE_STROKE revision=121 operations=121 samples=8812 append_us=4931 refresh_compose_us=0 refresh_complete_us=0 ink_samples=2 read_submit_avg_us=818 read_submit_max_us=979 read_complete_avg_us=816 read_complete_max_us=983 submit_over_16ms=0 complete_over_33ms=0 presentation_failures=0 poll_max_us=15005 touch_errors=0 touch_overflows=0 touch_moves_coalesced=10 touch_events=3 touch_down=1 touch_up=1 touch_events_ge_8ms=3 touch_event_age_max_us=32248 chunks=1 free_psram=3042440 largest_psram=3014656 authority_match=1
[14:20:03] TINYDRAW_LIVE_STROKE_DONE committed=1 refresh=1 commit_failed=0
[14:20:03] TINYDRAW_LIFT_BASELINE id=119 finish_preview_us=720 builder_finish_us=54 append_us=4931 refresh_wall_us=29 refresh_x0=0 refresh_y0=0 refresh_x1=0 refresh_y1=0 refresh_compose_us=0 refresh_first_submit_us=0 refresh_first_complete_us=0 refresh_transfer_wait_us=0 stroke_logging_us=0 detected_to_poll_start_us=6999 detected_to_poll_complete_us=7008 poll_read_us=9 unattributed_tail_us=1265 reports_dropped=0 chunks=1 committed=1 refresh=1 commit_failed=0
[14:20:04] TINYDRAW_LIVE_STROKE revision=122 operations=122 samples=8816 append_us=7179 refresh_compose_us=0 refresh_complete_us=0 ink_samples=4 read_submit_avg_us=1221 read_submit_max_us=1307 read_complete_avg_us=1231 read_complete_max_us=1326 submit_over_16ms=0 complete_over_33ms=0 presentation_failures=0 poll_max_us=7005 touch_errors=0 touch_overflows=0 touch_moves_coalesced=49 touch_events=14 touch_down=1 touch_up=1 touch_events_ge_8ms=1 touch_event_age_max_us=34248 chunks=1 free_psram=3042440 largest_psram=3014656 authority_match=1
[14:20:04] TINYDRAW_LIVE_STROKE_DONE committed=1 refresh=1 commit_failed=0
[14:20:04] TINYDRAW_LIFT_BASELINE id=120 finish_preview_us=1111 builder_finish_us=56 append_us=7179 refresh_wall_us=22 refresh_x0=0 refresh_y0=0 refresh_x1=0 refresh_y1=0 refresh_compose_us=0 refresh_first_submit_us=0 refresh_first_complete_us=0 refresh_transfer_wait_us=0 stroke_logging_us=0 detected_to_poll_start_us=10002 detected_to_poll_complete_us=10011 poll_read_us=9 unattributed_tail_us=1634 reports_dropped=0 chunks=1 committed=1 refresh=1 commit_failed=0
[14:20:04] TINYDRAW_FILL_BASELINE result=complete zoom=100 x=563 y=693 revision=122 steps=1 wall_us=1014 compute_total_us=977 compute_max_us=977 present_total_us=0 present_max_us=0 tick_max_us=987 producer_failures=0 presentation_failures=0
[14:20:04] TINYDRAW_LIVE_FILL_DONE zoom=100 x=563 y=693 revision=122
[14:20:04] TINYDRAW_LIVE_STROKE revision=123 operations=123 samples=8818 append_us=5008 refresh_compose_us=0 refresh_complete_us=0 ink_samples=2 read_submit_avg_us=1167 read_submit_max_us=1254 read_complete_avg_us=1169 read_complete_max_us=1243 submit_over_16ms=0 complete_over_33ms=0 presentation_failures=0 poll_max_us=25000 touch_errors=0 touch_overflows=0 touch_moves_coalesced=12 touch_events=13 touch_down=1 touch_up=1 touch_events_ge_8ms=0 touch_event_age_max_us=248 chunks=1 free_psram=3042440 largest_psram=3014656 authority_match=1
[14:20:04] TINYDRAW_LIVE_STROKE_DONE committed=1 refresh=1 commit_failed=0
[14:20:04] TINYDRAW_LIFT_BASELINE id=121 finish_preview_us=2014 builder_finish_us=52 append_us=5008 refresh_wall_us=22 refresh_x0=0 refresh_y0=0 refresh_x1=0 refresh_y1=0 refresh_compose_us=0 refresh_first_submit_us=0 refresh_first_complete_us=0 refresh_transfer_wait_us=0 stroke_logging_us=0 detected_to_poll_start_us=9002 detected_to_poll_complete_us=9011 poll_read_us=9 unattributed_tail_us=1906 reports_dropped=0 chunks=1 committed=1 refresh=1 commit_failed=0
[14:20:04] TINYDRAW_FILL_BASELINE result=complete zoom=100 x=563 y=693 revision=123 steps=1 wall_us=809 compute_total_us=752 compute_max_us=752 present_total_us=0 present_max_us=0 tick_max_us=762 producer_failures=0 presentation_failures=0
[14:20:04] TINYDRAW_LIVE_FILL_DONE zoom=100 x=563 y=693 revision=123
[14:20:04] TINYDRAW_LIVE_STROKE revision=124 operations=124 samples=8819 append_us=4770 refresh_compose_us=0 refresh_complete_us=0 ink_samples=2 read_submit_avg_us=850 read_submit_max_us=1031 read_complete_avg_us=841 read_complete_max_us=1021 submit_over_16ms=0 complete_over_33ms=0 presentation_failures=0 poll_max_us=25000 touch_errors=0 touch_overflows=0 touch_moves_coalesced=12 touch_events=13 touch_down=1 touch_up=1 touch_events_ge_8ms=0 touch_event_age_max_us=262 chunks=1 free_psram=3042440 largest_psram=3014656 authority_match=1
[14:20:04] TINYDRAW_LIVE_STROKE_DONE committed=1 refresh=1 commit_failed=0
[14:20:04] TINYDRAW_LIFT_BASELINE id=122 finish_preview_us=721 builder_finish_us=71 append_us=4770 refresh_wall_us=22 refresh_x0=0 refresh_y0=0 refresh_x1=0 refresh_y1=0 refresh_compose_us=0 refresh_first_submit_us=0 refresh_first_complete_us=0 refresh_transfer_wait_us=0 stroke_logging_us=0 detected_to_poll_start_us=7002 detected_to_poll_complete_us=7011 poll_read_us=9 unattributed_tail_us=1418 reports_dropped=0 chunks=1 committed=1 refresh=1 commit_failed=0
[14:20:04] TINYDRAW_FILL_BASELINE result=complete zoom=100 x=563 y=693 revision=124 steps=1 wall_us=806 compute_total_us=755 compute_max_us=755 present_total_us=0 present_max_us=0 tick_max_us=764 producer_failures=0 presentation_failures=0
[14:20:04] TINYDRAW_LIVE_FILL_DONE zoom=100 x=563 y=693 revision=124
[14:20:06] TINYDRAW_LIVE_STROKE revision=125 operations=125 samples=8820 append_us=4768 refresh_compose_us=0 refresh_complete_us=0 ink_samples=2 read_submit_avg_us=811 read_submit_max_us=972 read_complete_avg_us=793 read_complete_max_us=948 submit_over_16ms=0 complete_over_33ms=0 presentation_failures=0 poll_max_us=25000 touch_errors=0 touch_overflows=0 touch_moves_coalesced=17 touch_events=19 touch_down=1 touch_up=1 touch_events_ge_8ms=0 touch_event_age_max_us=1245 chunks=1 free_psram=3042440 largest_psram=3014656 authority_match=1
[14:20:06] TINYDRAW_LIVE_STROKE_DONE committed=1 refresh=1 commit_failed=0
[14:20:06] TINYDRAW_LIFT_BASELINE id=123 finish_preview_us=704 builder_finish_us=76 append_us=4768 refresh_wall_us=22 refresh_x0=0 refresh_y0=0 refresh_x1=0 refresh_y1=0 refresh_compose_us=0 refresh_first_submit_us=0 refresh_first_complete_us=0 refresh_transfer_wait_us=0 stroke_logging_us=0 detected_to_poll_start_us=7002 detected_to_poll_complete_us=7011 poll_read_us=9 unattributed_tail_us=1432 reports_dropped=0 chunks=1 committed=1 refresh=1 commit_failed=0
[14:20:06] TINYDRAW_FILL_BASELINE result=complete zoom=100 x=563 y=693 revision=125 steps=1 wall_us=805 compute_total_us=757 compute_max_us=757 present_total_us=0 present_max_us=0 tick_max_us=766 producer_failures=0 presentation_failures=0
[14:20:06] TINYDRAW_LIVE_FILL_DONE zoom=100 x=563 y=693 revision=125
[14:20:08] TINYDRAW_LIVE_STROKE revision=126 operations=126 samples=8837 append_us=5613 refresh_compose_us=0 refresh_complete_us=0 ink_samples=18 read_submit_avg_us=1096 read_submit_max_us=1249 read_complete_avg_us=1085 read_complete_max_us=1240 submit_over_16ms=0 complete_over_33ms=0 presentation_failures=0 poll_max_us=25000 touch_errors=0 touch_overflows=0 touch_moves_coalesced=174 touch_events=174 touch_down=1 touch_up=1 touch_events_ge_8ms=0 touch_event_age_max_us=1242 chunks=1 free_psram=3042440 largest_psram=3014656 authority_match=1
[14:20:08] TINYDRAW_LIVE_STROKE_DONE committed=1 refresh=1 commit_failed=0
[14:20:08] TINYDRAW_LIFT_BASELINE id=124 finish_preview_us=1026 builder_finish_us=77 append_us=5613 refresh_wall_us=37 refresh_x0=0 refresh_y0=0 refresh_x1=0 refresh_y1=0 refresh_compose_us=0 refresh_first_submit_us=0 refresh_first_complete_us=0 refresh_transfer_wait_us=0 stroke_logging_us=0 detected_to_poll_start_us=8002 detected_to_poll_complete_us=8011 poll_read_us=9 unattributed_tail_us=1249 reports_dropped=0 chunks=1 committed=1 refresh=1 commit_failed=0
[14:20:08] TINYDRAW_FILL_BASELINE result=complete zoom=100 x=563 y=693 revision=126 steps=1 wall_us=823 compute_total_us=767 compute_max_us=767 present_total_us=0 present_max_us=0 tick_max_us=777 producer_failures=0 presentation_failures=0
[14:20:08] TINYDRAW_LIVE_FILL_DONE zoom=100 x=563 y=693 revision=126
[14:20:42] TINYDRAW_LIVE_PRESENT kind=zoom zoom=200 x=1310 y=1572 compose_us=25765 scroll_us=0 exposed_compose_us=0 chrome_us=0 read_submit_us=42872 read_complete_us=43672 transfer_wait_us=20128 tile_pixels=0 uniform_pixels=0 overview_pixels=0 fallback_pixels=164864 resident_tiles=0 fallback_tiles=56 pushes=21 tear_wait_us=16209 tear_sync=1 frame_reused=0 pass=1
[14:20:43] TINYDRAW_FILL_BASELINE result=complete zoom=200 x=1310 y=1572 revision=126 steps=1410 wall_us=1225947 compute_total_us=1028732 compute_max_us=9373 present_total_us=70625 present_max_us=7424 tick_max_us=9384 producer_failures=0 presentation_failures=0
[14:20:43] TINYDRAW_LIVE_FILL_DONE zoom=200 x=1310 y=1572 revision=126
[14:20:44] TINYDRAW_LIVE_PRESENT kind=zoom zoom=400 x=2804 y=3330 compose_us=25166 scroll_us=0 exposed_compose_us=0 chrome_us=0 read_submit_us=27763 read_complete_us=28564 transfer_wait_us=20237 tile_pixels=0 uniform_pixels=0 overview_pixels=0 fallback_pixels=164864 resident_tiles=0 fallback_tiles=56 pushes=21 tear_wait_us=1752 tear_sync=1 frame_reused=0 pass=1
[14:20:45] TINYDRAW_FILL_BASELINE result=complete zoom=400 x=2804 y=3330 revision=126 steps=1476 wall_us=1101009 compute_total_us=906467 compute_max_us=6348 present_total_us=60154 present_max_us=6989 tick_max_us=6361 producer_failures=0 presentation_failures=0
[14:20:45] TINYDRAW_LIVE_FILL_DONE zoom=400 x=2804 y=3330 revision=126
[14:20:45] TINYDRAW_LIVE_PRESENT kind=zoom zoom=25 x=0 y=0 compose_us=35136 scroll_us=0 exposed_compose_us=0 chrome_us=0 read_submit_us=41881 read_complete_us=42682 transfer_wait_us=20119 tile_pixels=0 uniform_pixels=0 overview_pixels=164864 fallback_pixels=0 resident_tiles=0 fallback_tiles=0 pushes=21 tear_wait_us=5869 tear_sync=1 frame_reused=0 pass=1
[14:20:47] TINYDRAW_LIVE_PRESENT kind=zoom zoom=50 x=184 y=262 compose_us=28655 scroll_us=0 exposed_compose_us=0 chrome_us=0 read_submit_us=34376 read_complete_us=35178 transfer_wait_us=19621 tile_pixels=68864 uniform_pixels=0 overview_pixels=0 fallback_pixels=96000 resident_tiles=24 fallback_tiles=32 pushes=21 tear_wait_us=4907 tear_sync=1 frame_reused=0 pass=1
[14:20:47] TINYDRAW_FILL_BASELINE result=complete zoom=50 x=184 y=262 revision=126 steps=542 wall_us=580879 compute_total_us=491010 compute_max_us=11407 present_total_us=40476 present_max_us=8134 tick_max_us=11429 producer_failures=0 presentation_failures=0
[14:20:47] TINYDRAW_LIVE_FILL_DONE zoom=50 x=184 y=262 revision=126
[14:20:49] TINYDRAW_LIVE_PRESENT kind=zoom zoom=100 x=563 y=693 compose_us=28121 scroll_us=0 exposed_compose_us=0 chrome_us=0 read_submit_us=29411 read_complete_us=30213 transfer_wait_us=19589 tile_pixels=160768 uniform_pixels=4096 overview_pixels=0 fallback_pixels=0 resident_tiles=56 fallback_tiles=0 pushes=21 tear_wait_us=417 tear_sync=1 frame_reused=0 pass=1
[14:20:49] TINYDRAW_FILL_BASELINE result=complete zoom=100 x=563 y=693 revision=126 steps=1 wall_us=978 compute_total_us=939 compute_max_us=939 present_total_us=0 present_max_us=0 tick_max_us=947 producer_failures=0 presentation_failures=0
[14:20:49] TINYDRAW_LIVE_FILL_DONE zoom=100 x=563 y=693 revision=126
[14:20:50] TINYDRAW_LIVE_PRESENT kind=chrome zoom=100 x=563 y=693 compose_us=38612 scroll_us=0 exposed_compose_us=0 chrome_us=0 read_submit_us=51014 read_complete_us=51816 transfer_wait_us=19954 tile_pixels=160768 uniform_pixels=4096 overview_pixels=0 fallback_pixels=0 resident_tiles=56 fallback_tiles=0 pushes=21 tear_wait_us=11587 tear_sync=1 frame_reused=0 pass=1
[14:20:50] TINYDRAW_LIVE_PRESENT kind=chrome zoom=100 x=563 y=693 compose_us=28106 scroll_us=0 exposed_compose_us=0 chrome_us=0 read_submit_us=42529 read_complete_us=43326 transfer_wait_us=19438 tile_pixels=160768 uniform_pixels=4096 overview_pixels=0 fallback_pixels=0 resident_tiles=56 fallback_tiles=0 pushes=21 tear_wait_us=13644 tear_sync=1 frame_reused=0 pass=1
[14:20:52] TINYDRAW_PAN_BASELINE zoom=100 x=412 y=512 frames=23 reused=18 compose_avg_us=24885 compose_max_us=29610 present_avg_us=19898 present_max_us=20412 tear_wait_avg_us=7712 tear_wait_max_us=16700 failures=0
[14:20:52] TINYDRAW_FILL_BASELINE result=complete zoom=100 x=412 y=512 revision=126 steps=1 wall_us=994 compute_total_us=953 compute_max_us=953 present_total_us=0 present_max_us=0 tick_max_us=963 producer_failures=0 presentation_failures=0
[14:20:52] TINYDRAW_LIVE_FILL_DONE zoom=100 x=412 y=512 revision=126
[14:20:53] TINYDRAW_PAN_BASELINE zoom=100 x=470 y=571 frames=9 reused=2 compose_avg_us=26743 compose_max_us=30218 present_avg_us=19775 present_max_us=20195 tear_wait_avg_us=11257 tear_wait_max_us=16690 failures=0
[14:20:53] TINYDRAW_FILL_BASELINE result=complete zoom=100 x=470 y=571 revision=126 steps=1 wall_us=1051 compute_total_us=1014 compute_max_us=1014 present_total_us=0 present_max_us=0 tick_max_us=1024 producer_failures=0 presentation_failures=0
[14:20:53] TINYDRAW_LIVE_FILL_DONE zoom=100 x=470 y=571 revision=126
[14:20:54] TINYDRAW_PAN_BASELINE zoom=100 x=705 y=779 frames=6 reused=5 compose_avg_us=22849 compose_max_us=29533 present_avg_us=19835 present_max_us=20143 tear_wait_avg_us=9995 tear_wait_max_us=15128 failures=0
[14:20:54] TINYDRAW_FILL_BASELINE result=complete zoom=100 x=705 y=779 revision=126 steps=4 wall_us=15208 compute_total_us=13897 compute_max_us=5456 present_total_us=15 present_max_us=15 tick_max_us=5468 producer_failures=0 presentation_failures=0
[14:20:54] TINYDRAW_LIVE_FILL_DONE zoom=100 x=705 y=779 revision=126
[14:20:54] TINYDRAW_PAN_BASELINE zoom=100 x=867 y=927 frames=6 reused=2 compose_avg_us=26782 compose_max_us=30726 present_avg_us=19892 present_max_us=20185 tear_wait_avg_us=11040 tear_wait_max_us=16521 failures=0
[14:20:54] TINYDRAW_PAN_BASELINE zoom=100 x=1044 y=1109 frames=5 reused=0 compose_avg_us=27938 compose_max_us=29493 present_avg_us=19927 present_max_us=20340 tear_wait_avg_us=5053 tear_wait_max_us=15568 failures=0
[14:20:54] TINYDRAW_FILL_BASELINE result=superseded zoom=100 x=867 y=927 revision=126 steps=16 wall_us=423055 compute_total_us=71525 compute_max_us=9967 present_total_us=22887 present_max_us=6652 tick_max_us=9980 producer_failures=0 presentation_failures=0
[14:20:55] TINYDRAW_PAN_BASELINE zoom=100 x=921 y=890 frames=4 reused=0 compose_avg_us=29422 compose_max_us=30124 present_avg_us=19779 present_max_us=20151 tear_wait_avg_us=12453 tear_wait_max_us=15498 failures=0
[14:20:55] TINYDRAW_FILL_BASELINE result=superseded zoom=100 x=1044 y=1109 revision=126 steps=10 wall_us=362496 compute_total_us=62235 compute_max_us=10621 present_total_us=22316 present_max_us=8843 tick_max_us=10635 producer_failures=0 presentation_failures=0
[14:20:55] TINYDRAW_PAN_BASELINE zoom=100 x=1004 y=566 frames=3 reused=0 compose_avg_us=29671 compose_max_us=31503 present_avg_us=19689 present_max_us=19905 tear_wait_avg_us=13474 tear_wait_max_us=16337 failures=0
[14:20:55] TINYDRAW_FILL_BASELINE result=superseded zoom=100 x=921 y=890 revision=126 steps=4 wall_us=230275 compute_total_us=12625 compute_max_us=4129 present_total_us=0 present_max_us=0 tick_max_us=4142 producer_failures=0 presentation_failures=0
[14:20:55] TINYDRAW_PAN_BASELINE zoom=100 x=1012 y=357 frames=3 reused=0 compose_avg_us=28855 compose_max_us=29343 present_avg_us=20063 present_max_us=20338 tear_wait_avg_us=10906 tear_wait_max_us=16421 failures=0
[14:20:55] TINYDRAW_FILL_BASELINE result=superseded zoom=100 x=1004 y=566 revision=126 steps=12 wall_us=282242 compute_total_us=57053 compute_max_us=11458 present_total_us=17250 present_max_us=7979 tick_max_us=11471 producer_failures=0 presentation_failures=0
[14:20:56] TINYDRAW_PAN_BASELINE zoom=100 x=961 y=187 frames=4 reused=0 compose_avg_us=27704 compose_max_us=28887 present_avg_us=19760 present_max_us=20069 tear_wait_avg_us=4665 tear_wait_max_us=16595 failures=0
[14:20:56] TINYDRAW_FILL_BASELINE result=superseded zoom=100 x=1012 y=357 revision=126 steps=10 wall_us=297100 compute_total_us=44891 compute_max_us=9969 present_total_us=12567 present_max_us=8283 tick_max_us=9982 producer_failures=0 presentation_failures=0
[14:20:56] TINYDRAW_PAN_BASELINE zoom=100 x=744 y=157 frames=3 reused=0 compose_avg_us=28033 compose_max_us=28871 present_avg_us=19913 present_max_us=20169 tear_wait_avg_us=7536 tear_wait_max_us=16703 failures=0
[14:20:56] TINYDRAW_FILL_BASELINE result=superseded zoom=100 x=961 y=187 revision=126 steps=14 wall_us=298462 compute_total_us=61073 compute_max_us=10363 present_total_us=27826 present_max_us=8701 tick_max_us=10377 producer_failures=0 presentation_failures=0
[14:20:57] TINYDRAW_PAN_BASELINE zoom=100 x=601 y=69 frames=3 reused=0 compose_avg_us=29503 compose_max_us=30155 present_avg_us=19855 present_max_us=20188 tear_wait_avg_us=10789 tear_wait_max_us=15636 failures=0
[14:20:57] TINYDRAW_FILL_BASELINE result=superseded zoom=100 x=744 y=157 revision=126 steps=31 wall_us=398374 compute_total_us=140068 compute_max_us=11203 present_total_us=46555 present_max_us=8972 tick_max_us=11216 producer_failures=0 presentation_failures=0
[14:20:57] TINYDRAW_FILL_BASELINE result=complete zoom=100 x=601 y=69 revision=126 steps=23 wall_us=132434 compute_total_us=96574 compute_max_us=9706 present_total_us=30947 present_max_us=9219 tick_max_us=9720 producer_failures=0 presentation_failures=0
[14:20:57] TINYDRAW_LIVE_FILL_DONE zoom=100 x=601 y=69 revision=126
[14:20:57] TINYDRAW_PAN_BASELINE zoom=100 x=394 y=158 frames=4 reused=0 compose_avg_us=28909 compose_max_us=29135 present_avg_us=19939 present_max_us=20297 tear_wait_avg_us=15051 tear_wait_max_us=16282 failures=0
[14:20:58] TINYDRAW_FILL_BASELINE result=complete zoom=100 x=394 y=158 revision=126 steps=15 wall_us=96142 compute_total_us=70449 compute_max_us=11266 present_total_us=22599 present_max_us=6982 tick_max_us=11279 producer_failures=0 presentation_failures=0
[14:20:58] TINYDRAW_LIVE_FILL_DONE zoom=100 x=394 y=158 revision=126
[14:20:58] TINYDRAW_PAN_BASELINE zoom=100 x=417 y=141 frames=8 reused=2 compose_avg_us=28080 compose_max_us=30703 present_avg_us=19968 present_max_us=20370 tear_wait_avg_us=12098 tear_wait_max_us=15919 failures=0
[14:20:58] TINYDRAW_FILL_BASELINE result=complete zoom=100 x=417 y=141 revision=126 steps=1 wall_us=1498 compute_total_us=1461 compute_max_us=1461 present_total_us=0 present_max_us=0 tick_max_us=1472 producer_failures=0 presentation_failures=0
[14:20:58] TINYDRAW_LIVE_FILL_DONE zoom=100 x=417 y=141 revision=126
[14:20:58] TINYDRAW_PAN_BASELINE zoom=100 x=281 y=52 frames=3 reused=1 compose_avg_us=24829 compose_max_us=28976 present_avg_us=19885 present_max_us=20186 tear_wait_avg_us=6671 tear_wait_max_us=11810 failures=0
[14:20:59] TINYDRAW_FILL_BASELINE result=complete zoom=100 x=281 y=52 revision=126 steps=15 wall_us=102357 compute_total_us=75281 compute_max_us=10682 present_total_us=23442 present_max_us=6579 tick_max_us=10695 producer_failures=0 presentation_failures=0
[14:20:59] TINYDRAW_LIVE_FILL_DONE zoom=100 x=281 y=52 revision=126
[14:20:59] TINYDRAW_PAN_BASELINE zoom=100 x=221 y=167 frames=8 reused=2 compose_avg_us=28361 compose_max_us=30213 present_avg_us=19850 present_max_us=20351 tear_wait_avg_us=11122 tear_wait_max_us=15780 failures=0
[14:21:00] TINYDRAW_FILL_BASELINE result=complete zoom=100 x=221 y=167 revision=126 steps=13 wall_us=75170 compute_total_us=60136 compute_max_us=10813 present_total_us=10833 present_max_us=2830 tick_max_us=10825 producer_failures=0 presentation_failures=0
[14:21:00] TINYDRAW_LIVE_FILL_DONE zoom=100 x=221 y=167 revision=126
[14:21:00] TINYDRAW_PAN_BASELINE zoom=100 x=77 y=31 frames=5 reused=0 compose_avg_us=28493 compose_max_us=31107 present_avg_us=19807 present_max_us=20295 tear_wait_avg_us=4337 tear_wait_max_us=10575 failures=0
[14:21:00] TINYDRAW_FILL_BASELINE result=complete zoom=100 x=77 y=31 revision=126 steps=6 wall_us=42409 compute_total_us=30201 compute_max_us=8431 present_total_us=9485 present_max_us=5151 tick_max_us=8445 producer_failures=0 presentation_failures=0
[14:21:00] TINYDRAW_LIVE_FILL_DONE zoom=100 x=77 y=31 revision=126
[14:21:01] TINYDRAW_PAN_BASELINE zoom=100 x=95 y=124 frames=9 reused=8 compose_avg_us=19941 compose_max_us=27381 present_avg_us=19814 present_max_us=20162 tear_wait_avg_us=8314 tear_wait_max_us=11599 failures=0
[14:21:01] TINYDRAW_FILL_BASELINE result=complete zoom=100 x=95 y=124 revision=126 steps=5 wall_us=18231 compute_total_us=15878 compute_max_us=4374 present_total_us=30 present_max_us=21 tick_max_us=4390 producer_failures=0 presentation_failures=0
[14:21:01] TINYDRAW_LIVE_FILL_DONE zoom=100 x=95 y=124 revision=126
[14:21:02] TINYDRAW_LIVE_PRESENT kind=zoom zoom=200 x=374 y=434 compose_us=23616 scroll_us=0 exposed_compose_us=0 chrome_us=0 read_submit_us=29365 read_complete_us=30167 transfer_wait_us=19634 tile_pixels=0 uniform_pixels=0 overview_pixels=0 fallback_pixels=164864 resident_tiles=0 fallback_tiles=56 pushes=21 tear_wait_us=4898 tear_sync=1 frame_reused=0 pass=1
[14:21:03] TINYDRAW_FILL_BASELINE result=complete zoom=200 x=374 y=434 revision=126 steps=41 wall_us=313160 compute_total_us=230743 compute_max_us=13369 present_total_us=72962 present_max_us=8392 tick_max_us=13385 producer_failures=0 presentation_failures=0
[14:21:03] TINYDRAW_LIVE_FILL_DONE zoom=200 x=374 y=434 revision=126
[14:21:03] TINYDRAW_LIVE_PRESENT kind=zoom zoom=400 x=932 y=1054 compose_us=23479 scroll_us=0 exposed_compose_us=0 chrome_us=0 read_submit_us=33521 read_complete_us=34318 transfer_wait_us=19479 tile_pixels=0 uniform_pixels=0 overview_pixels=0 fallback_pixels=164864 resident_tiles=0 fallback_tiles=56 pushes=21 tear_wait_us=9199 tear_sync=1 frame_reused=0 pass=1
[14:21:04] TINYDRAW_FILL_BASELINE result=complete zoom=400 x=932 y=1054 revision=126 steps=44 wall_us=298108 compute_total_us=220421 compute_max_us=12330 present_total_us=67657 present_max_us=8102 tick_max_us=12345 producer_failures=0 presentation_failures=0
[14:21:04] TINYDRAW_LIVE_FILL_DONE zoom=400 x=932 y=1054 revision=126
[14:21:07] TINYDRAW_PAN_BASELINE zoom=400 x=1199 y=1246 frames=3 reused=0 compose_avg_us=25670 compose_max_us=26285 present_avg_us=19952 present_max_us=20304 tear_wait_avg_us=6186 tear_wait_max_us=14117 failures=0
[14:21:07] TINYDRAW_PAN_BASELINE zoom=400 x=1356 y=1391 frames=2 reused=0 compose_avg_us=26624 compose_max_us=26970 present_avg_us=19719 present_max_us=19982 tear_wait_avg_us=5813 tear_wait_max_us=9749 failures=0
[14:21:07] TINYDRAW_FILL_BASELINE result=superseded zoom=400 x=1199 y=1246 revision=126 steps=27 wall_us=285919 compute_total_us=113985 compute_max_us=9472 present_total_us=37426 present_max_us=8445 tick_max_us=9493 producer_failures=0 presentation_failures=0
[14:21:08] TINYDRAW_PAN_BASELINE zoom=400 x=1512 y=1524 frames=2 reused=0 compose_avg_us=25205 compose_max_us=25701 present_avg_us=19918 present_max_us=20127 tear_wait_avg_us=2529 tear_wait_max_us=2749 failures=0
[14:21:08] TINYDRAW_FILL_BASELINE result=superseded zoom=400 x=1356 y=1391 revision=126 steps=19 wall_us=230291 compute_total_us=77976 compute_max_us=9477 present_total_us=30286 present_max_us=8429 tick_max_us=9499 producer_failures=0 presentation_failures=0
[14:21:08] TINYDRAW_PAN_BASELINE zoom=400 x=1741 y=1686 frames=2 reused=0 compose_avg_us=24615 compose_max_us=25164 present_avg_us=19798 present_max_us=19994 tear_wait_avg_us=6734 tear_wait_max_us=11058 failures=0
[14:21:08] TINYDRAW_FILL_BASELINE result=superseded zoom=400 x=1512 y=1524 revision=126 steps=18 wall_us=247461 compute_total_us=87371 compute_max_us=7600 present_total_us=30593 present_max_us=7050 tick_max_us=7613 producer_failures=0 presentation_failures=0
[14:21:08] TINYDRAW_PAN_BASELINE zoom=400 x=1961 y=1914 frames=2 reused=0 compose_avg_us=26365 compose_max_us=27035 present_avg_us=19702 present_max_us=19879 tear_wait_avg_us=8592 tear_wait_max_us=15200 failures=0
[14:21:08] TINYDRAW_FILL_BASELINE result=superseded zoom=400 x=1741 y=1686 revision=126 steps=20 wall_us=247369 compute_total_us=78314 compute_max_us=8604 present_total_us=31137 present_max_us=8434 tick_max_us=8625 producer_failures=0 presentation_failures=0
[14:21:08] TINYDRAW_PAN_BASELINE zoom=400 x=2127 y=2027 frames=2 reused=0 compose_avg_us=24831 compose_max_us=25126 present_avg_us=20008 present_max_us=20257 tear_wait_avg_us=1788 tear_wait_max_us=2816 failures=0
[14:21:08] TINYDRAW_FILL_BASELINE result=superseded zoom=400 x=1961 y=1914 revision=126 steps=17 wall_us=197298 compute_total_us=55103 compute_max_us=6609 present_total_us=20523 present_max_us=7317 tick_max_us=6622 producer_failures=0 presentation_failures=0
[14:21:09] TINYDRAW_PAN_BASELINE zoom=400 x=2388 y=2227 frames=2 reused=0 compose_avg_us=25955 compose_max_us=26201 present_avg_us=19686 present_max_us=19868 tear_wait_avg_us=3002 tear_wait_max_us=4516 failures=0
[14:21:09] TINYDRAW_FILL_BASELINE result=superseded zoom=400 x=2127 y=2027 revision=126 steps=21 wall_us=232344 compute_total_us=76643 compute_max_us=10583 present_total_us=28044 present_max_us=8446 tick_max_us=10604 producer_failures=0 presentation_failures=0
[14:21:09] TINYDRAW_PAN_BASELINE zoom=400 x=2533 y=2309 frames=2 reused=0 compose_avg_us=24722 compose_max_us=24919 present_avg_us=20081 present_max_us=20388 tear_wait_avg_us=8842 tear_wait_max_us=14428 failures=0
[14:21:09] TINYDRAW_FILL_BASELINE result=superseded zoom=400 x=2388 y=2227 revision=126 steps=28 wall_us=246308 compute_total_us=82607 compute_max_us=8505 present_total_us=29089 present_max_us=8134 tick_max_us=8518 producer_failures=0 presentation_failures=0
[14:21:09] TINYDRAW_PAN_BASELINE zoom=400 x=2731 y=2398 frames=2 reused=0 compose_avg_us=24896 compose_max_us=25985 present_avg_us=19821 present_max_us=20060 tear_wait_avg_us=3952 tear_wait_max_us=5809 failures=0
[14:21:09] TINYDRAW_FILL_BASELINE result=superseded zoom=400 x=2533 y=2309 revision=126 steps=24 wall_us=230281 compute_total_us=75109 compute_max_us=9853 present_total_us=28716 present_max_us=7850 tick_max_us=9866 producer_failures=0 presentation_failures=0
[14:21:09] TINYDRAW_PAN_BASELINE zoom=400 x=2941 y=2552 frames=2 reused=0 compose_avg_us=27045 compose_max_us=27533 present_avg_us=19781 present_max_us=19968 tear_wait_avg_us=1802 tear_wait_max_us=2590 failures=0
[14:21:09] TINYDRAW_FILL_BASELINE result=superseded zoom=400 x=2731 y=2398 revision=126 steps=19 wall_us=213381 compute_total_us=66555 compute_max_us=10467 present_total_us=21558 present_max_us=8156 tick_max_us=10486 producer_failures=0 presentation_failures=0
[14:21:10] TINYDRAW_PAN_BASELINE zoom=400 x=3119 y=2773 frames=2 reused=0 compose_avg_us=26516 compose_max_us=27013 present_avg_us=19755 present_max_us=19935 tear_wait_avg_us=6875 tear_wait_max_us=12165 failures=0
[14:21:10] TINYDRAW_FILL_BASELINE result=superseded zoom=400 x=2941 y=2552 revision=126 steps=96 wall_us=247278 compute_total_us=88308 compute_max_us=9476 present_total_us=22782 present_max_us=8338 tick_max_us=9490 producer_failures=0 presentation_failures=0
[14:21:10] TINYDRAW_PAN_BASELINE zoom=400 x=3281 y=3049 frames=3 reused=0 compose_avg_us=26310 compose_max_us=27209 present_avg_us=19838 present_max_us=20047 tear_wait_avg_us=3334 tear_wait_max_us=5983 failures=0
[14:21:10] TINYDRAW_FILL_BASELINE result=superseded zoom=400 x=3119 y=2773 revision=126 steps=166 wall_us=298293 compute_total_us=106338 compute_max_us=9385 present_total_us=8941 present_max_us=8941 tick_max_us=9398 producer_failures=0 presentation_failures=0
[14:21:10] TINYDRAW_PAN_BASELINE zoom=400 x=3418 y=3242 frames=2 reused=0 compose_avg_us=25368 compose_max_us=25398 present_avg_us=19639 present_max_us=19862 tear_wait_avg_us=9158 tear_wait_max_us=15961 failures=0
[14:21:10] TINYDRAW_FILL_BASELINE result=superseded zoom=400 x=3281 y=3049 revision=126 steps=88 wall_us=198331 compute_total_us=53145 compute_max_us=7753 present_total_us=7990 present_max_us=7990 tick_max_us=7765 producer_failures=0 presentation_failures=0
[14:21:10] TINYDRAW_PAN_BASELINE zoom=400 x=3627 y=3429 frames=2 reused=0 compose_avg_us=26674 compose_max_us=26946 present_avg_us=19690 present_max_us=19876 tear_wait_avg_us=7288 tear_wait_max_us=13281 failures=0
[14:21:10] TINYDRAW_FILL_BASELINE result=superseded zoom=400 x=3418 y=3242 revision=126 steps=168 wall_us=262485 compute_total_us=109187 compute_max_us=9710 present_total_us=15646 present_max_us=7980 tick_max_us=9721 producer_failures=0 presentation_failures=0
[14:21:11] TINYDRAW_PAN_BASELINE zoom=400 x=3853 y=3578 frames=2 reused=0 compose_avg_us=26838 compose_max_us=27326 present_avg_us=19789 present_max_us=20015 tear_wait_avg_us=3045 tear_wait_max_us=4318 failures=0
[14:21:11] TINYDRAW_FILL_BASELINE result=superseded zoom=400 x=3627 y=3429 revision=126 steps=17 wall_us=233077 compute_total_us=75413 compute_max_us=10793 present_total_us=32567 present_max_us=9316 tick_max_us=10806 producer_failures=0 presentation_failures=0
[14:21:11] TINYDRAW_PAN_BASELINE zoom=400 x=4107 y=3737 frames=2 reused=0 compose_avg_us=26593 compose_max_us=26932 present_avg_us=19808 present_max_us=20066 tear_wait_avg_us=2754 tear_wait_max_us=3678 failures=0
[14:21:11] TINYDRAW_FILL_BASELINE result=superseded zoom=400 x=3853 y=3578 revision=126 steps=26 wall_us=264198 compute_total_us=100987 compute_max_us=11477 present_total_us=37617 present_max_us=8773 tick_max_us=11490 producer_failures=0 presentation_failures=0
[14:21:12] TINYDRAW_PAN_BASELINE zoom=400 x=4329 y=3822 frames=2 reused=0 compose_avg_us=26268 compose_max_us=26413 present_avg_us=19796 present_max_us=20059 tear_wait_avg_us=9091 tear_wait_max_us=16510 failures=0
[14:21:12] TINYDRAW_FILL_BASELINE result=superseded zoom=400 x=4107 y=3737 revision=126 steps=24 wall_us=262209 compute_total_us=91008 compute_max_us=9757 present_total_us=38796 present_max_us=8654 tick_max_us=9777 producer_failures=0 presentation_failures=0
[14:21:12] TINYDRAW_PAN_BASELINE zoom=400 x=4521 y=3972 frames=2 reused=0 compose_avg_us=26916 compose_max_us=27151 present_avg_us=20025 present_max_us=20316 tear_wait_avg_us=2206 tear_wait_max_us=3233 failures=0
[14:21:12] TINYDRAW_FILL_BASELINE result=superseded zoom=400 x=4329 y=3822 revision=126 steps=28 wall_us=281287 compute_total_us=120421 compute_max_us=9696 present_total_us=39688 present_max_us=8765 tick_max_us=9709 producer_failures=0 presentation_failures=0
[14:21:12] TINYDRAW_PAN_BASELINE zoom=400 x=4320 y=4159 frames=3 reused=0 compose_avg_us=26048 compose_max_us=26641 present_avg_us=19819 present_max_us=20125 tear_wait_avg_us=5615 tear_wait_max_us=12899 failures=0
[14:21:12] TINYDRAW_FILL_BASELINE result=superseded zoom=400 x=4521 y=3972 revision=126 steps=20 wall_us=297370 compute_total_us=89917 compute_max_us=9038 present_total_us=28234 present_max_us=8306 tick_max_us=9052 producer_failures=0 presentation_failures=0
[14:21:12] TINYDRAW_PAN_BASELINE zoom=400 x=4134 y=4306 frames=3 reused=0 compose_avg_us=25472 compose_max_us=25635 present_avg_us=19984 present_max_us=20360 tear_wait_avg_us=2688 tear_wait_max_us=4181 failures=0
[14:21:12] TINYDRAW_FILL_BASELINE result=superseded zoom=400 x=4320 y=4159 revision=126 steps=23 wall_us=281285 compute_total_us=85010 compute_max_us=8635 present_total_us=25598 present_max_us=7984 tick_max_us=8647 producer_failures=0 presentation_failures=0
[14:21:13] TINYDRAW_PAN_BASELINE zoom=400 x=3913 y=4183 frames=3 reused=0 compose_avg_us=25499 compose_max_us=25855 present_avg_us=20004 present_max_us=20384 tear_wait_avg_us=3295 tear_wait_max_us=6272 failures=0
[14:21:13] TINYDRAW_FILL_BASELINE result=superseded zoom=400 x=4134 y=4306 revision=126 steps=18 wall_us=281374 compute_total_us=76610 compute_max_us=8751 present_total_us=27453 present_max_us=7977 tick_max_us=8763 producer_failures=0 presentation_failures=0
[14:21:13] TINYDRAW_PAN_BASELINE zoom=400 x=3756 y=4080 frames=3 reused=0 compose_avg_us=26147 compose_max_us=26338 present_avg_us=19968 present_max_us=20130 tear_wait_avg_us=5041 tear_wait_max_us=11713 failures=0
[14:21:13] TINYDRAW_FILL_BASELINE result=superseded zoom=400 x=3913 y=4183 revision=126 steps=15 wall_us=298452 compute_total_us=78824 compute_max_us=9501 present_total_us=38694 present_max_us=8484 tick_max_us=9515 producer_failures=0 presentation_failures=0
[14:21:13] TINYDRAW_PAN_BASELINE zoom=400 x=3627 y=3904 frames=3 reused=0 compose_avg_us=27039 compose_max_us=27573 present_avg_us=19836 present_max_us=20163 tear_wait_avg_us=6269 tear_wait_max_us=16668 failures=0
[14:21:13] TINYDRAW_FILL_BASELINE result=superseded zoom=400 x=3756 y=4080 revision=126 steps=18 wall_us=297376 compute_total_us=87268 compute_max_us=11549 present_total_us=26709 present_max_us=7515 tick_max_us=11569 producer_failures=0 presentation_failures=0
[14:21:14] TINYDRAW_PAN_BASELINE zoom=400 x=3369 y=3703 frames=3 reused=0 compose_avg_us=26314 compose_max_us=26610 present_avg_us=19909 present_max_us=20401 tear_wait_avg_us=1911 tear_wait_max_us=3146 failures=0
[14:21:14] TINYDRAW_FILL_BASELINE result=superseded zoom=400 x=3627 y=3904 revision=126 steps=40 wall_us=264103 compute_total_us=63329 compute_max_us=7625 present_total_us=24035 present_max_us=8365 tick_max_us=7639 producer_failures=0 presentation_failures=0
[14:21:14] TINYDRAW_PAN_BASELINE zoom=400 x=3275 y=3557 frames=3 reused=0 compose_avg_us=26659 compose_max_us=26801 present_avg_us=19649 present_max_us=19960 tear_wait_avg_us=1520 tear_wait_max_us=1922 failures=0
[14:21:14] TINYDRAW_FILL_BASELINE result=superseded zoom=400 x=3369 y=3703 revision=126 steps=133 wall_us=264366 compute_total_us=75177 compute_max_us=9797 present_total_us=8866 present_max_us=8866 tick_max_us=9807 producer_failures=0 presentation_failures=0
[14:21:14] TINYDRAW_PAN_BASELINE zoom=400 x=3377 y=3545 frames=5 reused=0 compose_avg_us=27330 compose_max_us=27490 present_avg_us=19910 present_max_us=20233 tear_wait_avg_us=2870 tear_wait_max_us=12591 failures=0
[14:21:14] TINYDRAW_FILL_BASELINE result=superseded zoom=400 x=3275 y=3557 revision=126 steps=164 wall_us=418423 compute_total_us=98869 compute_max_us=9568 present_total_us=8377 present_max_us=8377 tick_max_us=9580 producer_failures=0 presentation_failures=0
[14:21:15] TINYDRAW_FILL_BASELINE result=complete zoom=400 x=3377 y=3545 revision=126 steps=998 wall_us=760425 compute_total_us=630283 compute_max_us=12363 present_total_us=55614 present_max_us=9318 tick_max_us=12375 producer_failures=0 presentation_failures=0
[14:21:15] TINYDRAW_LIVE_FILL_DONE zoom=400 x=3377 y=3545 revision=126
[14:21:16] TINYDRAW_PAN_BASELINE zoom=400 x=3090 y=3449 frames=3 reused=0 compose_avg_us=28232 compose_max_us=30263 present_avg_us=19750 present_max_us=20121 tear_wait_avg_us=7841 tear_wait_max_us=16684 failures=0
[14:21:17] TINYDRAW_PAN_BASELINE zoom=400 x=2818 y=3240 frames=4 reused=0 compose_avg_us=23521 compose_max_us=25336 present_avg_us=20005 present_max_us=20302 tear_wait_avg_us=4630 tear_wait_max_us=5212 failures=0
[14:21:17] TINYDRAW_FILL_BASELINE result=superseded zoom=400 x=3090 y=3449 revision=126 steps=170 wall_us=353925 compute_total_us=107121 compute_max_us=5636 present_total_us=7534 present_max_us=7534 tick_max_us=5647 producer_failures=0 presentation_failures=0
[14:21:17] TINYDRAW_PAN_BASELINE zoom=400 x=2640 y=3060 frames=2 reused=0 compose_avg_us=24042 compose_max_us=24701 present_avg_us=19791 present_max_us=20016 tear_wait_avg_us=7814 tear_wait_max_us=12736 failures=0
[14:21:17] TINYDRAW_FILL_BASELINE result=superseded zoom=400 x=2818 y=3240 revision=126 steps=94 wall_us=198341 compute_total_us=59150 compute_max_us=4623 present_total_us=2712 present_max_us=2712 tick_max_us=4632 producer_failures=0 presentation_failures=0
[14:21:17] TINYDRAW_PAN_BASELINE zoom=400 x=2502 y=2954 frames=2 reused=0 compose_avg_us=25258 compose_max_us=25596 present_avg_us=20048 present_max_us=20307 tear_wait_avg_us=7346 tear_wait_max_us=12959 failures=0
[14:21:17] TINYDRAW_FILL_BASELINE result=superseded zoom=400 x=2640 y=3060 revision=126 steps=185 wall_us=279415 compute_total_us=114315 compute_max_us=7358 present_total_us=14476 present_max_us=7500 tick_max_us=7376 producer_failures=0 presentation_failures=0
[14:21:17] TINYDRAW_PAN_BASELINE zoom=400 x=2324 y=2774 frames=2 reused=0 compose_avg_us=26194 compose_max_us=26426 present_avg_us=20084 present_max_us=20358 tear_wait_avg_us=6376 tear_wait_max_us=11419 failures=0
[14:21:18] TINYDRAW_FILL_BASELINE result=superseded zoom=400 x=2502 y=2954 revision=126 steps=174 wall_us=266160 compute_total_us=111002 compute_max_us=7719 present_total_us=14486 present_max_us=7297 tick_max_us=7738 producer_failures=0 presentation_failures=0
[14:21:18] TINYDRAW_PAN_BASELINE zoom=400 x=2187 y=2663 frames=2 reused=0 compose_avg_us=26749 compose_max_us=27196 present_avg_us=19862 present_max_us=20117 tear_wait_avg_us=7544 tear_wait_max_us=13366 failures=0
[14:21:18] TINYDRAW_FILL_BASELINE result=superseded zoom=400 x=2324 y=2774 revision=126 steps=173 wall_us=279215 compute_total_us=115938 compute_max_us=10227 present_total_us=15964 present_max_us=8161 tick_max_us=10240 producer_failures=0 presentation_failures=0
[14:21:18] TINYDRAW_PAN_BASELINE zoom=400 x=1950 y=2493 frames=4 reused=0 compose_avg_us=26336 compose_max_us=27212 present_avg_us=19957 present_max_us=20290 tear_wait_avg_us=4107 tear_wait_max_us=11305 failures=0
[14:21:18] TINYDRAW_FILL_BASELINE result=superseded zoom=400 x=2187 y=2663 revision=126 steps=188 wall_us=365016 compute_total_us=107088 compute_max_us=9979 present_total_us=15387 present_max_us=8969 tick_max_us=10001 producer_failures=0 presentation_failures=0
[14:21:18] TINYDRAW_PAN_BASELINE zoom=400 x=1733 y=2370 frames=3 reused=0 compose_avg_us=25687 compose_max_us=25799 present_avg_us=19809 present_max_us=19979 tear_wait_avg_us=6667 tear_wait_max_us=15582 failures=0
[14:21:18] TINYDRAW_FILL_BASELINE result=superseded zoom=400 x=1950 y=2493 revision=126 steps=12 wall_us=230099 compute_total_us=34656 compute_max_us=7811 present_total_us=14642 present_max_us=7921 tick_max_us=7824 producer_failures=0 presentation_failures=0
[14:21:19] TINYDRAW_PAN_BASELINE zoom=400 x=1573 y=2176 frames=2 reused=0 compose_avg_us=25089 compose_max_us=25092 present_avg_us=19781 present_max_us=19970 tear_wait_avg_us=7768 tear_wait_max_us=13033 failures=0
[14:21:19] TINYDRAW_FILL_BASELINE result=superseded zoom=400 x=1733 y=2370 revision=126 steps=20 wall_us=213350 compute_total_us=59820 compute_max_us=6490 present_total_us=21923 present_max_us=7519 tick_max_us=6503 producer_failures=0 presentation_failures=0
[14:21:19] TINYDRAW_PAN_BASELINE zoom=400 x=1433 y=1991 frames=2 reused=0 compose_avg_us=26878 compose_max_us=27304 present_avg_us=19931 present_max_us=20156 tear_wait_avg_us=5852 tear_wait_max_us=10709 failures=0
[14:21:19] TINYDRAW_FILL_BASELINE result=superseded zoom=400 x=1573 y=2176 revision=126 steps=24 wall_us=264344 compute_total_us=97166 compute_max_us=8658 present_total_us=37939 present_max_us=8707 tick_max_us=8671 producer_failures=0 presentation_failures=0
[14:21:19] TINYDRAW_PAN_BASELINE zoom=400 x=1248 y=1760 frames=3 reused=0 compose_avg_us=25235 compose_max_us=26172 present_avg_us=20124 present_max_us=20354 tear_wait_avg_us=5457 tear_wait_max_us=10732 failures=0
[14:21:19] TINYDRAW_FILL_BASELINE result=superseded zoom=400 x=1433 y=1991 revision=126 steps=23 wall_us=315326 compute_total_us=98482 compute_max_us=9967 present_total_us=38105 present_max_us=8844 tick_max_us=9981 producer_failures=0 presentation_failures=0
[14:21:20] TINYDRAW_PAN_BASELINE zoom=400 x=1102 y=1520 frames=3 reused=0 compose_avg_us=24761 compose_max_us=25071 present_avg_us=20014 present_max_us=20220 tear_wait_avg_us=4045 tear_wait_max_us=5943 failures=0
[14:21:20] TINYDRAW_FILL_BASELINE result=superseded zoom=400 x=1248 y=1760 revision=126 steps=13 wall_us=247231 compute_total_us=55700 compute_max_us=7854 present_total_us=14916 present_max_us=7723 tick_max_us=7868 producer_failures=0 presentation_failures=0
[14:21:20] TINYDRAW_PAN_BASELINE zoom=400 x=907 y=1313 frames=3 reused=0 compose_avg_us=23964 compose_max_us=24230 present_avg_us=20087 present_max_us=20287 tear_wait_avg_us=4456 tear_wait_max_us=5729 failures=0
[14:21:20] TINYDRAW_FILL_BASELINE result=superseded zoom=400 x=1102 y=1520 revision=126 steps=16 wall_us=264279 compute_total_us=65394 compute_max_us=9274 present_total_us=23950 present_max_us=6985 tick_max_us=9287 producer_failures=0 presentation_failures=0
[14:21:20] TINYDRAW_PAN_BASELINE zoom=400 x=651 y=1148 frames=3 reused=0 compose_avg_us=24244 compose_max_us=25477 present_avg_us=20130 present_max_us=20371 tear_wait_avg_us=3752 tear_wait_max_us=4295 failures=0
[14:21:20] TINYDRAW_FILL_BASELINE result=superseded zoom=400 x=907 y=1313 revision=126 steps=14 wall_us=266345 compute_total_us=68779 compute_max_us=10108 present_total_us=23524 present_max_us=8143 tick_max_us=10122 producer_failures=0 presentation_failures=0
[14:21:20] TINYDRAW_PAN_BASELINE zoom=400 x=468 y=1044 frames=2 reused=0 compose_avg_us=24858 compose_max_us=25104 present_avg_us=20056 present_max_us=20358 tear_wait_avg_us=6238 tear_wait_max_us=9271 failures=0
[14:21:20] TINYDRAW_FILL_BASELINE result=superseded zoom=400 x=651 y=1148 revision=126 steps=13 wall_us=245310 compute_total_us=80631 compute_max_us=13449 present_total_us=35639 present_max_us=7980 tick_max_us=13463 producer_failures=0 presentation_failures=0
[14:21:21] TINYDRAW_PAN_BASELINE zoom=400 x=253 y=923 frames=3 reused=0 compose_avg_us=23906 compose_max_us=24111 present_avg_us=20036 present_max_us=20273 tear_wait_avg_us=6877 tear_wait_max_us=12907 failures=0
[14:21:21] TINYDRAW_FILL_BASELINE result=superseded zoom=400 x=468 y=1044 revision=126 steps=19 wall_us=331275 compute_total_us=104870 compute_max_us=11106 present_total_us=41250 present_max_us=6988 tick_max_us=11120 producer_failures=0 presentation_failures=0
[14:21:21] TINYDRAW_PAN_BASELINE zoom=400 x=139 y=700 frames=3 reused=0 compose_avg_us=23223 compose_max_us=23486 present_avg_us=19800 present_max_us=20232 tear_wait_avg_us=7125 tear_wait_max_us=12814 failures=0
[14:21:21] TINYDRAW_FILL_BASELINE result=superseded zoom=400 x=253 y=923 revision=126 steps=11 wall_us=263193 compute_total_us=53891 compute_max_us=5775 present_total_us=32228 present_max_us=8007 tick_max_us=5786 producer_failures=0 presentation_failures=0
[14:21:21] TINYDRAW_PAN_BASELINE zoom=400 x=401 y=583 frames=4 reused=0 compose_avg_us=22887 compose_max_us=23620 present_avg_us=19984 present_max_us=20332 tear_wait_avg_us=4539 tear_wait_max_us=5558 failures=0
[14:21:21] TINYDRAW_FILL_BASELINE result=superseded zoom=400 x=139 y=700 revision=126 steps=15 wall_us=332503 compute_total_us=71993 compute_max_us=5685 present_total_us=39219 present_max_us=6981 tick_max_us=5697 producer_failures=0 presentation_failures=0
[14:21:22] TINYDRAW_PAN_BASELINE zoom=400 x=590 y=640 frames=2 reused=0 compose_avg_us=23260 compose_max_us=23314 present_avg_us=19936 present_max_us=20144 tear_wait_avg_us=6953 tear_wait_max_us=9673 failures=0
[14:21:22] TINYDRAW_FILL_BASELINE result=superseded zoom=400 x=401 y=583 revision=126 steps=7 wall_us=198592 compute_total_us=34810 compute_max_us=5841 present_total_us=22853 present_max_us=7988 tick_max_us=5853 producer_failures=0 presentation_failures=0
[14:21:22] TINYDRAW_FILL_BASELINE result=complete zoom=400 x=590 y=640 revision=126 steps=21 wall_us=145971 compute_total_us=95678 compute_max_us=8645 present_total_us=45016 present_max_us=6973 tick_max_us=8661 producer_failures=0 presentation_failures=0
[14:21:22] TINYDRAW_LIVE_FILL_DONE zoom=400 x=590 y=640 revision=126
[14:21:22] TINYDRAW_PAN_BASELINE zoom=400 x=815 y=751 frames=3 reused=0 compose_avg_us=23343 compose_max_us=23759 present_avg_us=19758 present_max_us=20108 tear_wait_avg_us=7249 tear_wait_max_us=11788 failures=0
[14:21:22] TINYDRAW_PAN_BASELINE zoom=400 x=1029 y=1016 frames=3 reused=0 compose_avg_us=24448 compose_max_us=24901 present_avg_us=20026 present_max_us=20386 tear_wait_avg_us=3348 tear_wait_max_us=3503 failures=0
[14:21:22] TINYDRAW_FILL_BASELINE result=superseded zoom=400 x=815 y=751 revision=126 steps=15 wall_us=301112 compute_total_us=83314 compute_max_us=9144 present_total_us=32993 present_max_us=7996 tick_max_us=9159 producer_failures=0 presentation_failures=0
[14:21:22] TINYDRAW_PAN_BASELINE zoom=400 x=1241 y=1168 frames=3 reused=0 compose_avg_us=26117 compose_max_us=27082 present_avg_us=19868 present_max_us=20058 tear_wait_avg_us=2831 tear_wait_max_us=4069 failures=0
[14:21:23] TINYDRAW_FILL_BASELINE result=superseded zoom=400 x=1029 y=1016 revision=126 steps=15 wall_us=281554 compute_total_us=71981 compute_max_us=10341 present_total_us=32367 present_max_us=8668 tick_max_us=10355 producer_failures=0 presentation_failures=0
[14:21:23] TINYDRAW_PAN_BASELINE zoom=400 x=1470 y=1394 frames=3 reused=0 compose_avg_us=25228 compose_max_us=26977 present_avg_us=19949 present_max_us=20172 tear_wait_avg_us=2637 tear_wait_max_us=4311 failures=0
[14:21:23] TINYDRAW_FILL_BASELINE result=superseded zoom=400 x=1241 y=1168 revision=126 steps=17 wall_us=264197 compute_total_us=68247 compute_max_us=7793 present_total_us=20578 present_max_us=8193 tick_max_us=7806 producer_failures=0 presentation_failures=0
[14:21:23] TINYDRAW_PAN_BASELINE zoom=400 x=1708 y=1625 frames=3 reused=0 compose_avg_us=24191 compose_max_us=24918 present_avg_us=19920 present_max_us=20282 tear_wait_avg_us=6365 tear_wait_max_us=11532 failures=0
[14:21:23] TINYDRAW_FILL_BASELINE result=superseded zoom=400 x=1470 y=1394 revision=126 steps=25 wall_us=314449 compute_total_us=105508 compute_max_us=9798 present_total_us=25652 present_max_us=8136 tick_max_us=9812 producer_failures=0 presentation_failures=0
[14:21:23] TINYDRAW_PAN_BASELINE zoom=400 x=1964 y=1800 frames=3 reused=0 compose_avg_us=26045 compose_max_us=26910 present_avg_us=19920 present_max_us=20179 tear_wait_avg_us=1120 tear_wait_max_us=2486 failures=0
[14:21:23] TINYDRAW_FILL_BASELINE result=superseded zoom=400 x=1708 y=1625 revision=126 steps=21 wall_us=281195 compute_total_us=86923 compute_max_us=8032 present_total_us=24524 present_max_us=7593 tick_max_us=8046 producer_failures=0 presentation_failures=0
[14:21:24] TINYDRAW_PAN_BASELINE zoom=400 x=2169 y=2036 frames=3 reused=0 compose_avg_us=25121 compose_max_us=26934 present_avg_us=19952 present_max_us=20324 tear_wait_avg_us=5395 tear_wait_max_us=9461 failures=0
[14:21:24] TINYDRAW_FILL_BASELINE result=superseded zoom=400 x=1964 y=1800 revision=126 steps=27 wall_us=314373 compute_total_us=101082 compute_max_us=9900 present_total_us=29422 present_max_us=7436 tick_max_us=9914 producer_failures=0 presentation_failures=0
[14:21:24] TINYDRAW_PAN_BASELINE zoom=400 x=2395 y=2271 frames=3 reused=0 compose_avg_us=24885 compose_max_us=25727 present_avg_us=19790 present_max_us=19996 tear_wait_avg_us=5793 tear_wait_max_us=10502 failures=0
[14:21:24] TINYDRAW_FILL_BASELINE result=superseded zoom=400 x=2169 y=2036 revision=126 steps=19 wall_us=264368 compute_total_us=65562 compute_max_us=10848 present_total_us=18001 present_max_us=6881 tick_max_us=10861 producer_failures=0 presentation_failures=0
[14:21:24] TINYDRAW_PAN_BASELINE zoom=400 x=2624 y=2550 frames=4 reused=0 compose_avg_us=25101 compose_max_us=25673 present_avg_us=19858 present_max_us=20279 tear_wait_avg_us=5430 tear_wait_max_us=13193 failures=0
[14:21:24] TINYDRAW_FILL_BASELINE result=superseded zoom=400 x=2395 y=2271 revision=126 steps=25 wall_us=331185 compute_total_us=76197 compute_max_us=9932 present_total_us=19983 present_max_us=8948 tick_max_us=9946 producer_failures=0 presentation_failures=0
[14:21:25] TINYDRAW_PAN_BASELINE zoom=400 x=2823 y=2773 frames=2 reused=0 compose_avg_us=25924 compose_max_us=26213 present_avg_us=19886 present_max_us=20156 tear_wait_avg_us=8339 tear_wait_max_us=14334 failures=0
[14:21:25] TINYDRAW_FILL_BASELINE result=superseded zoom=400 x=2624 y=2550 revision=126 steps=12 wall_us=180369 compute_total_us=40815 compute_max_us=10481 present_total_us=7360 present_max_us=7360 tick_max_us=10494 producer_failures=0 presentation_failures=0
[14:21:25] TINYDRAW_PAN_BASELINE zoom=400 x=3081 y=3043 frames=3 reused=0 compose_avg_us=26349 compose_max_us=27301 present_avg_us=19912 present_max_us=20240 tear_wait_avg_us=5233 tear_wait_max_us=12159 failures=0
[14:21:25] TINYDRAW_FILL_BASELINE result=superseded zoom=400 x=2823 y=2773 revision=126 steps=175 wall_us=316243 compute_total_us=105111 compute_max_us=9452 present_total_us=17598 present_max_us=8976 tick_max_us=9466 producer_failures=0 presentation_failures=0
[14:21:25] TINYDRAW_PAN_BASELINE zoom=400 x=3272 y=3267 frames=3 reused=0 compose_avg_us=25502 compose_max_us=25979 present_avg_us=19765 present_max_us=19940 tear_wait_avg_us=6873 tear_wait_max_us=15265 failures=0
[14:21:25] TINYDRAW_FILL_BASELINE result=superseded zoom=400 x=3081 y=3043 revision=126 steps=111 wall_us=279216 compute_total_us=74669 compute_max_us=8256 present_total_us=8637 present_max_us=8637 tick_max_us=8269 producer_failures=0 presentation_failures=0
[14:21:25] TINYDRAW_PAN_BASELINE zoom=400 x=3463 y=3469 frames=3 reused=0 compose_avg_us=25854 compose_max_us=26248 present_avg_us=19840 present_max_us=20029 tear_wait_avg_us=6454 tear_wait_max_us=14964 failures=0
[14:21:25] TINYDRAW_FILL_BASELINE result=superseded zoom=400 x=3272 y=3267 revision=126 steps=87 wall_us=264378 compute_total_us=65038 compute_max_us=9306 present_total_us=8136 present_max_us=8136 tick_max_us=9319 producer_failures=0 presentation_failures=0
[14:21:26] TINYDRAW_PAN_BASELINE zoom=400 x=3666 y=3696 frames=3 reused=0 compose_avg_us=25463 compose_max_us=25982 present_avg_us=19886 present_max_us=20118 tear_wait_avg_us=1754 tear_wait_max_us=3323 failures=0
[14:21:26] TINYDRAW_FILL_BASELINE result=superseded zoom=400 x=3463 y=3469 revision=126 steps=135 wall_us=264440 compute_total_us=76566 compute_max_us=9419 present_total_us=8340 present_max_us=8340 tick_max_us=9431 producer_failures=0 presentation_failures=0
[14:21:26] TINYDRAW_PAN_BASELINE zoom=400 x=3725 y=3867 frames=3 reused=0 compose_avg_us=25760 compose_max_us=26200 present_avg_us=19782 present_max_us=20087 tear_wait_avg_us=3631 tear_wait_max_us=6429 failures=0
[14:21:26] TINYDRAW_FILL_BASELINE result=superseded zoom=400 x=3666 y=3696 revision=126 steps=22 wall_us=297459 compute_total_us=88549 compute_max_us=9381 present_total_us=33510 present_max_us=8076 tick_max_us=9395 producer_failures=0 presentation_failures=0
[14:21:26] TINYDRAW_PAN_BASELINE zoom=400 x=3948 y=4123 frames=3 reused=0 compose_avg_us=25935 compose_max_us=26918 present_avg_us=19943 present_max_us=20153 tear_wait_avg_us=5271 tear_wait_max_us=11176 failures=0
[14:21:26] TINYDRAW_FILL_BASELINE result=superseded zoom=400 x=3725 y=3867 revision=126 steps=24 wall_us=298478 compute_total_us=92048 compute_max_us=9411 present_total_us=24034 present_max_us=7979 tick_max_us=9424 producer_failures=0 presentation_failures=0
[14:21:27] TINYDRAW_PAN_BASELINE zoom=400 x=4177 y=4359 frames=3 reused=0 compose_avg_us=24587 compose_max_us=25421 present_avg_us=19749 present_max_us=19919 tear_wait_avg_us=2816 tear_wait_max_us=4199 failures=0
[14:21:27] TINYDRAW_FILL_BASELINE result=superseded zoom=400 x=3948 y=4123 revision=126 steps=30 wall_us=331294 compute_total_us=124919 compute_max_us=7720 present_total_us=32127 present_max_us=6282 tick_max_us=7734 producer_failures=0 presentation_failures=0
[14:21:27] TINYDRAW_PAN_BASELINE zoom=400 x=4393 y=4597 frames=4 reused=0 compose_avg_us=24673 compose_max_us=25006 present_avg_us=19950 present_max_us=20237 tear_wait_avg_us=4278 tear_wait_max_us=8795 failures=0
[14:21:27] TINYDRAW_FILL_BASELINE result=superseded zoom=400 x=4177 y=4359 revision=126 steps=22 wall_us=348287 compute_total_us=90015 compute_max_us=7661 present_total_us=30427 present_max_us=7980 tick_max_us=7678 producer_failures=0 presentation_failures=0
[14:21:27] TINYDRAW_PAN_BASELINE zoom=400 x=4665 y=4850 frames=4 reused=0 compose_avg_us=25508 compose_max_us=25954 present_avg_us=19973 present_max_us=20233 tear_wait_avg_us=2690 tear_wait_max_us=4438 failures=0
[14:21:27] TINYDRAW_FILL_BASELINE result=superseded zoom=400 x=4393 y=4597 revision=126 steps=14 wall_us=315368 compute_total_us=65818 compute_max_us=9204 present_total_us=29347 present_max_us=8053 tick_max_us=9218 producer_failures=0 presentation_failures=0
[14:21:28] TINYDRAW_PAN_BASELINE zoom=400 x=4849 y=5101 frames=3 reused=0 compose_avg_us=26593 compose_max_us=27042 present_avg_us=20181 present_max_us=20384 tear_wait_avg_us=5709 tear_wait_max_us=14786 failures=0
[14:21:28] TINYDRAW_FILL_BASELINE result=superseded zoom=400 x=4665 y=4850 revision=126 steps=11 wall_us=281459 compute_total_us=65798 compute_max_us=9451 present_total_us=30054 present_max_us=8252 tick_max_us=9463 producer_failures=0 presentation_failures=0
[14:21:28] TINYDRAW_PAN_BASELINE zoom=400 x=5091 y=5303 frames=3 reused=0 compose_avg_us=25728 compose_max_us=26266 present_avg_us=19781 present_max_us=20098 tear_wait_avg_us=4983 tear_wait_max_us=10270 failures=0
[14:21:28] TINYDRAW_FILL_BASELINE result=superseded zoom=400 x=4849 y=5101 revision=126 steps=15 wall_us=297368 compute_total_us=79839 compute_max_us=10582 present_total_us=36684 present_max_us=9261 tick_max_us=10595 producer_failures=0 presentation_failures=0
[14:21:29] TINYDRAW_PAN_BASELINE zoom=400 x=4870 y=5394 frames=4 reused=0 compose_avg_us=26329 compose_max_us=27264 present_avg_us=19986 present_max_us=20251 tear_wait_avg_us=1840 tear_wait_max_us=2639 failures=0
[14:21:29] TINYDRAW_FILL_BASELINE result=superseded zoom=400 x=5091 y=5303 revision=126 steps=15 wall_us=349100 compute_total_us=83455 compute_max_us=8775 present_total_us=38326 present_max_us=8446 tick_max_us=8788 producer_failures=0 presentation_failures=0
[14:21:29] TINYDRAW_PAN_BASELINE zoom=400 x=4601 y=5163 frames=4 reused=0 compose_avg_us=25668 compose_max_us=26239 present_avg_us=19776 present_max_us=20016 tear_wait_avg_us=4707 tear_wait_max_us=13336 failures=0
[14:21:29] TINYDRAW_FILL_BASELINE result=superseded zoom=400 x=4870 y=5394 revision=126 steps=21 wall_us=365457 compute_total_us=95167 compute_max_us=9050 present_total_us=37790 present_max_us=7777 tick_max_us=9064 producer_failures=0 presentation_failures=0
[14:21:29] TINYDRAW_PAN_BASELINE zoom=400 x=4388 y=4997 frames=4 reused=0 compose_avg_us=25701 compose_max_us=25776 present_avg_us=19719 present_max_us=19967 tear_wait_avg_us=1707 tear_wait_max_us=2420 failures=0
[14:21:29] TINYDRAW_FILL_BASELINE result=superseded zoom=400 x=4601 y=5163 revision=126 steps=14 wall_us=331290 compute_total_us=79087 compute_max_us=10223 present_total_us=31698 present_max_us=8196 tick_max_us=10237 producer_failures=0 presentation_failures=0
[14:21:30] TINYDRAW_PAN_BASELINE zoom=400 x=4136 y=4793 frames=4 reused=0 compose_avg_us=24678 compose_max_us=25135 present_avg_us=20010 present_max_us=20310 tear_wait_avg_us=5733 tear_wait_max_us=14461 failures=0
[14:21:30] TINYDRAW_FILL_BASELINE result=superseded zoom=400 x=4388 y=4997 revision=126 steps=11 wall_us=332275 compute_total_us=62355 compute_max_us=9028 present_total_us=33674 present_max_us=7302 tick_max_us=9043 producer_failures=0 presentation_failures=0
[14:21:30] TINYDRAW_PAN_BASELINE zoom=400 x=3912 y=4652 frames=4 reused=0 compose_avg_us=25128 compose_max_us=25562 present_avg_us=19942 present_max_us=20394 tear_wait_avg_us=5833 tear_wait_max_us=16342 failures=0
[14:21:30] TINYDRAW_FILL_BASELINE result=superseded zoom=400 x=4136 y=4793 revision=126 steps=18 wall_us=331372 compute_total_us=72068 compute_max_us=7759 present_total_us=23198 present_max_us=7819 tick_max_us=7773 producer_failures=0 presentation_failures=0
[14:21:30] TINYDRAW_PAN_BASELINE zoom=400 x=3756 y=4407 frames=4 reused=0 compose_avg_us=26328 compose_max_us=26587 present_avg_us=20041 present_max_us=20353 tear_wait_avg_us=2777 tear_wait_max_us=7431 failures=0
[14:21:30] TINYDRAW_FILL_BASELINE result=superseded zoom=400 x=3912 y=4652 revision=126 steps=12 wall_us=298286 compute_total_us=55750 compute_max_us=11216 present_total_us=15629 present_max_us=8340 tick_max_us=11229 producer_failures=0 presentation_failures=0
[14:21:31] TINYDRAW_PAN_BASELINE zoom=400 x=3579 y=4173 frames=4 reused=0 compose_avg_us=26906 compose_max_us=27163 present_avg_us=19935 present_max_us=20283 tear_wait_avg_us=3285 tear_wait_max_us=10601 failures=0
[14:21:31] TINYDRAW_FILL_BASELINE result=superseded zoom=400 x=3756 y=4407 revision=126 steps=19 wall_us=348272 compute_total_us=84709 compute_max_us=10360 present_total_us=30425 present_max_us=8321 tick_max_us=10376 producer_failures=0 presentation_failures=0
[14:21:31] TINYDRAW_PAN_BASELINE zoom=400 x=3354 y=3914 frames=4 reused=0 compose_avg_us=26929 compose_max_us=28004 present_avg_us=19701 present_max_us=19960 tear_wait_avg_us=3530 tear_wait_max_us=9752 failures=0
[14:21:31] TINYDRAW_FILL_BASELINE result=superseded zoom=400 x=3579 y=4173 revision=126 steps=19 wall_us=333066 compute_total_us=69443 compute_max_us=10910 present_total_us=26952 present_max_us=9058 tick_max_us=10923 producer_failures=0 presentation_failures=0
[14:21:31] TINYDRAW_PAN_BASELINE zoom=400 x=3169 y=3710 frames=4 reused=0 compose_avg_us=27027 compose_max_us=27657 present_avg_us=19846 present_max_us=20177 tear_wait_avg_us=2271 tear_wait_max_us=5952 failures=0
[14:21:32] TINYDRAW_FILL_BASELINE result=superseded zoom=400 x=3354 y=3914 revision=126 steps=172 wall_us=363229 compute_total_us=106290 compute_max_us=9682 present_total_us=16107 present_max_us=8265 tick_max_us=9694 producer_failures=0 presentation_failures=0
[14:21:32] TINYDRAW_PAN_BASELINE zoom=400 x=2988 y=3560 frames=4 reused=0 compose_avg_us=25344 compose_max_us=27313 present_avg_us=19882 present_max_us=20228 tear_wait_avg_us=5191 tear_wait_max_us=11321 failures=0
[14:21:32] TINYDRAW_FILL_BASELINE result=superseded zoom=400 x=3169 y=3710 revision=126 steps=143 wall_us=348284 compute_total_us=94416 compute_max_us=9690 present_total_us=8188 present_max_us=8188 tick_max_us=9702 producer_failures=0 presentation_failures=0
[14:21:32] TINYDRAW_PAN_BASELINE zoom=400 x=2814 y=3389 frames=3 reused=0 compose_avg_us=23316 compose_max_us=24761 present_avg_us=19743 present_max_us=20063 tear_wait_avg_us=3762 tear_wait_max_us=5386 failures=0
[14:21:32] TINYDRAW_FILL_BASELINE result=superseded zoom=400 x=2988 y=3560 revision=126 steps=153 wall_us=280286 compute_total_us=94015 compute_max_us=6063 present_total_us=2579 present_max_us=2579 tick_max_us=6074 producer_failures=0 presentation_failures=0
[14:21:32] TINYDRAW_PAN_BASELINE zoom=400 x=2637 y=3211 frames=3 reused=0 compose_avg_us=22904 compose_max_us=23702 present_avg_us=19828 present_max_us=20249 tear_wait_avg_us=3072 tear_wait_max_us=5104 failures=0
[14:21:33] TINYDRAW_FILL_BASELINE result=superseded zoom=400 x=2814 y=3389 revision=126 steps=194 wall_us=316344 compute_total_us=123940 compute_max_us=6028 present_total_us=5276 present_max_us=2883 tick_max_us=6040 producer_failures=0 presentation_failures=0
[14:21:33] TINYDRAW_PAN_BASELINE zoom=400 x=2430 y=3044 frames=4 reused=0 compose_avg_us=24355 compose_max_us=24824 present_avg_us=19838 present_max_us=20160 tear_wait_avg_us=6468 tear_wait_max_us=16298 failures=0
[14:21:33] TINYDRAW_FILL_BASELINE result=superseded zoom=400 x=2637 y=3211 revision=126 steps=226 wall_us=397397 compute_total_us=135094 compute_max_us=4649 present_total_us=8381 present_max_us=4722 tick_max_us=4658 producer_failures=0 presentation_failures=0
[14:21:33] TINYDRAW_PAN_BASELINE zoom=400 x=2276 y=2916 frames=4 reused=0 compose_avg_us=25876 compose_max_us=26364 present_avg_us=19878 present_max_us=20255 tear_wait_avg_us=1904 tear_wait_max_us=2580 failures=0
[14:21:33] TINYDRAW_FILL_BASELINE result=superseded zoom=400 x=2430 y=3044 revision=126 steps=133 wall_us=331204 compute_total_us=90445 compute_max_us=8790 present_total_us=7153 present_max_us=7153 tick_max_us=8803 producer_failures=0 presentation_failures=0
[14:21:34] TINYDRAW_PAN_BASELINE zoom=400 x=2085 y=2750 frames=4 reused=0 compose_avg_us=26355 compose_max_us=26970 present_avg_us=19836 present_max_us=20322 tear_wait_avg_us=1187 tear_wait_max_us=1700 failures=0
[14:21:34] TINYDRAW_FILL_BASELINE result=superseded zoom=400 x=2276 y=2916 revision=126 steps=157 wall_us=330375 compute_total_us=87875 compute_max_us=8725 present_total_us=7631 present_max_us=7631 tick_max_us=8738 producer_failures=0 presentation_failures=0
[14:21:34] TINYDRAW_PAN_BASELINE zoom=400 x=1992 y=2633 frames=4 reused=0 compose_avg_us=26219 compose_max_us=26776 present_avg_us=19775 present_max_us=20067 tear_wait_avg_us=1662 tear_wait_max_us=1950 failures=0
[14:21:34] TINYDRAW_FILL_BASELINE result=superseded zoom=400 x=2085 y=2750 revision=126 steps=137 wall_us=331378 compute_total_us=83834 compute_max_us=10927 present_total_us=16660 present_max_us=8745 tick_max_us=10941 producer_failures=0 presentation_failures=0
[14:21:34] TINYDRAW_PAN_BASELINE zoom=400 x=1905 y=2437 frames=4 reused=0 compose_avg_us=26250 compose_max_us=27196 present_avg_us=19843 present_max_us=20125 tear_wait_avg_us=2047 tear_wait_max_us=2990 failures=0
[14:21:34] TINYDRAW_FILL_BASELINE result=superseded zoom=400 x=1992 y=2633 revision=126 steps=24 wall_us=331100 compute_total_us=81061 compute_max_us=9618 present_total_us=25198 present_max_us=8532 tick_max_us=9634 producer_failures=0 presentation_failures=0
[14:21:35] TINYDRAW_PAN_BASELINE zoom=400 x=1781 y=2270 frames=3 reused=0 compose_avg_us=24581 compose_max_us=26040 present_avg_us=19851 present_max_us=20250 tear_wait_avg_us=4723 tear_wait_max_us=6861 failures=0
[14:21:35] TINYDRAW_FILL_BASELINE result=superseded zoom=400 x=1905 y=2437 revision=126 steps=27 wall_us=297376 compute_total_us=87743 compute_max_us=8745 present_total_us=30601 present_max_us=7656 tick_max_us=8758 producer_failures=0 presentation_failures=0
[14:21:35] TINYDRAW_PAN_BASELINE zoom=400 x=1650 y=2040 frames=3 reused=0 compose_avg_us=25371 compose_max_us=25845 present_avg_us=20045 present_max_us=20332 tear_wait_avg_us=6407 tear_wait_max_us=15476 failures=0
[14:21:35] TINYDRAW_FILL_BASELINE result=superseded zoom=400 x=1781 y=2270 revision=126 steps=22 wall_us=298452 compute_total_us=88266 compute_max_us=7798 present_total_us=26327 present_max_us=8584 tick_max_us=7811 producer_failures=0 presentation_failures=0
[14:21:35] TINYDRAW_FILL_BASELINE result=complete zoom=400 x=1650 y=2040 revision=126 steps=59 wall_us=283420 compute_total_us=220487 compute_max_us=10773 present_total_us=53164 present_max_us=7765 tick_max_us=10787 producer_failures=0 presentation_failures=0
[14:21:35] TINYDRAW_LIVE_FILL_DONE zoom=400 x=1650 y=2040 revision=126
[14:21:36] TINYDRAW_PAN_BASELINE zoom=400 x=1486 y=1824 frames=3 reused=0 compose_avg_us=26561 compose_max_us=28035 present_avg_us=19916 present_max_us=20119 tear_wait_avg_us=4327 tear_wait_max_us=9071 failures=0
[14:21:36] TINYDRAW_FILL_BASELINE result=complete zoom=400 x=1486 y=1824 revision=126 steps=31 wall_us=150147 compute_total_us=114906 compute_max_us=8345 present_total_us=29200 present_max_us=7699 tick_max_us=8357 producer_failures=0 presentation_failures=0
[14:21:36] TINYDRAW_LIVE_FILL_DONE zoom=400 x=1486 y=1824 revision=126
[14:21:36] TINYDRAW_PAN_BASELINE zoom=400 x=1289 y=1631 frames=4 reused=0 compose_avg_us=24810 compose_max_us=27202 present_avg_us=19619 present_max_us=19863 tear_wait_avg_us=4974 tear_wait_max_us=6244 failures=0
[14:21:36] TINYDRAW_PAN_BASELINE zoom=400 x=1244 y=1924 frames=4 reused=0 compose_avg_us=24905 compose_max_us=25559 present_avg_us=20023 present_max_us=20339 tear_wait_avg_us=4327 tear_wait_max_us=9661 failures=0
[14:21:36] TINYDRAW_FILL_BASELINE result=superseded zoom=400 x=1289 y=1631 revision=126 steps=27 wall_us=355981 compute_total_us=89620 compute_max_us=5622 present_total_us=14058 present_max_us=3340 tick_max_us=5635 producer_failures=0 presentation_failures=0
[14:21:39] TINYDRAW_PAN_BASELINE zoom=400 x=1412 y=2045 frames=51 reused=0 compose_avg_us=25393 compose_max_us=26558 present_avg_us=19916 present_max_us=20409 tear_wait_avg_us=2371 tear_wait_max_us=5300 failures=0
[14:21:39] TINYDRAW_FILL_BASELINE result=superseded zoom=400 x=1244 y=1924 revision=126 steps=12 wall_us=2667491 compute_total_us=35999 compute_max_us=5740 present_total_us=6591 present_max_us=4041 tick_max_us=5749 producer_failures=0 presentation_failures=0
[14:21:39] TINYDRAW_FILL_BASELINE result=complete zoom=400 x=1412 y=2045 revision=126 steps=15 wall_us=41391 compute_total_us=35109 compute_max_us=4649 present_total_us=2857 present_max_us=2826 tick_max_us=4656 producer_failures=0 presentation_failures=0
[14:21:39] TINYDRAW_LIVE_FILL_DONE zoom=400 x=1412 y=2045 revision=126
[14:21:39] TINYDRAW_PAN_BASELINE zoom=400 x=1629 y=2307 frames=4 reused=1 compose_avg_us=25841 compose_max_us=26300 present_avg_us=19757 present_max_us=19994 tear_wait_avg_us=4794 tear_wait_max_us=13830 failures=0
[14:21:41] TINYDRAW_PAN_BASELINE zoom=400 x=1746 y=2533 frames=23 reused=0 compose_avg_us=24849 compose_max_us=26120 present_avg_us=19874 present_max_us=20376 tear_wait_avg_us=3261 tear_wait_max_us=10385 failures=0
[14:21:41] TINYDRAW_FILL_BASELINE result=superseded zoom=400 x=1629 y=2307 revision=126 steps=25 wall_us=1293123 compute_total_us=75974 compute_max_us=7698 present_total_us=12566 present_max_us=7918 tick_max_us=7712 producer_failures=0 presentation_failures=0
[14:21:41] TINYDRAW_PAN_BASELINE zoom=400 x=1965 y=2703 frames=3 reused=0 compose_avg_us=26863 compose_max_us=28824 present_avg_us=19887 present_max_us=20164 tear_wait_avg_us=6052 tear_wait_max_us=15386 failures=0
[14:21:41] TINYDRAW_FILL_BASELINE result=superseded zoom=400 x=1746 y=2533 revision=126 steps=24 wall_us=283153 compute_total_us=77018 compute_max_us=9014 present_total_us=16695 present_max_us=6094 tick_max_us=9027 producer_failures=0 presentation_failures=0
[14:21:41] TINYDRAW_PAN_BASELINE zoom=400 x=2183 y=2737 frames=3 reused=0 compose_avg_us=27734 compose_max_us=29046 present_avg_us=19928 present_max_us=20206 tear_wait_avg_us=6479 tear_wait_max_us=16650 failures=0
[14:21:41] TINYDRAW_FILL_BASELINE result=superseded zoom=400 x=1965 y=2703 revision=126 steps=107 wall_us=295407 compute_total_us=87986 compute_max_us=9615 present_total_us=9193 present_max_us=5888 tick_max_us=9629 producer_failures=0 presentation_failures=0
[14:21:43] TINYDRAW_PAN_BASELINE zoom=400 x=2483 y=2720 frames=23 reused=0 compose_avg_us=26494 compose_max_us=27629 present_avg_us=19907 present_max_us=20436 tear_wait_avg_us=2301 tear_wait_max_us=16763 failures=0
[14:21:43] TINYDRAW_FILL_BASELINE result=superseded zoom=400 x=2183 y=2737 revision=126 steps=167 wall_us=1306450 compute_total_us=84161 compute_max_us=9998 present_total_us=9053 present_max_us=9053 tick_max_us=10010 producer_failures=0 presentation_failures=0
[14:21:43] TINYDRAW_PAN_BASELINE zoom=400 x=2559 y=2665 frames=7 reused=0 compose_avg_us=25885 compose_max_us=26285 present_avg_us=19871 present_max_us=20334 tear_wait_avg_us=3394 tear_wait_max_us=12301 failures=0
[14:21:43] TINYDRAW_FILL_BASELINE result=superseded zoom=400 x=2483 y=2720 revision=126 steps=1 wall_us=382101 compute_total_us=3806 compute_max_us=3806 present_total_us=0 present_max_us=0 tick_max_us=3817 producer_failures=0 presentation_failures=0
[14:21:43] TINYDRAW_PAN_BASELINE zoom=400 x=2833 y=2707 frames=4 reused=0 compose_avg_us=25726 compose_max_us=26059 present_avg_us=19943 present_max_us=20324 tear_wait_avg_us=1974 tear_wait_max_us=2667 failures=0
[14:21:43] TINYDRAW_FILL_BASELINE result=superseded zoom=400 x=2559 y=2665 revision=126 steps=43 wall_us=248075 compute_total_us=21687 compute_max_us=3820 present_total_us=0 present_max_us=0 tick_max_us=3831 producer_failures=0 presentation_failures=0
[14:21:43] TINYDRAW_PAN_BASELINE zoom=400 x=3064 y=2716 frames=3 reused=0 compose_avg_us=26204 compose_max_us=26400 present_avg_us=20072 present_max_us=20337 tear_wait_avg_us=4535 tear_wait_max_us=10585 failures=0
[14:21:43] TINYDRAW_FILL_BASELINE result=superseded zoom=400 x=2833 y=2707 revision=126 steps=108 wall_us=267029 compute_total_us=64538 compute_max_us=9763 present_total_us=9160 present_max_us=9160 tick_max_us=9776 producer_failures=0 presentation_failures=0
[14:21:44] TINYDRAW_PAN_BASELINE zoom=400 x=3258 y=2632 frames=3 reused=0 compose_avg_us=26713 compose_max_us=26987 present_avg_us=19800 present_max_us=20138 tear_wait_avg_us=4974 tear_wait_max_us=12600 failures=0
[14:21:44] TINYDRAW_FILL_BASELINE result=superseded zoom=400 x=3064 y=2716 revision=126 steps=133 wall_us=278396 compute_total_us=76997 compute_max_us=9510 present_total_us=7830 present_max_us=7830 tick_max_us=9523 producer_failures=0 presentation_failures=0
[14:21:44] TINYDRAW_PAN_BASELINE zoom=400 x=3510 y=2463 frames=4 reused=0 compose_avg_us=26459 compose_max_us=27232 present_avg_us=19886 present_max_us=20364 tear_wait_avg_us=3296 tear_wait_max_us=8601 failures=0
[14:21:44] TINYDRAW_FILL_BASELINE result=superseded zoom=400 x=3258 y=2632 revision=126 steps=160 wall_us=365287 compute_total_us=106196 compute_max_us=8556 present_total_us=23695 present_max_us=8171 tick_max_us=8576 producer_failures=0 presentation_failures=0
[14:21:45] TINYDRAW_PAN_BASELINE zoom=400 x=3757 y=2309 frames=3 reused=0 compose_avg_us=26678 compose_max_us=26795 present_avg_us=19932 present_max_us=20154 tear_wait_avg_us=3191 tear_wait_max_us=7308 failures=0
[14:21:45] TINYDRAW_FILL_BASELINE result=superseded zoom=400 x=3510 y=2463 revision=126 steps=16 wall_us=264202 compute_total_us=63380 compute_max_us=9030 present_total_us=24663 present_max_us=8267 tick_max_us=9043 producer_failures=0 presentation_failures=0
[14:21:45] TINYDRAW_PAN_BASELINE zoom=400 x=4019 y=2179 frames=4 reused=0 compose_avg_us=26789 compose_max_us=27414 present_avg_us=19927 present_max_us=20333 tear_wait_avg_us=915 tear_wait_max_us=1655 failures=0
[14:21:45] TINYDRAW_FILL_BASELINE result=superseded zoom=400 x=3757 y=2309 revision=126 steps=29 wall_us=348338 compute_total_us=91754 compute_max_us=8776 present_total_us=32769 present_max_us=8643 tick_max_us=8790 producer_failures=0 presentation_failures=0
[14:21:45] TINYDRAW_PAN_BASELINE zoom=400 x=4289 y=1994 frames=3 reused=0 compose_avg_us=26689 compose_max_us=27194 present_avg_us=19875 present_max_us=20212 tear_wait_avg_us=5250 tear_wait_max_us=13323 failures=0
[14:21:45] TINYDRAW_FILL_BASELINE result=superseded zoom=400 x=4019 y=2179 revision=126 steps=16 wall_us=280547 compute_total_us=74677 compute_max_us=9892 present_total_us=24240 present_max_us=8134 tick_max_us=9905 producer_failures=0 presentation_failures=0
[14:21:46] TINYDRAW_PAN_BASELINE zoom=400 x=4569 y=1765 frames=3 reused=0 compose_avg_us=26988 compose_max_us=27441 present_avg_us=19897 present_max_us=20202 tear_wait_avg_us=7930 tear_wait_max_us=16730 failures=0
[14:21:46] TINYDRAW_FILL_BASELINE result=superseded zoom=400 x=4289 y=1994 revision=126 steps=18 wall_us=314373 compute_total_us=86293 compute_max_us=11035 present_total_us=33767 present_max_us=8977 tick_max_us=11052 producer_failures=0 presentation_failures=0
[14:21:46] TINYDRAW_PAN_BASELINE zoom=400 x=4858 y=1552 frames=4 reused=0 compose_avg_us=26642 compose_max_us=27628 present_avg_us=19722 present_max_us=19969 tear_wait_avg_us=1781 tear_wait_max_us=2615 failures=0
[14:21:46] TINYDRAW_FILL_BASELINE result=superseded zoom=400 x=4569 y=1765 revision=126 steps=19 wall_us=348118 compute_total_us=93854 compute_max_us=11485 present_total_us=31672 present_max_us=8977 tick_max_us=11499 producer_failures=0 presentation_failures=0
[14:21:46] TINYDRAW_PAN_BASELINE zoom=400 x=5127 y=1361 frames=4 reused=0 compose_avg_us=25858 compose_max_us=26078 present_avg_us=19858 present_max_us=20363 tear_wait_avg_us=2432 tear_wait_max_us=4295 failures=0
[14:21:46] TINYDRAW_FILL_BASELINE result=superseded zoom=400 x=4858 y=1552 revision=126 steps=17 wall_us=331235 compute_total_us=75225 compute_max_us=8887 present_total_us=29507 present_max_us=8067 tick_max_us=8900 producer_failures=0 presentation_failures=0
[14:21:47] TINYDRAW_PAN_BASELINE zoom=400 x=5413 y=1102 frames=4 reused=0 compose_avg_us=25367 compose_max_us=25750 present_avg_us=19731 present_max_us=20059 tear_wait_avg_us=2553 tear_wait_max_us=2993 failures=0
[14:21:47] TINYDRAW_FILL_BASELINE result=superseded zoom=400 x=5127 y=1361 revision=126 steps=11 wall_us=315426 compute_total_us=60635 compute_max_us=9687 present_total_us=30499 present_max_us=7977 tick_max_us=9701 producer_failures=0 presentation_failures=0
[14:21:47] TINYDRAW_PAN_BASELINE zoom=400 x=5520 y=959 frames=4 reused=0 compose_avg_us=23504 compose_max_us=23965 present_avg_us=19799 present_max_us=20141 tear_wait_avg_us=6113 tear_wait_max_us=12173 failures=0
[14:21:47] TINYDRAW_FILL_BASELINE result=superseded zoom=400 x=5413 y=1102 revision=126 steps=20 wall_us=415455 compute_total_us=102616 compute_max_us=5750 present_total_us=53816 present_max_us=7505 tick_max_us=5770 producer_failures=0 presentation_failures=0
[14:21:48] TINYDRAW_PAN_BASELINE zoom=400 x=5326 y=1193 frames=4 reused=0 compose_avg_us=22082 compose_max_us=22326 present_avg_us=20037 present_max_us=20384 tear_wait_avg_us=5300 tear_wait_max_us=5945 failures=0
[14:21:48] TINYDRAW_FILL_BASELINE result=superseded zoom=400 x=5520 y=959 revision=126 steps=14 wall_us=348285 compute_total_us=66235 compute_max_us=5537 present_total_us=36186 present_max_us=7132 tick_max_us=5554 producer_failures=0 presentation_failures=0
[14:21:48] TINYDRAW_FILL_BASELINE result=complete zoom=400 x=5326 y=1193 revision=126 steps=8 wall_us=45595 compute_total_us=33546 compute_max_us=5498 present_total_us=8608 present_max_us=2851 tick_max_us=5509 producer_failures=0 presentation_failures=0
[14:21:48] TINYDRAW_LIVE_FILL_DONE zoom=400 x=5326 y=1193 revision=126
[14:21:48] TINYDRAW_PAN_BASELINE zoom=400 x=5054 y=1384 frames=4 reused=0 compose_avg_us=23674 compose_max_us=24962 present_avg_us=19803 present_max_us=20300 tear_wait_avg_us=4666 tear_wait_max_us=8889 failures=0
[14:21:48] TINYDRAW_PAN_BASELINE zoom=400 x=4814 y=1529 frames=4 reused=0 compose_avg_us=25846 compose_max_us=26355 present_avg_us=19764 present_max_us=20071 tear_wait_avg_us=1791 tear_wait_max_us=2881 failures=0
[14:21:48] TINYDRAW_FILL_BASELINE result=superseded zoom=400 x=5054 y=1384 revision=126 steps=15 wall_us=337005 compute_total_us=90030 compute_max_us=11646 present_total_us=22898 present_max_us=7641 tick_max_us=11660 producer_failures=0 presentation_failures=0
[14:21:49] TINYDRAW_PAN_BASELINE zoom=400 x=4547 y=1700 frames=4 reused=0 compose_avg_us=27235 compose_max_us=27728 present_avg_us=19927 present_max_us=20287 tear_wait_avg_us=2653 tear_wait_max_us=10230 failures=0
[14:21:49] TINYDRAW_FILL_BASELINE result=superseded zoom=400 x=4814 y=1529 revision=126 steps=19 wall_us=314342 compute_total_us=66507 compute_max_us=6625 present_total_us=12891 present_max_us=7072 tick_max_us=6638 producer_failures=0 presentation_failures=0
[14:21:49] TINYDRAW_PAN_BASELINE zoom=400 x=4302 y=1845 frames=4 reused=0 compose_avg_us=27479 compose_max_us=27817 present_avg_us=20040 present_max_us=20320 tear_wait_avg_us=6849 tear_wait_max_us=16320 failures=0
[14:21:49] TINYDRAW_FILL_BASELINE result=superseded zoom=400 x=4547 y=1700 revision=126 steps=22 wall_us=348362 compute_total_us=72148 compute_max_us=8643 present_total_us=24167 present_max_us=7957 tick_max_us=8656 producer_failures=0 presentation_failures=0
[14:21:49] TINYDRAW_PAN_BASELINE zoom=400 x=4008 y=1959 frames=3 reused=0 compose_avg_us=27642 compose_max_us=28277 present_avg_us=20006 present_max_us=20365 tear_wait_avg_us=7829 tear_wait_max_us=16555 failures=0
[14:21:49] TINYDRAW_FILL_BASELINE result=superseded zoom=400 x=4302 y=1845 revision=126 steps=12 wall_us=266333 compute_total_us=42454 compute_max_us=8508 present_total_us=11277 present_max_us=7413 tick_max_us=8532 producer_failures=0 presentation_failures=0
[14:21:50] TINYDRAW_PAN_BASELINE zoom=400 x=3755 y=2009 frames=4 reused=0 compose_avg_us=25990 compose_max_us=26393 present_avg_us=19700 present_max_us=19970 tear_wait_avg_us=2965 tear_wait_max_us=6694 failures=0
[14:21:50] TINYDRAW_FILL_BASELINE result=superseded zoom=400 x=4008 y=1959 revision=126 steps=19 wall_us=345325 compute_total_us=73483 compute_max_us=7548 present_total_us=33316 present_max_us=7985 tick_max_us=7560 producer_failures=0 presentation_failures=0
[14:21:50] TINYDRAW_PAN_BASELINE zoom=400 x=3518 y=2110 frames=4 reused=0 compose_avg_us=26323 compose_max_us=26533 present_avg_us=19819 present_max_us=20098 tear_wait_avg_us=2769 tear_wait_max_us=6679 failures=0
[14:21:50] TINYDRAW_FILL_BASELINE result=superseded zoom=400 x=3755 y=2009 revision=126 steps=15 wall_us=331370 compute_total_us=57269 compute_max_us=7816 present_total_us=21299 present_max_us=8397 tick_max_us=7833 producer_failures=0 presentation_failures=0
[14:21:51] TINYDRAW_PAN_BASELINE zoom=400 x=3441 y=2275 frames=12 reused=0 compose_avg_us=26188 compose_max_us=26834 present_avg_us=19856 present_max_us=20349 tear_wait_avg_us=2613 tear_wait_max_us=13471 failures=0
[14:21:51] TINYDRAW_FILL_BASELINE result=superseded zoom=400 x=3518 y=2110 revision=126 steps=10 wall_us=718613 compute_total_us=39977 compute_max_us=9726 present_total_us=14599 present_max_us=7317 tick_max_us=9739 producer_failures=0 presentation_failures=0
[14:21:51] TINYDRAW_FILL_BASELINE result=complete zoom=400 x=3441 y=2275 revision=126 steps=70 wall_us=272335 compute_total_us=210829 compute_max_us=7617 present_total_us=49761 present_max_us=8114 tick_max_us=7630 producer_failures=0 presentation_failures=0
[14:21:51] TINYDRAW_LIVE_FILL_DONE zoom=400 x=3441 y=2275 revision=126
[14:21:51] TINYDRAW_LIVE_PRESENT kind=chrome zoom=400 x=3441 y=2275 compose_us=45946 scroll_us=0 exposed_compose_us=0 chrome_us=0 read_submit_us=52687 read_complete_us=53487 transfer_wait_us=20279 tile_pixels=78272 uniform_pixels=86592 overview_pixels=0 fallback_pixels=0 resident_tiles=56 fallback_tiles=0 pushes=21 tear_wait_us=6006 tear_sync=1 frame_reused=0 pass=1
[14:21:52] TINYDRAW_LIVE_PRESENT kind=chrome zoom=400 x=3441 y=2275 compose_us=26160 scroll_us=0 exposed_compose_us=0 chrome_us=0 read_submit_us=42573 read_complete_us=43372 transfer_wait_us=19398 tile_pixels=78272 uniform_pixels=86592 overview_pixels=0 fallback_pixels=0 resident_tiles=56 fallback_tiles=0 pushes=21 tear_wait_us=15619 tear_sync=1 frame_reused=0 pass=1
[14:21:53] TINYDRAW_LIVE_PRESENT kind=chrome zoom=400 x=3441 y=2275 compose_us=36697 scroll_us=0 exposed_compose_us=0 chrome_us=0 read_submit_us=44542 read_complete_us=45339 transfer_wait_us=19424 tile_pixels=78272 uniform_pixels=86592 overview_pixels=0 fallback_pixels=0 resident_tiles=56 fallback_tiles=0 pushes=21 tear_wait_us=7058 tear_sync=1 frame_reused=0 pass=1
[14:21:56] TINYDRAW_LIVE_PRESENT kind=chrome zoom=400 x=3441 y=2275 compose_us=36423 scroll_us=0 exposed_compose_us=0 chrome_us=0 read_submit_us=50477 read_complete_us=51276 transfer_wait_us=19488 tile_pixels=78272 uniform_pixels=86592 overview_pixels=0 fallback_pixels=0 resident_tiles=56 fallback_tiles=0 pushes=21 tear_wait_us=13286 tear_sync=1 frame_reused=0 pass=1
[14:21:57] TINYDRAW_LIVE_PRESENT kind=chrome zoom=400 x=3441 y=2275 compose_us=26137 scroll_us=0 exposed_compose_us=0 chrome_us=0 read_submit_us=35146 read_complete_us=35948 transfer_wait_us=19813 tile_pixels=78272 uniform_pixels=86592 overview_pixels=0 fallback_pixels=0 resident_tiles=56 fallback_tiles=0 pushes=21 tear_wait_us=8193 tear_sync=1 frame_reused=0 pass=1
[14:22:01] TINYDRAW_LIVE_STROKE revision=127 operations=127 samples=8997 append_us=143860 refresh_compose_us=0 refresh_complete_us=0 ink_samples=160 read_submit_avg_us=1748 read_submit_max_us=3113 read_complete_avg_us=1814 read_complete_max_us=3249 submit_over_16ms=0 complete_over_33ms=0 presentation_failures=0 poll_max_us=95007 touch_errors=0 touch_overflows=0 touch_moves_coalesced=23792 touch_events=3009 touch_down=141 touch_up=141 touch_events_ge_8ms=253 touch_event_age_max_us=101234 chunks=1 free_psram=3042440 largest_psram=3014656 authority_match=1
[14:22:01] TINYDRAW_LIVE_STROKE_DONE committed=1 refresh=1 commit_failed=0
[14:22:01] TINYDRAW_LIFT_BASELINE id=125 finish_preview_us=2015 builder_finish_us=56 append_us=143860 refresh_wall_us=23 refresh_x0=0 refresh_y0=0 refresh_x1=0 refresh_y1=0 refresh_compose_us=0 refresh_first_submit_us=0 refresh_first_complete_us=0 refresh_transfer_wait_us=0 stroke_logging_us=0 detected_to_poll_start_us=148002 detected_to_poll_complete_us=148011 poll_read_us=9 unattributed_tail_us=2048 reports_dropped=0 chunks=1 committed=1 refresh=1 commit_failed=0
[14:22:01] TINYDRAW_FILL_BASELINE result=complete zoom=400 x=3441 y=2275 revision=127 steps=1 wall_us=1646 compute_total_us=1608 compute_max_us=1608 present_total_us=0 present_max_us=0 tick_max_us=1618 producer_failures=0 presentation_failures=0
[14:22:01] TINYDRAW_LIVE_FILL_DONE zoom=400 x=3441 y=2275 revision=127
[14:22:03] TINYDRAW_LIVE_PRESENT kind=chrome zoom=400 x=3441 y=2275 compose_us=39919 scroll_us=0 exposed_compose_us=0 chrome_us=0 read_submit_us=53750 read_complete_us=54552 transfer_wait_us=20218 tile_pixels=135488 uniform_pixels=29376 overview_pixels=0 fallback_pixels=0 resident_tiles=56 fallback_tiles=0 pushes=21 tear_wait_us=13023 tear_sync=1 frame_reused=0 pass=1
[14:22:04] TINYDRAW_LIVE_PRESENT kind=chrome zoom=400 x=3441 y=2275 compose_us=29303 scroll_us=0 exposed_compose_us=0 chrome_us=0 read_submit_us=35228 read_complete_us=36030 transfer_wait_us=19737 tile_pixels=135488 uniform_pixels=29376 overview_pixels=0 fallback_pixels=0 resident_tiles=56 fallback_tiles=0 pushes=21 tear_wait_us=5139 tear_sync=1 frame_reused=0 pass=1
[14:22:04] TINYDRAW_PAN_BASELINE zoom=400 x=3674 y=1975 frames=5 reused=2 compose_avg_us=23917 compose_max_us=28820 present_avg_us=19883 present_max_us=20291 tear_wait_avg_us=5982 tear_wait_max_us=15597 failures=0
[14:22:05] TINYDRAW_PAN_BASELINE zoom=400 x=3795 y=1726 frames=4 reused=0 compose_avg_us=26368 compose_max_us=27357 present_avg_us=19763 present_max_us=20052 tear_wait_avg_us=5535 tear_wait_max_us=16360 failures=0
[14:22:05] TINYDRAW_FILL_BASELINE result=superseded zoom=400 x=3674 y=1975 revision=127 steps=38 wall_us=386989 compute_total_us=117099 compute_max_us=9358 present_total_us=30593 present_max_us=8107 tick_max_us=9372 producer_failures=0 presentation_failures=0
[14:22:05] TINYDRAW_FILL_BASELINE result=complete zoom=400 x=3795 y=1726 revision=127 steps=47 wall_us=235335 compute_total_us=175686 compute_max_us=8644 present_total_us=49667 present_max_us=8403 tick_max_us=8656 producer_failures=0 presentation_failures=0
[14:22:05] TINYDRAW_LIVE_FILL_DONE zoom=400 x=3795 y=1726 revision=127
[14:22:06] TINYDRAW_LIVE_PRESENT kind=chrome zoom=400 x=3795 y=1726 compose_us=35937 scroll_us=0 exposed_compose_us=0 chrome_us=0 read_submit_us=51410 read_complete_us=52212 transfer_wait_us=19556 tile_pixels=65178 uniform_pixels=99686 overview_pixels=0 fallback_pixels=0 resident_tiles=56 fallback_tiles=0 pushes=21 tear_wait_us=14681 tear_sync=1 frame_reused=0 pass=1
[14:22:07] TINYDRAW_LIVE_PRESENT kind=chrome zoom=400 x=3795 y=1726 compose_us=25489 scroll_us=0 exposed_compose_us=0 chrome_us=0 read_submit_us=42812 read_complete_us=43614 transfer_wait_us=20149 tile_pixels=65178 uniform_pixels=99686 overview_pixels=0 fallback_pixels=0 resident_tiles=56 fallback_tiles=0 pushes=21 tear_wait_us=16491 tear_sync=1 frame_reused=0 pass=1
[14:22:10] TINYDRAW_LIVE_STROKE revision=128 operations=128 samples=9164 append_us=135377 refresh_compose_us=0 refresh_complete_us=0 ink_samples=167 read_submit_avg_us=1848 read_submit_max_us=3229 read_complete_avg_us=1918 read_complete_max_us=3350 submit_over_16ms=0 complete_over_33ms=0 presentation_failures=0 poll_max_us=148004 touch_errors=0 touch_overflows=0 touch_moves_coalesced=1804 touch_events=1159 touch_down=7 touch_up=7 touch_events_ge_8ms=4 touch_event_age_max_us=81233 chunks=1 free_psram=3042440 largest_psram=3014656 authority_match=1
[14:22:10] TINYDRAW_LIVE_STROKE_DONE committed=1 refresh=1 commit_failed=0
[14:22:10] TINYDRAW_LIFT_BASELINE id=126 finish_preview_us=2015 builder_finish_us=57 append_us=135377 refresh_wall_us=32 refresh_x0=0 refresh_y0=0 refresh_x1=0 refresh_y1=0 refresh_compose_us=0 refresh_first_submit_us=0 refresh_first_complete_us=0 refresh_transfer_wait_us=0 stroke_logging_us=0 detected_to_poll_start_us=139002 detected_to_poll_complete_us=139011 poll_read_us=9 unattributed_tail_us=1521 reports_dropped=0 chunks=1 committed=1 refresh=1 commit_failed=0
[14:22:10] TINYDRAW_FILL_BASELINE result=complete zoom=400 x=3795 y=1726 revision=128 steps=1 wall_us=1931 compute_total_us=1893 compute_max_us=1893 present_total_us=0 present_max_us=0 tick_max_us=1903 producer_failures=0 presentation_failures=0
[14:22:10] TINYDRAW_LIVE_FILL_DONE zoom=400 x=3795 y=1726 revision=128
