[19:51:19] TINYDRAW_LIVE_STROKE revision=2003 operations=1002 samples=19861 append_us=7605 refresh_compose_us=34644 refresh_complete_us=19651 ink_samples=8 read_submit_avg_us=1085 read_submit_max_us=1122 read_complete_avg_us=1083 read_complete_max_us=1129 submit_over_16ms=0 complete_over_33ms=0 presentation_failures=0 poll_max_us=3001 touch_errors=0 free_psram=2744716 largest_psram=2686976 authority_match=1
[19:51:19] TINYDRAW_LIVE_STROKE_DONE committed=1 refresh=1 overflow=0
[19:51:22] TINYDRAW_LIVE_PRESENT kind=zoom zoom=100 x=0 y=0 compose_us=26896 read_submit_us=27688 read_complete_us=28492 transfer_wait_us=19312 tile_pixels=164864 uniform_pixels=0 overview_pixels=0 fallback_pixels=0 resident_tiles=42 fallback_tiles=0 pushes=21 frame_reused=0 pass=1
[19:51:22] TINYDRAW_LIVE_FILL_DONE zoom=100 x=0 y=0 revision=2003
[19:51:27] TINYDRAW_LIVE_PRESENT kind=toolbar zoom=100 x=0 y=0 compose_us=35111 read_submit_us=35883 read_complete_us=36687 transfer_wait_us=19832 tile_pixels=164864 uniform_pixels=0 overview_pixels=0 fallback_pixels=0 resident_tiles=42 fallback_tiles=0 pushes=21 frame_reused=0 pass=1
[19:51:27] TINYDRAW_LIVE_PRESENT kind=toolbar zoom=100 x=0 y=0 compose_us=26945 read_submit_us=27713 read_complete_us=28516 transfer_wait_us=19020 tile_pixels=164864 uniform_pixels=0 overview_pixels=0 fallback_pixels=0 resident_tiles=42 fallback_tiles=0 pushes=21 frame_reused=0 pass=1
[19:51:31] TINYDRAW_LIVE_PRESENT kind=pan zoom=100 x=0 y=1 compose_us=26078 read_submit_us=27144 read_complete_us=27947 transfer_wait_us=19856 tile_pixels=0 uniform_pixels=0 overview_pixels=0 fallback_pixels=0 resident_tiles=0 fallback_tiles=0 pushes=21 frame_reused=1 pass=1
[19:51:31] TINYDRAW_LIVE_PRESENT kind=pan zoom=100 x=32 y=43 compose_us=27582 read_submit_us=28828 read_complete_us=29630 transfer_wait_us=19171 tile_pixels=164864 uniform_pixels=0 overview_pixels=0 fallback_pixels=0 resident_tiles=56 fallback_tiles=0 pushes=21 frame_reused=0 pass=1
[19:51:31] TINYDRAW_LIVE_PRESENT kind=pan zoom=100 x=172 y=131 compose_us=29396 read_submit_us=30640 read_complete_us=31444 transfer_wait_us=19359 tile_pixels=164864 uniform_pixels=0 overview_pixels=0 fallback_pixels=0 resident_tiles=56 fallback_tiles=0 pushes=21 frame_reused=0 pass=1
[19:51:31] TINYDRAW_LIVE_PRESENT kind=pan zoom=100 x=267 y=168 compose_us=28639 read_submit_us=29884 read_complete_us=30687 transfer_wait_us=19115 tile_pixels=164864 uniform_pixels=0 overview_pixels=0 fallback_pixels=0 resident_tiles=48 fallback_tiles=0 pushes=21 frame_reused=0 pass=1
[19:51:31] TINYDRAW_LIVE_PRESENT kind=pan zoom=100 x=302 y=132 compose_us=29196 read_submit_us=30431 read_complete_us=31234 transfer_wait_us=19568 tile_pixels=164864 uniform_pixels=0 overview_pixels=0 fallback_pixels=0 resident_tiles=56 fallback_tiles=0 pushes=21 frame_reused=0 pass=1
[19:51:31] TINYDRAW_LIVE_PRESENT kind=pan zoom=100 x=286 y=0 compose_us=28362 read_submit_us=29611 read_complete_us=30413 transfer_wait_us=19388 tile_pixels=164864 uniform_pixels=0 overview_pixels=0 fallback_pixels=0 resident_tiles=49 fallback_tiles=0 pushes=21 frame_reused=0 pass=1
[19:51:31] TINYDRAW_LIVE_PRESENT kind=pan zoom=100 x=173 y=0 compose_us=29100 read_submit_us=30338 read_complete_us=31141 transfer_wait_us=19661 tile_pixels=164864 uniform_pixels=0 overview_pixels=0 fallback_pixels=0 resident_tiles=49 fallback_tiles=0 pushes=21 frame_reused=0 pass=1
[19:51:32] TINYDRAW_LIVE_PRESENT kind=pan zoom=100 x=67 y=102 compose_us=27280 read_submit_us=28527 read_complete_us=29329 transfer_wait_us=19472 tile_pixels=164864 uniform_pixels=0 overview_pixels=0 fallback_pixels=0 resident_tiles=48 fallback_tiles=0 pushes=21 frame_reused=0 pass=1
[19:51:32] TINYDRAW_LIVE_PRESENT kind=pan zoom=100 x=78 y=219 compose_us=29416 read_submit_us=30660 read_complete_us=31463 transfer_wait_us=19339 tile_pixels=164864 uniform_pixels=0 overview_pixels=0 fallback_pixels=0 resident_tiles=48 fallback_tiles=0 pushes=21 frame_reused=0 pass=1
[19:51:32] TINYDRAW_LIVE_PRESENT kind=pan zoom=100 x=160 y=234 compose_us=28790 read_submit_us=30039 read_complete_us=30841 transfer_wait_us=19960 tile_pixels=164864 uniform_pixels=0 overview_pixels=0 fallback_pixels=0 resident_tiles=56 fallback_tiles=0 pushes=21 frame_reused=0 pass=1
[19:51:32] TINYDRAW_LIVE_PRESENT kind=pan zoom=100 x=249 y=93 compose_us=27892 read_submit_us=29136 read_complete_us=29939 transfer_wait_us=19863 tile_pixels=164864 uniform_pixels=0 overview_pixels=0 fallback_pixels=0 resident_tiles=56 fallback_tiles=0 pushes=21 frame_reused=0 pass=1
[19:51:32] TINYDRAW_LIVE_PRESENT kind=pan zoom=100 x=253 y=0 compose_us=29087 read_submit_us=30336 read_complete_us=31138 transfer_wait_us=19663 tile_pixels=164864 uniform_pixels=0 overview_pixels=0 fallback_pixels=0 resident_tiles=49 fallback_tiles=0 pushes=21 frame_reused=0 pass=1
[19:51:32] TINYDRAW_LIVE_PRESENT kind=pan zoom=100 x=109 y=5 compose_us=29148 read_submit_us=30387 read_complete_us=31190 transfer_wait_us=19612 tile_pixels=164864 uniform_pixels=0 overview_pixels=0 fallback_pixels=0 resident_tiles=56 fallback_tiles=0 pushes=21 frame_reused=0 pass=1
[19:51:32] TINYDRAW_LIVE_PRESENT kind=pan zoom=100 x=23 y=182 compose_us=27961 read_submit_us=29210 read_complete_us=30012 transfer_wait_us=19789 tile_pixels=164864 uniform_pixels=0 overview_pixels=0 fallback_pixels=0 resident_tiles=56 fallback_tiles=0 pushes=21 frame_reused=0 pass=1
[19:51:32] TINYDRAW_LIVE_PRESENT kind=pan zoom=100 x=20 y=203 compose_us=27740 read_submit_us=28977 read_complete_us=29781 transfer_wait_us=19030 tile_pixels=0 uniform_pixels=0 overview_pixels=0 fallback_pixels=0 resident_tiles=0 fallback_tiles=0 pushes=21 frame_reused=1 pass=1
[19:51:32] TINYDRAW_LIVE_PRESENT kind=pan zoom=100 x=64 y=0 compose_us=26973 read_submit_us=28225 read_complete_us=29028 transfer_wait_us=19774 tile_pixels=164864 uniform_pixels=0 overview_pixels=0 fallback_pixels=0 resident_tiles=42 fallback_tiles=0 pushes=21 frame_reused=0 pass=1
[19:51:32] TINYDRAW_LIVE_PRESENT kind=pan zoom=100 x=165 y=0 compose_us=27110 read_submit_us=28347 read_complete_us=29149 transfer_wait_us=19652 tile_pixels=164864 uniform_pixels=0 overview_pixels=0 fallback_pixels=0 resident_tiles=49 fallback_tiles=0 pushes=21 frame_reused=0 pass=1
[19:51:32] TINYDRAW_LIVE_PRESENT kind=pan zoom=100 x=297 y=85 compose_us=27899 read_submit_us=29152 read_complete_us=29955 transfer_wait_us=19847 tile_pixels=164864 uniform_pixels=0 overview_pixels=0 fallback_pixels=0 resident_tiles=56 fallback_tiles=0 pushes=21 frame_reused=0 pass=1
[19:51:32] TINYDRAW_LIVE_PRESENT kind=pan zoom=100 x=237 y=176 compose_us=29988 read_submit_us=31227 read_complete_us=32029 transfer_wait_us=19772 tile_pixels=164864 uniform_pixels=0 overview_pixels=0 fallback_pixels=0 resident_tiles=56 fallback_tiles=0 pushes=21 frame_reused=0 pass=1
[19:51:32] TINYDRAW_LIVE_PRESENT kind=pan zoom=100 x=41 y=159 compose_us=28106 read_submit_us=29353 read_complete_us=30156 transfer_wait_us=19646 tile_pixels=164864 uniform_pixels=0 overview_pixels=0 fallback_pixels=0 resident_tiles=56 fallback_tiles=0 pushes=21 frame_reused=0 pass=1
[19:51:32] TINYDRAW_LIVE_PRESENT kind=pan zoom=100 x=25 y=28 compose_us=27525 read_submit_us=28763 read_complete_us=29565 transfer_wait_us=19236 tile_pixels=164864 uniform_pixels=0 overview_pixels=0 fallback_pixels=0 resident_tiles=56 fallback_tiles=0 pushes=21 frame_reused=0 pass=1
[19:51:32] TINYDRAW_LIVE_PRESENT kind=pan zoom=100 x=262 y=0 compose_us=26702 read_submit_us=27949 read_complete_us=28753 transfer_wait_us=19050 tile_pixels=164864 uniform_pixels=0 overview_pixels=0 fallback_pixels=0 resident_tiles=42 fallback_tiles=0 pushes=21 frame_reused=0 pass=1
[19:51:32] TINYDRAW_LIVE_PRESENT kind=pan zoom=100 x=309 y=85 compose_us=27682 read_submit_us=28923 read_complete_us=29725 transfer_wait_us=19076 tile_pixels=164864 uniform_pixels=0 overview_pixels=0 fallback_pixels=0 resident_tiles=56 fallback_tiles=0 pushes=21 frame_reused=0 pass=1
[19:51:32] TINYDRAW_LIVE_FILL_DONE zoom=100 x=309 y=85 revision=2003
[19:51:33] TINYDRAW_LIVE_PRESENT kind=pan zoom=100 x=310 y=93 compose_us=27063 read_submit_us=28120 read_complete_us=28921 transfer_wait_us=19880 tile_pixels=0 uniform_pixels=0 overview_pixels=0 fallback_pixels=0 resident_tiles=0 fallback_tiles=0 pushes=21 frame_reused=1 pass=1
[19:51:33] TINYDRAW_LIVE_PRESENT kind=pan zoom=100 x=431 y=250 compose_us=29407 read_submit_us=30662 read_complete_us=31465 transfer_wait_us=19337 tile_pixels=164864 uniform_pixels=0 overview_pixels=0 fallback_pixels=0 resident_tiles=56 fallback_tiles=0 pushes=21 frame_reused=0 pass=1
[19:51:33] TINYDRAW_LIVE_FILL_DONE zoom=100 x=431 y=250 revision=2003
[19:51:33] TINYDRAW_LIVE_PRESENT kind=pan zoom=100 x=430 y=250 compose_us=24773 read_submit_us=25829 read_complete_us=26631 transfer_wait_us=19171 tile_pixels=0 uniform_pixels=0 overview_pixels=0 fallback_pixels=0 resident_tiles=0 fallback_tiles=0 pushes=21 frame_reused=1 pass=1
[19:51:33] TINYDRAW_LIVE_PRESENT kind=pan zoom=100 x=445 y=300 compose_us=30739 read_submit_us=31980 read_complete_us=32783 transfer_wait_us=19027 tile_pixels=164864 uniform_pixels=0 overview_pixels=0 fallback_pixels=0 resident_tiles=56 fallback_tiles=0 pushes=21 frame_reused=0 pass=1
[19:51:33] TINYDRAW_LIVE_PRESENT kind=pan zoom=100 x=561 y=497 compose_us=26245 read_submit_us=27497 read_complete_us=28299 transfer_wait_us=19502 tile_pixels=99728 uniform_pixels=65136 overview_pixels=0 fallback_pixels=0 resident_tiles=56 fallback_tiles=0 pushes=21 frame_reused=0 pass=1
[19:51:33] TINYDRAW_LIVE_PRESENT kind=pan zoom=100 x=588 y=515 compose_us=28606 read_submit_us=29864 read_complete_us=30668 transfer_wait_us=19135 tile_pixels=0 uniform_pixels=0 overview_pixels=0 fallback_pixels=0 resident_tiles=0 fallback_tiles=0 pushes=21 frame_reused=1 pass=1
[19:51:33] TINYDRAW_LIVE_PRESENT kind=pan zoom=100 x=559 y=442 compose_us=27742 read_submit_us=28998 read_complete_us=29796 transfer_wait_us=20001 tile_pixels=119968 uniform_pixels=44896 overview_pixels=0 fallback_pixels=0 resident_tiles=56 fallback_tiles=0 pushes=21 frame_reused=0 pass=1
[19:51:33] TINYDRAW_LIVE_FILL_DONE zoom=100 x=559 y=442 revision=2003
[19:51:33] TINYDRAW_LIVE_PRESENT kind=pan zoom=100 x=557 y=443 compose_us=27235 read_submit_us=28295 read_complete_us=29097 transfer_wait_us=19705 tile_pixels=0 uniform_pixels=0 overview_pixels=0 fallback_pixels=0 resident_tiles=0 fallback_tiles=0 pushes=21 frame_reused=1 pass=1
[19:51:33] TINYDRAW_LIVE_PRESENT kind=pan zoom=100 x=477 y=504 compose_us=27218 read_submit_us=28480 read_complete_us=29283 transfer_wait_us=19519 tile_pixels=97152 uniform_pixels=67712 overview_pixels=0 fallback_pixels=0 resident_tiles=56 fallback_tiles=0 pushes=21 frame_reused=0 pass=1
[19:51:33] TINYDRAW_LIVE_PRESENT kind=pan zoom=100 x=373 y=592 compose_us=24484 read_submit_us=25742 read_complete_us=26544 transfer_wait_us=19257 tile_pixels=64768 uniform_pixels=100096 overview_pixels=0 fallback_pixels=0 resident_tiles=56 fallback_tiles=0 pushes=21 frame_reused=0 pass=1
[19:51:34] TINYDRAW_LIVE_PRESENT kind=pan zoom=100 x=329 y=508 compose_us=25689 read_submit_us=26949 read_complete_us=27752 transfer_wait_us=19050 tile_pixels=95680 uniform_pixels=69184 overview_pixels=0 fallback_pixels=0 resident_tiles=48 fallback_tiles=0 pushes=21 frame_reused=0 pass=1
[19:51:34] TINYDRAW_LIVE_FILL_DONE zoom=100 x=329 y=508 revision=2003
[19:51:34] TINYDRAW_LIVE_PRESENT kind=pan zoom=100 x=325 y=501 compose_us=27144 read_submit_us=28201 read_complete_us=29004 transfer_wait_us=19799 tile_pixels=0 uniform_pixels=0 overview_pixels=0 fallback_pixels=0 resident_tiles=0 fallback_tiles=0 pushes=21 frame_reused=1 pass=1
[19:51:34] TINYDRAW_LIVE_PRESENT kind=pan zoom=100 x=208 y=352 compose_us=28328 read_submit_us=29590 read_complete_us=30393 transfer_wait_us=19409 tile_pixels=153088 uniform_pixels=11776 overview_pixels=0 fallback_pixels=0 resident_tiles=48 fallback_tiles=0 pushes=21 frame_reused=0 pass=1
[19:51:34] TINYDRAW_LIVE_FILL_DONE zoom=100 x=208 y=352 revision=2003
[19:51:34] TINYDRAW_LIVE_PRESENT kind=pan zoom=100 x=205 y=346 compose_us=27312 read_submit_us=28370 read_complete_us=29172 transfer_wait_us=19630 tile_pixels=0 uniform_pixels=0 overview_pixels=0 fallback_pixels=0 resident_tiles=0 fallback_tiles=0 pushes=21 frame_reused=1 pass=1
[19:51:34] TINYDRAW_LIVE_PRESENT kind=pan zoom=100 x=104 y=206 compose_us=28185 read_submit_us=29446 read_complete_us=30249 transfer_wait_us=19553 tile_pixels=164864 uniform_pixels=0 overview_pixels=0 fallback_pixels=0 resident_tiles=56 fallback_tiles=0 pushes=21 frame_reused=0 pass=1
[19:51:34] TINYDRAW_LIVE_PRESENT kind=pan zoom=100 x=0 y=61 compose_us=27204 read_submit_us=28453 read_complete_us=29255 transfer_wait_us=19546 tile_pixels=164864 uniform_pixels=0 overview_pixels=0 fallback_pixels=0 resident_tiles=48 fallback_tiles=0 pushes=21 frame_reused=0 pass=1
[19:51:34] TINYDRAW_LIVE_FILL_DONE zoom=100 x=0 y=61 revision=2003
[19:51:35] TINYDRAW_LIVE_PRESENT kind=pan zoom=100 x=0 y=55 compose_us=26173 read_submit_us=27234 read_complete_us=28036 transfer_wait_us=19766 tile_pixels=0 uniform_pixels=0 overview_pixels=0 fallback_pixels=0 resident_tiles=0 fallback_tiles=0 pushes=21 frame_reused=1 pass=1
[19:51:35] TINYDRAW_LIVE_PRESENT kind=pan zoom=100 x=0 y=0 compose_us=26948 read_submit_us=28200 read_complete_us=29003 transfer_wait_us=19799 tile_pixels=164864 uniform_pixels=0 overview_pixels=0 fallback_pixels=0 resident_tiles=42 fallback_tiles=0 pushes=21 frame_reused=0 pass=1
[19:51:35] TINYDRAW_LIVE_FILL_DONE zoom=100 x=0 y=0 revision=2003
[19:51:35] TINYDRAW_LIVE_PRESENT kind=pan zoom=100 x=0 y=3 compose_us=26159 read_submit_us=27197 read_complete_us=28001 transfer_wait_us=19803 tile_pixels=0 uniform_pixels=0 overview_pixels=0 fallback_pixels=0 resident_tiles=0 fallback_tiles=0 pushes=21 frame_reused=1 pass=1
[19:51:35] TINYDRAW_LIVE_PRESENT kind=pan zoom=100 x=0 y=7 compose_us=26209 read_submit_us=27455 read_complete_us=28259 transfer_wait_us=19544 tile_pixels=0 uniform_pixels=0 overview_pixels=0 fallback_pixels=0 resident_tiles=0 fallback_tiles=0 pushes=21 frame_reused=1 pass=1
[19:51:35] TINYDRAW_LIVE_PRESENT kind=pan zoom=100 x=0 y=0 compose_us=26240 read_submit_us=27484 read_complete_us=28287 transfer_wait_us=19515 tile_pixels=0 uniform_pixels=0 overview_pixels=0 fallback_pixels=0 resident_tiles=0 fallback_tiles=0 pushes=21 frame_reused=1 pass=1
[19:51:36] TINYDRAW_LIVE_PRESENT kind=pan zoom=100 x=2 y=4 compose_us=26778 read_submit_us=27831 read_complete_us=28633 transfer_wait_us=19169 tile_pixels=0 uniform_pixels=0 overview_pixels=0 fallback_pixels=0 resident_tiles=0 fallback_tiles=0 pushes=21 frame_reused=1 pass=1
[19:51:36] TINYDRAW_LIVE_PRESENT kind=pan zoom=100 x=83 y=83 compose_us=27602 read_submit_us=28849 read_complete_us=29651 transfer_wait_us=19150 tile_pixels=164864 uniform_pixels=0 overview_pixels=0 fallback_pixels=0 resident_tiles=56 fallback_tiles=0 pushes=21 frame_reused=0 pass=1
[19:51:36] TINYDRAW_LIVE_PRESENT kind=pan zoom=100 x=245 y=209 compose_us=28332 read_submit_us=29590 read_complete_us=30393 transfer_wait_us=19409 tile_pixels=164864 uniform_pixels=0 overview_pixels=0 fallback_pixels=0 resident_tiles=56 fallback_tiles=0 pushes=21 frame_reused=0 pass=1
[19:51:36] TINYDRAW_LIVE_FILL_DONE zoom=100 x=245 y=209 revision=2003
[19:51:36] TINYDRAW_LIVE_PRESENT kind=pan zoom=100 x=247 y=211 compose_us=26906 read_submit_us=27958 read_complete_us=28760 transfer_wait_us=19042 tile_pixels=0 uniform_pixels=0 overview_pixels=0 fallback_pixels=0 resident_tiles=0 fallback_tiles=0 pushes=21 frame_reused=1 pass=1
[19:51:36] TINYDRAW_LIVE_PRESENT kind=pan zoom=100 x=417 y=243 compose_us=28746 read_submit_us=30004 read_complete_us=30802 transfer_wait_us=19995 tile_pixels=164864 uniform_pixels=0 overview_pixels=0 fallback_pixels=0 resident_tiles=56 fallback_tiles=0 pushes=21 frame_reused=0 pass=1
[19:51:36] TINYDRAW_LIVE_FILL_DONE zoom=100 x=417 y=243 revision=2003
[19:51:36] TINYDRAW_LIVE_PRESENT kind=pan zoom=100 x=417 y=242 compose_us=26048 read_submit_us=27110 read_complete_us=27911 transfer_wait_us=19890 tile_pixels=0 uniform_pixels=0 overview_pixels=0 fallback_pixels=0 resident_tiles=0 fallback_tiles=0 pushes=21 frame_reused=1 pass=1
[19:51:36] TINYDRAW_LIVE_PRESENT kind=pan zoom=100 x=525 y=140 compose_us=29636 read_submit_us=30886 read_complete_us=31690 transfer_wait_us=19113 tile_pixels=164864 uniform_pixels=0 overview_pixels=0 fallback_pixels=0 resident_tiles=48 fallback_tiles=0 pushes=21 frame_reused=0 pass=1
[19:51:36] TINYDRAW_LIVE_FILL_DONE zoom=100 x=525 y=140 revision=2003
[19:51:37] TINYDRAW_LIVE_PRESENT kind=pan zoom=100 x=526 y=137 compose_us=26826 read_submit_us=27879 read_complete_us=28681 transfer_wait_us=19121 tile_pixels=0 uniform_pixels=0 overview_pixels=0 fallback_pixels=0 resident_tiles=0 fallback_tiles=0 pushes=21 frame_reused=1 pass=1
[19:51:37] TINYDRAW_LIVE_PRESENT kind=pan zoom=100 x=684 y=0 compose_us=28859 read_submit_us=30117 read_complete_us=30920 transfer_wait_us=19882 tile_pixels=164864 uniform_pixels=0 overview_pixels=0 fallback_pixels=0 resident_tiles=49 fallback_tiles=0 pushes=21 frame_reused=0 pass=1
[19:51:37] TINYDRAW_LIVE_FILL_DONE zoom=100 x=684 y=0 revision=2003
[19:51:37] TINYDRAW_LIVE_PRESENT kind=pan zoom=100 x=688 y=0 compose_us=26924 read_submit_us=27977 read_complete_us=28779 transfer_wait_us=19027 tile_pixels=0 uniform_pixels=0 overview_pixels=0 fallback_pixels=0 resident_tiles=0 fallback_tiles=0 pushes=21 frame_reused=1 pass=1
[19:51:37] TINYDRAW_LIVE_PRESENT kind=pan zoom=100 x=881 y=0 compose_us=27491 read_submit_us=28747 read_complete_us=29551 transfer_wait_us=19252 tile_pixels=164864 uniform_pixels=0 overview_pixels=0 fallback_pixels=0 resident_tiles=49 fallback_tiles=0 pushes=21 frame_reused=0 pass=1
[19:51:37] TINYDRAW_LIVE_FILL_DONE zoom=100 x=881 y=0 revision=2003
[19:51:37] TINYDRAW_LIVE_PRESENT kind=pan zoom=100 x=881 y=6 compose_us=26340 read_submit_us=27400 read_complete_us=28201 transfer_wait_us=19600 tile_pixels=0 uniform_pixels=0 overview_pixels=0 fallback_pixels=0 resident_tiles=0 fallback_tiles=0 pushes=21 frame_reused=1 pass=1
[19:51:37] TINYDRAW_LIVE_PRESENT kind=pan zoom=100 x=875 y=182 compose_us=29390 read_submit_us=30649 read_complete_us=31452 transfer_wait_us=19350 tile_pixels=163136 uniform_pixels=1728 overview_pixels=0 fallback_pixels=0 resident_tiles=56 fallback_tiles=0 pushes=21 frame_reused=0 pass=1
[19:51:37] TINYDRAW_LIVE_FILL_DONE zoom=100 x=875 y=182 revision=2003
[19:51:39] TINYDRAW_LIVE_PRESENT kind=pan zoom=100 x=874 y=184 compose_us=26920 read_submit_us=27977 read_complete_us=28778 transfer_wait_us=19025 tile_pixels=0 uniform_pixels=0 overview_pixels=0 fallback_pixels=0 resident_tiles=0 fallback_tiles=0 pushes=21 frame_reused=1 pass=1
[19:51:39] TINYDRAW_LIVE_PRESENT kind=pan zoom=100 x=838 y=216 compose_us=28213 read_submit_us=29471 read_complete_us=30274 transfer_wait_us=19528 tile_pixels=164864 uniform_pixels=0 overview_pixels=0 fallback_pixels=0 resident_tiles=48 fallback_tiles=0 pushes=21 frame_reused=0 pass=1
[19:51:39] TINYDRAW_LIVE_PRESENT kind=pan zoom=100 x=699 y=314 compose_us=30005 read_submit_us=31266 read_complete_us=32069 transfer_wait_us=19733 tile_pixels=164864 uniform_pixels=0 overview_pixels=0 fallback_pixels=0 resident_tiles=56 fallback_tiles=0 pushes=21 frame_reused=0 pass=1
[19:51:39] TINYDRAW_LIVE_PRESENT kind=pan zoom=100 x=635 y=403 compose_us=28598 read_submit_us=29852 read_complete_us=30655 transfer_wait_us=19147 tile_pixels=134320 uniform_pixels=30544 overview_pixels=0 fallback_pixels=0 resident_tiles=56 fallback_tiles=0 pushes=21 frame_reused=0 pass=1
[19:51:39] TINYDRAW_LIVE_FILL_DONE zoom=100 x=635 y=403 revision=2003
[19:51:39] TINYDRAW_LIVE_PRESENT kind=pan zoom=100 x=634 y=403 compose_us=24969 read_submit_us=26030 read_complete_us=26831 transfer_wait_us=19970 tile_pixels=0 uniform_pixels=0 overview_pixels=0 fallback_pixels=0 resident_tiles=0 fallback_tiles=0 pushes=21 frame_reused=1 pass=1
[19:51:39] TINYDRAW_LIVE_PRESENT kind=pan zoom=100 x=610 y=402 compose_us=28105 read_submit_us=29361 read_complete_us=30165 transfer_wait_us=19638 tile_pixels=0 uniform_pixels=0 overview_pixels=0 fallback_pixels=0 resident_tiles=0 fallback_tiles=0 pushes=21 frame_reused=1 pass=1
[19:51:40] TINYDRAW_LIVE_PRESENT kind=pan zoom=100 x=464 y=402 compose_us=27755 read_submit_us=29015 read_complete_us=29813 transfer_wait_us=19984 tile_pixels=134688 uniform_pixels=30176 overview_pixels=0 fallback_pixels=0 resident_tiles=48 fallback_tiles=0 pushes=21 frame_reused=0 pass=1
[19:51:40] TINYDRAW_LIVE_PRESENT kind=pan zoom=100 x=373 y=410 compose_us=27567 read_submit_us=28824 read_complete_us=29626 transfer_wait_us=19175 tile_pixels=131744 uniform_pixels=33120 overview_pixels=0 fallback_pixels=0 resident_tiles=56 fallback_tiles=0 pushes=21 frame_reused=0 pass=1
[19:51:40] TINYDRAW_LIVE_FILL_DONE zoom=100 x=373 y=410 revision=2003
[19:51:40] TINYDRAW_LIVE_PRESENT kind=pan zoom=100 x=372 y=410 compose_us=24945 read_submit_us=26008 read_complete_us=26805 transfer_wait_us=19992 tile_pixels=0 uniform_pixels=0 overview_pixels=0 fallback_pixels=0 resident_tiles=0 fallback_tiles=0 pushes=21 frame_reused=1 pass=1
[19:51:40] TINYDRAW_LIVE_PRESENT kind=pan zoom=100 x=314 y=400 compose_us=28131 read_submit_us=29391 read_complete_us=30195 transfer_wait_us=19608 tile_pixels=135424 uniform_pixels=29440 overview_pixels=0 fallback_pixels=0 resident_tiles=56 fallback_tiles=0 pushes=21 frame_reused=0 pass=1
[19:51:40] TINYDRAW_LIVE_PRESENT kind=pan zoom=100 x=144 y=389 compose_us=27810 read_submit_us=29074 read_complete_us=29876 transfer_wait_us=19925 tile_pixels=139472 uniform_pixels=25392 overview_pixels=0 fallback_pixels=0 resident_tiles=48 fallback_tiles=0 pushes=21 frame_reused=0 pass=1
[19:51:40] TINYDRAW_LIVE_FILL_DONE zoom=100 x=144 y=389 revision=2003
[19:51:40] TINYDRAW_LIVE_PRESENT kind=pan zoom=100 x=141 y=388 compose_us=27137 read_submit_us=28202 read_complete_us=29004 transfer_wait_us=19798 tile_pixels=0 uniform_pixels=0 overview_pixels=0 fallback_pixels=0 resident_tiles=0 fallback_tiles=0 pushes=21 frame_reused=1 pass=1
[19:51:40] TINYDRAW_LIVE_PRESENT kind=pan zoom=100 x=58 y=374 compose_us=28341 read_submit_us=29607 read_complete_us=30410 transfer_wait_us=19392 tile_pixels=144992 uniform_pixels=19872 overview_pixels=0 fallback_pixels=0 resident_tiles=56 fallback_tiles=0 pushes=21 frame_reused=0 pass=1
[19:51:40] TINYDRAW_LIVE_PRESENT kind=pan zoom=100 x=0 y=379 compose_us=27788 read_submit_us=29055 read_complete_us=29857 transfer_wait_us=19944 tile_pixels=143152 uniform_pixels=21712 overview_pixels=0 fallback_pixels=0 resident_tiles=48 fallback_tiles=0 pushes=21 frame_reused=0 pass=1
[19:51:40] TINYDRAW_LIVE_FILL_DONE zoom=100 x=0 y=379 revision=2003
[19:51:41] TINYDRAW_LIVE_PRESENT kind=pan zoom=100 x=0 y=373 compose_us=26291 read_submit_us=27350 read_complete_us=28151 transfer_wait_us=19650 tile_pixels=0 uniform_pixels=0 overview_pixels=0 fallback_pixels=0 resident_tiles=0 fallback_tiles=0 pushes=21 frame_reused=1 pass=1
[19:51:41] TINYDRAW_LIVE_PRESENT kind=pan zoom=100 x=0 y=332 compose_us=28689 read_submit_us=29953 read_complete_us=30757 transfer_wait_us=19046 tile_pixels=160448 uniform_pixels=4416 overview_pixels=0 fallback_pixels=0 resident_tiles=48 fallback_tiles=0 pushes=21 frame_reused=0 pass=1
[19:51:41] TINYDRAW_LIVE_FILL_DONE zoom=100 x=0 y=332 revision=2003
[19:51:41] TINYDRAW_LIVE_PRESENT kind=pan zoom=100 x=0 y=331 compose_us=26074 read_submit_us=27138 read_complete_us=27940 transfer_wait_us=19862 tile_pixels=0 uniform_pixels=0 overview_pixels=0 fallback_pixels=0 resident_tiles=0 fallback_tiles=0 pushes=21 frame_reused=1 pass=1
[19:51:41] TINYDRAW_LIVE_PRESENT kind=pan zoom=100 x=0 y=332 compose_us=26271 read_submit_us=27526 read_complete_us=28330 transfer_wait_us=19473 tile_pixels=0 uniform_pixels=0 overview_pixels=0 fallback_pixels=0 resident_tiles=0 fallback_tiles=0 pushes=21 frame_reused=1 pass=1
[19:51:41] TINYDRAW_LIVE_PRESENT kind=pan zoom=100 x=0 y=366 compose_us=27969 read_submit_us=29225 read_complete_us=30028 transfer_wait_us=19774 tile_pixels=147936 uniform_pixels=16928 overview_pixels=0 fallback_pixels=0 resident_tiles=48 fallback_tiles=0 pushes=21 frame_reused=0 pass=1
[19:51:41] TINYDRAW_LIVE_FILL_DONE zoom=100 x=0 y=366 revision=2003
[19:51:42] TINYDRAW_LIVE_PRESENT kind=pan zoom=100 x=0 y=370 compose_us=26390 read_submit_us=27427 read_complete_us=28228 transfer_wait_us=19573 tile_pixels=0 uniform_pixels=0 overview_pixels=0 fallback_pixels=0 resident_tiles=0 fallback_tiles=0 pushes=21 frame_reused=1 pass=1
[19:51:42] TINYDRAW_LIVE_FILL_DONE zoom=100 x=0 y=370 revision=2003
[19:51:42] TINYDRAW_LIVE_PRESENT kind=pan zoom=100 x=0 y=371 compose_us=26260 read_submit_us=27313 read_complete_us=28115 transfer_wait_us=19687 tile_pixels=0 uniform_pixels=0 overview_pixels=0 fallback_pixels=0 resident_tiles=0 fallback_tiles=0 pushes=21 frame_reused=1 pass=1
[19:51:42] TINYDRAW_LIVE_PRESENT kind=pan zoom=100 x=26 y=454 compose_us=27166 read_submit_us=28435 read_complete_us=29239 transfer_wait_us=19564 tile_pixels=115552 uniform_pixels=49312 overview_pixels=0 fallback_pixels=0 resident_tiles=56 fallback_tiles=0 pushes=21 frame_reused=0 pass=1
[19:51:42] TINYDRAW_LIVE_FILL_DONE zoom=100 x=26 y=454 revision=2003
[19:51:42] TINYDRAW_LIVE_PRESENT kind=pan zoom=100 x=26 y=458 compose_us=26425 read_submit_us=27482 read_complete_us=28285 transfer_wait_us=19518 tile_pixels=0 uniform_pixels=0 overview_pixels=0 fallback_pixels=0 resident_tiles=0 fallback_tiles=0 pushes=21 frame_reused=1 pass=1
[19:51:42] TINYDRAW_LIVE_PRESENT kind=pan zoom=100 x=35 y=482 compose_us=29850 read_submit_us=31110 read_complete_us=31914 transfer_wait_us=19889 tile_pixels=0 uniform_pixels=0 overview_pixels=0 fallback_pixels=0 resident_tiles=0 fallback_tiles=0 pushes=21 frame_reused=1 pass=1
[19:51:42] TINYDRAW_LIVE_PRESENT kind=pan zoom=100 x=186 y=403 compose_us=28017 read_submit_us=29275 read_complete_us=30078 transfer_wait_us=19724 tile_pixels=134320 uniform_pixels=30544 overview_pixels=0 fallback_pixels=0 resident_tiles=56 fallback_tiles=0 pushes=21 frame_reused=0 pass=1
[19:51:43] TINYDRAW_LIVE_FILL_DONE zoom=100 x=186 y=403 revision=2003
[19:51:43] TINYDRAW_LIVE_PRESENT kind=pan zoom=100 x=186 y=395 compose_us=26459 read_submit_us=27521 read_complete_us=28320 transfer_wait_us=19479 tile_pixels=0 uniform_pixels=0 overview_pixels=0 fallback_pixels=0 resident_tiles=0 fallback_tiles=0 pushes=21 frame_reused=1 pass=1
[19:51:43] TINYDRAW_LIVE_PRESENT kind=pan zoom=100 x=210 y=212 compose_us=28498 read_submit_us=29762 read_complete_us=30565 transfer_wait_us=19237 tile_pixels=164864 uniform_pixels=0 overview_pixels=0 fallback_pixels=0 resident_tiles=56 fallback_tiles=0 pushes=21 frame_reused=0 pass=1
[19:51:43] TINYDRAW_LIVE_PRESENT kind=pan zoom=100 x=308 y=80 compose_us=27656 read_submit_us=28912 read_complete_us=29714 transfer_wait_us=19087 tile_pixels=164864 uniform_pixels=0 overview_pixels=0 fallback_pixels=0 resident_tiles=56 fallback_tiles=0 pushes=21 frame_reused=0 pass=1
[19:51:43] TINYDRAW_LIVE_FILL_DONE zoom=100 x=308 y=80 revision=2003
[19:51:43] TINYDRAW_LIVE_PRESENT kind=pan zoom=100 x=309 y=79 compose_us=26702 read_submit_us=27764 read_complete_us=28566 transfer_wait_us=19236 tile_pixels=0 uniform_pixels=0 overview_pixels=0 fallback_pixels=0 resident_tiles=0 fallback_tiles=0 pushes=21 frame_reused=1 pass=1
[19:51:43] TINYDRAW_LIVE_PRESENT kind=pan zoom=100 x=394 y=54 compose_us=27625 read_submit_us=28884 read_complete_us=29687 transfer_wait_us=19115 tile_pixels=164864 uniform_pixels=0 overview_pixels=0 fallback_pixels=0 resident_tiles=48 fallback_tiles=0 pushes=21 frame_reused=0 pass=1
[19:51:43] TINYDRAW_LIVE_PRESENT kind=pan zoom=100 x=574 y=43 compose_us=28735 read_submit_us=29989 read_complete_us=30791 transfer_wait_us=19018 tile_pixels=164864 uniform_pixels=0 overview_pixels=0 fallback_pixels=0 resident_tiles=56 fallback_tiles=0 pushes=21 frame_reused=0 pass=1
[19:51:43] TINYDRAW_LIVE_FILL_DONE zoom=100 x=574 y=43 revision=2003
[19:51:44] TINYDRAW_LIVE_PRESENT kind=pan zoom=100 x=581 y=47 compose_us=26966 read_submit_us=28029 read_complete_us=28830 transfer_wait_us=19971 tile_pixels=0 uniform_pixels=0 overview_pixels=0 fallback_pixels=0 resident_tiles=0 fallback_tiles=0 pushes=21 frame_reused=1 pass=1
[19:51:44] TINYDRAW_LIVE_PRESENT kind=pan zoom=100 x=744 y=91 compose_us=27842 read_submit_us=29111 read_complete_us=29914 transfer_wait_us=19888 tile_pixels=164864 uniform_pixels=0 overview_pixels=0 fallback_pixels=0 resident_tiles=56 fallback_tiles=0 pushes=21 frame_reused=0 pass=1
[19:51:44] TINYDRAW_LIVE_FILL_DONE zoom=100 x=744 y=91 revision=2003
[19:51:44] TINYDRAW_LIVE_PRESENT kind=pan zoom=100 x=746 y=91 compose_us=26701 read_submit_us=27766 read_complete_us=28568 transfer_wait_us=19234 tile_pixels=0 uniform_pixels=0 overview_pixels=0 fallback_pixels=0 resident_tiles=0 fallback_tiles=0 pushes=21 frame_reused=1 pass=1
[19:51:44] TINYDRAW_LIVE_PRESENT kind=pan zoom=100 x=844 y=70 compose_us=28995 read_submit_us=30255 read_complete_us=31058 transfer_wait_us=19744 tile_pixels=164864 uniform_pixels=0 overview_pixels=0 fallback_pixels=0 resident_tiles=48 fallback_tiles=0 pushes=21 frame_reused=0 pass=1
[19:51:44] TINYDRAW_LIVE_FILL_DONE zoom=100 x=844 y=70 revision=2003
[19:51:44] TINYDRAW_LIVE_PRESENT kind=pan zoom=100 x=846 y=72 compose_us=26837 read_submit_us=27896 read_complete_us=28698 transfer_wait_us=19104 tile_pixels=0 uniform_pixels=0 overview_pixels=0 fallback_pixels=0 resident_tiles=0 fallback_tiles=0 pushes=21 frame_reused=1 pass=1
[19:51:44] TINYDRAW_LIVE_PRESENT kind=pan zoom=100 x=934 y=144 compose_us=28316 read_submit_us=29586 read_complete_us=30389 transfer_wait_us=19413 tile_pixels=156896 uniform_pixels=7968 overview_pixels=0 fallback_pixels=0 resident_tiles=56 fallback_tiles=0 pushes=21 frame_reused=0 pass=1
[19:51:44] TINYDRAW_LIVE_PRESENT kind=pan zoom=100 x=1090 y=274 compose_us=28206 read_submit_us=29469 read_complete_us=30271 transfer_wait_us=19530 tile_pixels=149376 uniform_pixels=15488 overview_pixels=0 fallback_pixels=0 resident_tiles=48 fallback_tiles=0 pushes=21 frame_reused=0 pass=1
[19:51:44] TINYDRAW_LIVE_FILL_DONE zoom=100 x=1090 y=274 revision=2003
[19:51:45] TINYDRAW_LIVE_PRESENT kind=pan zoom=100 x=1091 y=274 compose_us=26831 read_submit_us=27888 read_complete_us=28690 transfer_wait_us=19112 tile_pixels=0 uniform_pixels=0 overview_pixels=0 fallback_pixels=0 resident_tiles=0 fallback_tiles=0 pushes=21 frame_reused=1 pass=1
[19:51:45] TINYDRAW_LIVE_PRESENT kind=pan zoom=100 x=1104 y=255 compose_us=28431 read_submit_us=29699 read_complete_us=30503 transfer_wait_us=19300 tile_pixels=0 uniform_pixels=0 overview_pixels=0 fallback_pixels=0 resident_tiles=0 fallback_tiles=0 pushes=21 frame_reused=1 pass=1
[19:51:45] TINYDRAW_LIVE_PRESENT kind=pan zoom=100 x=1104 y=174 compose_us=27339 read_submit_us=28600 read_complete_us=29404 transfer_wait_us=19399 tile_pixels=132736 uniform_pixels=30976 overview_pixels=0 fallback_pixels=1152 resident_tiles=47 fallback_tiles=1 pushes=21 frame_reused=0 pass=1
[19:51:45] TINYDRAW_LIVE_FILL_DONE zoom=100 x=1104 y=174 revision=2003
[19:51:45] TINYDRAW_LIVE_PRESENT kind=pan zoom=100 x=1104 y=173 compose_us=27394 read_submit_us=28440 read_complete_us=29244 transfer_wait_us=19560 tile_pixels=133760 uniform_pixels=31104 overview_pixels=0 fallback_pixels=0 resident_tiles=48 fallback_tiles=0 pushes=21 frame_reused=0 pass=1
[19:51:45] TINYDRAW_LIVE_PRESENT kind=pan zoom=100 x=1104 y=139 compose_us=26960 read_submit_us=28219 read_complete_us=29022 transfer_wait_us=19780 tile_pixels=129408 uniform_pixels=35456 overview_pixels=0 fallback_pixels=0 resident_tiles=48 fallback_tiles=0 pushes=21 frame_reused=0 pass=1
[19:51:45] TINYDRAW_LIVE_FILL_DONE zoom=100 x=1104 y=139 revision=2003
[19:51:46] TINYDRAW_LIVE_PRESENT kind=pan zoom=100 x=1104 y=136 compose_us=26402 read_submit_us=27448 read_complete_us=28251 transfer_wait_us=19552 tile_pixels=0 uniform_pixels=0 overview_pixels=0 fallback_pixels=0 resident_tiles=0 fallback_tiles=0 pushes=21 frame_reused=1 pass=1
[19:51:46] TINYDRAW_LIVE_PRESENT kind=pan zoom=100 x=1104 y=43 compose_us=27077 read_submit_us=28341 read_complete_us=29145 transfer_wait_us=19658 tile_pixels=141632 uniform_pixels=23232 overview_pixels=0 fallback_pixels=0 resident_tiles=48 fallback_tiles=0 pushes=21 frame_reused=0 pass=1
[19:51:46] TINYDRAW_LIVE_PRESENT kind=pan zoom=100 x=1104 y=0 compose_us=26854 read_submit_us=28111 read_complete_us=28914 transfer_wait_us=19888 tile_pixels=144384 uniform_pixels=20480 overview_pixels=0 fallback_pixels=0 resident_tiles=42 fallback_tiles=0 pushes=21 frame_reused=0 pass=1
[19:51:46] TINYDRAW_LIVE_FILL_DONE zoom=100 x=1104 y=0 revision=2003
[19:51:46] TINYDRAW_LIVE_PRESENT kind=pan zoom=100 x=1103 y=0 compose_us=24670 read_submit_us=25720 read_complete_us=26521 transfer_wait_us=19280 tile_pixels=0 uniform_pixels=0 overview_pixels=0 fallback_pixels=0 resident_tiles=0 fallback_tiles=0 pushes=21 frame_reused=1 pass=1
[19:51:46] TINYDRAW_LIVE_PRESENT kind=pan zoom=100 x=1104 y=0 compose_us=26786 read_submit_us=27816 read_complete_us=28621 transfer_wait_us=19184 tile_pixels=0 uniform_pixels=0 overview_pixels=0 fallback_pixels=0 resident_tiles=0 fallback_tiles=0 pushes=21 frame_reused=1 pass=1
[19:51:48] TINYDRAW_LIVE_PRESENT kind=pan zoom=100 x=1104 y=2 compose_us=26170 read_submit_us=27204 read_complete_us=28007 transfer_wait_us=19796 tile_pixels=0 uniform_pixels=0 overview_pixels=0 fallback_pixels=0 resident_tiles=0 fallback_tiles=0 pushes=21 frame_reused=1 pass=1
[19:51:48] TINYDRAW_LIVE_PRESENT kind=pan zoom=100 x=1104 y=27 compose_us=30209 read_submit_us=31464 read_complete_us=32269 transfer_wait_us=19535 tile_pixels=0 uniform_pixels=0 overview_pixels=0 fallback_pixels=0 resident_tiles=0 fallback_tiles=0 pushes=21 frame_reused=1 pass=1
[19:51:48] TINYDRAW_LIVE_PRESENT kind=pan zoom=100 x=1104 y=73 compose_us=27246 read_submit_us=28495 read_complete_us=29297 transfer_wait_us=19504 tile_pixels=138560 uniform_pixels=26304 overview_pixels=0 fallback_pixels=0 resident_tiles=48 fallback_tiles=0 pushes=21 frame_reused=0 pass=1
[19:51:48] TINYDRAW_LIVE_PRESENT kind=pan zoom=100 x=1104 y=105 compose_us=30620 read_submit_us=31868 read_complete_us=32674 transfer_wait_us=19131 tile_pixels=0 uniform_pixels=0 overview_pixels=0 fallback_pixels=0 resident_tiles=0 fallback_tiles=0 pushes=21 frame_reused=1 pass=1
[19:51:48] TINYDRAW_LIVE_PRESENT kind=pan zoom=100 x=1104 y=132 compose_us=30337 read_submit_us=31597 read_complete_us=32400 transfer_wait_us=19402 tile_pixels=0 uniform_pixels=0 overview_pixels=0 fallback_pixels=0 resident_tiles=0 fallback_tiles=0 pushes=21 frame_reused=1 pass=1
[19:51:48] TINYDRAW_LIVE_PRESENT kind=pan zoom=100 x=1104 y=141 compose_us=26789 read_submit_us=28042 read_complete_us=28846 transfer_wait_us=19957 tile_pixels=0 uniform_pixels=0 overview_pixels=0 fallback_pixels=0 resident_tiles=0 fallback_tiles=0 pushes=21 frame_reused=1 pass=1
[19:51:48] TINYDRAW_LIVE_PRESENT kind=pan zoom=100 x=1104 y=136 compose_us=26494 read_submit_us=27745 read_complete_us=28547 transfer_wait_us=19254 tile_pixels=0 uniform_pixels=0 overview_pixels=0 fallback_pixels=0 resident_tiles=0 fallback_tiles=0 pushes=21 frame_reused=1 pass=1
[19:51:48] TINYDRAW_LIVE_PRESENT kind=pan zoom=100 x=1104 y=100 compose_us=26977 read_submit_us=28228 read_complete_us=29033 transfer_wait_us=19771 tile_pixels=133376 uniform_pixels=31488 overview_pixels=0 fallback_pixels=0 resident_tiles=48 fallback_tiles=0 pushes=21 frame_reused=0 pass=1
[19:51:48] TINYDRAW_LIVE_PRESENT kind=pan zoom=100 x=1104 y=52 compose_us=26986 read_submit_us=28245 read_complete_us=29047 transfer_wait_us=19754 tile_pixels=141056 uniform_pixels=23808 overview_pixels=0 fallback_pixels=0 resident_tiles=48 fallback_tiles=0 pushes=21 frame_reused=0 pass=1
[19:51:48] TINYDRAW_LIVE_PRESENT kind=pan zoom=100 x=1104 y=29 compose_us=27228 read_submit_us=28478 read_complete_us=29283 transfer_wait_us=19521 tile_pixels=0 uniform_pixels=0 overview_pixels=0 fallback_pixels=0 resident_tiles=0 fallback_tiles=0 pushes=21 frame_reused=1 pass=1
[19:51:48] TINYDRAW_LIVE_PRESENT kind=pan zoom=100 x=1104 y=4 compose_us=30030 read_submit_us=31279 read_complete_us=32082 transfer_wait_us=19720 tile_pixels=0 uniform_pixels=0 overview_pixels=0 fallback_pixels=0 resident_tiles=0 fallback_tiles=0 pushes=21 frame_reused=1 pass=1
[19:51:48] TINYDRAW_LIVE_PRESENT kind=pan zoom=100 x=1104 y=0 compose_us=26151 read_submit_us=27398 read_complete_us=28202 transfer_wait_us=19601 tile_pixels=0 uniform_pixels=0 overview_pixels=0 fallback_pixels=0 resident_tiles=0 fallback_tiles=0 pushes=21 frame_reused=1 pass=1
[19:51:49] TINYDRAW_LIVE_PRESENT kind=pan zoom=100 x=1102 y=3 compose_us=26769 read_submit_us=27801 read_complete_us=28603 transfer_wait_us=19199 tile_pixels=0 uniform_pixels=0 overview_pixels=0 fallback_pixels=0 resident_tiles=0 fallback_tiles=0 pushes=21 frame_reused=1 pass=1
[19:51:49] TINYDRAW_LIVE_PRESENT kind=pan zoom=100 x=1077 y=35 compose_us=29776 read_submit_us=31035 read_complete_us=31840 transfer_wait_us=19964 tile_pixels=0 uniform_pixels=0 overview_pixels=0 fallback_pixels=0 resident_tiles=0 fallback_tiles=0 pushes=21 frame_reused=1 pass=1
[19:51:49] TINYDRAW_LIVE_PRESENT kind=pan zoom=100 x=1012 y=143 compose_us=27623 read_submit_us=28865 read_complete_us=29669 transfer_wait_us=19134 tile_pixels=143068 uniform_pixels=21796 overview_pixels=0 fallback_pixels=0 resident_tiles=56 fallback_tiles=0 pushes=21 frame_reused=0 pass=1
[19:51:49] TINYDRAW_LIVE_PRESENT kind=pan zoom=100 x=958 y=221 compose_us=29826 read_submit_us=31085 read_complete_us=31889 transfer_wait_us=19914 tile_pixels=156214 uniform_pixels=8650 overview_pixels=0 fallback_pixels=0 resident_tiles=56 fallback_tiles=0 pushes=21 frame_reused=0 pass=1
[19:51:49] TINYDRAW_LIVE_FILL_DONE zoom=100 x=958 y=221 revision=2003
[19:51:50] TINYDRAW_LIVE_PRESENT kind=pan zoom=100 x=955 y=221 compose_us=24840 read_submit_us=25894 read_complete_us=26695 transfer_wait_us=19106 tile_pixels=0 uniform_pixels=0 overview_pixels=0 fallback_pixels=0 resident_tiles=0 fallback_tiles=0 pushes=21 frame_reused=1 pass=1
[19:51:50] TINYDRAW_LIVE_PRESENT kind=pan zoom=100 x=863 y=245 compose_us=29668 read_submit_us=30930 read_complete_us=31734 transfer_wait_us=19069 tile_pixels=163904 uniform_pixels=960 overview_pixels=0 fallback_pixels=0 resident_tiles=56 fallback_tiles=0 pushes=21 frame_reused=0 pass=1
[19:51:50] TINYDRAW_LIVE_PRESENT kind=pan zoom=100 x=734 y=323 compose_us=30498 read_submit_us=31753 read_complete_us=32555 transfer_wait_us=19246 tile_pixels=163760 uniform_pixels=1104 overview_pixels=0 fallback_pixels=0 resident_tiles=56 fallback_tiles=0 pushes=21 frame_reused=0 pass=1
[19:51:50] TINYDRAW_LIVE_PRESENT kind=pan zoom=100 x=693 y=380 compose_us=28079 read_submit_us=29331 read_complete_us=30136 transfer_wait_us=19668 tile_pixels=142784 uniform_pixels=22080 overview_pixels=0 fallback_pixels=0 resident_tiles=56 fallback_tiles=0 pushes=21 frame_reused=0 pass=1
[19:51:50] TINYDRAW_LIVE_FILL_DONE zoom=100 x=693 y=380 revision=2003
[19:51:50] TINYDRAW_LIVE_PRESENT kind=pan zoom=100 x=692 y=380 compose_us=24865 read_submit_us=25917 read_complete_us=26719 transfer_wait_us=19083 tile_pixels=0 uniform_pixels=0 overview_pixels=0 fallback_pixels=0 resident_tiles=0 fallback_tiles=0 pushes=21 frame_reused=1 pass=1
[19:51:50] TINYDRAW_LIVE_PRESENT kind=pan zoom=100 x=625 y=395 compose_us=28073 read_submit_us=29336 read_complete_us=30141 transfer_wait_us=19663 tile_pixels=137264 uniform_pixels=27600 overview_pixels=0 fallback_pixels=0 resident_tiles=56 fallback_tiles=0 pushes=21 frame_reused=0 pass=1
[19:51:50] TINYDRAW_LIVE_PRESENT kind=pan zoom=100 x=437 y=472 compose_us=26597 read_submit_us=27852 read_complete_us=28654 transfer_wait_us=19147 tile_pixels=108928 uniform_pixels=55936 overview_pixels=0 fallback_pixels=0 resident_tiles=56 fallback_tiles=0 pushes=21 frame_reused=0 pass=1
[19:51:50] TINYDRAW_LIVE_FILL_DONE zoom=100 x=437 y=472 revision=2003
[19:51:51] TINYDRAW_LIVE_PRESENT kind=pan zoom=100 x=436 y=472 compose_us=24924 read_submit_us=25969 read_complete_us=26772 transfer_wait_us=19031 tile_pixels=0 uniform_pixels=0 overview_pixels=0 fallback_pixels=0 resident_tiles=0 fallback_tiles=0 pushes=21 frame_reused=1 pass=1
[19:51:51] TINYDRAW_LIVE_PRESENT kind=pan zoom=100 x=360 y=479 compose_us=26358 read_submit_us=27627 read_complete_us=28430 transfer_wait_us=19372 tile_pixels=106352 uniform_pixels=58512 overview_pixels=0 fallback_pixels=0 resident_tiles=56 fallback_tiles=0 pushes=21 frame_reused=0 pass=1
[19:51:51] TINYDRAW_LIVE_PRESENT kind=pan zoom=100 x=183 y=488 compose_us=26079 read_submit_us=27331 read_complete_us=28134 transfer_wait_us=19668 tile_pixels=103040 uniform_pixels=61824 overview_pixels=0 fallback_pixels=0 resident_tiles=56 fallback_tiles=0 pushes=21 frame_reused=0 pass=1
[19:51:51] TINYDRAW_LIVE_PRESENT kind=pan zoom=100 x=120 y=480 compose_us=26250 read_submit_us=27507 read_complete_us=28306 transfer_wait_us=19492 tile_pixels=105984 uniform_pixels=58880 overview_pixels=0 fallback_pixels=0 resident_tiles=56 fallback_tiles=0 pushes=21 frame_reused=0 pass=1
[19:51:51] TINYDRAW_LIVE_FILL_DONE zoom=100 x=120 y=480 revision=2003
[19:51:51] TINYDRAW_LIVE_PRESENT kind=pan zoom=100 x=119 y=477 compose_us=27030 read_submit_us=28081 read_complete_us=28883 transfer_wait_us=19919 tile_pixels=0 uniform_pixels=0 overview_pixels=0 fallback_pixels=0 resident_tiles=0 fallback_tiles=0 pushes=21 frame_reused=1 pass=1
[19:51:51] TINYDRAW_LIVE_PRESENT kind=pan zoom=100 x=81 y=395 compose_us=27876 read_submit_us=29140 read_complete_us=29943 transfer_wait_us=19859 tile_pixels=137264 uniform_pixels=27600 overview_pixels=0 fallback_pixels=0 resident_tiles=56 fallback_tiles=0 pushes=21 frame_reused=0 pass=1
[19:51:51] TINYDRAW_LIVE_PRESENT kind=pan zoom=100 x=0 y=255 compose_us=28336 read_submit_us=29600 read_complete_us=30403 transfer_wait_us=19399 tile_pixels=164864 uniform_pixels=0 overview_pixels=0 fallback_pixels=0 resident_tiles=48 fallback_tiles=0 pushes=21 frame_reused=0 pass=1
[19:51:51] TINYDRAW_LIVE_PRESENT kind=pan zoom=100 x=0 y=212 compose_us=28271 read_submit_us=29521 read_complete_us=30324 transfer_wait_us=19478 tile_pixels=164864 uniform_pixels=0 overview_pixels=0 fallback_pixels=0 resident_tiles=48 fallback_tiles=0 pushes=21 frame_reused=0 pass=1
[19:51:51] TINYDRAW_LIVE_FILL_DONE zoom=100 x=0 y=212 revision=2003
[19:51:52] TINYDRAW_LIVE_PRESENT kind=pan zoom=100 x=0 y=208 compose_us=26166 read_submit_us=27215 read_complete_us=28018 transfer_wait_us=19785 tile_pixels=0 uniform_pixels=0 overview_pixels=0 fallback_pixels=0 resident_tiles=0 fallback_tiles=0 pushes=21 frame_reused=1 pass=1
[19:51:52] TINYDRAW_LIVE_PRESENT kind=pan zoom=100 x=0 y=110 compose_us=27575 read_submit_us=28835 read_complete_us=29638 transfer_wait_us=19164 tile_pixels=164864 uniform_pixels=0 overview_pixels=0 fallback_pixels=0 resident_tiles=48 fallback_tiles=0 pushes=21 frame_reused=0 pass=1
[19:51:52] TINYDRAW_LIVE_PRESENT kind=pan zoom=100 x=0 y=0 compose_us=26942 read_submit_us=28193 read_complete_us=29000 transfer_wait_us=19806 tile_pixels=164864 uniform_pixels=0 overview_pixels=0 fallback_pixels=0 resident_tiles=42 fallback_tiles=0 pushes=21 frame_reused=0 pass=1
[19:51:52] TINYDRAW_LIVE_FILL_DONE zoom=100 x=0 y=0 revision=2003
[19:51:53] TINYDRAW_LIVE_PRESENT kind=pan zoom=100 x=1 y=0 compose_us=26555 read_submit_us=27595 read_complete_us=28397 transfer_wait_us=19405 tile_pixels=0 uniform_pixels=0 overview_pixels=0 fallback_pixels=0 resident_tiles=0 fallback_tiles=0 pushes=21 frame_reused=1 pass=1
[19:51:53] TINYDRAW_LIVE_PRESENT kind=pan zoom=100 x=56 y=6 compose_us=27129 read_submit_us=28390 read_complete_us=29195 transfer_wait_us=19609 tile_pixels=164864 uniform_pixels=0 overview_pixels=0 fallback_pixels=0 resident_tiles=56 fallback_tiles=0 pushes=21 frame_reused=0 pass=1
[19:51:53] TINYDRAW_LIVE_PRESENT kind=pan zoom=100 x=245 y=20 compose_us=27307 read_submit_us=28559 read_complete_us=29361 transfer_wait_us=19440 tile_pixels=164864 uniform_pixels=0 overview_pixels=0 fallback_pixels=0 resident_tiles=56 fallback_tiles=0 pushes=21 frame_reused=0 pass=1
[19:51:53] TINYDRAW_LIVE_FILL_DONE zoom=100 x=245 y=20 revision=2003
[19:51:53] TINYDRAW_LIVE_PRESENT kind=pan zoom=100 x=246 y=20 compose_us=26632 read_submit_us=27686 read_complete_us=28489 transfer_wait_us=19314 tile_pixels=0 uniform_pixels=0 overview_pixels=0 fallback_pixels=0 resident_tiles=0 fallback_tiles=0 pushes=21 frame_reused=1 pass=1
[19:51:53] TINYDRAW_LIVE_PRESENT kind=pan zoom=100 x=325 y=11 compose_us=26925 read_submit_us=28184 read_complete_us=28987 transfer_wait_us=19815 tile_pixels=164864 uniform_pixels=0 overview_pixels=0 fallback_pixels=0 resident_tiles=48 fallback_tiles=0 pushes=21 frame_reused=0 pass=1
[19:51:53] TINYDRAW_LIVE_FILL_DONE zoom=100 x=325 y=11 revision=2003
[19:51:54] TINYDRAW_LIVE_PRESENT kind=pan zoom=100 x=327 y=8 compose_us=26737 read_submit_us=27781 read_complete_us=28583 transfer_wait_us=19219 tile_pixels=0 uniform_pixels=0 overview_pixels=0 fallback_pixels=0 resident_tiles=0 fallback_tiles=0 pushes=21 frame_reused=1 pass=1
[19:51:54] TINYDRAW_LIVE_PRESENT kind=pan zoom=100 x=446 y=0 compose_us=28339 read_submit_us=29603 read_complete_us=30407 transfer_wait_us=19396 tile_pixels=164864 uniform_pixels=0 overview_pixels=0 fallback_pixels=0 resident_tiles=49 fallback_tiles=0 pushes=21 frame_reused=0 pass=1
[19:51:54] TINYDRAW_LIVE_FILL_DONE zoom=100 x=446 y=0 revision=2003
[19:51:54] TINYDRAW_LIVE_PRESENT kind=pan zoom=100 x=447 y=0 compose_us=26574 read_submit_us=27625 read_complete_us=28427 transfer_wait_us=19375 tile_pixels=0 uniform_pixels=0 overview_pixels=0 fallback_pixels=0 resident_tiles=0 fallback_tiles=0 pushes=21 frame_reused=1 pass=1
[19:51:54] TINYDRAW_LIVE_PRESENT kind=pan zoom=100 x=509 y=0 compose_us=29177 read_submit_us=30437 read_complete_us=31240 transfer_wait_us=19562 tile_pixels=164864 uniform_pixels=0 overview_pixels=0 fallback_pixels=0 resident_tiles=49 fallback_tiles=0 pushes=21 frame_reused=0 pass=1
[19:51:54] TINYDRAW_LIVE_PRESENT kind=pan zoom=100 x=719 y=0 compose_us=27759 read_submit_us=29005 read_complete_us=29804 transfer_wait_us=19994 tile_pixels=164864 uniform_pixels=0 overview_pixels=0 fallback_pixels=0 resident_tiles=42 fallback_tiles=0 pushes=21 frame_reused=0 pass=1
[19:51:54] TINYDRAW_LIVE_FILL_DONE zoom=100 x=719 y=0 revision=2003
[19:51:54] TINYDRAW_LIVE_PRESENT kind=pan zoom=100 x=719 y=1 compose_us=26107 read_submit_us=27166 read_complete_us=27967 transfer_wait_us=19834 tile_pixels=0 uniform_pixels=0 overview_pixels=0 fallback_pixels=0 resident_tiles=0 fallback_tiles=0 pushes=21 frame_reused=1 pass=1
[19:51:54] TINYDRAW_LIVE_PRESENT kind=pan zoom=100 x=759 y=101 compose_us=27839 read_submit_us=29108 read_complete_us=29913 transfer_wait_us=19891 tile_pixels=164864 uniform_pixels=0 overview_pixels=0 fallback_pixels=0 resident_tiles=56 fallback_tiles=0 pushes=21 frame_reused=0 pass=1
[19:51:54] TINYDRAW_LIVE_PRESENT kind=pan zoom=100 x=859 y=248 compose_us=29957 read_submit_us=31207 read_complete_us=32009 transfer_wait_us=19792 tile_pixels=164160 uniform_pixels=704 overview_pixels=0 fallback_pixels=0 resident_tiles=56 fallback_tiles=0 pushes=21 frame_reused=0 pass=1
[19:51:54] TINYDRAW_LIVE_FILL_DONE zoom=100 x=859 y=248 revision=2003
[19:51:55] TINYDRAW_LIVE_PRESENT kind=pan zoom=100 x=858 y=254 compose_us=27122 read_submit_us=28176 read_complete_us=28979 transfer_wait_us=19824 tile_pixels=0 uniform_pixels=0 overview_pixels=0 fallback_pixels=0 resident_tiles=0 fallback_tiles=0 pushes=21 frame_reused=1 pass=1
[19:51:55] TINYDRAW_LIVE_PRESENT kind=pan zoom=100 x=829 y=374 compose_us=29930 read_submit_us=31198 read_complete_us=32003 transfer_wait_us=19801 tile_pixels=144992 uniform_pixels=19872 overview_pixels=0 fallback_pixels=0 resident_tiles=56 fallback_tiles=0 pushes=21 frame_reused=0 pass=1
[19:51:55] TINYDRAW_LIVE_FILL_DONE zoom=100 x=829 y=374 revision=2003
[19:51:55] TINYDRAW_LIVE_PRESENT kind=pan zoom=100 x=828 y=374 compose_us=24888 read_submit_us=25937 read_complete_us=26739 transfer_wait_us=19063 tile_pixels=0 uniform_pixels=0 overview_pixels=0 fallback_pixels=0 resident_tiles=0 fallback_tiles=0 pushes=21 frame_reused=1 pass=1
[19:51:55] TINYDRAW_LIVE_PRESENT kind=pan zoom=100 x=763 y=402 compose_us=28691 read_submit_us=29948 read_complete_us=30751 transfer_wait_us=19051 tile_pixels=134688 uniform_pixels=30176 overview_pixels=0 fallback_pixels=0 resident_tiles=56 fallback_tiles=0 pushes=21 frame_reused=0 pass=1
[19:51:55] TINYDRAW_LIVE_PRESENT kind=pan zoom=100 x=604 y=524 compose_us=26613 read_submit_us=27868 read_complete_us=28671 transfer_wait_us=19131 tile_pixels=89792 uniform_pixels=75072 overview_pixels=0 fallback_pixels=0 resident_tiles=56 fallback_tiles=0 pushes=21 frame_reused=0 pass=1
[19:51:55] TINYDRAW_LIVE_FILL_DONE zoom=100 x=604 y=524 revision=2003
[19:51:55] TINYDRAW_LIVE_PRESENT kind=pan zoom=100 x=603 y=524 compose_us=24892 read_submit_us=25944 read_complete_us=26745 transfer_wait_us=19056 tile_pixels=0 uniform_pixels=0 overview_pixels=0 fallback_pixels=0 resident_tiles=0 fallback_tiles=0 pushes=21 frame_reused=1 pass=1
[19:51:56] TINYDRAW_LIVE_PRESENT kind=pan zoom=100 x=556 y=523 compose_us=26557 read_submit_us=27821 read_complete_us=28625 transfer_wait_us=19178 tile_pixels=90160 uniform_pixels=74704 overview_pixels=0 fallback_pixels=0 resident_tiles=56 fallback_tiles=0 pushes=21 frame_reused=0 pass=1
[19:51:56] TINYDRAW_LIVE_PRESENT kind=pan zoom=100 x=405 y=523 compose_us=25746 read_submit_us=27005 read_complete_us=27802 transfer_wait_us=19994 tile_pixels=90160 uniform_pixels=74704 overview_pixels=0 fallback_pixels=0 resident_tiles=56 fallback_tiles=0 pushes=21 frame_reused=0 pass=1
[19:51:56] TINYDRAW_LIVE_FILL_DONE zoom=100 x=405 y=523 revision=2003
[19:51:56] TINYDRAW_LIVE_PRESENT kind=pan zoom=100 x=404 y=521 compose_us=26971 read_submit_us=28027 read_complete_us=28829 transfer_wait_us=19973 tile_pixels=0 uniform_pixels=0 overview_pixels=0 fallback_pixels=0 resident_tiles=0 fallback_tiles=0 pushes=21 frame_reused=1 pass=1
[19:51:56] TINYDRAW_LIVE_PRESENT kind=pan zoom=100 x=370 y=457 compose_us=26905 read_submit_us=28175 read_complete_us=28978 transfer_wait_us=19824 tile_pixels=114448 uniform_pixels=50416 overview_pixels=0 fallback_pixels=0 resident_tiles=56 fallback_tiles=0 pushes=21 frame_reused=0 pass=1
[19:51:56] TINYDRAW_LIVE_PRESENT kind=pan zoom=100 x=218 y=347 compose_us=28932 read_submit_us=30188 read_complete_us=30991 transfer_wait_us=19811 tile_pixels=154928 uniform_pixels=9936 overview_pixels=0 fallback_pixels=0 resident_tiles=56 fallback_tiles=0 pushes=21 frame_reused=0 pass=1
[19:51:56] TINYDRAW_LIVE_FILL_DONE zoom=100 x=218 y=347 revision=2003
[19:51:56] TINYDRAW_LIVE_PRESENT kind=pan zoom=100 x=211 y=346 compose_us=26933 read_submit_us=27985 read_complete_us=28786 transfer_wait_us=19023 tile_pixels=0 uniform_pixels=0 overview_pixels=0 fallback_pixels=0 resident_tiles=0 fallback_tiles=0 pushes=21 frame_reused=1 pass=1
[19:51:56] TINYDRAW_LIVE_PRESENT kind=pan zoom=100 x=76 y=334 compose_us=29681 read_submit_us=30945 read_complete_us=31749 transfer_wait_us=19054 tile_pixels=159712 uniform_pixels=5152 overview_pixels=0 fallback_pixels=0 resident_tiles=48 fallback_tiles=0 pushes=21 frame_reused=0 pass=1
[19:51:56] TINYDRAW_LIVE_PRESENT kind=pan zoom=100 x=0 y=366 compose_us=27961 read_submit_us=29215 read_complete_us=30017 transfer_wait_us=19784 tile_pixels=147936 uniform_pixels=16928 overview_pixels=0 fallback_pixels=0 resident_tiles=48 fallback_tiles=0 pushes=21 frame_reused=0 pass=1
[19:51:56] TINYDRAW_LIVE_FILL_DONE zoom=100 x=0 y=366 revision=2003
[19:51:57] TINYDRAW_LIVE_PRESENT kind=pan zoom=100 x=0 y=369 compose_us=26346 read_submit_us=27373 read_complete_us=28176 transfer_wait_us=19627 tile_pixels=0 uniform_pixels=0 overview_pixels=0 fallback_pixels=0 resident_tiles=0 fallback_tiles=0 pushes=21 frame_reused=1 pass=1
[19:51:57] TINYDRAW_LIVE_PRESENT kind=pan zoom=100 x=0 y=456 compose_us=26630 read_submit_us=27895 read_complete_us=28698 transfer_wait_us=19104 tile_pixels=114816 uniform_pixels=50048 overview_pixels=0 fallback_pixels=0 resident_tiles=48 fallback_tiles=0 pushes=21 frame_reused=0 pass=1
[19:51:57] TINYDRAW_LIVE_FILL_DONE zoom=100 x=0 y=456 revision=2003
[19:51:57] TINYDRAW_LIVE_PRESENT kind=pan zoom=100 x=0 y=455 compose_us=26136 read_submit_us=27189 read_complete_us=27992 transfer_wait_us=19811 tile_pixels=0 uniform_pixels=0 overview_pixels=0 fallback_pixels=0 resident_tiles=0 fallback_tiles=0 pushes=21 frame_reused=1 pass=1
[19:51:57] TINYDRAW_LIVE_PRESENT kind=pan zoom=100 x=0 y=447 compose_us=26527 read_submit_us=27782 read_complete_us=28587 transfer_wait_us=19217 tile_pixels=0 uniform_pixels=0 overview_pixels=0 fallback_pixels=0 resident_tiles=0 fallback_tiles=0 pushes=21 frame_reused=1 pass=1
[19:51:57] TINYDRAW_LIVE_PRESENT kind=pan zoom=100 x=0 y=475 compose_us=30030 read_submit_us=31273 read_complete_us=32078 transfer_wait_us=19726 tile_pixels=0 uniform_pixels=0 overview_pixels=0 fallback_pixels=0 resident_tiles=0 fallback_tiles=0 pushes=21 frame_reused=1 pass=1
[19:51:57] TINYDRAW_LIVE_FILL_DONE zoom=100 x=0 y=475 revision=2003
[19:51:57] TINYDRAW_LIVE_PRESENT kind=pan zoom=100 x=0 y=474 compose_us=26141 read_submit_us=27198 read_complete_us=28001 transfer_wait_us=19802 tile_pixels=0 uniform_pixels=0 overview_pixels=0 fallback_pixels=0 resident_tiles=0 fallback_tiles=0 pushes=21 frame_reused=1 pass=1
[19:51:57] TINYDRAW_LIVE_PRESENT kind=pan zoom=100 x=80 y=342 compose_us=28516 read_submit_us=29779 read_complete_us=30584 transfer_wait_us=19220 tile_pixels=156768 uniform_pixels=8096 overview_pixels=0 fallback_pixels=0 resident_tiles=48 fallback_tiles=0 pushes=21 frame_reused=0 pass=1
[19:51:57] TINYDRAW_LIVE_FILL_DONE zoom=100 x=80 y=342 revision=2003
[19:51:58] TINYDRAW_LIVE_PRESENT kind=pan zoom=100 x=82 y=342 compose_us=26796 read_submit_us=27848 read_complete_us=28650 transfer_wait_us=19152 tile_pixels=0 uniform_pixels=0 overview_pixels=0 fallback_pixels=0 resident_tiles=0 fallback_tiles=0 pushes=21 frame_reused=1 pass=1
[19:51:58] TINYDRAW_LIVE_PRESENT kind=pan zoom=100 x=173 y=334 compose_us=30543 read_submit_us=31808 read_complete_us=32613 transfer_wait_us=19191 tile_pixels=159712 uniform_pixels=5152 overview_pixels=0 fallback_pixels=0 resident_tiles=56 fallback_tiles=0 pushes=21 frame_reused=0 pass=1
[19:51:58] TINYDRAW_LIVE_PRESENT kind=pan zoom=100 x=348 y=320 compose_us=30348 read_submit_us=31607 read_complete_us=32409 transfer_wait_us=19392 tile_pixels=164864 uniform_pixels=0 overview_pixels=0 fallback_pixels=0 resident_tiles=49 fallback_tiles=0 pushes=21 frame_reused=0 pass=1
[19:51:58] TINYDRAW_LIVE_FILL_DONE zoom=100 x=348 y=320 revision=2003
[19:51:58] TINYDRAW_LIVE_PRESENT kind=pan zoom=100 x=349 y=320 compose_us=26783 read_submit_us=27828 read_complete_us=28631 transfer_wait_us=19172 tile_pixels=0 uniform_pixels=0 overview_pixels=0 fallback_pixels=0 resident_tiles=0 fallback_tiles=0 pushes=21 frame_reused=1 pass=1
[19:51:58] TINYDRAW_LIVE_PRESENT kind=pan zoom=100 x=438 y=327 compose_us=28904 read_submit_us=30175 read_complete_us=30979 transfer_wait_us=19824 tile_pixels=162288 uniform_pixels=2576 overview_pixels=0 fallback_pixels=0 resident_tiles=56 fallback_tiles=0 pushes=21 frame_reused=0 pass=1
[19:51:58] TINYDRAW_LIVE_PRESENT kind=pan zoom=100 x=622 y=320 compose_us=30250 read_submit_us=31508 read_complete_us=32306 transfer_wait_us=19491 tile_pixels=164864 uniform_pixels=0 overview_pixels=0 fallback_pixels=0 resident_tiles=49 fallback_tiles=0 pushes=21 frame_reused=0 pass=1
[19:51:58] TINYDRAW_LIVE_FILL_DONE zoom=100 x=622 y=320 revision=2003
[19:51:59] TINYDRAW_LIVE_PRESENT kind=pan zoom=100 x=624 y=320 compose_us=26798 read_submit_us=27851 read_complete_us=28652 transfer_wait_us=19149 tile_pixels=0 uniform_pixels=0 overview_pixels=0 fallback_pixels=0 resident_tiles=0 fallback_tiles=0 pushes=21 frame_reused=1 pass=1
[19:51:59] TINYDRAW_LIVE_PRESENT kind=pan zoom=100 x=737 y=316 compose_us=29251 read_submit_us=30515 read_complete_us=31320 transfer_wait_us=19484 tile_pixels=164864 uniform_pixels=0 overview_pixels=0 fallback_pixels=0 resident_tiles=56 fallback_tiles=0 pushes=21 frame_reused=0 pass=1
[19:51:59] TINYDRAW_LIVE_FILL_DONE zoom=100 x=737 y=316 revision=2003
[19:52:00] TINYDRAW_LIVE_PRESENT kind=pan zoom=100 x=739 y=318 compose_us=27012 read_submit_us=28072 read_complete_us=28874 transfer_wait_us=19928 tile_pixels=0 uniform_pixels=0 overview_pixels=0 fallback_pixels=0 resident_tiles=0 fallback_tiles=0 pushes=21 frame_reused=1 pass=1
[19:52:00] TINYDRAW_LIVE_PRESENT kind=pan zoom=100 x=791 y=358 compose_us=28468 read_submit_us=29733 read_complete_us=30537 transfer_wait_us=19266 tile_pixels=150880 uniform_pixels=13984 overview_pixels=0 fallback_pixels=0 resident_tiles=56 fallback_tiles=0 pushes=21 frame_reused=0 pass=1
[19:52:01] TINYDRAW_LIVE_PRESENT kind=pan zoom=100 x=909 y=425 compose_us=28423 read_submit_us=29689 read_complete_us=30491 transfer_wait_us=19310 tile_pixels=122320 uniform_pixels=42544 overview_pixels=0 fallback_pixels=0 resident_tiles=48 fallback_tiles=0 pushes=21 frame_reused=0 pass=1
[19:52:01] TINYDRAW_LIVE_PRESENT kind=pan zoom=100 x=1001 y=471 compose_us=26621 read_submit_us=27873 read_complete_us=28677 transfer_wait_us=19126 tile_pixels=100976 uniform_pixels=63888 overview_pixels=0 fallback_pixels=0 resident_tiles=56 fallback_tiles=0 pushes=21 frame_reused=0 pass=1
[19:52:01] TINYDRAW_LIVE_FILL_DONE zoom=100 x=1001 y=471 revision=2003
[19:52:01] TINYDRAW_LIVE_PRESENT kind=pan zoom=100 x=1001 y=470 compose_us=26349 read_submit_us=27401 read_complete_us=28202 transfer_wait_us=19599 tile_pixels=0 uniform_pixels=0 overview_pixels=0 fallback_pixels=0 resident_tiles=0 fallback_tiles=0 pushes=21 frame_reused=1 pass=1
[19:52:01] TINYDRAW_LIVE_PRESENT kind=pan zoom=100 x=994 y=447 compose_us=28256 read_submit_us=29518 read_complete_us=30323 transfer_wait_us=19481 tile_pixels=0 uniform_pixels=0 overview_pixels=0 fallback_pixels=0 resident_tiles=0 fallback_tiles=0 pushes=21 frame_reused=1 pass=1
[19:52:01] TINYDRAW_LIVE_PRESENT kind=pan zoom=100 x=962 y=375 compose_us=27725 read_submit_us=28971 read_complete_us=29775 transfer_wait_us=19028 tile_pixels=137328 uniform_pixels=27536 overview_pixels=0 fallback_pixels=0 resident_tiles=48 fallback_tiles=0 pushes=21 frame_reused=0 pass=1
[19:52:01] TINYDRAW_LIVE_PRESENT kind=pan zoom=100 x=904 y=313 compose_us=28474 read_submit_us=29728 read_complete_us=30531 transfer_wait_us=19271 tile_pixels=161280 uniform_pixels=3584 overview_pixels=0 fallback_pixels=0 resident_tiles=48 fallback_tiles=0 pushes=21 frame_reused=0 pass=1
[19:52:01] TINYDRAW_LIVE_PRESENT kind=pan zoom=100 x=851 y=276 compose_us=29189 read_submit_us=30443 read_complete_us=31247 transfer_wait_us=19556 tile_pixels=164672 uniform_pixels=192 overview_pixels=0 fallback_pixels=0 resident_tiles=56 fallback_tiles=0 pushes=21 frame_reused=0 pass=1
[19:52:01] TINYDRAW_LIVE_PRESENT kind=pan zoom=100 x=803 y=246 compose_us=28783 read_submit_us=30035 read_complete_us=30838 transfer_wait_us=19964 tile_pixels=164864 uniform_pixels=0 overview_pixels=0 fallback_pixels=0 resident_tiles=56 fallback_tiles=0 pushes=21 frame_reused=0 pass=1
[19:52:01] TINYDRAW_LIVE_PRESENT kind=pan zoom=100 x=766 y=230 compose_us=29946 read_submit_us=31195 read_complete_us=32000 transfer_wait_us=19804 tile_pixels=164864 uniform_pixels=0 overview_pixels=0 fallback_pixels=0 resident_tiles=56 fallback_tiles=0 pushes=21 frame_reused=0 pass=1
[19:52:01] TINYDRAW_LIVE_PRESENT kind=pan zoom=100 x=733 y=219 compose_us=30582 read_submit_us=31827 read_complete_us=32630 transfer_wait_us=19172 tile_pixels=164864 uniform_pixels=0 overview_pixels=0 fallback_pixels=0 resident_tiles=56 fallback_tiles=0 pushes=21 frame_reused=0 pass=1
[19:52:01] TINYDRAW_LIVE_FILL_DONE zoom=100 x=733 y=219 revision=2003
[19:52:02] TINYDRAW_LIVE_PRESENT kind=pan zoom=100 x=732 y=218 compose_us=26816 read_submit_us=27867 read_complete_us=28669 transfer_wait_us=19133 tile_pixels=0 uniform_pixels=0 overview_pixels=0 fallback_pixels=0 resident_tiles=0 fallback_tiles=0 pushes=21 frame_reused=1 pass=1
[19:52:02] TINYDRAW_LIVE_PRESENT kind=pan zoom=100 x=707 y=199 compose_us=28538 read_submit_us=29795 read_complete_us=30600 transfer_wait_us=19204 tile_pixels=0 uniform_pixels=0 overview_pixels=0 fallback_pixels=0 resident_tiles=0 fallback_tiles=0 pushes=21 frame_reused=1 pass=1
[19:52:02] TINYDRAW_LIVE_PRESENT kind=pan zoom=100 x=611 y=135 compose_us=28146 read_submit_us=29398 read_complete_us=30201 transfer_wait_us=19601 tile_pixels=164864 uniform_pixels=0 overview_pixels=0 fallback_pixels=0 resident_tiles=56 fallback_tiles=0 pushes=21 frame_reused=0 pass=1
[19:52:02] TINYDRAW_LIVE_PRESENT kind=pan zoom=100 x=515 y=66 compose_us=27365 read_submit_us=28613 read_complete_us=29416 transfer_wait_us=19386 tile_pixels=164864 uniform_pixels=0 overview_pixels=0 fallback_pixels=0 resident_tiles=48 fallback_tiles=0 pushes=21 frame_reused=0 pass=1
[19:52:02] TINYDRAW_LIVE_PRESENT kind=pan zoom=100 x=482 y=44 compose_us=27564 read_submit_us=28807 read_complete_us=29611 transfer_wait_us=19192 tile_pixels=164864 uniform_pixels=0 overview_pixels=0 fallback_pixels=0 resident_tiles=56 fallback_tiles=0 pushes=21 frame_reused=0 pass=1
[19:52:02] TINYDRAW_LIVE_FILL_DONE zoom=100 x=482 y=44 revision=2003
[19:52:02] TINYDRAW_LIVE_PRESENT kind=pan zoom=100 x=481 y=43 compose_us=26672 read_submit_us=27722 read_complete_us=28525 transfer_wait_us=19278 tile_pixels=0 uniform_pixels=0 overview_pixels=0 fallback_pixels=0 resident_tiles=0 fallback_tiles=0 pushes=21 frame_reused=1 pass=1
[19:52:02] TINYDRAW_LIVE_PRESENT kind=pan zoom=100 x=442 y=0 compose_us=27743 read_submit_us=29003 read_complete_us=29799 transfer_wait_us=19996 tile_pixels=164864 uniform_pixels=0 overview_pixels=0 fallback_pixels=0 resident_tiles=49 fallback_tiles=0 pushes=21 frame_reused=0 pass=1
[19:52:02] TINYDRAW_LIVE_PRESENT kind=pan zoom=100 x=359 y=0 compose_us=27128 read_submit_us=28376 read_complete_us=29179 transfer_wait_us=19623 tile_pixels=164864 uniform_pixels=0 overview_pixels=0 fallback_pixels=0 resident_tiles=49 fallback_tiles=0 pushes=21 frame_reused=0 pass=1
[19:52:02] TINYDRAW_LIVE_PRESENT kind=pan zoom=100 x=293 y=0 compose_us=27170 read_submit_us=28420 read_complete_us=29223 transfer_wait_us=19579 tile_pixels=164864 uniform_pixels=0 overview_pixels=0 fallback_pixels=0 resident_tiles=49 fallback_tiles=0 pushes=21 frame_reused=0 pass=1
[19:52:02] TINYDRAW_LIVE_PRESENT kind=pan zoom=100 x=271 y=0 compose_us=25821 read_submit_us=27071 read_complete_us=27875 transfer_wait_us=19928 tile_pixels=0 uniform_pixels=0 overview_pixels=0 fallback_pixels=0 resident_tiles=0 fallback_tiles=0 pushes=21 frame_reused=1 pass=1
[19:52:03] TINYDRAW_LIVE_PRESENT kind=pan zoom=100 x=268 y=0 compose_us=24926 read_submit_us=26179 read_complete_us=26981 transfer_wait_us=19820 tile_pixels=0 uniform_pixels=0 overview_pixels=0 fallback_pixels=0 resident_tiles=0 fallback_tiles=0 pushes=21 frame_reused=1 pass=1
[19:52:03] TINYDRAW_LIVE_PRESENT kind=pan zoom=100 x=289 y=0 compose_us=28263 read_submit_us=29512 read_complete_us=30314 transfer_wait_us=19487 tile_pixels=0 uniform_pixels=0 overview_pixels=0 fallback_pixels=0 resident_tiles=0 fallback_tiles=0 pushes=21 frame_reused=1 pass=1
[19:52:03] TINYDRAW_LIVE_PRESENT kind=pan zoom=100 x=362 y=0 compose_us=27764 read_submit_us=29015 read_complete_us=29814 transfer_wait_us=19984 tile_pixels=164864 uniform_pixels=0 overview_pixels=0 fallback_pixels=0 resident_tiles=49 fallback_tiles=0 pushes=21 frame_reused=0 pass=1
[19:52:03] TINYDRAW_LIVE_PRESENT kind=pan zoom=100 x=413 y=29 compose_us=29411 read_submit_us=30661 read_complete_us=31464 transfer_wait_us=19338 tile_pixels=164864 uniform_pixels=0 overview_pixels=0 fallback_pixels=0 resident_tiles=56 fallback_tiles=0 pushes=21 frame_reused=0 pass=1
[19:52:03] TINYDRAW_LIVE_PRESENT kind=pan zoom=100 x=449 y=53 compose_us=27197 read_submit_us=28445 read_complete_us=29248 transfer_wait_us=19554 tile_pixels=164864 uniform_pixels=0 overview_pixels=0 fallback_pixels=0 resident_tiles=48 fallback_tiles=0 pushes=21 frame_reused=0 pass=1
[19:52:03] TINYDRAW_LIVE_PRESENT kind=pan zoom=100 x=465 y=63 compose_us=28079 read_submit_us=29324 read_complete_us=30128 transfer_wait_us=19675 tile_pixels=0 uniform_pixels=0 overview_pixels=0 fallback_pixels=0 resident_tiles=0 fallback_tiles=0 pushes=21 frame_reused=1 pass=1
[19:52:03] TINYDRAW_LIVE_PRESENT kind=pan zoom=100 x=470 y=67 compose_us=26914 read_submit_us=28165 read_complete_us=28968 transfer_wait_us=19834 tile_pixels=0 uniform_pixels=0 overview_pixels=0 fallback_pixels=0 resident_tiles=0 fallback_tiles=0 pushes=21 frame_reused=1 pass=1
[19:52:03] TINYDRAW_LIVE_PRESENT kind=pan zoom=100 x=466 y=66 compose_us=26700 read_submit_us=27944 read_complete_us=28750 transfer_wait_us=19055 tile_pixels=0 uniform_pixels=0 overview_pixels=0 fallback_pixels=0 resident_tiles=0 fallback_tiles=0 pushes=21 frame_reused=1 pass=1
[19:52:03] TINYDRAW_LIVE_PRESENT kind=pan zoom=100 x=409 y=62 compose_us=27794 read_submit_us=29046 read_complete_us=29849 transfer_wait_us=19953 tile_pixels=164864 uniform_pixels=0 overview_pixels=0 fallback_pixels=0 resident_tiles=56 fallback_tiles=0 pushes=21 frame_reused=0 pass=1
[19:52:03] TINYDRAW_LIVE_PRESENT kind=pan zoom=100 x=319 y=74 compose_us=28361 read_submit_us=29612 read_complete_us=30415 transfer_wait_us=19387 tile_pixels=164864 uniform_pixels=0 overview_pixels=0 fallback_pixels=0 resident_tiles=56 fallback_tiles=0 pushes=21 frame_reused=0 pass=1
[19:52:03] TINYDRAW_LIVE_PRESENT kind=pan zoom=100 x=275 y=97 compose_us=27756 read_submit_us=29002 read_complete_us=29800 transfer_wait_us=19997 tile_pixels=164864 uniform_pixels=0 overview_pixels=0 fallback_pixels=0 resident_tiles=56 fallback_tiles=0 pushes=21 frame_reused=0 pass=1
[19:52:03] TINYDRAW_LIVE_PRESENT kind=pan zoom=100 x=265 y=123 compose_us=30172 read_submit_us=31418 read_complete_us=32222 transfer_wait_us=19581 tile_pixels=0 uniform_pixels=0 overview_pixels=0 fallback_pixels=0 resident_tiles=0 fallback_tiles=0 pushes=21 frame_reused=1 pass=1
[19:52:03] TINYDRAW_LIVE_PRESENT kind=pan zoom=100 x=259 y=145 compose_us=27821 read_submit_us=29074 read_complete_us=29876 transfer_wait_us=19925 tile_pixels=0 uniform_pixels=0 overview_pixels=0 fallback_pixels=0 resident_tiles=0 fallback_tiles=0 pushes=21 frame_reused=1 pass=1
[19:52:03] TINYDRAW_LIVE_PRESENT kind=pan zoom=100 x=259 y=147 compose_us=26260 read_submit_us=27511 read_complete_us=28313 transfer_wait_us=19488 tile_pixels=0 uniform_pixels=0 overview_pixels=0 fallback_pixels=0 resident_tiles=0 fallback_tiles=0 pushes=21 frame_reused=1 pass=1
[19:52:03] TINYDRAW_LIVE_PRESENT kind=pan zoom=100 x=327 y=61 compose_us=26988 read_submit_us=28238 read_complete_us=29041 transfer_wait_us=19761 tile_pixels=164864 uniform_pixels=0 overview_pixels=0 fallback_pixels=0 resident_tiles=48 fallback_tiles=0 pushes=21 frame_reused=0 pass=1
[19:52:03] TINYDRAW_LIVE_PRESENT kind=pan zoom=100 x=421 y=0 compose_us=27223 read_submit_us=28470 read_complete_us=29273 transfer_wait_us=19529 tile_pixels=164864 uniform_pixels=0 overview_pixels=0 fallback_pixels=0 resident_tiles=49 fallback_tiles=0 pushes=21 frame_reused=0 pass=1
[19:52:03] TINYDRAW_LIVE_PRESENT kind=pan zoom=100 x=477 y=0 compose_us=29246 read_submit_us=30493 read_complete_us=31296 transfer_wait_us=19506 tile_pixels=164864 uniform_pixels=0 overview_pixels=0 fallback_pixels=0 resident_tiles=49 fallback_tiles=0 pushes=21 frame_reused=0 pass=1
[19:52:04] TINYDRAW_LIVE_PRESENT kind=pan zoom=100 x=493 y=0 compose_us=27270 read_submit_us=28517 read_complete_us=29319 transfer_wait_us=19482 tile_pixels=0 uniform_pixels=0 overview_pixels=0 fallback_pixels=0 resident_tiles=0 fallback_tiles=0 pushes=21 frame_reused=1 pass=1
[19:52:04] TINYDRAW_LIVE_PRESENT kind=pan zoom=100 x=494 y=0 compose_us=26605 read_submit_us=27851 read_complete_us=28653 transfer_wait_us=19148 tile_pixels=0 uniform_pixels=0 overview_pixels=0 fallback_pixels=0 resident_tiles=0 fallback_tiles=0 pushes=21 frame_reused=1 pass=1
[19:52:04] TINYDRAW_LIVE_PRESENT kind=pan zoom=100 x=416 y=0 compose_us=27523 read_submit_us=28769 read_complete_us=29573 transfer_wait_us=19230 tile_pixels=164864 uniform_pixels=0 overview_pixels=0 fallback_pixels=0 resident_tiles=49 fallback_tiles=0 pushes=21 frame_reused=0 pass=1
[19:52:04] TINYDRAW_LIVE_PRESENT kind=pan zoom=100 x=264 y=108 compose_us=27279 read_submit_us=28526 read_complete_us=29328 transfer_wait_us=19473 tile_pixels=164864 uniform_pixels=0 overview_pixels=0 fallback_pixels=0 resident_tiles=48 fallback_tiles=0 pushes=21 frame_reused=0 pass=1
[19:52:04] TINYDRAW_LIVE_PRESENT kind=pan zoom=100 x=226 y=138 compose_us=28039 read_submit_us=29284 read_complete_us=30089 transfer_wait_us=19715 tile_pixels=164864 uniform_pixels=0 overview_pixels=0 fallback_pixels=0 resident_tiles=56 fallback_tiles=0 pushes=21 frame_reused=0 pass=1
[19:52:04] TINYDRAW_LIVE_PRESENT kind=pan zoom=100 x=228 y=133 compose_us=26898 read_submit_us=28146 read_complete_us=28950 transfer_wait_us=19853 tile_pixels=0 uniform_pixels=0 overview_pixels=0 fallback_pixels=0 resident_tiles=0 fallback_tiles=0 pushes=21 frame_reused=1 pass=1
[19:52:04] TINYDRAW_LIVE_PRESENT kind=pan zoom=100 x=294 y=45 compose_us=27344 read_submit_us=28601 read_complete_us=29405 transfer_wait_us=19398 tile_pixels=164864 uniform_pixels=0 overview_pixels=0 fallback_pixels=0 resident_tiles=56 fallback_tiles=0 pushes=21 frame_reused=0 pass=1
[19:52:04] TINYDRAW_LIVE_PRESENT kind=pan zoom=100 x=429 y=0 compose_us=29189 read_submit_us=30437 read_complete_us=31241 transfer_wait_us=19562 tile_pixels=164864 uniform_pixels=0 overview_pixels=0 fallback_pixels=0 resident_tiles=49 fallback_tiles=0 pushes=21 frame_reused=0 pass=1
[19:52:04] TINYDRAW_LIVE_PRESENT kind=pan zoom=100 x=484 y=0 compose_us=27238 read_submit_us=28484 read_complete_us=29288 transfer_wait_us=19515 tile_pixels=164864 uniform_pixels=0 overview_pixels=0 fallback_pixels=0 resident_tiles=49 fallback_tiles=0 pushes=21 frame_reused=0 pass=1
[19:52:04] TINYDRAW_LIVE_PRESENT kind=pan zoom=100 x=493 y=0 compose_us=26771 read_submit_us=28018 read_complete_us=28818 transfer_wait_us=19981 tile_pixels=0 uniform_pixels=0 overview_pixels=0 fallback_pixels=0 resident_tiles=0 fallback_tiles=0 pushes=21 frame_reused=1 pass=1
[19:52:04] TINYDRAW_LIVE_PRESENT kind=pan zoom=100 x=479 y=0 compose_us=25081 read_submit_us=26329 read_complete_us=27133 transfer_wait_us=19670 tile_pixels=0 uniform_pixels=0 overview_pixels=0 fallback_pixels=0 resident_tiles=0 fallback_tiles=0 pushes=21 frame_reused=1 pass=1
[19:52:04] TINYDRAW_LIVE_PRESENT kind=pan zoom=100 x=377 y=34 compose_us=27619 read_submit_us=28869 read_complete_us=29671 transfer_wait_us=19130 tile_pixels=164864 uniform_pixels=0 overview_pixels=0 fallback_pixels=0 resident_tiles=56 fallback_tiles=0 pushes=21 frame_reused=0 pass=1
[19:52:04] TINYDRAW_LIVE_PRESENT kind=pan zoom=100 x=291 y=90 compose_us=27717 read_submit_us=28963 read_complete_us=29768 transfer_wait_us=19036 tile_pixels=164864 uniform_pixels=0 overview_pixels=0 fallback_pixels=0 resident_tiles=56 fallback_tiles=0 pushes=21 frame_reused=0 pass=1
[19:52:04] TINYDRAW_LIVE_PRESENT kind=pan zoom=100 x=270 y=103 compose_us=28203 read_submit_us=29449 read_complete_us=30252 transfer_wait_us=19550 tile_pixels=0 uniform_pixels=0 overview_pixels=0 fallback_pixels=0 resident_tiles=0 fallback_tiles=0 pushes=21 frame_reused=1 pass=1
[19:52:04] TINYDRAW_LIVE_PRESENT kind=pan zoom=100 x=268 y=99 compose_us=26818 read_submit_us=28069 read_complete_us=28872 transfer_wait_us=19930 tile_pixels=0 uniform_pixels=0 overview_pixels=0 fallback_pixels=0 resident_tiles=0 fallback_tiles=0 pushes=21 frame_reused=1 pass=1
[19:52:04] TINYDRAW_LIVE_PRESENT kind=pan zoom=100 x=316 y=9 compose_us=28806 read_submit_us=30058 read_complete_us=30861 transfer_wait_us=19941 tile_pixels=164864 uniform_pixels=0 overview_pixels=0 fallback_pixels=0 resident_tiles=56 fallback_tiles=0 pushes=21 frame_reused=0 pass=1
[19:52:05] TINYDRAW_LIVE_PRESENT kind=pan zoom=100 x=440 y=0 compose_us=27146 read_submit_us=28395 read_complete_us=29198 transfer_wait_us=19604 tile_pixels=164864 uniform_pixels=0 overview_pixels=0 fallback_pixels=0 resident_tiles=49 fallback_tiles=0 pushes=21 frame_reused=0 pass=1
[19:52:05] TINYDRAW_LIVE_PRESENT kind=pan zoom=100 x=487 y=0 compose_us=27174 read_submit_us=28420 read_complete_us=29223 transfer_wait_us=19579 tile_pixels=164864 uniform_pixels=0 overview_pixels=0 fallback_pixels=0 resident_tiles=49 fallback_tiles=0 pushes=21 frame_reused=0 pass=1
[19:52:05] TINYDRAW_LIVE_PRESENT kind=pan zoom=100 x=503 y=0 compose_us=27277 read_submit_us=28523 read_complete_us=29327 transfer_wait_us=19476 tile_pixels=0 uniform_pixels=0 overview_pixels=0 fallback_pixels=0 resident_tiles=0 fallback_tiles=0 pushes=21 frame_reused=1 pass=1
[19:52:05] TINYDRAW_LIVE_PRESENT kind=pan zoom=100 x=513 y=0 compose_us=27087 read_submit_us=28335 read_complete_us=29137 transfer_wait_us=19664 tile_pixels=0 uniform_pixels=0 overview_pixels=0 fallback_pixels=0 resident_tiles=0 fallback_tiles=0 pushes=21 frame_reused=1 pass=1
[19:52:05] TINYDRAW_LIVE_PRESENT kind=pan zoom=100 x=494 y=0 compose_us=25992 read_submit_us=27242 read_complete_us=28047 transfer_wait_us=19757 tile_pixels=0 uniform_pixels=0 overview_pixels=0 fallback_pixels=0 resident_tiles=0 fallback_tiles=0 pushes=21 frame_reused=1 pass=1
[19:52:05] TINYDRAW_LIVE_PRESENT kind=pan zoom=100 x=371 y=89 compose_us=27739 read_submit_us=28986 read_complete_us=29789 transfer_wait_us=19022 tile_pixels=164864 uniform_pixels=0 overview_pixels=0 fallback_pixels=0 resident_tiles=56 fallback_tiles=0 pushes=21 frame_reused=0 pass=1
[19:52:05] TINYDRAW_LIVE_PRESENT kind=pan zoom=100 x=294 y=161 compose_us=27960 read_submit_us=29211 read_complete_us=30015 transfer_wait_us=19788 tile_pixels=164864 uniform_pixels=0 overview_pixels=0 fallback_pixels=0 resident_tiles=56 fallback_tiles=0 pushes=21 frame_reused=0 pass=1
[19:52:05] TINYDRAW_LIVE_PRESENT kind=pan zoom=100 x=286 y=172 compose_us=27272 read_submit_us=28518 read_complete_us=29321 transfer_wait_us=19481 tile_pixels=0 uniform_pixels=0 overview_pixels=0 fallback_pixels=0 resident_tiles=0 fallback_tiles=0 pushes=21 frame_reused=1 pass=1
[19:52:05] TINYDRAW_LIVE_PRESENT kind=pan zoom=100 x=301 y=182 compose_us=27680 read_submit_us=28923 read_complete_us=29727 transfer_wait_us=19076 tile_pixels=0 uniform_pixels=0 overview_pixels=0 fallback_pixels=0 resident_tiles=0 fallback_tiles=0 pushes=21 frame_reused=1 pass=1
[19:52:05] TINYDRAW_LIVE_FILL_DONE zoom=100 x=301 y=182 revision=2003
[19:52:05] TINYDRAW_LIVE_PRESENT kind=pan zoom=100 x=301 y=184 compose_us=26262 read_submit_us=27318 read_complete_us=28119 transfer_wait_us=19682 tile_pixels=0 uniform_pixels=0 overview_pixels=0 fallback_pixels=0 resident_tiles=0 fallback_tiles=0 pushes=21 frame_reused=1 pass=1
[19:52:05] TINYDRAW_LIVE_PRESENT kind=pan zoom=100 x=304 y=242 compose_us=28815 read_submit_us=30076 read_complete_us=30880 transfer_wait_us=19923 tile_pixels=164864 uniform_pixels=0 overview_pixels=0 fallback_pixels=0 resident_tiles=56 fallback_tiles=0 pushes=21 frame_reused=0 pass=1
[19:52:05] TINYDRAW_LIVE_PRESENT kind=pan zoom=100 x=311 y=366 compose_us=27961 read_submit_us=29216 read_complete_us=30018 transfer_wait_us=19783 tile_pixels=147936 uniform_pixels=16928 overview_pixels=0 fallback_pixels=0 resident_tiles=56 fallback_tiles=0 pushes=21 frame_reused=0 pass=1
[19:52:06] TINYDRAW_LIVE_PRESENT kind=pan zoom=100 x=306 y=457 compose_us=26883 read_submit_us=28147 read_complete_us=28951 transfer_wait_us=19852 tile_pixels=114448 uniform_pixels=50416 overview_pixels=0 fallback_pixels=0 resident_tiles=56 fallback_tiles=0 pushes=21 frame_reused=0 pass=1
[19:52:06] TINYDRAW_LIVE_PRESENT kind=pan zoom=100 x=301 y=487 compose_us=31259 read_submit_us=32515 read_complete_us=33317 transfer_wait_us=19484 tile_pixels=0 uniform_pixels=0 overview_pixels=0 fallback_pixels=0 resident_tiles=0 fallback_tiles=0 pushes=21 frame_reused=1 pass=1
[19:52:06] TINYDRAW_LIVE_PRESENT kind=pan zoom=100 x=296 y=491 compose_us=27060 read_submit_us=28311 read_complete_us=29115 transfer_wait_us=19688 tile_pixels=0 uniform_pixels=0 overview_pixels=0 fallback_pixels=0 resident_tiles=0 fallback_tiles=0 pushes=21 frame_reused=1 pass=1
[19:52:06] TINYDRAW_LIVE_PRESENT kind=pan zoom=100 x=295 y=491 compose_us=24918 read_submit_us=26171 read_complete_us=26975 transfer_wait_us=19828 tile_pixels=0 uniform_pixels=0 overview_pixels=0 fallback_pixels=0 resident_tiles=0 fallback_tiles=0 pushes=21 frame_reused=1 pass=1
[19:52:06] TINYDRAW_LIVE_PRESENT kind=pan zoom=100 x=306 y=481 compose_us=27769 read_submit_us=29017 read_complete_us=29817 transfer_wait_us=19982 tile_pixels=0 uniform_pixels=0 overview_pixels=0 fallback_pixels=0 resident_tiles=0 fallback_tiles=0 pushes=21 frame_reused=1 pass=1
[19:52:06] TINYDRAW_LIVE_PRESENT kind=pan zoom=100 x=393 y=409 compose_us=27346 read_submit_us=28601 read_complete_us=29403 transfer_wait_us=19398 tile_pixels=132112 uniform_pixels=32752 overview_pixels=0 fallback_pixels=0 resident_tiles=48 fallback_tiles=0 pushes=21 frame_reused=0 pass=1
[19:52:06] TINYDRAW_LIVE_PRESENT kind=pan zoom=100 x=464 y=326 compose_us=28991 read_submit_us=30253 read_complete_us=31057 transfer_wait_us=19746 tile_pixels=162656 uniform_pixels=2208 overview_pixels=0 fallback_pixels=0 resident_tiles=48 fallback_tiles=0 pushes=21 frame_reused=0 pass=1
[19:52:06] TINYDRAW_LIVE_PRESENT kind=pan zoom=100 x=510 y=253 compose_us=29826 read_submit_us=31088 read_complete_us=31890 transfer_wait_us=19911 tile_pixels=164864 uniform_pixels=0 overview_pixels=0 fallback_pixels=0 resident_tiles=56 fallback_tiles=0 pushes=21 frame_reused=0 pass=1
[19:52:06] TINYDRAW_LIVE_PRESENT kind=pan zoom=100 x=520 y=237 compose_us=27559 read_submit_us=28804 read_complete_us=29609 transfer_wait_us=19195 tile_pixels=0 uniform_pixels=0 overview_pixels=0 fallback_pixels=0 resident_tiles=0 fallback_tiles=0 pushes=21 frame_reused=1 pass=1
[19:52:06] TINYDRAW_LIVE_PRESENT kind=pan zoom=100 x=523 y=233 compose_us=26946 read_submit_us=28200 read_complete_us=29003 transfer_wait_us=19799 tile_pixels=0 uniform_pixels=0 overview_pixels=0 fallback_pixels=0 resident_tiles=0 fallback_tiles=0 pushes=21 frame_reused=1 pass=1
[19:52:06] TINYDRAW_LIVE_PRESENT kind=pan zoom=100 x=523 y=232 compose_us=26049 read_submit_us=27095 read_complete_us=27900 transfer_wait_us=19905 tile_pixels=0 uniform_pixels=0 overview_pixels=0 fallback_pixels=0 resident_tiles=0 fallback_tiles=0 pushes=21 frame_reused=1 pass=1
[19:52:06] TINYDRAW_LIVE_PRESENT kind=pan zoom=100 x=523 y=225 compose_us=26302 read_submit_us=27561 read_complete_us=28363 transfer_wait_us=19438 tile_pixels=0 uniform_pixels=0 overview_pixels=0 fallback_pixels=0 resident_tiles=0 fallback_tiles=0 pushes=21 frame_reused=1 pass=1
[19:52:06] TINYDRAW_LIVE_PRESENT kind=pan zoom=100 x=523 y=205 compose_us=26934 read_submit_us=28183 read_complete_us=28989 transfer_wait_us=19816 tile_pixels=0 uniform_pixels=0 overview_pixels=0 fallback_pixels=0 resident_tiles=0 fallback_tiles=0 pushes=21 frame_reused=1 pass=1
[19:52:06] TINYDRAW_LIVE_PRESENT kind=pan zoom=100 x=523 y=185 compose_us=26922 read_submit_us=28175 read_complete_us=28979 transfer_wait_us=19824 tile_pixels=0 uniform_pixels=0 overview_pixels=0 fallback_pixels=0 resident_tiles=0 fallback_tiles=0 pushes=21 frame_reused=1 pass=1
[19:52:06] TINYDRAW_LIVE_PRESENT kind=pan zoom=100 x=520 y=176 compose_us=27086 read_submit_us=28335 read_complete_us=29139 transfer_wait_us=19664 tile_pixels=0 uniform_pixels=0 overview_pixels=0 fallback_pixels=0 resident_tiles=0 fallback_tiles=0 pushes=21 frame_reused=1 pass=1
[19:52:06] TINYDRAW_LIVE_PRESENT kind=pan zoom=100 x=514 y=172 compose_us=26893 read_submit_us=28149 read_complete_us=28951 transfer_wait_us=19850 tile_pixels=0 uniform_pixels=0 overview_pixels=0 fallback_pixels=0 resident_tiles=0 fallback_tiles=0 pushes=21 frame_reused=1 pass=1
[19:52:07] TINYDRAW_LIVE_PRESENT kind=pan zoom=100 x=492 y=167 compose_us=28467 read_submit_us=29717 read_complete_us=30522 transfer_wait_us=19282 tile_pixels=0 uniform_pixels=0 overview_pixels=0 fallback_pixels=0 resident_tiles=0 fallback_tiles=0 pushes=21 frame_reused=1 pass=1
[19:52:07] TINYDRAW_LIVE_PRESENT kind=pan zoom=100 x=463 y=166 compose_us=28032 read_submit_us=29282 read_complete_us=30085 transfer_wait_us=19717 tile_pixels=0 uniform_pixels=0 overview_pixels=0 fallback_pixels=0 resident_tiles=0 fallback_tiles=0 pushes=21 frame_reused=1 pass=1
[19:52:07] TINYDRAW_LIVE_PRESENT kind=pan zoom=100 x=436 y=166 compose_us=26831 read_submit_us=28081 read_complete_us=28886 transfer_wait_us=19918 tile_pixels=0 uniform_pixels=0 overview_pixels=0 fallback_pixels=0 resident_tiles=0 fallback_tiles=0 pushes=21 frame_reused=1 pass=1
[19:52:07] TINYDRAW_LIVE_PRESENT kind=pan zoom=100 x=410 y=166 compose_us=26436 read_submit_us=27689 read_complete_us=28491 transfer_wait_us=19310 tile_pixels=0 uniform_pixels=0 overview_pixels=0 fallback_pixels=0 resident_tiles=0 fallback_tiles=0 pushes=21 frame_reused=1 pass=1
[19:52:07] TINYDRAW_LIVE_PRESENT kind=pan zoom=100 x=394 y=166 compose_us=25570 read_submit_us=26815 read_complete_us=27620 transfer_wait_us=19184 tile_pixels=0 uniform_pixels=0 overview_pixels=0 fallback_pixels=0 resident_tiles=0 fallback_tiles=0 pushes=21 frame_reused=1 pass=1
[19:52:07] TINYDRAW_LIVE_PRESENT kind=pan zoom=100 x=375 y=166 compose_us=26206 read_submit_us=27456 read_complete_us=28259 transfer_wait_us=19543 tile_pixels=0 uniform_pixels=0 overview_pixels=0 fallback_pixels=0 resident_tiles=0 fallback_tiles=0 pushes=21 frame_reused=1 pass=1
[19:52:07] TINYDRAW_LIVE_PRESENT kind=pan zoom=100 x=364 y=166 compose_us=25318 read_submit_us=26567 read_complete_us=27372 transfer_wait_us=19432 tile_pixels=0 uniform_pixels=0 overview_pixels=0 fallback_pixels=0 resident_tiles=0 fallback_tiles=0 pushes=21 frame_reused=1 pass=1
[19:52:07] TINYDRAW_LIVE_PRESENT kind=pan zoom=100 x=356 y=167 compose_us=26919 read_submit_us=28172 read_complete_us=28974 transfer_wait_us=19827 tile_pixels=0 uniform_pixels=0 overview_pixels=0 fallback_pixels=0 resident_tiles=0 fallback_tiles=0 pushes=21 frame_reused=1 pass=1
[19:52:07] TINYDRAW_LIVE_PRESENT kind=pan zoom=100 x=343 y=170 compose_us=27477 read_submit_us=28726 read_complete_us=29531 transfer_wait_us=19273 tile_pixels=0 uniform_pixels=0 overview_pixels=0 fallback_pixels=0 resident_tiles=0 fallback_tiles=0 pushes=21 frame_reused=1 pass=1
[19:52:07] TINYDRAW_LIVE_PRESENT kind=pan zoom=100 x=325 y=170 compose_us=25843 read_submit_us=27097 read_complete_us=27900 transfer_wait_us=19902 tile_pixels=0 uniform_pixels=0 overview_pixels=0 fallback_pixels=0 resident_tiles=0 fallback_tiles=0 pushes=21 frame_reused=1 pass=1
[19:52:07] TINYDRAW_LIVE_PRESENT kind=pan zoom=100 x=312 y=170 compose_us=25754 read_submit_us=27003 read_complete_us=27801 transfer_wait_us=19996 tile_pixels=0 uniform_pixels=0 overview_pixels=0 fallback_pixels=0 resident_tiles=0 fallback_tiles=0 pushes=21 frame_reused=1 pass=1
[19:52:07] TINYDRAW_LIVE_PRESENT kind=pan zoom=100 x=304 y=170 compose_us=24883 read_submit_us=26137 read_complete_us=26939 transfer_wait_us=19862 tile_pixels=0 uniform_pixels=0 overview_pixels=0 fallback_pixels=0 resident_tiles=0 fallback_tiles=0 pushes=21 frame_reused=1 pass=1
[19:52:07] TINYDRAW_LIVE_PRESENT kind=pan zoom=100 x=298 y=170 compose_us=25109 read_submit_us=26357 read_complete_us=27162 transfer_wait_us=19642 tile_pixels=0 uniform_pixels=0 overview_pixels=0 fallback_pixels=0 resident_tiles=0 fallback_tiles=0 pushes=21 frame_reused=1 pass=1
[19:52:07] TINYDRAW_LIVE_PRESENT kind=pan zoom=100 x=293 y=170 compose_us=24809 read_submit_us=26061 read_complete_us=26864 transfer_wait_us=19938 tile_pixels=0 uniform_pixels=0 overview_pixels=0 fallback_pixels=0 resident_tiles=0 fallback_tiles=0 pushes=21 frame_reused=1 pass=1
[19:52:07] TINYDRAW_LIVE_PRESENT kind=pan zoom=100 x=292 y=170 compose_us=24780 read_submit_us=26033 read_complete_us=26838 transfer_wait_us=19966 tile_pixels=0 uniform_pixels=0 overview_pixels=0 fallback_pixels=0 resident_tiles=0 fallback_tiles=0 pushes=21 frame_reused=1 pass=1
[19:52:08] TINYDRAW_LIVE_PRESENT kind=pan zoom=100 x=291 y=170 compose_us=24769 read_submit_us=25822 read_complete_us=26624 transfer_wait_us=19178 tile_pixels=0 uniform_pixels=0 overview_pixels=0 fallback_pixels=0 resident_tiles=0 fallback_tiles=0 pushes=21 frame_reused=1 pass=1
[19:52:08] TINYDRAW_LIVE_PRESENT kind=pan zoom=100 x=287 y=166 compose_us=26851 read_submit_us=28100 read_complete_us=28905 transfer_wait_us=19899 tile_pixels=0 uniform_pixels=0 overview_pixels=0 fallback_pixels=0 resident_tiles=0 fallback_tiles=0 pushes=21 frame_reused=1 pass=1
[19:52:08] TINYDRAW_LIVE_PRESENT kind=pan zoom=100 x=278 y=158 compose_us=27365 read_submit_us=28615 read_complete_us=29418 transfer_wait_us=19384 tile_pixels=0 uniform_pixels=0 overview_pixels=0 fallback_pixels=0 resident_tiles=0 fallback_tiles=0 pushes=21 frame_reused=1 pass=1
[19:52:08] TINYDRAW_LIVE_PRESENT kind=pan zoom=100 x=270 y=152 compose_us=27007 read_submit_us=28255 read_complete_us=29060 transfer_wait_us=19744 tile_pixels=0 uniform_pixels=0 overview_pixels=0 fallback_pixels=0 resident_tiles=0 fallback_tiles=0 pushes=21 frame_reused=1 pass=1
[19:52:08] TINYDRAW_LIVE_PRESENT kind=pan zoom=100 x=263 y=147 compose_us=26963 read_submit_us=28220 read_complete_us=29022 transfer_wait_us=19779 tile_pixels=0 uniform_pixels=0 overview_pixels=0 fallback_pixels=0 resident_tiles=0 fallback_tiles=0 pushes=21 frame_reused=1 pass=1
[19:52:08] TINYDRAW_LIVE_PRESENT kind=pan zoom=100 x=253 y=143 compose_us=27615 read_submit_us=28857 read_complete_us=29663 transfer_wait_us=19142 tile_pixels=0 uniform_pixels=0 overview_pixels=0 fallback_pixels=0 resident_tiles=0 fallback_tiles=0 pushes=21 frame_reused=1 pass=1
[19:52:08] TINYDRAW_LIVE_PRESENT kind=pan zoom=100 x=243 y=138 compose_us=26977 read_submit_us=28228 read_complete_us=29031 transfer_wait_us=19771 tile_pixels=0 uniform_pixels=0 overview_pixels=0 fallback_pixels=0 resident_tiles=0 fallback_tiles=0 pushes=21 frame_reused=1 pass=1
[19:52:08] TINYDRAW_LIVE_PRESENT kind=pan zoom=100 x=236 y=138 compose_us=25098 read_submit_us=26345 read_complete_us=27149 transfer_wait_us=19654 tile_pixels=0 uniform_pixels=0 overview_pixels=0 fallback_pixels=0 resident_tiles=0 fallback_tiles=0 pushes=21 frame_reused=1 pass=1
[19:52:08] TINYDRAW_LIVE_PRESENT kind=pan zoom=100 x=231 y=138 compose_us=24743 read_submit_us=25998 read_complete_us=26795 transfer_wait_us=20001 tile_pixels=0 uniform_pixels=0 overview_pixels=0 fallback_pixels=0 resident_tiles=0 fallback_tiles=0 pushes=21 frame_reused=1 pass=1
[19:52:08] TINYDRAW_LIVE_PRESENT kind=pan zoom=100 x=227 y=138 compose_us=24731 read_submit_us=25977 read_complete_us=26783 transfer_wait_us=19030 tile_pixels=0 uniform_pixels=0 overview_pixels=0 fallback_pixels=0 resident_tiles=0 fallback_tiles=0 pushes=21 frame_reused=1 pass=1
[19:52:08] TINYDRAW_LIVE_PRESENT kind=pan zoom=100 x=223 y=138 compose_us=24726 read_submit_us=25972 read_complete_us=26776 transfer_wait_us=19027 tile_pixels=0 uniform_pixels=0 overview_pixels=0 fallback_pixels=0 resident_tiles=0 fallback_tiles=0 pushes=21 frame_reused=1 pass=1
[19:52:08] TINYDRAW_LIVE_FILL_DONE zoom=100 x=223 y=138 revision=2003
[19:52:09] TINYDRAW_LIVE_PRESENT kind=pan zoom=100 x=222 y=138 compose_us=24691 read_submit_us=25743 read_complete_us=26546 transfer_wait_us=19257 tile_pixels=0 uniform_pixels=0 overview_pixels=0 fallback_pixels=0 resident_tiles=0 fallback_tiles=0 pushes=21 frame_reused=1 pass=1
[19:52:09] TINYDRAW_LIVE_PRESENT kind=pan zoom=100 x=214 y=138 compose_us=24840 read_submit_us=26099 read_complete_us=26903 transfer_wait_us=19900 tile_pixels=0 uniform_pixels=0 overview_pixels=0 fallback_pixels=0 resident_tiles=0 fallback_tiles=0 pushes=21 frame_reused=1 pass=1
[19:52:09] TINYDRAW_LIVE_PRESENT kind=pan zoom=100 x=191 y=135 compose_us=28033 read_submit_us=29280 read_complete_us=30085 transfer_wait_us=19719 tile_pixels=0 uniform_pixels=0 overview_pixels=0 fallback_pixels=0 resident_tiles=0 fallback_tiles=0 pushes=21 frame_reused=1 pass=1
[19:52:09] TINYDRAW_LIVE_PRESENT kind=pan zoom=100 x=154 y=127 compose_us=28354 read_submit_us=29606 read_complete_us=30408 transfer_wait_us=19393 tile_pixels=164864 uniform_pixels=0 overview_pixels=0 fallback_pixels=0 resident_tiles=56 fallback_tiles=0 pushes=21 frame_reused=0 pass=1
[19:52:09] TINYDRAW_LIVE_PRESENT kind=pan zoom=100 x=129 y=117 compose_us=27980 read_submit_us=29225 read_complete_us=30031 transfer_wait_us=19774 tile_pixels=0 uniform_pixels=0 overview_pixels=0 fallback_pixels=0 resident_tiles=0 fallback_tiles=0 pushes=21 frame_reused=1 pass=1
[19:52:09] TINYDRAW_LIVE_PRESENT kind=pan zoom=100 x=109 y=110 compose_us=28396 read_submit_us=29645 read_complete_us=30448 transfer_wait_us=19354 tile_pixels=0 uniform_pixels=0 overview_pixels=0 fallback_pixels=0 resident_tiles=0 fallback_tiles=0 pushes=21 frame_reused=1 pass=1
[19:52:09] TINYDRAW_LIVE_PRESENT kind=pan zoom=100 x=89 y=104 compose_us=27812 read_submit_us=29063 read_complete_us=29867 transfer_wait_us=19936 tile_pixels=0 uniform_pixels=0 overview_pixels=0 fallback_pixels=0 resident_tiles=0 fallback_tiles=0 pushes=21 frame_reused=1 pass=1
[19:52:09] TINYDRAW_LIVE_PRESENT kind=pan zoom=100 x=68 y=94 compose_us=27925 read_submit_us=29182 read_complete_us=29984 transfer_wait_us=19817 tile_pixels=0 uniform_pixels=0 overview_pixels=0 fallback_pixels=0 resident_tiles=0 fallback_tiles=0 pushes=21 frame_reused=1 pass=1
[19:52:09] TINYDRAW_LIVE_PRESENT kind=pan zoom=100 x=37 y=88 compose_us=28868 read_submit_us=30117 read_complete_us=30923 transfer_wait_us=19882 tile_pixels=0 uniform_pixels=0 overview_pixels=0 fallback_pixels=0 resident_tiles=0 fallback_tiles=0 pushes=21 frame_reused=1 pass=1
[19:52:09] TINYDRAW_LIVE_PRESENT kind=pan zoom=100 x=15 y=83 compose_us=27717 read_submit_us=28962 read_complete_us=29766 transfer_wait_us=19037 tile_pixels=0 uniform_pixels=0 overview_pixels=0 fallback_pixels=0 resident_tiles=0 fallback_tiles=0 pushes=21 frame_reused=1 pass=1
[19:52:09] TINYDRAW_LIVE_PRESENT kind=pan zoom=100 x=0 y=70 compose_us=27695 read_submit_us=28937 read_complete_us=29741 transfer_wait_us=19062 tile_pixels=0 uniform_pixels=0 overview_pixels=0 fallback_pixels=0 resident_tiles=0 fallback_tiles=0 pushes=21 frame_reused=1 pass=1
[19:52:09] TINYDRAW_LIVE_PRESENT kind=pan zoom=100 x=0 y=54 compose_us=26646 read_submit_us=27897 read_complete_us=28699 transfer_wait_us=19102 tile_pixels=0 uniform_pixels=0 overview_pixels=0 fallback_pixels=0 resident_tiles=0 fallback_tiles=0 pushes=21 frame_reused=1 pass=1
[19:52:09] TINYDRAW_LIVE_PRESENT kind=pan zoom=100 x=0 y=36 compose_us=26737 read_submit_us=27982 read_complete_us=28787 transfer_wait_us=19026 tile_pixels=0 uniform_pixels=0 overview_pixels=0 fallback_pixels=0 resident_tiles=0 fallback_tiles=0 pushes=21 frame_reused=1 pass=1
[19:52:09] TINYDRAW_LIVE_PRESENT kind=pan zoom=100 x=0 y=27 compose_us=26317 read_submit_us=27568 read_complete_us=28371 transfer_wait_us=19431 tile_pixels=0 uniform_pixels=0 overview_pixels=0 fallback_pixels=0 resident_tiles=0 fallback_tiles=0 pushes=21 frame_reused=1 pass=1
[19:52:10] TINYDRAW_LIVE_PRESENT kind=pan zoom=100 x=0 y=22 compose_us=26146 read_submit_us=27392 read_complete_us=28196 transfer_wait_us=19607 tile_pixels=0 uniform_pixels=0 overview_pixels=0 fallback_pixels=0 resident_tiles=0 fallback_tiles=0 pushes=21 frame_reused=1 pass=1
[19:52:10] TINYDRAW_LIVE_FILL_DONE zoom=100 x=0 y=22 revision=2003
[19:52:10] TINYDRAW_LIVE_PRESENT kind=pan zoom=100 x=0 y=21 compose_us=25959 read_submit_us=27012 read_complete_us=27809 transfer_wait_us=19988 tile_pixels=0 uniform_pixels=0 overview_pixels=0 fallback_pixels=0 resident_tiles=0 fallback_tiles=0 pushes=21 frame_reused=1 pass=1
[19:52:10] TINYDRAW_LIVE_PRESENT kind=pan zoom=100 x=0 y=0 compose_us=26901 read_submit_us=28162 read_complete_us=28968 transfer_wait_us=19837 tile_pixels=0 uniform_pixels=0 overview_pixels=0 fallback_pixels=0 resident_tiles=0 fallback_tiles=0 pushes=21 frame_reused=1 pass=1
[19:52:11] TINYDRAW_LIVE_FILL_DONE zoom=100 x=0 y=0 revision=2003
[19:52:16] TINYDRAW_LIVE_PRESENT kind=pan zoom=100 x=0 y=2 compose_us=26117 read_submit_us=27165 read_complete_us=27967 transfer_wait_us=19835 tile_pixels=0 uniform_pixels=0 overview_pixels=0 fallback_pixels=0 resident_tiles=0 fallback_tiles=0 pushes=21 frame_reused=1 pass=1
[19:52:16] TINYDRAW_LIVE_PRESENT kind=pan zoom=100 x=0 y=23 compose_us=27116 read_submit_us=28367 read_complete_us=29173 transfer_wait_us=19632 tile_pixels=0 uniform_pixels=0 overview_pixels=0 fallback_pixels=0 resident_tiles=0 fallback_tiles=0 pushes=21 frame_reused=1 pass=1
[19:52:16] TINYDRAW_LIVE_PRESENT kind=pan zoom=100 x=6 y=70 compose_us=27044 read_submit_us=28290 read_complete_us=29093 transfer_wait_us=19709 tile_pixels=164864 uniform_pixels=0 overview_pixels=0 fallback_pixels=0 resident_tiles=48 fallback_tiles=0 pushes=21 frame_reused=0 pass=1
[19:52:16] TINYDRAW_LIVE_PRESENT kind=pan zoom=100 x=14 y=147 compose_us=28994 read_submit_us=30245 read_complete_us=31048 transfer_wait_us=19754 tile_pixels=164864 uniform_pixels=0 overview_pixels=0 fallback_pixels=0 resident_tiles=48 fallback_tiles=0 pushes=21 frame_reused=0 pass=1
[19:52:16] TINYDRAW_LIVE_PRESENT kind=pan zoom=100 x=40 y=211 compose_us=28160 read_submit_us=29403 read_complete_us=30206 transfer_wait_us=19596 tile_pixels=164864 uniform_pixels=0 overview_pixels=0 fallback_pixels=0 resident_tiles=56 fallback_tiles=0 pushes=21 frame_reused=0 pass=1
[19:52:16] TINYDRAW_LIVE_PRESENT kind=pan zoom=100 x=59 y=232 compose_us=28861 read_submit_us=30106 read_complete_us=30911 transfer_wait_us=19893 tile_pixels=0 uniform_pixels=0 overview_pixels=0 fallback_pixels=0 resident_tiles=0 fallback_tiles=0 pushes=21 frame_reused=1 pass=1
[19:52:16] TINYDRAW_LIVE_PRESENT kind=pan zoom=100 x=77 y=243 compose_us=28416 read_submit_us=29664 read_complete_us=30466 transfer_wait_us=19335 tile_pixels=0 uniform_pixels=0 overview_pixels=0 fallback_pixels=0 resident_tiles=0 fallback_tiles=0 pushes=21 frame_reused=1 pass=1
[19:52:16] TINYDRAW_LIVE_PRESENT kind=pan zoom=100 x=98 y=249 compose_us=28905 read_submit_us=30152 read_complete_us=30958 transfer_wait_us=19847 tile_pixels=0 uniform_pixels=0 overview_pixels=0 fallback_pixels=0 resident_tiles=0 fallback_tiles=0 pushes=21 frame_reused=1 pass=1
[19:52:17] TINYDRAW_LIVE_PRESENT kind=pan zoom=100 x=108 y=245 compose_us=27080 read_submit_us=28323 read_complete_us=29127 transfer_wait_us=19676 tile_pixels=0 uniform_pixels=0 overview_pixels=0 fallback_pixels=0 resident_tiles=0 fallback_tiles=0 pushes=21 frame_reused=1 pass=1
[19:52:17] TINYDRAW_LIVE_PRESENT kind=pan zoom=100 x=118 y=197 compose_us=28111 read_submit_us=29358 read_complete_us=30162 transfer_wait_us=19641 tile_pixels=164864 uniform_pixels=0 overview_pixels=0 fallback_pixels=0 resident_tiles=56 fallback_tiles=0 pushes=21 frame_reused=0 pass=1
[19:52:17] TINYDRAW_LIVE_PRESENT kind=pan zoom=100 x=107 y=128 compose_us=28756 read_submit_us=30003 read_complete_us=30800 transfer_wait_us=19996 tile_pixels=164864 uniform_pixels=0 overview_pixels=0 fallback_pixels=0 resident_tiles=49 fallback_tiles=0 pushes=21 frame_reused=0 pass=1
[19:52:17] TINYDRAW_LIVE_PRESENT kind=pan zoom=100 x=87 y=92 compose_us=27536 read_submit_us=28777 read_complete_us=29581 transfer_wait_us=19222 tile_pixels=164864 uniform_pixels=0 overview_pixels=0 fallback_pixels=0 resident_tiles=56 fallback_tiles=0 pushes=21 frame_reused=0 pass=1
[19:52:17] TINYDRAW_LIVE_PRESENT kind=pan zoom=100 x=60 y=84 compose_us=28590 read_submit_us=29833 read_complete_us=30638 transfer_wait_us=19166 tile_pixels=0 uniform_pixels=0 overview_pixels=0 fallback_pixels=0 resident_tiles=0 fallback_tiles=0 pushes=21 frame_reused=1 pass=1
[19:52:17] TINYDRAW_LIVE_PRESENT kind=pan zoom=100 x=12 y=105 compose_us=28718 read_submit_us=29961 read_complete_us=30765 transfer_wait_us=19038 tile_pixels=164864 uniform_pixels=0 overview_pixels=0 fallback_pixels=0 resident_tiles=48 fallback_tiles=0 pushes=21 frame_reused=0 pass=1
[19:52:17] TINYDRAW_LIVE_PRESENT kind=pan zoom=100 x=0 y=138 compose_us=27801 read_submit_us=29046 read_complete_us=29848 transfer_wait_us=19953 tile_pixels=164864 uniform_pixels=0 overview_pixels=0 fallback_pixels=0 resident_tiles=48 fallback_tiles=0 pushes=21 frame_reused=0 pass=1
[19:52:17] TINYDRAW_LIVE_PRESENT kind=pan zoom=100 x=0 y=170 compose_us=30555 read_submit_us=31797 read_complete_us=32603 transfer_wait_us=19202 tile_pixels=0 uniform_pixels=0 overview_pixels=0 fallback_pixels=0 resident_tiles=0 fallback_tiles=0 pushes=21 frame_reused=1 pass=1
[19:52:17] TINYDRAW_LIVE_PRESENT kind=pan zoom=100 x=0 y=213 compose_us=28282 read_submit_us=29523 read_complete_us=30326 transfer_wait_us=19476 tile_pixels=164864 uniform_pixels=0 overview_pixels=0 fallback_pixels=0 resident_tiles=48 fallback_tiles=0 pushes=21 frame_reused=0 pass=1
[19:52:17] TINYDRAW_LIVE_PRESENT kind=pan zoom=100 x=0 y=234 compose_us=27166 read_submit_us=28410 read_complete_us=29214 transfer_wait_us=19589 tile_pixels=0 uniform_pixels=0 overview_pixels=0 fallback_pixels=0 resident_tiles=0 fallback_tiles=0 pushes=21 frame_reused=1 pass=1
[19:52:17] TINYDRAW_LIVE_PRESENT kind=pan zoom=100 x=25 y=248 compose_us=29001 read_submit_us=30249 read_complete_us=31052 transfer_wait_us=19750 tile_pixels=0 uniform_pixels=0 overview_pixels=0 fallback_pixels=0 resident_tiles=0 fallback_tiles=0 pushes=21 frame_reused=1 pass=1
[19:52:17] TINYDRAW_LIVE_PRESENT kind=pan zoom=100 x=53 y=248 compose_us=28379 read_submit_us=29626 read_complete_us=30431 transfer_wait_us=19373 tile_pixels=0 uniform_pixels=0 overview_pixels=0 fallback_pixels=0 resident_tiles=0 fallback_tiles=0 pushes=21 frame_reused=1 pass=1
[19:52:17] TINYDRAW_LIVE_PRESENT kind=pan zoom=100 x=83 y=234 compose_us=29420 read_submit_us=30663 read_complete_us=31466 transfer_wait_us=19336 tile_pixels=0 uniform_pixels=0 overview_pixels=0 fallback_pixels=0 resident_tiles=0 fallback_tiles=0 pushes=21 frame_reused=1 pass=1
[19:52:17] TINYDRAW_LIVE_PRESENT kind=pan zoom=100 x=108 y=201 compose_us=29669 read_submit_us=30907 read_complete_us=31710 transfer_wait_us=19092 tile_pixels=164864 uniform_pixels=0 overview_pixels=0 fallback_pixels=0 resident_tiles=56 fallback_tiles=0 pushes=21 frame_reused=0 pass=1
[19:52:17] TINYDRAW_LIVE_PRESENT kind=pan zoom=100 x=118 y=158 compose_us=27843 read_submit_us=29092 read_complete_us=29895 transfer_wait_us=19907 tile_pixels=164864 uniform_pixels=0 overview_pixels=0 fallback_pixels=0 resident_tiles=56 fallback_tiles=0 pushes=21 frame_reused=0 pass=1
[19:52:17] TINYDRAW_LIVE_PRESENT kind=pan zoom=100 x=113 y=130 compose_us=31134 read_submit_us=32379 read_complete_us=33183 transfer_wait_us=19620 tile_pixels=0 uniform_pixels=0 overview_pixels=0 fallback_pixels=0 resident_tiles=0 fallback_tiles=0 pushes=21 frame_reused=1 pass=1
[19:52:18] TINYDRAW_LIVE_PRESENT kind=pan zoom=100 x=78 y=119 compose_us=28761 read_submit_us=30008 read_complete_us=30806 transfer_wait_us=19991 tile_pixels=164864 uniform_pixels=0 overview_pixels=0 fallback_pixels=0 resident_tiles=48 fallback_tiles=0 pushes=21 frame_reused=0 pass=1
[19:52:18] TINYDRAW_LIVE_PRESENT kind=pan zoom=100 x=9 y=129 compose_us=27621 read_submit_us=28863 read_complete_us=29667 transfer_wait_us=19136 tile_pixels=164864 uniform_pixels=0 overview_pixels=0 fallback_pixels=0 resident_tiles=48 fallback_tiles=0 pushes=21 frame_reused=0 pass=1
[19:52:18] TINYDRAW_LIVE_PRESENT kind=pan zoom=100 x=0 y=165 compose_us=27906 read_submit_us=29153 read_complete_us=29955 transfer_wait_us=19846 tile_pixels=164864 uniform_pixels=0 overview_pixels=0 fallback_pixels=0 resident_tiles=48 fallback_tiles=0 pushes=21 frame_reused=0 pass=1
[19:52:18] TINYDRAW_LIVE_PRESENT kind=pan zoom=100 x=0 y=210 compose_us=28255 read_submit_us=29501 read_complete_us=30304 transfer_wait_us=19498 tile_pixels=164864 uniform_pixels=0 overview_pixels=0 fallback_pixels=0 resident_tiles=48 fallback_tiles=0 pushes=21 frame_reused=0 pass=1
[19:52:18] TINYDRAW_LIVE_PRESENT kind=pan zoom=100 x=0 y=234 compose_us=30168 read_submit_us=31411 read_complete_us=32215 transfer_wait_us=19588 tile_pixels=0 uniform_pixels=0 overview_pixels=0 fallback_pixels=0 resident_tiles=0 fallback_tiles=0 pushes=21 frame_reused=1 pass=1
[19:52:18] TINYDRAW_LIVE_PRESENT kind=pan zoom=100 x=0 y=264 compose_us=30417 read_submit_us=31664 read_complete_us=32468 transfer_wait_us=19335 tile_pixels=0 uniform_pixels=0 overview_pixels=0 fallback_pixels=0 resident_tiles=0 fallback_tiles=0 pushes=21 frame_reused=1 pass=1
[19:52:18] TINYDRAW_LIVE_PRESENT kind=pan zoom=100 x=0 y=285 compose_us=27348 read_submit_us=28593 read_complete_us=29397 transfer_wait_us=19406 tile_pixels=0 uniform_pixels=0 overview_pixels=0 fallback_pixels=0 resident_tiles=0 fallback_tiles=0 pushes=21 frame_reused=1 pass=1
[19:52:18] TINYDRAW_LIVE_PRESENT kind=pan zoom=100 x=18 y=292 compose_us=28644 read_submit_us=29884 read_complete_us=30689 transfer_wait_us=19115 tile_pixels=0 uniform_pixels=0 overview_pixels=0 fallback_pixels=0 resident_tiles=0 fallback_tiles=0 pushes=21 frame_reused=1 pass=1
[19:52:18] TINYDRAW_LIVE_PRESENT kind=pan zoom=100 x=41 y=293 compose_us=28208 read_submit_us=29451 read_complete_us=30254 transfer_wait_us=19548 tile_pixels=0 uniform_pixels=0 overview_pixels=0 fallback_pixels=0 resident_tiles=0 fallback_tiles=0 pushes=21 frame_reused=1 pass=1
[19:52:18] TINYDRAW_LIVE_PRESENT kind=pan zoom=100 x=61 y=288 compose_us=28159 read_submit_us=29406 read_complete_us=30209 transfer_wait_us=19593 tile_pixels=0 uniform_pixels=0 overview_pixels=0 fallback_pixels=0 resident_tiles=0 fallback_tiles=0 pushes=21 frame_reused=1 pass=1
[19:52:18] TINYDRAW_LIVE_PRESENT kind=pan zoom=100 x=72 y=281 compose_us=27602 read_submit_us=28841 read_complete_us=29645 transfer_wait_us=19158 tile_pixels=0 uniform_pixels=0 overview_pixels=0 fallback_pixels=0 resident_tiles=0 fallback_tiles=0 pushes=21 frame_reused=1 pass=1
[19:52:18] TINYDRAW_LIVE_PRESENT kind=pan zoom=100 x=82 y=259 compose_us=28549 read_submit_us=29790 read_complete_us=30594 transfer_wait_us=19209 tile_pixels=0 uniform_pixels=0 overview_pixels=0 fallback_pixels=0 resident_tiles=0 fallback_tiles=0 pushes=21 frame_reused=1 pass=1
[19:52:18] TINYDRAW_LIVE_PRESENT kind=pan zoom=100 x=85 y=223 compose_us=28299 read_submit_us=29551 read_complete_us=30353 transfer_wait_us=19448 tile_pixels=164864 uniform_pixels=0 overview_pixels=0 fallback_pixels=0 resident_tiles=56 fallback_tiles=0 pushes=21 frame_reused=0 pass=1
[19:52:18] TINYDRAW_LIVE_PRESENT kind=pan zoom=100 x=82 y=174 compose_us=28092 read_submit_us=29336 read_complete_us=30141 transfer_wait_us=19663 tile_pixels=164864 uniform_pixels=0 overview_pixels=0 fallback_pixels=0 resident_tiles=56 fallback_tiles=0 pushes=21 frame_reused=0 pass=1
[19:52:18] TINYDRAW_LIVE_PRESENT kind=pan zoom=100 x=72 y=130 compose_us=27409 read_submit_us=28658 read_complete_us=29460 transfer_wait_us=19341 tile_pixels=164864 uniform_pixels=0 overview_pixels=0 fallback_pixels=0 resident_tiles=48 fallback_tiles=0 pushes=21 frame_reused=0 pass=1
[19:52:18] TINYDRAW_LIVE_PRESENT kind=pan zoom=100 x=42 y=108 compose_us=29541 read_submit_us=30783 read_complete_us=31589 transfer_wait_us=19216 tile_pixels=0 uniform_pixels=0 overview_pixels=0 fallback_pixels=0 resident_tiles=0 fallback_tiles=0 pushes=21 frame_reused=1 pass=1
[19:52:19] TINYDRAW_LIVE_PRESENT kind=pan zoom=100 x=0 y=114 compose_us=27581 read_submit_us=28824 read_complete_us=29627 transfer_wait_us=19175 tile_pixels=164864 uniform_pixels=0 overview_pixels=0 fallback_pixels=0 resident_tiles=48 fallback_tiles=0 pushes=21 frame_reused=0 pass=1
[19:52:19] TINYDRAW_LIVE_PRESENT kind=pan zoom=100 x=0 y=174 compose_us=27896 read_submit_us=29142 read_complete_us=29945 transfer_wait_us=19857 tile_pixels=164864 uniform_pixels=0 overview_pixels=0 fallback_pixels=0 resident_tiles=48 fallback_tiles=0 pushes=21 frame_reused=0 pass=1
[19:52:19] TINYDRAW_LIVE_PRESENT kind=pan zoom=100 x=0 y=238 compose_us=28268 read_submit_us=29516 read_complete_us=30315 transfer_wait_us=19483 tile_pixels=164864 uniform_pixels=0 overview_pixels=0 fallback_pixels=0 resident_tiles=48 fallback_tiles=0 pushes=21 frame_reused=0 pass=1
[19:52:19] TINYDRAW_LIVE_PRESENT kind=pan zoom=100 x=0 y=284 compose_us=28621 read_submit_us=29862 read_complete_us=30665 transfer_wait_us=19137 tile_pixels=164864 uniform_pixels=0 overview_pixels=0 fallback_pixels=0 resident_tiles=48 fallback_tiles=0 pushes=21 frame_reused=0 pass=1
[19:52:19] TINYDRAW_LIVE_FILL_DONE zoom=100 x=0 y=284 revision=2003
[19:52:19] TINYDRAW_LIVE_PRESENT kind=pan zoom=100 x=0 y=285 compose_us=26256 read_submit_us=27306 read_complete_us=28108 transfer_wait_us=19694 tile_pixels=0 uniform_pixels=0 overview_pixels=0 fallback_pixels=0 resident_tiles=0 fallback_tiles=0 pushes=21 frame_reused=1 pass=1
[19:52:19] TINYDRAW_LIVE_PRESENT kind=pan zoom=100 x=5 y=334 compose_us=28222 read_submit_us=29486 read_complete_us=30290 transfer_wait_us=19513 tile_pixels=159712 uniform_pixels=5152 overview_pixels=0 fallback_pixels=0 resident_tiles=48 fallback_tiles=0 pushes=21 frame_reused=0 pass=1
[19:52:19] TINYDRAW_LIVE_PRESENT kind=pan zoom=100 x=67 y=473 compose_us=26162 read_submit_us=27412 read_complete_us=28214 transfer_wait_us=19587 tile_pixels=108560 uniform_pixels=56304 overview_pixels=0 fallback_pixels=0 resident_tiles=48 fallback_tiles=0 pushes=21 frame_reused=0 pass=1
[19:52:19] TINYDRAW_LIVE_PRESENT kind=pan zoom=100 x=117 y=545 compose_us=25243 read_submit_us=26496 read_complete_us=27300 transfer_wait_us=19503 tile_pixels=82064 uniform_pixels=82800 overview_pixels=0 fallback_pixels=0 resident_tiles=56 fallback_tiles=0 pushes=21 frame_reused=0 pass=1
[19:52:19] TINYDRAW_LIVE_FILL_DONE zoom=100 x=117 y=545 revision=2003
[19:52:20] TINYDRAW_LIVE_PRESENT kind=pan zoom=100 x=118 y=545 compose_us=26803 read_submit_us=27852 read_complete_us=28653 transfer_wait_us=19148 tile_pixels=0 uniform_pixels=0 overview_pixels=0 fallback_pixels=0 resident_tiles=0 fallback_tiles=0 pushes=21 frame_reused=1 pass=1
[19:52:20] TINYDRAW_LIVE_PRESENT kind=pan zoom=100 x=138 y=527 compose_us=28686 read_submit_us=29942 read_complete_us=30747 transfer_wait_us=19057 tile_pixels=0 uniform_pixels=0 overview_pixels=0 fallback_pixels=0 resident_tiles=0 fallback_tiles=0 pushes=21 frame_reused=1 pass=1
[19:52:20] TINYDRAW_LIVE_PRESENT kind=pan zoom=100 x=199 y=433 compose_us=26560 read_submit_us=27806 read_complete_us=28609 transfer_wait_us=19193 tile_pixels=123280 uniform_pixels=41584 overview_pixels=0 fallback_pixels=0 resident_tiles=48 fallback_tiles=0 pushes=21 frame_reused=0 pass=1
[19:52:20] TINYDRAW_LIVE_PRESENT kind=pan zoom=100 x=267 y=367 compose_us=28539 read_submit_us=29794 read_complete_us=30597 transfer_wait_us=19205 tile_pixels=147568 uniform_pixels=17296 overview_pixels=0 fallback_pixels=0 resident_tiles=48 fallback_tiles=0 pushes=21 frame_reused=0 pass=1
[19:52:20] TINYDRAW_LIVE_FILL_DONE zoom=100 x=267 y=367 revision=2003
[19:52:20] TINYDRAW_LIVE_PRESENT kind=pan zoom=100 x=267 y=366 compose_us=26083 read_submit_us=27140 read_complete_us=27942 transfer_wait_us=19860 tile_pixels=0 uniform_pixels=0 overview_pixels=0 fallback_pixels=0 resident_tiles=0 fallback_tiles=0 pushes=21 frame_reused=1 pass=1
[19:52:20] TINYDRAW_LIVE_PRESENT kind=pan zoom=100 x=269 y=297 compose_us=30239 read_submit_us=31508 read_complete_us=32308 transfer_wait_us=19491 tile_pixels=164864 uniform_pixels=0 overview_pixels=0 fallback_pixels=0 resident_tiles=48 fallback_tiles=0 pushes=21 frame_reused=0 pass=1
[19:52:20] TINYDRAW_LIVE_PRESENT kind=pan zoom=100 x=315 y=164 compose_us=29047 read_submit_us=30294 read_complete_us=31096 transfer_wait_us=19705 tile_pixels=164864 uniform_pixels=0 overview_pixels=0 fallback_pixels=0 resident_tiles=56 fallback_tiles=0 pushes=21 frame_reused=0 pass=1
[19:52:20] TINYDRAW_LIVE_PRESENT kind=pan zoom=100 x=368 y=105 compose_us=28115 read_submit_us=29362 read_complete_us=30167 transfer_wait_us=19637 tile_pixels=164864 uniform_pixels=0 overview_pixels=0 fallback_pixels=0 resident_tiles=56 fallback_tiles=0 pushes=21 frame_reused=0 pass=1
[19:52:20] TINYDRAW_LIVE_PRESENT kind=pan zoom=100 x=392 y=122 compose_us=28637 read_submit_us=29877 read_complete_us=30680 transfer_wait_us=19122 tile_pixels=0 uniform_pixels=0 overview_pixels=0 fallback_pixels=0 resident_tiles=0 fallback_tiles=0 pushes=21 frame_reused=1 pass=1
[19:52:20] TINYDRAW_LIVE_PRESENT kind=pan zoom=100 x=364 y=257 compose_us=30094 read_submit_us=31349 read_complete_us=32152 transfer_wait_us=19650 tile_pixels=164864 uniform_pixels=0 overview_pixels=0 fallback_pixels=0 resident_tiles=56 fallback_tiles=0 pushes=21 frame_reused=0 pass=1
[19:52:20] TINYDRAW_LIVE_PRESENT kind=pan zoom=100 x=179 y=324 compose_us=28950 read_submit_us=30202 read_complete_us=31005 transfer_wait_us=19797 tile_pixels=163392 uniform_pixels=1472 overview_pixels=0 fallback_pixels=0 resident_tiles=56 fallback_tiles=0 pushes=21 frame_reused=0 pass=1
[19:52:20] TINYDRAW_LIVE_PRESENT kind=pan zoom=100 x=139 y=300 compose_us=29277 read_submit_us=30530 read_complete_us=31333 transfer_wait_us=19469 tile_pixels=164864 uniform_pixels=0 overview_pixels=0 fallback_pixels=0 resident_tiles=48 fallback_tiles=0 pushes=21 frame_reused=0 pass=1
[19:52:21] TINYDRAW_LIVE_PRESENT kind=pan zoom=100 x=197 y=239 compose_us=27971 read_submit_us=29220 read_complete_us=30023 transfer_wait_us=19779 tile_pixels=164864 uniform_pixels=0 overview_pixels=0 fallback_pixels=0 resident_tiles=48 fallback_tiles=0 pushes=21 frame_reused=0 pass=1
[19:52:21] TINYDRAW_LIVE_PRESENT kind=pan zoom=100 x=347 y=211 compose_us=29426 read_submit_us=30676 read_complete_us=31479 transfer_wait_us=19323 tile_pixels=164864 uniform_pixels=0 overview_pixels=0 fallback_pixels=0 resident_tiles=56 fallback_tiles=0 pushes=21 frame_reused=0 pass=1
[19:52:21] TINYDRAW_LIVE_PRESENT kind=pan zoom=100 x=420 y=229 compose_us=28484 read_submit_us=29735 read_complete_us=30538 transfer_wait_us=19264 tile_pixels=164864 uniform_pixels=0 overview_pixels=0 fallback_pixels=0 resident_tiles=56 fallback_tiles=0 pushes=21 frame_reused=0 pass=1
[19:52:21] TINYDRAW_LIVE_PRESENT kind=pan zoom=100 x=408 y=258 compose_us=30560 read_submit_us=31805 read_complete_us=32610 transfer_wait_us=19194 tile_pixels=0 uniform_pixels=0 overview_pixels=0 fallback_pixels=0 resident_tiles=0 fallback_tiles=0 pushes=21 frame_reused=1 pass=1
[19:52:21] TINYDRAW_LIVE_PRESENT kind=pan zoom=100 x=220 y=251 compose_us=30038 read_submit_us=31288 read_complete_us=32090 transfer_wait_us=19711 tile_pixels=164864 uniform_pixels=0 overview_pixels=0 fallback_pixels=0 resident_tiles=56 fallback_tiles=0 pushes=21 frame_reused=0 pass=1
[19:52:21] TINYDRAW_LIVE_PRESENT kind=pan zoom=100 x=155 y=171 compose_us=29025 read_submit_us=30268 read_complete_us=31073 transfer_wait_us=19731 tile_pixels=164864 uniform_pixels=0 overview_pixels=0 fallback_pixels=0 resident_tiles=56 fallback_tiles=0 pushes=21 frame_reused=0 pass=1
[19:52:21] TINYDRAW_LIVE_PRESENT kind=pan zoom=100 x=208 y=149 compose_us=27994 read_submit_us=29244 read_complete_us=30046 transfer_wait_us=19755 tile_pixels=164864 uniform_pixels=0 overview_pixels=0 fallback_pixels=0 resident_tiles=48 fallback_tiles=0 pushes=21 frame_reused=0 pass=1
[19:52:21] TINYDRAW_LIVE_PRESENT kind=pan zoom=100 x=379 y=195 compose_us=29331 read_submit_us=30581 read_complete_us=31385 transfer_wait_us=19418 tile_pixels=164864 uniform_pixels=0 overview_pixels=0 fallback_pixels=0 resident_tiles=56 fallback_tiles=0 pushes=21 frame_reused=0 pass=1
[19:52:21] TINYDRAW_LIVE_PRESENT kind=pan zoom=100 x=383 y=251 compose_us=29316 read_submit_us=30569 read_complete_us=31371 transfer_wait_us=19430 tile_pixels=164864 uniform_pixels=0 overview_pixels=0 fallback_pixels=0 resident_tiles=56 fallback_tiles=0 pushes=21 frame_reused=0 pass=1
[19:52:21] TINYDRAW_LIVE_PRESENT kind=pan zoom=100 x=196 y=230 compose_us=27976 read_submit_us=29222 read_complete_us=30026 transfer_wait_us=19777 tile_pixels=164864 uniform_pixels=0 overview_pixels=0 fallback_pixels=0 resident_tiles=48 fallback_tiles=0 pushes=21 frame_reused=0 pass=1
[19:52:21] TINYDRAW_LIVE_PRESENT kind=pan zoom=100 x=134 y=172 compose_us=27504 read_submit_us=28753 read_complete_us=29555 transfer_wait_us=19246 tile_pixels=164864 uniform_pixels=0 overview_pixels=0 fallback_pixels=0 resident_tiles=48 fallback_tiles=0 pushes=21 frame_reused=0 pass=1
[19:52:21] TINYDRAW_LIVE_FILL_DONE zoom=100 x=134 y=172 revision=2003
[19:52:21] TINYDRAW_LIVE_PRESENT kind=pan zoom=100 x=130 y=169 compose_us=26800 read_submit_us=27845 read_complete_us=28647 transfer_wait_us=19155 tile_pixels=0 uniform_pixels=0 overview_pixels=0 fallback_pixels=0 resident_tiles=0 fallback_tiles=0 pushes=21 frame_reused=1 pass=1
[19:52:21] TINYDRAW_LIVE_PRESENT kind=pan zoom=100 x=62 y=102 compose_us=28846 read_submit_us=30106 read_complete_us=30909 transfer_wait_us=19893 tile_pixels=164864 uniform_pixels=0 overview_pixels=0 fallback_pixels=0 resident_tiles=56 fallback_tiles=0 pushes=21 frame_reused=0 pass=1
[19:52:21] TINYDRAW_LIVE_PRESENT kind=pan zoom=100 x=0 y=35 compose_us=27231 read_submit_us=28478 read_complete_us=29281 transfer_wait_us=19521 tile_pixels=164864 uniform_pixels=0 overview_pixels=0 fallback_pixels=0 resident_tiles=48 fallback_tiles=0 pushes=21 frame_reused=0 pass=1
[19:52:21] TINYDRAW_LIVE_FILL_DONE zoom=100 x=0 y=35 revision=2003
[19:52:22] TINYDRAW_LIVE_PRESENT kind=pan zoom=100 x=0 y=36 compose_us=26139 read_submit_us=27194 read_complete_us=27995 transfer_wait_us=19806 tile_pixels=0 uniform_pixels=0 overview_pixels=0 fallback_pixels=0 resident_tiles=0 fallback_tiles=0 pushes=21 frame_reused=1 pass=1
[19:52:22] TINYDRAW_LIVE_PRESENT kind=pan zoom=100 x=0 y=124 compose_us=27630 read_submit_us=28892 read_complete_us=29696 transfer_wait_us=19107 tile_pixels=164864 uniform_pixels=0 overview_pixels=0 fallback_pixels=0 resident_tiles=48 fallback_tiles=0 pushes=21 frame_reused=0 pass=1
[19:52:22] TINYDRAW_LIVE_PRESENT kind=pan zoom=100 x=0 y=258 compose_us=28499 read_submit_us=29749 read_complete_us=30551 transfer_wait_us=19250 tile_pixels=164864 uniform_pixels=0 overview_pixels=0 fallback_pixels=0 resident_tiles=48 fallback_tiles=0 pushes=21 frame_reused=0 pass=1
[19:52:22] TINYDRAW_LIVE_FILL_DONE zoom=100 x=0 y=258 revision=2003
[19:52:22] TINYDRAW_LIVE_PRESENT kind=pan zoom=100 x=0 y=256 compose_us=26123 read_submit_us=27174 read_complete_us=27976 transfer_wait_us=19826 tile_pixels=0 uniform_pixels=0 overview_pixels=0 fallback_pixels=0 resident_tiles=0 fallback_tiles=0 pushes=21 frame_reused=1 pass=1
[19:52:22] TINYDRAW_LIVE_PRESENT kind=pan zoom=100 x=0 y=235 compose_us=26935 read_submit_us=28196 read_complete_us=29001 transfer_wait_us=19803 tile_pixels=0 uniform_pixels=0 overview_pixels=0 fallback_pixels=0 resident_tiles=0 fallback_tiles=0 pushes=21 frame_reused=1 pass=1
[19:52:22] TINYDRAW_LIVE_PRESENT kind=pan zoom=100 x=0 y=229 compose_us=26246 read_submit_us=27493 read_complete_us=28297 transfer_wait_us=19506 tile_pixels=0 uniform_pixels=0 overview_pixels=0 fallback_pixels=0 resident_tiles=0 fallback_tiles=0 pushes=21 frame_reused=1 pass=1
[19:52:22] TINYDRAW_LIVE_FILL_DONE zoom=100 x=0 y=229 revision=2003
[19:52:22] TINYDRAW_LIVE_PRESENT kind=pan zoom=100 x=0 y=230 compose_us=26199 read_submit_us=27255 read_complete_us=28057 transfer_wait_us=19745 tile_pixels=0 uniform_pixels=0 overview_pixels=0 fallback_pixels=0 resident_tiles=0 fallback_tiles=0 pushes=21 frame_reused=1 pass=1
[19:52:22] TINYDRAW_LIVE_PRESENT kind=pan zoom=100 x=0 y=294 compose_us=28605 read_submit_us=29868 read_complete_us=30672 transfer_wait_us=19131 tile_pixels=164864 uniform_pixels=0 overview_pixels=0 fallback_pixels=0 resident_tiles=48 fallback_tiles=0 pushes=21 frame_reused=0 pass=1
[19:52:22] TINYDRAW_LIVE_FILL_DONE zoom=100 x=0 y=294 revision=2003
[19:52:23] TINYDRAW_LIVE_PRESENT kind=pan zoom=100 x=0 y=297 compose_us=26345 read_submit_us=27402 read_complete_us=28203 transfer_wait_us=19598 tile_pixels=0 uniform_pixels=0 overview_pixels=0 fallback_pixels=0 resident_tiles=0 fallback_tiles=0 pushes=21 frame_reused=1 pass=1
[19:52:23] TINYDRAW_LIVE_PRESENT kind=pan zoom=100 x=0 y=372 compose_us=27852 read_submit_us=29117 read_complete_us=29921 transfer_wait_us=19882 tile_pixels=145728 uniform_pixels=19136 overview_pixels=0 fallback_pixels=0 resident_tiles=48 fallback_tiles=0 pushes=21 frame_reused=0 pass=1
[19:52:23] TINYDRAW_LIVE_PRESENT kind=pan zoom=100 x=0 y=442 compose_us=26797 read_submit_us=28056 read_complete_us=28858 transfer_wait_us=19943 tile_pixels=119968 uniform_pixels=44896 overview_pixels=0 fallback_pixels=0 resident_tiles=48 fallback_tiles=0 pushes=21 frame_reused=0 pass=1
[19:52:23] TINYDRAW_LIVE_FILL_DONE zoom=100 x=0 y=442 revision=2003
[19:52:23] TINYDRAW_LIVE_PRESENT kind=pan zoom=100 x=0 y=443 compose_us=26349 read_submit_us=27398 read_complete_us=28200 transfer_wait_us=19602 tile_pixels=0 uniform_pixels=0 overview_pixels=0 fallback_pixels=0 resident_tiles=0 fallback_tiles=0 pushes=21 frame_reused=1 pass=1
[19:52:23] TINYDRAW_LIVE_PRESENT kind=pan zoom=100 x=0 y=480 compose_us=26265 read_submit_us=27535 read_complete_us=28338 transfer_wait_us=19464 tile_pixels=105984 uniform_pixels=58880 overview_pixels=0 fallback_pixels=0 resident_tiles=48 fallback_tiles=0 pushes=21 frame_reused=0 pass=1
[19:52:23] TINYDRAW_LIVE_PRESENT kind=pan zoom=100 x=0 y=523 compose_us=25533 read_submit_us=26788 read_complete_us=27592 transfer_wait_us=19211 tile_pixels=90160 uniform_pixels=74704 overview_pixels=0 fallback_pixels=0 resident_tiles=48 fallback_tiles=0 pushes=21 frame_reused=0 pass=1
[19:52:23] TINYDRAW_LIVE_PRESENT kind=pan zoom=100 x=0 y=533 compose_us=26663 read_submit_us=27910 read_complete_us=28716 transfer_wait_us=19089 tile_pixels=0 uniform_pixels=0 overview_pixels=0 fallback_pixels=0 resident_tiles=0 fallback_tiles=0 pushes=21 frame_reused=1 pass=1
[19:52:23] TINYDRAW_LIVE_PRESENT kind=pan zoom=100 x=0 y=519 compose_us=26823 read_submit_us=28072 read_complete_us=28875 transfer_wait_us=19927 tile_pixels=0 uniform_pixels=0 overview_pixels=0 fallback_pixels=0 resident_tiles=0 fallback_tiles=0 pushes=21 frame_reused=1 pass=1
[19:52:23] TINYDRAW_LIVE_PRESENT kind=pan zoom=100 x=130 y=349 compose_us=28096 read_submit_us=29348 read_complete_us=30151 transfer_wait_us=19651 tile_pixels=154192 uniform_pixels=10672 overview_pixels=0 fallback_pixels=0 resident_tiles=48 fallback_tiles=0 pushes=21 frame_reused=0 pass=1
[19:52:23] TINYDRAW_LIVE_FILL_DONE zoom=100 x=130 y=349 revision=2003
[19:52:24] TINYDRAW_LIVE_PRESENT kind=pan zoom=100 x=131 y=347 compose_us=26897 read_submit_us=27945 read_complete_us=28747 transfer_wait_us=19055 tile_pixels=0 uniform_pixels=0 overview_pixels=0 fallback_pixels=0 resident_tiles=0 fallback_tiles=0 pushes=21 frame_reused=1 pass=1
[19:52:24] TINYDRAW_LIVE_PRESENT kind=pan zoom=100 x=192 y=273 compose_us=28676 read_submit_us=29933 read_complete_us=30738 transfer_wait_us=19066 tile_pixels=164864 uniform_pixels=0 overview_pixels=0 fallback_pixels=0 resident_tiles=48 fallback_tiles=0 pushes=21 frame_reused=0 pass=1
[19:52:24] TINYDRAW_LIVE_FILL_DONE zoom=100 x=192 y=273 revision=2003
[19:52:24] TINYDRAW_LIVE_PRESENT kind=pan zoom=100 x=193 y=271 compose_us=26887 read_submit_us=27937 read_complete_us=28739 transfer_wait_us=19063 tile_pixels=0 uniform_pixels=0 overview_pixels=0 fallback_pixels=0 resident_tiles=0 fallback_tiles=0 pushes=21 frame_reused=1 pass=1
[19:52:24] TINYDRAW_LIVE_PRESENT kind=pan zoom=100 x=275 y=212 compose_us=28450 read_submit_us=29716 read_complete_us=30520 transfer_wait_us=19283 tile_pixels=164864 uniform_pixels=0 overview_pixels=0 fallback_pixels=0 resident_tiles=56 fallback_tiles=0 pushes=21 frame_reused=0 pass=1
[19:52:24] TINYDRAW_LIVE_FILL_DONE zoom=100 x=275 y=212 revision=2003
[19:52:24] TINYDRAW_LIVE_PRESENT kind=pan zoom=100 x=278 y=211 compose_us=26824 read_submit_us=27873 read_complete_us=28675 transfer_wait_us=19127 tile_pixels=0 uniform_pixels=0 overview_pixels=0 fallback_pixels=0 resident_tiles=0 fallback_tiles=0 pushes=21 frame_reused=1 pass=1
[19:52:24] TINYDRAW_LIVE_PRESENT kind=pan zoom=100 x=389 y=197 compose_us=27949 read_submit_us=29208 read_complete_us=30012 transfer_wait_us=19791 tile_pixels=164864 uniform_pixels=0 overview_pixels=0 fallback_pixels=0 resident_tiles=48 fallback_tiles=0 pushes=21 frame_reused=0 pass=1
[19:52:24] TINYDRAW_LIVE_FILL_DONE zoom=100 x=389 y=197 revision=2003
[19:52:29] TINYDRAW_LIVE_PRESENT kind=zoom zoom=400 x=0 y=0 compose_us=22156 read_submit_us=22936 read_complete_us=23741 transfer_wait_us=19064 tile_pixels=0 uniform_pixels=0 overview_pixels=0 fallback_pixels=164864 resident_tiles=0 fallback_tiles=42 pushes=21 frame_reused=0 pass=1
[19:52:30] TINYDRAW_LIVE_FILL_DONE zoom=400 x=0 y=0 revision=2003
[19:52:45] TINYDRAW_LIVE_PRESENT kind=pan zoom=400 x=0 y=2 compose_us=28733 read_submit_us=29786 read_complete_us=30588 transfer_wait_us=19214 tile_pixels=145280 uniform_pixels=18848 overview_pixels=0 fallback_pixels=736 resident_tiles=42 fallback_tiles=6 pushes=21 frame_reused=0 pass=1
[19:52:45] TINYDRAW_LIVE_PRESENT kind=pan zoom=400 x=5 y=40 compose_us=28413 read_submit_us=29665 read_complete_us=30469 transfer_wait_us=19334 tile_pixels=142848 uniform_pixels=7296 overview_pixels=0 fallback_pixels=14720 resident_tiles=42 fallback_tiles=6 pushes=21 frame_reused=0 pass=1
[19:52:46] TINYDRAW_LIVE_PRESENT kind=pan zoom=400 x=46 y=87 compose_us=29213 read_submit_us=30460 read_complete_us=31262 transfer_wait_us=19539 tile_pixels=122018 uniform_pixels=0 overview_pixels=0 fallback_pixels=42846 resident_tiles=36 fallback_tiles=20 pushes=21 frame_reused=0 pass=1
[19:52:46] TINYDRAW_LIVE_PRESENT kind=pan zoom=400 x=137 y=132 compose_us=26144 read_submit_us=27379 read_complete_us=28184 transfer_wait_us=19620 tile_pixels=78052 uniform_pixels=0 overview_pixels=0 fallback_pixels=86812 resident_tiles=20 fallback_tiles=28 pushes=21 frame_reused=0 pass=1
[19:52:46] TINYDRAW_LIVE_PRESENT kind=pan zoom=400 x=260 y=181 compose_us=24108 read_submit_us=25347 read_complete_us=26149 transfer_wait_us=19652 tile_pixels=33108 uniform_pixels=0 overview_pixels=0 fallback_pixels=131756 resident_tiles=10 fallback_tiles=38 pushes=21 frame_reused=0 pass=1
[19:52:46] TINYDRAW_LIVE_PRESENT kind=pan zoom=400 x=265 y=178 compose_us=24897 read_submit_us=25947 read_complete_us=26748 transfer_wait_us=19053 tile_pixels=48514 uniform_pixels=0 overview_pixels=0 fallback_pixels=116350 resident_tiles=14 fallback_tiles=34 pushes=21 frame_reused=0 pass=1
[19:52:46] TINYDRAW_LIVE_PRESENT kind=pan zoom=400 x=445 y=90 compose_us=23651 read_submit_us=24911 read_complete_us=25713 transfer_wait_us=19088 tile_pixels=8576 uniform_pixels=0 overview_pixels=0 fallback_pixels=156288 resident_tiles=4 fallback_tiles=52 pushes=21 frame_reused=0 pass=1
[19:52:46] TINYDRAW_LIVE_PRESENT kind=pan zoom=400 x=448 y=89 compose_us=23762 read_submit_us=24814 read_complete_us=25616 transfer_wait_us=19186 tile_pixels=24576 uniform_pixels=0 overview_pixels=0 fallback_pixels=140288 resident_tiles=6 fallback_tiles=42 pushes=21 frame_reused=0 pass=1
[19:52:46] TINYDRAW_LIVE_PRESENT kind=pan zoom=400 x=570 y=68 compose_us=23489 read_submit_us=24747 read_complete_us=25549 transfer_wait_us=19252 tile_pixels=8960 uniform_pixels=0 overview_pixels=0 fallback_pixels=155904 resident_tiles=4 fallback_tiles=52 pushes=21 frame_reused=0 pass=1
[19:52:47] TINYDRAW_LIVE_PRESENT kind=pan zoom=400 x=567 y=59 compose_us=24861 read_submit_us=25888 read_complete_us=26693 transfer_wait_us=19112 tile_pixels=42112 uniform_pixels=0 overview_pixels=0 fallback_pixels=122752 resident_tiles=12 fallback_tiles=44 pushes=21 frame_reused=0 pass=1
[19:52:47] TINYDRAW_LIVE_PRESENT kind=pan zoom=400 x=498 y=0 compose_us=24874 read_submit_us=26097 read_complete_us=26899 transfer_wait_us=19902 tile_pixels=46208 uniform_pixels=0 overview_pixels=0 fallback_pixels=118656 resident_tiles=13 fallback_tiles=36 pushes=21 frame_reused=0 pass=1
[19:52:48] TINYDRAW_LIVE_FILL_DONE zoom=400 x=498 y=0 revision=2003
[19:52:50] TINYDRAW_LIVE_PRESENT kind=pan zoom=400 x=497 y=0 compose_us=28271 read_submit_us=29318 read_complete_us=30121 transfer_wait_us=19682 tile_pixels=152576 uniform_pixels=12288 overview_pixels=0 fallback_pixels=0 resident_tiles=49 fallback_tiles=0 pushes=21 frame_reused=0 pass=1
[19:52:50] TINYDRAW_LIVE_PRESENT kind=pan zoom=400 x=444 y=34 compose_us=29743 read_submit_us=30998 read_complete_us=31795 transfer_wait_us=20001 tile_pixels=148104 uniform_pixels=5160 overview_pixels=0 fallback_pixels=11600 resident_tiles=45 fallback_tiles=11 pushes=21 frame_reused=0 pass=1
[19:52:50] TINYDRAW_LIVE_PRESENT kind=pan zoom=400 x=302 y=109 compose_us=28541 read_submit_us=29791 read_complete_us=30595 transfer_wait_us=19208 tile_pixels=115344 uniform_pixels=0 overview_pixels=0 fallback_pixels=49520 resident_tiles=39 fallback_tiles=17 pushes=21 frame_reused=0 pass=1
[19:52:50] TINYDRAW_LIVE_PRESENT kind=pan zoom=400 x=219 y=179 compose_us=27697 read_submit_us=28932 read_complete_us=29734 transfer_wait_us=19067 tile_pixels=94064 uniform_pixels=0 overview_pixels=0 fallback_pixels=70800 resident_tiles=33 fallback_tiles=23 pushes=21 frame_reused=0 pass=1
[19:52:51] TINYDRAW_LIVE_FILL_DONE zoom=400 x=219 y=179 revision=2003
[19:52:52] TINYDRAW_LIVE_PRESENT kind=pan zoom=400 x=217 y=180 compose_us=29880 read_submit_us=30923 read_complete_us=31727 transfer_wait_us=19077 tile_pixels=164864 uniform_pixels=0 overview_pixels=0 fallback_pixels=0 resident_tiles=56 fallback_tiles=0 pushes=21 frame_reused=0 pass=1
[19:52:52] TINYDRAW_LIVE_PRESENT kind=pan zoom=400 x=155 y=239 compose_us=29601 read_submit_us=30850 read_complete_us=31652 transfer_wait_us=19149 tile_pixels=140464 uniform_pixels=0 overview_pixels=0 fallback_pixels=24400 resident_tiles=46 fallback_tiles=10 pushes=21 frame_reused=0 pass=1
[19:52:52] TINYDRAW_LIVE_PRESENT kind=pan zoom=400 x=0 y=366 compose_us=25689 read_submit_us=26934 read_complete_us=27738 transfer_wait_us=19065 tile_pixels=63968 uniform_pixels=0 overview_pixels=0 fallback_pixels=100896 resident_tiles=21 fallback_tiles=27 pushes=21 frame_reused=0 pass=1
[19:52:53] TINYDRAW_LIVE_FILL_DONE zoom=400 x=0 y=366 revision=2003
[19:52:53] TINYDRAW_LIVE_PRESENT kind=pan zoom=400 x=0 y=379 compose_us=28943 read_submit_us=29998 read_complete_us=30794 transfer_wait_us=20002 tile_pixels=164864 uniform_pixels=0 overview_pixels=0 fallback_pixels=0 resident_tiles=48 fallback_tiles=0 pushes=21 frame_reused=0 pass=1
[19:52:53] TINYDRAW_LIVE_FILL_DONE zoom=400 x=0 y=379 revision=2003
[19:52:54] TINYDRAW_LIVE_PRESENT kind=pan zoom=400 x=0 y=383 compose_us=26308 read_submit_us=27364 read_complete_us=28166 transfer_wait_us=19636 tile_pixels=0 uniform_pixels=0 overview_pixels=0 fallback_pixels=0 resident_tiles=0 fallback_tiles=0 pushes=21 frame_reused=1 pass=1
[19:52:54] TINYDRAW_LIVE_PRESENT kind=pan zoom=400 x=0 y=487 compose_us=27511 read_submit_us=28768 read_complete_us=29572 transfer_wait_us=19231 tile_pixels=126960 uniform_pixels=0 overview_pixels=0 fallback_pixels=37904 resident_tiles=36 fallback_tiles=12 pushes=21 frame_reused=0 pass=1
[19:52:54] TINYDRAW_LIVE_PRESENT kind=pan zoom=400 x=2 y=487 compose_us=27965 read_submit_us=29023 read_complete_us=29821 transfer_wait_us=19977 tile_pixels=150512 uniform_pixels=0 overview_pixels=0 fallback_pixels=14352 resident_tiles=42 fallback_tiles=6 pushes=21 frame_reused=0 pass=1
[19:52:54] TINYDRAW_LIVE_PRESENT kind=pan zoom=400 x=213 y=503 compose_us=26957 read_submit_us=28216 read_complete_us=29019 transfer_wait_us=19783 tile_pixels=94192 uniform_pixels=0 overview_pixels=0 fallback_pixels=70672 resident_tiles=33 fallback_tiles=23 pushes=21 frame_reused=0 pass=1
[19:52:54] TINYDRAW_LIVE_PRESENT kind=pan zoom=400 x=214 y=504 compose_us=27747 read_submit_us=28796 read_complete_us=29597 transfer_wait_us=19204 tile_pixels=126336 uniform_pixels=0 overview_pixels=0 fallback_pixels=38528 resident_tiles=41 fallback_tiles=15 pushes=21 frame_reused=0 pass=1
[19:52:54] TINYDRAW_LIVE_PRESENT kind=pan zoom=400 x=308 y=549 compose_us=26354 read_submit_us=27608 read_complete_us=28410 transfer_wait_us=19391 tile_pixels=82436 uniform_pixels=0 overview_pixels=0 fallback_pixels=82428 resident_tiles=28 fallback_tiles=28 pushes=21 frame_reused=0 pass=1
[19:52:54] TINYDRAW_LIVE_PRESENT kind=pan zoom=400 x=416 y=608 compose_us=24745 read_submit_us=25986 read_complete_us=26789 transfer_wait_us=19022 tile_pixels=31744 uniform_pixels=0 overview_pixels=0 fallback_pixels=133120 resident_tiles=12 fallback_tiles=44 pushes=21 frame_reused=0 pass=1
[19:52:56] TINYDRAW_LIVE_PRESENT kind=pan zoom=400 x=420 y=607 compose_us=27875 read_submit_us=28926 read_complete_us=29728 transfer_wait_us=19074 tile_pixels=139356 uniform_pixels=4096 overview_pixels=0 fallback_pixels=21412 resident_tiles=42 fallback_tiles=14 pushes=21 frame_reused=0 pass=1
[19:52:56] TINYDRAW_LIVE_PRESENT kind=pan zoom=400 x=653 y=588 compose_us=25725 read_submit_us=26985 read_complete_us=27788 transfer_wait_us=19022 tile_pixels=49088 uniform_pixels=3264 overview_pixels=0 fallback_pixels=112512 resident_tiles=14 fallback_tiles=34 pushes=21 frame_reused=0 pass=1
[19:52:56] TINYDRAW_LIVE_PRESENT kind=pan zoom=400 x=655 y=587 compose_us=25986 read_submit_us=27042 read_complete_us=27844 transfer_wait_us=19958 tile_pixels=73024 uniform_pixels=3136 overview_pixels=0 fallback_pixels=88704 resident_tiles=20 fallback_tiles=28 pushes=21 frame_reused=0 pass=1
[19:52:56] TINYDRAW_LIVE_PRESENT kind=pan zoom=400 x=821 y=523 compose_us=24389 read_submit_us=25642 read_complete_us=26445 transfer_wait_us=19357 tile_pixels=19200 uniform_pixels=0 overview_pixels=0 fallback_pixels=145664 resident_tiles=8 fallback_tiles=48 pushes=21 frame_reused=0 pass=1
[19:52:56] TINYDRAW_LIVE_PRESENT kind=pan zoom=400 x=816 y=505 compose_us=25300 read_submit_us=26326 read_complete_us=27131 transfer_wait_us=19674 tile_pixels=49152 uniform_pixels=4096 overview_pixels=0 fallback_pixels=111616 resident_tiles=16 fallback_tiles=40 pushes=21 frame_reused=0 pass=1
[19:52:56] TINYDRAW_LIVE_PRESENT kind=pan zoom=400 x=771 y=299 compose_us=25095 read_submit_us=26317 read_complete_us=27119 transfer_wait_us=19682 tile_pixels=55249 uniform_pixels=2752 overview_pixels=0 fallback_pixels=106863 resident_tiles=18 fallback_tiles=30 pushes=21 frame_reused=0 pass=1
[19:52:57] TINYDRAW_LIVE_PRESENT kind=pan zoom=400 x=768 y=280 compose_us=26337 read_submit_us=27392 read_complete_us=28195 transfer_wait_us=19608 tile_pixels=85120 uniform_pixels=1536 overview_pixels=0 fallback_pixels=78208 resident_tiles=26 fallback_tiles=22 pushes=21 frame_reused=0 pass=1
[19:52:57] TINYDRAW_LIVE_PRESENT kind=pan zoom=400 x=764 y=60 compose_us=27050 read_submit_us=28309 read_complete_us=29112 transfer_wait_us=19690 tile_pixels=66832 uniform_pixels=256 overview_pixels=0 fallback_pixels=97776 resident_tiles=25 fallback_tiles=31 pushes=21 frame_reused=0 pass=1
[19:52:57] TINYDRAW_LIVE_PRESENT kind=pan zoom=400 x=759 y=46 compose_us=26851 read_submit_us=27902 read_complete_us=28704 transfer_wait_us=19098 tile_pixels=100770 uniform_pixels=1152 overview_pixels=0 fallback_pixels=62942 resident_tiles=33 fallback_tiles=23 pushes=21 frame_reused=0 pass=1
[19:52:57] TINYDRAW_LIVE_PRESENT kind=pan zoom=400 x=694 y=0 compose_us=27653 read_submit_us=28912 read_complete_us=29714 transfer_wait_us=19087 tile_pixels=126720 uniform_pixels=4736 overview_pixels=0 fallback_pixels=33408 resident_tiles=38 fallback_tiles=11 pushes=21 frame_reused=0 pass=1
[19:52:57] TINYDRAW_LIVE_PRESENT kind=pan zoom=400 x=687 y=0 compose_us=28848 read_submit_us=29900 read_complete_us=30702 transfer_wait_us=19100 tile_pixels=149760 uniform_pixels=5184 overview_pixels=0 fallback_pixels=9920 resident_tiles=44 fallback_tiles=5 pushes=21 frame_reused=0 pass=1
[19:52:57] TINYDRAW_LIVE_PRESENT kind=pan zoom=400 x=623 y=0 compose_us=28895 read_submit_us=30153 read_complete_us=30955 transfer_wait_us=19846 tile_pixels=155584 uniform_pixels=9280 overview_pixels=0 fallback_pixels=0 resident_tiles=49 fallback_tiles=0 pushes=21 frame_reused=0 pass=1
[19:52:57] TINYDRAW_LIVE_FILL_DONE zoom=400 x=623 y=0 revision=2003
[19:52:58] TINYDRAW_LIVE_PRESENT kind=pan zoom=400 x=619 y=0 compose_us=25168 read_submit_us=26227 read_complete_us=27029 transfer_wait_us=19773 tile_pixels=0 uniform_pixels=0 overview_pixels=0 fallback_pixels=0 resident_tiles=0 fallback_tiles=0 pushes=21 frame_reused=1 pass=1
[19:52:58] TINYDRAW_LIVE_PRESENT kind=pan zoom=400 x=522 y=0 compose_us=28471 read_submit_us=29741 read_complete_us=30544 transfer_wait_us=19258 tile_pixels=152576 uniform_pixels=12288 overview_pixels=0 fallback_pixels=0 resident_tiles=42 fallback_tiles=0 pushes=21 frame_reused=0 pass=1
[19:52:58] TINYDRAW_LIVE_PRESENT kind=pan zoom=400 x=339 y=0 compose_us=28479 read_submit_us=29742 read_complete_us=30544 transfer_wait_us=19257 tile_pixels=145600 uniform_pixels=11072 overview_pixels=0 fallback_pixels=8192 resident_tiles=47 fallback_tiles=2 pushes=21 frame_reused=0 pass=1
[19:52:58] TINYDRAW_LIVE_FILL_DONE zoom=400 x=339 y=0 revision=2003
[19:52:58] TINYDRAW_LIVE_PRESENT kind=pan zoom=400 x=337 y=0 compose_us=28841 read_submit_us=29888 read_complete_us=30691 transfer_wait_us=19112 tile_pixels=153664 uniform_pixels=11200 overview_pixels=0 fallback_pixels=0 resident_tiles=49 fallback_tiles=0 pushes=21 frame_reused=0 pass=1
[19:52:58] TINYDRAW_LIVE_PRESENT kind=pan zoom=400 x=252 y=0 compose_us=30127 read_submit_us=31377 read_complete_us=32180 transfer_wait_us=19622 tile_pixels=153600 uniform_pixels=11264 overview_pixels=0 fallback_pixels=0 resident_tiles=49 fallback_tiles=0 pushes=21 frame_reused=0 pass=1
[19:52:58] TINYDRAW_LIVE_PRESENT kind=pan zoom=400 x=112 y=0 compose_us=29549 read_submit_us=30798 read_complete_us=31601 transfer_wait_us=19201 tile_pixels=151552 uniform_pixels=13312 overview_pixels=0 fallback_pixels=0 resident_tiles=49 fallback_tiles=0 pushes=21 frame_reused=0 pass=1
[19:52:58] TINYDRAW_LIVE_FILL_DONE zoom=400 x=112 y=0 revision=2003
[19:52:59] TINYDRAW_LIVE_PRESENT kind=pan zoom=400 x=111 y=0 compose_us=24926 read_submit_us=25982 read_complete_us=26784 transfer_wait_us=19026 tile_pixels=0 uniform_pixels=0 overview_pixels=0 fallback_pixels=0 resident_tiles=0 fallback_tiles=0 pushes=21 frame_reused=1 pass=1
[19:52:59] TINYDRAW_LIVE_PRESENT kind=pan zoom=400 x=58 y=0 compose_us=29933 read_submit_us=31195 read_complete_us=32000 transfer_wait_us=19804 tile_pixels=148096 uniform_pixels=16768 overview_pixels=0 fallback_pixels=0 resident_tiles=49 fallback_tiles=0 pushes=21 frame_reused=0 pass=1
[19:52:59] TINYDRAW_LIVE_PRESENT kind=pan zoom=400 x=0 y=0 compose_us=29030 read_submit_us=30280 read_complete_us=31082 transfer_wait_us=19719 tile_pixels=145408 uniform_pixels=19456 overview_pixels=0 fallback_pixels=0 resident_tiles=42 fallback_tiles=0 pushes=21 frame_reused=0 pass=1
[19:52:59] TINYDRAW_LIVE_FILL_DONE zoom=400 x=0 y=0 revision=2003
[19:52:59] TINYDRAW_LIVE_PRESENT kind=pan zoom=400 x=0 y=10 compose_us=26733 read_submit_us=27759 read_complete_us=28562 transfer_wait_us=19241 tile_pixels=0 uniform_pixels=0 overview_pixels=0 fallback_pixels=0 resident_tiles=0 fallback_tiles=0 pushes=21 frame_reused=1 pass=1
[19:52:59] TINYDRAW_LIVE_PRESENT kind=pan zoom=400 x=36 y=159 compose_us=30235 read_submit_us=31496 read_complete_us=32299 transfer_wait_us=19503 tile_pixels=164864 uniform_pixels=0 overview_pixels=0 fallback_pixels=0 resident_tiles=56 fallback_tiles=0 pushes=21 frame_reused=0 pass=1
[19:52:59] TINYDRAW_LIVE_FILL_DONE zoom=400 x=36 y=159 revision=2003
[19:53:00] TINYDRAW_LIVE_PRESENT kind=pan zoom=400 x=41 y=165 compose_us=27314 read_submit_us=28363 read_complete_us=29166 transfer_wait_us=19637 tile_pixels=0 uniform_pixels=0 overview_pixels=0 fallback_pixels=0 resident_tiles=0 fallback_tiles=0 pushes=21 frame_reused=1 pass=1
[19:53:00] TINYDRAW_LIVE_PRESENT kind=pan zoom=400 x=174 y=286 compose_us=30773 read_submit_us=32029 read_complete_us=32832 transfer_wait_us=19970 tile_pixels=164864 uniform_pixels=0 overview_pixels=0 fallback_pixels=0 resident_tiles=56 fallback_tiles=0 pushes=21 frame_reused=0 pass=1
[19:53:00] TINYDRAW_LIVE_FILL_DONE zoom=400 x=174 y=286 revision=2003
[19:53:00] TINYDRAW_LIVE_PRESENT kind=pan zoom=400 x=174 y=288 compose_us=26192 read_submit_us=27249 read_complete_us=28051 transfer_wait_us=19751 tile_pixels=0 uniform_pixels=0 overview_pixels=0 fallback_pixels=0 resident_tiles=0 fallback_tiles=0 pushes=21 frame_reused=1 pass=1
[19:53:00] TINYDRAW_LIVE_PRESENT kind=pan zoom=400 x=155 y=365 compose_us=30563 read_submit_us=31818 read_complete_us=32621 transfer_wait_us=19181 tile_pixels=164864 uniform_pixels=0 overview_pixels=0 fallback_pixels=0 resident_tiles=56 fallback_tiles=0 pushes=21 frame_reused=0 pass=1
[19:53:00] TINYDRAW_LIVE_FILL_DONE zoom=400 x=155 y=365 revision=2003
[19:53:00] TINYDRAW_LIVE_PRESENT kind=pan zoom=400 x=150 y=366 compose_us=26988 read_submit_us=28041 read_complete_us=28844 transfer_wait_us=19959 tile_pixels=0 uniform_pixels=0 overview_pixels=0 fallback_pixels=0 resident_tiles=0 fallback_tiles=0 pushes=21 frame_reused=1 pass=1
[19:53:00] TINYDRAW_LIVE_PRESENT kind=pan zoom=400 x=36 y=426 compose_us=29166 read_submit_us=30422 read_complete_us=31225 transfer_wait_us=19577 tile_pixels=164864 uniform_pixels=0 overview_pixels=0 fallback_pixels=0 resident_tiles=56 fallback_tiles=0 pushes=21 frame_reused=0 pass=1
[19:53:01] TINYDRAW_LIVE_PRESENT kind=pan zoom=400 x=0 y=537 compose_us=27711 read_submit_us=28961 read_complete_us=29764 transfer_wait_us=19038 tile_pixels=132112 uniform_pixels=0 overview_pixels=0 fallback_pixels=32752 resident_tiles=36 fallback_tiles=12 pushes=21 frame_reused=0 pass=1
[19:53:01] TINYDRAW_LIVE_PRESENT kind=pan zoom=400 x=0 y=541 compose_us=28562 read_submit_us=29604 read_complete_us=30408 transfer_wait_us=19396 tile_pixels=154448 uniform_pixels=0 overview_pixels=0 fallback_pixels=10416 resident_tiles=44 fallback_tiles=4 pushes=21 frame_reused=0 pass=1
[19:53:01] TINYDRAW_LIVE_PRESENT kind=pan zoom=400 x=0 y=668 compose_us=26866 read_submit_us=28115 read_complete_us=28918 transfer_wait_us=19884 tile_pixels=116672 uniform_pixels=0 overview_pixels=0 fallback_pixels=48192 resident_tiles=32 fallback_tiles=16 pushes=21 frame_reused=0 pass=1
[19:53:01] TINYDRAW_LIVE_PRESENT kind=pan zoom=400 x=0 y=669 compose_us=27834 read_submit_us=28877 read_complete_us=29680 transfer_wait_us=19123 tile_pixels=142544 uniform_pixels=0 overview_pixels=0 fallback_pixels=22320 resident_tiles=40 fallback_tiles=8 pushes=21 frame_reused=0 pass=1
[19:53:01] TINYDRAW_LIVE_PRESENT kind=pan zoom=400 x=6 y=796 compose_us=26139 read_submit_us=27394 read_complete_us=28196 transfer_wait_us=19605 tile_pixels=100288 uniform_pixels=0 overview_pixels=0 fallback_pixels=64576 resident_tiles=28 fallback_tiles=20 pushes=21 frame_reused=0 pass=1
[19:53:01] TINYDRAW_LIVE_PRESENT kind=pan zoom=400 x=6 y=797 compose_us=26970 read_submit_us=28016 read_complete_us=28815 transfer_wait_us=19984 tile_pixels=130640 uniform_pixels=0 overview_pixels=0 fallback_pixels=34224 resident_tiles=36 fallback_tiles=12 pushes=21 frame_reused=0 pass=1
[19:53:01] TINYDRAW_LIVE_PRESENT kind=pan zoom=400 x=4 y=921 compose_us=25724 read_submit_us=26971 read_complete_us=27773 transfer_wait_us=19028 tile_pixels=85008 uniform_pixels=0 overview_pixels=0 fallback_pixels=79856 resident_tiles=24 fallback_tiles=24 pushes=21 frame_reused=0 pass=1
[19:53:02] TINYDRAW_LIVE_FILL_DONE zoom=400 x=4 y=921 revision=2003
[19:53:02] TINYDRAW_LIVE_PRESENT kind=pan zoom=400 x=3 y=923 compose_us=28399 read_submit_us=29440 read_complete_us=30244 transfer_wait_us=19560 tile_pixels=164864 uniform_pixels=0 overview_pixels=0 fallback_pixels=0 resident_tiles=48 fallback_tiles=0 pushes=21 frame_reused=0 pass=1
[19:53:02] TINYDRAW_LIVE_PRESENT kind=pan zoom=400 x=0 y=1053 compose_us=27872 read_submit_us=29127 read_complete_us=29929 transfer_wait_us=19872 tile_pixels=130640 uniform_pixels=0 overview_pixels=0 fallback_pixels=34224 resident_tiles=36 fallback_tiles=12 pushes=21 frame_reused=0 pass=1
[19:53:03] TINYDRAW_LIVE_PRESENT kind=pan zoom=400 x=0 y=1055 compose_us=28664 read_submit_us=29727 read_complete_us=30528 transfer_wait_us=19273 tile_pixels=154224 uniform_pixels=0 overview_pixels=0 fallback_pixels=10640 resident_tiles=44 fallback_tiles=4 pushes=21 frame_reused=0 pass=1
[19:53:03] TINYDRAW_LIVE_PRESENT kind=pan zoom=400 x=0 y=1189 compose_us=27193 read_submit_us=28447 read_complete_us=29249 transfer_wait_us=19552 tile_pixels=113360 uniform_pixels=0 overview_pixels=0 fallback_pixels=51504 resident_tiles=32 fallback_tiles=16 pushes=21 frame_reused=0 pass=1
[19:53:03] TINYDRAW_LIVE_PRESENT kind=pan zoom=400 x=1 y=1198 compose_us=27793 read_submit_us=28813 read_complete_us=29618 transfer_wait_us=19187 tile_pixels=138464 uniform_pixels=0 overview_pixels=0 fallback_pixels=26400 resident_tiles=40 fallback_tiles=8 pushes=21 frame_reused=0 pass=1
[19:53:03] TINYDRAW_LIVE_PRESENT kind=pan zoom=400 x=39 y=1352 compose_us=26244 read_submit_us=27467 read_complete_us=28269 transfer_wait_us=19532 tile_pixels=79864 uniform_pixels=0 overview_pixels=0 fallback_pixels=85000 resident_tiles=22 fallback_tiles=34 pushes=21 frame_reused=0 pass=1
[19:53:03] TINYDRAW_LIVE_PRESENT kind=pan zoom=400 x=40 y=1353 compose_us=26744 read_submit_us=27787 read_complete_us=28590 transfer_wait_us=19213 tile_pixels=95720 uniform_pixels=0 overview_pixels=0 fallback_pixels=69144 resident_tiles=26 fallback_tiles=30 pushes=21 frame_reused=0 pass=1
[19:53:03] TINYDRAW_LIVE_PRESENT kind=pan zoom=400 x=170 y=1425 compose_us=25607 read_submit_us=26853 read_complete_us=27655 transfer_wait_us=19146 tile_pixels=51146 uniform_pixels=0 overview_pixels=0 fallback_pixels=113718 resident_tiles=16 fallback_tiles=40 pushes=21 frame_reused=0 pass=1
[19:53:04] TINYDRAW_LIVE_PRESENT kind=pan zoom=400 x=172 y=1430 compose_us=27012 read_submit_us=28064 read_complete_us=28867 transfer_wait_us=19936 tile_pixels=78280 uniform_pixels=4096 overview_pixels=0 fallback_pixels=82488 resident_tiles=24 fallback_tiles=32 pushes=21 frame_reused=0 pass=1
[19:53:04] TINYDRAW_LIVE_PRESENT kind=pan zoom=400 x=356 y=1577 compose_us=24271 read_submit_us=25531 read_complete_us=26332 transfer_wait_us=19468 tile_pixels=15684 uniform_pixels=1472 overview_pixels=0 fallback_pixels=147708 resident_tiles=8 fallback_tiles=48 pushes=21 frame_reused=0 pass=1
[19:53:04] TINYDRAW_LIVE_PRESENT kind=pan zoom=400 x=362 y=1580 compose_us=25098 read_submit_us=26154 read_complete_us=26957 transfer_wait_us=19846 tile_pixels=30520 uniform_pixels=1280 overview_pixels=0 fallback_pixels=133064 resident_tiles=12 fallback_tiles=44 pushes=21 frame_reused=0 pass=1
[19:53:04] TINYDRAW_LIVE_PRESENT kind=pan zoom=400 x=364 y=1582 compose_us=26573 read_submit_us=27619 read_complete_us=28422 transfer_wait_us=19381 tile_pixels=62696 uniform_pixels=1152 overview_pixels=0 fallback_pixels=101016 resident_tiles=20 fallback_tiles=36 pushes=21 frame_reused=0 pass=1
[19:53:04] TINYDRAW_LIVE_PRESENT kind=pan zoom=400 x=367 y=1582 compose_us=27516 read_submit_us=28569 read_complete_us=29372 transfer_wait_us=19431 tile_pixels=100786 uniform_pixels=3136 overview_pixels=0 fallback_pixels=60942 resident_tiles=32 fallback_tiles=24 pushes=21 frame_reused=0 pass=1
[19:53:05] TINYDRAW_LIVE_PRESENT kind=pan zoom=400 x=603 y=1601 compose_us=25863 read_submit_us=27123 read_complete_us=27925 transfer_wait_us=19876 tile_pixels=38144 uniform_pixels=4096 overview_pixels=0 fallback_pixels=122624 resident_tiles=12 fallback_tiles=44 pushes=21 frame_reused=0 pass=1
[19:53:05] TINYDRAW_LIVE_PRESENT kind=pan zoom=400 x=611 y=1602 compose_us=26344 read_submit_us=27391 read_complete_us=28195 transfer_wait_us=19609 tile_pixels=68864 uniform_pixels=4096 overview_pixels=0 fallback_pixels=91904 resident_tiles=20 fallback_tiles=36 pushes=21 frame_reused=0 pass=1
[19:53:05] TINYDRAW_LIVE_PRESENT kind=pan zoom=400 x=613 y=1602 compose_us=27237 read_submit_us=28292 read_complete_us=29094 transfer_wait_us=19708 tile_pixels=95616 uniform_pixels=4096 overview_pixels=0 fallback_pixels=65152 resident_tiles=28 fallback_tiles=28 pushes=21 frame_reused=0 pass=1
[19:53:05] TINYDRAW_LIVE_PRESENT kind=pan zoom=400 x=868 y=1672 compose_us=25142 read_submit_us=26400 read_complete_us=27202 transfer_wait_us=19599 tile_pixels=26912 uniform_pixels=0 overview_pixels=0 fallback_pixels=137952 resident_tiles=10 fallback_tiles=46 pushes=21 frame_reused=0 pass=1
[19:53:06] TINYDRAW_LIVE_PRESENT kind=pan zoom=400 x=871 y=1673 compose_us=26439 read_submit_us=27484 read_complete_us=28288 transfer_wait_us=19516 tile_pixels=58527 uniform_pixels=0 overview_pixels=0 fallback_pixels=106337 resident_tiles=18 fallback_tiles=38 pushes=21 frame_reused=0 pass=1
[19:53:06] TINYDRAW_LIVE_PRESENT kind=pan zoom=400 x=871 y=1676 compose_us=27394 read_submit_us=28442 read_complete_us=29247 transfer_wait_us=19558 tile_pixels=100820 uniform_pixels=0 overview_pixels=0 fallback_pixels=64044 resident_tiles=30 fallback_tiles=26 pushes=21 frame_reused=0 pass=1
[19:53:06] TINYDRAW_LIVE_PRESENT kind=pan zoom=400 x=991 y=1781 compose_us=26172 read_submit_us=27425 read_complete_us=28228 transfer_wait_us=19574 tile_pixels=59008 uniform_pixels=0 overview_pixels=0 fallback_pixels=105856 resident_tiles=18 fallback_tiles=38 pushes=21 frame_reused=0 pass=1
[19:53:06] TINYDRAW_LIVE_PRESENT kind=pan zoom=400 x=990 y=1781 compose_us=27820 read_submit_us=28865 read_complete_us=29668 transfer_wait_us=19135 tile_pixels=92032 uniform_pixels=0 overview_pixels=0 fallback_pixels=72832 resident_tiles=26 fallback_tiles=30 pushes=21 frame_reused=0 pass=1
[19:53:06] TINYDRAW_LIVE_PRESENT kind=pan zoom=400 x=970 y=1797 compose_us=27041 read_submit_us=28288 read_complete_us=29090 transfer_wait_us=19711 tile_pixels=94194 uniform_pixels=0 overview_pixels=0 fallback_pixels=70670 resident_tiles=24 fallback_tiles=24 pushes=21 frame_reused=0 pass=1
[19:53:06] TINYDRAW_LIVE_PRESENT kind=pan zoom=400 x=800 y=1938 compose_us=25199 read_submit_us=26444 read_complete_us=27249 transfer_wait_us=19555 tile_pixels=42528 uniform_pixels=0 overview_pixels=0 fallback_pixels=122336 resident_tiles=16 fallback_tiles=40 pushes=21 frame_reused=0 pass=1
[19:53:07] TINYDRAW_LIVE_PRESENT kind=pan zoom=400 x=767 y=1978 compose_us=24431 read_submit_us=25677 read_complete_us=26479 transfer_wait_us=19322 tile_pixels=25690 uniform_pixels=0 overview_pixels=0 fallback_pixels=139174 resident_tiles=12 fallback_tiles=44 pushes=21 frame_reused=0 pass=1
[19:53:07] TINYDRAW_LIVE_PRESENT kind=pan zoom=400 x=765 y=1994 compose_us=24541 read_submit_us=25782 read_complete_us=26586 transfer_wait_us=19217 tile_pixels=19710 uniform_pixels=0 overview_pixels=0 fallback_pixels=145154 resident_tiles=6 fallback_tiles=50 pushes=21 frame_reused=0 pass=1
[19:53:07] TINYDRAW_LIVE_PRESENT kind=pan zoom=400 x=787 y=1962 compose_us=24671 read_submit_us=25906 read_complete_us=26708 transfer_wait_us=19093 tile_pixels=32032 uniform_pixels=0 overview_pixels=0 fallback_pixels=132832 resident_tiles=16 fallback_tiles=40 pushes=21 frame_reused=0 pass=1
[19:53:07] TINYDRAW_LIVE_PRESENT kind=pan zoom=400 x=910 y=1846 compose_us=27023 read_submit_us=28268 read_complete_us=29073 transfer_wait_us=19731 tile_pixels=90464 uniform_pixels=0 overview_pixels=0 fallback_pixels=74400 resident_tiles=28 fallback_tiles=20 pushes=21 frame_reused=0 pass=1
[19:53:07] TINYDRAW_LIVE_PRESENT kind=pan zoom=400 x=995 y=1775 compose_us=27044 read_submit_us=28283 read_complete_us=29085 transfer_wait_us=19716 tile_pixels=91520 uniform_pixels=0 overview_pixels=0 fallback_pixels=73344 resident_tiles=26 fallback_tiles=30 pushes=21 frame_reused=0 pass=1
[19:53:07] TINYDRAW_LIVE_PRESENT kind=pan zoom=400 x=1007 y=1764 compose_us=27596 read_submit_us=28839 read_complete_us=29643 transfer_wait_us=19160 tile_pixels=89856 uniform_pixels=0 overview_pixels=0 fallback_pixels=75008 resident_tiles=26 fallback_tiles=30 pushes=21 frame_reused=0 pass=1
[19:53:07] TINYDRAW_LIVE_PRESENT kind=pan zoom=400 x=971 y=1764 compose_us=27639 read_submit_us=28875 read_complete_us=29677 transfer_wait_us=19124 tile_pixels=99072 uniform_pixels=0 overview_pixels=0 fallback_pixels=65792 resident_tiles=26 fallback_tiles=22 pushes=21 frame_reused=0 pass=1
[19:53:07] TINYDRAW_LIVE_PRESENT kind=pan zoom=400 x=804 y=1834 compose_us=26356 read_submit_us=27601 read_complete_us=28405 transfer_wait_us=19398 tile_pixels=81312 uniform_pixels=0 overview_pixels=0 fallback_pixels=83552 resident_tiles=30 fallback_tiles=26 pushes=21 frame_reused=0 pass=1
[19:53:07] TINYDRAW_LIVE_PRESENT kind=pan zoom=400 x=744 y=2015 compose_us=24034 read_submit_us=25274 read_complete_us=26076 transfer_wait_us=19725 tile_pixels=11352 uniform_pixels=0 overview_pixels=0 fallback_pixels=153512 resident_tiles=6 fallback_tiles=50 pushes=21 frame_reused=0 pass=1
[19:53:07] TINYDRAW_LIVE_PRESENT kind=pan zoom=400 x=739 y=2045 compose_us=23550 read_submit_us=24789 read_complete_us=25594 transfer_wait_us=19210 tile_pixels=1017 uniform_pixels=0 overview_pixels=0 fallback_pixels=163847 resident_tiles=6 fallback_tiles=50 pushes=21 frame_reused=0 pass=1
[19:53:07] TINYDRAW_LIVE_PRESENT kind=pan zoom=400 x=738 y=2048 compose_us=24676 read_submit_us=25700 read_complete_us=26505 transfer_wait_us=19300 tile_pixels=32768 uniform_pixels=0 overview_pixels=0 fallback_pixels=132096 resident_tiles=8 fallback_tiles=41 pushes=21 frame_reused=0 pass=1
[19:53:07] TINYDRAW_LIVE_PRESENT kind=pan zoom=400 x=635 y=2191 compose_us=24801 read_submit_us=26022 read_complete_us=26820 transfer_wait_us=19977 tile_pixels=26555 uniform_pixels=0 overview_pixels=0 fallback_pixels=138309 resident_tiles=8 fallback_tiles=48 pushes=21 frame_reused=0 pass=1
[19:53:08] TINYDRAW_LIVE_PRESENT kind=pan zoom=400 x=559 y=2297 compose_us=23563 read_submit_us=24789 read_complete_us=25593 transfer_wait_us=19210 tile_pixels=1113 uniform_pixels=0 overview_pixels=0 fallback_pixels=163751 resident_tiles=3 fallback_tiles=53 pushes=21 frame_reused=0 pass=1
[19:53:08] TINYDRAW_LIVE_PRESENT kind=pan zoom=400 x=555 y=2299 compose_us=24272 read_submit_us=25318 read_complete_us=26122 transfer_wait_us=19682 tile_pixels=17159 uniform_pixels=0 overview_pixels=0 fallback_pixels=147705 resident_tiles=7 fallback_tiles=49 pushes=21 frame_reused=0 pass=1
[19:53:08] TINYDRAW_LIVE_PRESENT kind=pan zoom=400 x=437 y=2383 compose_us=24271 read_submit_us=25525 read_complete_us=26327 transfer_wait_us=19474 tile_pixels=16384 uniform_pixels=0 overview_pixels=0 fallback_pixels=148480 resident_tiles=4 fallback_tiles=52 pushes=21 frame_reused=0 pass=1
[19:53:08] TINYDRAW_LIVE_PRESENT kind=pan zoom=400 x=322 y=2537 compose_us=23385 read_submit_us=24635 read_complete_us=25440 transfer_wait_us=19364 tile_pixels=1150 uniform_pixels=0 overview_pixels=0 fallback_pixels=163714 resident_tiles=1 fallback_tiles=47 pushes=21 frame_reused=0 pass=1
[19:53:08] TINYDRAW_LIVE_PRESENT kind=pan zoom=400 x=316 y=2543 compose_us=23767 read_submit_us=24812 read_complete_us=25615 transfer_wait_us=19188 tile_pixels=17132 uniform_pixels=28116 overview_pixels=0 fallback_pixels=119616 resident_tiles=14 fallback_tiles=42 pushes=21 frame_reused=0 pass=1
[19:53:08] TINYDRAW_LIVE_PRESENT kind=pan zoom=400 x=178 y=2697 compose_us=23972 read_submit_us=25233 read_complete_us=26035 transfer_wait_us=19766 tile_pixels=15232 uniform_pixels=16640 overview_pixels=0 fallback_pixels=132992 resident_tiles=9 fallback_tiles=47 pushes=21 frame_reused=0 pass=1
[19:53:08] TINYDRAW_LIVE_PRESENT kind=pan zoom=400 x=172 y=2702 compose_us=23811 read_submit_us=24862 read_complete_us=25664 transfer_wait_us=19138 tile_pixels=26880 uniform_pixels=79136 overview_pixels=0 fallback_pixels=58848 resident_tiles=35 fallback_tiles=21 pushes=21 frame_reused=0 pass=1
[19:53:09] TINYDRAW_LIVE_PRESENT kind=pan zoom=400 x=89 y=2818 compose_us=23037 read_submit_us=24296 read_complete_us=25100 transfer_wait_us=19703 tile_pixels=12032 uniform_pixels=80128 overview_pixels=0 fallback_pixels=72704 resident_tiles=26 fallback_tiles=30 pushes=21 frame_reused=0 pass=1
[19:53:09] TINYDRAW_LIVE_PRESENT kind=pan zoom=400 x=87 y=2815 compose_us=23072 read_submit_us=24119 read_complete_us=24922 transfer_wait_us=19881 tile_pixels=36935 uniform_pixels=108048 overview_pixels=0 fallback_pixels=19881 resident_tiles=43 fallback_tiles=13 pushes=21 frame_reused=0 pass=1
[19:53:09] TINYDRAW_LIVE_PRESENT kind=pan zoom=400 x=31 y=2732 compose_us=24041 read_submit_us=25303 read_complete_us=26105 transfer_wait_us=19696 tile_pixels=38124 uniform_pixels=66772 overview_pixels=0 fallback_pixels=59968 resident_tiles=32 fallback_tiles=24 pushes=21 frame_reused=0 pass=1
[19:53:09] TINYDRAW_LIVE_PRESENT kind=pan zoom=400 x=0 y=2589 compose_us=24224 read_submit_us=25473 read_complete_us=26278 transfer_wait_us=19526 tile_pixels=33600 uniform_pixels=19440 overview_pixels=0 fallback_pixels=111824 resident_tiles=16 fallback_tiles=32 pushes=21 frame_reused=0 pass=1
[19:53:09] TINYDRAW_LIVE_PRESENT kind=pan zoom=400 x=0 y=2584 compose_us=24604 read_submit_us=25659 read_complete_us=26462 transfer_wait_us=19341 tile_pixels=49664 uniform_pixels=24192 overview_pixels=0 fallback_pixels=91008 resident_tiles=22 fallback_tiles=26 pushes=21 frame_reused=0 pass=1
[19:53:09] TINYDRAW_LIVE_PRESENT kind=pan zoom=400 x=0 y=2435 compose_us=24580 read_submit_us=25837 read_complete_us=26639 transfer_wait_us=19162 tile_pixels=32320 uniform_pixels=336 overview_pixels=0 fallback_pixels=132208 resident_tiles=13 fallback_tiles=35 pushes=21 frame_reused=0 pass=1
[19:53:09] TINYDRAW_LIVE_PRESENT kind=pan zoom=400 x=0 y=2273 compose_us=23587 read_submit_us=24835 read_complete_us=25640 transfer_wait_us=19164 tile_pixels=4224 uniform_pixels=0 overview_pixels=0 fallback_pixels=160640 resident_tiles=2 fallback_tiles=46 pushes=21 frame_reused=0 pass=1
[19:53:10] TINYDRAW_LIVE_PRESENT kind=pan zoom=400 x=0 y=2261 compose_us=24125 read_submit_us=25169 read_complete_us=25972 transfer_wait_us=19831 tile_pixels=19072 uniform_pixels=0 overview_pixels=0 fallback_pixels=145792 resident_tiles=6 fallback_tiles=42 pushes=21 frame_reused=0 pass=1
[19:53:10] TINYDRAW_LIVE_PRESENT kind=pan zoom=400 x=0 y=2013 compose_us=23585 read_submit_us=24828 read_complete_us=25630 transfer_wait_us=19171 tile_pixels=3712 uniform_pixels=0 overview_pixels=0 fallback_pixels=161152 resident_tiles=2 fallback_tiles=46 pushes=21 frame_reused=0 pass=1
[19:53:10] TINYDRAW_LIVE_PRESENT kind=pan zoom=400 x=0 y=1995 compose_us=24168 read_submit_us=25227 read_complete_us=26030 transfer_wait_us=19773 tile_pixels=17792 uniform_pixels=0 overview_pixels=0 fallback_pixels=147072 resident_tiles=6 fallback_tiles=42 pushes=21 frame_reused=0 pass=1
[19:53:10] TINYDRAW_LIVE_PRESENT kind=pan zoom=400 x=0 y=1843 compose_us=24013 read_submit_us=25277 read_complete_us=26080 transfer_wait_us=19722 tile_pixels=14720 uniform_pixels=0 overview_pixels=0 fallback_pixels=150144 resident_tiles=4 fallback_tiles=44 pushes=21 frame_reused=0 pass=1
[19:53:10] TINYDRAW_LIVE_PRESENT kind=pan zoom=400 x=0 y=1826 compose_us=24495 read_submit_us=25553 read_complete_us=26355 transfer_wait_us=19447 tile_pixels=28928 uniform_pixels=0 overview_pixels=0 fallback_pixels=135936 resident_tiles=8 fallback_tiles=40 pushes=21 frame_reused=0 pass=1
[19:53:10] TINYDRAW_LIVE_PRESENT kind=pan zoom=400 x=0 y=1578 compose_us=24867 read_submit_us=26131 read_complete_us=26934 transfer_wait_us=19868 tile_pixels=34976 uniform_pixels=0 overview_pixels=0 fallback_pixels=129888 resident_tiles=12 fallback_tiles=36 pushes=21 frame_reused=0 pass=1
[19:53:11] TINYDRAW_LIVE_PRESENT kind=pan zoom=400 x=0 y=1579 compose_us=25837 read_submit_us=26890 read_complete_us=27692 transfer_wait_us=19110 tile_pixels=67504 uniform_pixels=0 overview_pixels=0 fallback_pixels=97360 resident_tiles=20 fallback_tiles=28 pushes=21 frame_reused=0 pass=1
[19:53:11] TINYDRAW_LIVE_PRESENT kind=pan zoom=400 x=248 y=1683 compose_us=26295 read_submit_us=27560 read_complete_us=28362 transfer_wait_us=19439 tile_pixels=71496 uniform_pixels=0 overview_pixels=0 fallback_pixels=93368 resident_tiles=26 fallback_tiles=30 pushes=21 frame_reused=0 pass=1
[19:53:11] TINYDRAW_LIVE_PRESENT kind=pan zoom=400 x=251 y=1689 compose_us=27515 read_submit_us=28570 read_complete_us=29372 transfer_wait_us=19430 tile_pixels=85453 uniform_pixels=0 overview_pixels=0 fallback_pixels=79411 resident_tiles=30 fallback_tiles=26 pushes=21 frame_reused=0 pass=1
[19:53:11] TINYDRAW_LIVE_PRESENT kind=pan zoom=400 x=256 y=1700 compose_us=27144 read_submit_us=28197 read_complete_us=29000 transfer_wait_us=19803 tile_pixels=113728 uniform_pixels=0 overview_pixels=0 fallback_pixels=51136 resident_tiles=32 fallback_tiles=16 pushes=21 frame_reused=0 pass=1
[19:53:12] TINYDRAW_LIVE_PRESENT kind=pan zoom=400 x=260 y=1705 compose_us=28488 read_submit_us=29536 read_complete_us=30341 transfer_wait_us=19464 tile_pixels=152684 uniform_pixels=0 overview_pixels=0 fallback_pixels=12180 resident_tiles=44 fallback_tiles=4 pushes=21 frame_reused=0 pass=1
[19:53:12] TINYDRAW_LIVE_FILL_DONE zoom=400 x=260 y=1705 revision=2003
[19:53:24] TINYDRAW_LIVE_PRESENT kind=pan zoom=400 x=262 y=1705 compose_us=28807 read_submit_us=29844 read_complete_us=30648 transfer_wait_us=19156 tile_pixels=164864 uniform_pixels=0 overview_pixels=0 fallback_pixels=0 resident_tiles=48 fallback_tiles=0 pushes=21 frame_reused=0 pass=1
[19:53:24] TINYDRAW_LIVE_PRESENT kind=pan zoom=400 x=355 y=1708 compose_us=28789 read_submit_us=30047 read_complete_us=30849 transfer_wait_us=19952 tile_pixels=144060 uniform_pixels=1216 overview_pixels=0 fallback_pixels=19588 resident_tiles=48 fallback_tiles=8 pushes=21 frame_reused=0 pass=1
[19:53:24] TINYDRAW_LIVE_PRESENT kind=pan zoom=400 x=477 y=1678 compose_us=30039 read_submit_us=31291 read_complete_us=32096 transfer_wait_us=19708 tile_pixels=128394 uniform_pixels=4096 overview_pixels=0 fallback_pixels=32374 resident_tiles=44 fallback_tiles=12 pushes=21 frame_reused=0 pass=1
[19:53:24] TINYDRAW_LIVE_PRESENT kind=pan zoom=400 x=539 y=1624 compose_us=29340 read_submit_us=30591 read_complete_us=31393 transfer_wait_us=19408 tile_pixels=121848 uniform_pixels=4096 overview_pixels=0 fallback_pixels=38920 resident_tiles=38 fallback_tiles=18 pushes=21 frame_reused=0 pass=1
[19:53:25] TINYDRAW_LIVE_PRESENT kind=pan zoom=400 x=540 y=1625 compose_us=30459 read_submit_us=31510 read_complete_us=32309 transfer_wait_us=19490 tile_pixels=143172 uniform_pixels=4096 overview_pixels=0 fallback_pixels=17596 resident_tiles=44 fallback_tiles=12 pushes=21 frame_reused=0 pass=1
[19:53:25] TINYDRAW_LIVE_PRESENT kind=pan zoom=400 x=630 y=1651 compose_us=28268 read_submit_us=29528 read_complete_us=30329 transfer_wait_us=19471 tile_pixels=126334 uniform_pixels=4096 overview_pixels=0 fallback_pixels=34434 resident_tiles=41 fallback_tiles=15 pushes=21 frame_reused=0 pass=1
[19:53:25] TINYDRAW_LIVE_PRESENT kind=pan zoom=400 x=756 y=1653 compose_us=28059 read_submit_us=29313 read_complete_us=30118 transfer_wait_us=19686 tile_pixels=124292 uniform_pixels=768 overview_pixels=0 fallback_pixels=39804 resident_tiles=39 fallback_tiles=17 pushes=21 frame_reused=0 pass=1
[19:53:25] TINYDRAW_LIVE_PRESENT kind=pan zoom=400 x=759 y=1650 compose_us=28695 read_submit_us=29750 read_complete_us=30554 transfer_wait_us=19250 tile_pixels=147262 uniform_pixels=576 overview_pixels=0 fallback_pixels=17026 resident_tiles=45 fallback_tiles=11 pushes=21 frame_reused=0 pass=1
[19:53:25] TINYDRAW_LIVE_PRESENT kind=pan zoom=400 x=902 y=1554 compose_us=26853 read_submit_us=28123 read_complete_us=28926 transfer_wait_us=19876 tile_pixels=109280 uniform_pixels=0 overview_pixels=0 fallback_pixels=55584 resident_tiles=32 fallback_tiles=16 pushes=21 frame_reused=0 pass=1
[19:53:25] TINYDRAW_LIVE_PRESENT kind=pan zoom=400 x=1002 y=1497 compose_us=26680 read_submit_us=27918 read_complete_us=28720 transfer_wait_us=19081 tile_pixels=61734 uniform_pixels=0 overview_pixels=0 fallback_pixels=103130 resident_tiles=21 fallback_tiles=35 pushes=21 frame_reused=0 pass=1
[19:53:26] TINYDRAW_LIVE_PRESENT kind=pan zoom=400 x=1001 y=1490 compose_us=26817 read_submit_us=27875 read_complete_us=28676 transfer_wait_us=19125 tile_pixels=76446 uniform_pixels=1600 overview_pixels=0 fallback_pixels=86818 resident_tiles=26 fallback_tiles=30 pushes=21 frame_reused=0 pass=1
[19:53:26] TINYDRAW_LIVE_PRESENT kind=pan zoom=400 x=954 y=1380 compose_us=26045 read_submit_us=27305 read_complete_us=28107 transfer_wait_us=19694 tile_pixels=53464 uniform_pixels=0 overview_pixels=0 fallback_pixels=111400 resident_tiles=18 fallback_tiles=38 pushes=21 frame_reused=0 pass=1
[19:53:26] TINYDRAW_LIVE_PRESENT kind=pan zoom=400 x=842 y=1272 compose_us=24279 read_submit_us=25523 read_complete_us=26326 transfer_wait_us=19476 tile_pixels=20608 uniform_pixels=0 overview_pixels=0 fallback_pixels=144256 resident_tiles=6 fallback_tiles=42 pushes=21 frame_reused=0 pass=1
[19:53:26] TINYDRAW_LIVE_PRESENT kind=pan zoom=400 x=840 y=1268 compose_us=25343 read_submit_us=26388 read_complete_us=27191 transfer_wait_us=19612 tile_pixels=51904 uniform_pixels=0 overview_pixels=0 fallback_pixels=112960 resident_tiles=14 fallback_tiles=34 pushes=21 frame_reused=0 pass=1
[19:53:26] TINYDRAW_LIVE_PRESENT kind=pan zoom=400 x=809 y=1186 compose_us=25081 read_submit_us=26328 read_complete_us=27129 transfer_wait_us=19671 tile_pixels=32768 uniform_pixels=0 overview_pixels=0 fallback_pixels=132096 resident_tiles=8 fallback_tiles=48 pushes=21 frame_reused=0 pass=1
[19:53:26] TINYDRAW_LIVE_PRESENT kind=pan zoom=400 x=742 y=1074 compose_us=24650 read_submit_us=25890 read_complete_us=26694 transfer_wait_us=19109 tile_pixels=24396 uniform_pixels=0 overview_pixels=0 fallback_pixels=140468 resident_tiles=8 fallback_tiles=48 pushes=21 frame_reused=0 pass=1
[19:53:26] TINYDRAW_LIVE_PRESENT kind=pan zoom=400 x=737 y=1070 compose_us=25190 read_submit_us=26250 read_complete_us=27052 transfer_wait_us=19750 tile_pixels=39374 uniform_pixels=1984 overview_pixels=0 fallback_pixels=123506 resident_tiles=13 fallback_tiles=43 pushes=21 frame_reused=0 pass=1
[19:53:26] TINYDRAW_LIVE_PRESENT kind=pan zoom=400 x=655 y=988 compose_us=24238 read_submit_us=25496 read_complete_us=26298 transfer_wait_us=19503 tile_pixels=19812 uniform_pixels=4096 overview_pixels=0 fallback_pixels=140956 resident_tiles=7 fallback_tiles=41 pushes=21 frame_reused=0 pass=1
[19:53:26] TINYDRAW_LIVE_PRESENT kind=pan zoom=400 x=532 y=904 compose_us=23639 read_submit_us=24889 read_complete_us=25692 transfer_wait_us=19110 tile_pixels=288 uniform_pixels=512 overview_pixels=0 fallback_pixels=164064 resident_tiles=3 fallback_tiles=53 pushes=21 frame_reused=0 pass=1
[19:53:27] TINYDRAW_LIVE_PRESENT kind=pan zoom=400 x=526 y=902 compose_us=24182 read_submit_us=25234 read_complete_us=26036 transfer_wait_us=19766 tile_pixels=16384 uniform_pixels=384 overview_pixels=0 fallback_pixels=148096 resident_tiles=5 fallback_tiles=43 pushes=21 frame_reused=0 pass=1
[19:53:27] TINYDRAW_LIVE_PRESENT kind=pan zoom=400 x=444 y=761 compose_us=25126 read_submit_us=26386 read_complete_us=27188 transfer_wait_us=19613 tile_pixels=26012 uniform_pixels=448 overview_pixels=0 fallback_pixels=138404 resident_tiles=12 fallback_tiles=44 pushes=21 frame_reused=0 pass=1
[19:53:27] TINYDRAW_LIVE_PRESENT kind=pan zoom=400 x=408 y=608 compose_us=25662 read_submit_us=26909 read_complete_us=27712 transfer_wait_us=19090 tile_pixels=44288 uniform_pixels=4096 overview_pixels=0 fallback_pixels=116480 resident_tiles=16 fallback_tiles=40 pushes=21 frame_reused=0 pass=1
[19:53:27] TINYDRAW_LIVE_PRESENT kind=pan zoom=400 x=407 y=602 compose_us=26120 read_submit_us=27175 read_complete_us=27976 transfer_wait_us=19825 tile_pixels=57110 uniform_pixels=4096 overview_pixels=0 fallback_pixels=103658 resident_tiles=19 fallback_tiles=37 pushes=21 frame_reused=0 pass=1
[19:53:27] TINYDRAW_LIVE_PRESENT kind=pan zoom=400 x=434 y=469 compose_us=26188 read_submit_us=27446 read_complete_us=28248 transfer_wait_us=19553 tile_pixels=55130 uniform_pixels=4096 overview_pixels=0 fallback_pixels=105638 resident_tiles=20 fallback_tiles=36 pushes=21 frame_reused=0 pass=1
[19:53:27] TINYDRAW_LIVE_PRESENT kind=pan zoom=400 x=583 y=331 compose_us=23348 read_submit_us=24604 read_complete_us=25407 transfer_wait_us=19395 tile_pixels=627 uniform_pixels=4096 overview_pixels=0 fallback_pixels=160141 resident_tiles=2 fallback_tiles=46 pushes=21 frame_reused=0 pass=1
[19:53:27] TINYDRAW_LIVE_PRESENT kind=pan zoom=400 x=591 y=325 compose_us=24011 read_submit_us=25065 read_complete_us=25866 transfer_wait_us=19935 tile_pixels=16629 uniform_pixels=4096 overview_pixels=0 fallback_pixels=144139 resident_tiles=6 fallback_tiles=42 pushes=21 frame_reused=0 pass=1
[19:53:27] TINYDRAW_LIVE_PRESENT kind=pan zoom=400 x=756 y=243 compose_us=23751 read_submit_us=25009 read_complete_us=25807 transfer_wait_us=19990 tile_pixels=1536 uniform_pixels=0 overview_pixels=0 fallback_pixels=163328 resident_tiles=2 fallback_tiles=54 pushes=21 frame_reused=0 pass=1
[19:53:28] TINYDRAW_LIVE_PRESENT kind=pan zoom=400 x=753 y=248 compose_us=24382 read_submit_us=25437 read_complete_us=26239 transfer_wait_us=19563 tile_pixels=18304 uniform_pixels=0 overview_pixels=0 fallback_pixels=146560 resident_tiles=6 fallback_tiles=50 pushes=21 frame_reused=0 pass=1
[19:53:28] TINYDRAW_LIVE_PRESENT kind=pan zoom=400 x=737 y=327 compose_us=24676 read_submit_us=25932 read_complete_us=26734 transfer_wait_us=19067 tile_pixels=20352 uniform_pixels=4096 overview_pixels=0 fallback_pixels=140416 resident_tiles=7 fallback_tiles=49 pushes=21 frame_reused=0 pass=1
[19:53:28] TINYDRAW_LIVE_PRESENT kind=pan zoom=400 x=787 y=407 compose_us=24191 read_submit_us=25444 read_complete_us=26247 transfer_wait_us=19555 tile_pixels=13440 uniform_pixels=4096 overview_pixels=0 fallback_pixels=147328 resident_tiles=5 fallback_tiles=51 pushes=21 frame_reused=0 pass=1
[19:53:28] TINYDRAW_LIVE_PRESENT kind=pan zoom=400 x=846 y=404 compose_us=24174 read_submit_us=25432 read_complete_us=26234 transfer_wait_us=19567 tile_pixels=13824 uniform_pixels=4096 overview_pixels=0 fallback_pixels=146944 resident_tiles=5 fallback_tiles=43 pushes=21 frame_reused=0 pass=1
[19:53:28] TINYDRAW_LIVE_PRESENT kind=pan zoom=400 x=901 y=274 compose_us=24215 read_submit_us=25468 read_complete_us=26271 transfer_wait_us=19531 tile_pixels=15744 uniform_pixels=1152 overview_pixels=0 fallback_pixels=147968 resident_tiles=5 fallback_tiles=43 pushes=21 frame_reused=0 pass=1
[19:53:28] TINYDRAW_LIVE_PRESENT kind=pan zoom=400 x=920 y=177 compose_us=24448 read_submit_us=25707 read_complete_us=26509 transfer_wait_us=19292 tile_pixels=13312 uniform_pixels=0 overview_pixels=0 fallback_pixels=151552 resident_tiles=4 fallback_tiles=52 pushes=21 frame_reused=0 pass=1
[19:53:28] TINYDRAW_LIVE_PRESENT kind=pan zoom=400 x=881 y=167 compose_us=24390 read_submit_us=25641 read_complete_us=26444 transfer_wait_us=19358 tile_pixels=16384 uniform_pixels=0 overview_pixels=0 fallback_pixels=148480 resident_tiles=4 fallback_tiles=52 pushes=21 frame_reused=0 pass=1
[19:53:28] TINYDRAW_LIVE_PRESENT kind=pan zoom=400 x=697 y=289 compose_us=25097 read_submit_us=26350 read_complete_us=27152 transfer_wait_us=19649 tile_pixels=25472 uniform_pixels=1584 overview_pixels=0 fallback_pixels=137808 resident_tiles=10 fallback_tiles=46 pushes=21 frame_reused=0 pass=1
[19:53:28] TINYDRAW_LIVE_PRESENT kind=pan zoom=400 x=664 y=378 compose_us=25288 read_submit_us=26546 read_complete_us=27349 transfer_wait_us=19453 tile_pixels=29696 uniform_pixels=3072 overview_pixels=0 fallback_pixels=132096 resident_tiles=10 fallback_tiles=46 pushes=21 frame_reused=0 pass=1
[19:53:29] TINYDRAW_LIVE_PRESENT kind=pan zoom=400 x=680 y=398 compose_us=24986 read_submit_us=26247 read_complete_us=27049 transfer_wait_us=19752 tile_pixels=25856 uniform_pixels=3072 overview_pixels=0 fallback_pixels=135936 resident_tiles=10 fallback_tiles=46 pushes=21 frame_reused=0 pass=1
[19:53:29] TINYDRAW_LIVE_PRESENT kind=pan zoom=400 x=779 y=407 compose_us=24115 read_submit_us=25368 read_complete_us=26171 transfer_wait_us=19631 tile_pixels=13440 uniform_pixels=4096 overview_pixels=0 fallback_pixels=147328 resident_tiles=5 fallback_tiles=43 pushes=21 frame_reused=0 pass=1
[19:53:29] TINYDRAW_LIVE_PRESENT kind=pan zoom=400 x=889 y=357 compose_us=24398 read_submit_us=25659 read_complete_us=26461 transfer_wait_us=19340 tile_pixels=16384 uniform_pixels=4096 overview_pixels=0 fallback_pixels=144384 resident_tiles=5 fallback_tiles=51 pushes=21 frame_reused=0 pass=1
[19:53:29] TINYDRAW_LIVE_PRESENT kind=pan zoom=400 x=907 y=288 compose_us=24367 read_submit_us=25622 read_complete_us=26425 transfer_wait_us=19377 tile_pixels=14976 uniform_pixels=2048 overview_pixels=0 fallback_pixels=147840 resident_tiles=5 fallback_tiles=43 pushes=21 frame_reused=0 pass=1
[19:53:29] TINYDRAW_LIVE_PRESENT kind=pan zoom=400 x=813 y=222 compose_us=24767 read_submit_us=26027 read_complete_us=26829 transfer_wait_us=19972 tile_pixels=16384 uniform_pixels=0 overview_pixels=0 fallback_pixels=148480 resident_tiles=4 fallback_tiles=52 pushes=21 frame_reused=0 pass=1
[19:53:29] TINYDRAW_LIVE_PRESENT kind=pan zoom=400 x=684 y=262 compose_us=25456 read_submit_us=26705 read_complete_us=27509 transfer_wait_us=19294 tile_pixels=27136 uniform_pixels=288 overview_pixels=0 fallback_pixels=137440 resident_tiles=10 fallback_tiles=46 pushes=21 frame_reused=0 pass=1
[19:53:29] TINYDRAW_LIVE_PRESENT kind=pan zoom=400 x=672 y=343 compose_us=25110 read_submit_us=26367 read_complete_us=27169 transfer_wait_us=19632 tile_pixels=28672 uniform_pixels=3072 overview_pixels=0 fallback_pixels=133120 resident_tiles=10 fallback_tiles=46 pushes=21 frame_reused=0 pass=1
[19:53:29] TINYDRAW_LIVE_PRESENT kind=pan zoom=400 x=778 y=418 compose_us=23949 read_submit_us=25203 read_complete_us=26006 transfer_wait_us=19796 tile_pixels=12032 uniform_pixels=4096 overview_pixels=0 fallback_pixels=148736 resident_tiles=5 fallback_tiles=43 pushes=21 frame_reused=0 pass=1
[19:53:29] TINYDRAW_LIVE_PRESENT kind=pan zoom=400 x=871 y=428 compose_us=23973 read_submit_us=25236 read_complete_us=26038 transfer_wait_us=19763 tile_pixels=10752 uniform_pixels=4096 overview_pixels=0 fallback_pixels=150016 resident_tiles=5 fallback_tiles=51 pushes=21 frame_reused=0 pass=1
[19:53:29] TINYDRAW_LIVE_PRESENT kind=pan zoom=400 x=871 y=429 compose_us=25338 read_submit_us=26396 read_complete_us=27198 transfer_wait_us=19604 tile_pixels=39296 uniform_pixels=4096 overview_pixels=0 fallback_pixels=121472 resident_tiles=12 fallback_tiles=44 pushes=21 frame_reused=0 pass=1
[19:53:29] TINYDRAW_LIVE_PRESENT kind=pan zoom=400 x=922 y=478 compose_us=25228 read_submit_us=26488 read_complete_us=27291 transfer_wait_us=19511 tile_pixels=32140 uniform_pixels=4096 overview_pixels=0 fallback_pixels=128628 resident_tiles=10 fallback_tiles=46 pushes=21 frame_reused=0 pass=1
[19:53:29] TINYDRAW_LIVE_PRESENT kind=pan zoom=400 x=1111 y=600 compose_us=25063 read_submit_us=26309 read_complete_us=27111 transfer_wait_us=19690 tile_pixels=6888 uniform_pixels=0 overview_pixels=0 fallback_pixels=157976 resident_tiles=3 fallback_tiles=53 pushes=21 frame_reused=0 pass=1
[19:53:30] TINYDRAW_LIVE_PRESENT kind=pan zoom=400 x=1120 y=613 compose_us=26089 read_submit_us=27118 read_complete_us=27922 transfer_wait_us=19882 tile_pixels=37728 uniform_pixels=0 overview_pixels=0 fallback_pixels=127136 resident_tiles=11 fallback_tiles=45 pushes=21 frame_reused=0 pass=1
[19:53:30] TINYDRAW_LIVE_PRESENT kind=pan zoom=400 x=1264 y=728 compose_us=26087 read_submit_us=27308 read_complete_us=28110 transfer_wait_us=19691 tile_pixels=18432 uniform_pixels=0 overview_pixels=0 fallback_pixels=146432 resident_tiles=6 fallback_tiles=50 pushes=21 frame_reused=0 pass=1
[19:53:30] TINYDRAW_LIVE_PRESENT kind=pan zoom=400 x=1270 y=733 compose_us=26459 read_submit_us=27515 read_complete_us=28314 transfer_wait_us=19485 tile_pixels=34048 uniform_pixels=0 overview_pixels=0 fallback_pixels=130816 resident_tiles=10 fallback_tiles=46 pushes=21 frame_reused=0 pass=1
[19:53:30] TINYDRAW_LIVE_PRESENT kind=pan zoom=400 x=1445 y=830 compose_us=26032 read_submit_us=27293 read_complete_us=28095 transfer_wait_us=19706 tile_pixels=11648 uniform_pixels=0 overview_pixels=0 fallback_pixels=153216 resident_tiles=4 fallback_tiles=52 pushes=21 frame_reused=0 pass=1
[19:53:30] TINYDRAW_LIVE_PRESENT kind=pan zoom=400 x=1446 y=831 compose_us=26374 read_submit_us=27428 read_complete_us=28230 transfer_wait_us=19572 tile_pixels=27904 uniform_pixels=0 overview_pixels=0 fallback_pixels=136960 resident_tiles=8 fallback_tiles=48 pushes=21 frame_reused=0 pass=1
[19:53:30] TINYDRAW_LIVE_PRESENT kind=pan zoom=400 x=1593 y=925 compose_us=26027 read_submit_us=27287 read_complete_us=28090 transfer_wait_us=19712 tile_pixels=9088 uniform_pixels=0 overview_pixels=0 fallback_pixels=155776 resident_tiles=4 fallback_tiles=52 pushes=21 frame_reused=0 pass=1
[19:53:31] TINYDRAW_LIVE_PRESENT kind=pan zoom=400 x=1602 y=928 compose_us=26475 read_submit_us=27540 read_complete_us=28343 transfer_wait_us=19460 tile_pixels=40704 uniform_pixels=0 overview_pixels=0 fallback_pixels=124160 resident_tiles=10 fallback_tiles=38 pushes=21 frame_reused=0 pass=1
[19:53:31] TINYDRAW_LIVE_PRESENT kind=pan zoom=400 x=1603 y=921 compose_us=26977 read_submit_us=28036 read_complete_us=28838 transfer_wait_us=19964 tile_pixels=73344 uniform_pixels=0 overview_pixels=0 fallback_pixels=91520 resident_tiles=18 fallback_tiles=30 pushes=21 frame_reused=0 pass=1
[19:53:32] TINYDRAW_LIVE_FILL_DONE zoom=400 x=1603 y=921 revision=2003
[19:53:33] TINYDRAW_LIVE_PRESENT kind=pan zoom=400 x=1602 y=919 compose_us=28559 read_submit_us=29604 read_complete_us=30408 transfer_wait_us=19396 tile_pixels=164864 uniform_pixels=0 overview_pixels=0 fallback_pixels=0 resident_tiles=48 fallback_tiles=0 pushes=21 frame_reused=0 pass=1
[19:53:33] TINYDRAW_LIVE_PRESENT kind=pan zoom=400 x=1702 y=688 compose_us=27246 read_submit_us=28508 read_complete_us=29305 transfer_wait_us=19491 tile_pixels=67680 uniform_pixels=0 overview_pixels=0 fallback_pixels=97184 resident_tiles=20 fallback_tiles=36 pushes=21 frame_reused=0 pass=1
[19:53:33] TINYDRAW_LIVE_PRESENT kind=pan zoom=400 x=1703 y=669 compose_us=27712 read_submit_us=28751 read_complete_us=29554 transfer_wait_us=19249 tile_pixels=86677 uniform_pixels=0 overview_pixels=0 fallback_pixels=78187 resident_tiles=26 fallback_tiles=30 pushes=21 frame_reused=0 pass=1
[19:53:33] TINYDRAW_LIVE_PRESENT kind=pan zoom=400 x=1757 y=433 compose_us=26186 read_submit_us=27436 read_complete_us=28238 transfer_wait_us=19563 tile_pixels=14464 uniform_pixels=0 overview_pixels=0 fallback_pixels=150400 resident_tiles=4 fallback_tiles=52 pushes=21 frame_reused=0 pass=1
[19:53:34] TINYDRAW_LIVE_PRESENT kind=pan zoom=400 x=1767 y=425 compose_us=26637 read_submit_us=27702 read_complete_us=28505 transfer_wait_us=19298 tile_pixels=42112 uniform_pixels=4096 overview_pixels=0 fallback_pixels=118656 resident_tiles=12 fallback_tiles=44 pushes=21 frame_reused=0 pass=1
[19:53:34] TINYDRAW_LIVE_PRESENT kind=pan zoom=400 x=1767 y=416 compose_us=27242 read_submit_us=28296 read_complete_us=29099 transfer_wait_us=19704 tile_pixels=73728 uniform_pixels=4096 overview_pixels=0 fallback_pixels=87040 resident_tiles=20 fallback_tiles=36 pushes=21 frame_reused=0 pass=1
[19:53:34] TINYDRAW_LIVE_PRESENT kind=pan zoom=400 x=1841 y=156 compose_us=25909 read_submit_us=27177 read_complete_us=27980 transfer_wait_us=19822 tile_pixels=14948 uniform_pixels=4096 overview_pixels=0 fallback_pixels=145820 resident_tiles=8 fallback_tiles=48 pushes=21 frame_reused=0 pass=1
[19:53:34] TINYDRAW_LIVE_PRESENT kind=pan zoom=400 x=1843 y=155 compose_us=26582 read_submit_us=27642 read_complete_us=28444 transfer_wait_us=19358 tile_pixels=43231 uniform_pixels=8192 overview_pixels=0 fallback_pixels=113441 resident_tiles=16 fallback_tiles=40 pushes=21 frame_reused=0 pass=1
[19:53:35] TINYDRAW_LIVE_PRESENT kind=pan zoom=400 x=2017 y=133 compose_us=25792 read_submit_us=27055 read_complete_us=27858 transfer_wait_us=19944 tile_pixels=6107 uniform_pixels=3968 overview_pixels=0 fallback_pixels=154789 resident_tiles=6 fallback_tiles=50 pushes=21 frame_reused=0 pass=1
[19:53:35] TINYDRAW_LIVE_PRESENT kind=pan zoom=400 x=2019 y=140 compose_us=26272 read_submit_us=27329 read_complete_us=28131 transfer_wait_us=19671 tile_pixels=38684 uniform_pixels=3712 overview_pixels=0 fallback_pixels=122468 resident_tiles=14 fallback_tiles=42 pushes=21 frame_reused=0 pass=1
[19:53:35] TINYDRAW_LIVE_PRESENT kind=pan zoom=400 x=2156 y=278 compose_us=26135 read_submit_us=27392 read_complete_us=28194 transfer_wait_us=19607 tile_pixels=15688 uniform_pixels=0 overview_pixels=0 fallback_pixels=149176 resident_tiles=6 fallback_tiles=50 pushes=21 frame_reused=0 pass=1
[19:53:35] TINYDRAW_LIVE_PRESENT kind=pan zoom=400 x=2164 y=280 compose_us=26650 read_submit_us=27679 read_complete_us=28484 transfer_wait_us=19321 tile_pixels=43232 uniform_pixels=4096 overview_pixels=0 fallback_pixels=117536 resident_tiles=14 fallback_tiles=42 pushes=21 frame_reused=0 pass=1
[19:53:36] TINYDRAW_LIVE_PRESENT kind=pan zoom=400 x=2166 y=277 compose_us=27016 read_submit_us=28072 read_complete_us=28874 transfer_wait_us=19928 tile_pixels=72110 uniform_pixels=8192 overview_pixels=0 fallback_pixels=84562 resident_tiles=22 fallback_tiles=34 pushes=21 frame_reused=0 pass=1
[19:53:36] TINYDRAW_LIVE_PRESENT kind=pan zoom=400 x=2170 y=281 compose_us=27525 read_submit_us=28592 read_complete_us=29393 transfer_wait_us=19408 tile_pixels=91498 uniform_pixels=14976 overview_pixels=0 fallback_pixels=58390 resident_tiles=30 fallback_tiles=26 pushes=21 frame_reused=0 pass=1
[19:53:36] TINYDRAW_LIVE_PRESENT kind=pan zoom=400 x=2324 y=422 compose_us=26329 read_submit_us=27592 read_complete_us=28395 transfer_wait_us=19407 tile_pixels=44024 uniform_pixels=7424 overview_pixels=0 fallback_pixels=113416 resident_tiles=16 fallback_tiles=40 pushes=21 frame_reused=0 pass=1
[19:53:36] TINYDRAW_LIVE_PRESENT kind=pan zoom=400 x=2326 y=424 compose_us=26691 read_submit_us=27717 read_complete_us=28522 transfer_wait_us=19283 tile_pixels=67952 uniform_pixels=15360 overview_pixels=0 fallback_pixels=81552 resident_tiles=24 fallback_tiles=32 pushes=21 frame_reused=0 pass=1
[19:53:36] TINYDRAW_LIVE_PRESENT kind=pan zoom=400 x=2449 y=521 compose_us=26267 read_submit_us=27491 read_complete_us=28293 transfer_wait_us=19508 tile_pixels=35609 uniform_pixels=8192 overview_pixels=0 fallback_pixels=121063 resident_tiles=12 fallback_tiles=44 pushes=21 frame_reused=0 pass=1
[19:53:36] TINYDRAW_LIVE_PRESENT kind=pan zoom=400 x=2457 y=525 compose_us=26904 read_submit_us=27927 read_complete_us=28731 transfer_wait_us=19073 tile_pixels=61893 uniform_pixels=12288 overview_pixels=0 fallback_pixels=90683 resident_tiles=20 fallback_tiles=36 pushes=21 frame_reused=0 pass=1
[19:53:37] TINYDRAW_LIVE_PRESENT kind=pan zoom=400 x=2458 y=521 compose_us=27680 read_submit_us=28733 read_complete_us=29535 transfer_wait_us=19267 tile_pixels=87402 uniform_pixels=16384 overview_pixels=0 fallback_pixels=61078 resident_tiles=28 fallback_tiles=28 pushes=21 frame_reused=0 pass=1
[19:53:37] TINYDRAW_LIVE_PRESENT kind=pan zoom=400 x=2501 y=381 compose_us=26440 read_submit_us=27698 read_complete_us=28500 transfer_wait_us=19301 tile_pixels=62991 uniform_pixels=11648 overview_pixels=0 fallback_pixels=90225 resident_tiles=19 fallback_tiles=29 pushes=21 frame_reused=0 pass=1
[19:53:37] TINYDRAW_LIVE_PRESENT kind=pan zoom=400 x=2624 y=217 compose_us=25369 read_submit_us=26618 read_complete_us=27421 transfer_wait_us=19381 tile_pixels=4800 uniform_pixels=0 overview_pixels=0 fallback_pixels=160064 resident_tiles=3 fallback_tiles=45 pushes=21 frame_reused=0 pass=1
[19:53:37] TINYDRAW_LIVE_PRESENT kind=pan zoom=400 x=2625 y=215 compose_us=25604 read_submit_us=26663 read_complete_us=27464 transfer_wait_us=19337 tile_pixels=16681 uniform_pixels=4096 overview_pixels=0 fallback_pixels=144087 resident_tiles=7 fallback_tiles=41 pushes=21 frame_reused=0 pass=1
[19:53:37] TINYDRAW_LIVE_PRESENT kind=pan zoom=400 x=2652 y=108 compose_us=26025 read_submit_us=27289 read_complete_us=28091 transfer_wait_us=19710 tile_pixels=12288 uniform_pixels=4096 overview_pixels=0 fallback_pixels=148480 resident_tiles=4 fallback_tiles=52 pushes=21 frame_reused=0 pass=1
[19:53:37] TINYDRAW_LIVE_PRESENT kind=pan zoom=400 x=2656 y=100 compose_us=26413 read_submit_us=27468 read_complete_us=28269 transfer_wait_us=19532 tile_pixels=45056 uniform_pixels=4096 overview_pixels=0 fallback_pixels=115712 resident_tiles=12 fallback_tiles=44 pushes=21 frame_reused=0 pass=1
[19:53:38] TINYDRAW_LIVE_PRESENT kind=pan zoom=400 x=2738 y=0 compose_us=25940 read_submit_us=27198 read_complete_us=28000 transfer_wait_us=19801 tile_pixels=27264 uniform_pixels=4096 overview_pixels=0 fallback_pixels=133504 resident_tiles=10 fallback_tiles=39 pushes=21 frame_reused=0 pass=1
[19:53:38] TINYDRAW_LIVE_PRESENT kind=pan zoom=400 x=2736 y=0 compose_us=27315 read_submit_us=28341 read_complete_us=29145 transfer_wait_us=19659 tile_pixels=76800 uniform_pixels=4096 overview_pixels=0 fallback_pixels=83968 resident_tiles=22 fallback_tiles=27 pushes=21 frame_reused=0 pass=1
[19:53:38] TINYDRAW_LIVE_PRESENT kind=pan zoom=400 x=2687 y=2 compose_us=27868 read_submit_us=29096 read_complete_us=29898 transfer_wait_us=19903 tile_pixels=81920 uniform_pixels=4096 overview_pixels=0 fallback_pixels=78848 resident_tiles=24 fallback_tiles=32 pushes=21 frame_reused=0 pass=1
[19:53:38] TINYDRAW_LIVE_PRESENT kind=pan zoom=400 x=2531 y=32 compose_us=26845 read_submit_us=28092 read_complete_us=28896 transfer_wait_us=19907 tile_pixels=46752 uniform_pixels=5952 overview_pixels=0 fallback_pixels=112160 resident_tiles=18 fallback_tiles=38 pushes=21 frame_reused=0 pass=1
[19:53:38] TINYDRAW_LIVE_PRESENT kind=pan zoom=400 x=2527 y=27 compose_us=27722 read_submit_us=28794 read_complete_us=29597 transfer_wait_us=19206 tile_pixels=77819 uniform_pixels=6208 overview_pixels=0 fallback_pixels=80837 resident_tiles=26 fallback_tiles=30 pushes=21 frame_reused=0 pass=1
[19:53:38] TINYDRAW_LIVE_PRESENT kind=pan zoom=400 x=2465 y=0 compose_us=26734 read_submit_us=27996 read_complete_us=28793 transfer_wait_us=20003 tile_pixels=57600 uniform_pixels=10176 overview_pixels=0 fallback_pixels=97088 resident_tiles=20 fallback_tiles=29 pushes=21 frame_reused=0 pass=1
[19:53:38] TINYDRAW_LIVE_PRESENT kind=pan zoom=400 x=2314 y=0 compose_us=25749 read_submit_us=27007 read_complete_us=27803 transfer_wait_us=19992 tile_pixels=23168 uniform_pixels=8192 overview_pixels=0 fallback_pixels=133504 resident_tiles=8 fallback_tiles=34 pushes=21 frame_reused=0 pass=1
[19:53:39] TINYDRAW_LIVE_PRESENT kind=pan zoom=400 x=2310 y=0 compose_us=25804 read_submit_us=26859 read_complete_us=27660 transfer_wait_us=19141 tile_pixels=39296 uniform_pixels=8192 overview_pixels=0 fallback_pixels=117376 resident_tiles=12 fallback_tiles=30 pushes=21 frame_reused=0 pass=1
[19:53:39] TINYDRAW_LIVE_PRESENT kind=pan zoom=400 x=2265 y=0 compose_us=26646 read_submit_us=27899 read_complete_us=28701 transfer_wait_us=19100 tile_pixels=41408 uniform_pixels=8192 overview_pixels=0 fallback_pixels=115264 resident_tiles=15 fallback_tiles=34 pushes=21 frame_reused=0 pass=1
[19:53:39] TINYDRAW_LIVE_PRESENT kind=pan zoom=400 x=2133 y=0 compose_us=26442 read_submit_us=27702 read_complete_us=28506 transfer_wait_us=19297 tile_pixels=43008 uniform_pixels=8512 overview_pixels=0 fallback_pixels=113344 resident_tiles=16 fallback_tiles=33 pushes=21 frame_reused=0 pass=1
[19:53:40] TINYDRAW_LIVE_FILL_DONE zoom=400 x=2133 y=0 revision=2003
[19:53:47] TINYDRAW_LIVE_PRESENT kind=pan zoom=400 x=2132 y=1 compose_us=28655 read_submit_us=29714 read_complete_us=30516 transfer_wait_us=19286 tile_pixels=146752 uniform_pixels=18068 overview_pixels=0 fallback_pixels=44 resident_tiles=55 fallback_tiles=1 pushes=21 frame_reused=0 pass=1
[19:53:47] TINYDRAW_LIVE_PRESENT kind=pan zoom=400 x=2110 y=36 compose_us=29801 read_submit_us=31055 read_complete_us=31859 transfer_wait_us=19944 tile_pixels=147200 uniform_pixels=14720 overview_pixels=0 fallback_pixels=2944 resident_tiles=49 fallback_tiles=7 pushes=21 frame_reused=0 pass=1
[19:53:47] TINYDRAW_LIVE_PRESENT kind=pan zoom=400 x=2033 y=134 compose_us=28358 read_submit_us=29604 read_complete_us=30406 transfer_wait_us=19395 tile_pixels=121754 uniform_pixels=12224 overview_pixels=0 fallback_pixels=30886 resident_tiles=45 fallback_tiles=11 pushes=21 frame_reused=0 pass=1
[19:53:47] TINYDRAW_LIVE_PRESENT kind=pan zoom=400 x=1956 y=223 compose_us=27985 read_submit_us=29234 read_complete_us=30038 transfer_wait_us=19765 tile_pixels=106104 uniform_pixels=16384 overview_pixels=0 fallback_pixels=42376 resident_tiles=41 fallback_tiles=15 pushes=21 frame_reused=0 pass=1
[19:53:47] TINYDRAW_LIVE_PRESENT kind=pan zoom=400 x=1939 y=252 compose_us=27911 read_submit_us=29156 read_complete_us=29958 transfer_wait_us=19843 tile_pixels=103576 uniform_pixels=16384 overview_pixels=0 fallback_pixels=44904 resident_tiles=41 fallback_tiles=15 pushes=21 frame_reused=0 pass=1
[19:53:47] TINYDRAW_LIVE_PRESENT kind=pan zoom=400 x=1930 y=258 compose_us=27531 read_submit_us=28774 read_complete_us=29578 transfer_wait_us=19225 tile_pixels=103308 uniform_pixels=16384 overview_pixels=0 fallback_pixels=45172 resident_tiles=33 fallback_tiles=15 pushes=21 frame_reused=0 pass=1
[19:53:48] TINYDRAW_LIVE_PRESENT kind=pan zoom=400 x=1906 y=259 compose_us=27813 read_submit_us=29056 read_complete_us=29858 transfer_wait_us=19943 tile_pixels=101124 uniform_pixels=16384 overview_pixels=0 fallback_pixels=47356 resident_tiles=37 fallback_tiles=19 pushes=21 frame_reused=0 pass=1
[19:53:48] TINYDRAW_LIVE_PRESENT kind=pan zoom=400 x=1904 y=263 compose_us=28503 read_submit_us=29555 read_complete_us=30359 transfer_wait_us=19445 tile_pixels=124496 uniform_pixels=20480 overview_pixels=0 fallback_pixels=19888 resident_tiles=44 fallback_tiles=12 pushes=21 frame_reused=0 pass=1
[19:53:48] TINYDRAW_LIVE_PRESENT kind=pan zoom=400 x=1849 y=372 compose_us=27668 read_submit_us=28921 read_complete_us=29723 transfer_wait_us=19078 tile_pixels=98840 uniform_pixels=19008 overview_pixels=0 fallback_pixels=47016 resident_tiles=39 fallback_tiles=17 pushes=21 frame_reused=0 pass=1
[19:53:48] TINYDRAW_LIVE_PRESENT kind=pan zoom=400 x=1786 y=460 compose_us=28578 read_submit_us=29830 read_complete_us=30633 transfer_wait_us=19169 tile_pixels=106704 uniform_pixels=4096 overview_pixels=0 fallback_pixels=54064 resident_tiles=33 fallback_tiles=23 pushes=21 frame_reused=0 pass=1
[19:53:48] TINYDRAW_LIVE_PRESENT kind=pan zoom=400 x=1732 y=494 compose_us=27776 read_submit_us=29033 read_complete_us=29836 transfer_wait_us=19966 tile_pixels=102256 uniform_pixels=4096 overview_pixels=0 fallback_pixels=58512 resident_tiles=30 fallback_tiles=18 pushes=21 frame_reused=0 pass=1
[19:53:48] TINYDRAW_LIVE_PRESENT kind=pan zoom=400 x=1716 y=501 compose_us=27991 read_submit_us=29240 read_complete_us=30043 transfer_wait_us=19759 tile_pixels=101832 uniform_pixels=4096 overview_pixels=0 fallback_pixels=58936 resident_tiles=31 fallback_tiles=25 pushes=21 frame_reused=0 pass=1
[19:53:49] TINYDRAW_LIVE_FILL_DONE zoom=400 x=1716 y=501 revision=2003
[19:53:50] TINYDRAW_LIVE_PRESENT kind=toolbar zoom=400 x=1716 y=501 compose_us=37421 read_submit_us=38186 read_complete_us=38990 transfer_wait_us=19529 tile_pixels=160768 uniform_pixels=4096 overview_pixels=0 fallback_pixels=0 resident_tiles=56 fallback_tiles=0 pushes=21 frame_reused=0 pass=1
[19:53:51] TINYDRAW_LIVE_PRESENT kind=toolbar zoom=400 x=1716 y=501 compose_us=29263 read_submit_us=30036 read_complete_us=30838 transfer_wait_us=19687 tile_pixels=160768 uniform_pixels=4096 overview_pixels=0 fallback_pixels=0 resident_tiles=56 fallback_tiles=0 pushes=21 frame_reused=0 pass=1
[19:53:52] TINYDRAW_LIVE_PRESENT kind=toolbar zoom=400 x=1716 y=501 compose_us=52838 read_submit_us=53600 read_complete_us=54404 transfer_wait_us=19114 tile_pixels=160768 uniform_pixels=4096 overview_pixels=0 fallback_pixels=0 resident_tiles=56 fallback_tiles=0 pushes=21 frame_reused=0 pass=1
[19:53:52] TINYDRAW_LIVE_PRESENT kind=toolbar zoom=400 x=1716 y=501 compose_us=29257 read_submit_us=30031 read_complete_us=30833 transfer_wait_us=19685 tile_pixels=160768 uniform_pixels=4096 overview_pixels=0 fallback_pixels=0 resident_tiles=56 fallback_tiles=0 pushes=21 frame_reused=0 pass=1
[19:53:56] TINYDRAW_LIVE_STROKE revision=2004 operations=1003 samples=20009 append_us=99088 refresh_compose_us=29509 refresh_complete_us=19560 ink_samples=147 read_submit_avg_us=1602 read_submit_max_us=2556 read_complete_avg_us=1643 read_complete_max_us=2633 submit_over_16ms=0 complete_over_33ms=0 presentation_failures=0 poll_max_us=95001 touch_errors=0 free_psram=2744716 largest_psram=2686976 authority_match=1
[19:53:56] TINYDRAW_LIVE_STROKE_DONE committed=1 refresh=1 overflow=0
[19:53:56] TINYDRAW_LIVE_FILL_DONE zoom=400 x=1716 y=501 revision=2004
[19:54:01] TINYDRAW_LIVE_STROKE revision=2005 operations=1004 samples=20059 append_us=39413 refresh_compose_us=29366 refresh_complete_us=19374 ink_samples=49 read_submit_avg_us=1555 read_submit_max_us=2344 read_complete_avg_us=1598 read_complete_max_us=2386 submit_over_16ms=0 complete_over_33ms=0 presentation_failures=0 poll_max_us=185001 touch_errors=0 free_psram=2744716 largest_psram=2686976 authority_match=1
[19:54:01] TINYDRAW_LIVE_STROKE_DONE committed=1 refresh=1 overflow=0
[19:54:01] TINYDRAW_LIVE_FILL_DONE zoom=400 x=1716 y=501 revision=2005
[19:54:03] TINYDRAW_LIVE_STROKE revision=2006 operations=1005 samples=20208 append_us=87892 refresh_compose_us=29510 refresh_complete_us=19749 ink_samples=148 read_submit_avg_us=1791 read_submit_max_us=2650 read_complete_avg_us=1858 read_complete_max_us=2768 submit_over_16ms=0 complete_over_33ms=0 presentation_failures=0 poll_max_us=127001 touch_errors=0 free_psram=2744716 largest_psram=2686976 authority_match=1
[19:54:04] TINYDRAW_LIVE_STROKE_DONE committed=1 refresh=1 overflow=0
[19:54:04] TINYDRAW_LIVE_FILL_DONE zoom=400 x=1716 y=501 revision=2006
[19:54:04] TINYDRAW_LIVE_STROKE revision=2007 operations=1006 samples=20222 append_us=25038 refresh_compose_us=29374 refresh_complete_us=19734 ink_samples=13 read_submit_avg_us=1530 read_submit_max_us=2009 read_complete_avg_us=1577 read_complete_max_us=2094 submit_over_16ms=0 complete_over_33ms=0 presentation_failures=0 poll_max_us=175001 touch_errors=0 free_psram=2744716 largest_psram=2686976 authority_match=1
[19:54:04] TINYDRAW_LIVE_STROKE_DONE committed=1 refresh=1 overflow=0
[19:54:04] TINYDRAW_LIVE_FILL_DONE zoom=400 x=1716 y=501 revision=2007
[19:54:05] TINYDRAW_LIVE_STROKE revision=2008 operations=1007 samples=20234 append_us=25095 refresh_compose_us=29374 refresh_complete_us=19684 ink_samples=11 read_submit_avg_us=1642 read_submit_max_us=2156 read_complete_avg_us=1711 read_complete_max_us=2290 submit_over_16ms=0 complete_over_33ms=0 presentation_failures=0 poll_max_us=113001 touch_errors=0 free_psram=2744716 largest_psram=2686976 authority_match=1
[19:54:05] TINYDRAW_LIVE_STROKE_DONE committed=1 refresh=1 overflow=0
[19:54:05] TINYDRAW_LIVE_FILL_DONE zoom=400 x=1716 y=501 revision=2008
[19:54:05] TINYDRAW_LIVE_STROKE revision=2009 operations=1008 samples=20249 append_us=62110 refresh_compose_us=29512 refresh_complete_us=19972 ink_samples=14 read_submit_avg_us=1964 read_submit_max_us=3454 read_complete_avg_us=2097 read_complete_max_us=3853 submit_over_16ms=0 complete_over_33ms=0 presentation_failures=0 poll_max_us=113001 touch_errors=0 free_psram=2744716 largest_psram=2686976 authority_match=1
[19:54:05] TINYDRAW_LIVE_STROKE_DONE committed=1 refresh=1 overflow=0
[19:54:06] TINYDRAW_LIVE_STROKE revision=2010 operations=1009 samples=20260 append_us=61545 refresh_compose_us=29516 refresh_complete_us=19095 ink_samples=10 read_submit_avg_us=2285 read_submit_max_us=3587 read_complete_avg_us=2478 read_complete_max_us=4039 submit_over_16ms=0 complete_over_33ms=0 presentation_failures=0 poll_max_us=148001 touch_errors=0 free_psram=2744716 largest_psram=2686976 authority_match=1
[19:54:06] TINYDRAW_LIVE_STROKE_DONE committed=1 refresh=1 overflow=0
[19:54:06] TINYDRAW_LIVE_STROKE revision=2011 operations=1010 samples=20268 append_us=53076 refresh_compose_us=29509 refresh_complete_us=19568 ink_samples=7 read_submit_avg_us=2747 read_submit_max_us=3845 read_complete_avg_us=3009 read_complete_max_us=4314 submit_over_16ms=0 complete_over_33ms=0 presentation_failures=0 poll_max_us=146001 touch_errors=0 free_psram=2744716 largest_psram=2686976 authority_match=1
[19:54:06] TINYDRAW_LIVE_STROKE_DONE committed=1 refresh=1 overflow=0
[19:54:06] TINYDRAW_LIVE_STROKE revision=2012 operations=1011 samples=20278 append_us=53291 refresh_compose_us=29508 refresh_complete_us=19357 ink_samples=9 read_submit_avg_us=2479 read_submit_max_us=3789 read_complete_avg_us=2683 read_complete_max_us=4268 submit_over_16ms=0 complete_over_33ms=0 presentation_failures=0 poll_max_us=139001 touch_errors=0 free_psram=2744716 largest_psram=2686976 authority_match=1
[19:54:06] TINYDRAW_LIVE_STROKE_DONE committed=1 refresh=1 overflow=0
[19:54:06] TINYDRAW_LIVE_STROKE revision=2013 operations=1012 samples=20286 append_us=36487 refresh_compose_us=29493 refresh_complete_us=19176 ink_samples=7 read_submit_avg_us=2348 read_submit_max_us=3233 read_complete_avg_us=2524 read_complete_max_us=3559 submit_over_16ms=0 complete_over_33ms=0 presentation_failures=0 poll_max_us=138001 touch_errors=0 free_psram=2744716 largest_psram=2686976 authority_match=1
[19:54:06] TINYDRAW_LIVE_STROKE_DONE committed=1 refresh=1 overflow=0
[19:54:07] TINYDRAW_LIVE_FILL_DONE zoom=400 x=1716 y=501 revision=2013
[19:54:07] TINYDRAW_LIVE_STROKE revision=2014 operations=1013 samples=20294 append_us=25012 refresh_compose_us=29492 refresh_complete_us=19651 ink_samples=7 read_submit_avg_us=1977 read_submit_max_us=2307 read_complete_avg_us=2087 read_complete_max_us=2472 submit_over_16ms=0 complete_over_33ms=0 presentation_failures=0 poll_max_us=122001 touch_errors=0 free_psram=2744716 largest_psram=2686976 authority_match=1
[19:54:07] TINYDRAW_LIVE_STROKE_DONE committed=1 refresh=1 overflow=0
[19:54:07] TINYDRAW_LIVE_FILL_DONE zoom=400 x=1716 y=501 revision=2014
[19:54:07] TINYDRAW_LIVE_STROKE revision=2015 operations=1014 samples=20304 append_us=31406 refresh_compose_us=29519 refresh_complete_us=19232 ink_samples=9 read_submit_avg_us=1755 read_submit_max_us=2091 read_complete_avg_us=1842 read_complete_max_us=2228 submit_over_16ms=0 complete_over_33ms=0 presentation_failures=0 poll_max_us=113001 touch_errors=0 free_psram=2744716 largest_psram=2686976 authority_match=1
[19:54:07] TINYDRAW_LIVE_STROKE_DONE committed=1 refresh=1 overflow=0
[19:54:07] TINYDRAW_LIVE_FILL_DONE zoom=400 x=1716 y=501 revision=2015
[19:54:08] TINYDRAW_LIVE_STROKE revision=2016 operations=1015 samples=20314 append_us=55905 refresh_compose_us=29519 refresh_complete_us=19723 ink_samples=9 read_submit_avg_us=2506 read_submit_max_us=4563 read_complete_avg_us=2735 read_complete_max_us=5097 submit_over_16ms=0 complete_over_33ms=0 presentation_failures=0 poll_max_us=119001 touch_errors=0 free_psram=2744716 largest_psram=2686976 authority_match=1
[19:54:08] TINYDRAW_LIVE_STROKE_DONE committed=1 refresh=1 overflow=0
[19:54:08] TINYDRAW_LIVE_FILL_DONE zoom=400 x=1716 y=501 revision=2016
[19:54:08] TINYDRAW_LIVE_STROKE revision=2017 operations=1016 samples=20325 append_us=63963 refresh_compose_us=29522 refresh_complete_us=19671 ink_samples=10 read_submit_avg_us=2385 read_submit_max_us=3364 read_complete_avg_us=2582 read_complete_max_us=3729 submit_over_16ms=0 complete_over_33ms=0 presentation_failures=0 poll_max_us=145001 touch_errors=0 free_psram=2744716 largest_psram=2686976 authority_match=1
[19:54:08] TINYDRAW_LIVE_STROKE_DONE committed=1 refresh=1 overflow=0
[19:54:08] TINYDRAW_LIVE_FILL_DONE zoom=400 x=1716 y=501 revision=2017
[19:54:08] TINYDRAW_LIVE_STROKE revision=2018 operations=1017 samples=20335 append_us=35501 refresh_compose_us=29500 refresh_complete_us=19156 ink_samples=9 read_submit_avg_us=2060 read_submit_max_us=3514 read_complete_avg_us=2210 read_complete_max_us=3906 submit_over_16ms=0 complete_over_33ms=0 presentation_failures=0 poll_max_us=153001 touch_errors=0 free_psram=2744716 largest_psram=2686976 authority_match=1
[19:54:08] TINYDRAW_LIVE_STROKE_DONE committed=1 refresh=1 overflow=0
[19:54:08] TINYDRAW_LIVE_FILL_DONE zoom=400 x=1716 y=501 revision=2018
[19:54:09] TINYDRAW_LIVE_STROKE revision=2019 operations=1018 samples=20343 append_us=34777 refresh_compose_us=29501 refresh_complete_us=19873 ink_samples=7 read_submit_avg_us=2377 read_submit_max_us=3488 read_complete_avg_us=2547 read_complete_max_us=3822 submit_over_16ms=0 complete_over_33ms=0 presentation_failures=0 poll_max_us=124001 touch_errors=0 free_psram=2744716 largest_psram=2686976 authority_match=1
[19:54:09] TINYDRAW_LIVE_STROKE_DONE committed=1 refresh=1 overflow=0
[19:54:09] TINYDRAW_LIVE_FILL_DONE zoom=400 x=1716 y=501 revision=2019
[19:54:09] TINYDRAW_LIVE_STROKE revision=2020 operations=1019 samples=20351 append_us=21835 refresh_compose_us=29499 refresh_complete_us=19814 ink_samples=7 read_submit_avg_us=2059 read_submit_max_us=3209 read_complete_avg_us=2195 read_complete_max_us=3447 submit_over_16ms=0 complete_over_33ms=0 presentation_failures=0 poll_max_us=124001 touch_errors=0 free_psram=2744716 largest_psram=2686976 authority_match=1
[19:54:09] TINYDRAW_LIVE_STROKE_DONE committed=1 refresh=1 overflow=0
[19:54:09] TINYDRAW_LIVE_FILL_DONE zoom=400 x=1716 y=501 revision=2020
[19:54:09] TINYDRAW_LIVE_STROKE revision=2021 operations=1020 samples=20361 append_us=54909 refresh_compose_us=29526 refresh_complete_us=19719 ink_samples=9 read_submit_avg_us=2303 read_submit_max_us=3460 read_complete_avg_us=2480 read_complete_max_us=3761 submit_over_16ms=0 complete_over_33ms=0 presentation_failures=0 poll_max_us=112001 touch_errors=0 free_psram=2744716 largest_psram=2686976 authority_match=1
[19:54:09] TINYDRAW_LIVE_STROKE_DONE committed=1 refresh=1 overflow=0
[19:54:09] TINYDRAW_LIVE_FILL_DONE zoom=400 x=1716 y=501 revision=2021
[19:54:09] TINYDRAW_LIVE_STROKE revision=2022 operations=1021 samples=20370 append_us=40626 refresh_compose_us=29508 refresh_complete_us=19025 ink_samples=8 read_submit_avg_us=2501 read_submit_max_us=3735 read_complete_avg_us=2703 read_complete_max_us=4055 submit_over_16ms=0 complete_over_33ms=0 presentation_failures=0 poll_max_us=144001 touch_errors=0 free_psram=2744716 largest_psram=2686976 authority_match=1
[19:54:09] TINYDRAW_LIVE_STROKE_DONE committed=1 refresh=1 overflow=0
[19:54:09] TINYDRAW_LIVE_FILL_DONE zoom=400 x=1716 y=501 revision=2022
[19:54:10] TINYDRAW_LIVE_PRESENT kind=toolbar zoom=400 x=1716 y=501 compose_us=52770 read_submit_us=53535 read_complete_us=54339 transfer_wait_us=19178 tile_pixels=164864 uniform_pixels=0 overview_pixels=0 fallback_pixels=0 resident_tiles=56 fallback_tiles=0 pushes=21 frame_reused=0 pass=1
[19:54:11] TINYDRAW_LIVE_PRESENT kind=toolbar zoom=400 x=1716 y=501 compose_us=29380 read_submit_us=30146 read_complete_us=30950 transfer_wait_us=19570 tile_pixels=164864 uniform_pixels=0 overview_pixels=0 fallback_pixels=0 resident_tiles=56 fallback_tiles=0 pushes=21 frame_reused=0 pass=1
[19:54:12] TINYDRAW_LIVE_STROKE revision=2023 operations=1022 samples=20384 append_us=44737 refresh_compose_us=29522 refresh_complete_us=19895 ink_samples=13 read_submit_avg_us=1782 read_submit_max_us=2841 read_complete_avg_us=1858 read_complete_max_us=2982 submit_over_16ms=0 complete_over_33ms=0 presentation_failures=0 poll_max_us=130001 touch_errors=0 free_psram=2744716 largest_psram=2686976 authority_match=1
[19:54:12] TINYDRAW_LIVE_STROKE_DONE committed=1 refresh=1 overflow=0
[19:54:12] TINYDRAW_LIVE_FILL_DONE zoom=400 x=1716 y=501 revision=2023
[19:54:12] TINYDRAW_LIVE_STROKE revision=2024 operations=1023 samples=20395 append_us=35014 refresh_compose_us=29507 refresh_complete_us=19633 ink_samples=10 read_submit_avg_us=2112 read_submit_max_us=3155 read_complete_avg_us=2208 read_complete_max_us=3311 submit_over_16ms=0 complete_over_33ms=0 presentation_failures=0 poll_max_us=133001 touch_errors=0 free_psram=2744716 largest_psram=2686976 authority_match=1
[19:54:12] TINYDRAW_LIVE_STROKE_DONE committed=1 refresh=1 overflow=0
[19:54:12] TINYDRAW_LIVE_FILL_DONE zoom=400 x=1716 y=501 revision=2024
[19:54:13] TINYDRAW_LIVE_STROKE revision=2025 operations=1024 samples=20410 append_us=59244 refresh_compose_us=29517 refresh_complete_us=19399 ink_samples=14 read_submit_avg_us=2074 read_submit_max_us=4731 read_complete_avg_us=2216 read_complete_max_us=5169 submit_over_16ms=0 complete_over_33ms=0 presentation_failures=0 poll_max_us=124001 touch_errors=0 free_psram=2744716 largest_psram=2686976 authority_match=1
[19:54:13] TINYDRAW_LIVE_STROKE_DONE committed=1 refresh=1 overflow=0
[19:54:13] TINYDRAW_LIVE_FILL_DONE zoom=400 x=1716 y=501 revision=2025
[19:54:13] TINYDRAW_LIVE_STROKE revision=2026 operations=1025 samples=20421 append_us=39879 refresh_compose_us=29518 refresh_complete_us=19753 ink_samples=10 read_submit_avg_us=2291 read_submit_max_us=3273 read_complete_avg_us=2413 read_complete_max_us=3564 submit_over_16ms=0 complete_over_33ms=0 presentation_failures=0 poll_max_us=147001 touch_errors=0 free_psram=2744716 largest_psram=2686976 authority_match=1
[19:54:13] TINYDRAW_LIVE_STROKE_DONE committed=1 refresh=1 overflow=0
[19:54:13] TINYDRAW_LIVE_FILL_DONE zoom=400 x=1716 y=501 revision=2026
[19:54:13] TINYDRAW_LIVE_STROKE revision=2027 operations=1026 samples=20430 append_us=38914 refresh_compose_us=29528 refresh_complete_us=19716 ink_samples=8 read_submit_avg_us=2116 read_submit_max_us=3021 read_complete_avg_us=2228 read_complete_max_us=3240 submit_over_16ms=0 complete_over_33ms=0 presentation_failures=0 poll_max_us=129001 touch_errors=0 free_psram=2744716 largest_psram=2686976 authority_match=1
[19:54:13] TINYDRAW_LIVE_STROKE_DONE committed=1 refresh=1 overflow=0
[19:54:13] TINYDRAW_LIVE_FILL_DONE zoom=400 x=1716 y=501 revision=2027
[19:54:13] TINYDRAW_LIVE_STROKE revision=2028 operations=1027 samples=20438 append_us=27736 refresh_compose_us=29527 refresh_complete_us=19892 ink_samples=7 read_submit_avg_us=1999 read_submit_max_us=2819 read_complete_avg_us=2102 read_complete_max_us=2985 submit_over_16ms=0 complete_over_33ms=0 presentation_failures=0 poll_max_us=127001 touch_errors=0 free_psram=2744716 largest_psram=2686976 authority_match=1
[19:54:13] TINYDRAW_LIVE_STROKE_DONE committed=1 refresh=1 overflow=0
[19:54:13] TINYDRAW_LIVE_FILL_DONE zoom=400 x=1716 y=501 revision=2028
[19:54:14] TINYDRAW_LIVE_STROKE revision=2029 operations=1028 samples=20447 append_us=39022 refresh_compose_us=29507 refresh_complete_us=19626 ink_samples=8 read_submit_avg_us=2203 read_submit_max_us=3255 read_complete_avg_us=2368 read_complete_max_us=3608 submit_over_16ms=0 complete_over_33ms=0 presentation_failures=0 poll_max_us=117001 touch_errors=0 free_psram=2744716 largest_psram=2686976 authority_match=1
[19:54:14] TINYDRAW_LIVE_STROKE_DONE committed=1 refresh=1 overflow=0
[19:54:14] TINYDRAW_LIVE_FILL_DONE zoom=400 x=1716 y=501 revision=2029
[19:54:14] TINYDRAW_LIVE_STROKE revision=2030 operations=1029 samples=20457 append_us=45490 refresh_compose_us=29520 refresh_complete_us=19145 ink_samples=9 read_submit_avg_us=2163 read_submit_max_us=3301 read_complete_avg_us=2319 read_complete_max_us=3608 submit_over_16ms=0 complete_over_33ms=0 presentation_failures=0 poll_max_us=127001 touch_errors=0 free_psram=2744716 largest_psram=2686976 authority_match=1
[19:54:14] TINYDRAW_LIVE_STROKE_DONE committed=1 refresh=1 overflow=0
[19:54:14] TINYDRAW_LIVE_FILL_DONE zoom=400 x=1716 y=501 revision=2030
[19:54:15] TINYDRAW_LIVE_STROKE revision=2031 operations=1030 samples=20470 append_us=75558 refresh_compose_us=29519 refresh_complete_us=19551 ink_samples=12 read_submit_avg_us=2252 read_submit_max_us=3734 read_complete_avg_us=2447 read_complete_max_us=4259 submit_over_16ms=0 complete_over_33ms=0 presentation_failures=0 poll_max_us=134001 touch_errors=0 free_psram=2744716 largest_psram=2686976 authority_match=1
[19:54:15] TINYDRAW_LIVE_STROKE_DONE committed=1 refresh=1 overflow=0
[19:54:15] TINYDRAW_LIVE_FILL_DONE zoom=400 x=1716 y=501 revision=2031
[19:54:15] TINYDRAW_LIVE_STROKE revision=2032 operations=1031 samples=20479 append_us=55890 refresh_compose_us=29523 refresh_complete_us=19739 ink_samples=8 read_submit_avg_us=2628 read_submit_max_us=4717 read_complete_avg_us=2904 read_complete_max_us=5350 submit_over_16ms=0 complete_over_33ms=0 presentation_failures=0 poll_max_us=163001 touch_errors=0 free_psram=2744716 largest_psram=2686976 authority_match=1
[19:54:15] TINYDRAW_LIVE_STROKE_DONE committed=1 refresh=1 overflow=0
[19:54:15] TINYDRAW_LIVE_FILL_DONE zoom=400 x=1716 y=501 revision=2032
[19:54:15] TINYDRAW_LIVE_STROKE revision=2033 operations=1032 samples=20486 append_us=24630 refresh_compose_us=29522 refresh_complete_us=20001 ink_samples=6 read_submit_avg_us=1977 read_submit_max_us=2858 read_complete_avg_us=2120 read_complete_max_us=3082 submit_over_16ms=0 complete_over_33ms=0 presentation_failures=0 poll_max_us=145001 touch_errors=0 free_psram=2744716 largest_psram=2686976 authority_match=1
[19:54:15] TINYDRAW_LIVE_STROKE_DONE committed=1 refresh=1 overflow=0
[19:54:15] TINYDRAW_LIVE_FILL_DONE zoom=400 x=1716 y=501 revision=2033
[19:54:15] TINYDRAW_LIVE_STROKE revision=2034 operations=1033 samples=20492 append_us=14273 refresh_compose_us=29497 refresh_complete_us=19386 ink_samples=5 read_submit_avg_us=2216 read_submit_max_us=2737 read_complete_avg_us=2304 read_complete_max_us=2872 submit_over_16ms=0 complete_over_33ms=0 presentation_failures=0 poll_max_us=114001 touch_errors=0 free_psram=2744716 largest_psram=2686976 authority_match=1
[19:54:15] TINYDRAW_LIVE_STROKE_DONE committed=1 refresh=1 overflow=0
[19:54:15] TINYDRAW_LIVE_FILL_DONE zoom=400 x=1716 y=501 revision=2034
[19:54:16] TINYDRAW_LIVE_STROKE revision=2035 operations=1034 samples=20501 append_us=54654 refresh_compose_us=29522 refresh_complete_us=19970 ink_samples=8 read_submit_avg_us=2309 read_submit_max_us=3597 read_complete_avg_us=2519 read_complete_max_us=4095 submit_over_16ms=0 complete_over_33ms=0 presentation_failures=0 poll_max_us=104001 touch_errors=0 free_psram=2744716 largest_psram=2686976 authority_match=1
[19:54:16] TINYDRAW_LIVE_STROKE_DONE committed=1 refresh=1 overflow=0
[19:54:16] TINYDRAW_LIVE_FILL_DONE zoom=400 x=1716 y=501 revision=2035
[19:54:16] TINYDRAW_LIVE_STROKE revision=2036 operations=1035 samples=20508 append_us=32014 refresh_compose_us=29502 refresh_complete_us=19641 ink_samples=6 read_submit_avg_us=2532 read_submit_max_us=4010 read_complete_avg_us=2735 read_complete_max_us=4457 submit_over_16ms=0 complete_over_33ms=0 presentation_failures=0 poll_max_us=144001 touch_errors=0 free_psram=2744716 largest_psram=2686976 authority_match=1
[19:54:16] TINYDRAW_LIVE_STROKE_DONE committed=1 refresh=1 overflow=0
[19:54:16] TINYDRAW_LIVE_FILL_DONE zoom=400 x=1716 y=501 revision=2036
[19:54:16] TINYDRAW_LIVE_STROKE revision=2037 operations=1036 samples=20515 append_us=31738 refresh_compose_us=29504 refresh_complete_us=19902 ink_samples=6 read_submit_avg_us=2312 read_submit_max_us=3297 read_complete_avg_us=2517 read_complete_max_us=3650 submit_over_16ms=0 complete_over_33ms=0 presentation_failures=0 poll_max_us=122001 touch_errors=0 free_psram=2744716 largest_psram=2686976 authority_match=1
[19:54:16] TINYDRAW_LIVE_STROKE_DONE committed=1 refresh=1 overflow=0
[19:54:16] TINYDRAW_LIVE_FILL_DONE zoom=400 x=1716 y=501 revision=2037
[19:54:17] TINYDRAW_LIVE_STROKE revision=2038 operations=1037 samples=20520 append_us=14321 refresh_compose_us=29500 refresh_complete_us=19337 ink_samples=4 read_submit_avg_us=1854 read_submit_max_us=2843 read_complete_avg_us=1974 read_complete_max_us=3029 submit_over_16ms=0 complete_over_33ms=0 presentation_failures=0 poll_max_us=121001 touch_errors=0 free_psram=2744716 largest_psram=2686976 authority_match=1
[19:54:17] TINYDRAW_LIVE_STROKE_DONE committed=1 refresh=1 overflow=0
[19:54:17] TINYDRAW_LIVE_FILL_DONE zoom=400 x=1716 y=501 revision=2038
[19:54:17] TINYDRAW_LIVE_STROKE revision=2039 operations=1038 samples=20526 append_us=30566 refresh_compose_us=29519 refresh_complete_us=19073 ink_samples=5 read_submit_avg_us=2542 read_submit_max_us=3574 read_complete_avg_us=2841 read_complete_max_us=4116 submit_over_16ms=0 complete_over_33ms=0 presentation_failures=0 poll_max_us=103001 touch_errors=0 free_psram=2744716 largest_psram=2686976 authority_match=1
[19:54:17] TINYDRAW_LIVE_STROKE_DONE committed=1 refresh=1 overflow=0
[19:54:17] TINYDRAW_LIVE_FILL_DONE zoom=400 x=1716 y=501 revision=2039
[19:54:17] TINYDRAW_LIVE_STROKE revision=2040 operations=1039 samples=20533 append_us=29138 refresh_compose_us=29516 refresh_complete_us=19498 ink_samples=6 read_submit_avg_us=1972 read_submit_max_us=2746 read_complete_avg_us=2103 read_complete_max_us=2930 submit_over_16ms=0 complete_over_33ms=0 presentation_failures=0 poll_max_us=119001 touch_errors=0 free_psram=2744716 largest_psram=2686976 authority_match=1
[19:54:17] TINYDRAW_LIVE_STROKE_DONE committed=1 refresh=1 overflow=0
[19:54:17] TINYDRAW_LIVE_FILL_DONE zoom=400 x=1716 y=501 revision=2040
[19:54:18] TINYDRAW_LIVE_STROKE revision=2041 operations=1040 samples=20541 append_us=38638 refresh_compose_us=29526 refresh_complete_us=19978 ink_samples=7 read_submit_avg_us=2288 read_submit_max_us=3161 read_complete_avg_us=2497 read_complete_max_us=3495 submit_over_16ms=0 complete_over_33ms=0 presentation_failures=0 poll_max_us=118001 touch_errors=0 free_psram=2744716 largest_psram=2686976 authority_match=1
[19:54:18] TINYDRAW_LIVE_STROKE_DONE committed=1 refresh=1 overflow=0
[19:54:18] TINYDRAW_LIVE_FILL_DONE zoom=400 x=1716 y=501 revision=2041
[19:54:18] TINYDRAW_LIVE_STROKE revision=2042 operations=1041 samples=20551 append_us=46295 refresh_compose_us=29518 refresh_complete_us=19338 ink_samples=9 read_submit_avg_us=2284 read_submit_max_us=3733 read_complete_avg_us=2489 read_complete_max_us=4236 submit_over_16ms=0 complete_over_33ms=0 presentation_failures=0 poll_max_us=127001 touch_errors=0 free_psram=2744716 largest_psram=2686976 authority_match=1
[19:54:18] TINYDRAW_LIVE_STROKE_DONE committed=1 refresh=1 overflow=0
[19:54:18] TINYDRAW_LIVE_FILL_DONE zoom=400 x=1716 y=501 revision=2042
[19:54:18] TINYDRAW_LIVE_STROKE revision=2043 operations=1042 samples=20557 append_us=25469 refresh_compose_us=29504 refresh_complete_us=19184 ink_samples=5 read_submit_avg_us=2559 read_submit_max_us=3582 read_complete_avg_us=2799 read_complete_max_us=4028 submit_over_16ms=0 complete_over_33ms=0 presentation_failures=0 poll_max_us=134001 touch_errors=0 free_psram=2744716 largest_psram=2686976 authority_match=1
[19:54:18] TINYDRAW_LIVE_STROKE_DONE committed=1 refresh=1 overflow=0
[19:54:18] TINYDRAW_LIVE_FILL_DONE zoom=400 x=1716 y=501 revision=2043
[19:54:18] TINYDRAW_LIVE_STROKE revision=2044 operations=1043 samples=20562 append_us=14262 refresh_compose_us=29501 refresh_complete_us=19393 ink_samples=4 read_submit_avg_us=1760 read_submit_max_us=2253 read_complete_avg_us=1873 read_complete_max_us=2439 submit_over_16ms=0 complete_over_33ms=0 presentation_failures=0 poll_max_us=115001 touch_errors=0 free_psram=2744716 largest_psram=2686976 authority_match=1
[19:54:18] TINYDRAW_LIVE_STROKE_DONE committed=1 refresh=1 overflow=0
[19:54:18] TINYDRAW_LIVE_FILL_DONE zoom=400 x=1716 y=501 revision=2044
[19:54:18] TINYDRAW_LIVE_STROKE revision=2045 operations=1044 samples=20565 append_us=4983 refresh_compose_us=29395 refresh_complete_us=19780 ink_samples=2 read_submit_avg_us=1431 read_submit_max_us=1723 read_complete_avg_us=1471 read_complete_max_us=1789 submit_over_16ms=0 complete_over_33ms=0 presentation_failures=0 poll_max_us=103001 touch_errors=0 free_psram=2744716 largest_psram=2686976 authority_match=1
[19:54:18] TINYDRAW_LIVE_STROKE_DONE committed=1 refresh=1 overflow=0
[19:54:19] TINYDRAW_LIVE_FILL_DONE zoom=400 x=1716 y=501 revision=2045
[19:54:23] TINYDRAW_LIVE_PRESENT kind=toolbar zoom=400 x=1716 y=501 compose_us=37411 read_submit_us=38184 read_complete_us=38985 transfer_wait_us=19531 tile_pixels=164864 uniform_pixels=0 overview_pixels=0 fallback_pixels=0 resident_tiles=56 fallback_tiles=0 pushes=21 frame_reused=0 pass=1
[19:54:24] TINYDRAW_LIVE_PRESENT kind=toolbar zoom=400 x=1716 y=501 compose_us=29423 read_submit_us=30188 read_complete_us=30991 transfer_wait_us=19536 tile_pixels=164864 uniform_pixels=0 overview_pixels=0 fallback_pixels=0 resident_tiles=56 fallback_tiles=0 pushes=21 frame_reused=0 pass=1
[19:54:24] TINYDRAW_LIVE_PRESENT kind=pan zoom=400 x=1717 y=501 compose_us=26831 read_submit_us=27886 read_complete_us=28689 transfer_wait_us=19114 tile_pixels=0 uniform_pixels=0 overview_pixels=0 fallback_pixels=0 resident_tiles=0 fallback_tiles=0 pushes=21 frame_reused=1 pass=1
[19:54:24] TINYDRAW_LIVE_PRESENT kind=pan zoom=400 x=1767 y=493 compose_us=29424 read_submit_us=30670 read_complete_us=31473 transfer_wait_us=19329 tile_pixels=157941 uniform_pixels=0 overview_pixels=0 fallback_pixels=6923 resident_tiles=51 fallback_tiles=5 pushes=21 frame_reused=0 pass=1
[19:54:24] TINYDRAW_LIVE_PRESENT kind=pan zoom=400 x=1923 y=463 compose_us=28064 read_submit_us=29315 read_complete_us=30118 transfer_wait_us=19684 tile_pixels=116355 uniform_pixels=0 overview_pixels=0 fallback_pixels=48509 resident_tiles=33 fallback_tiles=15 pushes=21 frame_reused=0 pass=1
[19:54:24] TINYDRAW_LIVE_PRESENT kind=pan zoom=400 x=2018 y=443 compose_us=28149 read_submit_us=29389 read_complete_us=30191 transfer_wait_us=19610 tile_pixels=93828 uniform_pixels=2262 overview_pixels=0 fallback_pixels=68774 resident_tiles=36 fallback_tiles=20 pushes=21 frame_reused=0 pass=1
[19:54:25] TINYDRAW_LIVE_PRESENT kind=pan zoom=400 x=2018 y=444 compose_us=28449 read_submit_us=29505 read_complete_us=30304 transfer_wait_us=19495 tile_pixels=110160 uniform_pixels=2040 overview_pixels=0 fallback_pixels=52664 resident_tiles=40 fallback_tiles=16 pushes=21 frame_reused=0 pass=1
[19:54:25] TINYDRAW_LIVE_PRESENT kind=pan zoom=400 x=2063 y=459 compose_us=28020 read_submit_us=29284 read_complete_us=30086 transfer_wait_us=19715 tile_pixels=92043 uniform_pixels=4032 overview_pixels=0 fallback_pixels=68789 resident_tiles=27 fallback_tiles=21 pushes=21 frame_reused=0 pass=1
[19:54:25] TINYDRAW_LIVE_PRESENT kind=pan zoom=400 x=2117 y=474 compose_us=27449 read_submit_us=28706 read_complete_us=29509 transfer_wait_us=19293 tile_pixels=86944 uniform_pixels=4096 overview_pixels=0 fallback_pixels=73824 resident_tiles=26 fallback_tiles=22 pushes=21 frame_reused=0 pass=1
[19:54:25] TINYDRAW_LIVE_PRESENT kind=pan zoom=400 x=2150 y=484 compose_us=27726 read_submit_us=28979 read_complete_us=29781 transfer_wait_us=19026 tile_pixels=90304 uniform_pixels=5504 overview_pixels=0 fallback_pixels=69056 resident_tiles=33 fallback_tiles=23 pushes=21 frame_reused=0 pass=1
[19:54:25] TINYDRAW_LIVE_PRESENT kind=pan zoom=400 x=2166 y=489 compose_us=27692 read_submit_us=28941 read_complete_us=29744 transfer_wait_us=19058 tile_pixels=91536 uniform_pixels=6528 overview_pixels=0 fallback_pixels=66800 resident_tiles=33 fallback_tiles=23 pushes=21 frame_reused=0 pass=1
[19:54:25] TINYDRAW_LIVE_PRESENT kind=pan zoom=400 x=2169 y=493 compose_us=27791 read_submit_us=29049 read_complete_us=29851 transfer_wait_us=19950 tile_pixels=90640 uniform_pixels=6720 overview_pixels=0 fallback_pixels=67504 resident_tiles=33 fallback_tiles=23 pushes=21 frame_reused=0 pass=1
[19:54:25] TINYDRAW_LIVE_PRESENT kind=pan zoom=400 x=2163 y=500 compose_us=27611 read_submit_us=28859 read_complete_us=29663 transfer_wait_us=19140 tile_pixels=86912 uniform_pixels=6336 overview_pixels=0 fallback_pixels=71616 resident_tiles=33 fallback_tiles=23 pushes=21 frame_reused=0 pass=1
[19:54:25] TINYDRAW_LIVE_PRESENT kind=pan zoom=400 x=2143 y=512 compose_us=27778 read_submit_us=29036 read_complete_us=29838 transfer_wait_us=19963 tile_pixels=78656 uniform_pixels=5056 overview_pixels=0 fallback_pixels=81152 resident_tiles=26 fallback_tiles=23 pushes=21 frame_reused=0 pass=1
[19:54:25] TINYDRAW_LIVE_PRESENT kind=pan zoom=400 x=2133 y=517 compose_us=27542 read_submit_us=28790 read_complete_us=29593 transfer_wait_us=19209 tile_pixels=75216 uniform_pixels=4096 overview_pixels=0 fallback_pixels=85552 resident_tiles=26 fallback_tiles=30 pushes=21 frame_reused=0 pass=1
[19:54:26] TINYDRAW_LIVE_FILL_DONE zoom=400 x=2133 y=517 revision=2045
[19:54:26] TINYDRAW_LIVE_PRESENT kind=pan zoom=400 x=2132 y=516 compose_us=28975 read_submit_us=30038 read_complete_us=30840 transfer_wait_us=19962 tile_pixels=156656 uniform_pixels=8208 overview_pixels=0 fallback_pixels=0 resident_tiles=56 fallback_tiles=0 pushes=21 frame_reused=0 pass=1
[19:54:26] TINYDRAW_LIVE_PRESENT kind=pan zoom=400 x=2108 y=508 compose_us=29241 read_submit_us=30501 read_complete_us=31305 transfer_wait_us=19498 tile_pixels=0 uniform_pixels=0 overview_pixels=0 fallback_pixels=0 resident_tiles=0 fallback_tiles=0 pushes=21 frame_reused=1 pass=1
[19:54:26] TINYDRAW_LIVE_PRESENT kind=pan zoom=400 x=2061 y=501 compose_us=30260 read_submit_us=31516 read_complete_us=32318 transfer_wait_us=19483 tile_pixels=157056 uniform_pixels=7808 overview_pixels=0 fallback_pixels=0 resident_tiles=48 fallback_tiles=0 pushes=21 frame_reused=0 pass=1
[19:54:26] TINYDRAW_LIVE_PRESENT kind=pan zoom=400 x=1950 y=499 compose_us=30518 read_submit_us=31770 read_complete_us=32573 transfer_wait_us=19229 tile_pixels=164864 uniform_pixels=0 overview_pixels=0 fallback_pixels=0 resident_tiles=56 fallback_tiles=0 pushes=21 frame_reused=0 pass=1
[19:54:26] TINYDRAW_LIVE_PRESENT kind=pan zoom=400 x=1864 y=495 compose_us=28876 read_submit_us=30132 read_complete_us=30936 transfer_wait_us=19867 tile_pixels=164864 uniform_pixels=0 overview_pixels=0 fallback_pixels=0 resident_tiles=48 fallback_tiles=0 pushes=21 frame_reused=0 pass=1
[19:54:26] TINYDRAW_LIVE_FILL_DONE zoom=400 x=1864 y=495 revision=2045
[19:54:26] TINYDRAW_LIVE_PRESENT kind=pan zoom=400 x=1863 y=494 compose_us=26885 read_submit_us=27938 read_complete_us=28739 transfer_wait_us=19062 tile_pixels=0 uniform_pixels=0 overview_pixels=0 fallback_pixels=0 resident_tiles=0 fallback_tiles=0 pushes=21 frame_reused=1 pass=1
[19:54:27] TINYDRAW_LIVE_PRESENT kind=pan zoom=400 x=1843 y=472 compose_us=29312 read_submit_us=30577 read_complete_us=31383 transfer_wait_us=19422 tile_pixels=0 uniform_pixels=0 overview_pixels=0 fallback_pixels=0 resident_tiles=0 fallback_tiles=0 pushes=21 frame_reused=1 pass=1
[19:54:27] TINYDRAW_LIVE_PRESENT kind=pan zoom=400 x=1799 y=456 compose_us=28762 read_submit_us=30025 read_complete_us=30828 transfer_wait_us=19974 tile_pixels=164864 uniform_pixels=0 overview_pixels=0 fallback_pixels=0 resident_tiles=48 fallback_tiles=0 pushes=21 frame_reused=0 pass=1
[19:54:27] TINYDRAW_LIVE_PRESENT kind=pan zoom=400 x=1746 y=446 compose_us=29722 read_submit_us=30973 read_complete_us=31777 transfer_wait_us=19026 tile_pixels=164256 uniform_pixels=260 overview_pixels=0 fallback_pixels=348 resident_tiles=53 fallback_tiles=3 pushes=21 frame_reused=0 pass=1
[19:54:27] TINYDRAW_LIVE_PRESENT kind=pan zoom=400 x=1708 y=437 compose_us=30800 read_submit_us=32061 read_complete_us=32865 transfer_wait_us=19938 tile_pixels=161520 uniform_pixels=1012 overview_pixels=0 fallback_pixels=2332 resident_tiles=52 fallback_tiles=4 pushes=21 frame_reused=0 pass=1
[19:54:27] TINYDRAW_LIVE_FILL_DONE zoom=400 x=1708 y=437 revision=2045
[19:54:27] TINYDRAW_LIVE_PRESENT kind=pan zoom=400 x=1707 y=438 compose_us=30196 read_submit_us=31241 read_complete_us=32045 transfer_wait_us=19759 tile_pixels=163104 uniform_pixels=1760 overview_pixels=0 fallback_pixels=0 resident_tiles=56 fallback_tiles=0 pushes=21 frame_reused=0 pass=1
[19:54:27] TINYDRAW_LIVE_PRESENT kind=pan zoom=400 x=1686 y=461 compose_us=29693 read_submit_us=30938 read_complete_us=31741 transfer_wait_us=19061 tile_pixels=0 uniform_pixels=0 overview_pixels=0 fallback_pixels=0 resident_tiles=0 fallback_tiles=0 pushes=21 frame_reused=1 pass=1
[19:54:28] TINYDRAW_LIVE_PRESENT kind=pan zoom=400 x=1657 y=504 compose_us=29440 read_submit_us=30692 read_complete_us=31495 transfer_wait_us=19307 tile_pixels=162120 uniform_pixels=0 overview_pixels=0 fallback_pixels=2744 resident_tiles=49 fallback_tiles=7 pushes=21 frame_reused=0 pass=1
[19:54:28] TINYDRAW_LIVE_PRESENT kind=pan zoom=400 x=1647 y=520 compose_us=30164 read_submit_us=31395 read_complete_us=32198 transfer_wait_us=19604 tile_pixels=158472 uniform_pixels=0 overview_pixels=0 fallback_pixels=6392 resident_tiles=50 fallback_tiles=6 pushes=21 frame_reused=0 pass=1
[19:54:28] TINYDRAW_LIVE_PRESENT kind=pan zoom=400 x=1646 y=528 compose_us=30557 read_submit_us=31793 read_complete_us=32597 transfer_wait_us=19206 tile_pixels=158240 uniform_pixels=0 overview_pixels=0 fallback_pixels=6624 resident_tiles=50 fallback_tiles=6 pushes=21 frame_reused=0 pass=1
[19:54:28] TINYDRAW_LIVE_FILL_DONE zoom=400 x=1646 y=528 revision=2045
[19:54:28] TINYDRAW_LIVE_PRESENT kind=pan zoom=400 x=1645 y=528 compose_us=31501 read_submit_us=32552 read_complete_us=33356 transfer_wait_us=19448 tile_pixels=164864 uniform_pixels=0 overview_pixels=0 fallback_pixels=0 resident_tiles=56 fallback_tiles=0 pushes=21 frame_reused=0 pass=1
[19:54:28] TINYDRAW_LIVE_PRESENT kind=pan zoom=400 x=1580 y=541 compose_us=30646 read_submit_us=31896 read_complete_us=32698 transfer_wait_us=19103 tile_pixels=155904 uniform_pixels=0 overview_pixels=0 fallback_pixels=8960 resident_tiles=48 fallback_tiles=8 pushes=21 frame_reused=0 pass=1
[19:54:28] TINYDRAW_LIVE_PRESENT kind=pan zoom=400 x=1472 y=611 compose_us=28732 read_submit_us=29974 read_complete_us=30778 transfer_wait_us=19031 tile_pixels=117952 uniform_pixels=0 overview_pixels=0 fallback_pixels=46912 resident_tiles=35 fallback_tiles=13 pushes=21 frame_reused=0 pass=1
[19:54:29] TINYDRAW_LIVE_PRESENT kind=pan zoom=400 x=1471 y=611 compose_us=29855 read_submit_us=30909 read_complete_us=31712 transfer_wait_us=19091 tile_pixels=142208 uniform_pixels=0 overview_pixels=0 fallback_pixels=22656 resident_tiles=43 fallback_tiles=13 pushes=21 frame_reused=0 pass=1
[19:54:29] TINYDRAW_LIVE_PRESENT kind=pan zoom=400 x=1439 y=649 compose_us=29647 read_submit_us=30905 read_complete_us=31708 transfer_wait_us=19094 tile_pixels=133824 uniform_pixels=0 overview_pixels=0 fallback_pixels=31040 resident_tiles=44 fallback_tiles=12 pushes=21 frame_reused=0 pass=1
[19:54:29] TINYDRAW_LIVE_PRESENT kind=pan zoom=400 x=1392 y=761 compose_us=28885 read_submit_us=30127 read_complete_us=30929 transfer_wait_us=19872 tile_pixels=115136 uniform_pixels=0 overview_pixels=0 fallback_pixels=49728 resident_tiles=37 fallback_tiles=19 pushes=21 frame_reused=0 pass=1
[19:54:29] TINYDRAW_LIVE_PRESENT kind=pan zoom=400 x=1392 y=763 compose_us=29673 read_submit_us=30730 read_complete_us=31534 transfer_wait_us=19270 tile_pixels=151552 uniform_pixels=0 overview_pixels=0 fallback_pixels=13312 resident_tiles=46 fallback_tiles=10 pushes=21 frame_reused=0 pass=1
[19:54:29] TINYDRAW_LIVE_PRESENT kind=pan zoom=400 x=1389 y=812 compose_us=30558 read_submit_us=31816 read_complete_us=32619 transfer_wait_us=19183 tile_pixels=141308 uniform_pixels=0 overview_pixels=0 fallback_pixels=23556 resident_tiles=45 fallback_tiles=11 pushes=21 frame_reused=0 pass=1
[19:54:29] TINYDRAW_LIVE_PRESENT kind=pan zoom=400 x=1386 y=887 compose_us=28724 read_submit_us=29961 read_complete_us=30763 transfer_wait_us=19038 tile_pixels=124166 uniform_pixels=0 overview_pixels=0 fallback_pixels=40698 resident_tiles=41 fallback_tiles=15 pushes=21 frame_reused=0 pass=1
[19:54:29] TINYDRAW_LIVE_PRESENT kind=pan zoom=400 x=1381 y=983 compose_us=28069 read_submit_us=29318 read_complete_us=30121 transfer_wait_us=19681 tile_pixels=99869 uniform_pixels=0 overview_pixels=0 fallback_pixels=64995 resident_tiles=31 fallback_tiles=25 pushes=21 frame_reused=0 pass=1
[19:54:30] TINYDRAW_LIVE_PRESENT kind=pan zoom=400 x=1381 y=986 compose_us=28443 read_submit_us=29499 read_complete_us=30301 transfer_wait_us=19501 tile_pixels=119326 uniform_pixels=0 overview_pixels=0 fallback_pixels=45538 resident_tiles=36 fallback_tiles=20 pushes=21 frame_reused=0 pass=1
[19:54:30] TINYDRAW_LIVE_PRESENT kind=pan zoom=400 x=1403 y=1061 compose_us=28424 read_submit_us=29686 read_complete_us=30489 transfer_wait_us=19313 tile_pixels=101385 uniform_pixels=0 overview_pixels=0 fallback_pixels=63479 resident_tiles=30 fallback_tiles=26 pushes=21 frame_reused=0 pass=1
[19:54:30] TINYDRAW_LIVE_PRESENT kind=pan zoom=400 x=1418 y=1156 compose_us=27009 read_submit_us=28255 read_complete_us=29057 transfer_wait_us=19744 tile_pixels=69440 uniform_pixels=0 overview_pixels=0 fallback_pixels=95424 resident_tiles=18 fallback_tiles=30 pushes=21 frame_reused=0 pass=1
[19:54:30] TINYDRAW_LIVE_PRESENT kind=pan zoom=400 x=1418 y=1157 compose_us=27744 read_submit_us=28797 read_complete_us=29599 transfer_wait_us=19203 tile_pixels=93648 uniform_pixels=0 overview_pixels=0 fallback_pixels=71216 resident_tiles=24 fallback_tiles=24 pushes=21 frame_reused=0 pass=1
[19:54:30] TINYDRAW_LIVE_PRESENT kind=pan zoom=400 x=1425 y=1199 compose_us=27485 read_submit_us=28740 read_complete_us=29542 transfer_wait_us=19259 tile_pixels=79088 uniform_pixels=0 overview_pixels=0 fallback_pixels=85776 resident_tiles=28 fallback_tiles=28 pushes=21 frame_reused=0 pass=1
[19:54:30] TINYDRAW_LIVE_PRESENT kind=pan zoom=400 x=1468 y=1279 compose_us=27277 read_submit_us=28520 read_complete_us=29324 transfer_wait_us=19479 tile_pixels=55152 uniform_pixels=0 overview_pixels=0 fallback_pixels=109712 resident_tiles=21 fallback_tiles=35 pushes=21 frame_reused=0 pass=1
[19:54:31] TINYDRAW_LIVE_PRESENT kind=pan zoom=400 x=1469 y=1281 compose_us=28875 read_submit_us=29898 read_complete_us=30703 transfer_wait_us=19102 tile_pixels=87379 uniform_pixels=0 overview_pixels=0 fallback_pixels=77485 resident_tiles=22 fallback_tiles=34 pushes=21 frame_reused=0 pass=1
[19:54:31] TINYDRAW_LIVE_PRESENT kind=pan zoom=400 x=1531 y=1313 compose_us=28276 read_submit_us=29496 read_complete_us=30298 transfer_wait_us=19503 tile_pixels=83637 uniform_pixels=0 overview_pixels=0 fallback_pixels=81227 resident_tiles=24 fallback_tiles=32 pushes=21 frame_reused=0 pass=1
[19:54:31] TINYDRAW_LIVE_PRESENT kind=pan zoom=400 x=1629 y=1341 compose_us=28002 read_submit_us=29233 read_complete_us=30038 transfer_wait_us=19766 tile_pixels=49129 uniform_pixels=0 overview_pixels=0 fallback_pixels=115735 resident_tiles=20 fallback_tiles=36 pushes=21 frame_reused=0 pass=1
[19:54:31] TINYDRAW_LIVE_PRESENT kind=pan zoom=400 x=1629 y=1338 compose_us=28740 read_submit_us=29780 read_complete_us=30583 transfer_wait_us=19220 tile_pixels=66578 uniform_pixels=0 overview_pixels=0 fallback_pixels=98286 resident_tiles=24 fallback_tiles=32 pushes=21 frame_reused=0 pass=1
[19:54:31] TINYDRAW_LIVE_PRESENT kind=pan zoom=400 x=1640 y=1269 compose_us=28240 read_submit_us=29490 read_complete_us=30292 transfer_wait_us=19509 tile_pixels=86728 uniform_pixels=0 overview_pixels=0 fallback_pixels=78136 resident_tiles=30 fallback_tiles=26 pushes=21 frame_reused=0 pass=1
[19:54:31] TINYDRAW_LIVE_PRESENT kind=pan zoom=400 x=1721 y=1173 compose_us=28066 read_submit_us=29312 read_complete_us=30117 transfer_wait_us=19687 tile_pixels=81773 uniform_pixels=0 overview_pixels=0 fallback_pixels=83091 resident_tiles=28 fallback_tiles=28 pushes=21 frame_reused=0 pass=1
[19:54:32] TINYDRAW_LIVE_PRESENT kind=pan zoom=400 x=1722 y=1170 compose_us=29583 read_submit_us=30642 read_complete_us=31444 transfer_wait_us=19358 tile_pixels=135188 uniform_pixels=0 overview_pixels=0 fallback_pixels=29676 resident_tiles=42 fallback_tiles=14 pushes=21 frame_reused=0 pass=1
[19:54:32] TINYDRAW_LIVE_PRESENT kind=pan zoom=400 x=1789 y=1075 compose_us=30445 read_submit_us=31708 read_complete_us=32511 transfer_wait_us=19291 tile_pixels=118464 uniform_pixels=0 overview_pixels=0 fallback_pixels=46400 resident_tiles=39 fallback_tiles=17 pushes=21 frame_reused=0 pass=1
[19:54:32] TINYDRAW_LIVE_PRESENT kind=pan zoom=400 x=1893 y=996 compose_us=27982 read_submit_us=29228 read_complete_us=30031 transfer_wait_us=19771 tile_pixels=71884 uniform_pixels=0 overview_pixels=0 fallback_pixels=92980 resident_tiles=26 fallback_tiles=30 pushes=21 frame_reused=0 pass=1
[19:54:32] TINYDRAW_LIVE_PRESENT kind=pan zoom=400 x=1892 y=996 compose_us=28260 read_submit_us=29306 read_complete_us=30109 transfer_wait_us=19694 tile_pixels=96816 uniform_pixels=0 overview_pixels=0 fallback_pixels=68048 resident_tiles=32 fallback_tiles=24 pushes=21 frame_reused=0 pass=1
[19:54:32] TINYDRAW_LIVE_PRESENT kind=pan zoom=400 x=1894 y=924 compose_us=28464 read_submit_us=29722 read_complete_us=30524 transfer_wait_us=19277 tile_pixels=104600 uniform_pixels=0 overview_pixels=0 fallback_pixels=60264 resident_tiles=36 fallback_tiles=20 pushes=21 frame_reused=0 pass=1
[19:54:32] TINYDRAW_LIVE_PRESENT kind=pan zoom=400 x=1940 y=820 compose_us=28417 read_submit_us=29666 read_complete_us=30471 transfer_wait_us=19333 tile_pixels=103984 uniform_pixels=0 overview_pixels=0 fallback_pixels=60880 resident_tiles=37 fallback_tiles=19 pushes=21 frame_reused=0 pass=1
[19:54:33] TINYDRAW_LIVE_PRESENT kind=pan zoom=400 x=1938 y=820 compose_us=28885 read_submit_us=29939 read_complete_us=30741 transfer_wait_us=19061 tile_pixels=149528 uniform_pixels=0 overview_pixels=0 fallback_pixels=15336 resident_tiles=48 fallback_tiles=8 pushes=21 frame_reused=0 pass=1
[19:54:33] TINYDRAW_LIVE_PRESENT kind=pan zoom=400 x=1881 y=801 compose_us=29353 read_submit_us=30607 read_complete_us=31409 transfer_wait_us=19392 tile_pixels=155287 uniform_pixels=0 overview_pixels=0 fallback_pixels=9577 resident_tiles=51 fallback_tiles=5 pushes=21 frame_reused=0 pass=1
[19:54:33] TINYDRAW_LIVE_PRESENT kind=pan zoom=400 x=1758 y=757 compose_us=30455 read_submit_us=31698 read_complete_us=32501 transfer_wait_us=19301 tile_pixels=160768 uniform_pixels=0 overview_pixels=0 fallback_pixels=4096 resident_tiles=55 fallback_tiles=1 pushes=21 frame_reused=0 pass=1
[19:54:33] TINYDRAW_LIVE_FILL_DONE zoom=400 x=1758 y=757 revision=2045
[19:54:33] TINYDRAW_LIVE_PRESENT kind=pan zoom=400 x=1757 y=757 compose_us=31567 read_submit_us=32605 read_complete_us=33409 transfer_wait_us=19395 tile_pixels=164864 uniform_pixels=0 overview_pixels=0 fallback_pixels=0 resident_tiles=56 fallback_tiles=0 pushes=21 frame_reused=0 pass=1
[19:54:33] TINYDRAW_LIVE_PRESENT kind=pan zoom=400 x=1719 y=728 compose_us=29110 read_submit_us=30363 read_complete_us=31165 transfer_wait_us=19636 tile_pixels=164864 uniform_pixels=0 overview_pixels=0 fallback_pixels=0 resident_tiles=56 fallback_tiles=0 pushes=21 frame_reused=0 pass=1
[19:54:33] TINYDRAW_LIVE_PRESENT kind=pan zoom=400 x=1677 y=668 compose_us=30768 read_submit_us=32013 read_complete_us=32813 transfer_wait_us=19986 tile_pixels=164864 uniform_pixels=0 overview_pixels=0 fallback_pixels=0 resident_tiles=48 fallback_tiles=0 pushes=21 frame_reused=0 pass=1
[19:54:33] TINYDRAW_LIVE_PRESENT kind=pan zoom=400 x=1644 y=630 compose_us=30837 read_submit_us=32076 read_complete_us=32878 transfer_wait_us=19923 tile_pixels=164864 uniform_pixels=0 overview_pixels=0 fallback_pixels=0 resident_tiles=56 fallback_tiles=0 pushes=21 frame_reused=0 pass=1
[19:54:33] TINYDRAW_LIVE_FILL_DONE zoom=400 x=1644 y=630 revision=2045
[19:54:34] TINYDRAW_LIVE_PRESENT kind=pan zoom=400 x=1643 y=628 compose_us=27061 read_submit_us=28108 read_complete_us=28911 transfer_wait_us=19892 tile_pixels=0 uniform_pixels=0 overview_pixels=0 fallback_pixels=0 resident_tiles=0 fallback_tiles=0 pushes=21 frame_reused=1 pass=1
[19:54:34] TINYDRAW_LIVE_PRESENT kind=pan zoom=400 x=1635 y=607 compose_us=28154 read_submit_us=29411 read_complete_us=30216 transfer_wait_us=19588 tile_pixels=0 uniform_pixels=0 overview_pixels=0 fallback_pixels=0 resident_tiles=0 fallback_tiles=0 pushes=21 frame_reused=1 pass=1
[19:54:34] TINYDRAW_LIVE_PRESENT kind=pan zoom=400 x=1631 y=548 compose_us=30292 read_submit_us=31550 read_complete_us=32355 transfer_wait_us=19449 tile_pixels=164864 uniform_pixels=0 overview_pixels=0 fallback_pixels=0 resident_tiles=56 fallback_tiles=0 pushes=21 frame_reused=0 pass=1
[19:54:34] TINYDRAW_LIVE_PRESENT kind=pan zoom=400 x=1637 y=500 compose_us=29520 read_submit_us=30769 read_complete_us=31571 transfer_wait_us=19230 tile_pixels=164540 uniform_pixels=0 overview_pixels=0 fallback_pixels=324 resident_tiles=55 fallback_tiles=1 pushes=21 frame_reused=0 pass=1
[19:54:34] TINYDRAW_LIVE_PRESENT kind=pan zoom=400 x=1653 y=476 compose_us=29649 read_submit_us=30891 read_complete_us=31695 transfer_wait_us=19108 tile_pixels=164468 uniform_pixels=0 overview_pixels=0 fallback_pixels=396 resident_tiles=55 fallback_tiles=1 pushes=21 frame_reused=0 pass=1
[19:54:34] TINYDRAW_LIVE_FILL_DONE zoom=400 x=1653 y=476 revision=2045
[19:54:34] TINYDRAW_LIVE_PRESENT kind=pan zoom=400 x=1652 y=475 compose_us=29538 read_submit_us=30577 read_complete_us=31381 transfer_wait_us=19423 tile_pixels=164864 uniform_pixels=0 overview_pixels=0 fallback_pixels=0 resident_tiles=56 fallback_tiles=0 pushes=21 frame_reused=0 pass=1
[19:54:34] TINYDRAW_LIVE_PRESENT kind=pan zoom=400 x=1643 y=440 compose_us=30658 read_submit_us=31912 read_complete_us=32714 transfer_wait_us=19087 tile_pixels=163456 uniform_pixels=1240 overview_pixels=0 fallback_pixels=168 resident_tiles=55 fallback_tiles=1 pushes=21 frame_reused=0 pass=1
[19:54:34] TINYDRAW_LIVE_PRESENT kind=pan zoom=400 x=1640 y=369 compose_us=28949 read_submit_us=30203 read_complete_us=31008 transfer_wait_us=19796 tile_pixels=149400 uniform_pixels=9728 overview_pixels=0 fallback_pixels=5736 resident_tiles=50 fallback_tiles=6 pushes=21 frame_reused=0 pass=1
[19:54:34] TINYDRAW_LIVE_PRESENT kind=pan zoom=400 x=1653 y=321 compose_us=28696 read_submit_us=29936 read_complete_us=30738 transfer_wait_us=19063 tile_pixels=136779 uniform_pixels=10560 overview_pixels=0 fallback_pixels=17525 resident_tiles=50 fallback_tiles=6 pushes=21 frame_reused=0 pass=1
[19:54:35] TINYDRAW_LIVE_FILL_DONE zoom=400 x=1653 y=321 revision=2045
[19:54:35] TINYDRAW_LIVE_PRESENT kind=pan zoom=400 x=1652 y=321 compose_us=28807 read_submit_us=29853 read_complete_us=30656 transfer_wait_us=19147 tile_pixels=153600 uniform_pixels=11264 overview_pixels=0 fallback_pixels=0 resident_tiles=56 fallback_tiles=0 pushes=21 frame_reused=0 pass=1
[19:54:35] TINYDRAW_LIVE_PRESENT kind=pan zoom=400 x=1592 y=288 compose_us=28681 read_submit_us=29937 read_complete_us=30739 transfer_wait_us=19062 tile_pixels=139520 uniform_pixels=12288 overview_pixels=0 fallback_pixels=13056 resident_tiles=45 fallback_tiles=11 pushes=21 frame_reused=0 pass=1
[19:54:35] TINYDRAW_LIVE_PRESENT kind=pan zoom=400 x=1473 y=234 compose_us=27528 read_submit_us=28777 read_complete_us=29582 transfer_wait_us=19222 tile_pixels=77642 uniform_pixels=12288 overview_pixels=0 fallback_pixels=74934 resident_tiles=25 fallback_tiles=23 pushes=21 frame_reused=0 pass=1
[19:54:35] TINYDRAW_LIVE_PRESENT kind=pan zoom=400 x=1470 y=233 compose_us=28553 read_submit_us=29610 read_complete_us=30413 transfer_wait_us=19390 tile_pixels=92638 uniform_pixels=12288 overview_pixels=0 fallback_pixels=59938 resident_tiles=29 fallback_tiles=27 pushes=21 frame_reused=0 pass=1
[19:54:35] TINYDRAW_LIVE_PRESENT kind=pan zoom=400 x=1407 y=221 compose_us=27839 read_submit_us=29106 read_complete_us=29909 transfer_wait_us=19893 tile_pixels=68115 uniform_pixels=11200 overview_pixels=0 fallback_pixels=85549 resident_tiles=23 fallback_tiles=33 pushes=21 frame_reused=0 pass=1
[19:54:35] TINYDRAW_LIVE_PRESENT kind=pan zoom=400 x=1290 y=214 compose_us=26556 read_submit_us=27805 read_complete_us=28607 transfer_wait_us=19194 tile_pixels=33916 uniform_pixels=3712 overview_pixels=0 fallback_pixels=127236 resident_tiles=11 fallback_tiles=37 pushes=21 frame_reused=0 pass=1
[19:54:35] TINYDRAW_LIVE_PRESENT kind=pan zoom=400 x=1250 y=209 compose_us=26217 read_submit_us=27472 read_complete_us=28275 transfer_wait_us=19527 tile_pixels=22386 uniform_pixels=1152 overview_pixels=0 fallback_pixels=141326 resident_tiles=11 fallback_tiles=45 pushes=21 frame_reused=0 pass=1
[19:54:36] TINYDRAW_LIVE_PRESENT kind=pan zoom=400 x=1248 y=205 compose_us=26209 read_submit_us=27267 read_complete_us=28070 transfer_wait_us=19733 tile_pixels=33808 uniform_pixels=5120 overview_pixels=0 fallback_pixels=125936 resident_tiles=15 fallback_tiles=41 pushes=21 frame_reused=0 pass=1
[19:54:36] TINYDRAW_LIVE_PRESENT kind=pan zoom=400 x=1204 y=127 compose_us=25436 read_submit_us=26702 read_complete_us=27505 transfer_wait_us=19297 tile_pixels=19164 uniform_pixels=4096 overview_pixels=0 fallback_pixels=141604 resident_tiles=7 fallback_tiles=49 pushes=21 frame_reused=0 pass=1
[19:54:36] TINYDRAW_LIVE_PRESENT kind=pan zoom=400 x=1152 y=31 compose_us=24586 read_submit_us=25828 read_complete_us=26630 transfer_wait_us=19171 tile_pixels=6544 uniform_pixels=4096 overview_pixels=0 fallback_pixels=154224 resident_tiles=4 fallback_tiles=44 pushes=21 frame_reused=0 pass=1
[19:54:36] TINYDRAW_LIVE_PRESENT kind=pan zoom=400 x=1138 y=0 compose_us=24344 read_submit_us=25601 read_complete_us=26405 transfer_wait_us=19398 tile_pixels=2176 uniform_pixels=4096 overview_pixels=0 fallback_pixels=158592 resident_tiles=2 fallback_tiles=47 pushes=21 frame_reused=0 pass=1
[19:54:37] TINYDRAW_LIVE_PRESENT kind=pan zoom=400 x=1137 y=0 compose_us=26933 read_submit_us=27971 read_complete_us=28772 transfer_wait_us=19029 tile_pixels=88256 uniform_pixels=12288 overview_pixels=0 fallback_pixels=64320 resident_tiles=26 fallback_tiles=23 pushes=21 frame_reused=0 pass=1
[19:54:37] TINYDRAW_LIVE_PRESENT kind=pan zoom=400 x=1125 y=0 compose_us=26838 read_submit_us=28100 read_complete_us=28902 transfer_wait_us=19899 tile_pixels=85952 uniform_pixels=12288 overview_pixels=0 fallback_pixels=66624 resident_tiles=26 fallback_tiles=23 pushes=21 frame_reused=0 pass=1
[19:54:37] TINYDRAW_LIVE_PRESENT kind=pan zoom=400 x=1115 y=0 compose_us=27219 read_submit_us=28468 read_complete_us=29271 transfer_wait_us=19531 tile_pixels=84032 uniform_pixels=12288 overview_pixels=0 fallback_pixels=68544 resident_tiles=26 fallback_tiles=23 pushes=21 frame_reused=0 pass=1
[19:54:37] TINYDRAW_LIVE_FILL_DONE zoom=400 x=1115 y=0 revision=2045
[19:54:38] TINYDRAW_LIVE_PRESENT kind=pan zoom=400 x=1115 y=1 compose_us=29538 read_submit_us=30600 read_complete_us=31402 transfer_wait_us=19400 tile_pixels=141888 uniform_pixels=22683 overview_pixels=0 fallback_pixels=293 resident_tiles=51 fallback_tiles=5 pushes=21 frame_reused=0 pass=1
[19:54:38] TINYDRAW_LIVE_PRESENT kind=pan zoom=400 x=1153 y=43 compose_us=28225 read_submit_us=29488 read_complete_us=30292 transfer_wait_us=19511 tile_pixels=138923 uniform_pixels=14976 overview_pixels=0 fallback_pixels=10965 resident_tiles=44 fallback_tiles=4 pushes=21 frame_reused=0 pass=1
[19:54:38] TINYDRAW_LIVE_PRESENT kind=pan zoom=400 x=1313 y=91 compose_us=28148 read_submit_us=29400 read_complete_us=30202 transfer_wait_us=19599 tile_pixels=100102 uniform_pixels=15360 overview_pixels=0 fallback_pixels=49402 resident_tiles=37 fallback_tiles=19 pushes=21 frame_reused=0 pass=1
[19:54:38] TINYDRAW_LIVE_PRESENT kind=pan zoom=400 x=1313 y=92 compose_us=28267 read_submit_us=29323 read_complete_us=30124 transfer_wait_us=19677 tile_pixels=112312 uniform_pixels=15360 overview_pixels=0 fallback_pixels=37192 resident_tiles=40 fallback_tiles=16 pushes=21 frame_reused=0 pass=1
[19:54:38] TINYDRAW_LIVE_PRESENT kind=pan zoom=400 x=1342 y=125 compose_us=28938 read_submit_us=30202 read_complete_us=31004 transfer_wait_us=19797 tile_pixels=107708 uniform_pixels=15360 overview_pixels=0 fallback_pixels=41796 resident_tiles=40 fallback_tiles=16 pushes=21 frame_reused=0 pass=1
[19:54:38] TINYDRAW_LIVE_PRESENT kind=pan zoom=400 x=1428 y=176 compose_us=28416 read_submit_us=29667 read_complete_us=30470 transfer_wait_us=19332 tile_pixels=108416 uniform_pixels=15104 overview_pixels=0 fallback_pixels=41344 resident_tiles=39 fallback_tiles=17 pushes=21 frame_reused=0 pass=1
[19:54:39] TINYDRAW_LIVE_PRESENT kind=pan zoom=400 x=1428 y=175 compose_us=28883 read_submit_us=29938 read_complete_us=30740 transfer_wait_us=19062 tile_pixels=138812 uniform_pixels=15104 overview_pixels=0 fallback_pixels=10948 resident_tiles=49 fallback_tiles=7 pushes=21 frame_reused=0 pass=1
[19:54:39] TINYDRAW_LIVE_PRESENT kind=pan zoom=400 x=1440 y=122 compose_us=28996 read_submit_us=30259 read_complete_us=31061 transfer_wait_us=19740 tile_pixels=129440 uniform_pixels=14336 overview_pixels=0 fallback_pixels=21088 resident_tiles=44 fallback_tiles=12 pushes=21 frame_reused=0 pass=1
[19:54:39] TINYDRAW_LIVE_PRESENT kind=pan zoom=400 x=1468 y=38 compose_us=29220 read_submit_us=30473 read_complete_us=31277 transfer_wait_us=19526 tile_pixels=100384 uniform_pixels=12648 overview_pixels=0 fallback_pixels=51832 resident_tiles=39 fallback_tiles=17 pushes=21 frame_reused=0 pass=1
[19:54:39] TINYDRAW_LIVE_PRESENT kind=pan zoom=400 x=1504 y=0 compose_us=27373 read_submit_us=28630 read_complete_us=29432 transfer_wait_us=19369 tile_pixels=77824 uniform_pixels=12288 overview_pixels=0 fallback_pixels=74752 resident_tiles=27 fallback_tiles=22 pushes=21 frame_reused=0 pass=1
[19:54:40] TINYDRAW_LIVE_FILL_DONE zoom=400 x=1504 y=0 revision=2045
[19:54:40] TINYDRAW_LIVE_PRESENT kind=pan zoom=400 x=1505 y=0 compose_us=27686 read_submit_us=28737 read_complete_us=29540 transfer_wait_us=19263 tile_pixels=136192 uniform_pixels=28672 overview_pixels=0 fallback_pixels=0 resident_tiles=49 fallback_tiles=0 pushes=21 frame_reused=0 pass=1
[19:54:40] TINYDRAW_LIVE_PRESENT kind=pan zoom=400 x=1519 y=0 compose_us=27305 read_submit_us=28566 read_complete_us=29370 transfer_wait_us=19433 tile_pixels=0 uniform_pixels=0 overview_pixels=0 fallback_pixels=0 resident_tiles=0 fallback_tiles=0 pushes=21 frame_reused=1 pass=1
[19:54:40] TINYDRAW_LIVE_PRESENT kind=pan zoom=400 x=1550 y=3 compose_us=28614 read_submit_us=29858 read_complete_us=30663 transfer_wait_us=19141 tile_pixels=0 uniform_pixels=0 overview_pixels=0 fallback_pixels=0 resident_tiles=0 fallback_tiles=0 pushes=21 frame_reused=1 pass=1
[19:54:40] TINYDRAW_LIVE_PRESENT kind=pan zoom=400 x=1566 y=7 compose_us=29049 read_submit_us=48084 read_complete_us=48888 transfer_wait_us=19915 tile_pixels=135760 uniform_pixels=25618 overview_pixels=0 fallback_pixels=3486 resident_tiles=52 fallback_tiles=4 pushes=21 frame_reused=0 pass=1
[19:54:40] TINYDRAW_LIVE_PRESENT kind=pan zoom=400 x=1581 y=14 compose_us=29813 read_submit_us=31068 read_complete_us=31871 transfer_wait_us=19931 tile_pixels=134112 uniform_pixels=23734 overview_pixels=0 fallback_pixels=7018 resident_tiles=52 fallback_tiles=4 pushes=21 frame_reused=0 pass=1
[19:54:40] TINYDRAW_LIVE_PRESENT kind=pan zoom=400 x=1605 y=21 compose_us=27614 read_submit_us=28860 read_complete_us=29663 transfer_wait_us=19139 tile_pixels=131056 uniform_pixels=21353 overview_pixels=0 fallback_pixels=12455 resident_tiles=44 fallback_tiles=4 pushes=21 frame_reused=0 pass=1
[19:54:40] TINYDRAW_LIVE_PRESENT kind=pan zoom=400 x=1615 y=25 compose_us=28377 read_submit_us=29626 read_complete_us=30430 transfer_wait_us=19373 tile_pixels=130480 uniform_pixels=19831 overview_pixels=0 fallback_pixels=14553 resident_tiles=44 fallback_tiles=4 pushes=21 frame_reused=0 pass=1
[19:54:40] TINYDRAW_LIVE_PRESENT kind=pan zoom=400 x=1673 y=53 compose_us=27504 read_submit_us=28754 read_complete_us=29558 transfer_wait_us=19245 tile_pixels=121264 uniform_pixels=15389 overview_pixels=0 fallback_pixels=28211 resident_tiles=39 fallback_tiles=9 pushes=21 frame_reused=0 pass=1
[19:54:41] TINYDRAW_LIVE_FILL_DONE zoom=400 x=1673 y=53 revision=2045
[19:54:41] TINYDRAW_LIVE_PRESENT kind=pan zoom=400 x=1674 y=53 compose_us=28357 read_submit_us=29403 read_complete_us=30206 transfer_wait_us=19597 tile_pixels=148912 uniform_pixels=15952 overview_pixels=0 fallback_pixels=0 resident_tiles=48 fallback_tiles=0 pushes=21 frame_reused=0 pass=1
[19:54:41] TINYDRAW_LIVE_PRESENT kind=pan zoom=400 x=1688 y=55 compose_us=28225 read_submit_us=47579 read_complete_us=48383 transfer_wait_us=19420 tile_pixels=147472 uniform_pixels=14760 overview_pixels=0 fallback_pixels=2632 resident_tiles=50 fallback_tiles=6 pushes=21 frame_reused=0 pass=1
[19:54:41] TINYDRAW_LIVE_PRESENT kind=pan zoom=400 x=1713 y=61 compose_us=28218 read_submit_us=29472 read_complete_us=30276 transfer_wait_us=19527 tile_pixels=141744 uniform_pixels=12461 overview_pixels=0 fallback_pixels=10659 resident_tiles=50 fallback_tiles=6 pushes=21 frame_reused=0 pass=1
[19:54:41] TINYDRAW_LIVE_PRESENT kind=pan zoom=400 x=1752 y=66 compose_us=27994 read_submit_us=29244 read_complete_us=30046 transfer_wait_us=19755 tile_pixels=130704 uniform_pixels=11264 overview_pixels=0 fallback_pixels=22896 resident_tiles=46 fallback_tiles=10 pushes=21 frame_reused=0 pass=1
[19:54:41] TINYDRAW_LIVE_PRESENT kind=pan zoom=400 x=1783 y=78 compose_us=27764 read_submit_us=29018 read_complete_us=29818 transfer_wait_us=19981 tile_pixels=122082 uniform_pixels=11264 overview_pixels=0 fallback_pixels=31518 resident_tiles=46 fallback_tiles=10 pushes=21 frame_reused=0 pass=1
[19:54:41] TINYDRAW_LIVE_PRESENT kind=pan zoom=400 x=1783 y=79 compose_us=28243 read_submit_us=29296 read_complete_us=30098 transfer_wait_us=19704 tile_pixels=148553 uniform_pixels=11264 overview_pixels=0 fallback_pixels=5047 resident_tiles=54 fallback_tiles=2 pushes=21 frame_reused=0 pass=1
[19:54:41] TINYDRAW_LIVE_PRESENT kind=pan zoom=400 x=1820 y=91 compose_us=29923 read_submit_us=31184 read_complete_us=31986 transfer_wait_us=19815 tile_pixels=143556 uniform_pixels=13056 overview_pixels=0 fallback_pixels=8252 resident_tiles=49 fallback_tiles=7 pushes=21 frame_reused=0 pass=1
[19:54:41] TINYDRAW_LIVE_PRESENT kind=pan zoom=400 x=1968 y=64 compose_us=27237 read_submit_us=28488 read_complete_us=29291 transfer_wait_us=19511 tile_pixels=76800 uniform_pixels=16384 overview_pixels=0 fallback_pixels=71680 resident_tiles=28 fallback_tiles=21 pushes=21 frame_reused=0 pass=1
[19:54:42] TINYDRAW_LIVE_PRESENT kind=pan zoom=400 x=1968 y=65 compose_us=28247 read_submit_us=29302 read_complete_us=30104 transfer_wait_us=19698 tile_pixels=117952 uniform_pixels=16384 overview_pixels=0 fallback_pixels=30528 resident_tiles=43 fallback_tiles=13 pushes=21 frame_reused=0 pass=1
[19:54:42] TINYDRAW_LIVE_PRESENT kind=pan zoom=400 x=2010 y=93 compose_us=28502 read_submit_us=29755 read_complete_us=30557 transfer_wait_us=19244 tile_pixels=106176 uniform_pixels=15010 overview_pixels=0 fallback_pixels=43678 resident_tiles=36 fallback_tiles=20 pushes=21 frame_reused=0 pass=1
[19:54:42] TINYDRAW_LIVE_PRESENT kind=pan zoom=400 x=2085 y=146 compose_us=27514 read_submit_us=28762 read_complete_us=29565 transfer_wait_us=19237 tile_pixels=80154 uniform_pixels=15360 overview_pixels=0 fallback_pixels=69350 resident_tiles=29 fallback_tiles=27 pushes=21 frame_reused=0 pass=1
[19:54:42] TINYDRAW_LIVE_PRESENT kind=pan zoom=400 x=2085 y=147 compose_us=28337 read_submit_us=29391 read_complete_us=30193 transfer_wait_us=19609 tile_pixels=112703 uniform_pixels=15360 overview_pixels=0 fallback_pixels=36801 resident_tiles=37 fallback_tiles=19 pushes=21 frame_reused=0 pass=1
[19:54:42] TINYDRAW_LIVE_PRESENT kind=pan zoom=400 x=2140 y=185 compose_us=28781 read_submit_us=30047 read_complete_us=30850 transfer_wait_us=19952 tile_pixels=86396 uniform_pixels=15360 overview_pixels=0 fallback_pixels=63108 resident_tiles=31 fallback_tiles=25 pushes=21 frame_reused=0 pass=1
[19:54:43] TINYDRAW_LIVE_PRESENT kind=pan zoom=400 x=2139 y=186 compose_us=28885 read_submit_us=29935 read_complete_us=30737 transfer_wait_us=19065 tile_pixels=102878 uniform_pixels=15360 overview_pixels=0 fallback_pixels=46626 resident_tiles=36 fallback_tiles=20 pushes=21 frame_reused=0 pass=1
[19:54:43] TINYDRAW_LIVE_PRESENT kind=pan zoom=400 x=2126 y=241 compose_us=28487 read_submit_us=29751 read_complete_us=30554 transfer_wait_us=19248 tile_pixels=97262 uniform_pixels=15360 overview_pixels=0 fallback_pixels=52242 resident_tiles=31 fallback_tiles=17 pushes=21 frame_reused=0 pass=1
[19:54:43] TINYDRAW_LIVE_PRESENT kind=pan zoom=400 x=2113 y=352 compose_us=27184 read_submit_us=28432 read_complete_us=29236 transfer_wait_us=19567 tile_pixels=78656 uniform_pixels=15360 overview_pixels=0 fallback_pixels=70848 resident_tiles=28 fallback_tiles=20 pushes=21 frame_reused=0 pass=1
[19:54:43] TINYDRAW_LIVE_PRESENT kind=pan zoom=400 x=2113 y=354 compose_us=27785 read_submit_us=28835 read_complete_us=29637 transfer_wait_us=19165 tile_pixels=107200 uniform_pixels=15360 overview_pixels=0 fallback_pixels=42304 resident_tiles=35 fallback_tiles=13 pushes=21 frame_reused=0 pass=1
[19:54:43] TINYDRAW_LIVE_PRESENT kind=pan zoom=400 x=2141 y=386 compose_us=29233 read_submit_us=30494 read_complete_us=31296 transfer_wait_us=19505 tile_pixels=99974 uniform_pixels=15968 overview_pixels=0 fallback_pixels=48922 resident_tiles=38 fallback_tiles=18 pushes=21 frame_reused=0 pass=1
[19:54:43] TINYDRAW_LIVE_PRESENT kind=pan zoom=400 x=2196 y=417 compose_us=27971 read_submit_us=29228 read_complete_us=30031 transfer_wait_us=19771 tile_pixels=85868 uniform_pixels=15768 overview_pixels=0 fallback_pixels=63228 resident_tiles=33 fallback_tiles=23 pushes=21 frame_reused=0 pass=1
[19:54:44] TINYDRAW_LIVE_FILL_DONE zoom=400 x=2196 y=417 revision=2045
[19:54:44] TINYDRAW_LIVE_PRESENT kind=pan zoom=400 x=2197 y=418 compose_us=29034 read_submit_us=30082 read_complete_us=30886 transfer_wait_us=19918 tile_pixels=149196 uniform_pixels=15668 overview_pixels=0 fallback_pixels=0 resident_tiles=56 fallback_tiles=0 pushes=21 frame_reused=0 pass=1
[19:54:44] TINYDRAW_LIVE_PRESENT kind=pan zoom=400 x=2260 y=480 compose_us=29023 read_submit_us=30279 read_complete_us=31081 transfer_wait_us=19720 tile_pixels=138496 uniform_pixels=16640 overview_pixels=0 fallback_pixels=9728 resident_tiles=45 fallback_tiles=11 pushes=21 frame_reused=0 pass=1
[19:54:44] TINYDRAW_LIVE_PRESENT kind=pan zoom=400 x=2337 y=590 compose_us=27363 read_submit_us=28617 read_complete_us=29421 transfer_wait_us=19382 tile_pixels=79502 uniform_pixels=20480 overview_pixels=0 fallback_pixels=64882 resident_tiles=29 fallback_tiles=27 pushes=21 frame_reused=0 pass=1
[19:54:45] TINYDRAW_LIVE_PRESENT kind=pan zoom=400 x=2337 y=591 compose_us=28927 read_submit_us=29982 read_complete_us=30784 transfer_wait_us=19026 tile_pixels=135855 uniform_pixels=20480 overview_pixels=0 fallback_pixels=8529 resident_tiles=46 fallback_tiles=10 pushes=21 frame_reused=0 pass=1
[19:54:45] TINYDRAW_LIVE_PRESENT kind=pan zoom=400 x=2363 y=657 compose_us=28959 read_submit_us=30225 read_complete_us=31027 transfer_wait_us=19774 tile_pixels=109072 uniform_pixels=20480 overview_pixels=0 fallback_pixels=35312 resident_tiles=40 fallback_tiles=16 pushes=21 frame_reused=0 pass=1
[19:54:45] TINYDRAW_LIVE_PRESENT kind=pan zoom=400 x=2427 y=775 compose_us=27703 read_submit_us=28946 read_complete_us=29750 transfer_wait_us=19053 tile_pixels=64221 uniform_pixels=11264 overview_pixels=0 fallback_pixels=89379 resident_tiles=23 fallback_tiles=33 pushes=21 frame_reused=0 pass=1
[19:54:46] TINYDRAW_LIVE_PRESENT kind=pan zoom=400 x=2468 y=821 compose_us=26458 read_submit_us=27717 read_complete_us=28519 transfer_wait_us=19282 tile_pixels=41268 uniform_pixels=12288 overview_pixels=0 fallback_pixels=111308 resident_tiles=19 fallback_tiles=37 pushes=21 frame_reused=0 pass=1
[19:54:46] TINYDRAW_LIVE_PRESENT kind=pan zoom=400 x=2468 y=823 compose_us=26746 read_submit_us=27793 read_complete_us=28595 transfer_wait_us=19207 tile_pixels=52988 uniform_pixels=16384 overview_pixels=0 fallback_pixels=95492 resident_tiles=23 fallback_tiles=33 pushes=21 frame_reused=0 pass=1
[19:54:46] TINYDRAW_LIVE_PRESENT kind=pan zoom=400 x=2464 y=883 compose_us=26555 read_submit_us=27812 read_complete_us=28615 transfer_wait_us=19187 tile_pixels=39776 uniform_pixels=9856 overview_pixels=0 fallback_pixels=115232 resident_tiles=18 fallback_tiles=38 pushes=21 frame_reused=0 pass=1
[19:54:46] TINYDRAW_LIVE_PRESENT kind=pan zoom=400 x=2436 y=998 compose_us=25600 read_submit_us=26850 read_complete_us=27653 transfer_wait_us=19149 tile_pixels=17176 uniform_pixels=5760 overview_pixels=0 fallback_pixels=141928 resident_tiles=8 fallback_tiles=40 pushes=21 frame_reused=0 pass=1
[19:54:46] TINYDRAW_LIVE_PRESENT kind=pan zoom=400 x=2435 y=998 compose_us=26084 read_submit_us=27143 read_complete_us=27944 transfer_wait_us=19857 tile_pixels=33586 uniform_pixels=5760 overview_pixels=0 fallback_pixels=125518 resident_tiles=12 fallback_tiles=36 pushes=21 frame_reused=0 pass=1
[19:54:46] TINYDRAW_LIVE_PRESENT kind=pan zoom=400 x=2391 y=1012 compose_us=26402 read_submit_us=27660 read_complete_us=28462 transfer_wait_us=19339 tile_pixels=31468 uniform_pixels=4864 overview_pixels=0 fallback_pixels=128532 resident_tiles=13 fallback_tiles=43 pushes=21 frame_reused=0 pass=1
[19:54:46] TINYDRAW_LIVE_PRESENT kind=pan zoom=400 x=2263 y=1076 compose_us=25939 read_submit_us=27191 read_complete_us=27994 transfer_wait_us=19808 tile_pixels=13504 uniform_pixels=4096 overview_pixels=0 fallback_pixels=147264 resident_tiles=10 fallback_tiles=46 pushes=21 frame_reused=0 pass=1
[19:54:47] TINYDRAW_LIVE_PRESENT kind=pan zoom=400 x=2261 y=1076 compose_us=26720 read_submit_us=27761 read_complete_us=28564 transfer_wait_us=19239 tile_pixels=46016 uniform_pixels=4096 overview_pixels=0 fallback_pixels=114752 resident_tiles=18 fallback_tiles=38 pushes=21 frame_reused=0 pass=1
[19:54:47] TINYDRAW_LIVE_PRESENT kind=pan zoom=400 x=2159 y=1114 compose_us=26714 read_submit_us=27965 read_complete_us=28767 transfer_wait_us=19034 tile_pixels=37318 uniform_pixels=0 overview_pixels=0 fallback_pixels=127546 resident_tiles=14 fallback_tiles=42 pushes=21 frame_reused=0 pass=1
[19:54:47] TINYDRAW_LIVE_PRESENT kind=pan zoom=400 x=2071 y=1205 compose_us=26413 read_submit_us=27659 read_complete_us=28464 transfer_wait_us=19340 tile_pixels=29251 uniform_pixels=0 overview_pixels=0 fallback_pixels=135613 resident_tiles=11 fallback_tiles=45 pushes=21 frame_reused=0 pass=1
[19:54:47] TINYDRAW_LIVE_PRESENT kind=pan zoom=400 x=2064 y=1206 compose_us=26855 read_submit_us=27875 read_complete_us=28679 transfer_wait_us=19125 tile_pixels=61536 uniform_pixels=0 overview_pixels=0 fallback_pixels=103328 resident_tiles=17 fallback_tiles=31 pushes=21 frame_reused=0 pass=1
[19:54:47] TINYDRAW_LIVE_PRESENT kind=pan zoom=400 x=1938 y=1252 compose_us=26692 read_submit_us=27912 read_complete_us=28714 transfer_wait_us=19087 tile_pixels=40704 uniform_pixels=0 overview_pixels=0 fallback_pixels=124160 resident_tiles=13 fallback_tiles=43 pushes=21 frame_reused=0 pass=1
[19:54:47] TINYDRAW_LIVE_PRESENT kind=pan zoom=400 x=1937 y=1251 compose_us=27356 read_submit_us=28416 read_complete_us=29217 transfer_wait_us=19584 tile_pixels=73472 uniform_pixels=0 overview_pixels=0 fallback_pixels=91392 resident_tiles=21 fallback_tiles=35 pushes=21 frame_reused=0 pass=1
[19:54:47] TINYDRAW_LIVE_PRESENT kind=pan zoom=400 x=1915 y=1236 compose_us=27870 read_submit_us=29129 read_complete_us=29931 transfer_wait_us=19870 tile_pixels=69888 uniform_pixels=0 overview_pixels=0 fallback_pixels=94976 resident_tiles=19 fallback_tiles=37 pushes=21 frame_reused=0 pass=1
[19:54:48] TINYDRAW_LIVE_PRESENT kind=pan zoom=400 x=1838 y=1208 compose_us=27624 read_submit_us=28861 read_complete_us=29665 transfer_wait_us=19138 tile_pixels=54416 uniform_pixels=0 overview_pixels=0 fallback_pixels=110448 resident_tiles=21 fallback_tiles=35 pushes=21 frame_reused=0 pass=1
[19:54:48] TINYDRAW_LIVE_PRESENT kind=pan zoom=400 x=1764 y=1200 compose_us=26521 read_submit_us=27765 read_complete_us=28567 transfer_wait_us=19234 tile_pixels=32704 uniform_pixels=0 overview_pixels=0 fallback_pixels=132160 resident_tiles=18 fallback_tiles=38 pushes=21 frame_reused=0 pass=1
[19:54:48] TINYDRAW_LIVE_PRESENT kind=pan zoom=400 x=1754 y=1210 compose_us=26386 read_submit_us=27631 read_complete_us=28435 transfer_wait_us=19368 tile_pixels=26084 uniform_pixels=0 overview_pixels=0 fallback_pixels=138780 resident_tiles=18 fallback_tiles=38 pushes=21 frame_reused=0 pass=1
[19:54:48] TINYDRAW_LIVE_PRESENT kind=pan zoom=400 x=1807 y=1262 compose_us=26539 read_submit_us=27784 read_complete_us=28586 transfer_wait_us=19215 tile_pixels=38830 uniform_pixels=0 overview_pixels=0 fallback_pixels=126034 resident_tiles=11 fallback_tiles=37 pushes=21 frame_reused=0 pass=1
[19:54:48] TINYDRAW_LIVE_PRESENT kind=pan zoom=400 x=1969 y=1327 compose_us=27157 read_submit_us=28401 read_complete_us=29204 transfer_wait_us=19598 tile_pixels=66289 uniform_pixels=0 overview_pixels=0 fallback_pixels=98575 resident_tiles=19 fallback_tiles=37 pushes=21 frame_reused=0 pass=1
[19:54:48] TINYDRAW_LIVE_PRESENT kind=pan zoom=400 x=1971 y=1327 compose_us=27280 read_submit_us=28331 read_complete_us=29133 transfer_wait_us=19669 tile_pixels=82835 uniform_pixels=0 overview_pixels=0 fallback_pixels=82029 resident_tiles=23 fallback_tiles=33 pushes=21 frame_reused=0 pass=1
[19:54:48] TINYDRAW_LIVE_PRESENT kind=pan zoom=400 x=2110 y=1340 compose_us=28094 read_submit_us=29351 read_complete_us=30153 transfer_wait_us=19648 tile_pixels=74296 uniform_pixels=0 overview_pixels=0 fallback_pixels=90568 resident_tiles=27 fallback_tiles=29 pushes=21 frame_reused=0 pass=1
[19:54:48] TINYDRAW_LIVE_PRESENT kind=pan zoom=400 x=2113 y=1339 compose_us=27352 read_submit_us=28406 read_complete_us=29209 transfer_wait_us=19594 tile_pixels=90357 uniform_pixels=0 overview_pixels=0 fallback_pixels=74507 resident_tiles=27 fallback_tiles=21 pushes=21 frame_reused=0 pass=1
[19:54:48] TINYDRAW_LIVE_PRESENT kind=pan zoom=400 x=2242 y=1328 compose_us=26780 read_submit_us=28043 read_complete_us=28846 transfer_wait_us=19956 tile_pixels=57696 uniform_pixels=0 overview_pixels=0 fallback_pixels=107168 resident_tiles=18 fallback_tiles=30 pushes=21 frame_reused=0 pass=1
[19:54:49] TINYDRAW_LIVE_PRESENT kind=pan zoom=400 x=2245 y=1331 compose_us=27478 read_submit_us=28508 read_complete_us=29309 transfer_wait_us=19492 tile_pixels=88511 uniform_pixels=0 overview_pixels=0 fallback_pixels=76353 resident_tiles=26 fallback_tiles=22 pushes=21 frame_reused=0 pass=1
[19:54:49] TINYDRAW_LIVE_PRESENT kind=pan zoom=400 x=2337 y=1345 compose_us=27309 read_submit_us=28533 read_complete_us=29335 transfer_wait_us=19466 tile_pixels=54753 uniform_pixels=0 overview_pixels=0 fallback_pixels=110111 resident_tiles=16 fallback_tiles=40 pushes=21 frame_reused=0 pass=1
[19:54:49] TINYDRAW_LIVE_PRESENT kind=pan zoom=400 x=2458 y=1349 compose_us=26434 read_submit_us=27667 read_complete_us=28471 transfer_wait_us=19332 tile_pixels=19074 uniform_pixels=0 overview_pixels=0 fallback_pixels=145790 resident_tiles=6 fallback_tiles=50 pushes=21 frame_reused=0 pass=1
[19:54:49] TINYDRAW_LIVE_PRESENT kind=pan zoom=400 x=2479 y=1362 compose_us=26073 read_submit_us=27291 read_complete_us=28093 transfer_wait_us=19708 tile_pixels=14094 uniform_pixels=0 overview_pixels=0 fallback_pixels=150770 resident_tiles=6 fallback_tiles=50 pushes=21 frame_reused=0 pass=1
[19:54:49] TINYDRAW_LIVE_PRESENT kind=pan zoom=400 x=2471 y=1364 compose_us=26184 read_submit_us=27413 read_complete_us=28218 transfer_wait_us=19586 tile_pixels=15308 uniform_pixels=0 overview_pixels=0 fallback_pixels=149556 resident_tiles=6 fallback_tiles=50 pushes=21 frame_reused=0 pass=1
[19:54:49] TINYDRAW_LIVE_PRESENT kind=pan zoom=400 x=2391 y=1379 compose_us=26829 read_submit_us=28050 read_complete_us=28852 transfer_wait_us=19949 tile_pixels=31781 uniform_pixels=0 overview_pixels=0 fallback_pixels=133083 resident_tiles=11 fallback_tiles=45 pushes=21 frame_reused=0 pass=1
[19:54:49] TINYDRAW_LIVE_PRESENT kind=pan zoom=400 x=2217 y=1479 compose_us=26934 read_submit_us=28165 read_complete_us=28969 transfer_wait_us=19834 tile_pixels=56159 uniform_pixels=0 overview_pixels=0 fallback_pixels=108705 resident_tiles=16 fallback_tiles=40 pushes=21 frame_reused=0 pass=1
[19:54:49] TINYDRAW_LIVE_PRESENT kind=pan zoom=400 x=2216 y=1478 compose_us=27642 read_submit_us=28689 read_complete_us=29492 transfer_wait_us=19311 tile_pixels=89328 uniform_pixels=0 overview_pixels=0 fallback_pixels=75536 resident_tiles=24 fallback_tiles=32 pushes=21 frame_reused=0 pass=1
[19:54:49] TINYDRAW_LIVE_PRESENT kind=pan zoom=400 x=2156 y=1470 compose_us=28506 read_submit_us=29749 read_complete_us=30550 transfer_wait_us=19250 tile_pixels=93480 uniform_pixels=0 overview_pixels=0 fallback_pixels=71384 resident_tiles=32 fallback_tiles=24 pushes=21 frame_reused=0 pass=1
[19:54:49] TINYDRAW_LIVE_PRESENT kind=pan zoom=400 x=2004 y=1471 compose_us=27249 read_submit_us=28491 read_complete_us=29295 transfer_wait_us=19508 tile_pixels=71236 uniform_pixels=0 overview_pixels=0 fallback_pixels=93628 resident_tiles=28 fallback_tiles=28 pushes=21 frame_reused=0 pass=1
[19:54:50] TINYDRAW_LIVE_PRESENT kind=pan zoom=400 x=2003 y=1471 compose_us=27329 read_submit_us=28372 read_complete_us=29175 transfer_wait_us=19628 tile_pixels=87299 uniform_pixels=0 overview_pixels=0 fallback_pixels=77565 resident_tiles=32 fallback_tiles=24 pushes=21 frame_reused=0 pass=1
[19:54:50] TINYDRAW_LIVE_PRESENT kind=pan zoom=400 x=1973 y=1497 compose_us=27305 read_submit_us=28566 read_complete_us=29367 transfer_wait_us=19433 tile_pixels=70051 uniform_pixels=0 overview_pixels=0 fallback_pixels=94813 resident_tiles=21 fallback_tiles=35 pushes=21 frame_reused=0 pass=1
[19:54:50] _us=19718 tile_pixels=30080 uniform_pixels=0 overview_pixels=0 fallback_pixels=134784 resident_tiles=8 fallback_tiles=34 pushes=21 frame_reused=0 pass=1
[19:54:50] TINYDRAW_LIVE_PRESENT kind=pan zoom=400 x=1880 y=1649 compose_us=25838 read_submit_us=27079 read_complete_us=27881 transfer_wait_us=19920 tile_pixels=12216 uniform_pixels=0 overview_pixels=0 fallback_pixels=152648 resident_tiles=8 fallback_tiles=48 pushes=21 frame_reused=0 pass=1
[19:54:50] TINYDRAW_LIVE_PRESENT kind=pan zoom=400 x=1879 y=1649 compose_us=26224 read_submit_us=27267 read_complete_us=28070 transfer_wait_us=19733 tile_pixels=28457 uniform_pixels=0 overview_pixels=0 fallback_pixels=136407 resident_tiles=12 fallback_tiles=44 pushes=21 frame_reused=0 pass=1
[19:54:50] TINYDRAW_LIVE_PRESENT kind=pan zoom=400 x=1847 y=1671 compose_us=26243 read_submit_us=27489 read_complete_us=28291 transfer_wait_us=19510 tile_pixels=21103 uniform_pixels=0 overview_pixels=0 fallback_pixels=143761 resident_tiles=6 fallback_tiles=50 pushes=21 frame_reused=0 pass=1
[19:54:50] TINYDRAW_LIVE_PRESENT kind=pan zoom=400 x=1739 y=1778 compose_us=25597 read_submit_us=26839 read_complete_us=27643 transfer_wait_us=19160 tile_pixels=7552 uniform_pixels=0 overview_pixels=0 fallback_pixels=157312 resident_tiles=2 fallback_tiles=46 pushes=21 frame_reused=0 pass=1
[19:54:50] TINYDRAW_LIVE_PRESENT kind=pan zoom=400 x=1738 y=1778 compose_us=26102 read_submit_us=27161 read_complete_us=27963 transfer_wait_us=19839 tile_pixels=23808 uniform_pixels=0 overview_pixels=0 fallback_pixels=141056 resident_tiles=6 fallback_tiles=42 pushes=21 frame_reused=0 pass=1
[19:54:50] TINYDRAW_LIVE_PRESENT kind=pan zoom=400 x=1657 y=1844 compose_us=25998 read_submit_us=27264 read_complete_us=28067 transfer_wait_us=19735 tile_pixels=13440 uniform_pixels=0 overview_pixels=0 fallback_pixels=151424 resident_tiles=4 fallback_tiles=52 pushes=21 frame_reused=0 pass=1
[19:54:51] TINYDRAW_LIVE_PRESENT kind=pan zoom=400 x=1568 y=1968 compose_us=25508 read_submit_us=26749 read_complete_us=27551 transfer_wait_us=19250 tile_pixels=1280 uniform_pixels=0 overview_pixels=0 fallback_pixels=163584 resident_tiles=2 fallback_tiles=54 pushes=21 frame_reused=0 pass=1
[19:54:51] TINYDRAW_LIVE_PRESENT kind=pan zoom=400 x=1567 y=1970 compose_us=25941 read_submit_us=26977 read_complete_us=27780 transfer_wait_us=19027 tile_pixels=17554 uniform_pixels=0 overview_pixels=0 fallback_pixels=147310 resident_tiles=6 fallback_tiles=50 pushes=21 frame_reused=0 pass=1
[19:54:51] TINYDRAW_LIVE_PRESENT kind=pan zoom=400 x=1561 y=2042 compose_us=26155 read_submit_us=27402 read_complete_us=28203 transfer_wait_us=19597 tile_pixels=16438 uniform_pixels=0 overview_pixels=0 fallback_pixels=148426 resident_tiles=5 fallback_tiles=51 pushes=21 frame_reused=0 pass=1
[19:54:51] TINYDRAW_LIVE_PRESENT kind=pan zoom=400 x=1560 y=2040 compose_us=25945 read_submit_us=27007 read_complete_us=27804 transfer_wait_us=19993 tile_pixels=16448 uniform_pixels=0 overview_pixels=0 fallback_pixels=148416 resident_tiles=5 fallback_tiles=51 pushes=21 frame_reused=0 pass=1
[19:54:51] TINYDRAW_LIVE_PRESENT kind=pan zoom=400 x=1549 y=2014 compose_us=26154 read_submit_us=27423 read_complete_us=28226 transfer_wait_us=19576 tile_pixels=16384 uniform_pixels=0 overview_pixels=0 fallback_pixels=148480 resident_tiles=4 fallback_tiles=44 pushes=21 frame_reused=0 pass=1
[19:54:51] TINYDRAW_LIVE_PRESENT kind=pan zoom=400 x=1530 y=1915 compose_us=26142 read_submit_us=27385 read_complete_us=28187 transfer_wait_us=19614 tile_pixels=16384 uniform_pixels=0 overview_pixels=0 fallback_pixels=148480 resident_tiles=4 fallback_tiles=52 pushes=21 frame_reused=0 pass=1
[19:54:51] TINYDRAW_LIVE_PRESENT kind=pan zoom=400 x=1464 y=1721 compose_us=25433 read_submit_us=26685 read_complete_us=27489 transfer_wait_us=19314 tile_pixels=0 uniform_pixels=0 overview_pixels=0 fallback_pixels=164864 resident_tiles=0 fallback_tiles=56 pushes=21 frame_reused=0 pass=1
[19:54:51] TINYDRAW_LIVE_PRESENT kind=pan zoom=400 x=1457 y=1713 compose_us=25791 read_submit_us=26843 read_complete_us=27645 transfer_wait_us=19157 tile_pixels=16384 uniform_pixels=0 overview_pixels=0 fallback_pixels=148480 resident_tiles=4 fallback_tiles=52 pushes=21 frame_reused=0 pass=1
[19:54:52] TINYDRAW_LIVE_PRESENT kind=pan zoom=400 x=1321 y=1615 compose_us=25993 read_submit_us=27257 read_complete_us=28059 transfer_wait_us=19742 tile_pixels=16384 uniform_pixels=3136 overview_pixels=0 fallback_pixels=145344 resident_tiles=5 fallback_tiles=51 pushes=21 frame_reused=0 pass=1
[19:54:52] TINYDRAW_LIVE_PRESENT kind=pan zoom=400 x=1316 y=1611 compose_us=26884 read_submit_us=27910 read_complete_us=28714 transfer_wait_us=19090 tile_pixels=49152 uniform_pixels=3392 overview_pixels=0 fallback_pixels=112320 resident_tiles=13 fallback_tiles=43 pushes=21 frame_reused=0 pass=1
[19:54:52] TINYDRAW_LIVE_PRESENT kind=pan zoom=400 x=1211 y=1491 compose_us=25848 read_submit_us=27076 read_complete_us=27878 transfer_wait_us=19923 tile_pixels=22705 uniform_pixels=4096 overview_pixels=0 fallback_pixels=138063 resident_tiles=8 fallback_tiles=48 pushes=21 frame_reused=0 pass=1
[19:54:52] TINYDRAW_LIVE_PRESENT kind=pan zoom=400 x=1083 y=1369 compose_us=24328 read_submit_us=25568 read_complete_us=26372 transfer_wait_us=19431 tile_pixels=1075 uniform_pixels=4096 overview_pixels=0 fallback_pixels=159693 resident_tiles=2 fallback_tiles=54 pushes=21 frame_reused=0 pass=1
[19:54:52] TINYDRAW_LIVE_PRESENT kind=pan zoom=400 x=1079 y=1368 compose_us=24596 read_submit_us=25641 read_complete_us=26444 transfer_wait_us=19359 tile_pixels=13224 uniform_pixels=8192 overview_pixels=0 fallback_pixels=143448 resident_tiles=6 fallback_tiles=50 pushes=21 frame_reused=0 pass=1
[19:54:52] TINYDRAW_LIVE_PRESENT kind=pan zoom=400 x=970 y=1276 compose_us=24093 read_submit_us=25348 read_complete_us=26149 transfer_wait_us=19651 tile_pixels=12288 uniform_pixels=4096 overview_pixels=0 fallback_pixels=148480 resident_tiles=4 fallback_tiles=44 pushes=21 frame_reused=0 pass=1
[19:54:52] TINYDRAW_LIVE_PRESENT kind=pan zoom=400 x=838 y=1153 compose_us=23653 read_submit_us=24905 read_complete_us=25709 transfer_wait_us=19094 tile_pixels=3510 uniform_pixels=0 overview_pixels=0 fallback_pixels=161354 resident_tiles=2 fallback_tiles=46 pushes=21 frame_reused=0 pass=1
[19:54:52] TINYDRAW_LIVE_PRESENT kind=pan zoom=400 x=832 y=1150 compose_us=24130 read_submit_us=25188 read_complete_us=25991 transfer_wait_us=19812 tile_pixels=19360 uniform_pixels=0 overview_pixels=0 fallback_pixels=145504 resident_tiles=5 fallback_tiles=43 pushes=21 frame_reused=0 pass=1
[19:54:53] TINYDRAW_LIVE_PRESENT kind=pan zoom=400 x=685 y=1047 compose_us=24608 read_submit_us=25865 read_complete_us=26668 transfer_wait_us=19134 tile_pixels=16384 uniform_pixels=4096 overview_pixels=0 fallback_pixels=144384 resident_tiles=5 fallback_tiles=51 pushes=21 frame_reused=0 pass=1
[19:54:53] TINYDRAW_LIVE_PRESENT kind=pan zoom=400 x=573 y=940 compose_us=23857 read_submit_us=25108 read_complete_us=25910 transfer_wait_us=19891 tile_pixels=4860 uniform_pixels=2816 overview_pixels=0 fallback_pixels=157188 resident_tiles=3 fallback_tiles=53 pushes=21 frame_reused=0 pass=1
[19:54:53] TINYDRAW_LIVE_PRESENT kind=pan zoom=400 x=570 y=939 compose_us=24544 read_submit_us=25603 read_complete_us=26406 transfer_wait_us=19397 tile_pixels=20878 uniform_pixels=2752 overview_pixels=0 fallback_pixels=141234 resident_tiles=7 fallback_tiles=49 pushes=21 frame_reused=0 pass=1
[19:54:53] TINYDRAW_LIVE_PRESENT kind=pan zoom=400 x=469 y=865 compose_us=24433 read_submit_us=25697 read_complete_us=26500 transfer_wait_us=19302 tile_pixels=16384 uniform_pixels=0 overview_pixels=0 fallback_pixels=148480 resident_tiles=4 fallback_tiles=52 pushes=21 frame_reused=0 pass=1
[19:54:53] TINYDRAW_LIVE_PRESENT kind=pan zoom=400 x=330 y=740 compose_us=23455 read_submit_us=24701 read_complete_us=25503 transfer_wait_us=19298 tile_pixels=2088 uniform_pixels=1624 overview_pixels=0 fallback_pixels=161152 resident_tiles=2 fallback_tiles=46 pushes=21 frame_reused=0 pass=1
[19:54:53] TINYDRAW_LIVE_PRESENT kind=pan zoom=400 x=326 y=739 compose_us=24390 read_submit_us=25434 read_complete_us=26238 transfer_wait_us=19566 tile_pixels=18274 uniform_pixels=1566 overview_pixels=0 fallback_pixels=145024 resident_tiles=6 fallback_tiles=42 pushes=21 frame_reused=0 pass=1
[19:54:53] TINYDRAW_LIVE_PRESENT kind=pan zoom=400 x=203 y=669 compose_us=23877 read_submit_us=25132 read_complete_us=25935 transfer_wait_us=19867 tile_pixels=7552 uniform_pixels=0 overview_pixels=0 fallback_pixels=157312 resident_tiles=2 fallback_tiles=46 pushes=21 frame_reused=0 pass=1
[19:54:53] TINYDRAW_LIVE_PRESENT kind=pan zoom=400 x=96 y=564 compose_us=23517 read_submit_us=24763 read_complete_us=25566 transfer_wait_us=19236 tile_pixels=0 uniform_pixels=0 overview_pixels=0 fallback_pixels=164864 resident_tiles=0 fallback_tiles=56 pushes=21 frame_reused=0 pass=1
[19:54:53] TINYDRAW_LIVE_PRESENT kind=pan zoom=400 x=87 y=562 compose_us=24198 read_submit_us=25257 read_complete_us=26059 transfer_wait_us=19743 tile_pixels=16384 uniform_pixels=0 overview_pixels=0 fallback_pixels=148480 resident_tiles=4 fallback_tiles=52 pushes=21 frame_reused=0 pass=1
[19:54:53] TINYDRAW_LIVE_PRESENT kind=pan zoom=400 x=0 y=519 compose_us=24118 read_submit_us=25379 read_complete_us=26182 transfer_wait_us=19620 tile_pixels=14336 uniform_pixels=0 overview_pixels=0 fallback_pixels=150528 resident_tiles=4 fallback_tiles=44 pushes=21 frame_reused=0 pass=1
[19:54:54] TINYDRAW_LIVE_PRESENT kind=pan zoom=400 x=0 y=517 compose_us=24768 read_submit_us=25807 read_complete_us=26609 transfer_wait_us=19193 tile_pixels=30720 uniform_pixels=0 overview_pixels=0 fallback_pixels=134144 resident_tiles=8 fallback_tiles=40 pushes=21 frame_reused=0 pass=1
[19:54:54] TINYDRAW_LIVE_PRESENT kind=pan zoom=400 x=0 y=498 compose_us=24849 read_submit_us=26107 read_complete_us=26910 transfer_wait_us=19892 tile_pixels=30720 uniform_pixels=0 overview_pixels=0 fallback_pixels=134144 resident_tiles=8 fallback_tiles=40 pushes=21 frame_reused=0 pass=1
[19:54:54] TINYDRAW_LIVE_PRESENT kind=pan zoom=400 x=0 y=496 compose_us=24850 read_submit_us=26090 read_complete_us=26893 transfer_wait_us=19909 tile_pixels=30720 uniform_pixels=0 overview_pixels=0 fallback_pixels=134144 resident_tiles=8 fallback_tiles=40 pushes=21 frame_reused=0 pass=1
[19:54:54] TINYDRAW_LIVE_PRESENT kind=pan zoom=400 x=0 y=494 compose_us=25423 read_submit_us=26497 read_complete_us=27299 transfer_wait_us=19503 tile_pixels=47104 uniform_pixels=0 overview_pixels=0 fallback_pixels=117760 resident_tiles=12 fallback_tiles=36 pushes=21 frame_reused=0 pass=1
[19:54:54] TINYDRAW_LIVE_PRESENT kind=pan zoom=400 x=0 y=463 compose_us=25549 read_submit_us=26812 read_complete_us=27615 transfer_wait_us=19187 tile_pixels=47104 uniform_pixels=0 overview_pixels=0 fallback_pixels=117760 resident_tiles=12 fallback_tiles=36 pushes=21 frame_reused=0 pass=1
[19:54:54] TINYDRAW_LIVE_PRESENT kind=pan zoom=400 x=0 y=279 compose_us=23947 read_submit_us=25188 read_complete_us=25990 transfer_wait_us=19811 tile_pixels=11136 uniform_pixels=0 overview_pixels=0 fallback_pixels=153728 resident_tiles=4 fallback_tiles=44 pushes=21 frame_reused=0 pass=1
[19:54:54] TINYDRAW_LIVE_PRESENT kind=pan zoom=400 x=0 y=276 compose_us=24539 read_submit_us=25597 read_complete_us=26399 transfer_wait_us=19403 tile_pixels=27136 uniform_pixels=0 overview_pixels=0 fallback_pixels=137728 resident_tiles=8 fallback_tiles=40 pushes=21 frame_reused=0 pass=1
[19:54:55] TINYDRAW_LIVE_PRESENT kind=pan zoom=400 x=1 y=61 compose_us=24027 read_submit_us=25284 read_complete_us=26086 transfer_wait_us=19715 tile_pixels=16000 uniform_pixels=912 overview_pixels=0 fallback_pixels=147952 resident_tiles=9 fallback_tiles=39 pushes=21 frame_reused=0 pass=1
[19:54:55] TINYDRAW_LIVE_PRESENT kind=pan zoom=400 x=2 y=60 compose_us=25569 read_submit_us=26624 read_complete_us=27425 transfer_wait_us=19376 tile_pixels=48640 uniform_pixels=1216 overview_pixels=0 fallback_pixels=115008 resident_tiles=17 fallback_tiles=31 pushes=21 frame_reused=0 pass=1
[19:54:55] TINYDRAW_LIVE_PRESENT kind=pan zoom=400 x=94 y=0 compose_us=25450 read_submit_us=26710 read_complete_us=27513 transfer_wait_us=19289 tile_pixels=40960 uniform_pixels=14464 overview_pixels=0 fallback_pixels=109440 resident_tiles=14 fallback_tiles=35 pushes=21 frame_reused=0 pass=1
[19:54:55] TINYDRAW_LIVE_PRESENT kind=pan zoom=400 x=96 y=1 compose_us=26044 read_submit_us=27105 read_complete_us=27906 transfer_wait_us=19895 tile_pixels=73856 uniform_pixels=14112 overview_pixels=0 fallback_pixels=76896 resident_tiles=24 fallback_tiles=32 pushes=21 frame_reused=0 pass=1
[19:54:55] TINYDRAW_LIVE_PRESENT kind=pan zoom=400 x=251 y=2 compose_us=25453 read_submit_us=26715 read_complete_us=27517 transfer_wait_us=19284 tile_pixels=34378 uniform_pixels=10912 overview_pixels=0 fallback_pixels=119574 resident_tiles=18 fallback_tiles=38 pushes=21 frame_reused=0 pass=1
[19:54:56] TINYDRAW_LIVE_PRESENT kind=pan zoom=400 x=252 y=8 compose_us=27243 read_submit_us=28299 read_complete_us=29099 transfer_wait_us=19701 tile_pixels=66848 uniform_pixels=9856 overview_pixels=0 fallback_pixels=88160 resident_tiles=26 fallback_tiles=30 pushes=21 frame_reused=0 pass=1
[19:54:56] TINYDRAW_LIVE_PRESENT kind=pan zoom=400 x=319 y=121 compose_us=25916 read_submit_us=27178 read_complete_us=27981 transfer_wait_us=19821 tile_pixels=49408 uniform_pixels=0 overview_pixels=0 fallback_pixels=115456 resident_tiles=16 fallback_tiles=40 pushes=21 frame_reused=0 pass=1
[19:54:56] TINYDRAW_LIVE_PRESENT kind=pan zoom=400 x=322 y=135 compose_us=25838 read_submit_us=26891 read_complete_us=27692 transfer_wait_us=19109 tile_pixels=63694 uniform_pixels=0 overview_pixels=0 fallback_pixels=101170 resident_tiles=16 fallback_tiles=32 pushes=21 frame_reused=0 pass=1
[19:54:56] TINYDRAW_LIVE_PRESENT kind=pan zoom=400 x=427 y=325 compose_us=24153 read_submit_us=25409 read_complete_us=26211 transfer_wait_us=19590 tile_pixels=12567 uniform_pixels=4096 overview_pixels=0 fallback_pixels=148201 resident_tiles=5 fallback_tiles=51 pushes=21 frame_reused=0 pass=1
[19:54:56] TINYDRAW_LIVE_PRESENT kind=pan zoom=400 x=432 y=339 compose_us=24571 read_submit_us=25623 read_complete_us=26426 transfer_wait_us=19377 tile_pixels=25744 uniform_pixels=4096 overview_pixels=0 fallback_pixels=135024 resident_tiles=9 fallback_tiles=47 pushes=21 frame_reused=0 pass=1
[19:54:56] TINYDRAW_LIVE_PRESENT kind=pan zoom=400 x=531 y=472 compose_us=24581 read_submit_us=25846 read_complete_us=26649 transfer_wait_us=19153 tile_pixels=16568 uniform_pixels=4096 overview_pixels=0 fallback_pixels=144200 resident_tiles=7 fallback_tiles=49 pushes=21 frame_reused=0 pass=1
[19:54:56] TINYDRAW_LIVE_PRESENT kind=pan zoom=400 x=542 y=486 compose_us=25250 read_submit_us=26302 read_complete_us=27105 transfer_wait_us=19698 tile_pixels=28556 uniform_pixels=4096 overview_pixels=0 fallback_pixels=132212 resident_tiles=10 fallback_tiles=46 pushes=21 frame_reused=0 pass=1
[19:54:57] TINYDRAW_LIVE_PRESENT kind=pan zoom=400 x=543 y=487 compose_us=25505 read_submit_us=26567 read_complete_us=27368 transfer_wait_us=19433 tile_pixels=44871 uniform_pixels=4096 overview_pixels=0 fallback_pixels=115897 resident_tiles=14 fallback_tiles=42 pushes=21 frame_reused=0 pass=1
[19:54:57] TINYDRAW_LIVE_PRESENT kind=pan zoom=400 x=657 y=543 compose_us=24786 read_submit_us=26055 read_complete_us=26857 transfer_wait_us=19944 tile_pixels=27584 uniform_pixels=3072 overview_pixels=0 fallback_pixels=134208 resident_tiles=9 fallback_tiles=47 pushes=21 frame_reused=0 pass=1
[19:54:57] TINYDRAW_LIVE_PRESENT kind=pan zoom=400 x=662 y=550 compose_us=25324 read_submit_us=26378 read_complete_us=27179 transfer_wait_us=19622 tile_pixels=43648 uniform_pixels=3072 overview_pixels=0 fallback_pixels=118144 resident_tiles=13 fallback_tiles=43 pushes=21 frame_reused=0 pass=1
[19:54:57] TINYDRAW_LIVE_PRESENT kind=pan zoom=400 x=814 y=650 compose_us=24865 read_submit_us=26126 read_complete_us=26928 transfer_wait_us=19873 tile_pixels=20172 uniform_pixels=4096 overview_pixels=0 fallback_pixels=140596 resident_tiles=9 fallback_tiles=47 pushes=21 frame_reused=0 pass=1
[19:54:57] TINYDRAW_LIVE_PRESENT kind=pan zoom=400 x=818 y=655 compose_us=25078 read_submit_us=26134 read_complete_us=26936 transfer_wait_us=19866 tile_pixels=35182 uniform_pixels=4096 overview_pixels=0 fallback_pixels=125586 resident_tiles=13 fallback_tiles=43 pushes=21 frame_reused=0 pass=1
[19:54:57] TINYDRAW_LIVE_PRESENT kind=pan zoom=400 x=922 y=749 compose_us=24351 read_submit_us=25613 read_complete_us=26415 transfer_wait_us=19386 tile_pixels=13056 uniform_pixels=1216 overview_pixels=0 fallback_pixels=150592 resident_tiles=5 fallback_tiles=51 pushes=21 frame_reused=0 pass=1
[19:54:58] TINYDRAW_LIVE_PRESENT kind=pan zoom=400 x=923 y=752 compose_us=25072 read_submit_us=26129 read_complete_us=26931 transfer_wait_us=19871 tile_pixels=29312 uniform_pixels=1024 overview_pixels=0 fallback_pixels=134528 resident_tiles=9 fallback_tiles=47 pushes=21 frame_reused=0 pass=1
[19:54:58] TINYDRAW_LIVE_PRESENT kind=pan zoom=400 x=951 y=884 compose_us=24387 read_submit_us=25643 read_complete_us=26445 transfer_wait_us=19356 tile_pixels=21056 uniform_pixels=0 overview_pixels=0 fallback_pixels=143808 resident_tiles=8 fallback_tiles=48 pushes=21 frame_reused=0 pass=1
[19:54:58] TINYDRAW_LIVE_PRESENT kind=pan zoom=400 x=952 y=887 compose_us=25764 read_submit_us=26795 read_complete_us=27599 transfer_wait_us=19205 tile_pixels=53760 uniform_pixels=0 overview_pixels=0 fallback_pixels=111104 resident_tiles=16 fallback_tiles=40 pushes=21 frame_reused=0 pass=1
[19:54:58] TINYDRAW_LIVE_PRESENT kind=pan zoom=400 x=985 y=965 compose_us=25931 read_submit_us=27150 read_complete_us=27952 transfer_wait_us=19849 tile_pixels=45312 uniform_pixels=0 overview_pixels=0 fallback_pixels=119552 resident_tiles=12 fallback_tiles=44 pushes=21 frame_reused=0 pass=1
[19:54:58] TINYDRAW_LIVE_PRESENT kind=pan zoom=400 x=1104 y=1051 compose_us=24947 read_submit_us=26178 read_complete_us=26983 transfer_wait_us=19821 tile_pixels=17776 uniform_pixels=0 overview_pixels=0 fallback_pixels=147088 resident_tiles=6 fallback_tiles=42 pushes=21 frame_reused=0 pass=1
[19:54:58] TINYDRAW_LIVE_PRESENT kind=pan zoom=400 x=1105 y=1051 compose_us=25699 read_submit_us=26756 read_complete_us=27557 transfer_wait_us=19244 tile_pixels=34059 uniform_pixels=0 overview_pixels=0 fallback_pixels=130805 resident_tiles=10 fallback_tiles=46 pushes=21 frame_reused=0 pass=1
[19:54:59] TINYDRAW_LIVE_PRESENT kind=pan zoom=400 x=1182 y=1039 compose_us=26285 read_submit_us=27548 read_complete_us=28350 transfer_wait_us=19451 tile_pixels=27458 uniform_pixels=0 overview_pixels=0 fallback_pixels=137406 resident_tiles=8 fallback_tiles=48 pushes=21 frame_reused=0 pass=1
[19:54:59] TINYDRAW_LIVE_PRESENT kind=pan zoom=400 x=1186 y=1041 compose_us=26612 read_submit_us=27662 read_complete_us=28466 transfer_wait_us=19338 tile_pixels=59586 uniform_pixels=0 overview_pixels=0 fallback_pixels=105278 resident_tiles=16 fallback_tiles=40 pushes=21 frame_reused=0 pass=1
[19:54:59] TINYDRAW_LIVE_PRESENT kind=pan zoom=400 x=1352 y=1056 compose_us=26162 read_submit_us=27412 read_complete_us=28213 transfer_wait_us=19587 tile_pixels=30720 uniform_pixels=0 overview_pixels=0 fallback_pixels=134144 resident_tiles=8 fallback_tiles=40 pushes=21 frame_reused=0 pass=1
[19:54:59] TINYDRAW_LIVE_PRESENT kind=pan zoom=400 x=1356 y=1059 compose_us=26882 read_submit_us=27934 read_complete_us=28735 transfer_wait_us=19066 tile_pixels=46080 uniform_pixels=0 overview_pixels=0 fallback_pixels=118784 resident_tiles=12 fallback_tiles=36 pushes=21 frame_reused=0 pass=1
[19:54:59] TINYDRAW_LIVE_PRESENT kind=pan zoom=400 x=1502 y=1084 compose_us=26669 read_submit_us=27928 read_complete_us=28730 transfer_wait_us=19071 tile_pixels=29824 uniform_pixels=0 overview_pixels=0 fallback_pixels=135040 resident_tiles=9 fallback_tiles=47 pushes=21 frame_reused=0 pass=1
[19:55:00] TINYDRAW_LIVE_PRESENT kind=pan zoom=400 x=1504 y=1085 compose_us=26714 read_submit_us=27765 read_complete_us=28567 transfer_wait_us=19235 tile_pixels=46080 uniform_pixels=0 overview_pixels=0 fallback_pixels=118784 resident_tiles=13 fallback_tiles=43 pushes=21 frame_reused=0 pass=1
[19:55:00] TINYDRAW_LIVE_PRESENT kind=pan zoom=400 x=1603 y=1106 compose_us=26472 read_submit_us=27727 read_complete_us=28529 transfer_wait_us=19272 tile_pixels=39744 uniform_pixels=0 overview_pixels=0 fallback_pixels=125120 resident_tiles=10 fallback_tiles=38 pushes=21 frame_reused=0 pass=1
[19:55:00] TINYDRAW_LIVE_PRESENT kind=pan zoom=400 x=1604 y=1108 compose_us=26879 read_submit_us=27932 read_complete_us=28735 transfer_wait_us=19068 tile_pixels=68352 uniform_pixels=0 overview_pixels=0 fallback_pixels=96512 resident_tiles=17 fallback_tiles=31 pushes=21 frame_reused=0 pass=1
[19:55:00] TINYDRAW_LIVE_PRESENT kind=pan zoom=400 x=1655 y=1167 compose_us=26801 read_submit_us=28063 read_complete_us=28866 transfer_wait_us=19936 tile_pixels=59568 uniform_pixels=0 overview_pixels=0 fallback_pixels=105296 resident_tiles=18 fallback_tiles=38 pushes=21 frame_reused=0 pass=1
[19:55:00] TINYDRAW_LIVE_PRESENT kind=pan zoom=400 x=1799 y=1230 compose_us=27222 read_submit_us=28466 read_complete_us=29268 transfer_wait_us=19533 tile_pixels=55422 uniform_pixels=0 overview_pixels=0 fallback_pixels=109442 resident_tiles=15 fallback_tiles=33 pushes=21 frame_reused=0 pass=1
[19:55:00] TINYDRAW_LIVE_PRESENT kind=pan zoom=400 x=1799 y=1231 compose_us=27327 read_submit_us=28371 read_complete_us=29174 transfer_wait_us=19629 tile_pixels=71687 uniform_pixels=0 overview_pixels=0 fallback_pixels=93177 resident_tiles=19 fallback_tiles=29 pushes=21 frame_reused=0 pass=1
[19:55:00] TINYDRAW_LIVE_PRESENT kind=pan zoom=400 x=1818 y=1304 compose_us=27673 read_submit_us=28922 read_complete_us=29723 transfer_wait_us=19077 tile_pixels=68336 uniform_pixels=0 overview_pixels=0 fallback_pixels=96528 resident_tiles=25 fallback_tiles=31 pushes=21 frame_reused=0 pass=1
[19:55:01] TINYDRAW_LIVE_PRESENT kind=pan zoom=400 x=1932 y=1440 compose_us=28420 read_submit_us=29677 read_complete_us=30481 transfer_wait_us=19322 tile_pixels=95744 uniform_pixels=0 overview_pixels=0 fallback_pixels=69120 resident_tiles=28 fallback_tiles=20 pushes=21 frame_reused=0 pass=1
[19:55:01] TINYDRAW_LIVE_PRESENT kind=pan zoom=400 x=1935 y=1445 compose_us=28359 read_submit_us=29404 read_complete_us=30208 transfer_wait_us=19596 tile_pixels=126160 uniform_pixels=0 overview_pixels=0 fallback_pixels=38704 resident_tiles=36 fallback_tiles=12 pushes=21 frame_reused=0 pass=1
[19:55:01] TINYDRAW_LIVE_PRESENT kind=pan zoom=400 x=2089 y=1525 compose_us=27938 read_submit_us=29192 read_complete_us=29993 transfer_wait_us=19807 tile_pixels=109117 uniform_pixels=0 overview_pixels=0 fallback_pixels=55747 resident_tiles=38 fallback_tiles=18 pushes=21 frame_reused=0 pass=1
[19:55:01] TINYDRAW_LIVE_PRESENT kind=pan zoom=400 x=2091 y=1526 compose_us=28703 read_submit_us=29761 read_complete_us=30564 transfer_wait_us=19239 tile_pixels=133074 uniform_pixels=8192 overview_pixels=0 fallback_pixels=23598 resident_tiles=46 fallback_tiles=10 pushes=21 frame_reused=0 pass=1
[19:55:01] TINYDRAW_LIVE_PRESENT kind=pan zoom=400 x=2218 y=1546 compose_us=28144 read_submit_us=29406 read_complete_us=30209 transfer_wait_us=19593 tile_pixels=103332 uniform_pixels=8192 overview_pixels=0 fallback_pixels=53340 resident_tiles=32 fallback_tiles=24 pushes=21 frame_reused=0 pass=1
[19:55:01] TINYDRAW_LIVE_PRESENT kind=pan zoom=400 x=2219 y=1547 compose_us=29270 read_submit_us=30296 read_complete_us=31101 transfer_wait_us=19704 tile_pixels=127961 uniform_pixels=12288 overview_pixels=0 fallback_pixels=24615 resident_tiles=42 fallback_tiles=14 pushes=21 frame_reused=0 pass=1
[19:55:02] TINYDRAW_LIVE_PRESENT kind=pan zoom=400 x=2342 y=1589 compose_us=27556 read_submit_us=28777 read_complete_us=29579 transfer_wait_us=19222 tile_pixels=81024 uniform_pixels=9856 overview_pixels=0 fallback_pixels=73984 resident_tiles=30 fallback_tiles=26 pushes=21 frame_reused=0 pass=1
[19:55:02] TINYDRAW_LIVE_PRESENT kind=pan zoom=400 x=2481 y=1598 compose_us=26738 read_submit_us=27972 read_complete_us=28776 transfer_wait_us=19027 tile_pixels=33630 uniform_pixels=0 overview_pixels=0 fallback_pixels=131234 resident_tiles=14 fallback_tiles=42 pushes=21 frame_reused=0 pass=1
[19:55:02] TINYDRAW_LIVE_PRESENT kind=pan zoom=400 x=2482 y=1598 compose_us=26804 read_submit_us=27855 read_complete_us=28658 transfer_wait_us=19145 tile_pixels=45596 uniform_pixels=4096 overview_pixels=0 fallback_pixels=115172 resident_tiles=18 fallback_tiles=38 pushes=21 frame_reused=0 pass=1
[19:55:02] TINYDRAW_LIVE_PRESENT kind=pan zoom=400 x=2579 y=1607 compose_us=26332 read_submit_us=27599 read_complete_us=28402 transfer_wait_us=19400 tile_pixels=15616 uniform_pixels=4096 overview_pixels=0 fallback_pixels=145152 resident_tiles=6 fallback_tiles=50 pushes=21 frame_reused=0 pass=1
[19:55:02] TINYDRAW_LIVE_PRESENT kind=pan zoom=400 x=2581 y=1607 compose_us=26990 read_submit_us=28038 read_complete_us=28841 transfer_wait_us=19962 tile_pixels=43776 uniform_pixels=8192 overview_pixels=0 fallback_pixels=112896 resident_tiles=14 fallback_tiles=42 pushes=21 frame_reused=0 pass=1
[19:55:02] TINYDRAW_LIVE_PRESENT kind=pan zoom=400 x=2681 y=1621 compose_us=26713 read_submit_us=27968 read_complete_us=28770 transfer_wait_us=19031 tile_pixels=29120 uniform_pixels=4544 overview_pixels=0 fallback_pixels=131200 resident_tiles=10 fallback_tiles=46 pushes=21 frame_reused=0 pass=1
[19:55:02] TINYDRAW_LIVE_PRESENT kind=pan zoom=400 x=2812 y=1600 compose_us=25868 read_submit_us=27121 read_complete_us=27926 transfer_wait_us=19878 tile_pixels=1024 uniform_pixels=0 overview_pixels=0 fallback_pixels=163840 resident_tiles=4 fallback_tiles=45 pushes=21 frame_reused=0 pass=1
[19:55:03] TINYDRAW_LIVE_PRESENT kind=pan zoom=400 x=2814 y=1587 compose_us=27142 read_submit_us=28173 read_complete_us=28977 transfer_wait_us=19827 tile_pixels=33280 uniform_pixels=0 overview_pixels=0 fallback_pixels=131584 resident_tiles=12 fallback_tiles=44 pushes=21 frame_reused=0 pass=1
[19:55:03] TINYDRAW_LIVE_PRESENT kind=pan zoom=400 x=2844 y=1399 compose_us=26614 read_submit_us=27832 read_complete_us=28634 transfer_wait_us=19167 tile_pixels=23424 uniform_pixels=0 overview_pixels=0 fallback_pixels=141440 resident_tiles=6 fallback_tiles=50 pushes=21 frame_reused=0 pass=1
[19:55:03] TINYDRAW_LIVE_PRESENT kind=pan zoom=400 x=2858 y=1265 compose_us=25690 read_submit_us=26918 read_complete_us=27723 transfer_wait_us=19081 tile_pixels=6272 uniform_pixels=0 overview_pixels=0 fallback_pixels=158592 resident_tiles=2 fallback_tiles=54 pushes=21 frame_reused=0 pass=1
[19:55:03] TINYDRAW_LIVE_PRESENT kind=pan zoom=400 x=2857 y=1264 compose_us=26048 read_submit_us=27109 read_complete_us=27910 transfer_wait_us=19891 tile_pixels=22528 uniform_pixels=0 overview_pixels=0 fallback_pixels=142336 resident_tiles=6 fallback_tiles=50 pushes=21 frame_reused=0 pass=1
[19:55:03] TINYDRAW_LIVE_PRESENT kind=pan zoom=400 x=2818 y=1252 compose_us=25988 read_submit_us=27249 read_complete_us=28051 transfer_wait_us=19750 tile_pixels=20992 uniform_pixels=0 overview_pixels=0 fallback_pixels=143872 resident_tiles=6 fallback_tiles=42 pushes=21 frame_reused=0 pass=1
[19:55:03] TINYDRAW_LIVE_PRESENT kind=pan zoom=400 x=2639 y=1249 compose_us=25863 read_submit_us=27113 read_complete_us=27916 transfer_wait_us=19886 tile_pixels=15886 uniform_pixels=0 overview_pixels=0 fallback_pixels=148978 resident_tiles=6 fallback_tiles=42 pushes=21 frame_reused=0 pass=1
[19:55:03] TINYDRAW_LIVE_PRESENT kind=pan zoom=400 x=2637 y=1251 compose_us=27134 read_submit_us=28182 read_complete_us=28985 transfer_wait_us=19818 tile_pixels=48670 uniform_pixels=0 overview_pixels=0 fallback_pixels=116194 resident_tiles=14 fallback_tiles=34 pushes=21 frame_reused=0 pass=1
[19:55:03] TINYDRAW_LIVE_PRESENT kind=pan zoom=400 x=2606 y=1309 compose_us=27808 read_submit_us=29057 read_complete_us=29858 transfer_wait_us=19942 tile_pixels=52976 uniform_pixels=0 overview_pixels=0 fallback_pixels=111888 resident_tiles=18 fallback_tiles=38 pushes=21 frame_reused=0 pass=1
[19:55:03] TINYDRAW_LIVE_PRESENT kind=pan zoom=400 x=2527 y=1488 compose_us=28108 read_submit_us=29352 read_complete_us=30156 transfer_wait_us=19647 tile_pixels=71760 uniform_pixels=8192 overview_pixels=0 fallback_pixels=84912 resident_tiles=24 fallback_tiles=32 pushes=21 frame_reused=0 pass=1
[19:55:04] TINYDRAW_LIVE_PRESENT kind=pan zoom=400 x=2506 y=1529 compose_us=27673 read_submit_us=28920 read_complete_us=29722 transfer_wait_us=19079 tile_pixels=71190 uniform_pixels=8192 overview_pixels=0 fallback_pixels=85482 resident_tiles=23 fallback_tiles=25 pushes=21 frame_reused=0 pass=1
[19:55:04] TINYDRAW_LIVE_PRESENT kind=pan zoom=400 x=2485 y=1520 compose_us=27953 read_submit_us=29196 read_complete_us=30003 transfer_wait_us=19803 tile_pixels=80592 uniform_pixels=8192 overview_pixels=0 fallback_pixels=76080 resident_tiles=29 fallback_tiles=27 pushes=21 frame_reused=0 pass=1
[19:55:04] TINYDRAW_LIVE_PRESENT kind=pan zoom=400 x=2516 y=1352 compose_us=27897 read_submit_us=29150 read_complete_us=29952 transfer_wait_us=19849 tile_pixels=64768 uniform_pixels=1024 overview_pixels=0 fallback_pixels=99072 resident_tiles=24 fallback_tiles=32 pushes=21 frame_reused=0 pass=1
[19:55:04] TINYDRAW_LIVE_PRESENT kind=pan zoom=400 x=2621 y=1286 compose_us=27831 read_submit_us=29074 read_complete_us=29879 transfer_wait_us=19925 tile_pixels=50848 uniform_pixels=0 overview_pixels=0 fallback_pixels=114016 resident_tiles=18 fallback_tiles=38 pushes=21 frame_reused=0 pass=1
[19:55:04] TINYDRAW_LIVE_PRESENT kind=pan zoom=400 x=2651 y=1287 compose_us=27629 read_submit_us=28869 read_complete_us=29671 transfer_wait_us=19130 tile_pixels=56781 uniform_pixels=0 overview_pixels=0 fallback_pixels=108083 resident_tiles=20 fallback_tiles=36 pushes=21 frame_reused=0 pass=1
[19:55:04] TINYDRAW_LIVE_PRESENT kind=pan zoom=400 x=2652 y=1287 compose_us=28271 read_submit_us=29326 read_complete_us=30128 transfer_wait_us=19674 tile_pixels=73364 uniform_pixels=0 overview_pixels=0 fallback_pixels=91500 resident_tiles=24 fallback_tiles=32 pushes=21 frame_reused=0 pass=1
[19:55:04] TINYDRAW_LIVE_PRESENT kind=pan zoom=400 x=2731 y=1215 compose_us=27704 read_submit_us=28963 read_complete_us=29766 transfer_wait_us=19036 tile_pixels=59904 uniform_pixels=0 overview_pixels=0 fallback_pixels=104960 resident_tiles=16 fallback_tiles=40 pushes=21 frame_reused=0 pass=1
[19:55:04] TINYDRAW_LIVE_PRESENT kind=pan zoom=400 x=2813 y=1145 compose_us=27299 read_submit_us=28552 read_complete_us=29355 transfer_wait_us=19447 tile_pixels=40448 uniform_pixels=0 overview_pixels=0 fallback_pixels=124416 resident_tiles=12 fallback_tiles=44 pushes=21 frame_reused=0 pass=1
[19:55:04] TINYDRAW_LIVE_PRESENT kind=pan zoom=400 x=2863 y=1125 compose_us=26609 read_submit_us=27853 read_complete_us=28655 transfer_wait_us=19146 tile_pixels=29749 uniform_pixels=0 overview_pixels=0 fallback_pixels=135115 resident_tiles=10 fallback_tiles=46 pushes=21 frame_reused=0 pass=1
[19:55:04] TINYDRAW_LIVE_PRESENT kind=pan zoom=400 x=2872 y=1122 compose_us=26503 read_submit_us=27747 read_complete_us=28551 transfer_wait_us=19252 tile_pixels=28048 uniform_pixels=0 overview_pixels=0 fallback_pixels=136816 resident_tiles=10 fallback_tiles=46 pushes=21 frame_reused=0 pass=1
[19:55:04] TINYDRAW_LIVE_PRESENT kind=pan zoom=400 x=2778 y=1262 compose_us=27780 read_submit_us=29033 read_complete_us=29835 transfer_wait_us=19966 tile_pixels=61652 uniform_pixels=0 overview_pixels=0 fallback_pixels=103212 resident_tiles=17 fallback_tiles=39 pushes=21 frame_reused=0 pass=1
[19:55:04] TINYDRAW_LIVE_PRESENT kind=pan zoom=400 x=2657 y=1391 compose_us=28395 read_submit_us=29644 read_complete_us=30447 transfer_wait_us=19355 tile_pixels=93087 uniform_pixels=4465 overview_pixels=0 fallback_pixels=67312 resident_tiles=29 fallback_tiles=27 pushes=21 frame_reused=0 pass=1
[19:55:05] TINYDRAW_LIVE_PRESENT kind=pan zoom=400 x=2650 y=1394 compose_us=29244 read_submit_us=30272 read_complete_us=31076 transfer_wait_us=19728 tile_pixels=124148 uniform_pixels=5100 overview_pixels=0 fallback_pixels=35616 resident_tiles=37 fallback_tiles=19 pushes=21 frame_reused=0 pass=1
[19:55:05] TINYDRAW_LIVE_PRESENT kind=pan zoom=400 x=2503 y=1532 compose_us=27842 read_submit_us=29069 read_complete_us=29871 transfer_wait_us=19930 tile_pixels=102236 uniform_pixels=8192 overview_pixels=0 fallback_pixels=54436 resident_tiles=31 fallback_tiles=17 pushes=21 frame_reused=0 pass=1
[19:55:05] TINYDRAW_LIVE_PRESENT kind=pan zoom=400 x=2472 y=1620 compose_us=27860 read_submit_us=29102 read_complete_us=29906 transfer_wait_us=19897 tile_pixels=85312 uniform_pixels=8192 overview_pixels=0 fallback_pixels=71360 resident_tiles=29 fallback_tiles=27 pushes=21 frame_reused=0 pass=1
[19:55:05] TINYDRAW_LIVE_PRESENT kind=pan zoom=400 x=2471 y=1622 compose_us=28033 read_submit_us=29086 read_complete_us=29888 transfer_wait_us=19914 tile_pixels=93152 uniform_pixels=8192 overview_pixels=0 fallback_pixels=63520 resident_tiles=31 fallback_tiles=25 pushes=21 frame_reused=0 pass=1
[19:55:05] TINYDRAW_LIVE_PRESENT kind=pan zoom=400 x=2384 y=1717 compose_us=26628 read_submit_us=27890 read_complete_us=28693 transfer_wait_us=19109 tile_pixels=66512 uniform_pixels=14336 overview_pixels=0 fallback_pixels=84016 resident_tiles=26 fallback_tiles=22 pushes=21 frame_reused=0 pass=1
[19:55:05] TINYDRAW_LIVE_PRESENT kind=pan zoom=400 x=2281 y=1791 compose_us=26356 read_submit_us=27605 read_complete_us=28407 transfer_wait_us=19394 tile_pixels=49968 uniform_pixels=13888 overview_pixels=0 fallback_pixels=101008 resident_tiles=25 fallback_tiles=31 pushes=21 frame_reused=0 pass=1
[19:55:05] TINYDRAW_LIVE_PRESENT kind=pan zoom=400 x=2280 y=1792 compose_us=26853 read_submit_us=27879 read_complete_us=28683 transfer_wait_us=19121 tile_pixels=78336 uniform_pixels=17920 overview_pixels=0 fallback_pixels=68608 resident_tiles=26 fallback_tiles=23 pushes=21 frame_reused=0 pass=1
[19:55:05] TINYDRAW_LIVE_PRESENT kind=pan zoom=400 x=2218 y=1846 compose_us=27164 read_submit_us=28383 read_complete_us=29185 transfer_wait_us=19616 tile_pixels=66912 uniform_pixels=9472 overview_pixels=0 fallback_pixels=88480 resident_tiles=26 fallback_tiles=30 pushes=21 frame_reused=0 pass=1
[19:55:06] TINYDRAW_LIVE_PRESENT kind=pan zoom=400 x=2217 y=1847 compose_us=27505 read_submit_us=28559 read_complete_us=29362 transfer_wait_us=19441 tile_pixels=90096 uniform_pixels=13440 overview_pixels=0 fallback_pixels=61328 resident_tiles=34 fallback_tiles=22 pushes=21 frame_reused=0 pass=1
[19:55:06] TINYDRAW_LIVE_PRESENT kind=pan zoom=400 x=2154 y=1910 compose_us=27148 read_submit_us=28406 read_complete_us=29208 transfer_wait_us=19593 tile_pixels=66016 uniform_pixels=9856 overview_pixels=0 fallback_pixels=88992 resident_tiles=27 fallback_tiles=29 pushes=21 frame_reused=0 pass=1
[19:55:06] TINYDRAW_LIVE_PRESENT kind=pan zoom=400 x=2152 y=1911 compose_us=27872 read_submit_us=28893 read_complete_us=29697 transfer_wait_us=19107 tile_pixels=98032 uniform_pixels=9728 overview_pixels=0 fallback_pixels=57104 resident_tiles=35 fallback_tiles=21 pushes=21 frame_reused=0 pass=1
[19:55:06] TINYDRAW_LIVE_PRESENT kind=pan zoom=400 x=2017 y=1986 compose_us=27320 read_submit_us=28549 read_complete_us=29351 transfer_wait_us=19450 tile_pixels=56352 uniform_pixels=4096 overview_pixels=0 fallback_pixels=104416 resident_tiles=19 fallback_tiles=37 pushes=21 frame_reused=0 pass=1
[19:55:06] TINYDRAW_LIVE_PRESENT kind=pan zoom=400 x=1943 y=2069 compose_us=26594 read_submit_us=27829 read_complete_us=28633 transfer_wait_us=19170 tile_pixels=31424 uniform_pixels=301 overview_pixels=0 fallback_pixels=133139 resident_tiles=12 fallback_tiles=44 pushes=21 frame_reused=0 pass=1
[19:55:07] TINYDRAW_LIVE_PRESENT kind=pan zoom=400 x=1940 y=2070 compose_us=26847 read_submit_us=27895 read_complete_us=28698 transfer_wait_us=19105 tile_pixels=47104 uniform_pixels=168 overview_pixels=0 fallback_pixels=117592 resident_tiles=16 fallback_tiles=40 pushes=21 frame_reused=0 pass=1
[19:55:07] TINYDRAW_LIVE_PRESENT kind=pan zoom=400 x=1843 y=2124 compose_us=26349 read_submit_us=27609 read_complete_us=28413 transfer_wait_us=19390 tile_pixels=22684 uniform_pixels=0 overview_pixels=0 fallback_pixels=142180 resident_tiles=7 fallback_tiles=49 pushes=21 frame_reused=0 pass=1
[19:55:07] TINYDRAW_LIVE_PRESENT kind=pan zoom=400 x=1840 y=2125 compose_us=27393 read_submit_us=28418 read_complete_us=29223 transfer_wait_us=19582 tile_pixels=54880 uniform_pixels=0 overview_pixels=0 fallback_pixels=109984 resident_tiles=15 fallback_tiles=41 pushes=21 frame_reused=0 pass=1
[19:55:07] TINYDRAW_LIVE_PRESENT kind=pan zoom=400 x=1719 y=2215 compose_us=26611 read_submit_us=27833 read_complete_us=28635 transfer_wait_us=19166 tile_pixels=31344 uniform_pixels=0 overview_pixels=0 fallback_pixels=133520 resident_tiles=12 fallback_tiles=44 pushes=21 frame_reused=0 pass=1
[19:55:07] TINYDRAW_LIVE_PRESENT kind=pan zoom=400 x=1631 y=2292 compose_us=25937 read_submit_us=27170 read_complete_us=27974 transfer_wait_us=19829 tile_pixels=11648 uniform_pixels=0 overview_pixels=0 fallback_pixels=153216 resident_tiles=6 fallback_tiles=50 pushes=21 frame_reused=0 pass=1
[19:55:07] TINYDRAW_LIVE_PRESENT kind=pan zoom=400 x=1630 y=2294 compose_us=26645 read_submit_us=27703 read_complete_us=28505 transfer_wait_us=19297 tile_pixels=27648 uniform_pixels=0 overview_pixels=0 fallback_pixels=137216 resident_tiles=10 fallback_tiles=46 pushes=21 frame_reused=0 pass=1
[19:55:07] TINYDRAW_LIVE_PRESENT kind=pan zoom=400 x=1569 y=2385 compose_us=26112 read_submit_us=27376 read_complete_us=28179 transfer_wait_us=19623 tile_pixels=17183 uniform_pixels=0 overview_pixels=0 fallback_pixels=147681 resident_tiles=5 fallback_tiles=51 pushes=21 frame_reused=0 pass=1
[19:55:08] TINYDRAW_LIVE_PRESENT kind=toolbar zoom=400 x=1569 y=2385 compose_us=37360 read_submit_us=38101 read_complete_us=38905 transfer_wait_us=19614 tile_pixels=131487 uniform_pixels=4096 overview_pixels=0 fallback_pixels=29281 resident_tiles=37 fallback_tiles=19 pushes=21 frame_reused=0 pass=1
[19:55:09] TINYDRAW_LIVE_PRESENT kind=toolbar zoom=400 x=1569 y=2385 compose_us=29046 read_submit_us=29821 read_complete_us=30625 transfer_wait_us=19906 tile_pixels=131487 uniform_pixels=4096 overview_pixels=0 fallback_pixels=29281 resident_tiles=37 fallback_tiles=19 pushes=21 frame_reused=0 pass=1
[19:55:10] TINYDRAW_LIVE_FILL_DONE zoom=400 x=1569 y=2385 revision=2045
[19:55:17] TINYDRAW_LIVE_STROKE revision=2046 operations=1045 samples=20745 append_us=109395 refresh_compose_us=29698 refresh_complete_us=19062 ink_samples=179 read_submit_avg_us=1589 read_submit_max_us=2707 read_complete_avg_us=1628 read_complete_max_us=2794 submit_over_16ms=0 complete_over_33ms=0 presentation_failures=0 poll_max_us=94001 touch_errors=0 free_psram=2744716 largest_psram=2686976 authority_match=1
[19:55:17] TINYDRAW_LIVE_STROKE_DONE committed=1 refresh=1 overflow=0
[19:55:17] TINYDRAW_LIVE_FILL_DONE zoom=400 x=1569 y=2385 revision=2046
[19:55:28] TINYDRAW_LIVE_PRESENT kind=zoom zoom=25 x=0 y=0 compose_us=34609 read_submit_us=35368 read_complete_us=36172 transfer_wait_us=19632 tile_pixels=0 uniform_pixels=0 overview_pixels=164864 fallback_pixels=0 resident_tiles=0 fallback_tiles=0 pushes=21 frame_reused=0 pass=1
[19:55:43] TINYDRAW_LIVE_PRESENT kind=zoom zoom=100 x=0 y=0 compose_us=22845 read_submit_us=23622 read_complete_us=24424 transfer_wait_us=19378 tile_pixels=0 uniform_pixels=0 overview_pixels=0 fallback_pixels=164864 resident_tiles=0 fallback_tiles=42 pushes=21 frame_reused=0 pass=1
[19:55:45] TINYDRAW_LIVE_FILL_DONE zoom=100 x=0 y=0 revision=2046
[19:55:50] TINYDRAW_LIVE_PRESENT kind=zoom zoom=400 x=0 y=0 compose_us=22577 read_submit_us=23359 read_complete_us=24163 transfer_wait_us=19641 tile_pixels=0 uniform_pixels=19456 overview_pixels=0 fallback_pixels=145408 resident_tiles=5 fallback_tiles=37 pushes=21 frame_reused=0 pass=1
[19:55:51] TINYDRAW_LIVE_FILL_DONE zoom=400 x=0 y=0 revision=2046
[19:55:53] TINYDRAW_LIVE_STROKE revision=2047 operations=1046 samples=20770 append_us=54646 refresh_compose_us=27858 refresh_complete_us=19653 ink_samples=24 read_submit_avg_us=1591 read_submit_max_us=2398 read_complete_avg_us=1640 read_complete_max_us=2437 submit_over_16ms=0 complete_over_33ms=0 presentation_failures=0 poll_max_us=195001 touch_errors=0 free_psram=2744716 largest_psram=2686976 authority_match=1
[19:55:53] TINYDRAW_LIVE_STROKE_DONE committed=1 refresh=1 overflow=0
[19:55:53] TINYDRAW_LIVE_FILL_DONE zoom=400 x=0 y=0 revision=2047
[19:55:54] TINYDRAW_LIVE_PRESENT kind=toolbar zoom=400 x=0 y=0 compose_us=35731 read_submit_us=36510 read_complete_us=37311 transfer_wait_us=19205 tile_pixels=145408 uniform_pixels=19456 overview_pixels=0 fallback_pixels=0 resident_tiles=42 fallback_tiles=0 pushes=21 frame_reused=0 pass=1
[19:55:55] TINYDRAW_LIVE_PRESENT kind=toolbar zoom=400 x=0 y=0 compose_us=27762 read_submit_us=28528 read_complete_us=29331 transfer_wait_us=19193 tile_pixels=145408 uniform_pixels=19456 overview_pixels=0 fallback_pixels=0 resident_tiles=42 fallback_tiles=0 pushes=21 frame_reused=0 pass=1
[19:55:55] TINYDRAW_LIVE_PRESENT kind=pan zoom=400 x=1 y=2 compose_us=26998 read_submit_us=28066 read_complete_us=28868 transfer_wait_us=19934 tile_pixels=0 uniform_pixels=0 overview_pixels=0 fallback_pixels=0 resident_tiles=0 fallback_tiles=0 pushes=21 frame_reused=1 pass=1
[19:55:55] TINYDRAW_LIVE_PRESENT kind=pan zoom=400 x=43 y=41 compose_us=29285 read_submit_us=30546 read_complete_us=31348 transfer_wait_us=19453 tile_pixels=132416 uniform_pixels=6371 overview_pixels=0 fallback_pixels=26077 resident_tiles=42 fallback_tiles=14 pushes=21 frame_reused=0 pass=1
[19:55:55] TINYDRAW_LIVE_PRESENT kind=pan zoom=400 x=173 y=115 compose_us=27267 read_submit_us=28532 read_complete_us=29335 transfer_wait_us=19467 tile_pixels=70263 uniform_pixels=0 overview_pixels=0 fallback_pixels=94601 resident_tiles=24 fallback_tiles=32 pushes=21 frame_reused=0 pass=1
[19:55:55] TINYDRAW_LIVE_PRESENT kind=pan zoom=400 x=296 y=193 compose_us=24713 read_submit_us=25957 read_complete_us=26759 transfer_wait_us=19042 tile_pixels=22440 uniform_pixels=0 overview_pixels=0 fallback_pixels=142424 resident_tiles=8 fallback_tiles=48 pushes=21 frame_reused=0 pass=1
[19:55:56] TINYDRAW_LIVE_PRESENT kind=pan zoom=400 x=298 y=195 compose_us=25295 read_submit_us=26349 read_complete_us=27151 transfer_wait_us=19651 tile_pixels=38142 uniform_pixels=0 overview_pixels=0 fallback_pixels=126722 resident_tiles=12 fallback_tiles=44 pushes=21 frame_reused=0 pass=1
[19:55:56] TINYDRAW_LIVE_PRESENT kind=pan zoom=400 x=373 y=253 compose_us=24288 read_submit_us=25556 read_complete_us=26358 transfer_wait_us=19443 tile_pixels=18529 uniform_pixels=0 overview_pixels=0 fallback_pixels=146335 resident_tiles=8 fallback_tiles=48 pushes=21 frame_reused=0 pass=1
[19:55:56] TINYDRAW_LIVE_PRESENT kind=pan zoom=400 x=508 y=337 compose_us=23679 read_submit_us=24920 read_complete_us=25723 transfer_wait_us=19079 tile_pixels=512 uniform_pixels=4096 overview_pixels=0 fallback_pixels=160256 resident_tiles=3 fallback_tiles=53 pushes=21 frame_reused=0 pass=1
[19:55:56] TINYDRAW_LIVE_PRESENT kind=pan zoom=400 x=510 y=337 compose_us=25275 read_submit_us=26303 read_complete_us=27108 transfer_wait_us=19697 tile_pixels=33024 uniform_pixels=4096 overview_pixels=0 fallback_pixels=127744 resident_tiles=11 fallback_tiles=45 pushes=21 frame_reused=0 pass=1
[19:55:56] TINYDRAW_LIVE_PRESENT kind=pan zoom=400 x=568 y=337 compose_us=24810 read_submit_us=26038 read_complete_us=26840 transfer_wait_us=19961 tile_pixels=32768 uniform_pixels=4096 overview_pixels=0 fallback_pixels=128000 resident_tiles=9 fallback_tiles=47 pushes=21 frame_reused=0 pass=1
[19:55:56] TINYDRAW_LIVE_PRESENT kind=pan zoom=400 x=569 y=339 compose_us=25845 read_submit_us=26897 read_complete_us=27699 transfer_wait_us=19103 tile_pixels=65536 uniform_pixels=4096 overview_pixels=0 fallback_pixels=95232 resident_tiles=17 fallback_tiles=39 pushes=21 frame_reused=0 pass=1
[19:55:57] TINYDRAW_LIVE_PRESENT kind=pan zoom=400 x=653 y=353 compose_us=26504 read_submit_us=27758 read_complete_us=28560 transfer_wait_us=19241 tile_pixels=62208 uniform_pixels=3264 overview_pixels=0 fallback_pixels=99392 resident_tiles=17 fallback_tiles=31 pushes=21 frame_reused=0 pass=1
[19:55:57] TINYDRAW_LIVE_PRESENT kind=pan zoom=400 x=653 y=354 compose_us=27777 read_submit_us=28834 read_complete_us=29637 transfer_wait_us=19166 tile_pixels=94592 uniform_pixels=3264 overview_pixels=0 fallback_pixels=67008 resident_tiles=25 fallback_tiles=23 pushes=21 frame_reused=0 pass=1
[19:55:57] TINYDRAW_LIVE_PRESENT kind=pan zoom=400 x=681 y=406 compose_us=26626 read_submit_us=27885 read_complete_us=28689 transfer_wait_us=19114 tile_pixels=83078 uniform_pixels=3072 overview_pixels=0 fallback_pixels=78714 resident_tiles=26 fallback_tiles=30 pushes=21 frame_reused=0 pass=1
[19:55:57] TINYDRAW_LIVE_PRESENT kind=pan zoom=400 x=856 y=557 compose_us=24332 read_submit_us=25579 read_complete_us=26381 transfer_wait_us=19420 tile_pixels=19064 uniform_pixels=4096 overview_pixels=0 fallback_pixels=141704 resident_tiles=9 fallback_tiles=47 pushes=21 frame_reused=0 pass=1
[19:55:57] TINYDRAW_LIVE_PRESENT kind=pan zoom=400 x=857 y=558 compose_us=25064 read_submit_us=26122 read_complete_us=26923 transfer_wait_us=19878 tile_pixels=35070 uniform_pixels=4096 overview_pixels=0 fallback_pixels=125698 resident_tiles=13 fallback_tiles=43 pushes=21 frame_reused=0 pass=1
[19:55:57] TINYDRAW_LIVE_PRESENT kind=pan zoom=400 x=926 y=561 compose_us=24772 read_submit_us=26038 read_complete_us=26840 transfer_wait_us=19961 tile_pixels=24126 uniform_pixels=4096 overview_pixels=0 fallback_pixels=136642 resident_tiles=9 fallback_tiles=47 pushes=21 frame_reused=0 pass=1
[19:55:58] TINYDRAW_LIVE_PRESENT kind=pan zoom=400 x=927 y=563 compose_us=25648 read_submit_us=26706 read_complete_us=27509 transfer_wait_us=19294 tile_pixels=52525 uniform_pixels=4096 overview_pixels=0 fallback_pixels=108243 resident_tiles=16 fallback_tiles=40 pushes=21 frame_reused=0 pass=1
[19:55:58] TINYDRAW_LIVE_PRESENT kind=pan zoom=400 x=958 y=608 compose_us=25860 read_submit_us=27125 read_complete_us=27928 transfer_wait_us=19874 tile_pixels=47168 uniform_pixels=4096 overview_pixels=0 fallback_pixels=113600 resident_tiles=14 fallback_tiles=42 pushes=21 frame_reused=0 pass=1
[19:55:58] TINYDRAW_LIVE_PRESENT kind=pan zoom=400 x=1146 y=724 compose_us=25503 read_submit_us=26751 read_complete_us=27553 transfer_wait_us=19248 tile_pixels=17416 uniform_pixels=0 overview_pixels=0 fallback_pixels=147448 resident_tiles=7 fallback_tiles=49 pushes=21 frame_reused=0 pass=1
[19:55:58] TINYDRAW_LIVE_PRESENT kind=pan zoom=400 x=1146 y=725 compose_us=26000 read_submit_us=27057 read_complete_us=27859 transfer_wait_us=19943 tile_pixels=33794 uniform_pixels=0 overview_pixels=0 fallback_pixels=131070 resident_tiles=11 fallback_tiles=45 pushes=21 frame_reused=0 pass=1
[19:55:58] TINYDRAW_LIVE_PRESENT kind=pan zoom=400 x=1190 y=751 compose_us=25854 read_submit_us=27121 read_complete_us=27924 transfer_wait_us=19878 tile_pixels=27904 uniform_pixels=0 overview_pixels=0 fallback_pixels=136960 resident_tiles=8 fallback_tiles=48 pushes=21 frame_reused=0 pass=1
[19:55:58] TINYDRAW_LIVE_PRESENT kind=pan zoom=400 x=1191 y=752 compose_us=26557 read_submit_us=27605 read_complete_us=28408 transfer_wait_us=19395 tile_pixels=60544 uniform_pixels=0 overview_pixels=0 fallback_pixels=104320 resident_tiles=16 fallback_tiles=40 pushes=21 frame_reused=0 pass=1
[19:55:58] TINYDRAW_LIVE_PRESENT kind=pan zoom=400 x=1270 y=808 compose_us=26641 read_submit_us=27888 read_complete_us=28690 transfer_wait_us=19111 tile_pixels=50032 uniform_pixels=0 overview_pixels=0 fallback_pixels=114832 resident_tiles=14 fallback_tiles=42 pushes=21 frame_reused=0 pass=1
[19:55:58] TINYDRAW_LIVE_PRESENT kind=pan zoom=400 x=1403 y=868 compose_us=26310 read_submit_us=27564 read_complete_us=28368 transfer_wait_us=19435 tile_pixels=17664 uniform_pixels=0 overview_pixels=0 fallback_pixels=147200 resident_tiles=8 fallback_tiles=48 pushes=21 frame_reused=0 pass=1
[19:55:59] TINYDRAW_LIVE_PRESENT kind=pan zoom=400 x=1403 y=869 compose_us=27107 read_submit_us=28156 read_complete_us=28960 transfer_wait_us=19844 tile_pixels=34048 uniform_pixels=0 overview_pixels=0 fallback_pixels=130816 resident_tiles=12 fallback_tiles=44 pushes=21 frame_reused=0 pass=1
[19:55:59] TINYDRAW_LIVE_PRESENT kind=pan zoom=400 x=1445 y=896 compose_us=26106 read_submit_us=27363 read_complete_us=28166 transfer_wait_us=19636 tile_pixels=28032 uniform_pixels=0 overview_pixels=0 fallback_pixels=136832 resident_tiles=8 fallback_tiles=41 pushes=21 frame_reused=0 pass=1
[19:55:59] TINYDRAW_LIVE_PRESENT kind=pan zoom=400 x=1617 y=952 compose_us=25727 read_submit_us=26972 read_complete_us=27775 transfer_wait_us=19027 tile_pixels=6016 uniform_pixels=0 overview_pixels=0 fallback_pixels=158848 resident_tiles=2 fallback_tiles=54 pushes=21 frame_reused=0 pass=1
[19:55:59] TINYDRAW_LIVE_PRESENT kind=pan zoom=400 x=1618 y=952 compose_us=26117 read_submit_us=27170 read_complete_us=27971 transfer_wait_us=19830 tile_pixels=22272 uniform_pixels=0 overview_pixels=0 fallback_pixels=142592 resident_tiles=6 fallback_tiles=50 pushes=21 frame_reused=0 pass=1
[19:55:59] TINYDRAW_LIVE_PRESENT kind=pan zoom=400 x=1694 y=946 compose_us=26070 read_submit_us=27324 read_complete_us=28126 transfer_wait_us=19675 tile_pixels=16384 uniform_pixels=0 overview_pixels=0 fallback_pixels=148480 resident_tiles=4 fallback_tiles=52 pushes=21 frame_reused=0 pass=1
[19:55:59] TINYDRAW_LIVE_PRESENT kind=pan zoom=400 x=1876 y=913 compose_us=25720 read_submit_us=26955 read_complete_us=27759 transfer_wait_us=19044 tile_pixels=5632 uniform_pixels=0 overview_pixels=0 fallback_pixels=159232 resident_tiles=2 fallback_tiles=54 pushes=21 frame_reused=0 pass=1
[19:55:59] TINYDRAW_LIVE_PRESENT kind=pan zoom=400 x=1877 y=909 compose_us=25984 read_submit_us=27039 read_complete_us=27840 transfer_wait_us=19961 tile_pixels=21888 uniform_pixels=0 overview_pixels=0 fallback_pixels=142976 resident_tiles=6 fallback_tiles=50 pushes=21 frame_reused=0 pass=1
[19:56:00] TINYDRAW_LIVE_PRESENT kind=pan zoom=400 x=1913 y=801 compose_us=25976 read_submit_us=27236 read_complete_us=28038 transfer_wait_us=19763 tile_pixels=17063 uniform_pixels=0 overview_pixels=0 fallback_pixels=147801 resident_tiles=6 fallback_tiles=50 pushes=21 frame_reused=0 pass=1
[19:56:00] TINYDRAW_LIVE_PRESENT kind=pan zoom=400 x=1982 y=670 compose_us=25963 read_submit_us=27203 read_complete_us=28007 transfer_wait_us=19796 tile_pixels=12032 uniform_pixels=0 overview_pixels=0 fallback_pixels=152832 resident_tiles=4 fallback_tiles=52 pushes=21 frame_reused=0 pass=1
[19:56:00] TINYDRAW_LIVE_PRESENT kind=pan zoom=400 x=1981 y=670 compose_us=27151 read_submit_us=28210 read_complete_us=29011 transfer_wait_us=19790 tile_pixels=44800 uniform_pixels=0 overview_pixels=0 fallback_pixels=120064 resident_tiles=12 fallback_tiles=44 pushes=21 frame_reused=0 pass=1
[19:56:00] TINYDRAW_LIVE_PRESENT kind=pan zoom=400 x=1939 y=654 compose_us=26664 read_submit_us=27918 read_complete_us=28720 transfer_wait_us=19081 tile_pixels=42752 uniform_pixels=0 overview_pixels=0 fallback_pixels=122112 resident_tiles=12 fallback_tiles=44 pushes=21 frame_reused=0 pass=1
[19:56:00] TINYDRAW_LIVE_PRESENT kind=pan zoom=400 x=1789 y=608 compose_us=26706 read_submit_us=27949 read_complete_us=28753 transfer_wait_us=19050 tile_pixels=31392 uniform_pixels=0 overview_pixels=0 fallback_pixels=133472 resident_tiles=10 fallback_tiles=46 pushes=21 frame_reused=0 pass=1
[19:56:00] TINYDRAW_LIVE_PRESENT kind=pan zoom=400 x=1737 y=564 compose_us=25665 read_submit_us=26908 read_complete_us=27710 transfer_wait_us=19091 tile_pixels=13908 uniform_pixels=0 overview_pixels=0 fallback_pixels=150956 resident_tiles=4 fallback_tiles=44 pushes=21 frame_reused=0 pass=1
[19:56:00] TINYDRAW_LIVE_PRESENT kind=pan zoom=400 x=1735 y=563 compose_us=25770 read_submit_us=26822 read_complete_us=27625 transfer_wait_us=19178 tile_pixels=29749 uniform_pixels=0 overview_pixels=0 fallback_pixels=135115 resident_tiles=8 fallback_tiles=40 pushes=21 frame_reused=0 pass=1
[19:56:01] TINYDRAW_LIVE_PRESENT kind=pan zoom=400 x=1724 y=545 compose_us=26298 read_submit_us=27562 read_complete_us=28366 transfer_wait_us=19437 tile_pixels=26284 uniform_pixels=0 overview_pixels=0 fallback_pixels=138580 resident_tiles=8 fallback_tiles=48 pushes=21 frame_reused=0 pass=1
[19:56:01] TINYDRAW_LIVE_PRESENT kind=pan zoom=400 x=1722 y=486 compose_us=25982 read_submit_us=27228 read_complete_us=28030 transfer_wait_us=19771 tile_pixels=23356 uniform_pixels=0 overview_pixels=0 fallback_pixels=141508 resident_tiles=7 fallback_tiles=49 pushes=21 frame_reused=0 pass=1
[19:56:01] TINYDRAW_LIVE_PRESENT kind=pan zoom=400 x=1712 y=446 compose_us=25775 read_submit_us=27020 read_complete_us=27819 transfer_wait_us=19979 tile_pixels=20160 uniform_pixels=352 overview_pixels=0 fallback_pixels=144352 resident_tiles=10 fallback_tiles=46 pushes=21 frame_reused=0 pass=1
[19:56:01] TINYDRAW_LIVE_PRESENT kind=pan zoom=400 x=1687 y=419 compose_us=25447 read_submit_us=26700 read_complete_us=27502 transfer_wait_us=19299 tile_pixels=13365 uniform_pixels=5104 overview_pixels=0 fallback_pixels=146395 resident_tiles=10 fallback_tiles=46 pushes=21 frame_reused=0 pass=1
[19:56:03] TINYDRAW_LIVE_FILL_DONE zoom=400 x=1687 y=419 revision=2047
[19:56:03] TINYDRAW_LIVE_PRESENT kind=pan zoom=400 x=1687 y=421 compose_us=29154 read_submit_us=30202 read_complete_us=31006 transfer_wait_us=19798 tile_pixels=160112 uniform_pixels=4752 overview_pixels=0 fallback_pixels=0 resident_tiles=56 fallback_tiles=0 pushes=21 frame_reused=0 pass=1
[19:56:03] TINYDRAW_LIVE_PRESENT kind=pan zoom=400 x=1686 y=475 compose_us=29166 read_submit_us=30423 read_complete_us=31225 transfer_wait_us=19576 tile_pixels=155090 uniform_pixels=0 overview_pixels=0 fallback_pixels=9774 resident_tiles=50 fallback_tiles=6 pushes=21 frame_reused=0 pass=1
[19:56:03] TINYDRAW_LIVE_PRESENT kind=pan zoom=400 x=1683 y=556 compose_us=28426 read_submit_us=29676 read_complete_us=30480 transfer_wait_us=19323 tile_pixels=125444 uniform_pixels=0 overview_pixels=0 fallback_pixels=39420 resident_tiles=44 fallback_tiles=12 pushes=21 frame_reused=0 pass=1
[19:56:03] TINYDRAW_LIVE_PRESENT kind=pan zoom=400 x=1681 y=628 compose_us=27817 read_submit_us=29062 read_complete_us=29865 transfer_wait_us=19937 tile_pixels=98804 uniform_pixels=0 overview_pixels=0 fallback_pixels=66060 resident_tiles=38 fallback_tiles=18 pushes=21 frame_reused=0 pass=1
[19:56:03] TINYDRAW_LIVE_PRESENT kind=pan zoom=400 x=1681 y=677 compose_us=27407 read_submit_us=28652 read_complete_us=29456 transfer_wait_us=19347 tile_pixels=80821 uniform_pixels=0 overview_pixels=0 fallback_pixels=84043 resident_tiles=32 fallback_tiles=24 pushes=21 frame_reused=0 pass=1
[19:56:04] TINYDRAW_LIVE_PRESENT kind=pan zoom=400 x=1681 y=675 compose_us=27906 read_submit_us=28964 read_complete_us=29766 transfer_wait_us=19036 tile_pixels=97939 uniform_pixels=0 overview_pixels=0 fallback_pixels=66925 resident_tiles=36 fallback_tiles=20 pushes=21 frame_reused=0 pass=1
[19:56:04] TINYDRAW_LIVE_PRESENT kind=pan zoom=400 x=1688 y=645 compose_us=28034 read_submit_us=29292 read_complete_us=30094 transfer_wait_us=19707 tile_pixels=110328 uniform_pixels=0 overview_pixels=0 fallback_pixels=54536 resident_tiles=36 fallback_tiles=20 pushes=21 frame_reused=0 pass=1
[19:56:04] TINYDRAW_LIVE_PRESENT kind=pan zoom=400 x=1709 y=603 compose_us=30075 read_submit_us=31323 read_complete_us=32127 transfer_wait_us=19676 tile_pixels=128703 uniform_pixels=0 overview_pixels=0 fallback_pixels=36161 resident_tiles=42 fallback_tiles=14 pushes=21 frame_reused=0 pass=1
[19:56:04] TINYDRAW_LIVE_PRESENT kind=pan zoom=400 x=1732 y=552 compose_us=28533 read_submit_us=29781 read_complete_us=30583 transfer_wait_us=19218 tile_pixels=145312 uniform_pixels=0 overview_pixels=0 fallback_pixels=19552 resident_tiles=42 fallback_tiles=6 pushes=21 frame_reused=0 pass=1
[19:56:04] TINYDRAW_LIVE_PRESENT kind=pan zoom=400 x=1748 y=516 compose_us=29259 read_submit_us=30514 read_complete_us=31313 transfer_wait_us=19485 tile_pixels=152160 uniform_pixels=0 overview_pixels=0 fallback_pixels=12704 resident_tiles=46 fallback_tiles=10 pushes=21 frame_reused=0 pass=1
[19:56:04] TINYDRAW_LIVE_PRESENT kind=pan zoom=400 x=1753 y=501 compose_us=29420 read_submit_us=30670 read_complete_us=31472 transfer_wait_us=19329 tile_pixels=153610 uniform_pixels=0 overview_pixels=0 fallback_pixels=11254 resident_tiles=48 fallback_tiles=8 pushes=21 frame_reused=0 pass=1
[19:56:04] TINYDRAW_LIVE_PRESENT kind=pan zoom=400 x=1755 y=496 compose_us=30233 read_submit_us=31484 read_complete_us=32287 transfer_wait_us=19515 tile_pixels=153952 uniform_pixels=0 overview_pixels=0 fallback_pixels=10912 resident_tiles=48 fallback_tiles=8 pushes=21 frame_reused=0 pass=1
[19:56:04] TINYDRAW_LIVE_PRESENT kind=pan zoom=400 x=1755 y=500 compose_us=30219 read_submit_us=31470 read_complete_us=32272 transfer_wait_us=19529 tile_pixels=153336 uniform_pixels=0 overview_pixels=0 fallback_pixels=11528 resident_tiles=48 fallback_tiles=8 pushes=21 frame_reused=0 pass=1
[19:56:04] TINYDRAW_LIVE_PRESENT kind=pan zoom=400 x=1749 y=528 compose_us=29223 read_submit_us=30474 read_complete_us=31277 transfer_wait_us=19525 tile_pixels=149984 uniform_pixels=0 overview_pixels=0 fallback_pixels=14880 resident_tiles=46 fallback_tiles=10 pushes=21 frame_reused=0 pass=1
[19:56:04] TINYDRAW_LIVE_PRESENT kind=pan zoom=400 x=1737 y=556 compose_us=28656 read_submit_us=29904 read_complete_us=30706 transfer_wait_us=19095 tile_pixels=145100 uniform_pixels=0 overview_pixels=0 fallback_pixels=19764 resident_tiles=42 fallback_tiles=6 pushes=21 frame_reused=0 pass=1
[19:56:04] TINYDRAW_LIVE_PRESENT kind=pan zoom=400 x=1732 y=565 compose_us=28411 read_submit_us=29662 read_complete_us=30466 transfer_wait_us=19337 tile_pixels=142868 uniform_pixels=0 overview_pixels=0 fallback_pixels=21996 resident_tiles=42 fallback_tiles=6 pushes=21 frame_reused=0 pass=1
[19:56:04] TINYDRAW_LIVE_PRESENT kind=pan zoom=400 x=1727 y=570 compose_us=29652 read_submit_us=30897 read_complete_us=31699 transfer_wait_us=19102 tile_pixels=141318 uniform_pixels=0 overview_pixels=0 fallback_pixels=23546 resident_tiles=48 fallback_tiles=8 pushes=21 frame_reused=0 pass=1
[19:56:04] TINYDRAW_LIVE_PRESENT kind=pan zoom=400 x=1718 y=581 compose_us=28865 read_submit_us=30119 read_complete_us=30922 transfer_wait_us=19880 tile_pixels=137358 uniform_pixels=0 overview_pixels=0 fallback_pixels=27506 resident_tiles=42 fallback_tiles=14 pushes=21 frame_reused=0 pass=1
[19:56:04] TINYDRAW_LIVE_PRESENT kind=pan zoom=400 x=1711 y=589 compose_us=29472 read_submit_us=30722 read_complete_us=31524 transfer_wait_us=19277 tile_pixels=133731 uniform_pixels=0 overview_pixels=0 fallback_pixels=31133 resident_tiles=42 fallback_tiles=14 pushes=21 frame_reused=0 pass=1
[19:56:05] TINYDRAW_LIVE_FILL_DONE zoom=400 x=1711 y=589 revision=2047
[19:56:05] TINYDRAW_LIVE_PRESENT kind=pan zoom=400 x=1710 y=588 compose_us=30543 read_submit_us=31603 read_complete_us=32405 transfer_wait_us=19397 tile_pixels=164864 uniform_pixels=0 overview_pixels=0 fallback_pixels=0 resident_tiles=56 fallback_tiles=0 pushes=21 frame_reused=0 pass=1
[19:56:05] TINYDRAW_LIVE_PRESENT kind=pan zoom=400 x=1702 y=546 compose_us=29300 read_submit_us=30565 read_complete_us=31370 transfer_wait_us=19434 tile_pixels=164864 uniform_pixels=0 overview_pixels=0 fallback_pixels=0 resident_tiles=56 fallback_tiles=0 pushes=21 frame_reused=0 pass=1
[19:56:05] TINYDRAW_LIVE_PRESENT kind=pan zoom=400 x=1699 y=498 compose_us=29344 read_submit_us=30596 read_complete_us=31398 transfer_wait_us=19403 tile_pixels=164864 uniform_pixels=0 overview_pixels=0 fallback_pixels=0 resident_tiles=56 fallback_tiles=0 pushes=21 frame_reused=0 pass=1
[19:56:05] TINYDRAW_LIVE_PRESENT kind=pan zoom=400 x=1699 y=480 compose_us=27225 read_submit_us=28471 read_complete_us=29277 transfer_wait_us=19528 tile_pixels=0 uniform_pixels=0 overview_pixels=0 fallback_pixels=0 resident_tiles=0 fallback_tiles=0 pushes=21 frame_reused=1 pass=1
[19:56:05] TINYDRAW_LIVE_PRESENT kind=pan zoom=400 x=1699 y=472 compose_us=26743 read_submit_us=27987 read_complete_us=28790 transfer_wait_us=19021 tile_pixels=0 uniform_pixels=0 overview_pixels=0 fallback_pixels=0 resident_tiles=0 fallback_tiles=0 pushes=21 frame_reused=1 pass=1
[19:56:05] TINYDRAW_LIVE_PRESENT kind=pan zoom=400 x=1699 y=468 compose_us=26527 read_submit_us=27773 read_complete_us=28578 transfer_wait_us=19226 tile_pixels=0 uniform_pixels=0 overview_pixels=0 fallback_pixels=0 resident_tiles=0 fallback_tiles=0 pushes=21 frame_reused=1 pass=1
[19:56:06] TINYDRAW_LIVE_PRESENT kind=pan zoom=400 x=1699 y=465 compose_us=26467 read_submit_us=27719 read_complete_us=28521 transfer_wait_us=19280 tile_pixels=0 uniform_pixels=0 overview_pixels=0 fallback_pixels=0 resident_tiles=0 fallback_tiles=0 pushes=21 frame_reused=1 pass=1
[19:56:06] TINYDRAW_LIVE_PRESENT kind=pan zoom=400 x=1699 y=467 compose_us=26336 read_submit_us=27593 read_complete_us=28399 transfer_wait_us=19406 tile_pixels=0 uniform_pixels=0 overview_pixels=0 fallback_pixels=0 resident_tiles=0 fallback_tiles=0 pushes=21 frame_reused=1 pass=1
[19:56:06] TINYDRAW_LIVE_PRESENT kind=pan zoom=400 x=1699 y=472 compose_us=26491 read_submit_us=27740 read_complete_us=28543 transfer_wait_us=19259 tile_pixels=0 uniform_pixels=0 overview_pixels=0 fallback_pixels=0 resident_tiles=0 fallback_tiles=0 pushes=21 frame_reused=1 pass=1
[19:56:06] TINYDRAW_LIVE_PRESENT kind=pan zoom=400 x=1699 y=479 compose_us=26600 read_submit_us=27843 read_complete_us=28648 transfer_wait_us=19156 tile_pixels=0 uniform_pixels=0 overview_pixels=0 fallback_pixels=0 resident_tiles=0 fallback_tiles=0 pushes=21 frame_reused=1 pass=1
[19:56:06] TINYDRAW_LIVE_PRESENT kind=pan zoom=400 x=1701 y=490 compose_us=27423 read_submit_us=28675 read_complete_us=29477 transfer_wait_us=19324 tile_pixels=0 uniform_pixels=0 overview_pixels=0 fallback_pixels=0 resident_tiles=0 fallback_tiles=0 pushes=21 frame_reused=1 pass=1
[19:56:06] TINYDRAW_LIVE_PRESENT kind=pan zoom=400 x=1709 y=503 compose_us=27679 read_submit_us=28923 read_complete_us=29728 transfer_wait_us=19076 tile_pixels=0 uniform_pixels=0 overview_pixels=0 fallback_pixels=0 resident_tiles=0 fallback_tiles=0 pushes=21 frame_reused=1 pass=1
[19:56:06] TINYDRAW_LIVE_PRESENT kind=pan zoom=400 x=1714 y=510 compose_us=27597 read_submit_us=28844 read_complete_us=29647 transfer_wait_us=19155 tile_pixels=0 uniform_pixels=0 overview_pixels=0 fallback_pixels=0 resident_tiles=0 fallback_tiles=0 pushes=21 frame_reused=1 pass=1
[19:56:06] TINYDRAW_LIVE_PRESENT kind=pan zoom=400 x=1718 y=514 compose_us=27096 read_submit_us=28344 read_complete_us=29149 transfer_wait_us=19655 tile_pixels=0 uniform_pixels=0 overview_pixels=0 fallback_pixels=0 resident_tiles=0 fallback_tiles=0 pushes=21 frame_reused=1 pass=1
[19:56:06] TINYDRAW_LIVE_PRESENT kind=pan zoom=400 x=1719 y=514 compose_us=26775 read_submit_us=28026 read_complete_us=28828 transfer_wait_us=19973 tile_pixels=0 uniform_pixels=0 overview_pixels=0 fallback_pixels=0 resident_tiles=0 fallback_tiles=0 pushes=21 frame_reused=1 pass=1
[19:56:06] TINYDRAW_LIVE_PRESENT kind=pan zoom=400 x=1719 y=515 compose_us=26282 read_submit_us=27533 read_complete_us=28338 transfer_wait_us=19466 tile_pixels=0 uniform_pixels=0 overview_pixels=0 fallback_pixels=0 resident_tiles=0 fallback_tiles=0 pushes=21 frame_reused=1 pass=1
[19:56:06] TINYDRAW_LIVE_PRESENT kind=pan zoom=400 x=1720 y=515 compose_us=26774 read_submit_us=27822 read_complete_us=28625 transfer_wait_us=19178 tile_pixels=0 uniform_pixels=0 overview_pixels=0 fallback_pixels=0 resident_tiles=0 fallback_tiles=0 pushes=21 frame_reused=1 pass=1
[19:56:06] TINYDRAW_LIVE_PRESENT kind=pan zoom=400 x=1721 y=515 compose_us=26778 read_submit_us=28030 read_complete_us=28834 transfer_wait_us=19969 tile_pixels=0 uniform_pixels=0 overview_pixels=0 fallback_pixels=0 resident_tiles=0 fallback_tiles=0 pushes=21 frame_reused=1 pass=1
[19:56:06] TINYDRAW_LIVE_PRESENT kind=pan zoom=400 x=1720 y=515 compose_us=24915 read_submit_us=25965 read_complete_us=26767 transfer_wait_us=19035 tile_pixels=0 uniform_pixels=0 overview_pixels=0 fallback_pixels=0 resident_tiles=0 fallback_tiles=0 pushes=21 frame_reused=1 pass=1
[19:56:06] TINYDRAW_LIVE_PRESENT kind=pan zoom=400 x=1718 y=515 compose_us=24918 read_submit_us=26168 read_complete_us=26973 transfer_wait_us=19831 tile_pixels=0 uniform_pixels=0 overview_pixels=0 fallback_pixels=0 resident_tiles=0 fallback_tiles=0 pushes=21 frame_reused=1 pass=1
[19:56:06] TINYDRAW_LIVE_FILL_DONE zoom=400 x=1718 y=515 revision=2047
[19:56:07] TINYDRAW_LIVE_PRESENT kind=zoom zoom=25 x=0 y=0 compose_us=34560 read_submit_us=35340 read_complete_us=36145 transfer_wait_us=19660 tile_pixels=0 uniform_pixels=0 overview_pixels=164864 fallback_pixels=0 resident_tiles=0 fallback_tiles=0 pushes=21 frame_reused=0 pass=1
[19:56:10] TINYDRAW_LIVE_PRESENT kind=zoom zoom=100 x=0 y=0 compose_us=28667 read_submit_us=29437 read_complete_us=30240 transfer_wait_us=19563 tile_pixels=164864 uniform_pixels=0 overview_pixels=0 fallback_pixels=0 resident_tiles=42 fallback_tiles=0 pushes=21 frame_reused=0 pass=1
[19:56:10] TINYDRAW_LIVE_FILL_DONE zoom=100 x=0 y=0 revision=2047
[19:56:12] TINYDRAW_LIVE_PRESENT kind=zoom zoom=400 x=0 y=0 compose_us=27586 read_submit_us=28363 read_complete_us=29167 transfer_wait_us=19637 tile_pixels=145408 uniform_pixels=19456 overview_pixels=0 fallback_pixels=0 resident_tiles=42 fallback_tiles=0 pushes=21 frame_reused=0 pass=1
[19:56:12] TINYDRAW_LIVE_FILL_DONE zoom=400 x=0 y=0 revision=2047
[19:56:13] TINYDRAW_LIVE_PRESENT kind=pan zoom=400 x=1 y=0 compose_us=26844 read_submit_us=27893 read_complete_us=28696 transfer_wait_us=19107 tile_pixels=0 uniform_pixels=0 overview_pixels=0 fallback_pixels=0 resident_tiles=0 fallback_tiles=0 pushes=21 frame_reused=1 pass=1
[19:56:13] TINYDRAW_LIVE_PRESENT kind=pan zoom=400 x=52 y=1 compose_us=28304 read_submit_us=29570 read_complete_us=30373 transfer_wait_us=19429 tile_pixels=133860 uniform_pixels=16884 overview_pixels=0 fallback_pixels=14120 resident_tiles=44 fallback_tiles=12 pushes=21 frame_reused=0 pass=1
[19:56:13] TINYDRAW_LIVE_PRESENT kind=pan zoom=400 x=190 y=18 compose_us=27433 read_submit_us=28699 read_complete_us=29502 transfer_wait_us=19300 tile_pixels=85084 uniform_pixels=8832 overview_pixels=0 fallback_pixels=70948 resident_tiles=32 fallback_tiles=24 pushes=21 frame_reused=0 pass=1
[19:56:14] TINYDRAW_LIVE_PRESENT kind=pan zoom=400 x=191 y=19 compose_us=28142 read_submit_us=29196 read_complete_us=30000 transfer_wait_us=19804 tile_pixels=117549 uniform_pixels=8640 overview_pixels=0 fallback_pixels=38675 resident_tiles=40 fallback_tiles=16 pushes=21 frame_reused=0 pass=1
[19:56:14] TINYDRAW_LIVE_PRESENT kind=pan zoom=400 x=247 y=48 compose_us=27141 read_submit_us=28398 read_complete_us=29200 transfer_wait_us=19601 tile_pixels=99712 uniform_pixels=2816 overview_pixels=0 fallback_pixels=62336 resident_tiles=34 fallback_tiles=22 pushes=21 frame_reused=0 pass=1
[19:56:14] TINYDRAW_LIVE_PRESENT kind=pan zoom=400 x=396 y=88 compose_us=26596 read_submit_us=27842 read_complete_us=28645 transfer_wait_us=19157 tile_pixels=63392 uniform_pixels=0 overview_pixels=0 fallback_pixels=101472 resident_tiles=18 fallback_tiles=30 pushes=21 frame_reused=0 pass=1
[19:56:14] TINYDRAW_LIVE_PRESENT kind=pan zoom=400 x=396 y=87 compose_us=27825 read_submit_us=28879 read_complete_us=29681 transfer_wait_us=19121 tile_pixels=96036 uniform_pixels=0 overview_pixels=0 fallback_pixels=68828 resident_tiles=26 fallback_tiles=22 pushes=21 frame_reused=0 pass=1
[19:56:14] TINYDRAW_LIVE_PRESENT kind=pan zoom=400 x=419 y=13 compose_us=26582 read_submit_us=27837 read_complete_us=28639 transfer_wait_us=19162 tile_pixels=75056 uniform_pixels=7497 overview_pixels=0 fallback_pixels=82311 resident_tiles=29 fallback_tiles=27 pushes=21 frame_reused=0 pass=1
[19:56:14] TINYDRAW_LIVE_PRESENT kind=pan zoom=400 x=517 y=0 compose_us=24849 read_submit_us=26104 read_complete_us=26907 transfer_wait_us=19895 tile_pixels=47168 uniform_pixels=12288 overview_pixels=0 fallback_pixels=105408 resident_tiles=15 fallback_tiles=27 pushes=21 frame_reused=0 pass=1
[19:56:15] TINYDRAW_LIVE_PRESENT kind=pan zoom=400 x=517 y=1 compose_us=26691 read_submit_us=27719 read_complete_us=28523 transfer_wait_us=19281 tile_pixels=95157 uniform_pixels=12096 overview_pixels=0 fallback_pixels=57611 resident_tiles=31 fallback_tiles=17 pushes=21 frame_reused=0 pass=1
[19:56:15] TINYDRAW_LIVE_PRESENT kind=pan zoom=400 x=560 y=33 compose_us=27311 read_submit_us=28549 read_complete_us=29351 transfer_wait_us=19450 tile_pixels=94464 uniform_pixels=5952 overview_pixels=0 fallback_pixels=64448 resident_tiles=31 fallback_tiles=25 pushes=21 frame_reused=0 pass=1
[19:56:15] TINYDRAW_LIVE_PRESENT kind=pan zoom=400 x=723 y=83 compose_us=26319 read_submit_us=27564 read_complete_us=28368 transfer_wait_us=19435 tile_pixels=55767 uniform_pixels=0 overview_pixels=0 fallback_pixels=109097 resident_tiles=19 fallback_tiles=37 pushes=21 frame_reused=0 pass=1
[19:56:15] TINYDRAW_LIVE_PRESENT kind=pan zoom=400 x=724 y=81 compose_us=27215 read_submit_us=28267 read_complete_us=29068 transfer_wait_us=19733 tile_pixels=87532 uniform_pixels=0 overview_pixels=0 fallback_pixels=77332 resident_tiles=27 fallback_tiles=29 pushes=21 frame_reused=0 pass=1
[19:56:15] TINYDRAW_LIVE_PRESENT kind=pan zoom=400 x=771 y=8 compose_us=25542 read_submit_us=26793 read_complete_us=27595 transfer_wait_us=19206 tile_pixels=57384 uniform_pixels=6272 overview_pixels=0 fallback_pixels=101208 resident_tiles=18 fallback_tiles=30 pushes=21 frame_reused=0 pass=1
[19:56:15] TINYDRAW_LIVE_PRESENT kind=pan zoom=400 x=919 y=0 compose_us=24036 read_submit_us=25289 read_complete_us=26093 transfer_wait_us=19710 tile_pixels=13440 uniform_pixels=4992 overview_pixels=0 fallback_pixels=146432 resident_tiles=7 fallback_tiles=42 pushes=21 frame_reused=0 pass=1
[19:56:16] TINYDRAW_LIVE_PRESENT kind=pan zoom=400 x=918 y=0 compose_us=25221 read_submit_us=26277 read_complete_us=27078 transfer_wait_us=19723 tile_pixels=46336 uniform_pixels=4864 overview_pixels=0 fallback_pixels=113664 resident_tiles=15 fallback_tiles=34 pushes=21 frame_reused=0 pass=1
[19:56:16] TINYDRAW_LIVE_PRESENT kind=pan zoom=400 x=916 y=0 compose_us=25342 read_submit_us=26604 read_complete_us=27406 transfer_wait_us=19395 tile_pixels=46592 uniform_pixels=4608 overview_pixels=0 fallback_pixels=113664 resident_tiles=15 fallback_tiles=34 pushes=21 frame_reused=0 pass=1
[19:56:16] TINYDRAW_LIVE_PRESENT kind=pan zoom=400 x=1012 y=0 compose_us=25016 read_submit_us=26272 read_complete_us=27076 transfer_wait_us=19727 tile_pixels=34304 uniform_pixels=14592 overview_pixels=0 fallback_pixels=115968 resident_tiles=14 fallback_tiles=35 pushes=21 frame_reused=0 pass=1
[19:56:16] TINYDRAW_LIVE_PRESENT kind=pan zoom=400 x=1016 y=0 compose_us=25996 read_submit_us=27052 read_complete_us=27853 transfer_wait_us=19948 tile_pixels=66560 uniform_pixels=14848 overview_pixels=0 fallback_pixels=83456 resident_tiles=22 fallback_tiles=27 pushes=21 frame_reused=0 pass=1
[19:56:16] TINYDRAW_LIVE_PRESENT kind=pan zoom=400 x=1119 y=0 compose_us=25851 read_submit_us=27109 read_complete_us=27911 transfer_wait_us=19890 tile_pixels=41216 uniform_pixels=22592 overview_pixels=0 fallback_pixels=101056 resident_tiles=18 fallback_tiles=31 pushes=21 frame_reused=0 pass=1
[19:56:16] TINYDRAW_LIVE_PRESENT kind=pan zoom=400 x=1222 y=0 compose_us=24756 read_submit_us=26009 read_complete_us=26808 transfer_wait_us=19990 tile_pixels=14848 uniform_pixels=23936 overview_pixels=0 fallback_pixels=126080 resident_tiles=10 fallback_tiles=32 pushes=21 frame_reused=0 pass=1
[19:56:17] TINYDRAW_LIVE_PRESENT kind=pan zoom=400 x=1223 y=0 compose_us=25343 read_submit_us=26400 read_complete_us=27202 transfer_wait_us=19600 tile_pixels=47360 uniform_pixels=24000 overview_pixels=0 fallback_pixels=93504 resident_tiles=18 fallback_tiles=24 pushes=21 frame_reused=0 pass=1
[19:56:17] TINYDRAW_LIVE_PRESENT kind=pan zoom=400 x=1291 y=9 compose_us=25398 read_submit_us=26656 read_complete_us=27458 transfer_wait_us=19343 tile_pixels=31360 uniform_pixels=28560 overview_pixels=0 fallback_pixels=104944 resident_tiles=16 fallback_tiles=32 pushes=21 frame_reused=0 pass=1
[19:56:17] TINYDRAW_LIVE_PRESENT kind=pan zoom=400 x=1461 y=24 compose_us=25307 read_submit_us=26565 read_complete_us=27368 transfer_wait_us=19434 tile_pixels=15928 uniform_pixels=25208 overview_pixels=0 fallback_pixels=123728 resident_tiles=17 fallback_tiles=39 pushes=21 frame_reused=0 pass=1
[19:56:17] TINYDRAW_LIVE_PRESENT kind=pan zoom=400 x=1462 y=23 compose_us=26792 read_submit_us=27816 read_complete_us=28620 transfer_wait_us=19184 tile_pixels=77162 uniform_pixels=25306 overview_pixels=0 fallback_pixels=62396 resident_tiles=32 fallback_tiles=24 pushes=21 frame_reused=0 pass=1
[19:56:17] TINYDRAW_LIVE_PRESENT kind=pan zoom=400 x=1579 y=0 compose_us=26714 read_submit_us=27932 read_complete_us=28734 transfer_wait_us=19067 tile_pixels=60352 uniform_pixels=25920 overview_pixels=0 fallback_pixels=78592 resident_tiles=25 fallback_tiles=24 pushes=21 frame_reused=0 pass=1
[19:56:17] TINYDRAW_LIVE_PRESENT kind=pan zoom=400 x=1716 y=0 compose_us=25890 read_submit_us=27131 read_complete_us=27936 transfer_wait_us=19868 tile_pixels=30976 uniform_pixels=16896 overview_pixels=0 fallback_pixels=116992 resident_tiles=17 fallback_tiles=32 pushes=21 frame_reused=0 pass=1
[19:56:18] TINYDRAW_LIVE_PRESENT kind=pan zoom=400 x=1717 y=2 compose_us=26719 read_submit_us=27772 read_complete_us=28574 transfer_wait_us=19228 tile_pixels=64288 uniform_pixels=16618 overview_pixels=0 fallback_pixels=83958 resident_tiles=32 fallback_tiles=24 pushes=21 frame_reused=0 pass=1
[19:56:18] TINYDRAW_LIVE_PRESENT kind=pan zoom=400 x=1750 y=32 compose_us=27313 read_submit_us=28572 read_complete_us=29374 transfer_wait_us=19427 tile_pixels=67392 uniform_pixels=13504 overview_pixels=0 fallback_pixels=83968 resident_tiles=27 fallback_tiles=29 pushes=21 frame_reused=0 pass=1
[19:56:18] TINYDRAW_LIVE_PRESENT kind=pan zoom=400 x=1826 y=132 compose_us=27314 read_submit_us=28569 read_complete_us=29372 transfer_wait_us=19430 tile_pixels=75392 uniform_pixels=13440 overview_pixels=0 fallback_pixels=76032 resident_tiles=30 fallback_tiles=26 pushes=21 frame_reused=0 pass=1
[19:56:18] TINYDRAW_LIVE_PRESENT kind=pan zoom=400 x=1826 y=133 compose_us=27761 read_submit_us=28811 read_complete_us=29612 transfer_wait_us=19189 tile_pixels=91840 uniform_pixels=13440 overview_pixels=0 fallback_pixels=59584 resident_tiles=34 fallback_tiles=22 pushes=21 frame_reused=0 pass=1
[19:56:18] TINYDRAW_LIVE_PRESENT kind=pan zoom=400 x=1829 y=184 compose_us=27901 read_submit_us=29167 read_complete_us=29969 transfer_wait_us=19832 tile_pixels=94144 uniform_pixels=13632 overview_pixels=0 fallback_pixels=57088 resident_tiles=34 fallback_tiles=22 pushes=21 frame_reused=0 pass=1
[19:56:18] TINYDRAW_LIVE_PRESENT kind=pan zoom=400 x=1883 y=338 compose_us=28611 read_submit_us=29857 read_complete_us=30661 transfer_wait_us=19142 tile_pixels=90906 uniform_pixels=16384 overview_pixels=0 fallback_pixels=57574 resident_tiles=33 fallback_tiles=23 pushes=21 frame_reused=0 pass=1
[19:56:18] TINYDRAW_LIVE_PRESENT kind=pan zoom=400 x=1883 y=339 compose_us=28711 read_submit_us=29762 read_complete_us=30564 transfer_wait_us=19238 tile_pixels=99263 uniform_pixels=16384 overview_pixels=0 fallback_pixels=49217 resident_tiles=35 fallback_tiles=21 pushes=21 frame_reused=0 pass=1
[19:56:18] TINYDRAW_LIVE_PRESENT kind=pan zoom=400 x=1930 y=404 compose_us=27679 read_submit_us=28938 read_complete_us=29740 transfer_wait_us=19061 tile_pixels=89472 uniform_pixels=11264 overview_pixels=0 fallback_pixels=64128 resident_tiles=30 fallback_tiles=18 pushes=21 frame_reused=0 pass=1
[19:56:18] TINYDRAW_LIVE_PRESENT kind=pan zoom=400 x=2018 y=496 compose_us=27473 read_submit_us=28727 read_complete_us=29530 transfer_wait_us=19272 tile_pixels=61568 uniform_pixels=2304 overview_pixels=0 fallback_pixels=100992 resident_tiles=23 fallback_tiles=33 pushes=21 frame_reused=0 pass=1
[19:56:19] TINYDRAW_LIVE_PRESENT kind=pan zoom=400 x=2017 y=497 compose_us=27938 read_submit_us=28997 read_complete_us=29793 transfer_wait_us=19012 tile_pixels=78464 uniform_pixels=2176 overview_pixels=0 fallback_pixels=84224 resident_tiles=27 fallback_tiles=29 pushes=21 frame_reused=0 pass=1
[19:56:19] TINYDRAW_LIVE_PRESENT kind=pan zoom=400 x=1976 y=521 compose_us=28353 read_submit_us=29616 read_complete_us=30419 transfer_wait_us=19383 tile_pixels=97792 uniform_pixels=0 overview_pixels=0 fallback_pixels=67072 resident_tiles=34 fallback_tiles=22 pushes=21 frame_reused=0 pass=1
[19:56:19] TINYDRAW_LIVE_PRESENT kind=pan zoom=400 x=1890 y=550 compose_us=28895 read_submit_us=30142 read_complete_us=30944 transfer_wait_us=19857 tile_pixels=130432 uniform_pixels=0 overview_pixels=0 fallback_pixels=34432 resident_tiles=42 fallback_tiles=14 pushes=21 frame_reused=0 pass=1
[19:56:19] TINYDRAW_LIVE_PRESENT kind=pan zoom=400 x=1848 y=558 compose_us=28900 read_submit_us=30150 read_complete_us=30954 transfer_wait_us=19849 tile_pixels=143872 uniform_pixels=0 overview_pixels=0 fallback_pixels=20992 resident_tiles=48 fallback_tiles=8 pushes=21 frame_reused=0 pass=1
[19:56:19] TINYDRAW_LIVE_PRESENT kind=pan zoom=400 x=1848 y=556 compose_us=28951 read_submit_us=30008 read_complete_us=30805 transfer_wait_us=19992 tile_pixels=152064 uniform_pixels=0 overview_pixels=0 fallback_pixels=12800 resident_tiles=50 fallback_tiles=6 pushes=21 frame_reused=0 pass=1
[19:56:19] TINYDRAW_LIVE_PRESENT kind=pan zoom=400 x=1843 y=506 compose_us=29062 read_submit_us=30316 read_complete_us=31118 transfer_wait_us=19683 tile_pixels=153280 uniform_pixels=0 overview_pixels=0 fallback_pixels=11584 resident_tiles=49 fallback_tiles=7 pushes=21 frame_reused=0 pass=1
[19:56:20] TINYDRAW_LIVE_PRESENT kind=pan zoom=400 x=1791 y=463 compose_us=30039 read_submit_us=31282 read_complete_us=32086 transfer_wait_us=19717 tile_pixels=162561 uniform_pixels=0 overview_pixels=0 fallback_pixels=2303 resident_tiles=55 fallback_tiles=1 pushes=21 frame_reused=0 pass=1
[19:56:20] TINYDRAW_LIVE_PRESENT kind=pan zoom=400 x=1736 y=464 compose_us=28782 read_submit_us=30028 read_complete_us=30830 transfer_wait_us=19971 tile_pixels=164864 uniform_pixels=0 overview_pixels=0 fallback_pixels=0 resident_tiles=48 fallback_tiles=0 pushes=21 frame_reused=0 pass=1
[19:56:20] TINYDRAW_LIVE_PRESENT kind=pan zoom=400 x=1713 y=471 compose_us=28642 read_submit_us=29887 read_complete_us=30692 transfer_wait_us=19112 tile_pixels=0 uniform_pixels=0 overview_pixels=0 fallback_pixels=0 resident_tiles=0 fallback_tiles=0 pushes=21 frame_reused=1 pass=1
[19:56:20] TINYDRAW_LIVE_PRESENT kind=pan zoom=400 x=1701 y=474 compose_us=27682 read_submit_us=28933 read_complete_us=29736 transfer_wait_us=19066 tile_pixels=0 uniform_pixels=0 overview_pixels=0 fallback_pixels=0 resident_tiles=0 fallback_tiles=0 pushes=21 frame_reused=1 pass=1
[19:56:20] TINYDRAW_LIVE_PRESENT kind=pan zoom=400 x=1696 y=474 compose_us=24987 read_submit_us=26244 read_complete_us=27047 transfer_wait_us=19755 tile_pixels=0 uniform_pixels=0 overview_pixels=0 fallback_pixels=0 resident_tiles=0 fallback_tiles=0 pushes=21 frame_reused=1 pass=1
[19:56:20] TINYDRAW_LIVE_PRESENT kind=pan zoom=400 x=1681 y=476 compose_us=27854 read_submit_us=29110 read_complete_us=29912 transfer_wait_us=19889 tile_pixels=0 uniform_pixels=0 overview_pixels=0 fallback_pixels=0 resident_tiles=0 fallback_tiles=0 pushes=21 frame_reused=1 pass=1
[19:56:20] TINYDRAW_LIVE_PRESENT kind=pan zoom=400 x=1660 y=487 compose_us=30587 read_submit_us=49366 read_complete_us=50170 transfer_wait_us=19633 tile_pixels=163072 uniform_pixels=0 overview_pixels=0 fallback_pixels=1792 resident_tiles=48 fallback_tiles=8 pushes=21 frame_reused=0 pass=1
[19:56:20] TINYDRAW_LIVE_PRESENT kind=pan zoom=400 x=1657 y=499 compose_us=29388 read_submit_us=30643 read_complete_us=31446 transfer_wait_us=19356 tile_pixels=161728 uniform_pixels=0 overview_pixels=0 fallback_pixels=3136 resident_tiles=48 fallback_tiles=8 pushes=21 frame_reused=0 pass=1
[19:56:20] TINYDRAW_LIVE_PRESENT kind=pan zoom=400 x=1667 y=507 compose_us=28913 read_submit_us=30162 read_complete_us=30964 transfer_wait_us=19837 tile_pixels=164864 uniform_pixels=0 overview_pixels=0 fallback_pixels=0 resident_tiles=48 fallback_tiles=0 pushes=21 frame_reused=0 pass=1
[19:56:20] TINYDRAW_LIVE_PRESENT kind=pan zoom=400 x=1680 y=512 compose_us=27715 read_submit_us=28958 read_complete_us=29763 transfer_wait_us=19041 tile_pixels=0 uniform_pixels=0 overview_pixels=0 fallback_pixels=0 resident_tiles=0 fallback_tiles=0 pushes=21 frame_reused=1 pass=1
[19:56:20] TINYDRAW_LIVE_PRESENT kind=pan zoom=400 x=1689 y=515 compose_us=27189 read_submit_us=28442 read_complete_us=29245 transfer_wait_us=19557 tile_pixels=0 uniform_pixels=0 overview_pixels=0 fallback_pixels=0 resident_tiles=0 fallback_tiles=0 pushes=21 frame_reused=1 pass=1
[19:56:20] TINYDRAW_LIVE_PRESENT kind=pan zoom=400 x=1699 y=517 compose_us=27516 read_submit_us=28762 read_complete_us=29565 transfer_wait_us=19237 tile_pixels=0 uniform_pixels=0 overview_pixels=0 fallback_pixels=0 resident_tiles=0 fallback_tiles=0 pushes=21 frame_reused=1 pass=1
[19:56:20] TINYDRAW_LIVE_PRESENT kind=pan zoom=400 x=1708 y=517 compose_us=26944 read_submit_us=28201 read_complete_us=29003 transfer_wait_us=19798 tile_pixels=0 uniform_pixels=0 overview_pixels=0 fallback_pixels=0 resident_tiles=0 fallback_tiles=0 pushes=21 frame_reused=1 pass=1
[19:56:20] TINYDRAW_LIVE_PRESENT kind=pan zoom=400 x=1721 y=517 compose_us=27382 read_submit_us=28639 read_complete_us=29444 transfer_wait_us=19360 tile_pixels=0 uniform_pixels=0 overview_pixels=0 fallback_pixels=0 resident_tiles=0 fallback_tiles=0 pushes=21 frame_reused=1 pass=1
[19:56:20] TINYDRAW_LIVE_PRESENT kind=pan zoom=400 x=1729 y=517 compose_us=27201 read_submit_us=28457 read_complete_us=29260 transfer_wait_us=19542 tile_pixels=0 uniform_pixels=0 overview_pixels=0 fallback_pixels=0 resident_tiles=0 fallback_tiles=0 pushes=21 frame_reused=1 pass=1
[19:56:20] TINYDRAW_LIVE_PRESENT kind=pan zoom=400 x=1735 y=517 compose_us=26864 read_submit_us=28118 read_complete_us=28921 transfer_wait_us=19881 tile_pixels=0 uniform_pixels=0 overview_pixels=0 fallback_pixels=0 resident_tiles=0 fallback_tiles=0 pushes=21 frame_reused=1 pass=1
[19:56:21] TINYDRAW_LIVE_PRESENT kind=pan zoom=400 x=1738 y=517 compose_us=26801 read_submit_us=28058 read_complete_us=28860 transfer_wait_us=19941 tile_pixels=0 uniform_pixels=0 overview_pixels=0 fallback_pixels=0 resident_tiles=0 fallback_tiles=0 pushes=21 frame_reused=1 pass=1
[19:56:21] TINYDRAW_LIVE_PRESENT kind=pan zoom=400 x=1738 y=516 compose_us=26298 read_submit_us=27349 read_complete_us=28153 transfer_wait_us=19651 tile_pixels=0 uniform_pixels=0 overview_pixels=0 fallback_pixels=0 resident_tiles=0 fallback_tiles=0 pushes=21 frame_reused=1 pass=1
[19:56:21] TINYDRAW_LIVE_PRESENT kind=pan zoom=400 x=1738 y=512 compose_us=26426 read_submit_us=27686 read_complete_us=28489 transfer_wait_us=19313 tile_pixels=0 uniform_pixels=0 overview_pixels=0 fallback_pixels=0 resident_tiles=0 fallback_tiles=0 pushes=21 frame_reused=1 pass=1
[19:56:21] TINYDRAW_LIVE_PRESENT kind=pan zoom=400 x=1738 y=511 compose_us=26337 read_submit_us=27596 read_complete_us=28399 transfer_wait_us=19403 tile_pixels=0 uniform_pixels=0 overview_pixels=0 fallback_pixels=0 resident_tiles=0 fallback_tiles=0 pushes=21 frame_reused=1 pass=1
[19:56:21] TINYDRAW_LIVE_PRESENT kind=pan zoom=400 x=1737 y=507 compose_us=27148 read_submit_us=28402 read_complete_us=29204 transfer_wait_us=19597 tile_pixels=0 uniform_pixels=0 overview_pixels=0 fallback_pixels=0 resident_tiles=0 fallback_tiles=0 pushes=21 frame_reused=1 pass=1
[19:56:21] TINYDRAW_LIVE_PRESENT kind=pan zoom=400 x=1732 y=504 compose_us=27118 read_submit_us=28369 read_complete_us=29173 transfer_wait_us=19630 tile_pixels=0 uniform_pixels=0 overview_pixels=0 fallback_pixels=0 resident_tiles=0 fallback_tiles=0 pushes=21 frame_reused=1 pass=1
[19:56:21] TINYDRAW_LIVE_PRESENT kind=pan zoom=400 x=1728 y=504 compose_us=24932 read_submit_us=26187 read_complete_us=26990 transfer_wait_us=19812 tile_pixels=0 uniform_pixels=0 overview_pixels=0 fallback_pixels=0 resident_tiles=0 fallback_tiles=0 pushes=21 frame_reused=1 pass=1
[19:56:21] TINYDRAW_LIVE_PRESENT kind=pan zoom=400 x=1726 y=504 compose_us=24950 read_submit_us=26205 read_complete_us=27008 transfer_wait_us=19794 tile_pixels=0 uniform_pixels=0 overview_pixels=0 fallback_pixels=0 resident_tiles=0 fallback_tiles=0 pushes=21 frame_reused=1 pass=1
[19:56:21] TINYDRAW_LIVE_FILL_DONE zoom=400 x=1726 y=504 revision=2047
[19:56:29] TINYDRAW_LIVE_PRESENT kind=pan zoom=400 x=1724 y=504 compose_us=24976 read_submit_us=26036 read_complete_us=26838 transfer_wait_us=19964 tile_pixels=0 uniform_pixels=0 overview_pixels=0 fallback_pixels=0 resident_tiles=0 fallback_tiles=0 pushes=21 frame_reused=1 pass=1
[19:56:29] TINYDRAW_LIVE_PRESENT kind=pan zoom=400 x=1700 y=505 compose_us=28221 read_submit_us=29477 read_complete_us=30281 transfer_wait_us=19522 tile_pixels=0 uniform_pixels=0 overview_pixels=0 fallback_pixels=0 resident_tiles=0 fallback_tiles=0 pushes=21 frame_reused=1 pass=1
[19:56:29] TINYDRAW_LIVE_PRESENT kind=pan zoom=400 x=1543 y=560 compose_us=28222 read_submit_us=29476 read_complete_us=30279 transfer_wait_us=19523 tile_pixels=110656 uniform_pixels=0 overview_pixels=0 fallback_pixels=54208 resident_tiles=32 fallback_tiles=16 pushes=21 frame_reused=0 pass=1
[19:56:29] TINYDRAW_LIVE_PRESENT kind=pan zoom=400 x=1479 y=614 compose_us=27934 read_submit_us=29188 read_complete_us=29990 transfer_wait_us=19811 tile_pixels=94144 uniform_pixels=0 overview_pixels=0 fallback_pixels=70720 resident_tiles=28 fallback_tiles=20 pushes=21 frame_reused=0 pass=1
[19:56:29] TINYDRAW_LIVE_PRESENT kind=pan zoom=400 x=1478 y=615 compose_us=28487 read_submit_us=29551 read_complete_us=30353 transfer_wait_us=19449 tile_pixels=126720 uniform_pixels=0 overview_pixels=0 fallback_pixels=38144 resident_tiles=36 fallback_tiles=12 pushes=21 frame_reused=0 pass=1
[19:56:29] TINYDRAW_LIVE_PRESENT kind=pan zoom=400 x=1440 y=672 compose_us=29091 read_submit_us=30346 read_complete_us=31148 transfer_wait_us=19653 tile_pixels=117248 uniform_pixels=0 overview_pixels=0 fallback_pixels=47616 resident_tiles=37 fallback_tiles=19 pushes=21 frame_reused=0 pass=1
[19:56:29] TINYDRAW_LIVE_PRESENT kind=pan zoom=400 x=1385 y=706 compose_us=28612 read_submit_us=29850 read_complete_us=30653 transfer_wait_us=19149 tile_pixels=105422 uniform_pixels=0 overview_pixels=0 fallback_pixels=59442 resident_tiles=32 fallback_tiles=24 pushes=21 frame_reused=0 pass=1
[19:56:29] TINYDRAW_LIVE_PRESENT kind=pan zoom=400 x=1375 y=706 compose_us=28889 read_submit_us=30140 read_complete_us=30942 transfer_wait_us=19859 tile_pixels=104162 uniform_pixels=0 overview_pixels=0 fallback_pixels=60702 resident_tiles=32 fallback_tiles=24 pushes=21 frame_reused=0 pass=1
[19:56:30] TINYDRAW_LIVE_PRESENT kind=pan zoom=400 x=1409 y=675 compose_us=28434 read_submit_us=29686 read_complete_us=30490 transfer_wait_us=19313 tile_pixels=108365 uniform_pixels=0 overview_pixels=0 fallback_pixels=56499 resident_tiles=30 fallback_tiles=18 pushes=21 frame_reused=0 pass=1
[19:56:30] TINYDRAW_LIVE_PRESENT kind=pan zoom=400 x=1487 y=625 compose_us=29222 read_submit_us=30470 read_complete_us=31272 transfer_wait_us=19529 tile_pixels=130880 uniform_pixels=0 overview_pixels=0 fallback_pixels=33984 resident_tiles=36 fallback_tiles=12 pushes=21 frame_reused=0 pass=1
[19:56:30] TINYDRAW_LIVE_PRESENT kind=pan zoom=400 x=1487 y=622 compose_us=29586 read_submit_us=30642 read_complete_us=31444 transfer_wait_us=19358 tile_pixels=153152 uniform_pixels=0 overview_pixels=0 fallback_pixels=11712 resident_tiles=42 fallback_tiles=6 pushes=21 frame_reused=0 pass=1
[19:56:30] TINYDRAW_LIVE_PRESENT kind=pan zoom=400 x=1524 y=503 compose_us=29209 read_submit_us=30468 read_complete_us=31269 transfer_wait_us=19531 tile_pixels=144148 uniform_pixels=0 overview_pixels=0 fallback_pixels=20716 resident_tiles=45 fallback_tiles=11 pushes=21 frame_reused=0 pass=1
[19:56:30] TINYDRAW_LIVE_PRESENT kind=pan zoom=400 x=1602 y=412 compose_us=28583 read_submit_us=29826 read_complete_us=30629 transfer_wait_us=19173 tile_pixels=146120 uniform_pixels=6840 overview_pixels=0 fallback_pixels=11904 resident_tiles=45 fallback_tiles=3 pushes=21 frame_reused=0 pass=1
[19:56:30] TINYDRAW_LIVE_PRESENT kind=pan zoom=400 x=1630 y=386 compose_us=29846 read_submit_us=31106 read_complete_us=31908 transfer_wait_us=19893 tile_pixels=147424 uniform_pixels=10912 overview_pixels=0 fallback_pixels=6528 resident_tiles=53 fallback_tiles=3 pushes=21 frame_reused=0 pass=1
[19:56:30] TINYDRAW_LIVE_PRESENT kind=pan zoom=400 x=1630 y=385 compose_us=29948 read_submit_us=31004 read_complete_us=31799 transfer_wait_us=19996 tile_pixels=151600 uniform_pixels=11088 overview_pixels=0 fallback_pixels=2176 resident_tiles=55 fallback_tiles=1 pushes=21 frame_reused=0 pass=1
[19:56:30] TINYDRAW_LIVE_PRESENT kind=pan zoom=400 x=1648 y=331 compose_us=28988 read_submit_us=30252 read_complete_us=31054 transfer_wait_us=19747 tile_pixels=145792 uniform_pixels=11264 overview_pixels=0 fallback_pixels=7808 resident_tiles=53 fallback_tiles=3 pushes=21 frame_reused=0 pass=1
[19:56:30] TINYDRAW_LIVE_PRESENT kind=pan zoom=400 x=1664 y=312 compose_us=28625 read_submit_us=29875 read_complete_us=30678 transfer_wait_us=19124 tile_pixels=144384 uniform_pixels=11264 overview_pixels=0 fallback_pixels=9216 resident_tiles=44 fallback_tiles=4 pushes=21 frame_reused=0 pass=1
[19:56:31] TINYDRAW_LIVE_PRESENT kind=pan zoom=400 x=1682 y=321 compose_us=28843 read_submit_us=30104 read_complete_us=30906 transfer_wait_us=19895 tile_pixels=145410 uniform_pixels=11264 overview_pixels=0 fallback_pixels=8190 resident_tiles=53 fallback_tiles=3 pushes=21 frame_reused=0 pass=1
[19:56:31] TINYDRAW_LIVE_PRESENT kind=pan zoom=400 x=1707 y=382 compose_us=29792 read_submit_us=31050 read_complete_us=31853 transfer_wait_us=19949 tile_pixels=153290 uniform_pixels=11264 overview_pixels=0 fallback_pixels=310 resident_tiles=53 fallback_tiles=3 pushes=21 frame_reused=0 pass=1
[19:56:31] TINYDRAW_LIVE_PRESENT kind=pan zoom=400 x=1720 y=414 compose_us=29124 read_submit_us=30379 read_complete_us=31181 transfer_wait_us=19620 tile_pixels=158880 uniform_pixels=5984 overview_pixels=0 fallback_pixels=0 resident_tiles=56 fallback_tiles=0 pushes=21 frame_reused=0 pass=1
[19:56:31] TINYDRAW_LIVE_PRESENT kind=pan zoom=400 x=1725 y=426 compose_us=27589 read_submit_us=28842 read_complete_us=29646 transfer_wait_us=19157 tile_pixels=0 uniform_pixels=0 overview_pixels=0 fallback_pixels=0 resident_tiles=0 fallback_tiles=0 pushes=21 frame_reused=1 pass=1
[19:56:31] TINYDRAW_LIVE_PRESENT kind=pan zoom=400 x=1732 y=426 compose_us=27274 read_submit_us=28532 read_complete_us=29336 transfer_wait_us=19467 tile_pixels=0 uniform_pixels=0 overview_pixels=0 fallback_pixels=0 resident_tiles=0 fallback_tiles=0 pushes=21 frame_reused=1 pass=1
[19:56:31] TINYDRAW_LIVE_PRESENT kind=pan zoom=400 x=1721 y=374 compose_us=28972 read_submit_us=30237 read_complete_us=31039 transfer_wait_us=19762 tile_pixels=151910 uniform_pixels=11264 overview_pixels=0 fallback_pixels=1690 resident_tiles=53 fallback_tiles=3 pushes=21 frame_reused=0 pass=1
[19:56:31] TINYDRAW_LIVE_PRESENT kind=pan zoom=400 x=1621 y=268 compose_us=28597 read_submit_us=29856 read_complete_us=30660 transfer_wait_us=19143 tile_pixels=136000 uniform_pixels=11264 overview_pixels=0 fallback_pixels=17600 resident_tiles=51 fallback_tiles=5 pushes=21 frame_reused=0 pass=1
[19:56:31] TINYDRAW_LIVE_PRESENT kind=pan zoom=400 x=1578 y=219 compose_us=28757 read_submit_us=30017 read_complete_us=30814 transfer_wait_us=19982 tile_pixels=126464 uniform_pixels=12288 overview_pixels=0 fallback_pixels=26112 resident_tiles=47 fallback_tiles=9 pushes=21 frame_reused=0 pass=1
[19:56:31] TINYDRAW_LIVE_PRESENT kind=pan zoom=400 x=1575 y=188 compose_us=28251 read_submit_us=29513 read_complete_us=30311 transfer_wait_us=19486 tile_pixels=125540 uniform_pixels=12544 overview_pixels=0 fallback_pixels=26780 resident_tiles=47 fallback_tiles=9 pushes=21 frame_reused=0 pass=1
[19:56:31] TINYDRAW_LIVE_FILL_DONE zoom=400 x=1575 y=188 revision=2047
[19:56:31] TINYDRAW_LIVE_PRESENT kind=pan zoom=400 x=1574 y=189 compose_us=28785 read_submit_us=29826 read_complete_us=30630 transfer_wait_us=19174 tile_pixels=152384 uniform_pixels=12480 overview_pixels=0 fallback_pixels=0 resident_tiles=56 fallback_tiles=0 pushes=21 frame_reused=0 pass=1
[19:56:32] TINYDRAW_LIVE_PRESENT kind=pan zoom=400 x=1542 y=268 compose_us=28340 read_submit_us=29599 read_complete_us=30402 transfer_wait_us=19400 tile_pixels=152576 uniform_pixels=12288 overview_pixels=0 fallback_pixels=0 resident_tiles=48 fallback_tiles=0 pushes=21 frame_reused=0 pass=1
[19:56:32] TINYDRAW_LIVE_PRESENT kind=pan zoom=400 x=1513 y=406 compose_us=29147 read_submit_us=30397 read_complete_us=31201 transfer_wait_us=19602 tile_pixels=148474 uniform_pixels=8064 overview_pixels=0 fallback_pixels=8326 resident_tiles=50 fallback_tiles=6 pushes=21 frame_reused=0 pass=1
[19:56:32] TINYDRAW_LIVE_PRESENT kind=pan zoom=400 x=1520 y=443 compose_us=29721 read_submit_us=30963 read_complete_us=31765 transfer_wait_us=19036 tile_pixels=158704 uniform_pixels=960 overview_pixels=0 fallback_pixels=5200 resident_tiles=50 fallback_tiles=6 pushes=21 frame_reused=0 pass=1
[19:56:32] TINYDRAW_LIVE_PRESENT kind=pan zoom=400 x=1521 y=445 compose_us=29417 read_submit_us=30471 read_complete_us=31273 transfer_wait_us=19529 tile_pixels=161363 uniform_pixels=576 overview_pixels=0 fallback_pixels=2925 resident_tiles=52 fallback_tiles=4 pushes=21 frame_reused=0 pass=1
[19:56:32] TINYDRAW_LIVE_PRESENT kind=pan zoom=400 x=1508 y=513 compose_us=29561 read_submit_us=30823 read_complete_us=31625 transfer_wait_us=19176 tile_pixels=161308 uniform_pixels=0 overview_pixels=0 fallback_pixels=3556 resident_tiles=54 fallback_tiles=2 pushes=21 frame_reused=0 pass=1
[19:56:32] TINYDRAW_LIVE_PRESENT kind=pan zoom=400 x=1449 y=566 compose_us=29625 read_submit_us=30865 read_complete_us=31668 transfer_wait_us=19134 tile_pixels=152538 uniform_pixels=0 overview_pixels=0 fallback_pixels=12326 resident_tiles=48 fallback_tiles=8 pushes=21 frame_reused=0 pass=1
[19:56:32] TINYDRAW_LIVE_PRESENT kind=pan zoom=400 x=1449 y=565 compose_us=29590 read_submit_us=30646 read_complete_us=31447 transfer_wait_us=19354 tile_pixels=156867 uniform_pixels=1472 overview_pixels=0 fallback_pixels=6525 resident_tiles=52 fallback_tiles=4 pushes=21 frame_reused=0 pass=1
[19:56:32] TINYDRAW_LIVE_PRESENT kind=pan zoom=400 x=1449 y=560 compose_us=29674 read_submit_us=30929 read_complete_us=31731 transfer_wait_us=19070 tile_pixels=156432 uniform_pixels=1472 overview_pixels=0 fallback_pixels=6960 resident_tiles=52 fallback_tiles=4 pushes=21 frame_reused=0 pass=1
[19:56:32] TINYDRAW_LIVE_PRESENT kind=pan zoom=400 x=1472 y=530 compose_us=29549 read_submit_us=30791 read_complete_us=31594 transfer_wait_us=19208 tile_pixels=157824 uniform_pixels=0 overview_pixels=0 fallback_pixels=7040 resident_tiles=46 fallback_tiles=2 pushes=21 frame_reused=0 pass=1
[19:56:32] TINYDRAW_LIVE_PRESENT kind=pan zoom=400 x=1515 y=497 compose_us=30471 read_submit_us=31724 read_complete_us=32526 transfer_wait_us=19275 tile_pixels=161861 uniform_pixels=0 overview_pixels=0 fallback_pixels=3003 resident_tiles=53 fallback_tiles=3 pushes=21 frame_reused=0 pass=1
[19:56:33] TINYDRAW_LIVE_PRESENT kind=pan zoom=400 x=1524 y=489 compose_us=29547 read_submit_us=30784 read_complete_us=31587 transfer_wait_us=19215 tile_pixels=163052 uniform_pixels=0 overview_pixels=0 fallback_pixels=1812 resident_tiles=53 fallback_tiles=3 pushes=21 frame_reused=0 pass=1
[19:56:33] TINYDRAW_LIVE_PRESENT kind=pan zoom=400 x=1529 y=484 compose_us=29800 read_submit_us=31053 read_complete_us=31855 transfer_wait_us=19946 tile_pixels=163772 uniform_pixels=0 overview_pixels=0 fallback_pixels=1092 resident_tiles=53 fallback_tiles=3 pushes=21 frame_reused=0 pass=1
[19:56:33] TINYDRAW_LIVE_PRESENT kind=pan zoom=400 x=1529 y=485 compose_us=29787 read_submit_us=30834 read_complete_us=31637 transfer_wait_us=19166 tile_pixels=163779 uniform_pixels=0 overview_pixels=0 fallback_pixels=1085 resident_tiles=53 fallback_tiles=3 pushes=21 frame_reused=0 pass=1
[19:56:33] TINYDRAW_LIVE_PRESENT kind=pan zoom=400 x=1491 y=507 compose_us=29536 read_submit_us=30785 read_complete_us=31587 transfer_wait_us=19214 tile_pixels=158879 uniform_pixels=0 overview_pixels=0 fallback_pixels=5985 resident_tiles=53 fallback_tiles=3 pushes=21 frame_reused=0 pass=1
[19:56:33] TINYDRAW_LIVE_PRESENT kind=pan zoom=400 x=1424 y=527 compose_us=29013 read_submit_us=30256 read_complete_us=31059 transfer_wait_us=19743 tile_pixels=149136 uniform_pixels=3072 overview_pixels=0 fallback_pixels=12656 resident_tiles=44 fallback_tiles=4 pushes=21 frame_reused=0 pass=1
[19:56:33] TINYDRAW_LIVE_PRESENT kind=pan zoom=400 x=1382 y=535 compose_us=28801 read_submit_us=30063 read_complete_us=30865 transfer_wait_us=19936 tile_pixels=137942 uniform_pixels=4096 overview_pixels=0 fallback_pixels=22826 resident_tiles=46 fallback_tiles=10 pushes=21 frame_reused=0 pass=1
[19:56:33] TINYDRAW_LIVE_FILL_DONE zoom=400 x=1382 y=535 revision=2047
[19:56:34] TINYDRAW_LIVE_PRESENT kind=pan zoom=400 x=1380 y=535 compose_us=29240 read_submit_us=30286 read_complete_us=31090 transfer_wait_us=19714 tile_pixels=158976 uniform_pixels=5888 overview_pixels=0 fallback_pixels=0 resident_tiles=56 fallback_tiles=0 pushes=21 frame_reused=0 pass=1
[19:56:34] TINYDRAW_LIVE_PRESENT kind=pan zoom=400 x=1335 y=555 compose_us=28697 read_submit_us=29951 read_complete_us=30753 transfer_wait_us=19048 tile_pixels=152640 uniform_pixels=8192 overview_pixels=0 fallback_pixels=4032 resident_tiles=48 fallback_tiles=8 pushes=21 frame_reused=0 pass=1
[19:56:34] TINYDRAW_LIVE_PRESENT kind=pan zoom=400 x=1296 y=581 compose_us=28400 read_submit_us=29658 read_complete_us=30462 transfer_wait_us=19341 tile_pixels=134528 uniform_pixels=8192 overview_pixels=0 fallback_pixels=22144 resident_tiles=38 fallback_tiles=10 pushes=21 frame_reused=0 pass=1
[19:56:34] TINYDRAW_LIVE_PRESENT kind=pan zoom=400 x=1291 y=585 compose_us=28885 read_submit_us=30139 read_complete_us=30941 transfer_wait_us=19860 tile_pixels=131776 uniform_pixels=8192 overview_pixels=0 fallback_pixels=24896 resident_tiles=38 fallback_tiles=10 pushes=21 frame_reused=0 pass=1
[19:56:34] TINYDRAW_LIVE_PRESENT kind=pan zoom=400 x=1298 y=601 compose_us=28508 read_submit_us=29754 read_complete_us=30558 transfer_wait_us=19245 tile_pixels=132864 uniform_pixels=8192 overview_pixels=0 fallback_pixels=23808 resident_tiles=46 fallback_tiles=10 pushes=21 frame_reused=0 pass=1
[19:56:34] TINYDRAW_LIVE_PRESENT kind=pan zoom=400 x=1349 y=618 compose_us=28383 read_submit_us=29632 read_complete_us=30434 transfer_wait_us=19367 tile_pixels=151616 uniform_pixels=7872 overview_pixels=0 fallback_pixels=5376 resident_tiles=46 fallback_tiles=2 pushes=21 frame_reused=0 pass=1
[19:56:34] TINYDRAW_LIVE_FILL_DONE zoom=400 x=1349 y=618 revision=2047
[19:56:35] TINYDRAW_LIVE_PRESENT kind=pan zoom=400 x=1351 y=618 compose_us=28352 read_submit_us=29415 read_complete_us=30216 transfer_wait_us=19585 tile_pixels=157120 uniform_pixels=7744 overview_pixels=0 fallback_pixels=0 resident_tiles=48 fallback_tiles=0 pushes=21 frame_reused=0 pass=1
[19:56:35] TINYDRAW_LIVE_PRESENT kind=pan zoom=400 x=1470 y=617 compose_us=30884 read_submit_us=32148 read_complete_us=32951 transfer_wait_us=19851 tile_pixels=164736 uniform_pixels=128 overview_pixels=0 fallback_pixels=0 resident_tiles=56 fallback_tiles=0 pushes=21 frame_reused=0 pass=1
[19:56:35] TINYDRAW_LIVE_PRESENT kind=pan zoom=400 x=1615 y=617 compose_us=29748 read_submit_us=31009 read_complete_us=31806 transfer_wait_us=19990 tile_pixels=159657 uniform_pixels=0 overview_pixels=0 fallback_pixels=5207 resident_tiles=46 fallback_tiles=2 pushes=21 frame_reused=0 pass=1
[19:56:35] TINYDRAW_LIVE_FILL_DONE zoom=400 x=1615 y=617 revision=2047
[19:56:35] TINYDRAW_LIVE_PRESENT kind=pan zoom=400 x=1618 y=617 compose_us=29623 read_submit_us=30691 read_complete_us=31492 transfer_wait_us=19309 tile_pixels=164782 uniform_pixels=0 overview_pixels=0 fallback_pixels=82 resident_tiles=55 fallback_tiles=1 pushes=21 frame_reused=0 pass=1
[19:56:35] TINYDRAW_LIVE_PRESENT kind=pan zoom=400 x=1714 y=615 compose_us=29371 read_submit_us=30638 read_complete_us=31441 transfer_wait_us=19361 tile_pixels=161042 uniform_pixels=0 overview_pixels=0 fallback_pixels=3822 resident_tiles=54 fallback_tiles=2 pushes=21 frame_reused=0 pass=1
[19:56:35] TINYDRAW_LIVE_PRESENT kind=pan zoom=400 x=1813 y=608 compose_us=29174 read_submit_us=30423 read_complete_us=31225 transfer_wait_us=19576 tile_pixels=157120 uniform_pixels=0 overview_pixels=0 fallback_pixels=7744 resident_tiles=47 fallback_tiles=9 pushes=21 frame_reused=0 pass=1
[19:56:35] TINYDRAW_LIVE_PRESENT kind=pan zoom=400 x=1878 y=607 compose_us=28825 read_submit_us=30073 read_complete_us=30876 transfer_wait_us=19926 tile_pixels=136512 uniform_pixels=0 overview_pixels=0 fallback_pixels=28352 resident_tiles=41 fallback_tiles=15 pushes=21 frame_reused=0 pass=1
[19:56:35] TINYDRAW_LIVE_PRESENT kind=pan zoom=400 x=1886 y=607 compose_us=30517 read_submit_us=31548 read_complete_us=32352 transfer_wait_us=19452 tile_pixels=153920 uniform_pixels=0 overview_pixels=0 fallback_pixels=10944 resident_tiles=49 fallback_tiles=7 pushes=21 frame_reused=0 pass=1
[19:56:35] TINYDRAW_LIVE_PRESENT kind=pan zoom=400 x=2011 y=586 compose_us=29772 read_submit_us=31000 read_complete_us=31797 transfer_wait_us=19999 tile_pixels=121422 uniform_pixels=704 overview_pixels=0 fallback_pixels=42738 resident_tiles=34 fallback_tiles=22 pushes=21 frame_reused=0 pass=1
[19:56:36] TINYDRAW_LIVE_PRESENT kind=pan zoom=400 x=2078 y=572 compose_us=29176 read_submit_us=30413 read_complete_us=31218 transfer_wait_us=19586 tile_pixels=92544 uniform_pixels=4352 overview_pixels=0 fallback_pixels=67968 resident_tiles=30 fallback_tiles=26 pushes=21 frame_reused=0 pass=1
[19:56:36] TINYDRAW_LIVE_PRESENT kind=pan zoom=400 x=2078 y=571 compose_us=31086 read_submit_us=32114 read_complete_us=32919 transfer_wait_us=19886 tile_pixels=155968 uniform_pixels=4416 overview_pixels=0 fallback_pixels=4480 resident_tiles=50 fallback_tiles=6 pushes=21 frame_reused=0 pass=1
[19:56:37] TINYDRAW_LIVE_PRESENT kind=pan zoom=400 x=2083 y=550 compose_us=29501 read_submit_us=30738 read_complete_us=31540 transfer_wait_us=19261 tile_pixels=153024 uniform_pixels=5760 overview_pixels=0 fallback_pixels=6080 resident_tiles=50 fallback_tiles=6 pushes=21 frame_reused=0 pass=1
[19:56:37] TINYDRAW_LIVE_PRESENT kind=pan zoom=400 x=2109 y=492 compose_us=30809 read_submit_us=32056 read_complete_us=32861 transfer_wait_us=19943 tile_pixels=135872 uniform_pixels=8192 overview_pixels=0 fallback_pixels=20800 resident_tiles=45 fallback_tiles=11 pushes=21 frame_reused=0 pass=1
[19:56:37] TINYDRAW_LIVE_PRESENT kind=pan zoom=400 x=2185 y=431 compose_us=27598 read_submit_us=28831 read_complete_us=29633 transfer_wait_us=19168 tile_pixels=90649 uniform_pixels=13744 overview_pixels=0 fallback_pixels=60471 resident_tiles=30 fallback_tiles=18 pushes=21 frame_reused=0 pass=1
[19:56:37] TINYDRAW_LIVE_PRESENT kind=pan zoom=400 x=2185 y=430 compose_us=28277 read_submit_us=29333 read_complete_us=30136 transfer_wait_us=19667 tile_pixels=128226 uniform_pixels=13856 overview_pixels=0 fallback_pixels=22782 resident_tiles=41 fallback_tiles=7 pushes=21 frame_reused=0 pass=1
[19:56:37] TINYDRAW_LIVE_PRESENT kind=pan zoom=400 x=2181 y=374 compose_us=27732 read_submit_us=28988 read_complete_us=29791 transfer_wait_us=19020 tile_pixels=120114 uniform_pixels=18752 overview_pixels=0 fallback_pixels=25998 resident_tiles=36 fallback_tiles=12 pushes=21 frame_reused=0 pass=1
[19:56:37] TINYDRAW_LIVE_PRESENT kind=pan zoom=400 x=2161 y=300 compose_us=27705 read_submit_us=28948 read_complete_us=29750 transfer_wait_us=19051 tile_pixels=97684 uniform_pixels=16812 overview_pixels=0 fallback_pixels=50368 resident_tiles=36 fallback_tiles=20 pushes=21 frame_reused=0 pass=1
[19:56:37] TINYDRAW_LIVE_PRESENT kind=pan zoom=400 x=2104 y=260 compose_us=27406 read_submit_us=28660 read_complete_us=29463 transfer_wait_us=19339 tile_pixels=84928 uniform_pixels=15360 overview_pixels=0 fallback_pixels=64576 resident_tiles=37 fallback_tiles=19 pushes=21 frame_reused=0 pass=1
[19:56:37] TINYDRAW_LIVE_PRESENT kind=pan zoom=400 x=2103 y=260 compose_us=27427 read_submit_us=28483 read_complete_us=29285 transfer_wait_us=19517 tile_pixels=97280 uniform_pixels=15360 overview_pixels=0 fallback_pixels=52224 resident_tiles=40 fallback_tiles=16 pushes=21 frame_reused=0 pass=1
[19:56:37] TINYDRAW_LIVE_PRESENT kind=pan zoom=400 x=2075 y=252 compose_us=28237 read_submit_us=29499 read_complete_us=30301 transfer_wait_us=19500 tile_pixels=96128 uniform_pixels=15360 overview_pixels=0 fallback_pixels=53376 resident_tiles=33 fallback_tiles=23 pushes=21 frame_reused=0 pass=1
[19:56:38] TINYDRAW_LIVE_PRESENT kind=pan zoom=400 x=1970 y=242 compose_us=28024 read_submit_us=29278 read_complete_us=30081 transfer_wait_us=19721 tile_pixels=103204 uniform_pixels=16384 overview_pixels=0 fallback_pixels=45276 resident_tiles=40 fallback_tiles=16 pushes=21 frame_reused=0 pass=1
[19:56:38] TINYDRAW_LIVE_PRESENT kind=pan zoom=400 x=1892 y=224 compose_us=28438 read_submit_us=29698 read_complete_us=30500 transfer_wait_us=19301 tile_pixels=110464 uniform_pixels=16384 overview_pixels=0 fallback_pixels=38016 resident_tiles=43 fallback_tiles=13 pushes=21 frame_reused=0 pass=1
[19:56:38] TINYDRAW_LIVE_FILL_DONE zoom=400 x=1892 y=224 revision=2047
[19:56:38] TINYDRAW_LIVE_PRESENT kind=pan zoom=400 x=1890 y=224 compose_us=28925 read_submit_us=29969 read_complete_us=30773 transfer_wait_us=19031 tile_pixels=148480 uniform_pixels=16384 overview_pixels=0 fallback_pixels=0 resident_tiles=56 fallback_tiles=0 pushes=21 frame_reused=0 pass=1
[19:56:38] TINYDRAW_LIVE_PRESENT kind=pan zoom=400 x=1842 y=233 compose_us=28906 read_submit_us=30168 read_complete_us=30970 transfer_wait_us=19831 tile_pixels=150400 uniform_pixels=14464 overview_pixels=0 fallback_pixels=0 resident_tiles=56 fallback_tiles=0 pushes=21 frame_reused=0 pass=1
[19:56:38] TINYDRAW_LIVE_PRESENT kind=pan zoom=400 x=1769 y=244 compose_us=29163 read_submit_us=30415 read_complete_us=31219 transfer_wait_us=19584 tile_pixels=153600 uniform_pixels=11264 overview_pixels=0 fallback_pixels=0 resident_tiles=56 fallback_tiles=0 pushes=21 frame_reused=0 pass=1
[19:56:38] TINYDRAW_LIVE_PRESENT kind=pan zoom=400 x=1720 y=244 compose_us=28809 read_submit_us=30062 read_complete_us=30864 transfer_wait_us=19937 tile_pixels=153600 uniform_pixels=11264 overview_pixels=0 fallback_pixels=0 resident_tiles=56 fallback_tiles=0 pushes=21 frame_reused=0 pass=1
[19:56:38] TINYDRAW_LIVE_PRESENT kind=pan zoom=400 x=1672 y=244 compose_us=28350 read_submit_us=29603 read_complete_us=30407 transfer_wait_us=19396 tile_pixels=153600 uniform_pixels=11264 overview_pixels=0 fallback_pixels=0 resident_tiles=48 fallback_tiles=0 pushes=21 frame_reused=0 pass=1
[19:56:38] TINYDRAW_LIVE_PRESENT kind=pan zoom=400 x=1652 y=244 compose_us=26352 read_submit_us=27600 read_complete_us=28403 transfer_wait_us=19399 tile_pixels=0 uniform_pixels=0 overview_pixels=0 fallback_pixels=0 resident_tiles=0 fallback_tiles=0 pushes=21 frame_reused=1 pass=1
[19:56:39] TINYDRAW_LIVE_PRESENT kind=pan zoom=400 x=1643 y=243 compose_us=27409 read_submit_us=28661 read_complete_us=29464 transfer_wait_us=19338 tile_pixels=0 uniform_pixels=0 overview_pixels=0 fallback_pixels=0 resident_tiles=0 fallback_tiles=0 pushes=21 frame_reused=1 pass=1
[19:56:39] TINYDRAW_LIVE_FILL_DONE zoom=400 x=1643 y=243 revision=2047
[19:56:39] TINYDRAW_LIVE_PRESENT kind=pan zoom=400 x=1642 y=243 compose_us=24909 read_submit_us=25967 read_complete_us=26769 transfer_wait_us=19033 tile_pixels=0 uniform_pixels=0 overview_pixels=0 fallback_pixels=0 resident_tiles=0 fallback_tiles=0 pushes=21 frame_reused=1 pass=1
[19:56:39] TINYDRAW_LIVE_PRESENT kind=pan zoom=400 x=1625 y=277 compose_us=29239 read_submit_us=30506 read_complete_us=31307 transfer_wait_us=19493 tile_pixels=153600 uniform_pixels=11264 overview_pixels=0 fallback_pixels=0 resident_tiles=56 fallback_tiles=0 pushes=21 frame_reused=0 pass=1
[19:56:39] TINYDRAW_LIVE_PRESENT kind=pan zoom=400 x=1613 y=385 compose_us=30323 read_submit_us=31575 read_complete_us=32377 transfer_wait_us=19424 tile_pixels=153587 uniform_pixels=11277 overview_pixels=0 fallback_pixels=0 resident_tiles=48 fallback_tiles=0 pushes=21 frame_reused=0 pass=1
[19:56:39] TINYDRAW_LIVE_PRESENT kind=pan zoom=400 x=1591 y=467 compose_us=29682 read_submit_us=30931 read_complete_us=31736 transfer_wait_us=19068 tile_pixels=164864 uniform_pixels=0 overview_pixels=0 fallback_pixels=0 resident_tiles=56 fallback_tiles=0 pushes=21 frame_reused=0 pass=1
[19:56:39] TINYDRAW_LIVE_FILL_DONE zoom=400 x=1591 y=467 revision=2047
[19:56:40] TINYDRAW_LIVE_PRESENT kind=pan zoom=400 x=1591 y=468 compose_us=26288 read_submit_us=27344 read_complete_us=28145 transfer_wait_us=19656 tile_pixels=0 uniform_pixels=0 overview_pixels=0 fallback_pixels=0 resident_tiles=0 fallback_tiles=0 pushes=21 frame_reused=1 pass=1
[19:56:40] TINYDRAW_LIVE_PRESENT kind=pan zoom=400 x=1605 y=521 compose_us=29097 read_submit_us=30354 read_complete_us=31158 transfer_wait_us=19645 tile_pixels=164864 uniform_pixels=0 overview_pixels=0 fallback_pixels=0 resident_tiles=48 fallback_tiles=0 pushes=21 frame_reused=0 pass=1
[19:56:40] TINYDRAW_LIVE_PRESENT kind=pan zoom=400 x=1637 y=614 compose_us=29554 read_submit_us=30795 read_complete_us=31597 transfer_wait_us=19204 tile_pixels=164066 uniform_pixels=0 overview_pixels=0 fallback_pixels=798 resident_tiles=55 fallback_tiles=1 pushes=21 frame_reused=0 pass=1
[19:56:40] TINYDRAW_LIVE_FILL_DONE zoom=400 x=1637 y=614 revision=2047
[19:56:40] TINYDRAW_LIVE_PRESENT kind=pan zoom=400 x=1637 y=615 compose_us=29518 read_submit_us=30581 read_complete_us=31382 transfer_wait_us=19419 tile_pixels=164864 uniform_pixels=0 overview_pixels=0 fallback_pixels=0 resident_tiles=56 fallback_tiles=0 pushes=21 frame_reused=0 pass=1
[19:56:40] TINYDRAW_LIVE_PRESENT kind=pan zoom=400 x=1636 y=626 compose_us=27415 read_submit_us=28687 read_complete_us=29491 transfer_wait_us=19312 tile_pixels=0 uniform_pixels=0 overview_pixels=0 fallback_pixels=0 resident_tiles=0 fallback_tiles=0 pushes=21 frame_reused=1 pass=1
[19:56:40] TINYDRAW_LIVE_PRESENT kind=pan zoom=400 x=1632 y=634 compose_us=27247 read_submit_us=28509 read_complete_us=29308 transfer_wait_us=19490 tile_pixels=0 uniform_pixels=0 overview_pixels=0 fallback_pixels=0 resident_tiles=0 fallback_tiles=0 pushes=21 frame_reused=1 pass=1
[19:56:40] TINYDRAW_LIVE_PRESENT kind=pan zoom=400 x=1629 y=637 compose_us=27325 read_submit_us=28588 read_complete_us=29391 transfer_wait_us=19411 tile_pixels=0 uniform_pixels=0 overview_pixels=0 fallback_pixels=0 resident_tiles=0 fallback_tiles=0 pushes=21 frame_reused=1 pass=1
[19:56:40] TINYDRAW_LIVE_PRESENT kind=pan zoom=400 x=1630 y=637 compose_us=26795 read_submit_us=28054 read_complete_us=28856 transfer_wait_us=19945 tile_pixels=0 uniform_pixels=0 overview_pixels=0 fallback_pixels=0 resident_tiles=0 fallback_tiles=0 pushes=21 frame_reused=1 pass=1
[19:56:40] TINYDRAW_LIVE_PRESENT kind=pan zoom=400 x=1675 y=631 compose_us=29945 read_submit_us=31204 read_complete_us=32007 transfer_wait_us=19795 tile_pixels=164864 uniform_pixels=0 overview_pixels=0 fallback_pixels=0 resident_tiles=48 fallback_tiles=0 pushes=21 frame_reused=0 pass=1
[19:56:40] TINYDRAW_LIVE_PRESENT kind=pan zoom=400 x=1727 y=618 compose_us=30196 read_submit_us=31456 read_complete_us=32258 transfer_wait_us=19543 tile_pixels=162890 uniform_pixels=0 overview_pixels=0 fallback_pixels=1974 resident_tiles=55 fallback_tiles=1 pushes=21 frame_reused=0 pass=1
[19:56:41] TINYDRAW_LIVE_PRESENT kind=pan zoom=400 x=1763 y=599 compose_us=29274 read_submit_us=30534 read_complete_us=31337 transfer_wait_us=19465 tile_pixels=162955 uniform_pixels=0 overview_pixels=0 fallback_pixels=1909 resident_tiles=54 fallback_tiles=2 pushes=21 frame_reused=0 pass=1
[19:56:41] TINYDRAW_LIVE_PRESENT kind=pan zoom=400 x=1780 y=584 compose_us=29249 read_submit_us=30501 read_complete_us=31302 transfer_wait_us=19498 tile_pixels=164064 uniform_pixels=0 overview_pixels=0 fallback_pixels=800 resident_tiles=54 fallback_tiles=2 pushes=21 frame_reused=0 pass=1
[19:56:41] TINYDRAW_LIVE_PRESENT kind=pan zoom=400 x=1783 y=579 compose_us=29145 read_submit_us=30397 read_complete_us=31200 transfer_wait_us=19602 tile_pixels=164555 uniform_pixels=0 overview_pixels=0 fallback_pixels=309 resident_tiles=54 fallback_tiles=2 pushes=21 frame_reused=0 pass=1
[19:56:41] TINYDRAW_LIVE_PRESENT kind=pan zoom=400 x=1771 y=566 compose_us=30236 read_submit_us=31483 read_complete_us=32285 transfer_wait_us=19516 tile_pixels=164864 uniform_pixels=0 overview_pixels=0 fallback_pixels=0 resident_tiles=56 fallback_tiles=0 pushes=21 frame_reused=0 pass=1
[19:56:41] TINYDRAW_LIVE_PRESENT kind=pan zoom=400 x=1759 y=541 compose_us=30417 read_submit_us=31671 read_complete_us=32475 transfer_wait_us=19328 tile_pixels=0 uniform_pixels=0 overview_pixels=0 fallback_pixels=0 resident_tiles=0 fallback_tiles=0 pushes=21 frame_reused=1 pass=1
[19:56:41] TINYDRAW_LIVE_PRESENT kind=pan zoom=400 x=1729 y=524 compose_us=29490 read_submit_us=30748 read_complete_us=31552 transfer_wait_us=19251 tile_pixels=0 uniform_pixels=0 overview_pixels=0 fallback_pixels=0 resident_tiles=0 fallback_tiles=0 pushes=21 frame_reused=1 pass=1
[19:56:41] TINYDRAW_LIVE_PRESENT kind=pan zoom=400 x=1708 y=519 compose_us=28940 read_submit_us=30198 read_complete_us=31003 transfer_wait_us=19801 tile_pixels=0 uniform_pixels=0 overview_pixels=0 fallback_pixels=0 resident_tiles=0 fallback_tiles=0 pushes=21 frame_reused=1 pass=1
[19:56:41] TINYDRAW_LIVE_PRESENT kind=pan zoom=400 x=1702 y=518 compose_us=27085 read_submit_us=28343 read_complete_us=29145 transfer_wait_us=19656 tile_pixels=0 uniform_pixels=0 overview_pixels=0 fallback_pixels=0 resident_tiles=0 fallback_tiles=0 pushes=21 frame_reused=1 pass=1
[19:56:41] TINYDRAW_LIVE_PRESENT kind=pan zoom=400 x=1701 y=518 compose_us=24924 read_submit_us=26184 read_complete_us=26988 transfer_wait_us=19815 tile_pixels=0 uniform_pixels=0 overview_pixels=0 fallback_pixels=0 resident_tiles=0 fallback_tiles=0 pushes=21 frame_reused=1 pass=1
[19:56:41] TINYDRAW_LIVE_PRESENT kind=pan zoom=400 x=1702 y=518 compose_us=26779 read_submit_us=27827 read_complete_us=28630 transfer_wait_us=19173 tile_pixels=0 uniform_pixels=0 overview_pixels=0 fallback_pixels=0 resident_tiles=0 fallback_tiles=0 pushes=21 frame_reused=1 pass=1
[19:56:41] TINYDRAW_LIVE_PRESENT kind=pan zoom=400 x=1703 y=518 compose_us=26791 read_submit_us=28048 read_complete_us=28851 transfer_wait_us=19951 tile_pixels=0 uniform_pixels=0 overview_pixels=0 fallback_pixels=0 resident_tiles=0 fallback_tiles=0 pushes=21 frame_reused=1 pass=1
[19:56:41] TINYDRAW_LIVE_PRESENT kind=pan zoom=400 x=1704 y=518 compose_us=26790 read_submit_us=28050 read_complete_us=28852 transfer_wait_us=19949 tile_pixels=0 uniform_pixels=0 overview_pixels=0 fallback_pixels=0 resident_tiles=0 fallback_tiles=0 pushes=21 frame_reused=1 pass=1
[19:56:42] TINYDRAW_LIVE_PRESENT kind=pan zoom=400 x=1705 y=518 compose_us=26793 read_submit_us=28050 read_complete_us=28854 transfer_wait_us=19949 tile_pixels=0 uniform_pixels=0 overview_pixels=0 fallback_pixels=0 resident_tiles=0 fallback_tiles=0 pushes=21 frame_reused=1 pass=1
[19:56:42] TINYDRAW_LIVE_PRESENT kind=pan zoom=400 x=1706 y=518 compose_us=26792 read_submit_us=27840 read_complete_us=28643 transfer_wait_us=19160 tile_pixels=0 uniform_pixels=0 overview_pixels=0 fallback_pixels=0 resident_tiles=0 fallback_tiles=0 pushes=21 frame_reused=1 pass=1
[19:56:42] TINYDRAW_LIVE_PRESENT kind=pan zoom=400 x=1708 y=518 compose_us=26826 read_submit_us=28085 read_complete_us=28889 transfer_wait_us=19914 tile_pixels=0 uniform_pixels=0 overview_pixels=0 fallback_pixels=0 resident_tiles=0 fallback_tiles=0 pushes=21 frame_reused=1 pass=1
[19:56:42] TINYDRAW_LIVE_FILL_DONE zoom=400 x=1708 y=518 revision=2047
