[17:38:18] I (103) esp_image: segment 0: paddr=00010020 vaddr=3c0c0020 sizeESP-ROM:esp32s3-20210327
[17:38:18] Build:Mar 27 2021
[17:38:18] rst:0x15 (USB_UART_CHIP_RESET),boot:0x2b (SPI_FAST_FLASH_BOOT)
[17:38:18] Saved PC:0x4037db92
[17:38:18] SPIWP:0xee
[17:38:18] mode:DIO, clock div:1
[17:38:18] load:0x3fce2820,len:0x1664
[17:38:18] load:0x403c8700,len:0xf38
[17:38:18] load:0x403cb700,len:0x31e8
[17:38:18] entry 0x403c8930
[17:38:18] I (24) boot: ESP-IDF v6.0.2 2nd stage bootloader
[17:38:18] I (24) boot: compile time Aug 17 2026 14:06:48
[17:38:18] I (25) boot: Multicore bootloader
[17:38:18] I (25) boot: chip revision: v0.2
[17:38:18] I (28) boot: efuse block revision: v1.3
[17:38:18] I (31) qio_mode: Enabling default flash chip QIO
[17:38:18] I (36) boot.esp32s3: Boot SPI Speed : 80MHz
[17:38:18] I (39) boot.esp32s3: SPI Mode       : QIO
[17:38:18] I (43) boot.esp32s3: SPI Flash Size : 16MB
[17:38:18] I (47) boot: Enabling RNG early entropy source...
[17:38:18] I (51) boot: Partition Table:
[17:38:18] I (54) boot: ## Label            Usage          Type ST Offset   Length
[17:38:18] I (60) boot:  0 nvs              WiFi data        01 02 00009000 00006000
[17:38:18] I (67) boot:  1 phy_init         RF data          01 01 0000f000 00001000
[17:38:18] I (73) boot:  2 factory          factory app      00 00 00010000 00100000
[17:38:18] I (80) boot:  3 drawing          Unknown data     01 40 00110000 00300000
[17:38:18] I (86) boot:  4 export           Unknown data     01 41 00410000 00500000
[17:38:18] I (93) boot:  5 coredump         Unknown data     01 03 00910000 00010000
[17:38:18] I (100) boot: End of partition table
[17:38:18] I (103) esp_image: segment 0: paddr=00010020 vaddr=3c0c0020 size=21204h (135684) map
[17:38:18] I (131) esp_image: segment 1: paddr=0003122c vaddr=3fc9e000 size=05658h ( 22104) load
[17:38:18] I (136) esp_image: segment 2: paddr=0003688c vaddr=40374000 size=0978ch ( 38796) load
[17:38:18] I (144) esp_image: segment 3: paddr=00040020 vaddr=42000020 size=b474ch (739148) map
[17:38:18] I (259) esp_image: segment 4: paddr=000f4774 vaddr=4037d78c size=107f0h ( 67568) load
[17:38:18] I (273) esp_image: segment 5: paddr=00104f6c vaddr=50000000 size=00024h (    36) load
[17:38:18] I (284) boot: Loaded app from partition at offset 0x10000
[17:38:18] I (284) boot: Disabling RNG early entropy source...
[17:38:18] I (294) octal_psram: vendor id    : 0x0d (AP)
[17:38:18] I (294) octal_psram: dev id       : 0x02 (generation 3)
[17:38:18] I (295) octal_psram: density      : 0x03 (64 Mbit)
[17:38:18] I (297) octal_psram: good-die     : 0x01 (Pass)
[17:38:18] I (301) octal_psram: Latency      : 0x01 (Fixed)
[17:38:18] I (305) octal_psram: VCC          : 0x01 (3V)
[17:38:18] I (309) octal_psram: SRF          : 0x01 (Fast Refresh)
[17:38:18] I (314) octal_psram: BurstType    : 0x01 (Hybrid Wrap)
[17:38:18] I (319) octal_psram: BurstLen     : 0x01 (32 Byte)
[17:38:18] I (324) octal_psram: Readlatency  : 0x02 (10 cycles@Fixed)
[17:38:18] I (329) octal_psram: DriveStrength: 0x00 (1/1)
[17:38:18] I (333) MSPI Timing: Enter psram timing tuning
[17:38:18] I (338) esp_psram: Found 8MB PSRAM device
[17:38:18] I (341) esp_psram: Speed: 80MHz
[17:38:18] I (344) cpu_start: Multicore app
[17:38:18] I (760) esp_psram: SPI SRAM memory test OK
[17:38:18] I (768) cpu_start: GPIO 44 and 43 are used as console UART I/O pins
[17:38:18] I (769) cpu_start: Pro cpu start user code
[17:38:18] I (769) cpu_start: cpu freq: 240000000 Hz
[17:38:18] I (770) app_init: Application information:
[17:38:18] I (774) app_init: Project name:     tinydraw_esp32
[17:38:18] I (779) app_init: App version:      3980b90
[17:38:18] I (783) app_init: Compile time:     Aug 17 2026 17:37:46
[17:38:18] I (788) app_init: ELF file SHA256:  f66eec3a7...
[17:38:18] I (792) app_init: ESP-IDF:          v6.0.2
[17:38:18] I (796) efuse_init: Min chip rev:     v0.0
[17:38:18] I (800) efuse_init: Max chip rev:     v0.99
[17:38:18] I (804) efuse_init: Chip rev:         v0.2
[17:38:18] I (807) heap_init: Initializing. RAM available for dynamic allocation:
[17:38:18] I (814) heap_init: At 3FCA81B0 len 00041560 (261 KiB): RAM
[17:38:18] I (819) heap_init: At 3FCE9710 len 00005724 (21 KiB): RAM
[17:38:18] I (824) heap_init: At 3FCF0000 len 00008000 (32 KiB): DRAM
[17:38:18] I (829) heap_init: At 600FE000 len 00001FE8 (7 KiB): RTCRAM
[17:38:18] I (835) esp_psram: Adding pool of 8192K of PSRAM memory to heap allocator
[17:38:18] I (841) spi_flash: detected chip: generic
[17:38:18] I (845) spi_flash: flash io: qio
[17:38:18] I (848) sleep_gpio: Configure to isolate all GPIO pins in sleep state
[17:38:18] I (854) sleep_gpio: Enable automatic switching of GPIO sleep configuration
[17:38:18] I (861) main_task: Started on CPU0
[17:38:18] I (864) main_task: Calling app_main()
[17:38:18] TINYDRAW_PRODUCER_SCRATCH supertask_internal=1 slot_directory_internal=0 free_internal=248488 free_psram=2222832
[17:38:19] TINYDRAW_PANEL_HARD_RESET=1
[17:38:19] TINYDRAW_PANEL_TRANSPORT requested_clock_mhz=50 effective_clock_mhz=40
[17:38:19] I (1071) co5300: version: 2.1.0
[17:38:19] I (1071) co5300_spi: LCD panel create success, version: 2.1.0
[17:38:19] W (1156) co5300_spi: The 3Ah command has been used and will be overwritten by external initialization sequence
[17:38:19] I (1257) CST816S: IC id: 183
[17:38:19] I (1258) PCF85063A: PCF85063A initialized successfully
[17:38:19] TINYDRAW_RTC ready=1 retained=1 local=2026-08-17T16:38:17
[17:38:19] TINYDRAW_MINIMAP_CAPTURE_READY capacity=2048 record_bytes=28
[17:38:19] TINYDRAW_VECTOR_V2_PRESENTATION experiment=boundary-top-sweep te_edge=rising requested_clock_mhz=50 effective_clock_mhz=40 optical_acceptance=external_manual
[17:38:19] TINYDRAW_LIVE_PRESENT kind=startup zoom=25 x=0 y=0 compose_us=26325 scroll_us=0 exposed_compose_us=0 chrome_us=13587 chrome_prepare_us=8582 chrome_stage_us=5005 read_submit_us=0 read_complete_us=0 transfer_wait_us=21330 tile_pixels=0 uniform_pixels=0 overview_pixels=164864 fallback_pixels=0 resident_tiles=0 fallback_tiles=0 pushes=11 tear_wait_us=4515 tear_edge_isr_to_resume_us=15 tear_edge_observed=1 tear_edge_wait_resumed=1 tear_edge_timeout=0 tear_heal_attempted=0 tear_heal_command_sent=0 presentation_experiment=boundary-top-sweep te_edge=rising requested_clock_mhz=50 effective_clock_mhz=40 frame_reused=0 pass=1
[17:38:19] TINYDRAW_VECTOR_V2_READY zoom=25 controls=chrome button=cycle_all_zooms operations_capacity=4000 samples_capacity=80000 live_storage_bytes=5915800 overview_bytes=1318912 raw_tile_bytes=3670016 tile_metadata_bytes=101360 operation_bytes=720000 live_scratch_bytes=105512 free_psram=2221192 largest_psram=2162688 te_edges=9 te_period_us=16805 te_high_us=578 te_level=0 main_stack_free=5992
[17:38:19] TINYDRAW_LIVE_SETTLE zoom=25 tiles=42 total_us=75195 max_tile_us=1968 failures=0
[17:38:49] TINYDRAW_LIVE_PRESENT kind=power zoom=25 x=0 y=0 compose_us=1662 scroll_us=0 exposed_compose_us=0 chrome_us=499 chrome_prepare_us=16 chrome_stage_us=483 read_submit_us=2375 read_complete_us=3873 transfer_wait_us=1625 tile_pixels=0 uniform_pixels=0 overview_pixels=5456 fallback_pixels=0 resident_tiles=0 fallback_tiles=0 pushes=1 tear_wait_us=0 tear_edge_isr_to_resume_us=0 tear_edge_observed=0 tear_edge_wait_resumed=0 tear_edge_timeout=0 tear_heal_attempted=0 tear_heal_command_sent=0 presentation_experiment=boundary-top-sweep te_edge=rising requested_clock_mhz=50 effective_clock_mhz=40 frame_reused=0 pass=1
[17:38:55] TINYDRAW_LIVE_PRESENT kind=chrome zoom=25 x=0 y=0 compose_us=26525 scroll_us=0 exposed_compose_us=0 chrome_us=2655 chrome_prepare_us=6 chrome_stage_us=2649 read_submit_us=41072 read_complete_us=44268 transfer_wait_us=19861 tile_pixels=0 uniform_pixels=0 overview_pixels=164864 fallback_pixels=0 resident_tiles=0 fallback_tiles=0 pushes=11 tear_wait_us=14459 tear_edge_isr_to_resume_us=13 tear_edge_observed=1 tear_edge_wait_resumed=1 tear_edge_timeout=0 tear_heal_attempted=0 tear_heal_command_sent=0 presentation_experiment=boundary-top-sweep te_edge=rising requested_clock_mhz=50 effective_clock_mhz=40 frame_reused=0 pass=1
[17:38:56] TINYDRAW_LIVE_PRESENT kind=chrome zoom=25 x=0 y=0 compose_us=26425 scroll_us=0 exposed_compose_us=0 chrome_us=4966 chrome_prepare_us=28 chrome_stage_us=4938 read_submit_us=39074 read_complete_us=42550 transfer_wait_us=20863 tile_pixels=0 uniform_pixels=0 overview_pixels=164864 fallback_pixels=0 resident_tiles=0 fallback_tiles=0 pushes=11 tear_wait_us=12510 tear_edge_isr_to_resume_us=13 tear_edge_observed=1 tear_edge_wait_resumed=1 tear_edge_timeout=0 tear_heal_attempted=0 tear_heal_command_sent=0 presentation_experiment=boundary-top-sweep te_edge=rising requested_clock_mhz=50 effective_clock_mhz=40 frame_reused=0 pass=1
[17:38:59] TINYDRAW_LIVE_STROKE revision=0 operations=4 samples=107 append_us=468 append_max_us=121 refresh_compose_us=0 refresh_complete_us=0 ink_samples=104 read_submit_avg_us=1601 read_submit_max_us=3097 read_complete_avg_us=2473 read_complete_max_us=4134 submit_over_16ms=0 complete_over_33ms=0 presentation_failures=0 poll_max_us=106002 touch_errors=0 touch_overflows=0 touch_moves_coalesced=880 touch_events=650 touch_down=3 touch_up=3 touch_events_ge_8ms=0 touch_event_age_max_us=1226 chunks=4 ph_prepare_max_us=79 ph_overview_max_us=0 ph_enumerate_max_us=0 ph_uniform_max_us=0 ph_raw_max_us=0 ph_offscreen_max_us=0 ph_commit_max_us=0 drop_uni_slot=0 drop_uni_paint=0 drop_raw_edit=0 drop_raw_paint=0 off_skip=0 free_psram=2221192 largest_psram=2162688 authority_match=0
[17:38:59] TINYDRAW_LIVE_STROKE_DONE committed=1 refresh=1 commit_failed=0
[17:38:59] TINYDRAW_LIFT_BASELINE id=1 finish_preview_us=2980 builder_finish_us=61 append_us=468 append_max_us=121 refresh_wall_us=22 refresh_x0=33 refresh_y0=15 refresh_x1=237 refresh_y1=182 refresh_compose_us=0 refresh_first_submit_us=0 refresh_first_complete_us=0 refresh_transfer_wait_us=0 stroke_logging_us=0 detected_to_poll_start_us=4982 detected_to_poll_complete_us=4992 poll_read_us=10 unattributed_tail_us=1451 reports_dropped=0 chunks=4 committed=1 refresh=1 commit_failed=0
[17:38:59] TINYDRAW_LIVE_DRAIN ops=4 total_us=37462 max_us=10550 failures=0 swap_wall_us=33279 swap_pass=1
[17:38:59] TINYDRAW_LIVE_LEDGER site=drain renders=0 cold=0 damage=0 evict=0 stale=0 unexplained=0 total_renders=0 unique=0 amplification=0.000
[17:38:59] TINYDRAW_LIVE_SETTLE zoom=25 tiles=42 total_us=118887 max_tile_us=11120 failures=0
[17:39:00] TINYDRAW_LIVE_PRESENT kind=zoom zoom=50 x=184 y=262 compose_us=15224 scroll_us=0 exposed_compose_us=0 chrome_us=5744 chrome_prepare_us=1130 chrome_stage_us=4614 read_submit_us=24327 read_complete_us=27962 transfer_wait_us=20673 tile_pixels=0 uniform_pixels=0 overview_pixels=0 fallback_pixels=164864 resident_tiles=0 fallback_tiles=56 pushes=11 tear_wait_us=7834 tear_edge_isr_to_resume_us=13 tear_edge_observed=1 tear_edge_wait_resumed=1 tear_edge_timeout=0 tear_heal_attempted=0 tear_heal_command_sent=0 presentation_experiment=boundary-top-sweep te_edge=rising requested_clock_mhz=50 effective_clock_mhz=40 frame_reused=0 pass=1
[17:39:00] TINYDRAW_LIVE_LEDGER site=zoom renders=0 cold=0 damage=0 evict=0 stale=0 unexplained=0 total_renders=0 unique=0 amplification=0.000
[17:39:00] TINYDRAW_FILL_BASELINE result=complete zoom=50 x=184 y=262 revision=4 steps=18 wall_us=119321 compute_total_us=45829 compute_max_us=4051 present_total_us=66610 present_max_us=7759 tick_max_us=4074 producer_failures=0 presentation_failures=0
[17:39:00] TINYDRAW_LIVE_FILL_DONE zoom=50 x=184 y=262 revision=4
[17:39:00] TINYDRAW_LIVE_REPAIR views=5 steps=32
[17:39:00] TINYDRAW_LIVE_SETTLE zoom=50 tiles=5 total_us=34370 max_tile_us=11185 failures=0
[17:39:00] TINYDRAW_LIVE_PRESENT kind=zoom zoom=100 x=552 y=710 compose_us=11637 scroll_us=0 exposed_compose_us=0 chrome_us=5564 chrome_prepare_us=1132 chrome_stage_us=4432 read_submit_us=19624 read_complete_us=23270 transfer_wait_us=20376 tile_pixels=0 uniform_pixels=0 overview_pixels=0 fallback_pixels=164864 resident_tiles=0 fallback_tiles=56 pushes=11 tear_wait_us=6706 tear_edge_isr_to_resume_us=11 tear_edge_observed=1 tear_edge_wait_resumed=1 tear_edge_timeout=0 tear_heal_attempted=0 tear_heal_command_sent=0 presentation_experiment=boundary-top-sweep te_edge=rising requested_clock_mhz=50 effective_clock_mhz=40 frame_reused=0 pass=1
[17:39:00] TINYDRAW_LIVE_LEDGER site=zoom renders=40 cold=9 damage=13 evict=0 stale=12 unexplained=6 total_renders=40 unique=9 amplification=4.444
[17:39:00] TINYDRAW_FILL_BASELINE result=complete zoom=100 x=552 y=710 revision=4 steps=20 wall_us=121887 compute_total_us=43459 compute_max_us=2726 present_total_us=69129 present_max_us=8319 tick_max_us=2744 producer_failures=0 presentation_failures=0
[17:39:00] TINYDRAW_LIVE_FILL_DONE zoom=100 x=552 y=710 revision=4
[17:39:01] TINYDRAW_LIVE_REPAIR views=22 steps=259
[17:39:03] TINYDRAW_LIVE_STROKE revision=4 operations=8 samples=212 append_us=467 append_max_us=124 refresh_compose_us=0 refresh_complete_us=0 ink_samples=102 read_submit_avg_us=1615 read_submit_max_us=2923 read_complete_avg_us=2518 read_complete_max_us=5159 submit_over_16ms=0 complete_over_33ms=0 presentation_failures=0 poll_max_us=103190 touch_errors=0 touch_overflows=0 touch_moves_coalesced=767 touch_events=542 touch_down=1 touch_up=1 touch_events_ge_8ms=0 touch_event_age_max_us=268 chunks=4 ph_prepare_max_us=79 ph_overview_max_us=0 ph_enumerate_max_us=0 ph_uniform_max_us=0 ph_raw_max_us=0 ph_offscreen_max_us=0 ph_commit_max_us=0 drop_uni_slot=0 drop_uni_paint=0 drop_raw_edit=0 drop_raw_paint=0 off_skip=0 free_psram=2221192 largest_psram=2162688 authority_match=0
[17:39:03] TINYDRAW_LIVE_STROKE_DONE committed=1 refresh=1 commit_failed=0
[17:39:03] TINYDRAW_LIFT_BASELINE id=2 finish_preview_us=2978 builder_finish_us=63 append_us=467 append_max_us=124 refresh_wall_us=14 refresh_x0=602 refresh_y0=746 refresh_x1=841 refresh_y1=1045 refresh_compose_us=0 refresh_first_submit_us=0 refresh_first_complete_us=0 refresh_transfer_wait_us=0 stroke_logging_us=0 detected_to_poll_start_us=4985 detected_to_poll_complete_us=4995 poll_read_us=10 unattributed_tail_us=1463 reports_dropped=0 chunks=4 committed=1 refresh=1 commit_failed=0
[17:39:03] TINYDRAW_LIVE_DRAIN ops=4 total_us=48569 max_us=15835 failures=0 swap_wall_us=48995 swap_pass=1
[17:39:03] TINYDRAW_LIVE_LEDGER site=drain renders=222 cold=42 damage=41 evict=0 stale=2 unexplained=137 total_renders=262 unique=51 amplification=5.137
[17:39:03] TINYDRAW_FILL_BASELINE result=complete zoom=100 x=552 y=710 revision=8 steps=1 wall_us=394 compute_total_us=348 compute_max_us=348 present_total_us=0 present_max_us=0 tick_max_us=360 producer_failures=0 presentation_failures=0
[17:39:03] TINYDRAW_LIVE_FILL_DONE zoom=100 x=552 y=710 revision=8
[17:39:03] TINYDRAW_LIVE_REPAIR views=22 steps=22
[17:39:03] TINYDRAW_LIVE_SETTLE zoom=100 tiles=25 total_us=103527 max_tile_us=6673 failures=0
[17:39:04] TINYDRAW_LIVE_PRESENT kind=chrome zoom=100 x=552 y=710 compose_us=14887 scroll_us=0 exposed_compose_us=0 chrome_us=2809 chrome_prepare_us=6 chrome_stage_us=2803 read_submit_us=31623 read_complete_us=35041 transfer_wait_us=20307 tile_pixels=101632 uniform_pixels=63232 overview_pixels=0 fallback_pixels=0 resident_tiles=56 fallback_tiles=0 pushes=11 tear_wait_us=16637 tear_edge_isr_to_resume_us=10 tear_edge_observed=1 tear_edge_wait_resumed=1 tear_edge_timeout=0 tear_heal_attempted=0 tear_heal_command_sent=0 presentation_experiment=boundary-top-sweep te_edge=rising requested_clock_mhz=50 effective_clock_mhz=40 frame_reused=0 pass=1
[17:39:05] TINYDRAW_LIVE_PRESENT kind=chrome zoom=100 x=552 y=710 compose_us=14682 scroll_us=0 exposed_compose_us=0 chrome_us=4503 chrome_prepare_us=43 chrome_stage_us=4460 read_submit_us=19157 read_complete_us=22842 transfer_wait_us=20780 tile_pixels=101632 uniform_pixels=63232 overview_pixels=0 fallback_pixels=0 resident_tiles=56 fallback_tiles=0 pushes=11 tear_wait_us=4342 tear_edge_isr_to_resume_us=12 tear_edge_observed=1 tear_edge_wait_resumed=1 tear_edge_timeout=0 tear_heal_attempted=0 tear_heal_command_sent=0 presentation_experiment=boundary-top-sweep te_edge=rising requested_clock_mhz=50 effective_clock_mhz=40 frame_reused=0 pass=1
[17:39:06] TINYDRAW_LIVE_PRESENT kind=chrome zoom=100 x=552 y=710 compose_us=14713 scroll_us=0 exposed_compose_us=0 chrome_us=2709 chrome_prepare_us=7 chrome_stage_us=2702 read_submit_us=25112 read_complete_us=28492 transfer_wait_us=19819 tile_pixels=101632 uniform_pixels=63232 overview_pixels=0 fallback_pixels=0 resident_tiles=56 fallback_tiles=0 pushes=11 tear_wait_us=10288 tear_edge_isr_to_resume_us=12 tear_edge_observed=1 tear_edge_wait_resumed=1 tear_edge_timeout=0 tear_heal_attempted=0 tear_heal_command_sent=0 presentation_experiment=boundary-top-sweep te_edge=rising requested_clock_mhz=50 effective_clock_mhz=40 frame_reused=0 pass=1
[17:39:06] TINYDRAW_LIVE_PRESENT kind=chrome zoom=100 x=552 y=710 compose_us=14700 scroll_us=0 exposed_compose_us=0 chrome_us=4476 chrome_prepare_us=30 chrome_stage_us=4446 read_submit_us=21228 read_complete_us=24900 transfer_wait_us=20709 tile_pixels=101632 uniform_pixels=63232 overview_pixels=0 fallback_pixels=0 resident_tiles=56 fallback_tiles=0 pushes=11 tear_wait_us=6392 tear_edge_isr_to_resume_us=12 tear_edge_observed=1 tear_edge_wait_resumed=1 tear_edge_timeout=0 tear_heal_attempted=0 tear_heal_command_sent=0 presentation_experiment=boundary-top-sweep te_edge=rising requested_clock_mhz=50 effective_clock_mhz=40 frame_reused=0 pass=1
[17:39:07] TINYDRAW_LIVE_PRESENT kind=chrome zoom=100 x=552 y=710 compose_us=14704 scroll_us=0 exposed_compose_us=0 chrome_us=2698 chrome_prepare_us=6 chrome_stage_us=2692 read_submit_us=26213 read_complete_us=29606 transfer_wait_us=20714 tile_pixels=101632 uniform_pixels=63232 overview_pixels=0 fallback_pixels=0 resident_tiles=56 fallback_tiles=0 pushes=11 tear_wait_us=11399 tear_edge_isr_to_resume_us=14 tear_edge_observed=1 tear_edge_wait_resumed=1 tear_edge_timeout=0 tear_heal_attempted=0 tear_heal_command_sent=0 presentation_experiment=boundary-top-sweep te_edge=rising requested_clock_mhz=50 effective_clock_mhz=40 frame_reused=0 pass=1
[17:39:07] TINYDRAW_LIVE_PRESENT kind=chrome zoom=100 x=552 y=710 compose_us=14676 scroll_us=0 exposed_compose_us=0 chrome_us=4456 chrome_prepare_us=42 chrome_stage_us=4414 read_submit_us=19741 read_complete_us=23412 transfer_wait_us=21196 tile_pixels=101632 uniform_pixels=63232 overview_pixels=0 fallback_pixels=0 resident_tiles=56 fallback_tiles=0 pushes=11 tear_wait_us=4924 tear_edge_isr_to_resume_us=19 tear_edge_observed=1 tear_edge_wait_resumed=1 tear_edge_timeout=0 tear_heal_attempted=0 tear_heal_command_sent=0 presentation_experiment=boundary-top-sweep te_edge=rising requested_clock_mhz=50 effective_clock_mhz=40 frame_reused=0 pass=1
[17:39:07] TINYDRAW_PAN_BASELINE zoom=100 x=1104 y=820 frames=1 reused=0 compose_avg_us=10068 compose_max_us=10068 present_avg_us=21166 present_max_us=21166 tear_wait_avg_us=2536 tear_wait_max_us=2536 failures=0
[17:39:07] TINYDRAW_LIVE_LEDGER site=minimap_pointer_end renders=0 cold=0 damage=0 evict=0 stale=0 unexplained=0 total_renders=262 unique=51 amplification=5.137
[17:39:07] TINYDRAW_FILL_BASELINE result=complete zoom=100 x=1104 y=820 revision=8 steps=1 wall_us=383 compute_total_us=341 compute_max_us=341 present_total_us=0 present_max_us=0 tick_max_us=355 producer_failures=0 presentation_failures=0
[17:39:07] TINYDRAW_LIVE_FILL_DONE zoom=100 x=1104 y=820 revision=8
[17:39:07] TINYDRAW_LIVE_REPAIR views=21 steps=21
[17:39:08] TINYDRAW_PAN_BASELINE zoom=100 x=1104 y=1344 frames=1 reused=0 compose_avg_us=10085 compose_max_us=10085 present_avg_us=21139 present_max_us=21139 tear_wait_avg_us=14532 tear_wait_max_us=14532 failures=0
[17:39:08] TINYDRAW_LIVE_LEDGER site=minimap_pointer_end renders=0 cold=0 damage=0 evict=0 stale=0 unexplained=0 total_renders=262 unique=51 amplification=5.137
[17:39:08] TINYDRAW_FILL_BASELINE result=complete zoom=100 x=1104 y=1344 revision=8 steps=1 wall_us=345 compute_total_us=304 compute_max_us=304 present_total_us=0 present_max_us=0 tick_max_us=316 producer_failures=0 presentation_failures=0
[17:39:08] TINYDRAW_LIVE_FILL_DONE zoom=100 x=1104 y=1344 revision=8
[17:39:08] TINYDRAW_LIVE_REPAIR views=17 steps=17
[17:39:08] TINYDRAW_PAN_BASELINE zoom=100 x=902 y=546 frames=1 reused=0 compose_avg_us=10082 compose_max_us=10082 present_avg_us=20329 present_max_us=20329 tear_wait_avg_us=6347 tear_wait_max_us=6347 failures=0
[17:39:08] TINYDRAW_LIVE_LEDGER site=minimap_pointer_end renders=0 cold=0 damage=0 evict=0 stale=0 unexplained=0 total_renders=262 unique=51 amplification=5.137
[17:39:08] TINYDRAW_FILL_BASELINE result=complete zoom=100 x=902 y=546 revision=8 steps=1 wall_us=392 compute_total_us=343 compute_max_us=343 present_total_us=0 present_max_us=0 tick_max_us=357 producer_failures=0 presentation_failures=0
[17:39:08] TINYDRAW_LIVE_FILL_DONE zoom=100 x=902 y=546 revision=8
[17:39:08] TINYDRAW_LIVE_REPAIR views=22 steps=22
[17:39:09] TINYDRAW_PAN_BASELINE zoom=100 x=314 y=528 frames=1 reused=0 compose_avg_us=12782 compose_max_us=12782 present_avg_us=20195 present_max_us=20195 tear_wait_avg_us=11765 tear_wait_max_us=11765 failures=0
[17:39:09] TINYDRAW_LIVE_LEDGER site=minimap_pointer_end renders=0 cold=0 damage=0 evict=0 stale=0 unexplained=0 total_renders=262 unique=51 amplification=5.137
[17:39:09] TINYDRAW_FILL_BASELINE result=complete zoom=100 x=314 y=528 revision=8 steps=1 wall_us=414 compute_total_us=374 compute_max_us=374 present_total_us=0 present_max_us=0 tick_max_us=387 producer_failures=0 presentation_failures=0
[17:39:09] TINYDRAW_LIVE_FILL_DONE zoom=100 x=314 y=528 revision=8
[17:39:09] TINYDRAW_LIVE_REPAIR views=22 steps=22
[17:39:09] TINYDRAW_LIVE_SETTLE zoom=100 tiles=9 total_us=79550 max_tile_us=14927 failures=0
[17:39:09] TINYDRAW_PAN_BASELINE zoom=100 x=570 y=308 frames=1 reused=0 compose_avg_us=14336 compose_max_us=14336 present_avg_us=20694 present_max_us=20694 tear_wait_avg_us=2690 tear_wait_max_us=2690 failures=0
[17:39:09] TINYDRAW_LIVE_LEDGER site=minimap_pointer_end renders=0 cold=0 damage=0 evict=0 stale=0 unexplained=0 total_renders=262 unique=51 amplification=5.137
[17:39:09] TINYDRAW_FILL_BASELINE result=complete zoom=100 x=570 y=308 revision=8 steps=1 wall_us=423 compute_total_us=372 compute_max_us=372 present_total_us=0 present_max_us=0 tick_max_us=386 producer_failures=0 presentation_failures=0
[17:39:10] TINYDRAW_LIVE_FILL_DONE zoom=100 x=570 y=308 revision=8
[17:39:10] TINYDRAW_LIVE_REPAIR views=22 steps=22
[17:39:10] TINYDRAW_LIVE_SETTLE zoom=100 tiles=18 total_us=136829 max_tile_us=19633 failures=0
[17:39:11] TINYDRAW_PAN_BASELINE zoom=100 x=1104 y=1344 frames=22 reused=21 compose_avg_us=2537 compose_max_us=10384 present_avg_us=7613 present_max_us=20794 tear_wait_avg_us=4318 tear_wait_max_us=13368 failures=0
[17:39:11] TINYDRAW_LIVE_LEDGER site=minimap_pointer_end renders=0 cold=0 damage=0 evict=0 stale=0 unexplained=0 total_renders=262 unique=51 amplification=5.137
[17:39:11] TINYDRAW_FILL_BASELINE result=complete zoom=100 x=1104 y=1344 revision=8 steps=1 wall_us=344 compute_total_us=303 compute_max_us=303 present_total_us=0 present_max_us=0 tick_max_us=316 producer_failures=0 presentation_failures=0
[17:39:11] TINYDRAW_LIVE_FILL_DONE zoom=100 x=1104 y=1344 revision=8
[17:39:11] TINYDRAW_LIVE_REPAIR views=17 steps=17
[17:39:11] TINYDRAW_PAN_BASELINE zoom=100 x=866 y=1344 frames=1 reused=0 compose_avg_us=10095 compose_max_us=10095 present_avg_us=21000 present_max_us=21000 tear_wait_avg_us=12655 tear_wait_max_us=12655 failures=0
[17:39:11] TINYDRAW_LIVE_LEDGER site=minimap_pointer_end renders=0 cold=0 damage=0 evict=0 stale=0 unexplained=0 total_renders=262 unique=51 amplification=5.137
[17:39:11] TINYDRAW_FILL_BASELINE result=complete zoom=100 x=866 y=1344 revision=8 steps=1 wall_us=380 compute_total_us=340 compute_max_us=340 present_total_us=0 present_max_us=0 tick_max_us=353 producer_failures=0 presentation_failures=0
[17:39:11] TINYDRAW_LIVE_FILL_DONE zoom=100 x=866 y=1344 revision=8
[17:39:11] TINYDRAW_LIVE_REPAIR views=20 steps=20
[17:39:12] TINYDRAW_PAN_BASELINE zoom=100 x=956 y=1094 frames=1 reused=0 compose_avg_us=10089 compose_max_us=10089 present_avg_us=20898 present_max_us=20898 tear_wait_avg_us=3768 tear_wait_max_us=3768 failures=0
[17:39:12] TINYDRAW_LIVE_LEDGER site=minimap_pointer_end renders=0 cold=0 damage=0 evict=0 stale=0 unexplained=0 total_renders=262 unique=51 amplification=5.137
[17:39:12] TINYDRAW_FILL_BASELINE result=complete zoom=100 x=956 y=1094 revision=8 steps=1 wall_us=425 compute_total_us=385 compute_max_us=385 present_total_us=0 present_max_us=0 tick_max_us=398 producer_failures=0 presentation_failures=0
[17:39:12] TINYDRAW_LIVE_FILL_DONE zoom=100 x=956 y=1094 revision=8
[17:39:12] TINYDRAW_LIVE_REPAIR views=22 steps=22
[17:39:12] TINYDRAW_PAN_BASELINE zoom=100 x=1030 y=1058 frames=1 reused=1 compose_avg_us=7430 compose_max_us=7430 present_avg_us=15870 present_max_us=15870 tear_wait_avg_us=12519 tear_wait_max_us=12519 failures=0
[17:39:12] TINYDRAW_LIVE_LEDGER site=minimap_pointer_end renders=0 cold=0 damage=0 evict=0 stale=0 unexplained=0 total_renders=262 unique=51 amplification=5.137
[17:39:12] TINYDRAW_FILL_BASELINE result=complete zoom=100 x=1030 y=1058 revision=8 steps=1 wall_us=383 compute_total_us=342 compute_max_us=342 present_total_us=0 present_max_us=0 tick_max_us=354 producer_failures=0 presentation_failures=0
[17:39:12] TINYDRAW_LIVE_FILL_DONE zoom=100 x=1030 y=1058 revision=8
[17:39:12] TINYDRAW_LIVE_REPAIR views=22 steps=22
[17:39:13] TINYDRAW_PAN_BASELINE zoom=100 x=774 y=454 frames=1 reused=0 compose_avg_us=10970 compose_max_us=10970 present_avg_us=21197 present_max_us=21197 tear_wait_avg_us=15577 tear_wait_max_us=15577 failures=0
[17:39:13] TINYDRAW_LIVE_LEDGER site=minimap_pointer_end renders=0 cold=0 damage=0 evict=0 stale=0 unexplained=0 total_renders=262 unique=51 amplification=5.137
[17:39:13] TINYDRAW_FILL_BASELINE result=complete zoom=100 x=774 y=454 revision=8 steps=1 wall_us=382 compute_total_us=341 compute_max_us=341 present_total_us=0 present_max_us=0 tick_max_us=354 producer_failures=0 presentation_failures=0
[17:39:13] TINYDRAW_LIVE_FILL_DONE zoom=100 x=774 y=454 revision=8
[17:39:13] TINYDRAW_LIVE_REPAIR views=22 steps=22
[17:39:14] TINYDRAW_PAN_BASELINE zoom=100 x=994 y=1002 frames=1 reused=0 compose_avg_us=10099 compose_max_us=10099 present_avg_us=21084 present_max_us=21084 tear_wait_avg_us=1573 tear_wait_max_us=1573 failures=0
[17:39:14] TINYDRAW_LIVE_LEDGER site=minimap_pointer_end renders=0 cold=0 damage=0 evict=0 stale=0 unexplained=0 total_renders=262 unique=51 amplification=5.137
[17:39:14] TINYDRAW_FILL_BASELINE result=complete zoom=100 x=994 y=1002 revision=8 steps=1 wall_us=426 compute_total_us=385 compute_max_us=385 present_total_us=0 present_max_us=0 tick_max_us=398 producer_failures=0 presentation_failures=0
[17:39:14] TINYDRAW_LIVE_FILL_DONE zoom=100 x=994 y=1002 revision=8
[17:39:14] TINYDRAW_LIVE_REPAIR views=22 steps=22
[17:39:15] TINYDRAW_PAN_BASELINE zoom=100 x=774 y=1184 frames=1 reused=0 compose_avg_us=10031 compose_max_us=10031 present_avg_us=20420 present_max_us=20420 tear_wait_avg_us=9298 tear_wait_max_us=9298 failures=0
[17:39:15] TINYDRAW_LIVE_LEDGER site=minimap_pointer_end renders=0 cold=0 damage=0 evict=0 stale=0 unexplained=0 total_renders=262 unique=51 amplification=5.137
[17:39:15] TINYDRAW_FILL_BASELINE result=complete zoom=100 x=774 y=1184 revision=8 steps=1 wall_us=384 compute_total_us=344 compute_max_us=344 present_total_us=0 present_max_us=0 tick_max_us=355 producer_failures=0 presentation_failures=0
[17:39:15] TINYDRAW_LIVE_FILL_DONE zoom=100 x=774 y=1184 revision=8
[17:39:15] TINYDRAW_LIVE_REPAIR views=22 steps=22
[17:39:16] TINYDRAW_PAN_BASELINE zoom=100 x=608 y=1312 frames=1 reused=0 compose_avg_us=10098 compose_max_us=10098 present_avg_us=20853 present_max_us=20853 tear_wait_avg_us=15806 tear_wait_max_us=15806 failures=0
[17:39:16] TINYDRAW_LIVE_LEDGER site=minimap_pointer_end renders=0 cold=0 damage=0 evict=0 stale=0 unexplained=0 total_renders=262 unique=51 amplification=5.137
[17:39:16] TINYDRAW_FILL_BASELINE result=complete zoom=100 x=608 y=1312 revision=8 steps=1 wall_us=418 compute_total_us=378 compute_max_us=378 present_total_us=0 present_max_us=0 tick_max_us=391 producer_failures=0 presentation_failures=0
[17:39:16] TINYDRAW_LIVE_FILL_DONE zoom=100 x=608 y=1312 revision=8
[17:39:16] TINYDRAW_LIVE_REPAIR views=22 steps=22
[17:39:16] TINYDRAW_PAN_BASELINE zoom=100 x=442 y=546 frames=1 reused=0 compose_avg_us=14408 compose_max_us=14408 present_avg_us=20819 present_max_us=20819 tear_wait_avg_us=510 tear_wait_max_us=510 failures=0
[17:39:16] TINYDRAW_LIVE_LEDGER site=minimap_pointer_end renders=0 cold=0 damage=0 evict=0 stale=0 unexplained=0 total_renders=262 unique=51 amplification=5.137
[17:39:16] TINYDRAW_FILL_BASELINE result=complete zoom=100 x=442 y=546 revision=8 steps=1 wall_us=435 compute_total_us=393 compute_max_us=393 present_total_us=0 present_max_us=0 tick_max_us=406 producer_failures=0 presentation_failures=0
[17:39:16] TINYDRAW_LIVE_FILL_DONE zoom=100 x=442 y=546 revision=8
[17:39:16] TINYDRAW_LIVE_REPAIR views=22 steps=22
[17:39:18] TINYDRAW_PAN_BASELINE zoom=100 x=496 y=874 frames=11 reused=10 compose_avg_us=4490 compose_max_us=10101 present_avg_us=16708 present_max_us=21116 tear_wait_avg_us=9911 tear_wait_max_us=13512 failures=0
[17:39:18] TINYDRAW_LIVE_LEDGER site=minimap_pointer_end renders=0 cold=0 damage=0 evict=0 stale=0 unexplained=0 total_renders=262 unique=51 amplification=5.137
[17:39:18] TINYDRAW_FILL_BASELINE result=complete zoom=100 x=496 y=874 revision=8 steps=1 wall_us=413 compute_total_us=371 compute_max_us=371 present_total_us=0 present_max_us=0 tick_max_us=384 producer_failures=0 presentation_failures=0
[17:39:18] TINYDRAW_LIVE_FILL_DONE zoom=100 x=496 y=874 revision=8
[17:39:18] TINYDRAW_LIVE_REPAIR views=22 steps=22
[17:39:19] TINYDRAW_PAN_BASELINE zoom=100 x=240 y=382 frames=2 reused=1 compose_avg_us=8787 compose_max_us=13702 present_avg_us=18454 present_max_us=20742 tear_wait_avg_us=10052 tear_wait_max_us=13309 failures=0
[17:39:19] TINYDRAW_LIVE_LEDGER site=minimap_pointer_end renders=0 cold=0 damage=0 evict=0 stale=0 unexplained=0 total_renders=262 unique=51 amplification=5.137
[17:39:19] TINYDRAW_FILL_BASELINE result=complete zoom=100 x=240 y=382 revision=8 steps=1 wall_us=410 compute_total_us=369 compute_max_us=369 present_total_us=0 present_max_us=0 tick_max_us=381 producer_failures=0 presentation_failures=0
[17:39:19] TINYDRAW_LIVE_FILL_DONE zoom=100 x=240 y=382 revision=8
[17:39:19] TINYDRAW_LIVE_REPAIR views=22 steps=22
[17:39:19] TINYDRAW_LIVE_SETTLE zoom=100 tiles=15 total_us=166071 max_tile_us=24389 failures=0
[17:39:19] TINYDRAW_LIVE_PRESENT kind=power zoom=100 x=240 y=382 compose_us=1481 scroll_us=0 exposed_compose_us=0 chrome_us=539 chrome_prepare_us=16 chrome_stage_us=523 read_submit_us=2194 read_complete_us=3739 transfer_wait_us=1806 tile_pixels=5456 uniform_pixels=0 overview_pixels=0 fallback_pixels=0 resident_tiles=3 fallback_tiles=0 pushes=1 tear_wait_us=0 tear_edge_isr_to_resume_us=0 tear_edge_observed=0 tear_edge_wait_resumed=0 tear_edge_timeout=0 tear_heal_attempted=0 tear_heal_command_sent=0 presentation_experiment=boundary-top-sweep te_edge=rising requested_clock_mhz=50 effective_clock_mhz=40 frame_reused=0 pass=1
[17:39:19] TINYDRAW_PAN_BASELINE zoom=100 x=754 y=1344 frames=1 reused=0 compose_avg_us=10254 compose_max_us=10254 present_avg_us=20655 present_max_us=20655 tear_wait_avg_us=14851 tear_wait_max_us=14851 failures=0
[17:39:19] TINYDRAW_LIVE_LEDGER site=minimap_pointer_end renders=0 cold=0 damage=0 evict=0 stale=0 unexplained=0 total_renders=262 unique=51 amplification=5.137
[17:39:19] TINYDRAW_FILL_BASELINE result=complete zoom=100 x=754 y=1344 revision=8 steps=1 wall_us=380 compute_total_us=340 compute_max_us=340 present_total_us=0 present_max_us=0 tick_max_us=352 producer_failures=0 presentation_failures=0
[17:39:19] TINYDRAW_LIVE_FILL_DONE zoom=100 x=754 y=1344 revision=8
[17:39:19] TINYDRAW_LIVE_REPAIR views=20 steps=20
[17:39:20] TINYDRAW_PAN_BASELINE zoom=100 x=772 y=1204 frames=1 reused=0 compose_avg_us=10093 compose_max_us=10093 present_avg_us=21036 present_max_us=21036 tear_wait_avg_us=14626 tear_wait_max_us=14626 failures=0
[17:39:20] TINYDRAW_LIVE_LEDGER site=minimap_pointer_end renders=0 cold=0 damage=0 evict=0 stale=0 unexplained=0 total_renders=262 unique=51 amplification=5.137
[17:39:20] TINYDRAW_FILL_BASELINE result=complete zoom=100 x=772 y=1204 revision=8 steps=1 wall_us=377 compute_total_us=336 compute_max_us=336 present_total_us=0 present_max_us=0 tick_max_us=348 producer_failures=0 presentation_failures=0
[17:39:20] TINYDRAW_LIVE_FILL_DONE zoom=100 x=772 y=1204 revision=8
[17:39:20] TINYDRAW_LIVE_REPAIR views=22 steps=22
[17:39:21] TINYDRAW_PAN_BASELINE zoom=100 x=516 y=894 frames=1 reused=0 compose_avg_us=12448 compose_max_us=12448 present_avg_us=20584 present_max_us=20584 tear_wait_avg_us=3713 tear_wait_max_us=3713 failures=0
[17:39:21] TINYDRAW_LIVE_LEDGER site=minimap_pointer_end renders=0 cold=0 damage=0 evict=0 stale=0 unexplained=0 total_renders=262 unique=51 amplification=5.137
[17:39:21] TINYDRAW_FILL_BASELINE result=complete zoom=100 x=516 y=894 revision=8 steps=1 wall_us=382 compute_total_us=332 compute_max_us=332 present_total_us=0 present_max_us=0 tick_max_us=344 producer_failures=0 presentation_failures=0
[17:39:21] TINYDRAW_LIVE_FILL_DONE zoom=100 x=516 y=894 revision=8
[17:39:21] TINYDRAW_LIVE_REPAIR views=22 steps=22
[17:39:22] TINYDRAW_PAN_BASELINE zoom=100 x=516 y=910 frames=1 reused=1 compose_avg_us=1114 compose_max_us=1114 present_avg_us=16498 present_max_us=16498 tear_wait_avg_us=3212 tear_wait_max_us=3212 failures=0
[17:39:22] TINYDRAW_LIVE_LEDGER site=minimap_pointer_end renders=0 cold=0 damage=0 evict=0 stale=0 unexplained=0 total_renders=262 unique=51 amplification=5.137
[17:39:22] TINYDRAW_FILL_BASELINE result=complete zoom=100 x=516 y=910 revision=8 steps=1 wall_us=396 compute_total_us=356 compute_max_us=356 present_total_us=0 present_max_us=0 tick_max_us=369 producer_failures=0 presentation_failures=0
[17:39:22] TINYDRAW_LIVE_FILL_DONE zoom=100 x=516 y=910 revision=8
[17:39:22] TINYDRAW_LIVE_REPAIR views=22 steps=22
[17:39:22] TINYDRAW_PAN_BASELINE zoom=100 x=442 y=856 frames=1 reused=1 compose_avg_us=9687 compose_max_us=9687 present_avg_us=16635 present_max_us=16635 tear_wait_avg_us=494 tear_wait_max_us=494 failures=0
[17:39:22] TINYDRAW_LIVE_LEDGER site=minimap_pointer_end renders=0 cold=0 damage=0 evict=0 stale=0 unexplained=0 total_renders=262 unique=51 amplification=5.137
[17:39:22] TINYDRAW_FILL_BASELINE result=complete zoom=100 x=442 y=856 revision=8 steps=1 wall_us=512 compute_total_us=455 compute_max_us=455 present_total_us=0 present_max_us=0 tick_max_us=477 producer_failures=0 presentation_failures=0
[17:39:22] TINYDRAW_LIVE_FILL_DONE zoom=100 x=442 y=856 revision=8
[17:39:22] TINYDRAW_LIVE_REPAIR views=22 steps=22
[17:39:23] TINYDRAW_PAN_BASELINE zoom=100 x=442 y=492 frames=1 reused=0 compose_avg_us=14742 compose_max_us=14742 present_avg_us=20276 present_max_us=20276 tear_wait_avg_us=6731 tear_wait_max_us=6731 failures=0
[17:39:23] TINYDRAW_LIVE_LEDGER site=minimap_pointer_end renders=0 cold=0 damage=0 evict=0 stale=0 unexplained=0 total_renders=262 unique=51 amplification=5.137
[17:39:23] TINYDRAW_FILL_BASELINE result=complete zoom=100 x=442 y=492 revision=8 steps=1 wall_us=413 compute_total_us=365 compute_max_us=365 present_total_us=0 present_max_us=0 tick_max_us=378 producer_failures=0 presentation_failures=0
[17:39:23] TINYDRAW_LIVE_FILL_DONE zoom=100 x=442 y=492 revision=8
[17:39:23] TINYDRAW_LIVE_REPAIR views=22 steps=22
[17:39:30] TINYDRAW_PAN_BASELINE zoom=100 x=386 y=984 frames=195 reused=183 compose_avg_us=2390 compose_max_us=12098 present_avg_us=8472 present_max_us=21213 tear_wait_avg_us=4765 tear_wait_max_us=16477 failures=0
[17:39:30] TINYDRAW_LIVE_LEDGER site=minimap_pointer_end renders=0 cold=0 damage=0 evict=0 stale=0 unexplained=0 total_renders=262 unique=51 amplification=5.137
[17:39:30] TINYDRAW_FILL_BASELINE result=complete zoom=100 x=386 y=984 revision=8 steps=1 wall_us=375 compute_total_us=334 compute_max_us=334 present_total_us=0 present_max_us=0 tick_max_us=347 producer_failures=0 presentation_failures=0
[17:39:30] TINYDRAW_LIVE_FILL_DONE zoom=100 x=386 y=984 revision=8
[17:39:30] TINYDRAW_LIVE_REPAIR views=22 steps=22
[17:39:31] TINYDRAW_PAN_BASELINE zoom=100 x=662 y=1276 frames=1 reused=0 compose_avg_us=10141 compose_max_us=10141 present_avg_us=20449 present_max_us=20449 tear_wait_avg_us=8161 tear_wait_max_us=8161 failures=0
[17:39:31] TINYDRAW_LIVE_LEDGER site=minimap_pointer_end renders=0 cold=0 damage=0 evict=0 stale=0 unexplained=0 total_renders=262 unique=51 amplification=5.137
[17:39:31] TINYDRAW_FILL_BASELINE result=complete zoom=100 x=662 y=1276 revision=8 steps=1 wall_us=425 compute_total_us=385 compute_max_us=385 present_total_us=0 present_max_us=0 tick_max_us=398 producer_failures=0 presentation_failures=0
[17:39:31] TINYDRAW_LIVE_FILL_DONE zoom=100 x=662 y=1276 revision=8
[17:39:31] TINYDRAW_LIVE_REPAIR views=22 steps=22
[17:39:32] TINYDRAW_PAN_BASELINE zoom=100 x=498 y=748 frames=1 reused=0 compose_avg_us=14183 compose_max_us=14183 present_avg_us=20312 present_max_us=20312 tear_wait_avg_us=8260 tear_wait_max_us=8260 failures=0
[17:39:32] TINYDRAW_LIVE_LEDGER site=minimap_pointer_end renders=0 cold=0 damage=0 evict=0 stale=0 unexplained=0 total_renders=262 unique=51 amplification=5.137
[17:39:32] TINYDRAW_FILL_BASELINE result=complete zoom=100 x=498 y=748 revision=8 steps=1 wall_us=410 compute_total_us=366 compute_max_us=366 present_total_us=0 present_max_us=0 tick_max_us=378 producer_failures=0 presentation_failures=0
[17:39:32] TINYDRAW_LIVE_FILL_DONE zoom=100 x=498 y=748 revision=8
[17:39:32] TINYDRAW_LIVE_REPAIR views=22 steps=22
[17:39:33] TINYDRAW_PAN_BASELINE zoom=100 x=350 y=418 frames=2 reused=1 compose_avg_us=10596 compose_max_us=14539 present_avg_us=18198 present_max_us=20691 tear_wait_avg_us=16520 tear_wait_max_us=16524 failures=0
[17:39:33] TINYDRAW_LIVE_LEDGER site=minimap_pointer_end renders=0 cold=0 damage=0 evict=0 stale=0 unexplained=0 total_renders=262 unique=51 amplification=5.137
[17:39:33] TINYDRAW_FILL_BASELINE result=complete zoom=100 x=350 y=418 revision=8 steps=1 wall_us=402 compute_total_us=362 compute_max_us=362 present_total_us=0 present_max_us=0 tick_max_us=375 producer_failures=0 presentation_failures=0
[17:39:33] TINYDRAW_LIVE_FILL_DONE zoom=100 x=350 y=418 revision=8
[17:39:33] TINYDRAW_LIVE_REPAIR views=22 steps=22
[17:39:36] TINYDRAW_PAN_BASELINE zoom=100 x=552 y=1294 frames=50 reused=46 compose_avg_us=4435 compose_max_us=13295 present_avg_us=15049 present_max_us=21149 tear_wait_avg_us=8924 tear_wait_max_us=15735 failures=0
[17:39:36] TINYDRAW_LIVE_LEDGER site=minimap_pointer_end renders=0 cold=0 damage=0 evict=0 stale=0 unexplained=0 total_renders=262 unique=51 amplification=5.137
[17:39:36] TINYDRAW_FILL_BASELINE result=complete zoom=100 x=552 y=1294 revision=8 steps=1 wall_us=441 compute_total_us=377 compute_max_us=377 present_total_us=0 present_max_us=0 tick_max_us=399 producer_failures=0 presentation_failures=0
[17:39:36] TINYDRAW_LIVE_FILL_DONE zoom=100 x=552 y=1294 revision=8
[17:39:36] TINYDRAW_LIVE_REPAIR views=22 steps=22
[17:39:38] TINYDRAW_LIVE_PRESENT kind=zoom zoom=200 x=1288 y=2774 compose_us=12867 scroll_us=0 exposed_compose_us=0 chrome_us=5493 chrome_prepare_us=1152 chrome_stage_us=4341 read_submit_us=28162 read_complete_us=31854 transfer_wait_us=20838 tile_pixels=0 uniform_pixels=0 overview_pixels=0 fallback_pixels=164864 resident_tiles=0 fallback_tiles=48 pushes=11 tear_wait_us=13997 tear_edge_isr_to_resume_us=13 tear_edge_observed=1 tear_edge_wait_resumed=1 tear_edge_timeout=0 tear_heal_attempted=0 tear_heal_command_sent=0 presentation_experiment=boundary-top-sweep te_edge=rising requested_clock_mhz=50 effective_clock_mhz=40 frame_reused=0 pass=1
[17:39:38] TINYDRAW_LIVE_LEDGER site=zoom renders=0 cold=0 damage=0 evict=0 stale=0 unexplained=0 total_renders=262 unique=51 amplification=5.137
[17:39:38] TINYDRAW_LIVE_PRESENT kind=zoom zoom=400 x=2760 y=5734 compose_us=12820 scroll_us=0 exposed_compose_us=0 chrome_us=5410 chrome_prepare_us=1148 chrome_stage_us=4262 read_submit_us=26791 read_complete_us=30429 transfer_wait_us=21176 tile_pixels=0 uniform_pixels=0 overview_pixels=0 fallback_pixels=164864 resident_tiles=0 fallback_tiles=48 pushes=11 tear_wait_us=12640 tear_edge_isr_to_resume_us=14 tear_edge_observed=1 tear_edge_wait_resumed=1 tear_edge_timeout=0 tear_heal_attempted=0 tear_heal_command_sent=0 presentation_experiment=boundary-top-sweep te_edge=rising requested_clock_mhz=50 effective_clock_mhz=40 frame_reused=0 pass=1
[17:39:38] TINYDRAW_LIVE_LEDGER site=zoom renders=13 cold=13 damage=0 evict=0 stale=0 unexplained=0 total_renders=275 unique=64 amplification=4.297
[17:39:38] TINYDRAW_FILL_BASELINE result=superseded zoom=200 x=1288 y=2774 revision=8 steps=13 wall_us=202208 compute_total_us=28628 compute_max_us=2490 present_total_us=63412 present_max_us=7426 tick_max_us=2505 producer_failures=0 presentation_failures=0
[17:39:38] TINYDRAW_FILL_BASELINE result=complete zoom=400 x=2760 y=5734 revision=8 steps=20 wall_us=117042 compute_total_us=38458 compute_max_us=2475 present_total_us=67738 present_max_us=7445 tick_max_us=2493 producer_failures=0 presentation_failures=0
[17:39:38] TINYDRAW_LIVE_FILL_DONE zoom=400 x=2760 y=5734 revision=8
[17:39:38] TINYDRAW_LIVE_REPAIR views=8 steps=77
[17:39:42] TINYDRAW_PAN_BASELINE zoom=400 x=2980 y=5592 frames=129 reused=94 compose_avg_us=3243 compose_max_us=13065 present_avg_us=6002 present_max_us=21223 tear_wait_avg_us=3673 tear_wait_max_us=16781 failures=0
[17:39:42] TINYDRAW_LIVE_LEDGER site=minimap_pointer_end renders=94 cold=30 damage=13 evict=2 stale=31 unexplained=18 total_renders=369 unique=94 amplification=3.926
[17:39:43] TINYDRAW_FILL_BASELINE result=complete zoom=400 x=2980 y=5592 revision=8 steps=6 wall_us=70503 compute_total_us=10914 compute_max_us=1958 present_total_us=55334 present_max_us=44505 tick_max_us=1973 producer_failures=0 presentation_failures=0
[17:39:43] TINYDRAW_LIVE_FILL_DONE zoom=400 x=2980 y=5592 revision=8
[17:39:43] TINYDRAW_LIVE_REPAIR views=8 steps=47
[17:39:43] TINYDRAW_PAN_BASELINE zoom=400 x=3570 y=4716 frames=2 reused=0 compose_avg_us=12992 compose_max_us=13045 present_avg_us=21172 present_max_us=21179 tear_wait_avg_us=5625 tear_wait_max_us=9543 failures=0
[17:39:43] TINYDRAW_LIVE_LEDGER site=minimap_pointer_end renders=49 cold=17 damage=4 evict=0 stale=5 unexplained=23 total_renders=418 unique=111 amplification=3.766
[17:39:43] TINYDRAW_FILL_BASELINE result=complete zoom=400 x=3570 y=4716 revision=8 steps=20 wall_us=118811 compute_total_us=41574 compute_max_us=2588 present_total_us=67440 present_max_us=7282 tick_max_us=2603 producer_failures=0 presentation_failures=0
[17:39:43] TINYDRAW_LIVE_FILL_DONE zoom=400 x=3570 y=4716 revision=8
[17:39:44] TINYDRAW_LIVE_REPAIR views=8 steps=65
[17:39:44] TINYDRAW_PAN_BASELINE zoom=400 x=2392 y=4860 frames=1 reused=0 compose_avg_us=12912 compose_max_us=12912 present_avg_us=20921 present_max_us=20921 tear_wait_avg_us=1922 tear_wait_max_us=1922 failures=0
[17:39:44] TINYDRAW_LIVE_LEDGER site=minimap_pointer_end renders=81 cold=25 damage=5 evict=0 stale=21 unexplained=30 total_renders=499 unique=136 amplification=3.669
[17:39:44] TINYDRAW_FILL_BASELINE result=complete zoom=400 x=2392 y=4860 revision=8 steps=20 wall_us=118725 compute_total_us=41685 compute_max_us=2609 present_total_us=68118 present_max_us=7967 tick_max_us=2623 producer_failures=0 presentation_failures=0
[17:39:44] TINYDRAW_LIVE_FILL_DONE zoom=400 x=2392 y=4860 revision=8
[17:39:44] TINYDRAW_LIVE_REPAIR views=8 steps=64
[17:39:44] TINYDRAW_PAN_BASELINE zoom=400 x=2098 y=4276 frames=1 reused=0 compose_avg_us=12342 compose_max_us=12342 present_avg_us=21188 present_max_us=21188 tear_wait_avg_us=187 tear_wait_max_us=187 failures=0
[17:39:44] TINYDRAW_LIVE_LEDGER site=minimap_pointer_end renders=80 cold=15 damage=0 evict=0 stale=46 unexplained=19 total_renders=579 unique=151 amplification=3.834
[17:39:44] TINYDRAW_FILL_BASELINE result=complete zoom=400 x=2098 y=4276 revision=8 steps=13 wall_us=89900 compute_total_us=30599 compute_max_us=2625 present_total_us=51546 present_max_us=7290 tick_max_us=2638 producer_failures=0 presentation_failures=0
[17:39:44] TINYDRAW_LIVE_FILL_DONE zoom=400 x=2098 y=4276 revision=8
[17:39:44] TINYDRAW_LIVE_REPAIR views=8 steps=42
[17:39:45] TINYDRAW_PAN_BASELINE zoom=400 x=2686 y=3472 frames=1 reused=0 compose_avg_us=13171 compose_max_us=13171 present_avg_us=20451 present_max_us=20451 tear_wait_avg_us=1126 tear_wait_max_us=1126 failures=0
[17:39:45] TINYDRAW_LIVE_LEDGER site=minimap_pointer_end renders=51 cold=19 damage=6 evict=0 stale=19 unexplained=7 total_renders=630 unique=170 amplification=3.706
[17:39:45] TINYDRAW_FILL_BASELINE result=complete zoom=400 x=2686 y=3472 revision=8 steps=24 wall_us=187807 compute_total_us=104868 compute_max_us=8240 present_total_us=74346 present_max_us=8539 tick_max_us=8259 producer_failures=0 presentation_failures=0
[17:39:45] TINYDRAW_LIVE_FILL_DONE zoom=400 x=2686 y=3472 revision=8
[17:39:45] TINYDRAW_LIVE_REPAIR views=8 steps=70
[17:39:46] TINYDRAW_LIVE_SETTLE zoom=400 tiles=34 total_us=202593 max_tile_us=12952 failures=0
[17:39:46] TINYDRAW_PAN_BASELINE zoom=400 x=1804 y=2448 frames=1 reused=0 compose_avg_us=13023 compose_max_us=13023 present_avg_us=21123 present_max_us=21123 tear_wait_avg_us=609 tear_wait_max_us=609 failures=0
[17:39:46] TINYDRAW_LIVE_LEDGER site=minimap_pointer_end renders=67 cold=17 damage=35 evict=0 stale=6 unexplained=9 total_renders=697 unique=187 amplification=3.727
[17:39:46] TINYDRAW_FILL_BASELINE result=complete zoom=400 x=1804 y=2448 revision=8 steps=12 wall_us=99971 compute_total_us=28226 compute_max_us=2674 present_total_us=64882 present_max_us=7438 tick_max_us=2689 producer_failures=0 presentation_failures=0
[17:39:46] TINYDRAW_LIVE_FILL_DONE zoom=400 x=1804 y=2448 revision=8
[17:39:46] TINYDRAW_LIVE_REPAIR views=8 steps=118
[17:39:47] TINYDRAW_PAN_BASELINE zoom=400 x=478 y=1278 frames=1 reused=0 compose_avg_us=11348 compose_max_us=11348 present_avg_us=20831 present_max_us=20831 tear_wait_avg_us=14548 tear_wait_max_us=14548 failures=0
[17:39:47] TINYDRAW_LIVE_LEDGER site=minimap_pointer_end renders=60 cold=55 damage=4 evict=0 stale=1 unexplained=0 total_renders=757 unique=242 amplification=3.128
[17:39:47] TINYDRAW_FILL_BASELINE result=complete zoom=400 x=478 y=1278 revision=8 steps=26 wall_us=142802 compute_total_us=65760 compute_max_us=5170 present_total_us=68253 present_max_us=8006 tick_max_us=7049 producer_failures=0 presentation_failures=0
[17:39:47] TINYDRAW_LIVE_FILL_DONE zoom=400 x=478 y=1278 revision=8
[17:39:47] TINYDRAW_LIVE_REPAIR views=8 steps=154
[17:39:47] TINYDRAW_LIVE_SETTLE zoom=400 tiles=5 total_us=40804 max_tile_us=13776 failures=0
[17:39:48] TINYDRAW_PAN_BASELINE zoom=400 x=2170 y=3544 frames=8 reused=3 compose_avg_us=9891 compose_max_us=12640 present_avg_us=19228 present_max_us=21185 tear_wait_avg_us=9669 tear_wait_max_us=16126 failures=0
[17:39:48] TINYDRAW_LIVE_LEDGER site=minimap_pointer_end renders=87 cold=47 damage=24 evict=0 stale=3 unexplained=13 total_renders=844 unique=289 amplification=2.920
[17:39:48] TINYDRAW_FILL_BASELINE result=complete zoom=400 x=2170 y=3544 revision=8 steps=7 wall_us=76722 compute_total_us=15242 compute_max_us=4512 present_total_us=56991 present_max_us=44455 tick_max_us=4531 producer_failures=0 presentation_failures=0
[17:39:48] TINYDRAW_LIVE_FILL_DONE zoom=400 x=2170 y=3544 revision=8
[17:39:48] TINYDRAW_LIVE_REPAIR views=8 steps=32
[17:39:48] TINYDRAW_LIVE_SETTLE zoom=400 tiles=17 total_us=94926 max_tile_us=8505 failures=0
[17:39:49] TINYDRAW_PAN_BASELINE zoom=400 x=406 y=5226 frames=1 reused=0 compose_avg_us=11192 compose_max_us=11192 present_avg_us=20816 present_max_us=20816 tear_wait_avg_us=1747 tear_wait_max_us=1747 failures=0
[17:39:49] TINYDRAW_LIVE_LEDGER site=minimap_pointer_end renders=35 cold=6 damage=5 evict=0 stale=12 unexplained=12 total_renders=879 unique=295 amplification=2.980
[17:39:49] TINYDRAW_PAN_BASELINE zoom=400 x=2170 y=5518 frames=4 reused=1 compose_avg_us=11033 compose_max_us=13114 present_avg_us=19456 present_max_us=21038 tear_wait_avg_us=9528 tear_wait_max_us=16127 failures=0
[17:39:49] TINYDRAW_LIVE_LEDGER site=minimap_pointer_end renders=5 cold=4 damage=1 evict=0 stale=0 unexplained=0 total_renders=884 unique=299 amplification=2.957
[17:39:49] TINYDRAW_FILL_BASELINE result=superseded zoom=400 x=406 y=5226 revision=8 steps=5 wall_us=268922 compute_total_us=12601 compute_max_us=2588 present_total_us=33174 present_max_us=8270 tick_max_us=2604 producer_failures=0 presentation_failures=0
[17:39:49] TINYDRAW_FILL_BASELINE result=complete zoom=400 x=2170 y=5518 revision=8 steps=12 wall_us=68665 compute_total_us=24763 compute_max_us=2601 present_total_us=37695 present_max_us=7327 tick_max_us=2617 producer_failures=0 presentation_failures=0
[17:39:49] TINYDRAW_LIVE_FILL_DONE zoom=400 x=2170 y=5518 revision=8
[17:39:49] TINYDRAW_LIVE_PRESENT kind=power zoom=400 x=2170 y=5518 compose_us=1056 scroll_us=0 exposed_compose_us=0 chrome_us=436 chrome_prepare_us=16 chrome_stage_us=420 read_submit_us=1789 read_complete_us=3269 transfer_wait_us=2210 tile_pixels=0 uniform_pixels=5456 overview_pixels=0 fallback_pixels=0 resident_tiles=6 fallback_tiles=0 pushes=1 tear_wait_us=0 tear_edge_isr_to_resume_us=0 tear_edge_observed=0 tear_edge_wait_resumed=0 tear_edge_timeout=0 tear_heal_attempted=0 tear_heal_command_sent=0 presentation_experiment=boundary-top-sweep te_edge=rising requested_clock_mhz=50 effective_clock_mhz=40 frame_reused=0 pass=1
[17:39:49] TINYDRAW_LIVE_REPAIR views=8 steps=38
[17:39:49] TINYDRAW_PAN_BASELINE zoom=400 x=5520 y=6720 frames=1 reused=0 compose_avg_us=12824 compose_max_us=12824 present_avg_us=20639 present_max_us=20639 tear_wait_avg_us=4283 tear_wait_max_us=4283 failures=0
[17:39:49] TINYDRAW_LIVE_LEDGER site=minimap_pointer_end renders=45 cold=20 damage=1 evict=1 stale=8 unexplained=15 total_renders=929 unique=319 amplification=2.912
[17:39:49] TINYDRAW_FILL_BASELINE result=complete zoom=400 x=5520 y=6720 revision=8 steps=12 wall_us=94815 compute_total_us=26148 compute_max_us=2370 present_total_us=62162 present_max_us=7529 tick_max_us=2384 producer_failures=0 presentation_failures=0
[17:39:49] TINYDRAW_LIVE_FILL_DONE zoom=400 x=5520 y=6720 revision=8
[17:39:49] TINYDRAW_LIVE_REPAIR views=6 steps=28
[17:39:50] TINYDRAW_LIVE_PRESENT kind=chrome zoom=400 x=5520 y=6720 compose_us=10019 scroll_us=0 exposed_compose_us=0 chrome_us=2832 chrome_prepare_us=7 chrome_stage_us=2825 read_submit_us=19533 read_complete_us=22922 transfer_wait_us=20397 tile_pixels=0 uniform_pixels=164864 overview_pixels=0 fallback_pixels=0 resident_tiles=42 fallback_tiles=0 pushes=11 tear_wait_us=9417 tear_edge_isr_to_resume_us=12 tear_edge_observed=1 tear_edge_wait_resumed=1 tear_edge_timeout=0 tear_heal_attempted=0 tear_heal_command_sent=0 presentation_experiment=boundary-top-sweep te_edge=rising requested_clock_mhz=50 effective_clock_mhz=40 frame_reused=0 pass=1
[17:39:51] TINYDRAW_LIVE_PRESENT kind=chrome zoom=400 x=5520 y=6720 compose_us=10030 scroll_us=0 exposed_compose_us=0 chrome_us=4307 chrome_prepare_us=24 chrome_stage_us=4283 read_submit_us=21733 read_complete_us=25401 transfer_wait_us=21204 tile_pixels=0 uniform_pixels=164864 overview_pixels=0 fallback_pixels=0 resident_tiles=42 fallback_tiles=0 pushes=11 tear_wait_us=11571 tear_edge_isr_to_resume_us=10 tear_edge_observed=1 tear_edge_wait_resumed=1 tear_edge_timeout=0 tear_heal_attempted=0 tear_heal_command_sent=0 presentation_experiment=boundary-top-sweep te_edge=rising requested_clock_mhz=50 effective_clock_mhz=40 frame_reused=0 pass=1
[17:39:52] TINYDRAW_LIVE_PRESENT kind=chrome zoom=400 x=5520 y=6720 compose_us=10045 scroll_us=0 exposed_compose_us=0 chrome_us=2745 chrome_prepare_us=7 chrome_stage_us=2738 read_submit_us=14049 read_complete_us=17430 transfer_wait_us=19879 tile_pixels=0 uniform_pixels=164864 overview_pixels=0 fallback_pixels=0 resident_tiles=42 fallback_tiles=0 pushes=11 tear_wait_us=3912 tear_edge_isr_to_resume_us=15 tear_edge_observed=1 tear_edge_wait_resumed=1 tear_edge_timeout=0 tear_heal_attempted=0 tear_heal_command_sent=0 presentation_experiment=boundary-top-sweep te_edge=rising requested_clock_mhz=50 effective_clock_mhz=40 frame_reused=0 pass=1
[17:39:52] TINYDRAW_LIVE_PRESENT kind=chrome zoom=400 x=5520 y=6720 compose_us=10048 scroll_us=0 exposed_compose_us=0 chrome_us=4352 chrome_prepare_us=24 chrome_stage_us=4328 read_submit_us=18547 read_complete_us=22216 transfer_wait_us=20391 tile_pixels=0 uniform_pixels=164864 overview_pixels=0 fallback_pixels=0 resident_tiles=42 fallback_tiles=0 pushes=11 tear_wait_us=8387 tear_edge_isr_to_resume_us=12 tear_edge_observed=1 tear_edge_wait_resumed=1 tear_edge_timeout=0 tear_heal_attempted=0 tear_heal_command_sent=0 presentation_experiment=boundary-top-sweep te_edge=rising requested_clock_mhz=50 effective_clock_mhz=40 frame_reused=0 pass=1
[17:40:00] TINYDRAW_MINIMAP_CAPTURE_BEGIN events=726 offers=5352 duplicate_moves=4626 overflow=0 append_total_us=71852 append_max_us=90
[17:40:00] t_us,sequence,kind,x,y,zoom,before_x,before_y,after_x,after_y,before_flags,after_flags
[17:40:00] 0,36346,Down,172,447,25,0,0,0,0,0x00,0x09
[17:40:00] 38001,36384,Up,172,447,25,0,0,0,0,0x09,0x00
[17:40:00] 744987,37091,Down,168,447,25,0,0,0,0,0x00,0x09
[17:40:00] 758987,37105,Move,167,447,25,0,0,0,0,0x09,0x09
[17:40:00] 770987,37117,Move,166,447,25,0,0,0,0,0x09,0x09
[17:40:00] 784987,37131,Move,165,447,25,0,0,0,0,0x09,0x09
[17:40:00] 796011,37142,Up,165,447,25,0,0,0,0,0x09,0x00
[17:40:00] 1895987,38242,Down,52,125,25,0,0,0,0,0x00,0x11
[17:40:00] 1948986,38294,Move,53,124,25,0,0,0,0,0x11,0x11
[17:40:00] 1962987,38307,Move,54,122,25,0,0,0,0,0x11,0x11
[17:40:00] 1975986,38319,Move,56,118,25,0,0,0,0,0x11,0x11
[17:40:00] 1987986,38330,Move,58,110,25,0,0,0,0,0x11,0x11
[17:40:00] 2000989,38343,Move,60,102,25,0,0,0,0,0x11,0x11
[17:40:00] 2013989,38356,Move,64,94,25,0,0,0,0,0x11,0x11
[17:40:00] 2026989,38369,Move,69,85,25,0,0,0,0,0x11,0x11
[17:40:00] 2039986,38382,Move,74,76,25,0,0,0,0,0x11,0x11
[17:40:00] 2054986,38397,Move,79,67,25,0,0,0,0,0x11,0x11
[17:40:00] 2067986,38409,Move,82,58,25,0,0,0,0,0x11,0x11
[17:40:00] 2080986,38421,Move,84,50,25,0,0,0,0,0x11,0x11
[17:40:00] 2091986,38431,Move,84,43,25,0,0,0,0,0x11,0x11
[17:40:00] 2105986,38444,Move,83,36,25,0,0,0,0,0x11,0x11
[17:40:01] 2119986,38457,Move,82,31,25,0,0,0,0,0x11,0x11
[17:40:01] 2131986,38468,Move,81,27,25,0,0,0,0,0x11,0x11
[17:40:01] 2145986,38481,Move,80,24,25,0,0,0,0,0x11,0x11
[17:40:01] 2157986,38492,Move,80,23,25,0,0,0,0,0x11,0x11
[17:40:01] 2209987,38543,Move,79,24,25,0,0,0,0,0x11,0x11
[17:40:01] 2224986,38558,Move,78,27,25,0,0,0,0,0x11,0x11
[17:40:01] 2236987,38570,Move,76,33,25,0,0,0,0,0x11,0x11
[17:40:01] 2250986,38583,Move,74,44,25,0,0,0,0,0x11,0x11
[17:40:01] 2263989,38596,Move,71,60,25,0,0,0,0,0x11,0x11
[17:40:01] 2276986,38609,Move,67,79,25,0,0,0,0,0x11,0x11
[17:40:01] 2288987,38620,Move,63,100,25,0,0,0,0,0x11,0x11
[17:40:01] 2301988,38632,Move,58,122,25,0,0,0,0,0x11,0x11
[17:40:01] 2314986,38645,Move,54,140,25,0,0,0,0,0x11,0x11
[17:40:01] 2327986,38658,Move,50,153,25,0,0,0,0,0x11,0x11
[17:40:01] 2340986,38670,Move,47,162,25,0,0,0,0,0x11,0x11
[17:40:01] 2354986,38683,Move,45,168,25,0,0,0,0,0x11,0x11
[17:40:01] 2366986,38694,Move,43,172,25,0,0,0,0,0x11,0x11
[17:40:01] 2380986,38707,Move,42,174,25,0,0,0,0,0x11,0x11
[17:40:01] 2392987,38718,Move,41,175,25,0,0,0,0,0x11,0x11
[17:40:01] 2406986,38731,Move,40,176,25,0,0,0,0,0x11,0x11
[17:40:01] 2446986,38770,Move,40,174,25,0,0,0,0,0x11,0x11
[17:40:01] 2459986,38783,Move,40,170,25,0,0,0,0,0x11,0x11
[17:40:01] 2471986,38794,Move,41,162,25,0,0,0,0,0x11,0x11
[17:40:01] 2485986,38807,Move,43,151,25,0,0,0,0,0x11,0x11
[17:40:01] 2497986,38818,Move,46,139,25,0,0,0,0,0x11,0x11
[17:40:01] 2510989,38831,Move,49,127,25,0,0,0,0,0x11,0x11
[17:40:01] 2523989,38844,Move,52,117,25,0,0,0,0,0x11,0x11
[17:40:01] 2536987,38857,Move,55,110,25,0,0,0,0,0x11,0x11
[17:40:01] 2549986,38870,Move,58,105,25,0,0,0,0,0x11,0x11
[17:40:01] 2563986,38883,Move,60,101,25,0,0,0,0,0x11,0x11
[17:40:01] 2576991,38896,Move,62,100,25,0,0,0,0,0x11,0x11
[17:40:01] 2589986,38909,Move,63,100,25,0,0,0,0,0x11,0x11
[17:40:01] 2602986,38922,Move,64,101,25,0,0,0,0,0x11,0x11
[17:40:01] 2615986,38935,Move,66,105,25,0,0,0,0,0x11,0x11
[17:40:01] 2628986,38948,Move,67,112,25,0,0,0,0,0x11,0x11
[17:40:01] 2641986,38960,Move,69,120,25,0,0,0,0,0x11,0x11
[17:40:01] 2654986,38972,Move,71,127,25,0,0,0,0,0x11,0x11
[17:40:01] 2667986,38985,Move,71,129,25,0,0,0,0,0x11,0x11
[17:40:01] 2680986,38997,Move,74,132,25,0,0,0,0,0x11,0x11
[17:40:01] 2693986,39009,Move,77,133,25,0,0,0,0,0x11,0x11
[17:40:01] 2706986,39021,Move,81,133,25,0,0,0,0,0x11,0x11
[17:40:01] 2719986,39033,Move,85,133,25,0,0,0,0,0x11,0x11
[17:40:01] 2734986,39047,Move,90,131,25,0,0,0,0,0x11,0x11
[17:40:01] 2747986,39059,Move,94,128,25,0,0,0,0,0x11,0x11
[17:40:01] 2760986,39071,Move,97,124,25,0,0,0,0,0x11,0x11
[17:40:01] 2773986,39084,Move,99,120,25,0,0,0,0,0x11,0x11
[17:40:01] 2786988,39097,Move,100,117,25,0,0,0,0,0x11,0x11
[17:40:01] 2799986,39110,Move,101,116,25,0,0,0,0,0x11,0x11
[17:40:01] 2825990,39135,Move,101,117,25,0,0,0,0,0x11,0x11
[17:40:01] 2838986,39148,Move,102,119,25,0,0,0,0,0x11,0x11
[17:40:01] 2850986,39159,Move,103,122,25,0,0,0,0,0x11,0x11
[17:40:01] 2864986,39172,Move,104,125,25,0,0,0,0,0x11,0x11
[17:40:01] 2877989,39185,Move,106,127,25,0,0,0,0,0x11,0x11
[17:40:01] 2890986,39198,Move,108,128,25,0,0,0,0,0x11,0x11
[17:40:01] 2903989,39211,Move,111,128,25,0,0,0,0,0x11,0x11
[17:40:01] 2916986,39224,Move,115,127,25,0,0,0,0,0x11,0x11
[17:40:01] 2929989,39237,Move,119,125,25,0,0,0,0,0x11,0x11
[17:40:01] 2942986,39250,Move,122,123,25,0,0,0,0,0x11,0x11
[17:40:01] 2955986,39263,Move,124,121,25,0,0,0,0,0x11,0x11
[17:40:01] 2969989,39277,Move,125,120,25,0,0,0,0,0x11,0x11
[17:40:01] 2982988,39289,Move,126,120,25,0,0,0,0,0x11,0x11
[17:40:01] 2994986,39301,Move,127,120,25,0,0,0,0,0x11,0x11
[17:40:01] 3033986,39340,Move,128,121,25,0,0,0,0,0x11,0x11
[17:40:01] 3047986,39353,Move,129,121,25,0,0,0,0,0x11,0x11
[17:40:01] 3061986,39366,Move,131,121,25,0,0,0,0,0x11,0x11
[17:40:01] 3074986,39378,Move,135,121,25,0,0,0,0,0x11,0x11
[17:40:01] 3087989,39391,Move,141,120,25,0,0,0,0,0x11,0x11
[17:40:01] 3100986,39403,Move,148,119,25,0,0,0,0,0x11,0x11
[17:40:01] 3113986,39416,Move,155,117,25,0,0,0,0,0x11,0x11
[17:40:01] 3126986,39429,Move,162,114,25,0,0,0,0,0x11,0x11
[17:40:01] 3139986,39442,Move,168,111,25,0,0,0,0,0x11,0x11
[17:40:01] 3152986,39455,Move,172,109,25,0,0,0,0,0x11,0x11
[17:40:01] 3165987,39468,Move,175,108,25,0,0,0,0,0x11,0x11
[17:40:01] 3178986,39480,Move,177,108,25,0,0,0,0,0x11,0x11
[17:40:01] 3191990,39493,Move,178,109,25,0,0,0,0,0x11,0x11
[17:40:01] 3204986,39506,Move,179,112,25,0,0,0,0,0x11,0x11
[17:40:01] 3217986,39519,Move,179,118,25,0,0,0,0,0x11,0x11
[17:40:01] 3231986,39532,Move,179,128,25,0,0,0,0,0x11,0x11
[17:40:01] 3243986,39543,Move,178,138,25,0,0,0,0,0x11,0x11
[17:40:01] 3256987,39556,Move,175,147,25,0,0,0,0,0x11,0x11
[17:40:01] 3269989,39569,Move,173,153,25,0,0,0,0,0x11,0x11
[17:40:01] 3282986,39582,Move,171,156,25,0,0,0,0,0x11,0x11
[17:40:01] 3296986,39596,Move,169,156,25,0,0,0,0,0x11,0x11
[17:40:01] 3309987,39609,Move,169,155,25,0,0,0,0,0x11,0x11
[17:40:01] 3322986,39622,Move,170,151,25,0,0,0,0,0x11,0x11
[17:40:01] 3334986,39633,Move,175,138,25,0,0,0,0,0x11,0x11
[17:40:01] 3347989,39646,Move,190,117,25,0,0,0,0,0x11,0x11
[17:40:01] 3360987,39658,Move,212,91,25,0,0,0,0,0x11,0x11
[17:40:01] 3374986,39672,Move,232,60,25,0,0,0,0,0x11,0x11
[17:40:01] 3386015,39683,Up,232,60,25,0,0,0,0,0x11,0x00
[17:40:01] 6055987,42347,Down,69,211,100,552,710,552,710,0x00,0x11
[17:40:01] 6068984,42359,Move,71,209,100,552,710,552,710,0x11,0x11
[17:40:01] 6082987,42372,Move,76,201,100,552,710,552,710,0x11,0x11
[17:40:01] 6095986,42384,Move,86,184,100,552,710,552,710,0x11,0x11
[17:40:01] 6108986,42396,Move,97,162,100,552,710,552,710,0x11,0x11
[17:40:01] 6121986,42409,Move,108,136,100,552,710,552,710,0x11,0x11
[17:40:01] 6134988,42422,Move,117,115,100,552,710,552,710,0x11,0x11
[17:40:01] 6147988,42434,Move,123,97,100,552,710,552,710,0x11,0x11
[17:40:01] 6160986,42447,Move,127,82,100,552,710,552,710,0x11,0x11
[17:40:01] 6173984,42460,Move,130,70,100,552,710,552,710,0x11,0x11
[17:40:01] 6186989,42473,Move,132,61,100,552,710,552,710,0x11,0x11
[17:40:01] 6199986,42486,Move,133,54,100,552,710,552,710,0x11,0x11
[17:40:01] 6212986,42498,Move,134,48,100,552,710,552,710,0x11,0x11
[17:40:01] 6226986,42511,Move,134,44,100,552,710,552,710,0x11,0x11
[17:40:01] 6238985,42523,Move,134,42,100,552,710,552,710,0x11,0x11
[17:40:01] 6264983,42548,Move,132,44,100,552,710,552,710,0x11,0x11
[17:40:01] 6279986,42562,Move,127,53,100,552,710,552,710,0x11,0x11
[17:40:01] 6292986,42575,Move,118,73,100,552,710,552,710,0x11,0x11
[17:40:01] 6304989,42587,Move,107,101,100,552,710,552,710,0x11,0x11
[17:40:01] 6318989,42600,Move,96,133,100,552,710,552,710,0x11,0x11
[17:40:01] 6331989,42613,Move,86,165,100,552,710,552,710,0x11,0x11
[17:40:01] 6344986,42626,Move,77,199,100,552,710,552,710,0x11,0x11
[17:40:01] 6357986,42639,Move,70,228,100,552,710,552,710,0x11,0x11
[17:40:01] 6370986,42651,Move,65,255,100,552,710,552,710,0x11,0x11
[17:40:01] 6383989,42664,Move,61,275,100,552,710,552,710,0x11,0x11
[17:40:01] 6395986,42675,Move,59,290,100,552,710,552,710,0x11,0x11
[17:40:01] 6410989,42690,Move,58,298,100,552,710,552,710,0x11,0x11
[17:40:01] 6422986,42702,Move,57,303,100,552,710,552,710,0x11,0x11
[17:40:01] 6436986,42716,Move,56,305,100,552,710,552,710,0x11,0x11
[17:40:01] 6462986,42741,Move,56,304,100,552,710,552,710,0x11,0x11
[17:40:01] 6474986,42752,Move,56,299,100,552,710,552,710,0x11,0x11
[17:40:01] 6488986,42765,Move,56,285,100,552,710,552,710,0x11,0x11
[17:40:01] 6500986,42776,Move,57,263,100,552,710,552,710,0x11,0x11
[17:40:01] 6513986,42789,Move,61,231,100,552,710,552,710,0x11,0x11
[17:40:01] 6526986,42801,Move,69,198,100,552,710,552,710,0x11,0x11
[17:40:01] 6539986,42813,Move,80,171,100,552,710,552,710,0x11,0x11
[17:40:01] 6553986,42826,Move,89,155,100,552,710,552,710,0x11,0x11
[17:40:01] 6566986,42839,Move,97,145,100,552,710,552,710,0x11,0x11
[17:40:01] 6579989,42852,Move,102,142,100,552,710,552,710,0x11,0x11
[17:40:01] 6593986,42865,Move,105,142,100,552,710,552,710,0x11,0x11
[17:40:01] 6605986,42876,Move,107,146,100,552,710,552,710,0x11,0x11
[17:40:01] 6619986,42890,Move,109,163,100,552,710,552,710,0x11,0x11
[17:40:01] 6631987,42901,Move,109,192,100,552,710,552,710,0x11,0x11
[17:40:01] 6644987,42914,Move,108,225,100,552,710,552,710,0x11,0x11
[17:40:01] 6657986,42927,Move,107,250,100,552,710,552,710,0x11,0x11
[17:40:01] 6670987,42940,Move,107,262,100,552,710,552,710,0x11,0x11
[17:40:01] 6684989,42954,Move,107,267,100,552,710,552,710,0x11,0x11
[17:40:01] 6696986,42965,Move,108,268,100,552,710,552,710,0x11,0x11
[17:40:01] 6710986,42978,Move,111,267,100,552,710,552,710,0x11,0x11
[17:40:01] 6722983,42990,Move,117,260,100,552,710,552,710,0x11,0x11
[17:40:01] 6736983,43003,Move,127,244,100,552,710,552,710,0x11,0x11
[17:40:01] 6749986,43015,Move,139,222,100,552,710,552,710,0x11,0x11
[17:40:01] 6763986,43029,Move,148,200,100,552,710,552,710,0x11,0x11
[17:40:01] 6776986,43041,Move,153,186,100,552,710,552,710,0x11,0x11
[17:40:01] 6789986,43053,Move,156,179,100,552,710,552,710,0x11,0x11
[17:40:01] 6802986,43065,Move,157,178,100,552,710,552,710,0x11,0x11
[17:40:01] 6814986,43076,Move,157,179,100,552,710,552,710,0x11,0x11
[17:40:01] 6828986,43090,Move,156,186,100,552,710,552,710,0x11,0x11
[17:40:01] 6840986,43101,Move,155,198,100,552,710,552,710,0x11,0x11
[17:40:01] 6854988,43115,Move,155,211,100,552,710,552,710,0x11,0x11
[17:40:01] 6866986,43126,Move,156,221,100,552,710,552,710,0x11,0x11
[17:40:01] 6880986,43139,Move,158,226,100,552,710,552,710,0x11,0x11
[17:40:01] 6894987,43152,Move,161,228,100,552,710,552,710,0x11,0x11
[17:40:01] 6906986,43163,Move,165,228,100,552,710,552,710,0x11,0x11
[17:40:01] 6920986,43177,Move,171,226,100,552,710,552,710,0x11,0x11
[17:40:01] 6933989,43190,Move,180,219,100,552,710,552,710,0x11,0x11
[17:40:01] 6946987,43203,Move,189,208,100,552,710,552,710,0x11,0x11
[17:40:01] 6959986,43216,Move,196,193,100,552,710,552,710,0x11,0x11
[17:40:01] 6972986,43229,Move,201,179,100,552,710,552,710,0x11,0x11
[17:40:01] 6984986,43240,Move,203,168,100,552,710,552,710,0x11,0x11
[17:40:01] 6997986,43251,Move,204,162,100,552,710,552,710,0x11,0x11
[17:40:01] 7011986,43265,Move,205,160,100,552,710,552,710,0x11,0x11
[17:40:01] 7037984,43290,Move,205,163,100,552,710,552,710,0x11,0x11
[17:40:01] 7050991,43303,Move,205,169,100,552,710,552,710,0x11,0x11
[17:40:01] 7064986,43316,Move,206,176,100,552,710,552,710,0x11,0x11
[17:40:01] 7076986,43327,Move,208,182,100,552,710,552,710,0x11,0x11
[17:40:01] 7090986,43340,Move,212,184,100,552,710,552,710,0x11,0x11
[17:40:01] 7102988,43352,Move,217,184,100,552,710,552,710,0x11,0x11
[17:40:01] 7115987,43365,Move,225,180,100,552,710,552,710,0x11,0x11
[17:40:01] 7128989,43378,Move,233,172,100,552,710,552,710,0x11,0x11
[17:40:01] 7141986,43391,Move,240,161,100,552,710,552,710,0x11,0x11
[17:40:01] 7154987,43404,Move,245,152,100,552,710,552,710,0x11,0x11
[17:40:01] 7167986,43416,Move,249,146,100,552,710,552,710,0x11,0x11
[17:40:01] 7180990,43429,Move,251,145,100,552,710,552,710,0x11,0x11
[17:40:01] 7193986,43442,Move,252,146,100,552,710,552,710,0x11,0x11
[17:40:01] 7206986,43455,Move,253,156,100,552,710,552,710,0x11,0x11
[17:40:01] 7221986,43470,Move,251,186,100,552,710,552,710,0x11,0x11
[17:40:01] 7234986,43483,Move,245,232,100,552,710,552,710,0x11,0x11
[17:40:01] 7246988,43494,Move,235,274,100,552,710,552,710,0x11,0x11
[17:40:01] 7260987,43508,Move,225,302,100,552,710,552,710,0x11,0x11
[17:40:01] 7272988,43520,Move,216,319,100,552,710,552,710,0x11,0x11
[17:40:01] 7285988,43533,Move,209,327,100,552,710,552,710,0x11,0x11
[17:40:01] 7298986,43546,Move,204,330,100,552,710,552,710,0x11,0x11
[17:40:01] 7312986,43559,Move,201,330,100,552,710,552,710,0x11,0x11
[17:40:01] 7324986,43570,Move,199,328,100,552,710,552,710,0x11,0x11
[17:40:01] 7338986,43583,Move,198,321,100,552,710,552,710,0x11,0x11
[17:40:01] 7350986,43594,Move,199,303,100,552,710,552,710,0x11,0x11
[17:40:01] 7363989,43607,Move,209,264,100,552,710,552,710,0x11,0x11
[17:40:01] 7378989,43622,Move,229,211,100,552,710,552,710,0x11,0x11
[17:40:01] 7390986,43633,Move,257,156,100,552,710,552,710,0x11,0x11
[17:40:01] 7403990,43645,Move,285,110,100,552,710,552,710,0x11,0x11
[17:40:01] 7414987,43656,Up,285,110,100,552,710,552,710,0x11,0x00
[17:40:01] 9037995,45276,Down,362,386,100,552,710,552,710,0x00,0x0b
[17:40:01] 9101999,45340,Up,362,386,100,552,710,552,710,0x0b,0x00
[17:40:01] 9770005,46008,Down,353,443,100,552,710,552,710,0x00,0x09
[17:40:01] 9820984,46059,Up,353,443,100,552,710,552,710,0x09,0x00
[17:40:01] 10254003,46492,Down,343,381,100,552,710,552,710,0x00,0x0b
[17:40:01] 10318003,46556,Up,343,381,100,552,710,552,710,0x0b,0x00
[17:40:01] 10855985,47094,Down,345,442,100,552,710,552,710,0x00,0x09
[17:40:01] 10893986,47132,Up,345,442,100,552,710,552,710,0x09,0x00
[17:40:01] 11247988,47486,Down,363,389,100,552,710,552,710,0x00,0x0b
[17:40:01] 11325986,47564,Up,363,389,100,552,710,552,710,0x0b,0x00
[17:40:01] 11668003,47906,Down,342,438,100,552,710,552,710,0x00,0x09
[17:40:01] 11718986,47957,Up,342,438,100,552,710,552,710,0x09,0x00
[17:40:01] 12229985,48468,Down,361,313,100,552,710,1104,820,0x20,0x27
[17:40:01] 12281010,48519,Up,361,313,100,1104,820,1104,820,0x27,0x20
[17:40:01] 12805009,49043,Down,363,369,100,1104,820,1104,1344,0x20,0x27
[17:40:01] 12881984,49120,Up,363,369,100,1104,1344,1104,1344,0x27,0x20
[17:40:01] 13250007,49488,Down,331,298,100,1104,1344,902,546,0x20,0x27
[17:40:01] 13287989,49526,Up,331,298,100,902,546,902,546,0x27,0x20
[17:40:01] 13746988,49985,Down,299,297,100,902,546,314,528,0x20,0x27
[17:40:01] 13797987,50036,Up,299,297,100,314,528,314,528,0x27,0x20
[17:40:01] 14308987,50546,Down,313,285,100,314,528,570,308,0x20,0x27
[17:40:01] 14333996,50570,Up,313,285,100,570,308,570,308,0x27,0x20
[17:40:01] 14831991,51068,Down,336,312,100,570,308,994,800,0x20,0x27
[17:40:02] 14949987,51186,Move,336,313,100,994,800,994,820,0x27,0x27
[17:40:02] 14982997,51219,Move,337,315,100,994,820,1012,856,0x27,0x27
[17:40:02] 15016986,51253,Move,340,319,100,1012,856,1066,928,0x27,0x27
[17:40:02] 15049996,51286,Move,342,323,100,1066,928,1104,1002,0x27,0x27
[17:40:02] 15083993,51320,Move,345,327,100,1104,1002,1104,1076,0x27,0x27
[17:40:02] 15117997,51354,Move,347,331,100,1104,1076,1104,1148,0x27,0x27
[17:40:02] 15150993,51387,Move,347,334,100,1104,1148,1104,1204,0x27,0x27
[17:40:02] 15184991,51421,Move,349,337,100,1104,1204,1104,1258,0x27,0x27
[17:40:02] 15218002,51454,Move,352,343,100,1104,1258,1104,1344,0x27,0x27
[17:40:02] 15251988,51488,Move,353,352,100,1104,1344,1104,1344,0x27,0x27
[17:40:02] 15265987,51502,Move,354,356,100,1104,1344,1104,1344,0x27,0x27
[17:40:02] 15277987,51514,Move,355,360,100,1104,1344,1104,1344,0x27,0x27
[17:40:02] 15291987,51528,Move,356,364,100,1104,1344,1104,1344,0x27,0x27
[17:40:02] 15303987,51540,Move,357,368,100,1104,1344,1104,1344,0x27,0x27
[17:40:02] 15317987,51554,Move,358,372,100,1104,1344,1104,1344,0x07,0x07
[17:40:02] 15331987,51568,Move,359,376,100,1104,1344,1104,1344,0x07,0x07
[17:40:02] 15343987,51580,Move,359,380,100,1104,1344,1104,1344,0x07,0x07
[17:40:02] 15355987,51592,Move,360,384,100,1104,1344,1104,1344,0x07,0x07
[17:40:02] 15369987,51606,Move,360,388,100,1104,1344,1104,1344,0x07,0x07
[17:40:02] 15381987,51618,Move,361,392,100,1104,1344,1104,1344,0x07,0x07
[17:40:02] 15395987,51632,Move,361,396,100,1104,1344,1104,1344,0x07,0x07
[17:40:02] 15407013,51643,Up,361,396,100,1104,1344,1104,1344,0x07,0x00
[17:40:02] 15931998,52168,Down,329,358,100,1104,1344,866,1344,0x20,0x27
[17:40:02] 15957089,52193,Up,329,358,100,866,1344,866,1344,0x27,0x20
[17:40:02] 16428986,52665,Down,334,328,100,866,1344,956,1094,0x20,0x27
[17:40:02] 16467048,52703,Up,334,328,100,956,1094,956,1094,0x27,0x20
[17:40:02] 16926007,53162,Down,338,326,100,956,1094,1030,1058,0x20,0x27
[17:40:02] 16964050,53200,Up,338,326,100,1030,1058,1030,1058,0x27,0x20
[17:40:02] 17373982,53610,Down,324,293,100,1030,1058,774,454,0x20,0x27
[17:40:02] 17437014,53673,Up,324,293,100,774,454,774,454,0x27,0x20
[17:40:02] 18144982,54381,Down,336,323,100,774,454,994,1002,0x20,0x27
[17:40:02] 18221987,54458,Up,336,323,100,994,1002,994,1002,0x27,0x20
[17:40:02] 19884988,56121,Down,324,333,100,994,1002,774,1184,0x20,0x27
[17:40:02] 19936014,56171,Up,324,333,100,774,1184,774,1184,0x27,0x20
[17:40:02] 20499988,56735,Down,315,340,100,774,1184,608,1312,0x20,0x27
[17:40:02] 20576988,56812,Up,315,340,100,608,1312,608,1312,0x27,0x20
[17:40:02] 20997004,57231,Down,306,298,100,608,1312,442,546,0x20,0x27
[17:40:02] 21061010,57295,Up,306,298,100,442,546,442,546,0x27,0x20
[17:40:02] 21768985,58003,Down,320,328,100,442,546,698,1094,0x20,0x27
[17:40:02] 21990987,58225,Move,320,329,100,698,1094,698,1112,0x27,0x27
[17:40:02] 22022999,58257,Move,320,330,100,698,1112,698,1130,0x27,0x27
[17:40:02] 22397985,58632,Move,319,330,100,698,1130,680,1130,0x27,0x27
[17:40:02] 22425990,58660,Move,317,329,100,680,1130,644,1112,0x27,0x27
[17:40:02] 22458995,58693,Move,315,327,100,644,1112,606,1076,0x27,0x27
[17:40:02] 22492984,58727,Move,313,325,100,606,1076,570,1038,0x27,0x27
[17:40:02] 22527993,58762,Move,313,324,100,570,1038,570,1020,0x27,0x27
[17:40:02] 22559993,58794,Move,313,323,100,570,1020,570,1002,0x27,0x27
[17:40:02] 22592992,58826,Move,311,320,100,570,1002,534,948,0x27,0x27
[17:40:02] 22626992,58860,Move,309,316,100,534,948,496,874,0x27,0x27
[17:40:02] 22630003,58863,Up,309,316,100,496,874,496,874,0x27,0x20
[17:40:02] 23219987,59453,Down,296,290,100,496,874,258,400,0x20,0x27
[17:40:02] 23242986,59476,Move,295,289,100,258,400,240,382,0x27,0x27
[17:40:02] 23244986,59478,Up,295,289,100,240,382,240,382,0x27,0x20
[17:40:02] 24044000,60276,Down,323,342,100,240,382,754,1344,0x20,0x27
[17:40:02] 24068986,60301,Up,323,342,100,754,1344,754,1344,0x27,0x20
[17:40:02] 24750987,60983,Down,324,334,100,754,1344,772,1204,0x20,0x27
[17:40:02] 24800986,61033,Up,324,334,100,772,1204,772,1204,0x27,0x20
[17:40:02] 25313004,61545,Down,310,317,100,772,1204,516,894,0x20,0x27
[17:40:02] 25390015,61621,Up,310,317,100,516,894,516,894,0x27,0x20
[17:40:02] 26333004,62564,Down,310,318,100,516,894,516,910,0x20,0x27
[17:40:02] 26462012,62693,Up,310,318,100,516,910,516,910,0x27,0x20
[17:40:02] 26999987,63231,Down,306,315,100,516,910,442,856,0x20,0x27
[17:40:02] 27102990,63334,Up,306,315,100,442,856,442,856,0x27,0x20
[17:40:02] 27693985,63925,Down,306,295,100,442,856,442,492,0x20,0x27
[17:40:02] 27783986,64015,Up,306,295,100,442,492,442,492,0x27,0x20
[17:40:02] 28478007,64709,Down,299,310,100,442,492,314,764,0x20,0x27
[17:40:02] 28675989,64907,Move,298,310,100,314,764,294,764,0x27,0x27
[17:40:02] 28707988,64939,Move,296,310,100,294,764,258,764,0x27,0x27
[17:40:02] 28740993,64972,Move,294,310,100,258,764,222,764,0x27,0x27
[17:40:02] 29446985,65678,Move,294,311,100,222,764,222,782,0x27,0x27
[17:40:02] 29479995,65711,Move,294,313,100,222,782,222,820,0x27,0x27
[17:40:02] 29513988,65745,Move,294,315,100,222,820,222,856,0x27,0x27
[17:40:02] 29547995,65778,Move,294,317,100,222,856,222,892,0x27,0x27
[17:40:02] 29580997,65811,Move,297,321,100,222,892,276,966,0x27,0x27
[17:40:02] 29614983,65844,Move,299,325,100,276,966,314,1038,0x27,0x27
[17:40:02] 29647995,65877,Move,302,331,100,314,1038,368,1148,0x27,0x27
[17:40:02] 29685997,65915,Move,306,339,100,368,1148,442,1294,0x27,0x27
[17:40:02] 29719990,65949,Move,310,345,100,442,1294,514,1344,0x27,0x27
[17:40:02] 29748997,65978,Move,315,353,100,514,1344,606,1344,0x27,0x27
[17:40:02] 29782989,66012,Move,317,357,100,606,1344,644,1344,0x27,0x27
[17:40:02] 29815997,66045,Move,319,362,100,644,1344,680,1344,0x27,0x27
[17:40:02] 29849993,66079,Move,319,364,100,680,1344,680,1344,0x27,0x27
[17:40:02] 29879986,66109,Move,319,365,100,680,1344,680,1344,0x27,0x27
[17:40:02] 29891986,66121,Move,319,366,100,680,1344,680,1344,0x27,0x27
[17:40:02] 29905985,66135,Move,319,367,100,680,1344,680,1344,0x27,0x27
[17:40:02] 29917987,66147,Move,318,369,100,680,1344,662,1344,0x27,0x27
[17:40:02] 29950994,66180,Move,315,373,100,662,1344,606,1344,0x07,0x07
[17:40:02] 29984003,66213,Move,306,380,100,606,1344,442,1344,0x07,0x07
[17:40:02] 30022993,66252,Move,297,384,100,442,1344,276,1344,0x07,0x07
[17:40:02] 30055989,66285,Move,293,386,100,276,1344,202,1344,0x07,0x07
[17:40:02] 30084997,66314,Move,289,388,100,202,1344,130,1344,0x07,0x07
[17:40:02] 30118994,66348,Move,284,390,100,130,1344,38,1344,0x07,0x07
[17:40:02] 30152997,66382,Move,282,390,100,38,1344,0,1344,0x07,0x07
[17:40:02] 30185990,66415,Move,279,390,100,0,1344,0,1344,0x07,0x07
[17:40:02] 30193982,66423,Move,278,390,100,0,1344,0,1344,0x07,0x07
[17:40:02] 30205982,66435,Move,276,390,100,0,1344,0,1344,0x07,0x07
[17:40:02] 30219982,66449,Move,274,390,100,0,1344,0,1344,0x07,0x07
[17:40:02] 30233982,66463,Move,272,390,100,0,1344,0,1344,0x07,0x07
[17:40:02] 30245982,66475,Move,270,390,100,0,1344,0,1344,0x07,0x07
[17:40:02] 30259982,66489,Move,268,390,100,0,1344,0,1344,0x07,0x07
[17:40:02] 30271982,66501,Move,267,390,100,0,1344,0,1344,0x07,0x07
[17:40:02] 30285982,66515,Move,265,391,100,0,1344,0,1344,0x07,0x07
[17:40:02] 30297982,66527,Move,263,392,100,0,1344,0,1344,0x07,0x07
[17:40:02] 30311982,66541,Move,261,393,100,0,1344,0,1344,0x07,0x07
[17:40:02] 30323982,66553,Move,258,394,100,0,1344,0,1344,0x07,0x07
[17:40:02] 30337982,66567,Move,256,395,100,0,1344,0,1344,0x07,0x07
[17:40:02] 30349982,66579,Move,254,396,100,0,1344,0,1344,0x07,0x07
[17:40:02] 30363982,66593,Move,252,397,100,0,1344,0,1344,0x07,0x07
[17:40:02] 30375982,66605,Move,250,398,100,0,1344,0,1344,0x07,0x07
[17:40:02] 30389982,66619,Move,248,399,100,0,1344,0,1344,0x07,0x07
[17:40:02] 30401982,66631,Move,246,400,100,0,1344,0,1344,0x07,0x07
[17:40:02] 30415980,66645,Move,243,401,100,0,1344,0,1344,0x07,0x07
[17:40:02] 30429982,66659,Move,240,402,100,0,1344,0,1344,0x07,0x07
[17:40:02] 30441980,66671,Move,237,403,100,0,1344,0,1344,0x07,0x07
[17:40:02] 30455982,66685,Move,234,404,100,0,1344,0,1344,0x07,0x07
[17:40:02] 30467982,66697,Move,232,405,100,0,1344,0,1344,0x07,0x07
[17:40:02] 30481982,66711,Move,230,406,100,0,1344,0,1344,0x07,0x07
[17:40:02] 30493982,66723,Move,229,407,100,0,1344,0,1344,0x07,0x07
[17:40:02] 30507982,66737,Move,228,408,100,0,1344,0,1344,0x07,0x07
[17:40:02] 30519982,66749,Move,228,409,100,0,1344,0,1344,0x07,0x07
[17:40:02] 30533983,66763,Move,228,410,100,0,1344,0,1344,0x07,0x07
[17:40:02] 30545982,66775,Move,228,411,100,0,1344,0,1344,0x07,0x07
[17:40:02] 30559982,66789,Move,229,412,100,0,1344,0,1344,0x07,0x07
[17:40:02] 30571982,66801,Move,230,413,100,0,1344,0,1344,0x07,0x07
[17:40:02] 30585982,66815,Move,232,414,100,0,1344,0,1344,0x07,0x07
[17:40:02] 30599982,66829,Move,235,416,100,0,1344,0,1344,0x07,0x07
[17:40:02] 30611982,66841,Move,238,418,100,0,1344,0,1344,0x07,0x07
[17:40:02] 30625982,66855,Move,242,420,100,0,1344,0,1344,0x07,0x07
[17:40:02] 30637982,66867,Move,246,422,100,0,1344,0,1344,0x07,0x07
[17:40:02] 30651982,66881,Move,249,424,100,0,1344,0,1344,0x07,0x07
[17:40:02] 30663982,66893,Move,253,426,100,0,1344,0,1344,0x07,0x07
[17:40:02] 30677982,66907,Move,256,427,100,0,1344,0,1344,0x07,0x07
[17:40:02] 30689982,66919,Move,260,429,100,0,1344,0,1344,0x07,0x07
[17:40:02] 30703982,66933,Move,263,430,100,0,1344,0,1344,0x07,0x07
[17:40:02] 30715982,66945,Move,266,431,100,0,1344,0,1344,0x07,0x07
[17:40:02] 30729982,66959,Move,269,432,100,0,1344,0,1344,0x07,0x07
[17:40:02] 30741982,66971,Move,272,433,100,0,1344,0,1344,0x07,0x07
[17:40:02] 30755980,66985,Move,275,434,100,0,1344,0,1344,0x07,0x07
[17:40:02] 30767982,66997,Move,278,435,100,0,1344,0,1344,0x07,0x07
[17:40:02] 30781980,67011,Move,280,436,100,0,1344,0,1344,0x07,0x07
[17:40:02] 30793982,67023,Move,282,437,100,0,1344,0,1344,0x07,0x07
[17:40:02] 30807982,67037,Move,284,438,100,0,1344,38,1344,0x07,0x07
[17:40:02] 30840997,67070,Move,288,439,100,38,1344,110,1344,0x07,0x07
[17:40:02] 30874988,67104,Move,293,439,100,110,1344,202,1344,0x07,0x07
[17:40:02] 30907998,67136,Move,296,439,100,202,1344,258,1344,0x07,0x07
[17:40:02] 30941996,67170,Move,301,440,100,258,1344,350,1344,0x07,0x07
[17:40:02] 30975997,67204,Move,304,440,100,350,1344,406,1344,0x07,0x07
[17:40:02] 31008993,67237,Move,309,440,100,406,1344,496,1344,0x07,0x07
[17:40:02] 31042989,67271,Move,315,440,100,496,1344,606,1344,0x07,0x07
[17:40:02] 31080991,67309,Move,319,440,100,606,1344,680,1344,0x07,0x07
[17:40:02] 31109993,67338,Move,325,440,100,680,1344,790,1344,0x07,0x07
[17:40:02] 31147994,67376,Move,331,440,100,790,1344,902,1344,0x07,0x07
[17:40:02] 31181994,67410,Move,334,440,100,902,1344,956,1344,0x07,0x07
[17:40:02] 31210990,67439,Move,336,440,100,956,1344,994,1344,0x07,0x07
[17:40:02] 31244996,67472,Move,339,440,100,994,1344,1048,1344,0x07,0x07
[17:40:02] 31277995,67505,Move,342,440,100,1048,1344,1104,1344,0x07,0x07
[17:40:02] 31311986,67539,Move,343,440,100,1104,1344,1104,1344,0x07,0x07
[17:40:02] 31449986,67677,Move,343,439,100,1104,1344,1104,1344,0x07,0x07
[17:40:02] 31461986,67689,Move,343,438,100,1104,1344,1104,1344,0x07,0x07
[17:40:02] 31475986,67703,Move,343,437,100,1104,1344,1104,1344,0x07,0x07
[17:40:02] 31487986,67715,Move,343,436,100,1104,1344,1104,1344,0x07,0x07
[17:40:02] 31501986,67729,Move,343,434,100,1104,1344,1104,1344,0x07,0x07
[17:40:02] 31513986,67741,Move,343,432,100,1104,1344,1104,1344,0x07,0x07
[17:40:02] 31527986,67755,Move,343,430,100,1104,1344,1104,1344,0x07,0x07
[17:40:02] 31539986,67767,Move,343,429,100,1104,1344,1104,1344,0x07,0x07
[17:40:02] 31553986,67781,Move,343,427,100,1104,1344,1104,1344,0x07,0x07
[17:40:02] 31565986,67793,Move,343,426,100,1104,1344,1104,1344,0x07,0x07
[17:40:02] 31579986,67807,Move,343,425,100,1104,1344,1104,1344,0x07,0x07
[17:40:02] 31591986,67819,Move,342,423,100,1104,1344,1104,1344,0x07,0x07
[17:40:02] 31605986,67833,Move,342,422,100,1104,1344,1104,1344,0x07,0x07
[17:40:02] 31617987,67845,Move,342,421,100,1104,1344,1104,1344,0x07,0x07
[17:40:02] 31631986,67859,Move,342,419,100,1104,1344,1104,1344,0x07,0x07
[17:40:02] 31645986,67873,Move,342,417,100,1104,1344,1104,1344,0x07,0x07
[17:40:02] 31657986,67885,Move,342,416,100,1104,1344,1104,1344,0x07,0x07
[17:40:02] 31671986,67899,Move,342,415,100,1104,1344,1104,1344,0x07,0x07
[17:40:02] 31683986,67911,Move,342,414,100,1104,1344,1104,1344,0x07,0x07
[17:40:02] 31697986,67925,Move,342,413,100,1104,1344,1104,1344,0x07,0x07
[17:40:02] 31709986,67937,Move,342,411,100,1104,1344,1104,1344,0x07,0x07
[17:40:02] 31723986,67951,Move,342,409,100,1104,1344,1104,1344,0x07,0x07
[17:40:02] 31735986,67963,Move,342,407,100,1104,1344,1104,1344,0x07,0x07
[17:40:02] 31749986,67977,Move,342,406,100,1104,1344,1104,1344,0x07,0x07
[17:40:02] 31761986,67989,Move,342,404,100,1104,1344,1104,1344,0x07,0x07
[17:40:02] 31775986,68003,Move,342,402,100,1104,1344,1104,1344,0x07,0x07
[17:40:02] 31789986,68017,Move,342,401,100,1104,1344,1104,1344,0x07,0x07
[17:40:02] 31801986,68029,Move,342,400,100,1104,1344,1104,1344,0x07,0x07
[17:40:02] 31813986,68041,Move,342,399,100,1104,1344,1104,1344,0x07,0x07
[17:40:02] 31827986,68055,Move,341,397,100,1104,1344,1086,1344,0x07,0x07
[17:40:02] 31848995,68076,Move,340,395,100,1086,1344,1066,1344,0x07,0x07
[17:40:02] 31882997,68110,Move,338,389,100,1066,1344,1030,1344,0x07,0x07
[17:40:02] 31916986,68144,Move,336,385,100,1030,1344,994,1344,0x07,0x07
[17:40:02] 31949996,68177,Move,334,379,100,994,1344,956,1344,0x07,0x07
[17:40:02] 31983987,68211,Move,334,376,100,956,1344,956,1344,0x07,0x07
[17:40:03] 31985992,68213,Move,334,374,100,956,1344,956,1344,0x07,0x07
[17:40:03] 31997986,68225,Move,334,372,100,956,1344,956,1344,0x07,0x07
[17:40:03] 32011986,68239,Move,334,371,100,956,1344,956,1344,0x27,0x27
[17:40:03] 32023985,68251,Move,334,370,100,956,1344,956,1344,0x27,0x27
[17:40:03] 32037986,68265,Move,333,369,100,956,1344,938,1344,0x27,0x27
[17:40:03] 32067990,68295,Move,333,367,100,938,1344,938,1344,0x27,0x27
[17:40:03] 32075986,68303,Move,333,366,100,938,1344,938,1344,0x27,0x27
[17:40:03] 32089986,68317,Move,333,365,100,938,1344,938,1344,0x27,0x27
[17:40:03] 32101986,68329,Move,333,364,100,938,1344,938,1344,0x27,0x27
[17:40:03] 32115986,68343,Move,332,362,100,938,1344,920,1344,0x27,0x27
[17:40:03] 32151991,68379,Move,332,358,100,920,1344,920,1344,0x27,0x27
[17:40:03] 32153993,68381,Move,332,356,100,920,1344,920,1344,0x27,0x27
[17:40:03] 32167991,68395,Move,332,354,100,920,1344,920,1344,0x27,0x27
[17:40:03] 32181986,68409,Move,331,352,100,920,1344,902,1344,0x27,0x27
[17:40:03] 32201997,68429,Move,330,350,100,902,1344,882,1344,0x27,0x27
[17:40:03] 32235990,68463,Move,327,342,100,882,1344,828,1344,0x27,0x27
[17:40:03] 32269996,68497,Move,325,338,100,828,1344,790,1276,0x27,0x27
[17:40:03] 32302993,68530,Move,323,333,100,790,1276,754,1184,0x27,0x27
[17:40:03] 32336993,68564,Move,321,328,100,754,1184,718,1094,0x27,0x27
[17:40:03] 32369996,68597,Move,319,325,100,718,1094,680,1038,0x27,0x27
[17:40:03] 32403995,68631,Move,316,322,100,680,1038,626,984,0x27,0x27
[17:40:03] 32437991,68664,Move,313,319,100,626,984,570,928,0x27,0x27
[17:40:03] 32470997,68697,Move,304,313,100,570,928,406,820,0x27,0x27
[17:40:03] 32508998,68735,Move,295,309,100,406,820,240,746,0x27,0x27
[17:40:03] 32542996,68769,Move,289,307,100,240,746,130,710,0x27,0x27
[17:40:03] 32576987,68803,Move,283,305,100,130,710,18,672,0x27,0x27
[17:40:03] 32626988,68853,Move,278,305,100,18,672,0,672,0x27,0x27
[17:40:03] 32655995,68882,Move,276,305,100,0,672,0,672,0x27,0x27
[17:40:03] 32717986,68944,Move,276,306,100,0,672,0,692,0x27,0x27
[17:40:03] 32739995,68966,Move,276,307,100,0,692,0,710,0x27,0x27
[17:40:03] 32773989,69000,Move,277,310,100,0,710,0,764,0x27,0x27
[17:40:03] 32807995,69034,Move,279,312,100,0,764,0,800,0x27,0x27
[17:40:03] 32840993,69067,Move,280,315,100,0,800,0,856,0x27,0x27
[17:40:03] 33030990,69257,Move,281,315,100,0,856,0,856,0x27,0x27
[17:40:03] 33044990,69271,Move,282,315,100,0,856,0,856,0x27,0x27
[17:40:03] 33070990,69297,Move,283,315,100,0,856,18,856,0x27,0x27
[17:40:03] 33174985,69401,Move,284,315,100,18,856,38,856,0x27,0x27
[17:40:03] 33210984,69437,Move,284,314,100,38,856,38,838,0x27,0x27
[17:40:03] 33243995,69470,Move,285,311,100,38,838,56,782,0x27,0x27
[17:40:03] 33277997,69504,Move,285,309,100,56,782,56,746,0x27,0x27
[17:40:03] 33310996,69537,Move,285,306,100,56,746,56,692,0x27,0x27
[17:40:03] 33344985,69570,Move,285,303,100,56,692,56,636,0x27,0x27
[17:40:03] 33378988,69604,Move,285,301,100,56,636,56,600,0x27,0x27
[17:40:03] 33411997,69636,Move,285,298,100,56,600,56,544,0x27,0x27
[17:40:03] 33445996,69669,Move,285,296,100,56,544,56,508,0x27,0x27
[17:40:03] 33478997,69702,Move,285,293,100,56,508,56,454,0x27,0x27
[17:40:03] 33540986,69763,Move,285,292,100,56,454,56,436,0x27,0x27
[17:40:03] 33563990,69786,Move,285,291,100,56,436,56,418,0x27,0x27
[17:40:03] 33920986,70142,Move,286,292,100,56,418,74,436,0x27,0x27
[17:40:03] 33949996,70171,Move,287,294,100,74,436,92,472,0x27,0x27
[17:40:03] 33983989,70204,Move,289,296,100,92,472,130,508,0x27,0x27
[17:40:03] 34017995,70238,Move,290,299,100,130,508,148,564,0x27,0x27
[17:40:03] 34050992,70271,Move,292,302,100,148,564,184,618,0x27,0x27
[17:40:03] 34084987,70305,Move,292,304,100,184,618,184,654,0x27,0x27
[17:40:03] 34117997,70338,Move,292,307,100,184,654,184,710,0x27,0x27
[17:40:03] 34151992,70372,Move,292,309,100,184,710,184,746,0x27,0x27
[17:40:03] 34185993,70406,Move,292,312,100,184,746,184,800,0x27,0x27
[17:40:03] 34218995,70439,Move,292,313,100,184,800,184,820,0x27,0x27
[17:40:03] 34638980,70859,Move,293,314,100,184,820,202,838,0x27,0x27
[17:40:03] 34672996,70893,Move,294,314,100,202,838,222,838,0x27,0x27
[17:40:03] 34706991,70927,Move,295,314,100,222,838,240,838,0x27,0x27
[17:40:03] 34757986,70978,Move,295,315,100,240,838,240,856,0x27,0x27
[17:40:03] 34790990,71011,Move,297,317,100,240,856,276,892,0x27,0x27
[17:40:03] 34823998,71044,Move,300,318,100,276,892,332,910,0x27,0x27
[17:40:03] 34857993,71078,Move,302,318,100,332,910,368,910,0x27,0x27
[17:40:03] 34991988,71212,Move,303,319,100,368,910,386,928,0x27,0x27
[17:40:03] 35025997,71246,Move,303,321,100,386,928,386,966,0x27,0x27
[17:40:03] 35040986,71261,Move,303,322,100,386,966,386,984,0x27,0x27
[17:40:03] 35043051,71263,Up,303,322,100,386,984,386,984,0x27,0x20
[17:40:03] 35711985,71931,Down,318,338,100,386,984,662,1276,0x20,0x27
[17:40:03] 35828015,72047,Up,318,338,100,662,1276,662,1276,0x27,0x20
[17:40:03] 36379004,72598,Down,309,309,100,662,1276,498,748,0x20,0x27
[17:40:03] 36470986,72690,Up,309,309,100,498,748,498,748,0x27,0x20
[17:40:03] 38067004,74286,Down,303,293,100,498,748,386,454,0x20,0x27
[17:40:03] 38159986,74379,Move,301,291,100,386,454,350,418,0x27,0x27
[17:40:03] 38170983,74390,Up,301,291,100,350,418,350,418,0x27,0x20
[17:40:03] 39139981,75359,Down,320,327,100,350,418,698,1076,0x20,0x27
[17:40:03] 39440985,75660,Move,320,326,100,698,1076,698,1056,0x27,0x27
[17:40:03] 39461986,75681,Move,320,325,100,698,1056,698,1038,0x27,0x27
[17:40:03] 39494996,75713,Move,318,322,100,698,1038,662,984,0x27,0x27
[17:40:03] 39528995,75747,Move,316,320,100,662,984,626,948,0x27,0x27
[17:40:03] 39562993,75780,Move,313,317,100,626,948,570,892,0x27,0x27
[17:40:03] 39595997,75813,Move,311,315,100,570,892,534,856,0x27,0x27
[17:40:03] 39629997,75846,Move,306,310,100,534,856,442,764,0x27,0x27
[17:40:03] 39663991,75880,Move,297,303,100,442,764,276,636,0x27,0x27
[17:40:03] 39701995,75918,Move,291,298,100,276,636,166,544,0x27,0x27
[17:40:03] 39752000,75968,Move,278,291,100,166,544,0,418,0x27,0x27
[17:40:03] 39802986,76019,Move,269,287,100,0,418,0,344,0x27,0x27
[17:40:03] 39831987,76047,Move,267,285,100,0,344,0,308,0x27,0x27
[17:40:03] 39864997,76079,Move,264,283,100,0,308,0,272,0x27,0x27
[17:40:03] 40082987,76296,Move,265,283,100,0,272,0,272,0x27,0x27
[17:40:03] 40096987,76310,Move,266,283,100,0,272,0,272,0x27,0x27
[17:40:03] 40108987,76322,Move,267,283,100,0,272,0,272,0x27,0x27
[17:40:03] 40122987,76336,Move,268,283,100,0,272,0,272,0x27,0x27
[17:40:03] 40134987,76348,Move,269,284,100,0,272,0,290,0x27,0x27
[17:40:03] 40167988,76381,Move,271,286,100,0,290,0,326,0x27,0x27
[17:40:03] 40201997,76414,Move,274,288,100,0,326,0,364,0x27,0x27
[17:40:03] 40234996,76447,Move,276,290,100,0,364,0,400,0x27,0x27
[17:40:03] 40268989,76480,Move,279,293,100,0,400,0,454,0x27,0x27
[17:40:03] 40301996,76513,Move,281,293,100,0,454,0,454,0x27,0x27
[17:40:03] 40305987,76517,Move,282,294,100,0,454,0,472,0x27,0x27
[17:40:03] 40335994,76547,Move,284,296,100,0,472,38,508,0x27,0x27
[17:40:03] 40369991,76581,Move,287,299,100,38,508,92,564,0x27,0x27
[17:40:03] 40402993,76614,Move,289,301,100,92,564,130,600,0x27,0x27
[17:40:03] 40436992,76648,Move,290,303,100,130,600,148,636,0x27,0x27
[17:40:03] 40469997,76681,Move,290,304,100,148,636,148,654,0x27,0x27
[17:40:03] 40503996,76715,Move,290,307,100,148,654,148,710,0x27,0x27
[17:40:03] 40537992,76749,Move,290,308,100,148,710,148,728,0x27,0x27
[17:40:03] 40592987,76804,Move,291,309,100,148,728,166,746,0x27,0x27
[17:40:03] 40621996,76833,Move,293,310,100,166,746,202,764,0x27,0x27
[17:40:03] 40654996,76866,Move,294,310,100,202,764,222,764,0x27,0x27
[17:40:03] 40688991,76900,Move,295,310,100,222,764,240,764,0x27,0x27
[17:40:03] 40722997,76933,Move,298,313,100,240,764,294,820,0x27,0x27
[17:40:03] 40755999,76966,Move,300,315,100,294,820,332,856,0x27,0x27
[17:40:03] 40789984,76999,Move,303,318,100,332,856,386,910,0x27,0x27
[17:40:03] 40822997,77032,Move,305,320,100,386,910,422,948,0x27,0x27
[17:40:03] 40856988,77065,Move,305,323,100,422,948,422,1002,0x27,0x27
[17:40:03] 40890997,77099,Move,307,325,100,422,1002,460,1038,0x27,0x27
[17:40:03] 40923993,77132,Move,309,328,100,460,1038,496,1094,0x27,0x27
[17:40:03] 40957995,77166,Move,311,330,100,496,1094,534,1130,0x27,0x27
[17:40:03] 40991000,77199,Move,311,332,100,534,1130,534,1166,0x27,0x27
[17:40:03] 41025000,77233,Move,312,335,100,534,1166,552,1222,0x27,0x27
[17:40:03] 41058989,77267,Move,312,336,100,552,1222,552,1240,0x27,0x27
[17:40:03] 41155989,77364,Move,312,337,100,552,1240,552,1258,0x27,0x27
[17:40:03] 41176002,77384,Move,312,338,100,552,1258,552,1276,0x27,0x27
[17:40:03] 41204014,77412,Move,312,339,100,552,1276,552,1294,0x27,0x27
[17:40:03] 41206012,77414,Up,312,339,100,552,1294,552,1294,0x27,0x20
[17:40:03] 43902006,80109,Down,328,385,400,2760,5734,2760,5734,0x00,0x0b
[17:40:03] 43954985,80162,Move,328,384,400,2760,5734,2760,5734,0x0b,0x0b
[17:40:03] 43968984,80176,Move,327,383,400,2760,5734,3864,6720,0x0b,0x07
[17:40:03] 44020991,80228,Move,318,383,400,3864,6720,3202,6720,0x07,0x07
[17:40:03] 44070995,80278,Move,302,384,400,3202,6720,2024,6720,0x07,0x07
[17:40:03] 44120992,80328,Move,279,388,400,2024,6720,332,6720,0x07,0x07
[17:40:03] 44171994,80379,Move,263,393,400,332,6720,0,6720,0x07,0x07
[17:40:03] 44221989,80429,Move,252,397,400,0,6720,0,6720,0x07,0x07
[17:40:03] 44229986,80437,Move,251,398,400,0,6720,0,6720,0x07,0x07
[17:40:03] 44243986,80451,Move,250,399,400,0,6720,0,6720,0x07,0x07
[17:40:03] 44255986,80463,Move,248,400,400,0,6720,0,6720,0x07,0x07
[17:40:03] 44269989,80477,Move,247,401,400,0,6720,0,6720,0x07,0x07
[17:40:03] 44281986,80489,Move,246,402,400,0,6720,0,6720,0x07,0x07
[17:40:03] 44295986,80503,Move,245,403,400,0,6720,0,6720,0x07,0x07
[17:40:03] 44309986,80517,Move,244,404,400,0,6720,0,6720,0x07,0x07
[17:40:03] 44321986,80529,Move,243,405,400,0,6720,0,6720,0x07,0x07
[17:40:03] 44335986,80543,Move,242,406,400,0,6720,0,6720,0x07,0x07
[17:40:03] 44347986,80555,Move,241,407,400,0,6720,0,6720,0x07,0x07
[17:40:03] 44361986,80569,Move,240,408,400,0,6720,0,6720,0x07,0x07
[17:40:03] 44373986,80581,Move,239,409,400,0,6720,0,6720,0x07,0x07
[17:40:03] 44387986,80595,Move,238,410,400,0,6720,0,6720,0x07,0x07
[17:40:03] 44399986,80607,Move,237,411,400,0,6720,0,6720,0x07,0x07
[17:40:03] 44413986,80621,Move,234,413,400,0,6720,0,6720,0x07,0x07
[17:40:03] 44425986,80633,Move,231,415,400,0,6720,0,6720,0x07,0x07
[17:40:03] 44439986,80647,Move,230,416,400,0,6720,0,6720,0x07,0x07
[17:40:03] 44453986,80661,Move,228,417,400,0,6720,0,6720,0x07,0x07
[17:40:03] 44465986,80673,Move,227,418,400,0,6720,0,6720,0x07,0x07
[17:40:03] 44479986,80687,Move,226,419,400,0,6720,0,6720,0x07,0x07
[17:40:03] 44491986,80699,Move,225,420,400,0,6720,0,6720,0x07,0x07
[17:40:03] 44505986,80713,Move,224,421,400,0,6720,0,6720,0x07,0x07
[17:40:03] 44517986,80725,Move,223,422,400,0,6720,0,6720,0x07,0x07
[17:40:03] 44531986,80739,Move,223,423,400,0,6720,0,6720,0x07,0x07
[17:40:03] 44543986,80751,Move,223,424,400,0,6720,0,6720,0x07,0x07
[17:40:03] 44557986,80765,Move,223,425,400,0,6720,0,6720,0x07,0x07
[17:40:03] 44609985,80817,Move,222,425,400,0,6720,0,6720,0x07,0x07
[17:40:03] 44687986,80895,Move,223,425,400,0,6720,0,6720,0x07,0x07
[17:40:03] 44701986,80909,Move,224,425,400,0,6720,0,6720,0x07,0x07
[17:40:03] 44713986,80921,Move,225,425,400,0,6720,0,6720,0x07,0x07
[17:40:03] 44727986,80935,Move,226,425,400,0,6720,0,6720,0x07,0x07
[17:40:03] 44739986,80947,Move,227,424,400,0,6720,0,6720,0x07,0x07
[17:40:03] 44753986,80961,Move,228,423,400,0,6720,0,6720,0x07,0x07
[17:40:03] 44767986,80975,Move,229,422,400,0,6720,0,6720,0x07,0x07
[17:40:03] 44779986,80987,Move,230,421,400,0,6720,0,6720,0x07,0x07
[17:40:03] 44793986,81001,Move,231,419,400,0,6720,0,6720,0x07,0x07
[17:40:03] 44805986,81013,Move,232,417,400,0,6720,0,6720,0x07,0x07
[17:40:03] 44819986,81027,Move,233,415,400,0,6720,0,6720,0x07,0x07
[17:40:03] 44831986,81039,Move,233,412,400,0,6720,0,6720,0x07,0x07
[17:40:03] 44845986,81053,Move,233,409,400,0,6720,0,6720,0x07,0x07
[17:40:03] 44857986,81065,Move,233,406,400,0,6720,0,6720,0x07,0x07
[17:40:03] 44871986,81079,Move,233,403,400,0,6720,0,6720,0x07,0x07
[17:40:03] 44883986,81091,Move,233,400,400,0,6720,0,6720,0x07,0x07
[17:40:03] 44897986,81105,Move,233,397,400,0,6720,0,6720,0x07,0x07
[17:40:03] 44909986,81117,Move,233,394,400,0,6720,0,6720,0x07,0x07
[17:40:03] 44923986,81131,Move,232,391,400,0,6720,0,6720,0x07,0x07
[17:40:03] 44937986,81145,Move,231,388,400,0,6720,0,6720,0x07,0x07
[17:40:03] 44949986,81157,Move,229,384,400,0,6720,0,6720,0x07,0x07
[17:40:03] 44963986,81171,Move,227,380,400,0,6720,0,6720,0x07,0x07
[17:40:03] 44975986,81183,Move,225,376,400,0,6720,0,6720,0x07,0x07
[17:40:03] 44989986,81197,Move,223,372,400,0,6720,0,6720,0x07,0x07
[17:40:03] 45001986,81209,Move,220,368,400,0,6720,0,6720,0x07,0x07
[17:40:03] 45015986,81223,Move,217,364,400,0,6720,0,6720,0x07,0x07
[17:40:03] 45027986,81235,Move,214,360,400,0,6720,0,6720,0x07,0x07
[17:40:03] 45041986,81249,Move,211,355,400,0,6720,0,6720,0x07,0x07
[17:40:03] 45053986,81261,Move,208,351,400,0,6720,0,6616,0x07,0x07
[17:40:03] 45095990,81303,Move,201,339,400,0,6616,0,5738,0x07,0x07
[17:40:03] 45145991,81353,Move,197,327,400,0,5738,0,4862,0x07,0x07
[17:40:03] 45195991,81403,Move,192,316,400,0,4862,0,4056,0x07,0x07
[17:40:03] 45246996,81454,Move,188,304,400,0,4056,0,3180,0x07,0x07
[17:40:03] 45296993,81504,Move,184,297,400,0,3180,0,2668,0x07,0x07
[17:40:03] 45347990,81555,Move,184,293,400,0,2668,0,2374,0x07,0x07
[17:40:03] 45397992,81605,Move,184,289,400,0,2374,0,2082,0x07,0x07
[17:40:03] 45447990,81655,Move,184,285,400,0,2082,0,1790,0x07,0x07
[17:40:04] 45481990,81689,Move,184,283,400,0,1790,0,1644,0x07,0x07
[17:40:04] 45531989,81739,Move,184,275,400,0,1644,0,1058,0x07,0x07
[17:40:04] 45565996,81773,Move,184,265,400,0,1058,0,326,0x07,0x07
[17:40:04] 45616990,81824,Move,184,240,400,0,326,0,0,0x07,0x07
[17:40:04] 45666993,81874,Move,184,230,400,0,0,0,0,0x07,0x07
[17:40:04] 45668993,81876,Move,184,227,400,0,0,0,0,0x07,0x07
[17:40:04] 45682986,81890,Move,184,225,400,0,0,0,0,0x07,0x07
[17:40:04] 45694986,81902,Move,184,223,400,0,0,0,0,0x07,0x07
[17:40:04] 45708986,81916,Move,184,222,400,0,0,0,0,0x07,0x07
[17:40:04] 45722986,81930,Move,184,221,400,0,0,0,0,0x07,0x07
[17:40:04] 45734986,81942,Move,184,220,400,0,0,0,0,0x07,0x07
[17:40:04] 45748986,81956,Move,184,219,400,0,0,0,0,0x07,0x07
[17:40:04] 45838986,82046,Move,185,221,400,0,0,0,0,0x07,0x07
[17:40:04] 45852986,82060,Move,186,223,400,0,0,0,0,0x07,0x07
[17:40:04] 45864986,82072,Move,188,225,400,0,0,0,0,0x07,0x07
[17:40:04] 45878986,82086,Move,190,227,400,0,0,0,0,0x07,0x07
[17:40:04] 45892986,82100,Move,192,229,400,0,0,0,0,0x07,0x07
[17:40:04] 45904986,82112,Move,194,231,400,0,0,0,0,0x07,0x07
[17:40:04] 45918986,82126,Move,196,232,400,0,0,0,0,0x07,0x07
[17:40:04] 45930986,82138,Move,198,233,400,0,0,0,0,0x07,0x07
[17:40:04] 45944986,82152,Move,200,234,400,0,0,0,0,0x07,0x07
[17:40:04] 45956986,82164,Move,202,235,400,0,0,0,0,0x07,0x07
[17:40:04] 45970986,82178,Move,203,236,400,0,0,0,0,0x07,0x07
[17:40:04] 45982986,82190,Move,204,237,400,0,0,0,0,0x07,0x07
[17:40:04] 45996986,82204,Move,205,238,400,0,0,0,0,0x07,0x07
[17:40:04] 46008986,82216,Move,206,239,400,0,0,0,0,0x07,0x07
[17:40:04] 46022986,82230,Move,207,240,400,0,0,0,0,0x07,0x07
[17:40:04] 46036986,82244,Move,208,241,400,0,0,0,0,0x07,0x07
[17:40:04] 46048986,82256,Move,209,242,400,0,0,0,0,0x07,0x07
[17:40:04] 46062986,82270,Move,211,243,400,0,0,0,0,0x07,0x07
[17:40:04] 46074986,82282,Move,213,244,400,0,0,0,0,0x07,0x07
[17:40:04] 46088986,82296,Move,215,245,400,0,0,0,0,0x07,0x07
[17:40:04] 46100986,82308,Move,217,246,400,0,0,0,0,0x07,0x07
[17:40:04] 46114987,82322,Move,219,247,400,0,0,0,0,0x07,0x07
[17:40:04] 46126986,82334,Move,221,249,400,0,0,0,0,0x07,0x07
[17:40:04] 46140986,82348,Move,223,251,400,0,0,0,0,0x07,0x07
[17:40:04] 46152986,82360,Move,225,253,400,0,0,0,0,0x07,0x07
[17:40:04] 46166986,82374,Move,228,256,400,0,0,0,0,0x07,0x07
[17:40:04] 46178986,82386,Move,230,258,400,0,0,0,0,0x07,0x07
[17:40:04] 46192986,82400,Move,233,261,400,0,0,0,34,0x07,0x07
[17:40:04] 46216990,82424,Move,235,263,400,0,34,0,180,0x07,0x07
[17:40:04] 46254990,82462,Move,241,269,400,0,180,0,620,0x07,0x07
[17:40:04] 46304994,82512,Move,249,277,400,0,620,0,1204,0x07,0x07
[17:40:04] 46338994,82546,Move,255,281,400,0,1204,0,1496,0x27,0x27
[17:40:04] 46388992,82596,Move,260,285,400,0,1496,0,1790,0x27,0x27
[17:40:04] 46422997,82630,Move,262,287,400,0,1790,0,1936,0x27,0x27
[17:40:04] 46473991,82681,Move,267,291,400,0,1936,0,2228,0x27,0x27
[17:40:04] 46523991,82731,Move,272,295,400,0,2228,0,2520,0x27,0x27
[17:40:04] 46574992,82782,Move,280,301,400,0,2520,406,2960,0x27,0x27
[17:40:04] 46624992,82832,Move,288,308,400,406,2960,994,3472,0x27,0x27
[17:40:04] 46674993,82882,Move,294,314,400,994,3472,1436,3910,0x27,0x27
[17:40:04] 46725997,82933,Move,299,319,400,1436,3910,1804,4276,0x27,0x27
[17:40:04] 46775994,82983,Move,303,323,400,1804,4276,2098,4568,0x27,0x27
[17:40:04] 46826993,83034,Move,307,327,400,2098,4568,2392,4862,0x27,0x27
[17:40:04] 46876993,83084,Move,311,331,400,2392,4862,2686,5154,0x27,0x27
[17:40:04] 46926986,83134,Move,313,332,400,2686,5154,2834,5228,0x27,0x27
[17:40:04] 46964986,83172,Move,314,333,400,2834,5228,2906,5300,0x27,0x27
[17:40:04] 47006998,83214,Move,315,336,400,2906,5300,2980,5520,0x27,0x27
[17:40:04] 47070986,83278,Move,315,337,400,2980,5520,2980,5592,0x27,0x27
[17:40:04] 47094003,83301,Up,315,337,400,2980,5592,2980,5592,0x27,0x20
[17:40:04] 47788009,83995,Down,324,327,400,2980,5592,3642,4862,0x20,0x27
[17:40:04] 47880986,84088,Move,323,325,400,3642,4862,3570,4716,0x27,0x27
[17:40:04] 47892004,84099,Up,323,325,400,3570,4716,3570,4716,0x27,0x20
[17:40:04] 48350988,84556,Down,307,327,400,3570,4716,2392,4860,0x20,0x27
[17:40:04] 48414992,84620,Up,307,327,400,2392,4860,2392,4860,0x27,0x20
[17:40:04] 48873985,85079,Down,303,319,400,2392,4860,2098,4276,0x20,0x27
[17:40:04] 48951013,85156,Up,303,319,400,2098,4276,2098,4276,0x27,0x20
[17:40:04] 49409987,85614,Down,311,308,400,2098,4276,2686,3472,0x20,0x27
[17:40:04] 49486986,85691,Up,311,308,400,2686,3472,2686,3472,0x27,0x20
[17:40:04] 50535007,86726,Down,299,294,400,2686,3472,1804,2448,0x20,0x27
[17:40:04] 50598986,86790,Up,299,294,400,1804,2448,1804,2448,0x27,0x20
[17:40:04] 51228002,87418,Down,281,278,400,1804,2448,478,1278,0x20,0x27
[17:40:04] 51279041,87469,Up,281,278,400,478,1278,478,1278,0x27,0x20
[17:40:04] 52444992,88628,Down,284,300,400,478,1278,698,2886,0x20,0x27
[17:40:04] 52601991,88785,Move,285,300,400,698,2886,772,2886,0x27,0x27
[17:40:04] 52634993,88818,Move,287,300,400,772,2886,920,2886,0x27,0x27
[17:40:04] 52672986,88856,Move,291,300,400,920,2886,1214,2886,0x27,0x27
[17:40:04] 52722987,88906,Move,299,304,400,1214,2886,1802,3178,0x27,0x27
[17:40:04] 52773988,88957,Move,303,308,400,1802,3178,2098,3470,0x27,0x27
[17:40:04] 52823997,89007,Move,304,308,400,2098,3470,2170,3470,0x27,0x27
[17:40:04] 52852996,89036,Move,304,309,400,2170,3470,2170,3544,0x27,0x27
[17:40:04] 52874999,89058,Up,304,309,400,2170,3544,2170,3544,0x27,0x20
[17:40:04] 53308004,89490,Down,280,332,400,2170,3544,406,5226,0x20,0x27
[17:40:04] 53319012,89501,Up,280,332,400,406,5226,406,5226,0x27,0x20
[17:40:04] 53412022,89594,Down,297,335,400,406,5226,1656,5446,0x20,0x27
[17:40:04] 53491986,89673,Move,298,335,400,1656,5446,1730,5446,0x27,0x27
[17:40:04] 53524995,89706,Move,301,336,400,1730,5446,1950,5518,0x27,0x27
[17:40:04] 53562991,89744,Move,304,336,400,1950,5518,2170,5518,0x27,0x27
[17:40:04] 53568027,89749,Up,304,336,400,2170,5518,2170,5518,0x27,0x20
[17:40:04] 54026987,90204,Down,352,365,400,2170,5518,5520,6720,0x20,0x27
[17:40:04] 54104013,90281,Up,352,365,400,5520,6720,5520,6720,0x27,0x20
[17:40:04] 54615004,90792,Down,349,393,400,5520,6720,5520,6720,0x00,0x0b
[17:40:04] 54679004,90856,Up,349,393,400,5520,6720,5520,6720,0x0b,0x00
[17:40:04] 55647986,91825,Down,355,435,400,5520,6720,5520,6720,0x00,0x09
[17:40:04] 55685991,91863,Up,355,435,400,5520,6720,5520,6720,0x09,0x00
[17:40:04] 56366985,92544,Down,318,383,400,5520,6720,5520,6720,0x00,0x0b
[17:40:04] 56432000,92609,Up,318,383,400,5520,6720,5520,6720,0x0b,0x00
[17:40:04] 57074002,93251,Down,350,438,400,5520,6720,5520,6720,0x00,0x09
[17:40:04] 57150988,93328,Up,350,438,400,5520,6720,5520,6720,0x09,0x00
[17:40:04] TINYDRAW_MINIMAP_CAPTURE_END events=726
[17:40:06] TINYDRAW_LIVE_PRESENT kind=chrome zoom=400 x=5520 y=6720 compose_us=10037 scroll_us=0 exposed_compose_us=0 chrome_us=2786 chrome_prepare_us=7 chrome_stage_us=2779 read_submit_us=25323 read_complete_us=28735 transfer_wait_us=20604 tile_pixels=0 uniform_pixels=164864 overview_pixels=0 fallback_pixels=0 resident_tiles=42 fallback_tiles=0 pushes=11 tear_wait_us=15193 tear_edge_isr_to_resume_us=13 tear_edge_observed=1 tear_edge_wait_resumed=1 tear_edge_timeout=0 tear_heal_attempted=0 tear_heal_command_sent=0 presentation_experiment=boundary-top-sweep te_edge=rising requested_clock_mhz=50 effective_clock_mhz=40 frame_reused=0 pass=1
[17:40:06] TINYDRAW_LIVE_PRESENT kind=chrome zoom=400 x=5520 y=6720 compose_us=10042 scroll_us=0 exposed_compose_us=0 chrome_us=4314 chrome_prepare_us=24 chrome_stage_us=4290 read_submit_us=13382 read_complete_us=17040 transfer_wait_us=20548 tile_pixels=0 uniform_pixels=164864 overview_pixels=0 fallback_pixels=0 resident_tiles=42 fallback_tiles=0 pushes=11 tear_wait_us=3229 tear_edge_isr_to_resume_us=16 tear_edge_observed=1 tear_edge_wait_resumed=1 tear_edge_timeout=0 tear_heal_attempted=0 tear_heal_command_sent=0 presentation_experiment=boundary-top-sweep te_edge=rising requested_clock_mhz=50 effective_clock_mhz=40 frame_reused=0 pass=1
[17:40:06] TINYDRAW_LIVE_PRESENT kind=chrome zoom=400 x=5520 y=6720 compose_us=10042 scroll_us=0 exposed_compose_us=0 chrome_us=2107 chrome_prepare_us=7 chrome_stage_us=2100 read_submit_us=13465 read_complete_us=16855 transfer_wait_us=19463 tile_pixels=0 uniform_pixels=164864 overview_pixels=0 fallback_pixels=0 resident_tiles=42 fallback_tiles=0 pushes=11 tear_wait_us=3316 tear_edge_isr_to_resume_us=16 tear_edge_observed=1 tear_edge_wait_resumed=1 tear_edge_timeout=0 tear_heal_attempted=0 tear_heal_command_sent=0 presentation_experiment=boundary-top-sweep te_edge=rising requested_clock_mhz=50 effective_clock_mhz=40 frame_reused=0 pass=1
[17:40:06] TINYDRAW_LIVE_PRESENT kind=chrome zoom=400 x=5520 y=6720 compose_us=10015 scroll_us=0 exposed_compose_us=0 chrome_us=4326 chrome_prepare_us=24 chrome_stage_us=4302 read_submit_us=14507 read_complete_us=18189 transfer_wait_us=20428 tile_pixels=0 uniform_pixels=164864 overview_pixels=0 fallback_pixels=0 resident_tiles=42 fallback_tiles=0 pushes=11 tear_wait_us=4373 tear_edge_isr_to_resume_us=16 tear_edge_observed=1 tear_edge_wait_resumed=1 tear_edge_timeout=0 tear_heal_attempted=0 tear_heal_command_sent=0 presentation_experiment=boundary-top-sweep te_edge=rising requested_clock_mhz=50 effective_clock_mhz=40 frame_reused=0 pass=1
[17:40:06] TINYDRAW_LIVE_PRESENT kind=chrome zoom=400 x=5520 y=6720 compose_us=10041 scroll_us=0 exposed_compose_us=0 chrome_us=2102 chrome_prepare_us=7 chrome_stage_us=2095 read_submit_us=13512 read_complete_us=16900 transfer_wait_us=19416 tile_pixels=0 uniform_pixels=164864 overview_pixels=0 fallback_pixels=0 resident_tiles=42 fallback_tiles=0 pushes=11 tear_wait_us=3369 tear_edge_isr_to_resume_us=15 tear_edge_observed=1 tear_edge_wait_resumed=1 tear_edge_timeout=0 tear_heal_attempted=0 tear_heal_command_sent=0 presentation_experiment=boundary-top-sweep te_edge=rising requested_clock_mhz=50 effective_clock_mhz=40 frame_reused=0 pass=1
[17:40:06] TINYDRAW_LIVE_PRESENT kind=chrome zoom=400 x=5520 y=6720 compose_us=10041 scroll_us=0 exposed_compose_us=0 chrome_us=2695 chrome_prepare_us=7 chrome_stage_us=2688 read_submit_us=24128 read_complete_us=27519 transfer_wait_us=19810 tile_pixels=0 uniform_pixels=164864 overview_pixels=0 fallback_pixels=0 resident_tiles=42 fallback_tiles=0 pushes=11 tear_wait_us=13995 tear_edge_isr_to_resume_us=12 tear_edge_observed=1 tear_edge_wait_resumed=1 tear_edge_timeout=0 tear_heal_attempted=0 tear_heal_command_sent=0 presentation_experiment=boundary-top-sweep te_edge=rising requested_clock_mhz=50 effective_clock_mhz=40 frame_reused=0 pass=1
[17:40:06] TINYDRAW_LIVE_PRESENT kind=chrome zoom=400 x=5520 y=6720 compose_us=10016 scroll_us=0 exposed_compose_us=0 chrome_us=2075 chrome_prepare_us=7 chrome_stage_us=2068 read_submit_us=14800 read_complete_us=18215 transfer_wait_us=20140 tile_pixels=0 uniform_pixels=164864 overview_pixels=0 fallback_pixels=0 resident_tiles=42 fallback_tiles=0 pushes=11 tear_wait_us=4689 tear_edge_isr_to_resume_us=14 tear_edge_observed=1 tear_edge_wait_resumed=1 tear_edge_timeout=0 tear_heal_attempted=0 tear_heal_command_sent=0 presentation_experiment=boundary-top-sweep te_edge=rising requested_clock_mhz=50 effective_clock_mhz=40 frame_reused=0 pass=1
