
--- RUN 1 ---
I (103) esp_image: segment 0: paddr=00010020 vaddr=3c030020 sizeESP-ROM:esp32s3-20210327
Build:Mar 27 2021
rst:0x15 (USB_UART_CHIP_RESET),boot:0x2b (SPI_FAST_FLASH_BOOT)
Saved PC:0x420080f7
SPIWP:0xee
mode:DIO, clock div:1
load:0x3fce2820,len:0x1664
load:0x403c8700,len:0xf38
load:0x403cb700,len:0x31e8
entry 0x403c8930
I (24) boot: ESP-IDF v6.0.2 2nd stage bootloader
I (24) boot: compile time Aug 13 2026 14:07:42
I (25) boot: Multicore bootloader
I (25) boot: chip revision: v0.2
I (28) boot: efuse block revision: v1.3
I (31) qio_mode: Enabling default flash chip QIO
I (36) boot.esp32s3: Boot SPI Speed : 80MHz
I (39) boot.esp32s3: SPI Mode       : QIO
I (43) boot.esp32s3: SPI Flash Size : 16MB
I (47) boot: Enabling RNG early entropy source...
I (51) boot: Partition Table:
I (54) boot: ## Label            Usage          Type ST Offset   Length
I (60) boot:  0 nvs              WiFi data        01 02 00009000 00006000
I (67) boot:  1 phy_init         RF data          01 01 0000f000 00001000
I (73) boot:  2 factory          factory app      00 00 00010000 00100000
I (80) boot:  3 drawing          Unknown data     01 40 00110000 00300000
I (86) boot:  4 export           Unknown data     01 41 00410000 00500000
I (93) boot:  5 coredump         Unknown data     01 03 00910000 00010000
I (100) boot: End of partition table
I (103) esp_image: segment 0: paddr=00010020 vaddr=3c030020 size=0eb44h ( 60228) map
I (120) esp_image: segment 1: paddr=0001eb6c vaddr=3fc93d00 size=014ach (  5292) load
I (121) esp_image: segment 2: paddr=00020020 vaddr=42000020 size=2971ch (169756) map
I (152) esp_image: segment 3: paddr=00049744 vaddr=3fc951ac size=02178h (  8568) load
I (154) esp_image: segment 4: paddr=0004b8c4 vaddr=40374000 size=0fcbch ( 64700) load
I (168) esp_image: segment 5: paddr=0005b588 vaddr=50000000 size=00024h (    36) load
I (176) boot: Loaded app from partition at offset 0x10000
I (176) boot: Disabling RNG early entropy source...
I (186) octal_psram: vendor id    : 0x0d (AP)
I (186) octal_psram: dev id       : 0x02 (generation 3)
I (186) octal_psram: density      : 0x03 (64 Mbit)
I (188) octal_psram: good-die     : 0x01 (Pass)
I (193) octal_psram: Latency      : 0x01 (Fixed)
I (197) octal_psram: VCC          : 0x01 (3V)
I (201) octal_psram: SRF          : 0x01 (Fast Refresh)
I (206) octal_psram: BurstType    : 0x01 (Hybrid Wrap)
I (211) octal_psram: BurstLen     : 0x01 (32 Byte)
I (215) octal_psram: Readlatency  : 0x02 (10 cycles@Fixed)
I (221) octal_psram: DriveStrength: 0x00 (1/1)
I (225) MSPI Timing: Enter psram timing tuning
I (230) esp_psram: Found 8MB PSRAM device
I (233) esp_psram: Speed: 80MHz
I (236) cpu_start: Multicore app
I (652) esp_psram: SPI SRAM memory test OK
I (660) cpu_start: GPIO 44 and 43 are used as console UART I/O pins
I (660) cpu_start: Pro cpu start user code
I (660) cpu_start: cpu freq: 240000000 Hz
I (662) app_init: Application information:
I (666) app_init: Project name:     tinydraw_esp32
I (670) app_init: App version:      b3c1e33
I (674) app_init: Compile time:     Aug 13 2026 14:07:37
I (679) app_init: ELF file SHA256:  2674abac7...
I (684) app_init: ESP-IDF:          v6.0.2
I (688) efuse_init: Min chip rev:     v0.0
I (691) efuse_init: Max chip rev:     v0.99 
I (695) efuse_init: Chip rev:         v0.2
I (699) heap_init: Initializing. RAM available for dynamic allocation:
I (705) heap_init: At 3FC97DF0 len 00051920 (326 KiB): RAM
I (711) heap_init: At 3FCE9710 len 00005724 (21 KiB): RAM
I (716) heap_init: At 3FCF0000 len 00008000 (32 KiB): DRAM
I (721) heap_init: At 600FE000 len 00001FE8 (7 KiB): RTCRAM
I (726) esp_psram: Adding pool of 8192K of PSRAM memory to heap allocator
I (733) spi_flash: detected chip: generic
I (737) spi_flash: flash io: qio
I (740) sleep_gpio: Configure to isolate all GPIO pins in sleep state
I (746) sleep_gpio: Enable automatic switching of GPIO sleep configuration
I (753) main_task: Started on CPU0
I (756) main_task: Calling app_main()
TINYDRAW_PANEL_HARD_RESET=1
I (949) co5300: version: 2.1.0
I (950) co5300_spi: LCD panel create success, version: 2.1.0
W (1030) co5300_spi: The 3Ah command has been used and will be overwritten by external initialization sequence
I (1130) CST816S: IC id: 183
TINYDRAW_LIVE_PRESENT kind=startup zoom=25 x=0 y=0 compose_us=34599 read_submit_us=0 read_complete_us=0 transfer_wait_us=19428 pushes=21 pass=1
TINYDRAW_LIVE_STRESS operations=1000 samples=20000 total_us=369794 average_us=369 maximum_us=535 free_psram=4714428 largest_psram=4587520
TINYDRAW_LIVE_PRESENT kind=gate_fallback zoom=100 x=0 y=0 compose_us=22488 read_submit_us=23264 read_complete_us=24067 transfer_wait_us=19181 pushes=21 pass=1
TINYDRAW_GATE1_HARD zoom=100 cold=1 operations=1000 samples=20000 steps=273 tiles=42 scanned=12000 rendered=199 max_supertask_us=6002 presentation_us=71952 total_us=441423 pass=1
TINYDRAW_LIVE_PRESENT kind=gate_fallback zoom=400 x=0 y=0 compose_us=21910 read_submit_us=22658 read_complete_us=23460 transfer_wait_us=19119 pushes=21 pass=1
TINYDRAW_GATE1_HARD zoom=400 cold=1 operations=1000 samples=20000 steps=246 tiles=42 scanned=12000 rendered=30 max_supertask_us=28335 presentation_us=71886 total_us=348615 pass=1
TINYDRAW_GATE1_WORKLOAD kind=realistic seed=7 operations=1000 samples=19844 maximum_stroke=198 load_us=241330 raw_source=1 lod_copies=0
TINYDRAW_LIVE_PRESENT kind=gate_fallback zoom=100 x=0 y=0 compose_us=22457 read_submit_us=23233 read_complete_us=24035 transfer_wait_us=19581 pushes=21 pass=1
TINYDRAW_GATE1_HARD zoom=100 cold=1 operations=1000 samples=19844 steps=336 tiles=42 scanned=12000 rendered=555 max_supertask_us=4695 presentation_us=72051 total_us=480864 pass=1
TINYDRAW_GATE1_PAN zoom=100 from_x=0 from_y=0 to_x=120 to_y=120 compose_us=25536 event_submit_us=26199 event_complete_us=27005 transfer_us=19791 setup=1 present=1 moved=1 pass=1
TINYDRAW_LIVE_PRESENT kind=gate_fallback zoom=400 x=0 y=0 compose_us=21919 read_submit_us=22630 read_complete_us=23435 transfer_wait_us=19753 pushes=21 pass=1
TINYDRAW_GATE1_HARD zoom=400 cold=1 operations=1000 samples=19844 steps=295 tiles=42 scanned=12000 rendered=155 max_supertask_us=29311 presentation_us=68715 total_us=437741 pass=1
TINYDRAW_GATE1_PAN zoom=400 from_x=0 from_y=0 to_x=120 to_y=120 compose_us=25322 event_submit_us=25988 event_complete_us=26788 transfer_us=20002 setup=1 present=1 moved=1 pass=1
TINYDRAW_GATE1_DRAW_FILL zoom=400 revision=2002 append_us=477 poll_gap_us=666 event_submit_us=2758 event_complete_us=2935 max_compute_slice_us=29312 max_display_slice_us=29312 fill_us=472982 stale_rejected=1 pass=1
TINYDRAW_GATE1_AUTOMATED_DONE stress=1 stress_100=1 stress_400=1 workload=1 hard_100=1 hard_400=1 pan_100=1 pan_400=1 draw_fill=1 return=1 ssaa_receipt=yellow

--- RUN 2 ---
ESP-ROM:esp32s3-20210327
Build:Mar 27 2021
rst:0x15 (USB_UART_CHIP_RESET),boot:0x2b (SPI_FAST_FLASH_BOOT)
Saved PC:0x42009878
SPIWP:0xee
mode:DIO, clock div:1
load:0x3fce2820,len:0x1664
load:0x403c8700,len:0xf38
load:0x403cb700,len:0x31e8
entry 0x403c8930
I (24) boot: ESP-IDF v6.0.2 2nd stage bootloader
I (24) boot: compile time Aug 13 2026 14:07:42
I (25) boot: Multicore bootloader
I (25) boot: chip revision: v0.2
I (28) boot: efuse block revision: v1.3
I (31) qio_mode: Enabling default flash chip QIO
I (36) boot.esp32s3: Boot SPI Speed : 80MHz
I (39) boot.esp32s3: SPI Mode       : QIO
I (43) boot.esp32s3: SPI Flash Size : 16MB
I (47) boot: Enabling RNG early entropy source...
I (51) boot: Partition Table:
I (54) boot: ## Label            Usage          Type ST Offset   Length
I (60) boot:  0 nvs              WiFi data        01 02 00009000 00006000
I (67) boot:  1 phy_init         RF data          01 01 0000f000 00001000
I (73) boot:  2 factory          factory app      00 00 00010000 00100000
I (80) boot:  3 drawing          Unknown data     01 40 00110000 00300000
I (86) boot:  4 export           Unknown data     01 41 00410000 00500000
I (93) boot:  5 coredump         Unknown data     01 03 00910000 00010000
I (100) boot: End of partition table
I (103) esp_image: segment 0: paddr=00010020 vaddr=3c030020 size=0eb44h ( 60228) map
I (120) esp_image: segment 1: paddr=0001eb6c vaddr=3fc93d00 size=014ach (  5292) load
I (121) esp_image: segment 2: paddr=00020020 vaddr=42000020 size=2971ch (169756) map
I (152) esp_image: segment 3: paddr=00049744 vaddr=3fc951ac size=02178h (  8568) load
I (154) esp_image: segment 4: paddr=0004b8c4 vaddr=40374000 size=0fcbch ( 64700) load
I (168) esp_image: segment 5: paddr=0005b588 vaddr=50000000 size=00024h (    36) load
I (176) boot: Loaded app from partition at offset 0x10000
I (176) boot: Disabling RNG early entropy source...
I (186) octal_psram: vendor id    : 0x0d (AP)
I (186) octal_psram: dev id       : 0x02 (generation 3)
I (186) octal_psram: density      : 0x03 (64 Mbit)
I (188) octal_psram: good-die     : 0x01 (Pass)
I (193) octal_psram: Latency      : 0x01 (Fixed)
I (197) octal_psram: VCC          : 0x01 (3V)
I (201) octal_psram: SRF          : 0x01 (Fast Refresh)
I (206) octal_psram: BurstType    : 0x01 (Hybrid Wrap)
I (211) octal_psram: BurstLen     : 0x01 (32 Byte)
I (215) octal_psram: Readlatency  : 0x02 (10 cycles@Fixed)
I (221) octal_psram: DriveStrength: 0x00 (1/1)
I (225) MSPI Timing: Enter psram timing tuning
I (230) esp_psram: Found 8MB PSRAM device
I (233) esp_psram: Speed: 80MHz
I (236) cpu_start: Multicore app
I (652) esp_psram: SPI SRAM memory test OK
I (660) cpu_start: GPIO 44 and 43 are used as console UART I/O pins
I (660) cpu_start: Pro cpu start user code
I (660) cpu_start: cpu freq: 240000000 Hz
I (662) app_init: Application information:
I (666) app_init: Project name:     tinydraw_esp32
I (670) app_init: App version:      b3c1e33
I (674) app_init: Compile time:     Aug 13 2026 14:07:37
I (679) app_init: ELF file SHA256:  2674abac7...
I (684) app_init: ESP-IDF:          v6.0.2
I (688) efuse_init: Min chip rev:     v0.0
I (691) efuse_init: Max chip rev:     v0.99 
I (695) efuse_init: Chip rev:         v0.2
I (699) heap_init: Initializing. RAM available for dynamic allocation:
I (705) heap_init: At 3FC97DF0 len 00051920 (326 KiB): RAM
I (711) heap_init: At 3FCE9710 len 00005724 (21 KiB): RAM
I (716) heap_init: At 3FCF0000 len 00008000 (32 KiB): DRAM
I (721) heap_init: At 600FE000 len 00001FE8 (7 KiB): RTCRAM
I (726) esp_psram: Adding pool of 8192K of PSRAM memory to heap allocator
I (733) spi_flash: detected chip: generic
I (737) spi_flash: flash io: qio
I (740) sleep_gpio: Configure to isolate all GPIO pins in sleep state
I (746) sleep_gpio: Enable automatic switching of GPIO sleep configuration
I (753) main_task: Started on CPU0
I (756) main_task: Calling app_main()
TINYDRAW_PANEL_HARD_RESET=1
I (949) co5300: version: 2.1.0
I (950) co5300_spi: LCD panel create success, version: 2.1.0
W (1030) co5300_spi: The 3Ah command has been used and will be overwritten by external initialization sequence
I (1130) CST816S: IC id: 183
TINYDRAW_LIVE_PRESENT kind=startup zoom=25 x=0 y=0 compose_us=34599 read_submit_us=0 read_complete_us=0 transfer_wait_us=19428 pushes=21 pass=1
TINYDRAW_LIVE_STRESS operations=1000 samples=20000 total_us=369795 average_us=369 maximum_us=535 free_psram=4714428 largest_psram=4587520
TINYDRAW_LIVE_PRESENT kind=gate_fallback zoom=100 x=0 y=0 compose_us=22487 read_submit_us=23264 read_complete_us=24066 transfer_wait_us=19180 pushes=21 pass=1
TINYDRAW_GATE1_HARD zoom=100 cold=1 operations=1000 samples=20000 steps=273 tiles=42 scanned=12000 rendered=199 max_supertask_us=6002 presentation_us=71956 total_us=441424 pass=1
TINYDRAW_LIVE_PRESENT kind=gate_fallback zoom=400 x=0 y=0 compose_us=21910 read_submit_us=22658 read_complete_us=23460 transfer_wait_us=19117 pushes=21 pass=1
TINYDRAW_GATE1_HARD zoom=400 cold=1 operations=1000 samples=20000 steps=246 tiles=42 scanned=12000 rendered=30 max_supertask_us=28335 presentation_us=71885 total_us=348615 pass=1
TINYDRAW_GATE1_WORKLOAD kind=realistic seed=7 operations=1000 samples=19844 maximum_stroke=198 load_us=241329 raw_source=1 lod_copies=0
TINYDRAW_LIVE_PRESENT kind=gate_fallback zoom=100 x=0 y=0 compose_us=22456 read_submit_us=23232 read_complete_us=24035 transfer_wait_us=19584 pushes=21 pass=1
TINYDRAW_GATE1_HARD zoom=100 cold=1 operations=1000 samples=19844 steps=336 tiles=42 scanned=12000 rendered=555 max_supertask_us=4695 presentation_us=72056 total_us=480864 pass=1
TINYDRAW_GATE1_PAN zoom=100 from_x=0 from_y=0 to_x=120 to_y=120 compose_us=25537 event_submit_us=26201 event_complete_us=27007 transfer_us=19790 setup=1 present=1 moved=1 pass=1
TINYDRAW_LIVE_PRESENT kind=gate_fallback zoom=400 x=0 y=0 compose_us=21920 read_submit_us=22629 read_complete_us=23435 transfer_wait_us=19754 pushes=21 pass=1
TINYDRAW_GATE1_HARD zoom=400 cold=1 operations=1000 samples=19844 steps=295 tiles=42 scanned=12000 rendered=155 max_supertask_us=29311 presentation_us=68714 total_us=437742 pass=1
TINYDRAW_GATE1_PAN zoom=400 from_x=0 from_y=0 to_x=120 to_y=120 compose_us=25322 event_submit_us=25989 event_complete_us=26789 transfer_us=20002 setup=1 present=1 moved=1 pass=1
TINYDRAW_GATE1_DRAW_FILL zoom=400 revision=2002 append_us=477 poll_gap_us=666 event_submit_us=2758 event_complete_us=2935 max_compute_slice_us=29312 max_display_slice_us=29312 fill_us=472982 stale_rejected=1 pass=1
TINYDRAW_GATE1_AUTOMATED_DONE stress=1 stress_100=1 stress_400=1 workload=1 hard_100=1 hard_400=1 pan_100=1 pan_400=1 draw_fill=1 return=1 ssaa_receipt=yellow
TINYDRAW_LIVE_READY zoom=25 controls=toolbar button=cycle_25_100_400 long_button=load_1000 operations_capacity=4000 samples_capacity=80000 live_storage_bytes=3628512 free_psram=4714428 largest_psram=4587520

--- RUN 3 ---
ESP-ROM:esp32s3-20210327
Build:Mar 27 2021
rst:0x15 (USB_UART_CHIP_RESET),boot:0x2b (SPI_FAST_FLASH_BOOT)
Saved PC:0x4037b7d6
SPIWP:0xee
mode:DIO, clock div:1
load:0x3fce2820,len:0x1664
load:0x403c8700,len:0xf38
load:0x403cb700,len:0x31e8
entry 0x403c8930
I (24) boot: ESP-IDF v6.0.2 2nd stage bootloader
I (24) boot: compile time Aug 13 2026 14:07:42
I (25) boot: Multicore bootloader
I (25) boot: chip revision: v0.2
I (28) boot: efuse block revision: v1.3
I (31) qio_mode: Enabling default flash chip QIO
I (36) boot.esp32s3: Boot SPI Speed : 80MHz
I (39) boot.esp32s3: SPI Mode       : QIO
I (43) boot.esp32s3: SPI Flash Size : 16MB
I (47) boot: Enabling RNG early entropy source...
I (51) boot: Partition Table:
I (54) boot: ## Label            Usage          Type ST Offset   Length
I (60) boot:  0 nvs              WiFi data        01 02 00009000 00006000
I (67) boot:  1 phy_init         RF data          01 01 0000f000 00001000
I (73) boot:  2 factory          factory app      00 00 00010000 00100000
I (80) boot:  3 drawing          Unknown data     01 40 00110000 00300000
I (86) boot:  4 export           Unknown data     01 41 00410000 00500000
I (93) boot:  5 coredump         Unknown data     01 03 00910000 00010000
I (100) boot: End of partition table
I (103) esp_image: segment 0: paddr=00010020 vaddr=3c030020 size=0eb44h ( 60228) map
I (120) esp_image: segment 1: paddr=0001eb6c vaddr=3fc93d00 size=014ach (  5292) load
I (121) esp_image: segment 2: paddr=00020020 vaddr=42000020 size=2971ch (169756) map
I (152) esp_image: segment 3: paddr=00049744 vaddr=3fc951ac size=02178h (  8568) load
I (154) esp_image: segment 4: paddr=0004b8c4 vaddr=40374000 size=0fcbch ( 64700) load
I (168) esp_image: segment 5: paddr=0005b588 vaddr=50000000 size=00024h (    36) load
I (176) boot: Loaded app from partition at offset 0x10000
I (176) boot: Disabling RNG early entropy source...
I (186) octal_psram: vendor id    : 0x0d (AP)
I (186) octal_psram: dev id       : 0x02 (generation 3)
I (187) octal_psram: density      : 0x03 (64 Mbit)
I (188) octal_psram: good-die     : 0x01 (Pass)
I (193) octal_psram: Latency      : 0x01 (Fixed)
I (197) octal_psram: VCC          : 0x01 (3V)
I (201) octal_psram: SRF          : 0x01 (Fast Refresh)
I (206) octal_psram: BurstType    : 0x01 (Hybrid Wrap)
I (211) octal_psram: BurstLen     : 0x01 (32 Byte)
I (215) octal_psram: Readlatency  : 0x02 (10 cycles@Fixed)
I (221) octal_psram: DriveStrength: 0x00 (1/1)
I (225) MSPI Timing: Enter psram timing tuning
I (230) esp_psram: Found 8MB PSRAM device
I (233) esp_psram: Speed: 80MHz
I (236) cpu_start: Multicore app
I (652) esp_psram: SPI SRAM memory test OK
I (660) cpu_start: GPIO 44 and 43 are used as console UART I/O pins
I (660) cpu_start: Pro cpu start user code
I (660) cpu_start: cpu freq: 240000000 Hz
I (662) app_init: Application information:
I (666) app_init: Project name:     tinydraw_esp32
I (670) app_init: App version:      b3c1e33
I (674) app_init: Compile time:     Aug 13 2026 14:07:37
I (679) app_init: ELF file SHA256:  2674abac7...
I (684) app_init: ESP-IDF:          v6.0.2
I (688) efuse_init: Min chip rev:     v0.0
I (691) efuse_init: Max chip rev:     v0.99 
I (695) efuse_init: Chip rev:         v0.2
I (699) heap_init: Initializing. RAM available for dynamic allocation:
I (705) heap_init: At 3FC97DF0 len 00051920 (326 KiB): RAM
I (711) heap_init: At 3FCE9710 len 00005724 (21 KiB): RAM
I (716) heap_init: At 3FCF0000 len 00008000 (32 KiB): DRAM
I (721) heap_init: At 600FE000 len 00001FE8 (7 KiB): RTCRAM
I (726) esp_psram: Adding pool of 8192K of PSRAM memory to heap allocator
I (733) spi_flash: detected chip: generic
I (737) spi_flash: flash io: qio
I (740) sleep_gpio: Configure to isolate all GPIO pins in sleep state
I (746) sleep_gpio: Enable automatic switching of GPIO sleep configuration
I (753) main_task: Started on CPU0
I (756) main_task: Calling app_main()
TINYDRAW_PANEL_HARD_RESET=1
I (949) co5300: version: 2.1.0
I (950) co5300_spi: LCD panel create success, version: 2.1.0
W (1030) co5300_spi: The 3Ah command has been used and will be overwritten by external initialization sequence
I (1130) CST816S: IC id: 183
TINYDRAW_LIVE_PRESENT kind=startup zoom=25 x=0 y=0 compose_us=34598 read_submit_us=0 read_complete_us=0 transfer_wait_us=19427 pushes=21 pass=1
TINYDRAW_LIVE_STRESS operations=1000 samples=20000 total_us=369794 average_us=369 maximum_us=535 free_psram=4714428 largest_psram=4587520
TINYDRAW_LIVE_PRESENT kind=gate_fallback zoom=100 x=0 y=0 compose_us=22487 read_submit_us=23263 read_complete_us=24066 transfer_wait_us=19184 pushes=21 pass=1
TINYDRAW_GATE1_HARD zoom=100 cold=1 operations=1000 samples=20000 steps=273 tiles=42 scanned=12000 rendered=199 max_supertask_us=6002 presentation_us=71948 total_us=441423 pass=1
TINYDRAW_LIVE_PRESENT kind=gate_fallback zoom=400 x=0 y=0 compose_us=21909 read_submit_us=22658 read_complete_us=23461 transfer_wait_us=19119 pushes=21 pass=1
TINYDRAW_GATE1_HARD zoom=400 cold=1 operations=1000 samples=20000 steps=246 tiles=42 scanned=12000 rendered=30 max_supertask_us=28335 presentation_us=71882 total_us=348615 pass=1
TINYDRAW_GATE1_WORKLOAD kind=realistic seed=7 operations=1000 samples=19844 maximum_stroke=198 load_us=241329 raw_source=1 lod_copies=0
TINYDRAW_LIVE_PRESENT kind=gate_fallback zoom=100 x=0 y=0 compose_us=22456 read_submit_us=23232 read_complete_us=24035 transfer_wait_us=19584 pushes=21 pass=1
TINYDRAW_GATE1_HARD zoom=100 cold=1 operations=1000 samples=19844 steps=336 tiles=42 scanned=12000 rendered=555 max_supertask_us=4694 presentation_us=72053 total_us=480864 pass=1
TINYDRAW_GATE1_PAN zoom=100 from_x=0 from_y=0 to_x=120 to_y=120 compose_us=25536 event_submit_us=26200 event_complete_us=27006 transfer_us=19790 setup=1 present=1 moved=1 pass=1
TINYDRAW_LIVE_PRESENT kind=gate_fallback zoom=400 x=0 y=0 compose_us=21919 read_submit_us=22630 read_complete_us=23435 transfer_wait_us=19753 pushes=21 pass=1
TINYDRAW_GATE1_HARD zoom=400 cold=1 operations=1000 samples=19844 steps=295 tiles=42 scanned=12000 rendered=155 max_supertask_us=29311 presentation_us=68714 total_us=437741 pass=1
TINYDRAW_GATE1_PAN zoom=400 from_x=0 from_y=0 to_x=120 to_y=120 compose_us=25322 event_submit_us=25988 event_complete_us=26788 transfer_us=20002 setup=1 present=1 moved=1 pass=1
TINYDRAW_GATE1_DRAW_FILL zoom=400 revision=2002 append_us=476 poll_gap_us=666 event_submit_us=2758 event_complete_us=2935 max_compute_slice_us=29312 max_display_slice_us=29312 fill_us=472984 stale_rejected=1 pass=1
TINYDRAW_GATE1_AUTOMATED_DONE stress=1 stress_100=1 stress_400=1 workload=1 hard_100=1 hard_400=1 pan_100=1 pan_400=1 draw_fill=1 return=1 ssaa_receipt=yellow
TINYDRAW_LIVE_READY zoom=25 controls=toolbar button=cycle_25_100_400 long_button=load_1000 operations_capacity=4000 samples_capacity=80000 live_storage_bytes=3628512 free_psram=4714428 largest_psram=4587520

--- RUN 4 ---
ESP-ROM:esp32s3-20210327
Build:Mar 27 2021
rst:0x15 (USB_UART_CHIP_RESET),boot:0x2b (SPI_FAST_FLASH_BOOT)
Saved PC:0x4037b7d6
SPIWP:0xee
mode:DIO, clock div:1
load:0x3fce2820,len:0x1664
load:0x403c8700,len:0xf38
load:0x403cb700,len:0x31e8
entry 0x403c8930
I (24) boot: ESP-IDF v6.0.2 2nd stage bootloader
I (24) boot: compile time Aug 13 2026 14:07:42
I (25) boot: Multicore bootloader
I (25) boot: chip revision: v0.2
I (28) boot: efuse block revision: v1.3
I (31) qio_mode: Enabling default flash chip QIO
I (36) boot.esp32s3: Boot SPI Speed : 80MHz
I (39) boot.esp32s3: SPI Mode       : QIO
I (43) boot.esp32s3: SPI Flash Size : 16MB
I (47) boot: Enabling RNG early entropy source...
I (51) boot: Partition Table:
I (54) boot: ## Label            Usage          Type ST Offset   Length
I (60) boot:  0 nvs              WiFi data        01 02 00009000 00006000
I (67) boot:  1 phy_init         RF data          01 01 0000f000 00001000
I (73) boot:  2 factory          factory app      00 00 00010000 00100000
I (80) boot:  3 drawing          Unknown data     01 40 00110000 00300000
I (86) boot:  4 export           Unknown data     01 41 00410000 00500000
I (93) boot:  5 coredump         Unknown data     01 03 00910000 00010000
I (100) boot: End of partition table
I (103) esp_image: segment 0: paddr=00010020 vaddr=3c030020 size=0eb44h ( 60228) map
I (120) esp_image: segment 1: paddr=0001eb6c vaddr=3fc93d00 size=014ach (  5292) load
I (121) esp_image: segment 2: paddr=00020020 vaddr=42000020 size=2971ch (169756) map
I (152) esp_image: segment 3: paddr=00049744 vaddr=3fc951ac size=02178h (  8568) load
I (154) esp_image: segment 4: paddr=0004b8c4 vaddr=40374000 size=0fcbch ( 64700) load
I (168) esp_image: segment 5: paddr=0005b588 vaddr=50000000 size=00024h (    36) load
I (176) boot: Loaded app from partition at offset 0x10000
I (176) boot: Disabling RNG early entropy source...
I (186) octal_psram: vendor id    : 0x0d (AP)
I (186) octal_psram: dev id       : 0x02 (generation 3)
I (186) octal_psram: density      : 0x03 (64 Mbit)
I (188) octal_psram: good-die     : 0x01 (Pass)
I (193) octal_psram: Latency      : 0x01 (Fixed)
I (197) octal_psram: VCC          : 0x01 (3V)
I (201) octal_psram: SRF          : 0x01 (Fast Refresh)
I (206) octal_psram: BurstType    : 0x01 (Hybrid Wrap)
I (211) octal_psram: BurstLen     : 0x01 (32 Byte)
I (215) octal_psram: Readlatency  : 0x02 (10 cycles@Fixed)
I (221) octal_psram: DriveStrength: 0x00 (1/1)
I (225) MSPI Timing: Enter psram timing tuning
I (230) esp_psram: Found 8MB PSRAM device
I (233) esp_psram: Speed: 80MHz
I (236) cpu_start: Multicore app
I (652) esp_psram: SPI SRAM memory test OK
I (660) cpu_start: GPIO 44 and 43 are used as console UART I/O pins
I (660) cpu_start: Pro cpu start user code
I (660) cpu_start: cpu freq: 240000000 Hz
I (662) app_init: Application information:
I (666) app_init: Project name:     tinydraw_esp32
I (670) app_init: App version:      b3c1e33
I (674) app_init: Compile time:     Aug 13 2026 14:07:37
I (679) app_init: ELF file SHA256:  2674abac7...
I (684) app_init: ESP-IDF:          v6.0.2
I (688) efuse_init: Min chip rev:     v0.0
I (691) efuse_init: Max chip rev:     v0.99 
I (695) efuse_init: Chip rev:         v0.2
I (699) heap_init: Initializing. RAM available for dynamic allocation:
I (705) heap_init: At 3FC97DF0 len 00051920 (326 KiB): RAM
I (711) heap_init: At 3FCE9710 len 00005724 (21 KiB): RAM
I (716) heap_init: At 3FCF0000 len 00008000 (32 KiB): DRAM
I (721) heap_init: At 600FE000 len 00001FE8 (7 KiB): RTCRAM
I (726) esp_psram: Adding pool of 8192K of PSRAM memory to heap allocator
I (733) spi_flash: detected chip: generic
I (737) spi_flash: flash io: qio
I (740) sleep_gpio: Configure to isolate all GPIO pins in sleep state
I (746) sleep_gpio: Enable automatic switching of GPIO sleep configuration
I (753) main_task: Started on CPU0
I (756) main_task: Calling app_main()
TINYDRAW_PANEL_HARD_RESET=1
I (949) co5300: version: 2.1.0
I (950) co5300_spi: LCD panel create success, version: 2.1.0
W (1030) co5300_spi: The 3Ah command has been used and will be overwritten by external initialization sequence
I (1130) CST816S: IC id: 183
TINYDRAW_LIVE_PRESENT kind=startup zoom=25 x=0 y=0 compose_us=34599 read_submit_us=0 read_complete_us=0 transfer_wait_us=19427 pushes=21 pass=1
TINYDRAW_LIVE_STRESS operations=1000 samples=20000 total_us=369794 average_us=369 maximum_us=536 free_psram=4714428 largest_psram=4587520
TINYDRAW_LIVE_PRESENT kind=gate_fallback zoom=100 x=0 y=0 compose_us=22487 read_submit_us=23263 read_complete_us=24066 transfer_wait_us=19184 pushes=21 pass=1
TINYDRAW_GATE1_HARD zoom=100 cold=1 operations=1000 samples=20000 steps=273 tiles=42 scanned=12000 rendered=199 max_supertask_us=6003 presentation_us=71971 total_us=441422 pass=1
TINYDRAW_LIVE_PRESENT kind=gate_fallback zoom=400 x=0 y=0 compose_us=21909 read_submit_us=22657 read_complete_us=23460 transfer_wait_us=19119 pushes=21 pass=1
TINYDRAW_GATE1_HARD zoom=400 cold=1 operations=1000 samples=20000 steps=246 tiles=42 scanned=12000 rendered=30 max_supertask_us=28334 presentation_us=71901 total_us=348614 pass=1
TINYDRAW_GATE1_WORKLOAD kind=realistic seed=7 operations=1000 samples=19844 maximum_stroke=198 load_us=241330 raw_source=1 lod_copies=0
TINYDRAW_LIVE_PRESENT kind=gate_fallback zoom=100 x=0 y=0 compose_us=22456 read_submit_us=23232 read_complete_us=24034 transfer_wait_us=19583 pushes=21 pass=1
TINYDRAW_GATE1_HARD zoom=100 cold=1 operations=1000 samples=19844 steps=336 tiles=42 scanned=12000 rendered=555 max_supertask_us=4694 presentation_us=72072 total_us=480864 pass=1
TINYDRAW_GATE1_PAN zoom=100 from_x=0 from_y=0 to_x=120 to_y=120 compose_us=25537 event_submit_us=26200 event_complete_us=27006 transfer_us=19791 setup=1 present=1 moved=1 pass=1
TINYDRAW_LIVE_PRESENT kind=gate_fallback zoom=400 x=0 y=0 compose_us=21920 read_submit_us=22630 read_complete_us=23435 transfer_wait_us=19754 pushes=21 pass=1
TINYDRAW_GATE1_HARD zoom=400 cold=1 operations=1000 samples=19844 steps=295 tiles=42 scanned=12000 rendered=155 max_supertask_us=29312 presentation_us=68734 total_us=437741 pass=1
TINYDRAW_GATE1_PAN zoom=400 from_x=0 from_y=0 to_x=120 to_y=120 compose_us=25322 event_submit_us=25989 event_complete_us=26789 transfer_us=20002 setup=1 present=1 moved=1 pass=1
TINYDRAW_GATE1_DRAW_FILL zoom=400 revision=2002 append_us=476 poll_gap_us=667 event_submit_us=2757 event_complete_us=2935 max_compute_slice_us=29312 max_display_slice_us=29312 fill_us=472983 stale_rejected=1 pass=1
TINYDRAW_GATE1_AUTOMATED_DONE stress=1 stress_100=1 stress_400=1 workload=1 hard_100=1 hard_400=1 pan_100=1 pan_400=1 draw_fill=1 return=1 ssaa_receipt=yellow
TINYDRAW_LIVE_READY zoom=25 controls=toolbar button=cycle_25_100_400 long_button=load_1000 operations_capacity=4000 samples_capacity=80000 live_storage_bytes=3628512 free_psram=4714428 largest_psram=4587520

--- RUN 5 ---
ESP-ROM:esp32s3-20210327
Build:Mar 27 2021
rst:0x15 (USB_UART_CHIP_RESET),boot:0x2b (SPI_FAST_FLASH_BOOT)
Saved PC:0x4037b7d6
SPIWP:0xee
mode:DIO, clock div:1
load:0x3fce2820,len:0x1664
load:0x403c8700,len:0xf38
load:0x403cb700,len:0x31e8
entry 0x403c8930
I (24) boot: ESP-IDF v6.0.2 2nd stage bootloader
I (24) boot: compile time Aug 13 2026 14:07:42
I (25) boot: Multicore bootloader
I (25) boot: chip revision: v0.2
I (28) boot: efuse block revision: v1.3
I (31) qio_mode: Enabling default flash chip QIO
I (36) boot.esp32s3: Boot SPI Speed : 80MHz
I (39) boot.esp32s3: SPI Mode       : QIO
I (43) boot.esp32s3: SPI Flash Size : 16MB
I (47) boot: Enabling RNG early entropy source...
I (51) boot: Partition Table:
I (54) boot: ## Label            Usage          Type ST Offset   Length
I (60) boot:  0 nvs              WiFi data        01 02 00009000 00006000
I (67) boot:  1 phy_init         RF data          01 01 0000f000 00001000
I (73) boot:  2 factory          factory app      00 00 00010000 00100000
I (80) boot:  3 drawing          Unknown data     01 40 00110000 00300000
I (86) boot:  4 export           Unknown data     01 41 00410000 00500000
I (93) boot:  5 coredump         Unknown data     01 03 00910000 00010000
I (100) boot: End of partition table
I (103) esp_image: segment 0: paddr=00010020 vaddr=3c030020 size=0eb44h ( 60228) map
I (120) esp_image: segment 1: paddr=0001eb6c vaddr=3fc93d00 size=014ach (  5292) load
I (121) esp_image: segment 2: paddr=00020020 vaddr=42000020 size=2971ch (169756) map
I (152) esp_image: segment 3: paddr=00049744 vaddr=3fc951ac size=02178h (  8568) load
I (154) esp_image: segment 4: paddr=0004b8c4 vaddr=40374000 size=0fcbch ( 64700) load
I (168) esp_image: segment 5: paddr=0005b588 vaddr=50000000 size=00024h (    36) load
I (176) boot: Loaded app from partition at offset 0x10000
I (176) boot: Disabling RNG early entropy source...
I (186) octal_psram: vendor id    : 0x0d (AP)
I (186) octal_psram: dev id       : 0x02 (generation 3)
I (186) octal_psram: density      : 0x03 (64 Mbit)
I (188) octal_psram: good-die     : 0x01 (Pass)
I (193) octal_psram: Latency      : 0x01 (Fixed)
I (197) octal_psram: VCC          : 0x01 (3V)
I (201) octal_psram: SRF          : 0x01 (Fast Refresh)
I (206) octal_psram: BurstType    : 0x01 (Hybrid Wrap)
I (211) octal_psram: BurstLen     : 0x01 (32 Byte)
I (215) octal_psram: Readlatency  : 0x02 (10 cycles@Fixed)
I (221) octal_psram: DriveStrength: 0x00 (1/1)
I (225) MSPI Timing: Enter psram timing tuning
I (230) esp_psram: Found 8MB PSRAM device
I (233) esp_psram: Speed: 80MHz
I (236) cpu_start: Multicore app
I (652) esp_psram: SPI SRAM memory test OK
I (660) cpu_start: GPIO 44 and 43 are used as console UART I/O pins
I (660) cpu_start: Pro cpu start user code
I (661) cpu_start: cpu freq: 240000000 Hz
I (662) app_init: Application information:
I (666) app_init: Project name:     tinydraw_esp32
I (670) app_init: App version:      b3c1e33
I (674) app_init: Compile time:     Aug 13 2026 14:07:37
I (679) app_init: ELF file SHA256:  2674abac7...
I (684) app_init: ESP-IDF:          v6.0.2
I (688) efuse_init: Min chip rev:     v0.0
I (691) efuse_init: Max chip rev:     v0.99 
I (695) efuse_init: Chip rev:         v0.2
I (699) heap_init: Initializing. RAM available for dynamic allocation:
I (705) heap_init: At 3FC97DF0 len 00051920 (326 KiB): RAM
I (711) heap_init: At 3FCE9710 len 00005724 (21 KiB): RAM
I (716) heap_init: At 3FCF0000 len 00008000 (32 KiB): DRAM
I (721) heap_init: At 600FE000 len 00001FE8 (7 KiB): RTCRAM
I (726) esp_psram: Adding pool of 8192K of PSRAM memory to heap allocator
I (733) spi_flash: detected chip: generic
I (737) spi_flash: flash io: qio
I (740) sleep_gpio: Configure to isolate all GPIO pins in sleep state
I (746) sleep_gpio: Enable automatic switching of GPIO sleep configuration
I (753) main_task: Started on CPU0
I (756) main_task: Calling app_main()
TINYDRAW_PANEL_HARD_RESET=1
I (949) co5300: version: 2.1.0
I (950) co5300_spi: LCD panel create success, version: 2.1.0
W (1030) co5300_spi: The 3Ah command has been used and will be overwritten by external initialization sequence
I (1130) CST816S: IC id: 183
TINYDRAW_LIVE_PRESENT kind=startup zoom=25 x=0 y=0 compose_us=34599 read_submit_us=0 read_complete_us=0 transfer_wait_us=19427 pushes=21 pass=1
TINYDRAW_LIVE_STRESS operations=1000 samples=20000 total_us=369794 average_us=369 maximum_us=536 free_psram=4714428 largest_psram=4587520
TINYDRAW_LIVE_PRESENT kind=gate_fallback zoom=100 x=0 y=0 compose_us=22487 read_submit_us=23263 read_complete_us=24066 transfer_wait_us=19184 pushes=21 pass=1
TINYDRAW_GATE1_HARD zoom=100 cold=1 operations=1000 samples=20000 steps=273 tiles=42 scanned=12000 rendered=199 max_supertask_us=6003 presentation_us=71971 total_us=441422 pass=1
TINYDRAW_LIVE_PRESENT kind=gate_fallback zoom=400 x=0 y=0 compose_us=21909 read_submit_us=22657 read_complete_us=23460 transfer_wait_us=19119 pushes=21 pass=1
TINYDRAW_GATE1_HARD zoom=400 cold=1 operations=1000 samples=20000 steps=246 tiles=42 scanned=12000 rendered=30 max_supertask_us=28335 presentation_us=71903 total_us=348614 pass=1
TINYDRAW_GATE1_WORKLOAD kind=realistic seed=7 operations=1000 samples=19844 maximum_stroke=198 load_us=241330 raw_source=1 lod_copies=0
TINYDRAW_LIVE_PRESENT kind=gate_fallback zoom=100 x=0 y=0 compose_us=22456 read_submit_us=23232 read_complete_us=24034 transfer_wait_us=19583 pushes=21 pass=1
TINYDRAW_GATE1_HARD zoom=100 cold=1 operations=1000 samples=19844 steps=336 tiles=42 scanned=12000 rendered=555 max_supertask_us=4694 presentation_us=72076 total_us=480864 pass=1
TINYDRAW_GATE1_PAN zoom=100 from_x=0 from_y=0 to_x=120 to_y=120 compose_us=25537 event_submit_us=26200 event_complete_us=27006 transfer_us=19791 setup=1 present=1 moved=1 pass=1
TINYDRAW_LIVE_PRESENT kind=gate_fallback zoom=400 x=0 y=0 compose_us=21919 read_submit_us=22630 read_complete_us=23435 transfer_wait_us=19754 pushes=21 pass=1
TINYDRAW_GATE1_HARD zoom=400 cold=1 operations=1000 samples=19844 steps=295 tiles=42 scanned=12000 rendered=155 max_supertask_us=29311 presentation_us=68737 total_us=437741 pass=1
TINYDRAW_GATE1_PAN zoom=400 from_x=0 from_y=0 to_x=120 to_y=120 compose_us=25322 event_submit_us=25989 event_complete_us=26789 transfer_us=20002 setup=1 present=1 moved=1 pass=1
TINYDRAW_GATE1_DRAW_FILL zoom=400 revision=2002 append_us=476 poll_gap_us=667 event_submit_us=2757 event_complete_us=2935 max_compute_slice_us=29312 max_display_slice_us=29312 fill_us=472983 stale_rejected=1 pass=1
TINYDRAW_GATE1_AUTOMATED_DONE stress=1 stress_100=1 stress_400=1 workload=1 hard_100=1 hard_400=1 pan_100=1 pan_400=1 draw_fill=1 return=1 ssaa_receipt=yellow

--- RUN 6 ---
ESP-ROM:esp32s3-20210327
Build:Mar 27 2021
rst:0x15 (USB_UART_CHIP_RESET),boot:0x2b (SPI_FAST_FLASH_BOOT)
Saved PC:0x42009878
SPIWP:0xee
mode:DIO, clock div:1
load:0x3fce2820,len:0x1664
load:0x403c8700,len:0xf38
load:0x403cb700,len:0x31e8
entry 0x403c8930
I (24) boot: ESP-IDF v6.0.2 2nd stage bootloader
I (24) boot: compile time Aug 13 2026 14:07:42
I (25) boot: Multicore bootloader
I (25) boot: chip revision: v0.2
I (28) boot: efuse block revision: v1.3
I (31) qio_mode: Enabling default flash chip QIO
I (36) boot.esp32s3: Boot SPI Speed : 80MHz
I (39) boot.esp32s3: SPI Mode       : QIO
I (43) boot.esp32s3: SPI Flash Size : 16MB
I (47) boot: Enabling RNG early entropy source...
I (51) boot: Partition Table:
I (54) boot: ## Label            Usage          Type ST Offset   Length
I (60) boot:  0 nvs              WiFi data        01 02 00009000 00006000
I (67) boot:  1 phy_init         RF data          01 01 0000f000 00001000
I (73) boot:  2 factory          factory app      00 00 00010000 00100000
I (80) boot:  3 drawing          Unknown data     01 40 00110000 00300000
I (86) boot:  4 export           Unknown data     01 41 00410000 00500000
I (93) boot:  5 coredump         Unknown data     01 03 00910000 00010000
I (100) boot: End of partition table
I (103) esp_image: segment 0: paddr=00010020 vaddr=3c030020 size=0eb44h ( 60228) map
I (120) esp_image: segment 1: paddr=0001eb6c vaddr=3fc93d00 size=014ach (  5292) load
I (121) esp_image: segment 2: paddr=00020020 vaddr=42000020 size=2971ch (169756) map
I (152) esp_image: segment 3: paddr=00049744 vaddr=3fc951ac size=02178h (  8568) load
I (154) esp_image: segment 4: paddr=0004b8c4 vaddr=40374000 size=0fcbch ( 64700) load
I (168) esp_image: segment 5: paddr=0005b588 vaddr=50000000 size=00024h (    36) load
I (176) boot: Loaded app from partition at offset 0x10000
I (176) boot: Disabling RNG early entropy source...
I (186) octal_psram: vendor id    : 0x0d (AP)
I (186) octal_psram: dev id       : 0x02 (generation 3)
I (186) octal_psram: density      : 0x03 (64 Mbit)
I (188) octal_psram: good-die     : 0x01 (Pass)
I (193) octal_psram: Latency      : 0x01 (Fixed)
I (197) octal_psram: VCC          : 0x01 (3V)
I (201) octal_psram: SRF          : 0x01 (Fast Refresh)
I (206) octal_psram: BurstType    : 0x01 (Hybrid Wrap)
I (211) octal_psram: BurstLen     : 0x01 (32 Byte)
I (215) octal_psram: Readlatency  : 0x02 (10 cycles@Fixed)
I (221) octal_psram: DriveStrength: 0x00 (1/1)
I (225) MSPI Timing: Enter psram timing tuning
I (230) esp_psram: Found 8MB PSRAM device
I (233) esp_psram: Speed: 80MHz
I (236) cpu_start: Multicore app
I (652) esp_psram: SPI SRAM memory test OK
I (660) cpu_start: GPIO 44 and 43 are used as console UART I/O pins
I (660) cpu_start: Pro cpu start user code
I (660) cpu_start: cpu freq: 240000000 Hz
I (662) app_init: Application information:
I (666) app_init: Project name:     tinydraw_esp32
I (670) app_init: App version:      b3c1e33
I (674) app_init: Compile time:     Aug 13 2026 14:07:37
I (679) app_init: ELF file SHA256:  2674abac7...
I (684) app_init: ESP-IDF:          v6.0.2
I (688) efuse_init: Min chip rev:     v0.0
I (691) efuse_init: Max chip rev:     v0.99 
I (695) efuse_init: Chip rev:         v0.2
I (699) heap_init: Initializing. RAM available for dynamic allocation:
I (705) heap_init: At 3FC97DF0 len 00051920 (326 KiB): RAM
I (711) heap_init: At 3FCE9710 len 00005724 (21 KiB): RAM
I (716) heap_init: At 3FCF0000 len 00008000 (32 KiB): DRAM
I (721) heap_init: At 600FE000 len 00001FE8 (7 KiB): RTCRAM
I (726) esp_psram: Adding pool of 8192K of PSRAM memory to heap allocator
I (733) spi_flash: detected chip: generic
I (737) spi_flash: flash io: qio
I (740) sleep_gpio: Configure to isolate all GPIO pins in sleep state
I (746) sleep_gpio: Enable automatic switching of GPIO sleep configuration
I (753) main_task: Started on CPU0
I (756) main_task: Calling app_main()
TINYDRAW_PANEL_HARD_RESET=1
I (949) co5300: version: 2.1.0
I (950) co5300_spi: LCD panel create success, version: 2.1.0
W (1030) co5300_spi: The 3Ah command has been used and will be overwritten by external initialization sequence
I (1130) CST816S: IC id: 183
TINYDRAW_LIVE_PRESENT kind=startup zoom=25 x=0 y=0 compose_us=34598 read_submit_us=0 read_complete_us=0 transfer_wait_us=19427 pushes=21 pass=1
TINYDRAW_LIVE_STRESS operations=1000 samples=20000 total_us=369795 average_us=369 maximum_us=535 free_psram=4714428 largest_psram=4587520
TINYDRAW_LIVE_PRESENT kind=gate_fallback zoom=100 x=0 y=0 compose_us=22487 read_submit_us=23263 read_complete_us=24065 transfer_wait_us=19180 pushes=21 pass=1
TINYDRAW_GATE1_HARD zoom=100 cold=1 operations=1000 samples=20000 steps=273 tiles=42 scanned=12000 rendered=199 max_supertask_us=6002 presentation_us=71948 total_us=441424 pass=1
TINYDRAW_LIVE_PRESENT kind=gate_fallback zoom=400 x=0 y=0 compose_us=21910 read_submit_us=22658 read_complete_us=23461 transfer_wait_us=19117 pushes=21 pass=1
TINYDRAW_GATE1_HARD zoom=400 cold=1 operations=1000 samples=20000 steps=246 tiles=42 scanned=12000 rendered=30 max_supertask_us=28335 presentation_us=71881 total_us=348615 pass=1
TINYDRAW_GATE1_WORKLOAD kind=realistic seed=7 operations=1000 samples=19844 maximum_stroke=198 load_us=241329 raw_source=1 lod_copies=0
TINYDRAW_LIVE_PRESENT kind=gate_fallback zoom=100 x=0 y=0 compose_us=22456 read_submit_us=23231 read_complete_us=24034 transfer_wait_us=19584 pushes=21 pass=1
TINYDRAW_GATE1_HARD zoom=100 cold=1 operations=1000 samples=19844 steps=336 tiles=42 scanned=12000 rendered=555 max_supertask_us=4694 presentation_us=72052 total_us=480864 pass=1
TINYDRAW_GATE1_PAN zoom=100 from_x=0 from_y=0 to_x=120 to_y=120 compose_us=25536 event_submit_us=26200 event_complete_us=27006 transfer_us=19790 setup=1 present=1 moved=1 pass=1
TINYDRAW_LIVE_PRESENT kind=gate_fallback zoom=400 x=0 y=0 compose_us=21919 read_submit_us=22630 read_complete_us=23435 transfer_wait_us=19753 pushes=21 pass=1
TINYDRAW_GATE1_HARD zoom=400 cold=1 operations=1000 samples=19844 steps=295 tiles=42 scanned=12000 rendered=155 max_supertask_us=29311 presentation_us=68709 total_us=437742 pass=1
TINYDRAW_GATE1_PAN zoom=400 from_x=0 from_y=0 to_x=120 to_y=120 compose_us=25322 event_submit_us=25988 event_complete_us=26788 transfer_us=20002 setup=1 present=1 moved=1 pass=1
TINYDRAW_GATE1_DRAW_FILL zoom=400 revision=2002 append_us=476 poll_gap_us=666 event_submit_us=2758 event_complete_us=2935 max_compute_slice_us=29312 max_display_slice_us=29312 fill_us=472982 stale_rejected=1 pass=1
TINYDRAW_GATE1_AUTOMATED_DONE stress=1 stress_100=1 stress_400=1 workload=1 hard_100=1 hard_400=1 pan_100=1 pan_400=1 draw_fill=1 return=1 ssaa_receipt=yellow

--- RUN 7 ---
TINYDRAW_LIVE_READY zoom=25 controls=toolbar button=cycle_25_100_400 long_button=load_1000 operations_capacity=4000 samples_capaESP-ROM:esp32s3-20210327
Build:Mar 27 2021
rst:0x15 (USB_UART_CHIP_RESET),boot:0x2b (SPI_FAST_FLASH_BOOT)
Saved PC:0x4200987a
SPIWP:0xee
mode:DIO, clock div:1
load:0x3fce2820,len:0x1664
load:0x403c8700,len:0xf38
load:0x403cb700,len:0x31e8
entry 0x403c8930
I (24) boot: ESP-IDF v6.0.2 2nd stage bootloader
I (24) boot: compile time Aug 13 2026 14:07:42
I (25) boot: Multicore bootloader
I (25) boot: chip revision: v0.2
I (28) boot: efuse block revision: v1.3
I (31) qio_mode: Enabling default flash chip QIO
I (36) boot.esp32s3: Boot SPI Speed : 80MHz
I (39) boot.esp32s3: SPI Mode       : QIO
I (43) boot.esp32s3: SPI Flash Size : 16MB
I (47) boot: Enabling RNG early entropy source...
I (51) boot: Partition Table:
I (54) boot: ## Label            Usage          Type ST Offset   Length
I (60) boot:  0 nvs              WiFi data        01 02 00009000 00006000
I (67) boot:  1 phy_init         RF data          01 01 0000f000 00001000
I (73) boot:  2 factory          factory app      00 00 00010000 00100000
I (80) boot:  3 drawing          Unknown data     01 40 00110000 00300000
I (86) boot:  4 export           Unknown data     01 41 00410000 00500000
I (93) boot:  5 coredump         Unknown data     01 03 00910000 00010000
I (100) boot: End of partition table
I (103) esp_image: segment 0: paddr=00010020 vaddr=3c030020 size=0eb44h ( 60228) map
I (120) esp_image: segment 1: paddr=0001eb6c vaddr=3fc93d00 size=014ach (  5292) load
I (121) esp_image: segment 2: paddr=00020020 vaddr=42000020 size=2971ch (169756) map
I (152) esp_image: segment 3: paddr=00049744 vaddr=3fc951ac size=02178h (  8568) load
I (154) esp_image: segment 4: paddr=0004b8c4 vaddr=40374000 size=0fcbch ( 64700) load
I (168) esp_image: segment 5: paddr=0005b588 vaddr=50000000 size=00024h (    36) load
I (176) boot: Loaded app from partition at offset 0x10000
I (176) boot: Disabling RNG early entropy source...
I (186) octal_psram: vendor id    : 0x0d (AP)
I (186) octal_psram: dev id       : 0x02 (generation 3)
I (186) octal_psram: density      : 0x03 (64 Mbit)
I (188) octal_psram: good-die     : 0x01 (Pass)
I (193) octal_psram: Latency      : 0x01 (Fixed)
I (197) octal_psram: VCC          : 0x01 (3V)
I (201) octal_psram: SRF          : 0x01 (Fast Refresh)
I (206) octal_psram: BurstType    : 0x01 (Hybrid Wrap)
I (211) octal_psram: BurstLen     : 0x01 (32 Byte)
I (215) octal_psram: Readlatency  : 0x02 (10 cycles@Fixed)
I (221) octal_psram: DriveStrength: 0x00 (1/1)
I (225) MSPI Timing: Enter psram timing tuning
I (230) esp_psram: Found 8MB PSRAM device
I (233) esp_psram: Speed: 80MHz
I (236) cpu_start: Multicore app
I (652) esp_psram: SPI SRAM memory test OK
I (660) cpu_start: GPIO 44 and 43 are used as console UART I/O pins
I (660) cpu_start: Pro cpu start user code
I (660) cpu_start: cpu freq: 240000000 Hz
I (662) app_init: Application information:
I (666) app_init: Project name:     tinydraw_esp32
I (670) app_init: App version:      b3c1e33
I (674) app_init: Compile time:     Aug 13 2026 14:07:37
I (679) app_init: ELF file SHA256:  2674abac7...
I (684) app_init: ESP-IDF:          v6.0.2
I (688) efuse_init: Min chip rev:     v0.0
I (691) efuse_init: Max chip rev:     v0.99 
I (695) efuse_init: Chip rev:         v0.2
I (699) heap_init: Initializing. RAM available for dynamic allocation:
I (705) heap_init: At 3FC97DF0 len 00051920 (326 KiB): RAM
I (711) heap_init: At 3FCE9710 len 00005724 (21 KiB): RAM
I (716) heap_init: At 3FCF0000 len 00008000 (32 KiB): DRAM
I (721) heap_init: At 600FE000 len 00001FE8 (7 KiB): RTCRAM
I (726) esp_psram: Adding pool of 8192K of PSRAM memory to heap allocator
I (733) spi_flash: detected chip: generic
I (737) spi_flash: flash io: qio
I (740) sleep_gpio: Configure to isolate all GPIO pins in sleep state
I (746) sleep_gpio: Enable automatic switching of GPIO sleep configuration
I (753) main_task: Started on CPU0
I (756) main_task: Calling app_main()
TINYDRAW_PANEL_HARD_RESET=1
I (949) co5300: version: 2.1.0
I (950) co5300_spi: LCD panel create success, version: 2.1.0
W (1030) co5300_spi: The 3Ah command has been used and will be overwritten by external initialization sequence
I (1130) CST816S: IC id: 183
TINYDRAW_LIVE_PRESENT kind=startup zoom=25 x=0 y=0 compose_us=34599 read_submit_us=0 read_complete_us=0 transfer_wait_us=19427 pushes=21 pass=1
TINYDRAW_LIVE_STRESS operations=1000 samples=20000 total_us=369793 average_us=369 maximum_us=536 free_psram=4714428 largest_psram=4587520
TINYDRAW_LIVE_PRESENT kind=gate_fallback zoom=100 x=0 y=0 compose_us=22486 read_submit_us=23263 read_complete_us=24065 transfer_wait_us=19183 pushes=21 pass=1
TINYDRAW_GATE1_HARD zoom=100 cold=1 operations=1000 samples=20000 steps=273 tiles=42 scanned=12000 rendered=199 max_supertask_us=6003 presentation_us=71964 total_us=441423 pass=1
TINYDRAW_LIVE_PRESENT kind=gate_fallback zoom=400 x=0 y=0 compose_us=21910 read_submit_us=22658 read_complete_us=23460 transfer_wait_us=19118 pushes=21 pass=1
TINYDRAW_GATE1_HARD zoom=400 cold=1 operations=1000 samples=20000 steps=246 tiles=42 scanned=12000 rendered=30 max_supertask_us=28334 presentation_us=71900 total_us=348614 pass=1
TINYDRAW_GATE1_WORKLOAD kind=realistic seed=7 operations=1000 samples=19844 maximum_stroke=198 load_us=241329 raw_source=1 lod_copies=0
TINYDRAW_LIVE_PRESENT kind=gate_fallback zoom=100 x=0 y=0 compose_us=22456 read_submit_us=23232 read_complete_us=24035 transfer_wait_us=19583 pushes=21 pass=1
TINYDRAW_GATE1_HARD zoom=100 cold=1 operations=1000 samples=19844 steps=336 tiles=42 scanned=12000 rendered=555 max_supertask_us=4694 presentation_us=72063 total_us=480864 pass=1
TINYDRAW_GATE1_PAN zoom=100 from_x=0 from_y=0 to_x=120 to_y=120 compose_us=25537 event_submit_us=26200 event_complete_us=27007 transfer_us=19791 setup=1 present=1 moved=1 pass=1
TINYDRAW_LIVE_PRESENT kind=gate_fallback zoom=400 x=0 y=0 compose_us=21920 read_submit_us=22630 read_complete_us=23436 transfer_wait_us=19754 pushes=21 pass=1
TINYDRAW_GATE1_HARD zoom=400 cold=1 operations=1000 samples=19844 steps=295 tiles=42 scanned=12000 rendered=155 max_supertask_us=29312 presentation_us=68727 total_us=437741 pass=1
TINYDRAW_GATE1_PAN zoom=400 from_x=0 from_y=0 to_x=120 to_y=120 compose_us=25322 event_submit_us=25989 event_complete_us=26789 transfer_us=20002 setup=1 present=1 moved=1 pass=1
TINYDRAW_GATE1_DRAW_FILL zoom=400 revision=2002 append_us=476 poll_gap_us=667 event_submit_us=2757 event_complete_us=2935 max_compute_slice_us=29312 max_display_slice_us=29312 fill_us=472983 stale_rejected=1 pass=1
TINYDRAW_GATE1_AUTOMATED_DONE stress=1 stress_100=1 stress_400=1 workload=1 hard_100=1 hard_400=1 pan_100=1 pan_400=1 draw_fill=1 return=1 ssaa_receipt=yellow
TINYDRAW_LIVE_READY zoom=25 controls=toolbar button=cycle_25_100_400 long_button=load_1000 operations_capacity=4000 samples_capacity=80000 live_storage_bytes=3628512 free_psram=4714428 largest_psram=4587520

--- RUN 8 ---
ESP-ROM:esp32s3-20210327
Build:Mar 27 2021
rst:0x15 (USB_UART_CHIP_RESET),boot:0x2b (SPI_FAST_FLASH_BOOT)
Saved PC:0x4037b7d6
SPIWP:0xee
mode:DIO, clock div:1
load:0x3fce2820,len:0x1664
load:0x403c8700,len:0xf38
load:0x403cb700,len:0x31e8
entry 0x403c8930
I (24) boot: ESP-IDF v6.0.2 2nd stage bootloader
I (24) boot: compile time Aug 13 2026 14:07:42
I (25) boot: Multicore bootloader
I (25) boot: chip revision: v0.2
I (28) boot: efuse block revision: v1.3
I (31) qio_mode: Enabling default flash chip QIO
I (36) boot.esp32s3: Boot SPI Speed : 80MHz
I (39) boot.esp32s3: SPI Mode       : QIO
I (43) boot.esp32s3: SPI Flash Size : 16MB
I (47) boot: Enabling RNG early entropy source...
I (51) boot: Partition Table:
I (54) boot: ## Label            Usage          Type ST Offset   Length
I (60) boot:  0 nvs              WiFi data        01 02 00009000 00006000
I (67) boot:  1 phy_init         RF data          01 01 0000f000 00001000
I (73) boot:  2 factory          factory app      00 00 00010000 00100000
I (80) boot:  3 drawing          Unknown data     01 40 00110000 00300000
I (86) boot:  4 export           Unknown data     01 41 00410000 00500000
I (93) boot:  5 coredump         Unknown data     01 03 00910000 00010000
I (100) boot: End of partition table
I (103) esp_image: segment 0: paddr=00010020 vaddr=3c030020 size=0eb44h ( 60228) map
I (120) esp_image: segment 1: paddr=0001eb6c vaddr=3fc93d00 size=014ach (  5292) load
I (121) esp_image: segment 2: paddr=00020020 vaddr=42000020 size=2971ch (169756) map
I (152) esp_image: segment 3: paddr=00049744 vaddr=3fc951ac size=02178h (  8568) load
I (154) esp_image: segment 4: paddr=0004b8c4 vaddr=40374000 size=0fcbch ( 64700) load
I (168) esp_image: segment 5: paddr=0005b588 vaddr=50000000 size=00024h (    36) load
I (176) boot: Loaded app from partition at offset 0x10000
I (176) boot: Disabling RNG early entropy source...
I (186) octal_psram: vendor id    : 0x0d (AP)
I (186) octal_psram: dev id       : 0x02 (generation 3)
I (186) octal_psram: density      : 0x03 (64 Mbit)
I (188) octal_psram: good-die     : 0x01 (Pass)
I (193) octal_psram: Latency      : 0x01 (Fixed)
I (197) octal_psram: VCC          : 0x01 (3V)
I (201) octal_psram: SRF          : 0x01 (Fast Refresh)
I (206) octal_psram: BurstType    : 0x01 (Hybrid Wrap)
I (211) octal_psram: BurstLen     : 0x01 (32 Byte)
I (215) octal_psram: Readlatency  : 0x02 (10 cycles@Fixed)
I (221) octal_psram: DriveStrength: 0x00 (1/1)
I (225) MSPI Timing: Enter psram timing tuning
I (230) esp_psram: Found 8MB PSRAM device
I (233) esp_psram: Speed: 80MHz
I (236) cpu_start: Multicore app
I (652) esp_psram: SPI SRAM memory test OK
I (660) cpu_start: GPIO 44 and 43 are used as console UART I/O pins
I (660) cpu_start: Pro cpu start user code
I (661) cpu_start: cpu freq: 240000000 Hz
I (662) app_init: Application information:
I (666) app_init: Project name:     tinydraw_esp32
I (670) app_init: App version:      b3c1e33
I (674) app_init: Compile time:     Aug 13 2026 14:07:37
I (679) app_init: ELF file SHA256:  2674abac7...
I (684) app_init: ESP-IDF:          v6.0.2
I (688) efuse_init: Min chip rev:     v0.0
I (691) efuse_init: Max chip rev:     v0.99 
I (695) efuse_init: Chip rev:         v0.2
I (699) heap_init: Initializing. RAM available for dynamic allocation:
I (705) heap_init: At 3FC97DF0 len 00051920 (326 KiB): RAM
I (711) heap_init: At 3FCE9710 len 00005724 (21 KiB): RAM
I (716) heap_init: At 3FCF0000 len 00008000 (32 KiB): DRAM
I (721) heap_init: At 600FE000 len 00001FE8 (7 KiB): RTCRAM
I (726) esp_psram: Adding pool of 8192K of PSRAM memory to heap allocator
I (733) spi_flash: detected chip: generic
I (737) spi_flash: flash io: qio
I (740) sleep_gpio: Configure to isolate all GPIO pins in sleep state
I (746) sleep_gpio: Enable automatic switching of GPIO sleep configuration
I (753) main_task: Started on CPU0
I (756) main_task: Calling app_main()
TINYDRAW_PANEL_HARD_RESET=1
I (949) co5300: version: 2.1.0
I (950) co5300_spi: LCD panel create success, version: 2.1.0
W (1030) co5300_spi: The 3Ah command has been used and will be overwritten by external initialization sequence
I (1130) CST816S: IC id: 183
TINYDRAW_LIVE_PRESENT kind=startup zoom=25 x=0 y=0 compose_us=34599 read_submit_us=0 read_complete_us=0 transfer_wait_us=19428 pushes=21 pass=1
TINYDRAW_LIVE_STRESS operations=1000 samples=20000 total_us=369794 average_us=369 maximum_us=535 free_psram=4714428 largest_psram=4587520
TINYDRAW_LIVE_PRESENT kind=gate_fallback zoom=100 x=0 y=0 compose_us=22487 read_submit_us=23263 read_complete_us=24065 transfer_wait_us=19184 pushes=21 pass=1
TINYDRAW_GATE1_HARD zoom=100 cold=1 operations=1000 samples=20000 steps=273 tiles=42 scanned=12000 rendered=199 max_supertask_us=6002 presentation_us=71953 total_us=441423 pass=1
TINYDRAW_LIVE_PRESENT kind=gate_fallback zoom=400 x=0 y=0 compose_us=21909 read_submit_us=22658 read_complete_us=23460 transfer_wait_us=19119 pushes=21 pass=1
TINYDRAW_GATE1_HARD zoom=400 cold=1 operations=1000 samples=20000 steps=246 tiles=42 scanned=12000 rendered=30 max_supertask_us=28335 presentation_us=71885 total_us=348615 pass=1
TINYDRAW_GATE1_WORKLOAD kind=realistic seed=7 operations=1000 samples=19844 maximum_stroke=198 load_us=241329 raw_source=1 lod_copies=0
TINYDRAW_LIVE_PRESENT kind=gate_fallback zoom=100 x=0 y=0 compose_us=22456 read_submit_us=23232 read_complete_us=24035 transfer_wait_us=19584 pushes=21 pass=1
TINYDRAW_GATE1_HARD zoom=100 cold=1 operations=1000 samples=19844 steps=336 tiles=42 scanned=12000 rendered=555 max_supertask_us=4695 presentation_us=72055 total_us=480864 pass=1
TINYDRAW_GATE1_PAN zoom=100 from_x=0 from_y=0 to_x=120 to_y=120 compose_us=25536 event_submit_us=26200 event_complete_us=27006 transfer_us=19790 setup=1 present=1 moved=1 pass=1
TINYDRAW_LIVE_PRESENT kind=gate_fallback zoom=400 x=0 y=0 compose_us=21920 read_submit_us=22630 read_complete_us=23435 transfer_wait_us=19753 pushes=21 pass=1
TINYDRAW_GATE1_HARD zoom=400 cold=1 operations=1000 samples=19844 steps=295 tiles=42 scanned=12000 rendered=155 max_supertask_us=29311 presentation_us=68715 total_us=437741 pass=1
TINYDRAW_GATE1_PAN zoom=400 from_x=0 from_y=0 to_x=120 to_y=120 compose_us=25322 event_submit_us=25988 event_complete_us=26788 transfer_us=20002 setup=1 present=1 moved=1 pass=1
TINYDRAW_GATE1_DRAW_FILL zoom=400 revision=2002 append_us=477 poll_gap_us=666 event_submit_us=2758 event_complete_us=2935 max_compute_slice_us=29312 max_display_slice_us=29312 fill_us=472983 stale_rejected=1 pass=1
TINYDRAW_GATE1_AUTOMATED_DONE stress=1 stress_100=1 stress_400=1 workload=1 hard_100=1 hard_400=1 pan_100=1 pan_400=1 draw_fill=1 return=1 ssaa_receipt=yellow

--- RUN 9 ---
ESP-ROM:esp32s3-20210327
Build:Mar 27 2021
rst:0x15 (USB_UART_CHIP_RESET),boot:0x2b (SPI_FAST_FLASH_BOOT)
Saved PC:0x42009878
SPIWP:0xee
mode:DIO, clock div:1
load:0x3fce2820,len:0x1664
load:0x403c8700,len:0xf38
load:0x403cb700,len:0x31e8
entry 0x403c8930
I (24) boot: ESP-IDF v6.0.2 2nd stage bootloader
I (24) boot: compile time Aug 13 2026 14:07:42
I (25) boot: Multicore bootloader
I (25) boot: chip revision: v0.2
I (28) boot: efuse block revision: v1.3
I (31) qio_mode: Enabling default flash chip QIO
I (36) boot.esp32s3: Boot SPI Speed : 80MHz
I (39) boot.esp32s3: SPI Mode       : QIO
I (43) boot.esp32s3: SPI Flash Size : 16MB
I (47) boot: Enabling RNG early entropy source...
I (51) boot: Partition Table:
I (54) boot: ## Label            Usage          Type ST Offset   Length
I (60) boot:  0 nvs              WiFi data        01 02 00009000 00006000
I (67) boot:  1 phy_init         RF data          01 01 0000f000 00001000
I (73) boot:  2 factory          factory app      00 00 00010000 00100000
I (80) boot:  3 drawing          Unknown data     01 40 00110000 00300000
I (86) boot:  4 export           Unknown data     01 41 00410000 00500000
I (93) boot:  5 coredump         Unknown data     01 03 00910000 00010000
I (100) boot: End of partition table
I (103) esp_image: segment 0: paddr=00010020 vaddr=3c030020 size=0eb44h ( 60228) map
I (120) esp_image: segment 1: paddr=0001eb6c vaddr=3fc93d00 size=014ach (  5292) load
I (121) esp_image: segment 2: paddr=00020020 vaddr=42000020 size=2971ch (169756) map
I (152) esp_image: segment 3: paddr=00049744 vaddr=3fc951ac size=02178h (  8568) load
I (154) esp_image: segment 4: paddr=0004b8c4 vaddr=40374000 size=0fcbch ( 64700) load
I (168) esp_image: segment 5: paddr=0005b588 vaddr=50000000 size=00024h (    36) load
I (176) boot: Loaded app from partition at offset 0x10000
I (176) boot: Disabling RNG early entropy source...
I (186) octal_psram: vendor id    : 0x0d (AP)
I (186) octal_psram: dev id       : 0x02 (generation 3)
I (186) octal_psram: density      : 0x03 (64 Mbit)
I (188) octal_psram: good-die     : 0x01 (Pass)
I (193) octal_psram: Latency      : 0x01 (Fixed)
I (197) octal_psram: VCC          : 0x01 (3V)
I (201) octal_psram: SRF          : 0x01 (Fast Refresh)
I (206) octal_psram: BurstType    : 0x01 (Hybrid Wrap)
I (211) octal_psram: BurstLen     : 0x01 (32 Byte)
I (215) octal_psram: Readlatency  : 0x02 (10 cycles@Fixed)
I (221) octal_psram: DriveStrength: 0x00 (1/1)
I (225) MSPI Timing: Enter psram timing tuning
I (230) esp_psram: Found 8MB PSRAM device
I (233) esp_psram: Speed: 80MHz
I (236) cpu_start: Multicore app
I (652) esp_psram: SPI SRAM memory test OK
I (660) cpu_start: GPIO 44 and 43 are used as console UART I/O pins
I (660) cpu_start: Pro cpu start user code
I (660) cpu_start: cpu freq: 240000000 Hz
I (662) app_init: Application information:
I (666) app_init: Project name:     tinydraw_esp32
I (670) app_init: App version:      b3c1e33
I (674) app_init: Compile time:     Aug 13 2026 14:07:37
I (679) app_init: ELF file SHA256:  2674abac7...
I (684) app_init: ESP-IDF:          v6.0.2
I (688) efuse_init: Min chip rev:     v0.0
I (691) efuse_init: Max chip rev:     v0.99 
I (695) efuse_init: Chip rev:         v0.2
I (699) heap_init: Initializing. RAM available for dynamic allocation:
I (705) heap_init: At 3FC97DF0 len 00051920 (326 KiB): RAM
I (711) heap_init: At 3FCE9710 len 00005724 (21 KiB): RAM
I (716) heap_init: At 3FCF0000 len 00008000 (32 KiB): DRAM
I (721) heap_init: At 600FE000 len 00001FE8 (7 KiB): RTCRAM
I (726) esp_psram: Adding pool of 8192K of PSRAM memory to heap allocator
I (733) spi_flash: detected chip: generic
I (737) spi_flash: flash io: qio
I (740) sleep_gpio: Configure to isolate all GPIO pins in sleep state
I (746) sleep_gpio: Enable automatic switching of GPIO sleep configuration
I (753) main_task: Started on CPU0
I (756) main_task: Calling app_main()
TINYDRAW_PANEL_HARD_RESET=1
I (949) co5300: version: 2.1.0
I (950) co5300_spi: LCD panel create success, version: 2.1.0
W (1030) co5300_spi: The 3Ah command has been used and will be overwritten by external initialization sequence
I (1130) CST816S: IC id: 183
TINYDRAW_LIVE_PRESENT kind=startup zoom=25 x=0 y=0 compose_us=34598 read_submit_us=0 read_complete_us=0 transfer_wait_us=19427 pushes=21 pass=1
TINYDRAW_LIVE_STRESS operations=1000 samples=20000 total_us=369794 average_us=369 maximum_us=536 free_psram=4714428 largest_psram=4587520
TINYDRAW_LIVE_PRESENT kind=gate_fallback zoom=100 x=0 y=0 compose_us=22487 read_submit_us=23263 read_complete_us=24066 transfer_wait_us=19184 pushes=21 pass=1
TINYDRAW_GATE1_HARD zoom=100 cold=1 operations=1000 samples=20000 steps=273 tiles=42 scanned=12000 rendered=199 max_supertask_us=6002 presentation_us=71948 total_us=441424 pass=1
TINYDRAW_LIVE_PRESENT kind=gate_fallback zoom=400 x=0 y=0 compose_us=21910 read_submit_us=22658 read_complete_us=23460 transfer_wait_us=19118 pushes=21 pass=1
TINYDRAW_GATE1_HARD zoom=400 cold=1 operations=1000 samples=20000 steps=246 tiles=42 scanned=12000 rendered=30 max_supertask_us=28335 presentation_us=71878 total_us=348615 pass=1
TINYDRAW_GATE1_WORKLOAD kind=realistic seed=7 operations=1000 samples=19844 maximum_stroke=198 load_us=241330 raw_source=1 lod_copies=0
TINYDRAW_LIVE_PRESENT kind=gate_fallback zoom=100 x=0 y=0 compose_us=22456 read_submit_us=23232 read_complete_us=24035 transfer_wait_us=19581 pushes=21 pass=1
TINYDRAW_GATE1_HARD zoom=100 cold=1 operations=1000 samples=19844 steps=336 tiles=42 scanned=12000 rendered=555 max_supertask_us=4694 presentation_us=72051 total_us=480864 pass=1
TINYDRAW_GATE1_PAN zoom=100 from_x=0 from_y=0 to_x=120 to_y=120 compose_us=25536 event_submit_us=26199 event_complete_us=27006 transfer_us=19791 setup=1 present=1 moved=1 pass=1
TINYDRAW_LIVE_PRESENT kind=gate_fallback zoom=400 x=0 y=0 compose_us=21919 read_submit_us=22630 read_complete_us=23435 transfer_wait_us=19753 pushes=21 pass=1
TINYDRAW_GATE1_HARD zoom=400 cold=1 operations=1000 samples=19844 steps=295 tiles=42 scanned=12000 rendered=155 max_supertask_us=29311 presentation_us=68705 total_us=437742 pass=1
TINYDRAW_GATE1_PAN zoom=400 from_x=0 from_y=0 to_x=120 to_y=120 compose_us=25322 event_submit_us=25988 event_complete_us=26789 transfer_us=20002 setup=1 present=1 moved=1 pass=1
TINYDRAW_GATE1_DRAW_FILL zoom=400 revision=2002 append_us=476 poll_gap_us=666 event_submit_us=2758 event_complete_us=2935 max_compute_slice_us=29311 max_display_slice_us=29311 fill_us=472982 stale_rejected=1 pass=1
TINYDRAW_GATE1_AUTOMATED_DONE stress=1 stress_100=1 stress_400=1 workload=1 hard_100=1 hard_400=1 pan_100=1 pan_400=1 draw_fill=1 return=1 ssaa_receipt=yellow
TINYDRAW_LIVE_READY zoom=25 controls=toolbar button=cycle_25_100_400 long_button=load_1000 operations_capacity=4000 samples_capacity=80000 live_storage_bytes=3628512 free_psram=4714428 largest_psram=4587520

--- RUN 10 ---
ESP-ROM:esp32s3-20210327
Build:Mar 27 2021
rst:0x15 (USB_UART_CHIP_RESET),boot:0x2b (SPI_FAST_FLASH_BOOT)
Saved PC:0x4037b7d6
SPIWP:0xee
mode:DIO, clock div:1
load:0x3fce2820,len:0x1664
load:0x403c8700,len:0xf38
load:0x403cb700,len:0x31e8
entry 0x403c8930
I (24) boot: ESP-IDF v6.0.2 2nd stage bootloader
I (24) boot: compile time Aug 13 2026 14:07:42
I (25) boot: Multicore bootloader
I (25) boot: chip revision: v0.2
I (28) boot: efuse block revision: v1.3
I (31) qio_mode: Enabling default flash chip QIO
I (36) boot.esp32s3: Boot SPI Speed : 80MHz
I (39) boot.esp32s3: SPI Mode       : QIO
I (43) boot.esp32s3: SPI Flash Size : 16MB
I (47) boot: Enabling RNG early entropy source...
I (51) boot: Partition Table:
I (54) boot: ## Label            Usage          Type ST Offset   Length
I (60) boot:  0 nvs              WiFi data        01 02 00009000 00006000
I (67) boot:  1 phy_init         RF data          01 01 0000f000 00001000
I (73) boot:  2 factory          factory app      00 00 00010000 00100000
I (80) boot:  3 drawing          Unknown data     01 40 00110000 00300000
I (86) boot:  4 export           Unknown data     01 41 00410000 00500000
I (93) boot:  5 coredump         Unknown data     01 03 00910000 00010000
I (100) boot: End of partition table
I (103) esp_image: segment 0: paddr=00010020 vaddr=3c030020 size=0eb44h ( 60228) map
I (120) esp_image: segment 1: paddr=0001eb6c vaddr=3fc93d00 size=014ach (  5292) load
I (121) esp_image: segment 2: paddr=00020020 vaddr=42000020 size=2971ch (169756) map
I (152) esp_image: segment 3: paddr=00049744 vaddr=3fc951ac size=02178h (  8568) load
I (154) esp_image: segment 4: paddr=0004b8c4 vaddr=40374000 size=0fcbch ( 64700) load
I (168) esp_image: segment 5: paddr=0005b588 vaddr=50000000 size=00024h (    36) load
I (176) boot: Loaded app from partition at offset 0x10000
I (176) boot: Disabling RNG early entropy source...
I (186) octal_psram: vendor id    : 0x0d (AP)
I (186) octal_psram: dev id       : 0x02 (generation 3)
I (186) octal_psram: density      : 0x03 (64 Mbit)
I (188) octal_psram: good-die     : 0x01 (Pass)
I (193) octal_psram: Latency      : 0x01 (Fixed)
I (197) octal_psram: VCC          : 0x01 (3V)
I (201) octal_psram: SRF          : 0x01 (Fast Refresh)
I (206) octal_psram: BurstType    : 0x01 (Hybrid Wrap)
I (211) octal_psram: BurstLen     : 0x01 (32 Byte)
I (215) octal_psram: Readlatency  : 0x02 (10 cycles@Fixed)
I (221) octal_psram: DriveStrength: 0x00 (1/1)
I (225) MSPI Timing: Enter psram timing tuning
I (230) esp_psram: Found 8MB PSRAM device
I (233) esp_psram: Speed: 80MHz
I (236) cpu_start: Multicore app
I (652) esp_psram: SPI SRAM memory test OK
I (660) cpu_start: GPIO 44 and 43 are used as console UART I/O pins
I (660) cpu_start: Pro cpu start user code
I (660) cpu_start: cpu freq: 240000000 Hz
I (662) app_init: Application information:
I (666) app_init: Project name:     tinydraw_esp32
I (670) app_init: App version:      b3c1e33
I (674) app_init: Compile time:     Aug 13 2026 14:07:37
I (679) app_init: ELF file SHA256:  2674abac7...
I (684) app_init: ESP-IDF:          v6.0.2
I (688) efuse_init: Min chip rev:     v0.0
I (691) efuse_init: Max chip rev:     v0.99 
I (695) efuse_init: Chip rev:         v0.2
I (699) heap_init: Initializing. RAM available for dynamic allocation:
I (705) heap_init: At 3FC97DF0 len 00051920 (326 KiB): RAM
I (711) heap_init: At 3FCE9710 len 00005724 (21 KiB): RAM
I (716) heap_init: At 3FCF0000 len 00008000 (32 KiB): DRAM
I (721) heap_init: At 600FE000 len 00001FE8 (7 KiB): RTCRAM
I (726) esp_psram: Adding pool of 8192K of PSRAM memory to heap allocator
I (733) spi_flash: detected chip: generic
I (737) spi_flash: flash io: qio
I (740) sleep_gpio: Configure to isolate all GPIO pins in sleep state
I (746) sleep_gpio: Enable automatic switching of GPIO sleep configuration
I (753) main_task: Started on CPU0
I (756) main_task: Calling app_main()
TINYDRAW_PANEL_HARD_RESET=1
I (949) co5300: version: 2.1.0
I (950) co5300_spi: LCD panel create success, version: 2.1.0
W (1030) co5300_spi: The 3Ah command has been used and will be overwritten by external initialization sequence
I (1130) CST816S: IC id: 183
TINYDRAW_LIVE_PRESENT kind=startup zoom=25 x=0 y=0 compose_us=34598 read_submit_us=0 read_complete_us=0 transfer_wait_us=19427 pushes=21 pass=1
TINYDRAW_LIVE_STRESS operations=1000 samples=20000 total_us=369794 average_us=369 maximum_us=535 free_psram=4714428 largest_psram=4587520
TINYDRAW_LIVE_PRESENT kind=gate_fallback zoom=100 x=0 y=0 compose_us=22487 read_submit_us=23263 read_complete_us=24066 transfer_wait_us=19184 pushes=21 pass=1
TINYDRAW_GATE1_HARD zoom=100 cold=1 operations=1000 samples=20000 steps=273 tiles=42 scanned=12000 rendered=199 max_supertask_us=6002 presentation_us=71948 total_us=441423 pass=1
TINYDRAW_LIVE_PRESENT kind=gate_fallback zoom=400 x=0 y=0 compose_us=21909 read_submit_us=22658 read_complete_us=23461 transfer_wait_us=19119 pushes=21 pass=1
TINYDRAW_GATE1_HARD zoom=400 cold=1 operations=1000 samples=20000 steps=246 tiles=42 scanned=12000 rendered=30 max_supertask_us=28335 presentation_us=71882 total_us=348615 pass=1
TINYDRAW_GATE1_WORKLOAD kind=realistic seed=7 operations=1000 samples=19844 maximum_stroke=198 load_us=241329 raw_source=1 lod_copies=0
TINYDRAW_LIVE_PRESENT kind=gate_fallback zoom=100 x=0 y=0 compose_us=22456 read_submit_us=23232 read_complete_us=24035 transfer_wait_us=19584 pushes=21 pass=1
TINYDRAW_GATE1_HARD zoom=100 cold=1 operations=1000 samples=19844 steps=336 tiles=42 scanned=12000 rendered=555 max_supertask_us=4694 presentation_us=72053 total_us=480864 pass=1
TINYDRAW_GATE1_PAN zoom=100 from_x=0 from_y=0 to_x=120 to_y=120 compose_us=25536 event_submit_us=26200 event_complete_us=27006 transfer_us=19790 setup=1 present=1 moved=1 pass=1
TINYDRAW_LIVE_PRESENT kind=gate_fallback zoom=400 x=0 y=0 compose_us=21919 read_submit_us=22630 read_complete_us=23435 transfer_wait_us=19753 pushes=21 pass=1
TINYDRAW_GATE1_HARD zoom=400 cold=1 operations=1000 samples=19844 steps=295 tiles=42 scanned=12000 rendered=155 max_supertask_us=29311 presentation_us=68714 total_us=437741 pass=1
TINYDRAW_GATE1_PAN zoom=400 from_x=0 from_y=0 to_x=120 to_y=120 compose_us=25322 event_submit_us=25988 event_complete_us=26788 transfer_us=20002 setup=1 present=1 moved=1 pass=1
TINYDRAW_GATE1_DRAW_FILL zoom=400 revision=2002 append_us=476 poll_gap_us=666 event_submit_us=2758 event_complete_us=2935 max_compute_slice_us=29312 max_display_slice_us=29312 fill_us=472984 stale_rejected=1 pass=1
TINYDRAW_GATE1_AUTOMATED_DONE stress=1 stress_100=1 stress_400=1 workload=1 hard_100=1 hard_400=1 pan_100=1 pan_400=1 draw_fill=1 return=1 ssaa_receipt=yellow

--- RUN 11 ---
TINYDRAW_LIVE_READY zoom=25 controls=toolbar button=cycle_25_100_400 long_button=load_1000 operations_capacity=4000 samples_capaESP-ROM:esp32s3-20210327
Build:Mar 27 2021
rst:0x15 (USB_UART_CHIP_RESET),boot:0x2b (SPI_FAST_FLASH_BOOT)
Saved PC:0x42009878
SPIWP:0xee
mode:DIO, clock div:1
load:0x3fce2820,len:0x1664
load:0x403c8700,len:0xf38
load:0x403cb700,len:0x31e8
entry 0x403c8930
I (24) boot: ESP-IDF v6.0.2 2nd stage bootloader
I (24) boot: compile time Aug 13 2026 14:07:42
I (25) boot: Multicore bootloader
I (25) boot: chip revision: v0.2
I (28) boot: efuse block revision: v1.3
I (31) qio_mode: Enabling default flash chip QIO
I (36) boot.esp32s3: Boot SPI Speed : 80MHz
I (39) boot.esp32s3: SPI Mode       : QIO
I (43) boot.esp32s3: SPI Flash Size : 16MB
I (47) boot: Enabling RNG early entropy source...
I (51) boot: Partition Table:
I (54) boot: ## Label            Usage          Type ST Offset   Length
I (60) boot:  0 nvs              WiFi data        01 02 00009000 00006000
I (67) boot:  1 phy_init         RF data          01 01 0000f000 00001000
I (73) boot:  2 factory          factory app      00 00 00010000 00100000
I (80) boot:  3 drawing          Unknown data     01 40 00110000 00300000
I (86) boot:  4 export           Unknown data     01 41 00410000 00500000
I (93) boot:  5 coredump         Unknown data     01 03 00910000 00010000
I (100) boot: End of partition table
I (103) esp_image: segment 0: paddr=00010020 vaddr=3c030020 size=0eb44h ( 60228) map
I (120) esp_image: segment 1: paddr=0001eb6c vaddr=3fc93d00 size=014ach (  5292) load
I (121) esp_image: segment 2: paddr=00020020 vaddr=42000020 size=2971ch (169756) map
I (152) esp_image: segment 3: paddr=00049744 vaddr=3fc951ac size=02178h (  8568) load
I (154) esp_image: segment 4: paddr=0004b8c4 vaddr=40374000 size=0fcbch ( 64700) load
I (168) esp_image: segment 5: paddr=0005b588 vaddr=50000000 size=00024h (    36) load
I (176) boot: Loaded app from partition at offset 0x10000
I (176) boot: Disabling RNG early entropy source...
I (186) octal_psram: vendor id    : 0x0d (AP)
I (186) octal_psram: dev id       : 0x02 (generation 3)
I (186) octal_psram: density      : 0x03 (64 Mbit)
I (188) octal_psram: good-die     : 0x01 (Pass)
I (193) octal_psram: Latency      : 0x01 (Fixed)
I (197) octal_psram: VCC          : 0x01 (3V)
I (201) octal_psram: SRF          : 0x01 (Fast Refresh)
I (206) octal_psram: BurstType    : 0x01 (Hybrid Wrap)
I (211) octal_psram: BurstLen     : 0x01 (32 Byte)
I (215) octal_psram: Readlatency  : 0x02 (10 cycles@Fixed)
I (221) octal_psram: DriveStrength: 0x00 (1/1)
I (225) MSPI Timing: Enter psram timing tuning
I (230) esp_psram: Found 8MB PSRAM device
I (233) esp_psram: Speed: 80MHz
I (236) cpu_start: Multicore app
I (652) esp_psram: SPI SRAM memory test OK
I (660) cpu_start: GPIO 44 and 43 are used as console UART I/O pins
I (660) cpu_start: Pro cpu start user code
I (660) cpu_start: cpu freq: 240000000 Hz
I (662) app_init: Application information:
I (666) app_init: Project name:     tinydraw_esp32
I (670) app_init: App version:      b3c1e33
I (674) app_init: Compile time:     Aug 13 2026 14:07:37
I (679) app_init: ELF file SHA256:  2674abac7...
I (684) app_init: ESP-IDF:          v6.0.2
I (688) efuse_init: Min chip rev:     v0.0
I (691) efuse_init: Max chip rev:     v0.99 
I (695) efuse_init: Chip rev:         v0.2
I (699) heap_init: Initializing. RAM available for dynamic allocation:
I (705) heap_init: At 3FC97DF0 len 00051920 (326 KiB): RAM
I (711) heap_init: At 3FCE9710 len 00005724 (21 KiB): RAM
I (716) heap_init: At 3FCF0000 len 00008000 (32 KiB): DRAM
I (721) heap_init: At 600FE000 len 00001FE8 (7 KiB): RTCRAM
I (726) esp_psram: Adding pool of 8192K of PSRAM memory to heap allocator
I (733) spi_flash: detected chip: generic
I (737) spi_flash: flash io: qio
I (740) sleep_gpio: Configure to isolate all GPIO pins in sleep state
I (746) sleep_gpio: Enable automatic switching of GPIO sleep configuration
I (753) main_task: Started on CPU0
I (756) main_task: Calling app_main()
TINYDRAW_PANEL_HARD_RESET=1
I (949) co5300: version: 2.1.0
I (950) co5300_spi: LCD panel create success, version: 2.1.0
W (1030) co5300_spi: The 3Ah command has been used and will be overwritten by external initialization sequence
I (1130) CST816S: IC id: 183
TINYDRAW_LIVE_PRESENT kind=startup zoom=25 x=0 y=0 compose_us=34598 read_submit_us=0 read_complete_us=0 transfer_wait_us=19427 pushes=21 pass=1
TINYDRAW_LIVE_STRESS operations=1000 samples=20000 total_us=369794 average_us=369 maximum_us=535 free_psram=4714428 largest_psram=4587520
TINYDRAW_LIVE_PRESENT kind=gate_fallback zoom=100 x=0 y=0 compose_us=22487 read_submit_us=23263 read_complete_us=24066 transfer_wait_us=19184 pushes=21 pass=1
TINYDRAW_GATE1_HARD zoom=100 cold=1 operations=1000 samples=20000 steps=273 tiles=42 scanned=12000 rendered=199 max_supertask_us=6002 presentation_us=71948 total_us=441423 pass=1
TINYDRAW_LIVE_PRESENT kind=gate_fallback zoom=400 x=0 y=0 compose_us=21909 read_submit_us=22658 read_complete_us=23461 transfer_wait_us=19119 pushes=21 pass=1
TINYDRAW_GATE1_HARD zoom=400 cold=1 operations=1000 samples=20000 steps=246 tiles=42 scanned=12000 rendered=30 max_supertask_us=28335 presentation_us=71882 total_us=348615 pass=1
TINYDRAW_GATE1_WORKLOAD kind=realistic seed=7 operations=1000 samples=19844 maximum_stroke=198 load_us=241329 raw_source=1 lod_copies=0
TINYDRAW_LIVE_PRESENT kind=gate_fallback zoom=100 x=0 y=0 compose_us=22456 read_submit_us=23232 read_complete_us=24035 transfer_wait_us=19584 pushes=21 pass=1
TINYDRAW_GATE1_HARD zoom=100 cold=1 operations=1000 samples=19844 steps=336 tiles=42 scanned=12000 rendered=555 max_supertask_us=4694 presentation_us=72053 total_us=480864 pass=1
TINYDRAW_GATE1_PAN zoom=100 from_x=0 from_y=0 to_x=120 to_y=120 compose_us=25536 event_submit_us=26200 event_complete_us=27006 transfer_us=19790 setup=1 present=1 moved=1 pass=1
TINYDRAW_LIVE_PRESENT kind=gate_fallback zoom=400 x=0 y=0 compose_us=21919 read_submit_us=22630 read_complete_us=23435 transfer_wait_us=19753 pushes=21 pass=1
TINYDRAW_GATE1_HARD zoom=400 cold=1 operations=1000 samples=19844 steps=295 tiles=42 scanned=12000 rendered=155 max_supertask_us=29311 presentation_us=68714 total_us=437741 pass=1
TINYDRAW_GATE1_PAN zoom=400 from_x=0 from_y=0 to_x=120 to_y=120 compose_us=25322 event_submit_us=25988 event_complete_us=26788 transfer_us=20002 setup=1 present=1 moved=1 pass=1
TINYDRAW_GATE1_DRAW_FILL zoom=400 revision=2002 append_us=476 poll_gap_us=666 event_submit_us=2758 event_complete_us=2935 max_compute_slice_us=29312 max_display_slice_us=29312 fill_us=472984 stale_rejected=1 pass=1
TINYDRAW_GATE1_AUTOMATED_DONE stress=1 stress_100=1 stress_400=1 workload=1 hard_100=1 hard_400=1 pan_100=1 pan_400=1 draw_fill=1 return=1 ssaa_receipt=yellow
TINYDRAW_LIVE_READY zoom=25 controls=toolbar button=cycle_25_100_400 long_button=load_1000 operations_capacity=4000 samples_capacity=80000 live_storage_bytes=3628512 free_psram=4714428 largest_psram=4587520

--- RUN 12 ---
ESP-ROM:esp32s3-20210327
Build:Mar 27 2021
rst:0x15 (USB_UART_CHIP_RESET),boot:0x2b (SPI_FAST_FLASH_BOOT)
Saved PC:0x4201e2e4
SPIWP:0xee
mode:DIO, clock div:1
load:0x3fce2820,len:0x1664
load:0x403c8700,len:0xf38
load:0x403cb700,len:0x31e8
entry 0x403c8930
I (24) boot: ESP-IDF v6.0.2 2nd stage bootloader
I (24) boot: compile time Aug 13 2026 14:07:42
I (25) boot: Multicore bootloader
I (25) boot: chip revision: v0.2
I (28) boot: efuse block revision: v1.3
I (31) qio_mode: Enabling default flash chip QIO
I (36) boot.esp32s3: Boot SPI Speed : 80MHz
I (39) boot.esp32s3: SPI Mode       : QIO
I (43) boot.esp32s3: SPI Flash Size : 16MB
I (47) boot: Enabling RNG early entropy source...
I (51) boot: Partition Table:
I (54) boot: ## Label            Usage          Type ST Offset   Length
I (60) boot:  0 nvs              WiFi data        01 02 00009000 00006000
I (67) boot:  1 phy_init         RF data          01 01 0000f000 00001000
I (73) boot:  2 factory          factory app      00 00 00010000 00100000
I (80) boot:  3 drawing          Unknown data     01 40 00110000 00300000
I (86) boot:  4 export           Unknown data     01 41 00410000 00500000
I (93) boot:  5 coredump         Unknown data     01 03 00910000 00010000
I (100) boot: End of partition table
I (103) esp_image: segment 0: paddr=00010020 vaddr=3c030020 size=0eb44h ( 60228) map
I (120) esp_image: segment 1: paddr=0001eb6c vaddr=3fc93d00 size=014ach (  5292) load
I (121) esp_image: segment 2: paddr=00020020 vaddr=42000020 size=2971ch (169756) map
I (152) esp_image: segment 3: paddr=00049744 vaddr=3fc951ac size=02178h (  8568) load
I (154) esp_image: segment 4: paddr=0004b8c4 vaddr=40374000 size=0fcbch ( 64700) load
I (168) esp_image: segment 5: paddr=0005b588 vaddr=50000000 size=00024h (    36) load
I (176) boot: Loaded app from partition at offset 0x10000
I (176) boot: Disabling RNG early entropy source...
I (186) octal_psram: vendor id    : 0x0d (AP)
I (186) octal_psram: dev id       : 0x02 (generation 3)
I (186) octal_psram: density      : 0x03 (64 Mbit)
I (188) octal_psram: good-die     : 0x01 (Pass)
I (193) octal_psram: Latency      : 0x01 (Fixed)
I (197) octal_psram: VCC          : 0x01 (3V)
I (201) octal_psram: SRF          : 0x01 (Fast Refresh)
I (206) octal_psram: BurstType    : 0x01 (Hybrid Wrap)
I (211) octal_psram: BurstLen     : 0x01 (32 Byte)
I (215) octal_psram: Readlatency  : 0x02 (10 cycles@Fixed)
I (221) octal_psram: DriveStrength: 0x00 (1/1)
I (225) MSPI Timing: Enter psram timing tuning
I (230) esp_psram: Found 8MB PSRAM device
I (233) esp_psram: Speed: 80MHz
I (236) cpu_start: Multicore app
I (652) esp_psram: SPI SRAM memory test OK
I (660) cpu_start: GPIO 44 and 43 are used as console UART I/O pins
I (660) cpu_start: Pro cpu start user code
I (660) cpu_start: cpu freq: 240000000 Hz
I (662) app_init: Application information:
I (666) app_init: Project name:     tinydraw_esp32
I (670) app_init: App version:      b3c1e33
I (674) app_init: Compile time:     Aug 13 2026 14:07:37
I (679) app_init: ELF file SHA256:  2674abac7...
I (684) app_init: ESP-IDF:          v6.0.2
I (688) efuse_init: Min chip rev:     v0.0
I (691) efuse_init: Max chip rev:     v0.99 
I (695) efuse_init: Chip rev:         v0.2
I (699) heap_init: Initializing. RAM available for dynamic allocation:
I (705) heap_init: At 3FC97DF0 len 00051920 (326 KiB): RAM
I (711) heap_init: At 3FCE9710 len 00005724 (21 KiB): RAM
I (716) heap_init: At 3FCF0000 len 00008000 (32 KiB): DRAM
I (721) heap_init: At 600FE000 len 00001FE8 (7 KiB): RTCRAM
I (726) esp_psram: Adding pool of 8192K of PSRAM memory to heap allocator
I (733) spi_flash: detected chip: generic
I (737) spi_flash: flash io: qio
I (740) sleep_gpio: Configure to isolate all GPIO pins in sleep state
I (746) sleep_gpio: Enable automatic switching of GPIO sleep configuration
I (753) main_task: Started on CPU0
I (756) main_task: Calling app_main()
TINYDRAW_PANEL_HARD_RESET=1
I (949) co5300: version: 2.1.0
I (950) co5300_spi: LCD panel create success, version: 2.1.0
W (1030) co5300_spi: The 3Ah command has been used and will be overwritten by external initialization sequence
I (1130) CST816S: IC id: 183
TINYDRAW_LIVE_PRESENT kind=startup zoom=25 x=0 y=0 compose_us=34598 read_submit_us=0 read_complete_us=0 transfer_wait_us=19427 pushes=21 pass=1
TINYDRAW_LIVE_STRESS operations=1000 samples=20000 total_us=369794 average_us=369 maximum_us=535 free_psram=4714428 largest_psram=4587520
TINYDRAW_LIVE_PRESENT kind=gate_fallback zoom=100 x=0 y=0 compose_us=22488 read_submit_us=23264 read_complete_us=24067 transfer_wait_us=19181 pushes=21 pass=1
TINYDRAW_GATE1_HARD zoom=100 cold=1 operations=1000 samples=20000 steps=273 tiles=42 scanned=12000 rendered=199 max_supertask_us=6002 presentation_us=71944 total_us=441423 pass=1
TINYDRAW_LIVE_PRESENT kind=gate_fallback zoom=400 x=0 y=0 compose_us=21909 read_submit_us=22658 read_complete_us=23461 transfer_wait_us=19119 pushes=21 pass=1
TINYDRAW_GATE1_HARD zoom=400 cold=1 operations=1000 samples=20000 steps=246 tiles=42 scanned=12000 rendered=30 max_supertask_us=28335 presentation_us=71882 total_us=348615 pass=1
TINYDRAW_GATE1_WORKLOAD kind=realistic seed=7 operations=1000 samples=19844 maximum_stroke=198 load_us=241330 raw_source=1 lod_copies=0
TINYDRAW_LIVE_PRESENT kind=gate_fallback zoom=100 x=0 y=0 compose_us=22456 read_submit_us=23233 read_complete_us=24035 transfer_wait_us=19581 pushes=21 pass=1
TINYDRAW_GATE1_HARD zoom=100 cold=1 operations=1000 samples=19844 steps=336 tiles=42 scanned=12000 rendered=555 max_supertask_us=4694 presentation_us=72046 total_us=480864 pass=1
TINYDRAW_GATE1_PAN zoom=100 from_x=0 from_y=0 to_x=120 to_y=120 compose_us=25536 event_submit_us=26199 event_complete_us=27006 transfer_us=19791 setup=1 present=1 moved=1 pass=1
TINYDRAW_LIVE_PRESENT kind=gate_fallback zoom=400 x=0 y=0 compose_us=21919 read_submit_us=22630 read_complete_us=23435 transfer_wait_us=19753 pushes=21 pass=1
TINYDRAW_GATE1_HARD zoom=400 cold=1 operations=1000 samples=19844 steps=295 tiles=42 scanned=12000 rendered=155 max_supertask_us=29311 presentation_us=68711 total_us=437741 pass=1
TINYDRAW_GATE1_PAN zoom=400 from_x=0 from_y=0 to_x=120 to_y=120 compose_us=25322 event_submit_us=25988 event_complete_us=26789 transfer_us=20002 setup=1 present=1 moved=1 pass=1
TINYDRAW_GATE1_DRAW_FILL zoom=400 revision=2002 append_us=476 poll_gap_us=666 event_submit_us=2758 event_complete_us=2935 max_compute_slice_us=29312 max_display_slice_us=29312 fill_us=472982 stale_rejected=1 pass=1
TINYDRAW_GATE1_AUTOMATED_DONE stress=1 stress_100=1 stress_400=1 workload=1 hard_100=1 hard_400=1 pan_100=1 pan_400=1 draw_fill=1 return=1 ssaa_receipt=yellow
TINYDRAW_LIVE_READY zoom=25 controls=toolbar button=cycle_25_100_400 long_button=load_1000 operations_capacity=4000 samples_capacity=80000 live_storage_bytes=3628512 free_psram=4714428 largest_psram=4587520

--- RUN 13 ---
ESP-ROM:esp32s3-20210327
Build:Mar 27 2021
rst:0x15 (USB_UART_CHIP_RESET),boot:0x2b (SPI_FAST_FLASH_BOOT)
Saved PC:0x4037b7d6
SPIWP:0xee
mode:DIO, clock div:1
load:0x3fce2820,len:0x1664
load:0x403c8700,len:0xf38
load:0x403cb700,len:0x31e8
entry 0x403c8930
I (24) boot: ESP-IDF v6.0.2 2nd stage bootloader
I (24) boot: compile time Aug 13 2026 14:07:42
I (25) boot: Multicore bootloader
I (25) boot: chip revision: v0.2
I (28) boot: efuse block revision: v1.3
I (31) qio_mode: Enabling default flash chip QIO
I (36) boot.esp32s3: Boot SPI Speed : 80MHz
I (39) boot.esp32s3: SPI Mode       : QIO
I (43) boot.esp32s3: SPI Flash Size : 16MB
I (47) boot: Enabling RNG early entropy source...
I (51) boot: Partition Table:
I (54) boot: ## Label            Usage          Type ST Offset   Length
I (60) boot:  0 nvs              WiFi data        01 02 00009000 00006000
I (67) boot:  1 phy_init         RF data          01 01 0000f000 00001000
I (73) boot:  2 factory          factory app      00 00 00010000 00100000
I (80) boot:  3 drawing          Unknown data     01 40 00110000 00300000
I (86) boot:  4 export           Unknown data     01 41 00410000 00500000
I (93) boot:  5 coredump         Unknown data     01 03 00910000 00010000
I (100) boot: End of partition table
I (103) esp_image: segment 0: paddr=00010020 vaddr=3c030020 size=0eb44h ( 60228) map
I (120) esp_image: segment 1: paddr=0001eb6c vaddr=3fc93d00 size=014ach (  5292) load
I (121) esp_image: segment 2: paddr=00020020 vaddr=42000020 size=2971ch (169756) map
I (152) esp_image: segment 3: paddr=00049744 vaddr=3fc951ac size=02178h (  8568) load
I (154) esp_image: segment 4: paddr=0004b8c4 vaddr=40374000 size=0fcbch ( 64700) load
I (168) esp_image: segment 5: paddr=0005b588 vaddr=50000000 size=00024h (    36) load
I (176) boot: Loaded app from partition at offset 0x10000
I (176) boot: Disabling RNG early entropy source...
I (186) octal_psram: vendor id    : 0x0d (AP)
I (186) octal_psram: dev id       : 0x02 (generation 3)
I (186) octal_psram: density      : 0x03 (64 Mbit)
I (188) octal_psram: good-die     : 0x01 (Pass)
I (193) octal_psram: Latency      : 0x01 (Fixed)
I (197) octal_psram: VCC          : 0x01 (3V)
I (201) octal_psram: SRF          : 0x01 (Fast Refresh)
I (206) octal_psram: BurstType    : 0x01 (Hybrid Wrap)
I (211) octal_psram: BurstLen     : 0x01 (32 Byte)
I (215) octal_psram: Readlatency  : 0x02 (10 cycles@Fixed)
I (221) octal_psram: DriveStrength: 0x00 (1/1)
I (225) MSPI Timing: Enter psram timing tuning
I (230) esp_psram: Found 8MB PSRAM device
I (233) esp_psram: Speed: 80MHz
I (236) cpu_start: Multicore app
I (652) esp_psram: SPI SRAM memory test OK
I (660) cpu_start: GPIO 44 and 43 are used as console UART I/O pins
I (660) cpu_start: Pro cpu start user code
I (660) cpu_start: cpu freq: 240000000 Hz
I (662) app_init: Application information:
I (666) app_init: Project name:     tinydraw_esp32
I (670) app_init: App version:      b3c1e33
I (674) app_init: Compile time:     Aug 13 2026 14:07:37
I (679) app_init: ELF file SHA256:  2674abac7...
I (684) app_init: ESP-IDF:          v6.0.2
I (688) efuse_init: Min chip rev:     v0.0
I (691) efuse_init: Max chip rev:     v0.99 
I (695) efuse_init: Chip rev:         v0.2
I (699) heap_init: Initializing. RAM available for dynamic allocation:
I (705) heap_init: At 3FC97DF0 len 00051920 (326 KiB): RAM
I (711) heap_init: At 3FCE9710 len 00005724 (21 KiB): RAM
I (716) heap_init: At 3FCF0000 len 00008000 (32 KiB): DRAM
I (721) heap_init: At 600FE000 len 00001FE8 (7 KiB): RTCRAM
I (726) esp_psram: Adding pool of 8192K of PSRAM memory to heap allocator
I (733) spi_flash: detected chip: generic
I (737) spi_flash: flash io: qio
I (740) sleep_gpio: Configure to isolate all GPIO pins in sleep state
I (746) sleep_gpio: Enable automatic switching of GPIO sleep configuration
I (753) main_task: Started on CPU0
I (756) main_task: Calling app_main()
TINYDRAW_PANEL_HARD_RESET=1
I (949) co5300: version: 2.1.0
I (950) co5300_spi: LCD panel create success, version: 2.1.0
W (1030) co5300_spi: The 3Ah command has been used and will be overwritten by external initialization sequence
I (1130) CST816S: IC id: 183
TINYDRAW_LIVE_PRESENT kind=startup zoom=25 x=0 y=0 compose_us=34599 read_submit_us=0 read_complete_us=0 transfer_wait_us=19427 pushes=21 pass=1
TINYDRAW_LIVE_STRESS operations=1000 samples=20000 total_us=369794 average_us=369 maximum_us=536 free_psram=4714428 largest_psram=4587520
TINYDRAW_LIVE_PRESENT kind=gate_fallback zoom=100 x=0 y=0 compose_us=22486 read_submit_us=23262 read_complete_us=24065 transfer_wait_us=19184 pushes=21 pass=1
TINYDRAW_GATE1_HARD zoom=100 cold=1 operations=1000 samples=20000 steps=273 tiles=42 scanned=12000 rendered=199 max_supertask_us=6003 presentation_us=71972 total_us=441423 pass=1
TINYDRAW_LIVE_PRESENT kind=gate_fallback zoom=400 x=0 y=0 compose_us=21909 read_submit_us=22657 read_complete_us=23460 transfer_wait_us=19118 pushes=21 pass=1
TINYDRAW_GATE1_HARD zoom=400 cold=1 operations=1000 samples=20000 steps=246 tiles=42 scanned=12000 rendered=30 max_supertask_us=28335 presentation_us=71897 total_us=348614 pass=1
TINYDRAW_GATE1_WORKLOAD kind=realistic seed=7 operations=1000 samples=19844 maximum_stroke=198 load_us=241329 raw_source=1 lod_copies=0
TINYDRAW_LIVE_PRESENT kind=gate_fallback zoom=100 x=0 y=0 compose_us=22455 read_submit_us=23232 read_complete_us=24034 transfer_wait_us=19580 pushes=21 pass=1
TINYDRAW_GATE1_HARD zoom=100 cold=1 operations=1000 samples=19844 steps=336 tiles=42 scanned=12000 rendered=555 max_supertask_us=4694 presentation_us=72065 total_us=480864 pass=1
TINYDRAW_GATE1_PAN zoom=100 from_x=0 from_y=0 to_x=120 to_y=120 compose_us=25537 event_submit_us=26200 event_complete_us=27006 transfer_us=19791 setup=1 present=1 moved=1 pass=1
TINYDRAW_LIVE_PRESENT kind=gate_fallback zoom=400 x=0 y=0 compose_us=21920 read_submit_us=22630 read_complete_us=23435 transfer_wait_us=19754 pushes=21 pass=1
TINYDRAW_GATE1_HARD zoom=400 cold=1 operations=1000 samples=19844 steps=295 tiles=42 scanned=12000 rendered=155 max_supertask_us=29312 presentation_us=68720 total_us=437742 pass=1
TINYDRAW_GATE1_PAN zoom=400 from_x=0 from_y=0 to_x=120 to_y=120 compose_us=25322 event_submit_us=25989 event_complete_us=26789 transfer_us=20002 setup=1 present=1 moved=1 pass=1
TINYDRAW_GATE1_DRAW_FILL zoom=400 revision=2002 append_us=476 poll_gap_us=667 event_submit_us=2757 event_complete_us=2935 max_compute_slice_us=29311 max_display_slice_us=29311 fill_us=472981 stale_rejected=1 pass=1
TINYDRAW_GATE1_AUTOMATED_DONE stress=1 stress_100=1 stress_400=1 workload=1 hard_100=1 hard_400=1 pan_100=1 pan_400=1 draw_fill=1 return=1 ssaa_receipt=yellow
TINYDRAW_LIVE_READY zoom=25 controls=toolbar button=cycle_25_100_400 long_button=load_1000 operations_capacity=4000 samples_capacity=80000 live_storage_bytes=3628512 free_psram=4714428 largest_psram=4587520

--- RUN 14 ---
ESP-ROM:esp32s3-20210327
Build:Mar 27 2021
rst:0x15 (USB_UART_CHIP_RESET),boot:0x2b (SPI_FAST_FLASH_BOOT)
Saved PC:0x4037b7d6
SPIWP:0xee
mode:DIO, clock div:1
load:0x3fce2820,len:0x1664
load:0x403c8700,len:0xf38
load:0x403cb700,len:0x31e8
entry 0x403c8930
I (24) boot: ESP-IDF v6.0.2 2nd stage bootloader
I (24) boot: compile time Aug 13 2026 14:07:42
I (25) boot: Multicore bootloader
I (25) boot: chip revision: v0.2
I (28) boot: efuse block revision: v1.3
I (31) qio_mode: Enabling default flash chip QIO
I (36) boot.esp32s3: Boot SPI Speed : 80MHz
I (39) boot.esp32s3: SPI Mode       : QIO
I (43) boot.esp32s3: SPI Flash Size : 16MB
I (47) boot: Enabling RNG early entropy source...
I (51) boot: Partition Table:
I (54) boot: ## Label            Usage          Type ST Offset   Length
I (60) boot:  0 nvs              WiFi data        01 02 00009000 00006000
I (67) boot:  1 phy_init         RF data          01 01 0000f000 00001000
I (73) boot:  2 factory          factory app      00 00 00010000 00100000
I (80) boot:  3 drawing          Unknown data     01 40 00110000 00300000
I (86) boot:  4 export           Unknown data     01 41 00410000 00500000
I (93) boot:  5 coredump         Unknown data     01 03 00910000 00010000
I (100) boot: End of partition table
I (103) esp_image: segment 0: paddr=00010020 vaddr=3c030020 size=0eb44h ( 60228) map
I (120) esp_image: segment 1: paddr=0001eb6c vaddr=3fc93d00 size=014ach (  5292) load
I (121) esp_image: segment 2: paddr=00020020 vaddr=42000020 size=2971ch (169756) map
I (152) esp_image: segment 3: paddr=00049744 vaddr=3fc951ac size=02178h (  8568) load
I (154) esp_image: segment 4: paddr=0004b8c4 vaddr=40374000 size=0fcbch ( 64700) load
I (168) esp_image: segment 5: paddr=0005b588 vaddr=50000000 size=00024h (    36) load
I (176) boot: Loaded app from partition at offset 0x10000
I (176) boot: Disabling RNG early entropy source...
I (186) octal_psram: vendor id    : 0x0d (AP)
I (186) octal_psram: dev id       : 0x02 (generation 3)
I (186) octal_psram: density      : 0x03 (64 Mbit)
I (188) octal_psram: good-die     : 0x01 (Pass)
I (193) octal_psram: Latency      : 0x01 (Fixed)
I (197) octal_psram: VCC          : 0x01 (3V)
I (201) octal_psram: SRF          : 0x01 (Fast Refresh)
I (206) octal_psram: BurstType    : 0x01 (Hybrid Wrap)
I (211) octal_psram: BurstLen     : 0x01 (32 Byte)
I (215) octal_psram: Readlatency  : 0x02 (10 cycles@Fixed)
I (221) octal_psram: DriveStrength: 0x00 (1/1)
I (225) MSPI Timing: Enter psram timing tuning
I (230) esp_psram: Found 8MB PSRAM device
I (233) esp_psram: Speed: 80MHz
I (236) cpu_start: Multicore app
I (652) esp_psram: SPI SRAM memory test OK
I (660) cpu_start: GPIO 44 and 43 are used as console UART I/O pins
I (660) cpu_start: Pro cpu start user code
I (660) cpu_start: cpu freq: 240000000 Hz
I (662) app_init: Application information:
I (666) app_init: Project name:     tinydraw_esp32
I (670) app_init: App version:      b3c1e33
I (674) app_init: Compile time:     Aug 13 2026 14:07:37
I (679) app_init: ELF file SHA256:  2674abac7...
I (684) app_init: ESP-IDF:          v6.0.2
I (688) efuse_init: Min chip rev:     v0.0
I (691) efuse_init: Max chip rev:     v0.99 
I (695) efuse_init: Chip rev:         v0.2
I (699) heap_init: Initializing. RAM available for dynamic allocation:
I (705) heap_init: At 3FC97DF0 len 00051920 (326 KiB): RAM
I (711) heap_init: At 3FCE9710 len 00005724 (21 KiB): RAM
I (716) heap_init: At 3FCF0000 len 00008000 (32 KiB): DRAM
I (721) heap_init: At 600FE000 len 00001FE8 (7 KiB): RTCRAM
I (726) esp_psram: Adding pool of 8192K of PSRAM memory to heap allocator
I (733) spi_flash: detected chip: generic
I (737) spi_flash: flash io: qio
I (740) sleep_gpio: Configure to isolate all GPIO pins in sleep state
I (746) sleep_gpio: Enable automatic switching of GPIO sleep configuration
I (753) main_task: Started on CPU0
I (756) main_task: Calling app_main()
TINYDRAW_PANEL_HARD_RESET=1
I (949) co5300: version: 2.1.0
I (950) co5300_spi: LCD panel create success, version: 2.1.0
W (1030) co5300_spi: The 3Ah command has been used and will be overwritten by external initialization sequence
I (1130) CST816S: IC id: 183
TINYDRAW_LIVE_PRESENT kind=startup zoom=25 x=0 y=0 compose_us=34598 read_submit_us=0 read_complete_us=0 transfer_wait_us=19427 pushes=21 pass=1
TINYDRAW_LIVE_STRESS operations=1000 samples=20000 total_us=369794 average_us=369 maximum_us=535 free_psram=4714428 largest_psram=4587520
TINYDRAW_LIVE_PRESENT kind=gate_fallback zoom=100 x=0 y=0 compose_us=22487 read_submit_us=23263 read_complete_us=24066 transfer_wait_us=19184 pushes=21 pass=1
TINYDRAW_GATE1_HARD zoom=100 cold=1 operations=1000 samples=20000 steps=273 tiles=42 scanned=12000 rendered=199 max_supertask_us=6002 presentation_us=71948 total_us=441423 pass=1
TINYDRAW_LIVE_PRESENT kind=gate_fallback zoom=400 x=0 y=0 compose_us=21909 read_submit_us=22658 read_complete_us=23461 transfer_wait_us=19119 pushes=21 pass=1
TINYDRAW_GATE1_HARD zoom=400 cold=1 operations=1000 samples=20000 steps=246 tiles=42 scanned=12000 rendered=30 max_supertask_us=28335 presentation_us=71882 total_us=348615 pass=1
TINYDRAW_GATE1_WORKLOAD kind=realistic seed=7 operations=1000 samples=19844 maximum_stroke=198 load_us=241329 raw_source=1 lod_copies=0
TINYDRAW_LIVE_PRESENT kind=gate_fallback zoom=100 x=0 y=0 compose_us=22456 read_submit_us=23232 read_complete_us=24035 transfer_wait_us=19584 pushes=21 pass=1
TINYDRAW_GATE1_HARD zoom=100 cold=1 operations=1000 samples=19844 steps=336 tiles=42 scanned=12000 rendered=555 max_supertask_us=4694 presentation_us=72053 total_us=480864 pass=1
TINYDRAW_GATE1_PAN zoom=100 from_x=0 from_y=0 to_x=120 to_y=120 compose_us=25536 event_submit_us=26200 event_complete_us=27006 transfer_us=19790 setup=1 present=1 moved=1 pass=1
TINYDRAW_LIVE_PRESENT kind=gate_fallback zoom=400 x=0 y=0 compose_us=21919 read_submit_us=22630 read_complete_us=23435 transfer_wait_us=19753 pushes=21 pass=1
TINYDRAW_GATE1_HARD zoom=400 cold=1 operations=1000 samples=19844 steps=295 tiles=42 scanned=12000 rendered=155 max_supertask_us=29311 presentation_us=68714 total_us=437741 pass=1
TINYDRAW_GATE1_PAN zoom=400 from_x=0 from_y=0 to_x=120 to_y=120 compose_us=25322 event_submit_us=25988 event_complete_us=26788 transfer_us=20002 setup=1 present=1 moved=1 pass=1
TINYDRAW_GATE1_DRAW_FILL zoom=400 revision=2002 append_us=476 poll_gap_us=666 event_submit_us=2758 event_complete_us=2935 max_compute_slice_us=29312 max_display_slice_us=29312 fill_us=472984 stale_rejected=1 pass=1
TINYDRAW_GATE1_AUTOMATED_DONE stress=1 stress_100=1 stress_400=1 workload=1 hard_100=1 hard_400=1 pan_100=1 pan_400=1 draw_fill=1 return=1 ssaa_receipt=yellow

--- RUN 15 ---
TINYDRAW_LIVE_READY zoom=25 controls=toolbar button=cycle_25_100_400 long_button=load_1000 operations_capacity=4000 samples_capaESP-ROM:esp32s3-20210327
Build:Mar 27 2021
rst:0x15 (USB_UART_CHIP_RESET),boot:0x2b (SPI_FAST_FLASH_BOOT)
Saved PC:0x42009878
SPIWP:0xee
mode:DIO, clock div:1
load:0x3fce2820,len:0x1664
load:0x403c8700,len:0xf38
load:0x403cb700,len:0x31e8
entry 0x403c8930
I (24) boot: ESP-IDF v6.0.2 2nd stage bootloader
I (24) boot: compile time Aug 13 2026 14:07:42
I (25) boot: Multicore bootloader
I (25) boot: chip revision: v0.2
I (28) boot: efuse block revision: v1.3
I (31) qio_mode: Enabling default flash chip QIO
I (36) boot.esp32s3: Boot SPI Speed : 80MHz
I (39) boot.esp32s3: SPI Mode       : QIO
I (43) boot.esp32s3: SPI Flash Size : 16MB
I (47) boot: Enabling RNG early entropy source...
I (51) boot: Partition Table:
I (54) boot: ## Label            Usage          Type ST Offset   Length
I (60) boot:  0 nvs              WiFi data        01 02 00009000 00006000
I (67) boot:  1 phy_init         RF data          01 01 0000f000 00001000
I (73) boot:  2 factory          factory app      00 00 00010000 00100000
I (80) boot:  3 drawing          Unknown data     01 40 00110000 00300000
I (86) boot:  4 export           Unknown data     01 41 00410000 00500000
I (93) boot:  5 coredump         Unknown data     01 03 00910000 00010000
I (100) boot: End of partition table
I (103) esp_image: segment 0: paddr=00010020 vaddr=3c030020 size=0eb44h ( 60228) map
I (120) esp_image: segment 1: paddr=0001eb6c vaddr=3fc93d00 size=014ach (  5292) load
I (121) esp_image: segment 2: paddr=00020020 vaddr=42000020 size=2971ch (169756) map
I (152) esp_image: segment 3: paddr=00049744 vaddr=3fc951ac size=02178h (  8568) load
I (154) esp_image: segment 4: paddr=0004b8c4 vaddr=40374000 size=0fcbch ( 64700) load
I (168) esp_image: segment 5: paddr=0005b588 vaddr=50000000 size=00024h (    36) load
I (176) boot: Loaded app from partition at offset 0x10000
I (176) boot: Disabling RNG early entropy source...
I (186) octal_psram: vendor id    : 0x0d (AP)
I (186) octal_psram: dev id       : 0x02 (generation 3)
I (186) octal_psram: density      : 0x03 (64 Mbit)
I (188) octal_psram: good-die     : 0x01 (Pass)
I (193) octal_psram: Latency      : 0x01 (Fixed)
I (197) octal_psram: VCC          : 0x01 (3V)
I (201) octal_psram: SRF          : 0x01 (Fast Refresh)
I (206) octal_psram: BurstType    : 0x01 (Hybrid Wrap)
I (211) octal_psram: BurstLen     : 0x01 (32 Byte)
I (215) octal_psram: Readlatency  : 0x02 (10 cycles@Fixed)
I (221) octal_psram: DriveStrength: 0x00 (1/1)
I (225) MSPI Timing: Enter psram timing tuning
I (230) esp_psram: Found 8MB PSRAM device
I (233) esp_psram: Speed: 80MHz
I (236) cpu_start: Multicore app
I (652) esp_psram: SPI SRAM memory test OK
I (660) cpu_start: GPIO 44 and 43 are used as console UART I/O pins
I (660) cpu_start: Pro cpu start user code
I (660) cpu_start: cpu freq: 240000000 Hz
I (662) app_init: Application information:
I (666) app_init: Project name:     tinydraw_esp32
I (670) app_init: App version:      b3c1e33
I (674) app_init: Compile time:     Aug 13 2026 14:07:37
I (679) app_init: ELF file SHA256:  2674abac7...
I (684) app_init: ESP-IDF:          v6.0.2
I (688) efuse_init: Min chip rev:     v0.0
I (691) efuse_init: Max chip rev:     v0.99 
I (695) efuse_init: Chip rev:         v0.2
I (699) heap_init: Initializing. RAM available for dynamic allocation:
I (705) heap_init: At 3FC97DF0 len 00051920 (326 KiB): RAM
I (711) heap_init: At 3FCE9710 len 00005724 (21 KiB): RAM
I (716) heap_init: At 3FCF0000 len 00008000 (32 KiB): DRAM
I (721) heap_init: At 600FE000 len 00001FE8 (7 KiB): RTCRAM
I (726) esp_psram: Adding pool of 8192K of PSRAM memory to heap allocator
I (733) spi_flash: detected chip: generic
I (737) spi_flash: flash io: qio
I (740) sleep_gpio: Configure to isolate all GPIO pins in sleep state
I (746) sleep_gpio: Enable automatic switching of GPIO sleep configuration
I (753) main_task: Started on CPU0
I (756) main_task: Calling app_main()
TINYDRAW_PANEL_HARD_RESET=1
I (949) co5300: version: 2.1.0
I (950) co5300_spi: LCD panel create success, version: 2.1.0
W (1030) co5300_spi: The 3Ah command has been used and will be overwritten by external initialization sequence
I (1130) CST816S: IC id: 183
TINYDRAW_LIVE_PRESENT kind=startup zoom=25 x=0 y=0 compose_us=34598 read_submit_us=0 read_complete_us=0 transfer_wait_us=19427 pushes=21 pass=1
TINYDRAW_LIVE_STRESS operations=1000 samples=20000 total_us=369795 average_us=369 maximum_us=535 free_psram=4714428 largest_psram=4587520
TINYDRAW_LIVE_PRESENT kind=gate_fallback zoom=100 x=0 y=0 compose_us=22487 read_submit_us=23263 read_complete_us=24065 transfer_wait_us=19180 pushes=21 pass=1
TINYDRAW_GATE1_HARD zoom=100 cold=1 operations=1000 samples=20000 steps=273 tiles=42 scanned=12000 rendered=199 max_supertask_us=6002 presentation_us=71948 total_us=441424 pass=1
TINYDRAW_LIVE_PRESENT kind=gate_fallback zoom=400 x=0 y=0 compose_us=21910 read_submit_us=22658 read_complete_us=23461 transfer_wait_us=19117 pushes=21 pass=1
TINYDRAW_GATE1_HARD zoom=400 cold=1 operations=1000 samples=20000 steps=246 tiles=42 scanned=12000 rendered=30 max_supertask_us=28335 presentation_us=71881 total_us=348615 pass=1
TINYDRAW_GATE1_WORKLOAD kind=realistic seed=7 operations=1000 samples=19844 maximum_stroke=198 load_us=241329 raw_source=1 lod_copies=0
TINYDRAW_LIVE_PRESENT kind=gate_fallback zoom=100 x=0 y=0 compose_us=22456 read_submit_us=23231 read_complete_us=24034 transfer_wait_us=19584 pushes=21 pass=1
TINYDRAW_GATE1_HARD zoom=100 cold=1 operations=1000 samples=19844 steps=336 tiles=42 scanned=12000 rendered=555 max_supertask_us=4694 presentation_us=72052 total_us=480864 pass=1
TINYDRAW_GATE1_PAN zoom=100 from_x=0 from_y=0 to_x=120 to_y=120 compose_us=25536 event_submit_us=26200 event_complete_us=27006 transfer_us=19790 setup=1 present=1 moved=1 pass=1
TINYDRAW_LIVE_PRESENT kind=gate_fallback zoom=400 x=0 y=0 compose_us=21919 read_submit_us=22630 read_complete_us=23435 transfer_wait_us=19753 pushes=21 pass=1
TINYDRAW_GATE1_HARD zoom=400 cold=1 operations=1000 samples=19844 steps=295 tiles=42 scanned=12000 rendered=155 max_supertask_us=29311 presentation_us=68709 total_us=437742 pass=1
TINYDRAW_GATE1_PAN zoom=400 from_x=0 from_y=0 to_x=120 to_y=120 compose_us=25322 event_submit_us=25988 event_complete_us=26788 transfer_us=20002 setup=1 present=1 moved=1 pass=1
TINYDRAW_GATE1_DRAW_FILL zoom=400 revision=2002 append_us=476 poll_gap_us=666 event_submit_us=2758 event_complete_us=2935 max_compute_slice_us=29312 max_display_slice_us=29312 fill_us=472982 stale_rejected=1 pass=1
TINYDRAW_GATE1_AUTOMATED_DONE stress=1 stress_100=1 stress_400=1 workload=1 hard_100=1 hard_400=1 pan_100=1 pan_400=1 draw_fill=1 return=1 ssaa_receipt=yellow
TINYDRAW_LIVE_READY zoom=25 controls=toolbar button=cycle_25_100_400 long_button=load_1000 operations_capacity=4000 samples_capacity=80000 live_storage_bytes=3628512 free_psram=4714428 largest_psram=4587520

--- RUN 16 ---
ESP-ROM:esp32s3-20210327
Build:Mar 27 2021
rst:0x15 (USB_UART_CHIP_RESET),boot:0x2b (SPI_FAST_FLASH_BOOT)
Saved PC:0x4037b7d6
SPIWP:0xee
mode:DIO, clock div:1
load:0x3fce2820,len:0x1664
load:0x403c8700,len:0xf38
load:0x403cb700,len:0x31e8
entry 0x403c8930
I (24) boot: ESP-IDF v6.0.2 2nd stage bootloader
I (24) boot: compile time Aug 13 2026 14:07:42
I (25) boot: Multicore bootloader
I (25) boot: chip revision: v0.2
I (28) boot: efuse block revision: v1.3
I (31) qio_mode: Enabling default flash chip QIO
I (36) boot.esp32s3: Boot SPI Speed : 80MHz
I (39) boot.esp32s3: SPI Mode       : QIO
I (43) boot.esp32s3: SPI Flash Size : 16MB
I (47) boot: Enabling RNG early entropy source...
I (51) boot: Partition Table:
I (54) boot: ## Label            Usage          Type ST Offset   Length
I (60) boot:  0 nvs              WiFi data        01 02 00009000 00006000
I (67) boot:  1 phy_init         RF data          01 01 0000f000 00001000
I (73) boot:  2 factory          factory app      00 00 00010000 00100000
I (80) boot:  3 drawing          Unknown data     01 40 00110000 00300000
I (86) boot:  4 export           Unknown data     01 41 00410000 00500000
I (93) boot:  5 coredump         Unknown data     01 03 00910000 00010000
I (100) boot: End of partition table
I (103) esp_image: segment 0: paddr=00010020 vaddr=3c030020 size=0eb44h ( 60228) map
I (120) esp_image: segment 1: paddr=0001eb6c vaddr=3fc93d00 size=014ach (  5292) load
I (121) esp_image: segment 2: paddr=00020020 vaddr=42000020 size=2971ch (169756) map
I (152) esp_image: segment 3: paddr=00049744 vaddr=3fc951ac size=02178h (  8568) load
I (154) esp_image: segment 4: paddr=0004b8c4 vaddr=40374000 size=0fcbch ( 64700) load
I (168) esp_image: segment 5: paddr=0005b588 vaddr=50000000 size=00024h (    36) load
I (176) boot: Loaded app from partition at offset 0x10000
I (176) boot: Disabling RNG early entropy source...
I (186) octal_psram: vendor id    : 0x0d (AP)
I (186) octal_psram: dev id       : 0x02 (generation 3)
I (186) octal_psram: density      : 0x03 (64 Mbit)
I (188) octal_psram: good-die     : 0x01 (Pass)
I (193) octal_psram: Latency      : 0x01 (Fixed)
I (197) octal_psram: VCC          : 0x01 (3V)
I (201) octal_psram: SRF          : 0x01 (Fast Refresh)
I (206) octal_psram: BurstType    : 0x01 (Hybrid Wrap)
I (211) octal_psram: BurstLen     : 0x01 (32 Byte)
I (215) octal_psram: Readlatency  : 0x02 (10 cycles@Fixed)
I (221) octal_psram: DriveStrength: 0x00 (1/1)
I (225) MSPI Timing: Enter psram timing tuning
I (230) esp_psram: Found 8MB PSRAM device
I (233) esp_psram: Speed: 80MHz
I (236) cpu_start: Multicore app
I (652) esp_psram: SPI SRAM memory test OK
I (660) cpu_start: GPIO 44 and 43 are used as console UART I/O pins
I (660) cpu_start: Pro cpu start user code
I (660) cpu_start: cpu freq: 240000000 Hz
I (662) app_init: Application information:
I (666) app_init: Project name:     tinydraw_esp32
I (670) app_init: App version:      b3c1e33
I (674) app_init: Compile time:     Aug 13 2026 14:07:37
I (679) app_init: ELF file SHA256:  2674abac7...
I (684) app_init: ESP-IDF:          v6.0.2
I (688) efuse_init: Min chip rev:     v0.0
I (691) efuse_init: Max chip rev:     v0.99 
I (695) efuse_init: Chip rev:         v0.2
I (699) heap_init: Initializing. RAM available for dynamic allocation:
I (705) heap_init: At 3FC97DF0 len 00051920 (326 KiB): RAM
I (711) heap_init: At 3FCE9710 len 00005724 (21 KiB): RAM
I (716) heap_init: At 3FCF0000 len 00008000 (32 KiB): DRAM
I (721) heap_init: At 600FE000 len 00001FE8 (7 KiB): RTCRAM
I (726) esp_psram: Adding pool of 8192K of PSRAM memory to heap allocator
I (733) spi_flash: detected chip: generic
I (737) spi_flash: flash io: qio
I (740) sleep_gpio: Configure to isolate all GPIO pins in sleep state
I (746) sleep_gpio: Enable automatic switching of GPIO sleep configuration
I (753) main_task: Started on CPU0
I (756) main_task: Calling app_main()
TINYDRAW_PANEL_HARD_RESET=1
I (949) co5300: version: 2.1.0
I (950) co5300_spi: LCD panel create success, version: 2.1.0
W (1030) co5300_spi: The 3Ah command has been used and will be overwritten by external initialization sequence
I (1130) CST816S: IC id: 183
TINYDRAW_LIVE_PRESENT kind=startup zoom=25 x=0 y=0 compose_us=34599 read_submit_us=0 read_complete_us=0 transfer_wait_us=19428 pushes=21 pass=1
TINYDRAW_LIVE_STRESS operations=1000 samples=20000 total_us=369794 average_us=369 maximum_us=535 free_psram=4714428 largest_psram=4587520
TINYDRAW_LIVE_PRESENT kind=gate_fallback zoom=100 x=0 y=0 compose_us=22487 read_submit_us=23263 read_complete_us=24065 transfer_wait_us=19184 pushes=21 pass=1
TINYDRAW_GATE1_HARD zoom=100 cold=1 operations=1000 samples=20000 steps=273 tiles=42 scanned=12000 rendered=199 max_supertask_us=6002 presentation_us=71954 total_us=441423 pass=1
TINYDRAW_LIVE_PRESENT kind=gate_fallback zoom=400 x=0 y=0 compose_us=21910 read_submit_us=22658 read_complete_us=23460 transfer_wait_us=19118 pushes=21 pass=1
TINYDRAW_GATE1_HARD zoom=400 cold=1 operations=1000 samples=20000 steps=246 tiles=42 scanned=12000 rendered=30 max_supertask_us=28335 presentation_us=71881 total_us=348615 pass=1
TINYDRAW_GATE1_WORKLOAD kind=realistic seed=7 operations=1000 samples=19844 maximum_stroke=198 load_us=241330 raw_source=1 lod_copies=0
TINYDRAW_LIVE_PRESENT kind=gate_fallback zoom=100 x=0 y=0 compose_us=22456 read_submit_us=23232 read_complete_us=24035 transfer_wait_us=19581 pushes=21 pass=1
TINYDRAW_GATE1_HARD zoom=100 cold=1 operations=1000 samples=19844 steps=336 tiles=42 scanned=12000 rendered=555 max_supertask_us=4695 presentation_us=72054 total_us=480864 pass=1
TINYDRAW_GATE1_PAN zoom=100 from_x=0 from_y=0 to_x=120 to_y=120 compose_us=25536 event_submit_us=26199 event_complete_us=27005 transfer_us=19791 setup=1 present=1 moved=1 pass=1
TINYDRAW_LIVE_PRESENT kind=gate_fallback zoom=400 x=0 y=0 compose_us=21920 read_submit_us=22630 read_complete_us=23435 transfer_wait_us=19753 pushes=21 pass=1
TINYDRAW_GATE1_HARD zoom=400 cold=1 operations=1000 samples=19844 steps=295 tiles=42 scanned=12000 rendered=155 max_supertask_us=29311 presentation_us=68712 total_us=437742 pass=1
TINYDRAW_GATE1_PAN zoom=400 from_x=0 from_y=0 to_x=120 to_y=120 compose_us=25322 event_submit_us=25988 event_complete_us=26788 transfer_us=20002 setup=1 present=1 moved=1 pass=1
TINYDRAW_GATE1_DRAW_FILL zoom=400 revision=2002 append_us=477 poll_gap_us=666 event_submit_us=2758 event_complete_us=2935 max_compute_slice_us=29311 max_display_slice_us=29311 fill_us=472982 stale_rejected=1 pass=1
TINYDRAW_GATE1_AUTOMATED_DONE stress=1 stress_100=1 stress_400=1 workload=1 hard_100=1 hard_400=1 pan_100=1 pan_400=1 draw_fill=1 return=1 ssaa_receipt=yellow
TINYDRAW_LIVE_READY zoom=25 controls=toolbar button=cycle_25_100_400 long_button=load_1000 operations_capacity=4000 samples_capacity=80000 live_storage_bytes=3628512 free_psram=4714428 largest_psram=4587520

--- RUN 17 ---
ESP-ROM:esp32s3-20210327
Build:Mar 27 2021
rst:0x15 (USB_UART_CHIP_RESET),boot:0x2b (SPI_FAST_FLASH_BOOT)
Saved PC:0x4037b7d6
SPIWP:0xee
mode:DIO, clock div:1
load:0x3fce2820,len:0x1664
load:0x403c8700,len:0xf38
load:0x403cb700,len:0x31e8
entry 0x403c8930
I (24) boot: ESP-IDF v6.0.2 2nd stage bootloader
I (24) boot: compile time Aug 13 2026 14:07:42
I (25) boot: Multicore bootloader
I (25) boot: chip revision: v0.2
I (28) boot: efuse block revision: v1.3
I (31) qio_mode: Enabling default flash chip QIO
I (36) boot.esp32s3: Boot SPI Speed : 80MHz
I (39) boot.esp32s3: SPI Mode       : QIO
I (43) boot.esp32s3: SPI Flash Size : 16MB
I (47) boot: Enabling RNG early entropy source...
I (51) boot: Partition Table:
I (54) boot: ## Label            Usage          Type ST Offset   Length
I (60) boot:  0 nvs              WiFi data        01 02 00009000 00006000
I (67) boot:  1 phy_init         RF data          01 01 0000f000 00001000
I (73) boot:  2 factory          factory app      00 00 00010000 00100000
I (80) boot:  3 drawing          Unknown data     01 40 00110000 00300000
I (86) boot:  4 export           Unknown data     01 41 00410000 00500000
I (93) boot:  5 coredump         Unknown data     01 03 00910000 00010000
I (100) boot: End of partition table
I (103) esp_image: segment 0: paddr=00010020 vaddr=3c030020 size=0eb44h ( 60228) map
I (120) esp_image: segment 1: paddr=0001eb6c vaddr=3fc93d00 size=014ach (  5292) load
I (121) esp_image: segment 2: paddr=00020020 vaddr=42000020 size=2971ch (169756) map
I (152) esp_image: segment 3: paddr=00049744 vaddr=3fc951ac size=02178h (  8568) load
I (154) esp_image: segment 4: paddr=0004b8c4 vaddr=40374000 size=0fcbch ( 64700) load
I (168) esp_image: segment 5: paddr=0005b588 vaddr=50000000 size=00024h (    36) load
I (176) boot: Loaded app from partition at offset 0x10000
I (176) boot: Disabling RNG early entropy source...
I (186) octal_psram: vendor id    : 0x0d (AP)
I (186) octal_psram: dev id       : 0x02 (generation 3)
I (186) octal_psram: density      : 0x03 (64 Mbit)
I (188) octal_psram: good-die     : 0x01 (Pass)
I (193) octal_psram: Latency      : 0x01 (Fixed)
I (197) octal_psram: VCC          : 0x01 (3V)
I (201) octal_psram: SRF          : 0x01 (Fast Refresh)
I (206) octal_psram: BurstType    : 0x01 (Hybrid Wrap)
I (211) octal_psram: BurstLen     : 0x01 (32 Byte)
I (215) octal_psram: Readlatency  : 0x02 (10 cycles@Fixed)
I (221) octal_psram: DriveStrength: 0x00 (1/1)
I (225) MSPI Timing: Enter psram timing tuning
I (230) esp_psram: Found 8MB PSRAM device
I (233) esp_psram: Speed: 80MHz
I (236) cpu_start: Multicore app
I (652) esp_psram: SPI SRAM memory test OK
I (660) cpu_start: GPIO 44 and 43 are used as console UART I/O pins
I (660) cpu_start: Pro cpu start user code
I (660) cpu_start: cpu freq: 240000000 Hz
I (662) app_init: Application information:
I (666) app_init: Project name:     tinydraw_esp32
I (670) app_init: App version:      b3c1e33
I (674) app_init: Compile time:     Aug 13 2026 14:07:37
I (679) app_init: ELF file SHA256:  2674abac7...
I (684) app_init: ESP-IDF:          v6.0.2
I (688) efuse_init: Min chip rev:     v0.0
I (691) efuse_init: Max chip rev:     v0.99 
I (695) efuse_init: Chip rev:         v0.2
I (699) heap_init: Initializing. RAM available for dynamic allocation:
I (705) heap_init: At 3FC97DF0 len 00051920 (326 KiB): RAM
I (711) heap_init: At 3FCE9710 len 00005724 (21 KiB): RAM
I (716) heap_init: At 3FCF0000 len 00008000 (32 KiB): DRAM
I (721) heap_init: At 600FE000 len 00001FE8 (7 KiB): RTCRAM
I (726) esp_psram: Adding pool of 8192K of PSRAM memory to heap allocator
I (733) spi_flash: detected chip: generic
I (737) spi_flash: flash io: qio
I (740) sleep_gpio: Configure to isolate all GPIO pins in sleep state
I (746) sleep_gpio: Enable automatic switching of GPIO sleep configuration
I (753) main_task: Started on CPU0
I (756) main_task: Calling app_main()
TINYDRAW_PANEL_HARD_RESET=1
I (949) co5300: version: 2.1.0
I (950) co5300_spi: LCD panel create success, version: 2.1.0
W (1030) co5300_spi: The 3Ah command has been used and will be overwritten by external initialization sequence
I (1130) CST816S: IC id: 183
TINYDRAW_LIVE_PRESENT kind=startup zoom=25 x=0 y=0 compose_us=34599 read_submit_us=0 read_complete_us=0 transfer_wait_us=19428 pushes=21 pass=1
TINYDRAW_LIVE_STRESS operations=1000 samples=20000 total_us=369795 average_us=369 maximum_us=535 free_psram=4714428 largest_psram=4587520
TINYDRAW_LIVE_PRESENT kind=gate_fallback zoom=100 x=0 y=0 compose_us=22487 read_submit_us=23264 read_complete_us=24066 transfer_wait_us=19180 pushes=21 pass=1
TINYDRAW_GATE1_HARD zoom=100 cold=1 operations=1000 samples=20000 steps=273 tiles=42 scanned=12000 rendered=199 max_supertask_us=6002 presentation_us=71956 total_us=441424 pass=1
TINYDRAW_LIVE_PRESENT kind=gate_fallback zoom=400 x=0 y=0 compose_us=21910 read_submit_us=22658 read_complete_us=23460 transfer_wait_us=19117 pushes=21 pass=1
TINYDRAW_GATE1_HARD zoom=400 cold=1 operations=1000 samples=20000 steps=246 tiles=42 scanned=12000 rendered=30 max_supertask_us=28335 presentation_us=71885 total_us=348615 pass=1
TINYDRAW_GATE1_WORKLOAD kind=realistic seed=7 operations=1000 samples=19844 maximum_stroke=198 load_us=241329 raw_source=1 lod_copies=0
TINYDRAW_LIVE_PRESENT kind=gate_fallback zoom=100 x=0 y=0 compose_us=22456 read_submit_us=23232 read_complete_us=24035 transfer_wait_us=19584 pushes=21 pass=1
TINYDRAW_GATE1_HARD zoom=100 cold=1 operations=1000 samples=19844 steps=336 tiles=42 scanned=12000 rendered=555 max_supertask_us=4695 presentation_us=72056 total_us=480864 pass=1
TINYDRAW_GATE1_PAN zoom=100 from_x=0 from_y=0 to_x=120 to_y=120 compose_us=25537 event_submit_us=26201 event_complete_us=27007 transfer_us=19790 setup=1 present=1 moved=1 pass=1
TINYDRAW_LIVE_PRESENT kind=gate_fallback zoom=400 x=0 y=0 compose_us=21920 read_submit_us=22629 read_complete_us=23435 transfer_wait_us=19754 pushes=21 pass=1
TINYDRAW_GATE1_HARD zoom=400 cold=1 operations=1000 samples=19844 steps=295 tiles=42 scanned=12000 rendered=155 max_supertask_us=29311 presentation_us=68714 total_us=437742 pass=1
TINYDRAW_GATE1_PAN zoom=400 from_x=0 from_y=0 to_x=120 to_y=120 compose_us=25322 event_submit_us=25989 event_complete_us=26789 transfer_us=20002 setup=1 present=1 moved=1 pass=1
TINYDRAW_GATE1_DRAW_FILL zoom=400 revision=2002 append_us=477 poll_gap_us=666 event_submit_us=2758 event_complete_us=2935 max_compute_slice_us=29312 max_display_slice_us=29312 fill_us=472982 stale_rejected=1 pass=1
TINYDRAW_GATE1_AUTOMATED_DONE stress=1 stress_100=1 stress_400=1 workload=1 hard_100=1 hard_400=1 pan_100=1 pan_400=1 draw_fill=1 return=1 ssaa_receipt=yellow
TINYDRAW_LIVE_READY zoom=25 controls=toolbar button=cycle_25_100_400 long_button=load_1000 operations_capacity=4000 samples_capacity=80000 live_storage_bytes=3628512 free_psram=4714428 largest_psram=4587520

--- RUN 18 ---
ESP-ROM:esp32s3-20210327
Build:Mar 27 2021
rst:0x15 (USB_UART_CHIP_RESET),boot:0x2b (SPI_FAST_FLASH_BOOT)
Saved PC:0x4037b7d6
SPIWP:0xee
mode:DIO, clock div:1
load:0x3fce2820,len:0x1664
load:0x403c8700,len:0xf38
load:0x403cb700,len:0x31e8
entry 0x403c8930
I (24) boot: ESP-IDF v6.0.2 2nd stage bootloader
I (24) boot: compile time Aug 13 2026 14:07:42
I (25) boot: Multicore bootloader
I (25) boot: chip revision: v0.2
I (28) boot: efuse block revision: v1.3
I (31) qio_mode: Enabling default flash chip QIO
I (36) boot.esp32s3: Boot SPI Speed : 80MHz
I (39) boot.esp32s3: SPI Mode       : QIO
I (43) boot.esp32s3: SPI Flash Size : 16MB
I (47) boot: Enabling RNG early entropy source...
I (51) boot: Partition Table:
I (54) boot: ## Label            Usage          Type ST Offset   Length
I (60) boot:  0 nvs              WiFi data        01 02 00009000 00006000
I (67) boot:  1 phy_init         RF data          01 01 0000f000 00001000
I (73) boot:  2 factory          factory app      00 00 00010000 00100000
I (80) boot:  3 drawing          Unknown data     01 40 00110000 00300000
I (86) boot:  4 export           Unknown data     01 41 00410000 00500000
I (93) boot:  5 coredump         Unknown data     01 03 00910000 00010000
I (100) boot: End of partition table
I (103) esp_image: segment 0: paddr=00010020 vaddr=3c030020 size=0eb44h ( 60228) map
I (120) esp_image: segment 1: paddr=0001eb6c vaddr=3fc93d00 size=014ach (  5292) load
I (121) esp_image: segment 2: paddr=00020020 vaddr=42000020 size=2971ch (169756) map
I (152) esp_image: segment 3: paddr=00049744 vaddr=3fc951ac size=02178h (  8568) load
I (154) esp_image: segment 4: paddr=0004b8c4 vaddr=40374000 size=0fcbch ( 64700) load
I (168) esp_image: segment 5: paddr=0005b588 vaddr=50000000 size=00024h (    36) load
I (176) boot: Loaded app from partition at offset 0x10000
I (176) boot: Disabling RNG early entropy source...
I (186) octal_psram: vendor id    : 0x0d (AP)
I (186) octal_psram: dev id       : 0x02 (generation 3)
I (186) octal_psram: density      : 0x03 (64 Mbit)
I (188) octal_psram: good-die     : 0x01 (Pass)
I (193) octal_psram: Latency      : 0x01 (Fixed)
I (197) octal_psram: VCC          : 0x01 (3V)
I (201) octal_psram: SRF          : 0x01 (Fast Refresh)
I (206) octal_psram: BurstType    : 0x01 (Hybrid Wrap)
I (211) octal_psram: BurstLen     : 0x01 (32 Byte)
I (215) octal_psram: Readlatency  : 0x02 (10 cycles@Fixed)
I (221) octal_psram: DriveStrength: 0x00 (1/1)
I (225) MSPI Timing: Enter psram timing tuning
I (230) esp_psram: Found 8MB PSRAM device
I (233) esp_psram: Speed: 80MHz
I (236) cpu_start: Multicore app
I (652) esp_psram: SPI SRAM memory test OK
I (660) cpu_start: GPIO 44 and 43 are used as console UART I/O pins
I (660) cpu_start: Pro cpu start user code
I (660) cpu_start: cpu freq: 240000000 Hz
I (662) app_init: Application information:
I (666) app_init: Project name:     tinydraw_esp32
I (670) app_init: App version:      b3c1e33
I (674) app_init: Compile time:     Aug 13 2026 14:07:37
I (679) app_init: ELF file SHA256:  2674abac7...
I (684) app_init: ESP-IDF:          v6.0.2
I (688) efuse_init: Min chip rev:     v0.0
I (691) efuse_init: Max chip rev:     v0.99 
I (695) efuse_init: Chip rev:         v0.2
I (699) heap_init: Initializing. RAM available for dynamic allocation:
I (705) heap_init: At 3FC97DF0 len 00051920 (326 KiB): RAM
I (711) heap_init: At 3FCE9710 len 00005724 (21 KiB): RAM
I (716) heap_init: At 3FCF0000 len 00008000 (32 KiB): DRAM
I (721) heap_init: At 600FE000 len 00001FE8 (7 KiB): RTCRAM
I (726) esp_psram: Adding pool of 8192K of PSRAM memory to heap allocator
I (733) spi_flash: detected chip: generic
I (737) spi_flash: flash io: qio
I (740) sleep_gpio: Configure to isolate all GPIO pins in sleep state
I (746) sleep_gpio: Enable automatic switching of GPIO sleep configuration
I (753) main_task: Started on CPU0
I (756) main_task: Calling app_main()
TINYDRAW_PANEL_HARD_RESET=1
I (949) co5300: version: 2.1.0
I (950) co5300_spi: LCD panel create success, version: 2.1.0
W (1030) co5300_spi: The 3Ah command has been used and will be overwritten by external initialization sequence
I (1130) CST816S: IC id: 183
TINYDRAW_LIVE_PRESENT kind=startup zoom=25 x=0 y=0 compose_us=34599 read_submit_us=0 read_complete_us=0 transfer_wait_us=19427 pushes=21 pass=1
TINYDRAW_LIVE_STRESS operations=1000 samples=20000 total_us=369794 average_us=369 maximum_us=536 free_psram=4714428 largest_psram=4587520
TINYDRAW_LIVE_PRESENT kind=gate_fallback zoom=100 x=0 y=0 compose_us=22486 read_submit_us=23263 read_complete_us=24066 transfer_wait_us=19184 pushes=21 pass=1
TINYDRAW_GATE1_HARD zoom=100 cold=1 operations=1000 samples=20000 steps=273 tiles=42 scanned=12000 rendered=199 max_supertask_us=6003 presentation_us=71966 total_us=441422 pass=1
TINYDRAW_LIVE_PRESENT kind=gate_fallback zoom=400 x=0 y=0 compose_us=21909 read_submit_us=22657 read_complete_us=23460 transfer_wait_us=19119 pushes=21 pass=1
TINYDRAW_GATE1_HARD zoom=400 cold=1 operations=1000 samples=20000 steps=246 tiles=42 scanned=12000 rendered=30 max_supertask_us=28334 presentation_us=71900 total_us=348614 pass=1
TINYDRAW_GATE1_WORKLOAD kind=realistic seed=7 operations=1000 samples=19844 maximum_stroke=198 load_us=241329 raw_source=1 lod_copies=0
TINYDRAW_LIVE_PRESENT kind=gate_fallback zoom=100 x=0 y=0 compose_us=22456 read_submit_us=23232 read_complete_us=24035 transfer_wait_us=19583 pushes=21 pass=1
TINYDRAW_GATE1_HARD zoom=100 cold=1 operations=1000 samples=19844 steps=336 tiles=42 scanned=12000 rendered=555 max_supertask_us=4694 presentation_us=72068 total_us=480864 pass=1
TINYDRAW_GATE1_PAN zoom=100 from_x=0 from_y=0 to_x=120 to_y=120 compose_us=25537 event_submit_us=26200 event_complete_us=27007 transfer_us=19791 setup=1 present=1 moved=1 pass=1
TINYDRAW_LIVE_PRESENT kind=gate_fallback zoom=400 x=0 y=0 compose_us=21920 read_submit_us=22630 read_complete_us=23435 transfer_wait_us=19754 pushes=21 pass=1
TINYDRAW_GATE1_HARD zoom=400 cold=1 operations=1000 samples=19844 steps=295 tiles=42 scanned=12000 rendered=155 max_supertask_us=29312 presentation_us=68731 total_us=437741 pass=1
TINYDRAW_GATE1_PAN zoom=400 from_x=0 from_y=0 to_x=120 to_y=120 compose_us=25322 event_submit_us=25989 event_complete_us=26789 transfer_us=20002 setup=1 present=1 moved=1 pass=1
TINYDRAW_GATE1_DRAW_FILL zoom=400 revision=2002 append_us=476 poll_gap_us=667 event_submit_us=2757 event_complete_us=2935 max_compute_slice_us=29312 max_display_slice_us=29312 fill_us=472983 stale_rejected=1 pass=1
TINYDRAW_GATE1_AUTOMATED_DONE stress=1 stress_100=1 stress_400=1 workload=1 hard_100=1 hard_400=1 pan_100=1 pan_400=1 draw_fill=1 return=1 ssaa_receipt=yellow
TINYDRAW_LIVE_READY zoom=25 controls=toolbar button=cycle_25_100_400 long_button=load_1000 operations_capacity=4000 samples_capacity=80000 live_storage_bytes=3628512 free_psram=4714428 largest_psram=4587520

--- RUN 19 ---
ESP-ROM:esp32s3-20210327
Build:Mar 27 2021
rst:0x15 (USB_UART_CHIP_RESET),boot:0x2b (SPI_FAST_FLASH_BOOT)
Saved PC:0x4037f659
SPIWP:0xee
mode:DIO, clock div:1
load:0x3fce2820,len:0x1664
load:0x403c8700,len:0xf38
load:0x403cb700,len:0x31e8
entry 0x403c8930
I (24) boot: ESP-IDF v6.0.2 2nd stage bootloader
I (24) boot: compile time Aug 13 2026 14:07:42
I (25) boot: Multicore bootloader
I (25) boot: chip revision: v0.2
I (28) boot: efuse block revision: v1.3
I (31) qio_mode: Enabling default flash chip QIO
I (36) boot.esp32s3: Boot SPI Speed : 80MHz
I (39) boot.esp32s3: SPI Mode       : QIO
I (43) boot.esp32s3: SPI Flash Size : 16MB
I (47) boot: Enabling RNG early entropy source...
I (51) boot: Partition Table:
I (54) boot: ## Label            Usage          Type ST Offset   Length
I (60) boot:  0 nvs              WiFi data        01 02 00009000 00006000
I (67) boot:  1 phy_init         RF data          01 01 0000f000 00001000
I (73) boot:  2 factory          factory app      00 00 00010000 00100000
I (80) boot:  3 drawing          Unknown data     01 40 00110000 00300000
I (86) boot:  4 export           Unknown data     01 41 00410000 00500000
I (93) boot:  5 coredump         Unknown data     01 03 00910000 00010000
I (100) boot: End of partition table
I (103) esp_image: segment 0: paddr=00010020 vaddr=3c030020 size=0eb44h ( 60228) map
I (120) esp_image: segment 1: paddr=0001eb6c vaddr=3fc93d00 size=014ach (  5292) load
I (121) esp_image: segment 2: paddr=00020020 vaddr=42000020 size=2971ch (169756) map
I (152) esp_image: segment 3: paddr=00049744 vaddr=3fc951ac size=02178h (  8568) load
I (154) esp_image: segment 4: paddr=0004b8c4 vaddr=40374000 size=0fcbch ( 64700) load
I (168) esp_image: segment 5: paddr=0005b588 vaddr=50000000 size=00024h (    36) load
I (176) boot: Loaded app from partition at offset 0x10000
I (176) boot: Disabling RNG early entropy source...
I (186) octal_psram: vendor id    : 0x0d (AP)
I (186) octal_psram: dev id       : 0x02 (generation 3)
I (186) octal_psram: density      : 0x03 (64 Mbit)
I (188) octal_psram: good-die     : 0x01 (Pass)
I (193) octal_psram: Latency      : 0x01 (Fixed)
I (197) octal_psram: VCC          : 0x01 (3V)
I (201) octal_psram: SRF          : 0x01 (Fast Refresh)
I (206) octal_psram: BurstType    : 0x01 (Hybrid Wrap)
I (211) octal_psram: BurstLen     : 0x01 (32 Byte)
I (215) octal_psram: Readlatency  : 0x02 (10 cycles@Fixed)
I (221) octal_psram: DriveStrength: 0x00 (1/1)
I (225) MSPI Timing: Enter psram timing tuning
I (230) esp_psram: Found 8MB PSRAM device
I (233) esp_psram: Speed: 80MHz
I (236) cpu_start: Multicore app
I (652) esp_psram: SPI SRAM memory test OK
I (660) cpu_start: GPIO 44 and 43 are used as console UART I/O pins
I (660) cpu_start: Pro cpu start user code
I (660) cpu_start: cpu freq: 240000000 Hz
I (662) app_init: Application information:
I (666) app_init: Project name:     tinydraw_esp32
I (670) app_init: App version:      b3c1e33
I (674) app_init: Compile time:     Aug 13 2026 14:07:37
I (679) app_init: ELF file SHA256:  2674abac7...
I (684) app_init: ESP-IDF:          v6.0.2
I (688) efuse_init: Min chip rev:     v0.0
I (691) efuse_init: Max chip rev:     v0.99 
I (695) efuse_init: Chip rev:         v0.2
I (699) heap_init: Initializing. RAM available for dynamic allocation:
I (705) heap_init: At 3FC97DF0 len 00051920 (326 KiB): RAM
I (711) heap_init: At 3FCE9710 len 00005724 (21 KiB): RAM
I (716) heap_init: At 3FCF0000 len 00008000 (32 KiB): DRAM
I (721) heap_init: At 600FE000 len 00001FE8 (7 KiB): RTCRAM
I (726) esp_psram: Adding pool of 8192K of PSRAM memory to heap allocator
I (733) spi_flash: detected chip: generic
I (737) spi_flash: flash io: qio
I (740) sleep_gpio: Configure to isolate all GPIO pins in sleep state
I (746) sleep_gpio: Enable automatic switching of GPIO sleep configuration
I (753) main_task: Started on CPU0
I (756) main_task: Calling app_main()
TINYDRAW_PANEL_HARD_RESET=1
I (949) co5300: version: 2.1.0
I (950) co5300_spi: LCD panel create success, version: 2.1.0
W (1030) co5300_spi: The 3Ah command has been used and will be overwritten by external initialization sequence
I (1130) CST816S: IC id: 183
TINYDRAW_LIVE_PRESENT kind=startup zoom=25 x=0 y=0 compose_us=34598 read_submit_us=0 read_complete_us=0 transfer_wait_us=19427 pushes=21 pass=1
TINYDRAW_LIVE_STRESS operations=1000 samples=20000 total_us=369794 average_us=369 maximum_us=535 free_psram=4714428 largest_psram=4587520
TINYDRAW_LIVE_PRESENT kind=gate_fallback zoom=100 x=0 y=0 compose_us=22487 read_submit_us=23263 read_complete_us=24066 transfer_wait_us=19184 pushes=21 pass=1
TINYDRAW_GATE1_HARD zoom=100 cold=1 operations=1000 samples=20000 steps=273 tiles=42 scanned=12000 rendered=199 max_supertask_us=6002 presentation_us=71948 total_us=441423 pass=1
TINYDRAW_LIVE_PRESENT kind=gate_fallback zoom=400 x=0 y=0 compose_us=21909 read_submit_us=22658 read_complete_us=23461 transfer_wait_us=19119 pushes=21 pass=1
TINYDRAW_GATE1_HARD zoom=400 cold=1 operations=1000 samples=20000 steps=246 tiles=42 scanned=12000 rendered=30 max_supertask_us=28335 presentation_us=71884 total_us=348615 pass=1
TINYDRAW_GATE1_WORKLOAD kind=realistic seed=7 operations=1000 samples=19844 maximum_stroke=198 load_us=241329 raw_source=1 lod_copies=0
TINYDRAW_LIVE_PRESENT kind=gate_fallback zoom=100 x=0 y=0 compose_us=22456 read_submit_us=23232 read_complete_us=24035 transfer_wait_us=19584 pushes=21 pass=1
TINYDRAW_GATE1_HARD zoom=100 cold=1 operations=1000 samples=19844 steps=336 tiles=42 scanned=12000 rendered=555 max_supertask_us=4694 presentation_us=72053 total_us=480864 pass=1
TINYDRAW_GATE1_PAN zoom=100 from_x=0 from_y=0 to_x=120 to_y=120 compose_us=25536 event_submit_us=26200 event_complete_us=27006 transfer_us=19790 setup=1 present=1 moved=1 pass=1
TINYDRAW_LIVE_PRESENT kind=gate_fallback zoom=400 x=0 y=0 compose_us=21919 read_submit_us=22630 read_complete_us=23435 transfer_wait_us=19753 pushes=21 pass=1
TINYDRAW_GATE1_HARD zoom=400 cold=1 operations=1000 samples=19844 steps=295 tiles=42 scanned=12000 rendered=155 max_supertask_us=29311 presentation_us=68714 total_us=437741 pass=1
TINYDRAW_GATE1_PAN zoom=400 from_x=0 from_y=0 to_x=120 to_y=120 compose_us=25322 event_submit_us=25988 event_complete_us=26788 transfer_us=20002 setup=1 present=1 moved=1 pass=1
TINYDRAW_GATE1_DRAW_FILL zoom=400 revision=2002 append_us=476 poll_gap_us=666 event_submit_us=2758 event_complete_us=2935 max_compute_slice_us=29312 max_display_slice_us=29312 fill_us=472984 stale_rejected=1 pass=1
TINYDRAW_GATE1_AUTOMATED_DONE stress=1 stress_100=1 stress_400=1 workload=1 hard_100=1 hard_400=1 pan_100=1 pan_400=1 draw_fill=1 return=1 ssaa_receipt=yellow

--- RUN 20 ---
ESP-ROM:esp32s3-20210327
Build:Mar 27 2021
rst:0x15 (USB_UART_CHIP_RESET),boot:0x2b (SPI_FAST_FLASH_BOOT)
Saved PC:0x40001c38
SPIWP:0xee
mode:DIO, clock div:1
load:0x3fce2820,len:0x1664
load:0x403c8700,len:0xf38
load:0x403cb700,len:0x31e8
entry 0x403c8930
I (24) boot: ESP-IDF v6.0.2 2nd stage bootloader
I (24) boot: compile time Aug 13 2026 14:07:42
I (25) boot: Multicore bootloader
I (25) boot: chip revision: v0.2
I (28) boot: efuse block revision: v1.3
I (31) qio_mode: Enabling default flash chip QIO
I (36) boot.esp32s3: Boot SPI Speed : 80MHz
I (39) boot.esp32s3: SPI Mode       : QIO
I (43) boot.esp32s3: SPI Flash Size : 16MB
I (47) boot: Enabling RNG early entropy source...
I (51) boot: Partition Table:
I (54) boot: ## Label            Usage          Type ST Offset   Length
I (60) boot:  0 nvs              WiFi data        01 02 00009000 00006000
I (67) boot:  1 phy_init         RF data          01 01 0000f000 00001000
I (73) boot:  2 factory          factory app      00 00 00010000 00100000
I (80) boot:  3 drawing          Unknown data     01 40 00110000 00300000
I (86) boot:  4 export           Unknown data     01 41 00410000 00500000
I (93) boot:  5 coredump         Unknown data     01 03 00910000 00010000
I (100) boot: End of partition table
I (103) esp_image: segment 0: paddr=00010020 vaddr=3c030020 size=0eb44h ( 60228) map
I (120) esp_image: segment 1: paddr=0001eb6c vaddr=3fc93d00 size=014ach (  5292) load
I (121) esp_image: segment 2: paddr=00020020 vaddr=42000020 size=2971ch (169756) map
I (152) esp_image: segment 3: paddr=00049744 vaddr=3fc951ac size=02178h (  8568) load
I (154) esp_image: segment 4: paddr=0004b8c4 vaddr=40374000 size=0fcbch ( 64700) load
I (168) esp_image: segment 5: paddr=0005b588 vaddr=50000000 size=00024h (    36) load
I (176) boot: Loaded app from partition at offset 0x10000
I (176) boot: Disabling RNG early entropy source...
I (186) octal_psram: vendor id    : 0x0d (AP)
I (186) octal_psram: dev id       : 0x02 (generation 3)
I (186) octal_psram: density      : 0x03 (64 Mbit)
I (188) octal_psram: good-die     : 0x01 (Pass)
I (193) octal_psram: Latency      : 0x01 (Fixed)
I (197) octal_psram: VCC          : 0x01 (3V)
I (201) octal_psram: SRF          : 0x01 (Fast Refresh)
I (206) octal_psram: BurstType    : 0x01 (Hybrid Wrap)
I (211) octal_psram: BurstLen     : 0x01 (32 Byte)
I (215) octal_psram: Readlatency  : 0x02 (10 cycles@Fixed)
I (221) octal_psram: DriveStrength: 0x00 (1/1)
I (225) MSPI Timing: Enter psram timing tuning
I (230) esp_psram: Found 8MB PSRAM device
I (233) esp_psram: Speed: 80MHz
I (236) cpu_start: Multicore app
I (652) esp_psram: SPI SRAM memory test OK
I (660) cpu_start: GPIO 44 and 43 are used as console UART I/O pins
I (660) cpu_start: Pro cpu start user code
I (660) cpu_start: cpu freq: 240000000 Hz
I (662) app_init: Application information:
I (666) app_init: Project name:     tinydraw_esp32
I (670) app_init: App version:      b3c1e33
I (674) app_init: Compile time:     Aug 13 2026 14:07:37
I (679) app_init: ELF file SHA256:  2674abac7...
I (684) app_init: ESP-IDF:          v6.0.2
I (688) efuse_init: Min chip rev:     v0.0
I (691) efuse_init: Max chip rev:     v0.99 
I (695) efuse_init: Chip rev:         v0.2
I (699) heap_init: Initializing. RAM available for dynamic allocation:
I (705) heap_init: At 3FC97DF0 len 00051920 (326 KiB): RAM
I (711) heap_init: At 3FCE9710 len 00005724 (21 KiB): RAM
I (716) heap_init: At 3FCF0000 len 00008000 (32 KiB): DRAM
I (721) heap_init: At 600FE000 len 00001FE8 (7 KiB): RTCRAM
I (726) esp_psram: Adding pool of 8192K of PSRAM memory to heap allocator
I (733) spi_flash: detected chip: generic
I (737) spi_flash: flash io: qio
I (740) sleep_gpio: Configure to isolate all GPIO pins in sleep state
I (746) sleep_gpio: Enable automatic switching of GPIO sleep configuration
I (753) main_task: Started on CPU0
I (756) main_task: Calling app_main()
TINYDRAW_PANEL_HARD_RESET=1
I (949) co5300: version: 2.1.0
I (950) co5300_spi: LCD panel create success, version: 2.1.0
W (1030) co5300_spi: The 3Ah command has been used and will be overwritten by external initialization sequence
I (1130) CST816S: IC id: 183
TINYDRAW_LIVE_PRESENT kind=startup zoom=25 x=0 y=0 compose_us=34599 read_submit_us=0 read_complete_us=0 transfer_wait_us=19427 pushes=21 pass=1
TINYDRAW_LIVE_STRESS operations=1000 samples=20000 total_us=369795 average_us=369 maximum_us=536 free_psram=4714428 largest_psram=4587520
TINYDRAW_LIVE_PRESENT kind=gate_fallback zoom=100 x=0 y=0 compose_us=22487 read_submit_us=23263 read_complete_us=24066 transfer_wait_us=19180 pushes=21 pass=1
TINYDRAW_GATE1_HARD zoom=100 cold=1 operations=1000 samples=20000 steps=273 tiles=42 scanned=12000 rendered=199 max_supertask_us=6003 presentation_us=71973 total_us=441424 pass=1
TINYDRAW_LIVE_PRESENT kind=gate_fallback zoom=400 x=0 y=0 compose_us=21910 read_submit_us=22658 read_complete_us=23461 transfer_wait_us=19117 pushes=21 pass=1
TINYDRAW_GATE1_HARD zoom=400 cold=1 operations=1000 samples=20000 steps=246 tiles=42 scanned=12000 rendered=30 max_supertask_us=28335 presentation_us=71906 total_us=348614 pass=1
TINYDRAW_GATE1_WORKLOAD kind=realistic seed=7 operations=1000 samples=19844 maximum_stroke=198 load_us=241329 raw_source=1 lod_copies=0
TINYDRAW_LIVE_PRESENT kind=gate_fallback zoom=100 x=0 y=0 compose_us=22456 read_submit_us=23232 read_complete_us=24034 transfer_wait_us=19583 pushes=21 pass=1
TINYDRAW_GATE1_HARD zoom=100 cold=1 operations=1000 samples=19844 steps=336 tiles=42 scanned=12000 rendered=555 max_supertask_us=4694 presentation_us=72072 total_us=480864 pass=1
TINYDRAW_GATE1_PAN zoom=100 from_x=0 from_y=0 to_x=120 to_y=120 compose_us=25537 event_submit_us=26200 event_complete_us=27006 transfer_us=19791 setup=1 present=1 moved=1 pass=1
TINYDRAW_LIVE_PRESENT kind=gate_fallback zoom=400 x=0 y=0 compose_us=21919 read_submit_us=22630 read_complete_us=23435 transfer_wait_us=19754 pushes=21 pass=1
TINYDRAW_GATE1_HARD zoom=400 cold=1 operations=1000 samples=19844 steps=295 tiles=42 scanned=12000 rendered=155 max_supertask_us=29312 presentation_us=68733 total_us=437742 pass=1
TINYDRAW_GATE1_PAN zoom=400 from_x=0 from_y=0 to_x=120 to_y=120 compose_us=25322 event_submit_us=25989 event_complete_us=26789 transfer_us=20002 setup=1 present=1 moved=1 pass=1
TINYDRAW_GATE1_DRAW_FILL zoom=400 revision=2002 append_us=476 poll_gap_us=667 event_submit_us=2757 event_complete_us=2935 max_compute_slice_us=29312 max_display_slice_us=29312 fill_us=472982 stale_rejected=1 pass=1
TINYDRAW_GATE1_AUTOMATED_DONE stress=1 stress_100=1 stress_400=1 workload=1 hard_100=1 hard_400=1 pan_100=1 pan_400=1 draw_fill=1 return=1 ssaa_receipt=yellow
TINYDRAW_LIVE_READY zoom=25 controls=toolbar button=cycle_25_100_400 long_button=load_1000 operations_capacity=4000 samples_capacity=80000 live_storage_bytes=3628512 free_psram=4714428 largest_psram=4587520
