[21:21:44] TINYDRAW_LIVE_PRESENT kind=power zoom=25 x=0 y=0 compose_us=2591ESP-ROM:esp32s3-20210327
[21:21:44] Build:Mar 27 2021
[21:21:44] rst:0x15 (USB_UART_CHIP_RESET),boot:0x2b (SPI_FAST_FLASH_BOOT)
[21:21:44] Saved PC:0x4037b8fa
[21:21:44] SPIWP:0xee
[21:21:44] mode:DIO, clock div:1
[21:21:44] load:0x3fce2820,len:0x1664
[21:21:44] load:0x403c8700,len:0xf38
[21:21:44] load:0x403cb700,len:0x31e8
[21:21:44] entry 0x403c8930
[21:21:44] I (24) boot: ESP-IDF v6.0.2 2nd stage bootloader
[21:21:44] I (24) boot: compile time Aug 16 2026 21:15:31
[21:21:44] I (25) boot: Multicore bootloader
[21:21:44] I (25) boot: chip revision: v0.2
[21:21:44] I (28) boot: efuse block revision: v1.3
[21:21:44] I (31) qio_mode: Enabling default flash chip QIO
[21:21:44] I (36) boot.esp32s3: Boot SPI Speed : 80MHz
[21:21:44] I (39) boot.esp32s3: SPI Mode       : QIO
[21:21:44] I (43) boot.esp32s3: SPI Flash Size : 16MB
[21:21:44] I (47) boot: Enabling RNG early entropy source...
[21:21:44] I (51) boot: Partition Table:
[21:21:44] I (54) boot: ## Label            Usage          Type ST Offset   Length
[21:21:44] I (60) boot:  0 nvs              WiFi data        01 02 00009000 00006000
[21:21:44] I (67) boot:  1 phy_init         RF data          01 01 0000f000 00001000
[21:21:44] I (73) boot:  2 factory          factory app      00 00 00010000 00100000
[21:21:44] I (80) boot:  3 drawing          Unknown data     01 40 00110000 00300000
[21:21:44] I (86) boot:  4 export           Unknown data     01 41 00410000 00500000
[21:21:44] I (93) boot:  5 coredump         Unknown data     01 03 00910000 00010000
[21:21:44] I (100) boot: End of partition table
[21:21:44] I (103) esp_image: segment 0: paddr=00010020 vaddr=3c050020 size=2c05ch (180316) map
[21:21:44] I (138) esp_image: segment 1: paddr=0003c084 vaddr=3fc96000 size=03764h ( 14180) load
[21:21:44] I (141) esp_image: segment 2: paddr=0003f7f0 vaddr=40374000 size=00828h (  2088) load
[21:21:44] I (143) esp_image: segment 3: paddr=00040020 vaddr=42000020 size=4f784h (325508) map
[21:21:44] I (200) esp_image: segment 4: paddr=0008f7ac vaddr=40374828 size=116ech ( 71404) load
[21:21:44] I (215) esp_image: segment 5: paddr=000a0ea0 vaddr=50000000 size=00024h (    36) load
[21:21:44] I (223) boot: Loaded app from partition at offset 0x10000
[21:21:44] I (223) boot: Disabling RNG early entropy source...
[21:21:44] I (233) octal_psram: vendor id    : 0x0d (AP)
[21:21:44] I (233) octal_psram: dev id       : 0x02 (generation 3)
[21:21:44] I (233) octal_psram: density      : 0x03 (64 Mbit)
[21:21:44] I (235) octal_psram: good-die     : 0x01 (Pass)
[21:21:44] I (239) octal_psram: Latency      : 0x01 (Fixed)
[21:21:44] I (244) octal_psram: VCC          : 0x01 (3V)
[21:21:44] I (248) octal_psram: SRF          : 0x01 (Fast Refresh)
[21:21:44] I (253) octal_psram: BurstType    : 0x01 (Hybrid Wrap)
[21:21:44] I (258) octal_psram: BurstLen     : 0x01 (32 Byte)
[21:21:44] I (262) octal_psram: Readlatency  : 0x02 (10 cycles@Fixed)
[21:21:44] I (267) octal_psram: DriveStrength: 0x00 (1/1)
[21:21:44] I (271) MSPI Timing: Enter psram timing tuning
[21:21:44] I (276) esp_psram: Found 8MB PSRAM device
[21:21:44] I (279) esp_psram: Speed: 80MHz
[21:21:44] I (282) cpu_start: Multicore app
[21:21:44] I (698) esp_psram: SPI SRAM memory test OK
[21:21:44] I (707) cpu_start: GPIO 44 and 43 are used as console UART I/O pins
[21:21:44] I (707) cpu_start: Pro cpu start user code
[21:21:44] I (707) cpu_start: cpu freq: 240000000 Hz
[21:21:44] I (709) app_init: Application information:
[21:21:44] I (713) app_init: Project name:     tinydraw_esp32
[21:21:44] I (717) app_init: App version:      afa3239-dirty
[21:21:44] I (722) app_init: Compile time:     Aug 16 2026 21:15:22
[21:21:44] I (727) app_init: ELF file SHA256:  9ca9e81f1...
[21:21:44] I (731) app_init: ESP-IDF:          v6.0.2
[21:21:44] I (735) efuse_init: Min chip rev:     v0.0
[21:21:44] I (739) efuse_init: Max chip rev:     v0.99 
[21:21:44] I (743) efuse_init: Chip rev:         v0.2
[21:21:44] I (746) heap_init: Initializing. RAM available for dynamic allocation:
[21:21:44] I (753) heap_init: At 3FC9AB90 len 0004EB80 (314 KiB): RAM
[21:21:44] I (758) heap_init: At 3FCE9710 len 00005724 (21 KiB): RAM
[21:21:44] I (763) heap_init: At 3FCF0000 len 00008000 (32 KiB): DRAM
[21:21:44] I (768) heap_init: At 600FE000 len 00001FE8 (7 KiB): RTCRAM
[21:21:44] I (774) esp_psram: Adding pool of 8192K of PSRAM memory to heap allocator
[21:21:44] I (780) spi_flash: detected chip: generic
[21:21:44] I (784) spi_flash: flash io: qio
[21:21:44] I (787) sleep_gpio: Configure to isolate all GPIO pins in sleep state
[21:21:44] I (793) sleep_gpio: Enable automatic switching of GPIO sleep configuration
[21:21:44] I (800) main_task: Started on CPU0
[21:21:44] I (803) main_task: Calling app_main()
[21:21:44] TINYDRAW_PRODUCER_SCRATCH supertask_internal=1 slot_directory_internal=0 free_internal=299676 free_psram=1861508
[21:21:44] TINYDRAW_PANEL_HARD_RESET=1
[21:21:44] TINYDRAW_PANEL_TRANSPORT requested_clock_mhz=50 effective_clock_mhz=40
[21:21:44] I (1010) co5300: version: 2.1.0
[21:21:44] I (1010) co5300_spi: LCD panel create success, version: 2.1.0
[21:21:44] W (1095) co5300_spi: The 3Ah command has been used and will be overwritten by external initialization sequence
[21:21:44] I (1196) CST816S: IC id: 183
[21:21:44] TINYDRAW_VECTOR_V2_PRESENTATION experiment=boundary-top-sweep te_edge=rising requested_clock_mhz=50 effective_clock_mhz=40 optical_acceptance=external_manual
[21:21:45] TINYDRAW_LIVE_PRESENT kind=startup zoom=25 x=0 y=0 compose_us=26073 scroll_us=0 exposed_compose_us=0 chrome_us=17069 chrome_prepare_us=11960 chrome_stage_us=5109 read_submit_us=0 read_complete_us=0 transfer_wait_us=20409 tile_pixels=0 uniform_pixels=0 overview_pixels=164864 fallback_pixels=0 resident_tiles=0 fallback_tiles=0 pushes=11 tear_wait_us=16767 tear_edge_isr_to_resume_us=9 tear_edge_observed=1 tear_edge_wait_resumed=1 tear_edge_timeout=0 tear_heal_attempted=0 tear_heal_command_sent=0 presentation_experiment=boundary-top-sweep te_edge=rising requested_clock_mhz=50 effective_clock_mhz=40 frame_reused=0 pass=1
[21:21:45] TINYDRAW_LIVE_STRESS operations=1000 samples=20000 total_us=744902 average_us=744 maximum_us=1002 free_psram=1859920 largest_psram=1835008
[21:21:45] TINYDRAW_LIVE_PRESENT kind=gate_fallback zoom=100 x=0 y=0 compose_us=11238 scroll_us=0 exposed_compose_us=0 chrome_us=11196 chrome_prepare_us=6824 chrome_stage_us=4372 read_submit_us=29554 read_complete_us=32954 transfer_wait_us=20637 tile_pixels=0 uniform_pixels=0 overview_pixels=0 fallback_pixels=164864 resident_tiles=0 fallback_tiles=42 pushes=11 tear_wait_us=11367 tear_edge_isr_to_resume_us=12 tear_edge_observed=1 tear_edge_wait_resumed=1 tear_edge_timeout=0 tear_heal_attempted=0 tear_heal_command_sent=0 presentation_experiment=boundary-top-sweep te_edge=rising requested_clock_mhz=50 effective_clock_mhz=40 frame_reused=0 pass=1
[21:21:46] TINYDRAW_GATE1_HARD zoom=100 cold=1 operations=1000 samples=20000 steps=193 tiles=42 scanned=12000 rendered=122 max_supertask_us=6732 presentation_us=68762 total_us=280424 maximum_wall_us=500000 pass=1
[21:21:46] TINYDRAW_LIVE_PRESENT kind=gate_fallback zoom=400 x=0 y=0 compose_us=10647 scroll_us=0 exposed_compose_us=0 chrome_us=6591 chrome_prepare_us=2386 chrome_stage_us=4205 read_submit_us=15127 read_complete_us=18717 transfer_wait_us=20145 tile_pixels=0 uniform_pixels=0 overview_pixels=0 fallback_pixels=164864 resident_tiles=0 fallback_tiles=42 pushes=11 tear_wait_us=1957 tear_edge_isr_to_resume_us=12 tear_edge_observed=1 tear_edge_wait_resumed=1 tear_edge_timeout=0 tear_heal_attempted=0 tear_heal_command_sent=0 presentation_experiment=boundary-top-sweep te_edge=rising requested_clock_mhz=50 effective_clock_mhz=40 frame_reused=0 pass=1
[21:21:46] TINYDRAW_GATE1_HARD zoom=400 cold=1 operations=1000 samples=20000 steps=199 tiles=42 scanned=12000 rendered=17 max_supertask_us=5300 presentation_us=66686 total_us=161011 maximum_wall_us=500000 pass=1
[21:21:47] TINYDRAW_OVERLAP_WORKLOAD operations=8 samples=1200 radius_world=80
[21:21:47] TINYDRAW_GATE1_PACED_COLD corpus=overlap zoom=50 x=215 y=255 steps=235 tiles=56 compute_us=525931 present_us=81181 touch_us=937 pacing_us=15902 wall_us=623951 maximum_wall_us=500000 max_tick_us=9308 touch_samples=2792 touch_interval_max_us=1910 touch_read_max_us=583 touch_events=0 touch_down=0 touch_up=0 touch_events_ge_8ms=0 touch_event_age_max_us=0 touch_errors=0 touch_overflows=0 pass=0
[21:21:48] TINYDRAW_GATE1_PACED_COLD corpus=overlap zoom=100 x=583 y=703 steps=183 tiles=48 compute_us=287192 present_us=76270 touch_us=596 pacing_us=8918 wall_us=372976 maximum_wall_us=500000 max_tick_us=9221 touch_samples=437 touch_interval_max_us=1804 touch_read_max_us=457 touch_events=0 touch_down=0 touch_up=0 touch_events_ge_8ms=0 touch_event_age_max_us=0 touch_errors=0 touch_overflows=0 pass=1
[21:21:48] TINYDRAW_GATE1_PACED_COLD corpus=overlap zoom=200 x=1319 y=1599 steps=180 tiles=56 compute_us=260553 present_us=74928 touch_us=563 pacing_us=8933 wall_us=344977 maximum_wall_us=500000 max_tick_us=9626 touch_samples=409 touch_interval_max_us=1160 touch_read_max_us=447 touch_events=0 touch_down=0 touch_up=0 touch_events_ge_8ms=0 touch_event_age_max_us=0 touch_errors=0 touch_overflows=0 pass=1
[21:21:49] TINYDRAW_GATE1_PACED_COLD corpus=overlap zoom=400 x=2791 y=3391 steps=181 tiles=56 compute_us=223589 present_us=72378 touch_us=537 pacing_us=8473 wall_us=304977 maximum_wall_us=500000 max_tick_us=8073 touch_samples=380 touch_interval_max_us=1189 touch_read_max_us=457 touch_events=0 touch_down=0 touch_up=0 touch_events_ge_8ms=0 touch_event_age_max_us=0 touch_errors=0 touch_overflows=0 pass=1
[21:21:49] TINYDRAW_ADVERSARIAL_TAPERED_WORKLOAD operations=128 samples=4096 erasers=12 load_us=212625 appended=1
[21:21:50] TINYDRAW_GENERAL_COLD_WORKLOAD operations=910 samples=12157 hairline_operations=782 hairline_samples=8061 hairline_load_us=1117235 appended=1
[21:21:50] TINYDRAW_GATE1_PACED_COLD corpus=adversarial_tapered_4x+evil_hairlines zoom=50 x=0 y=0 steps=318 tiles=42 compute_us=358125 present_us=69608 touch_us=717 pacing_us=10706 wall_us=439156 maximum_wall_us=500000 max_tick_us=8209 touch_samples=1739 touch_interval_max_us=2030 touch_read_max_us=519 touch_events=0 touch_down=0 touch_up=0 touch_events_ge_8ms=0 touch_event_age_max_us=0 touch_errors=0 touch_overflows=0 pass=1
[21:21:51] TINYDRAW_GATE1_PACED_COLD corpus=adversarial_tapered_4x+evil_hairlines zoom=100 x=0 y=0 steps=346 tiles=42 compute_us=349923 present_us=66925 touch_us=694 pacing_us=9397 wall_us=426939 maximum_wall_us=500000 max_tick_us=8285 touch_samples=492 touch_interval_max_us=1169 touch_read_max_us=446 touch_events=0 touch_down=0 touch_up=0 touch_events_ge_8ms=0 touch_event_age_max_us=0 touch_errors=0 touch_overflows=0 pass=1
[21:21:51] TINYDRAW_GATE1_PACED_COLD corpus=adversarial_tapered_4x+evil_hairlines zoom=200 x=0 y=0 steps=407 tiles=42 compute_us=410761 present_us=60926 touch_us=807 pacing_us=12695 wall_us=485189 maximum_wall_us=500000 max_tick_us=7180 touch_samples=561 touch_interval_max_us=1166 touch_read_max_us=445 touch_events=0 touch_down=0 touch_up=0 touch_events_ge_8ms=0 touch_event_age_max_us=0 touch_errors=0 touch_overflows=0 pass=1
[21:21:52] TINYDRAW_GATE1_PACED_COLD corpus=adversarial_tapered_4x+evil_hairlines zoom=400 x=0 y=0 steps=490 tiles=42 compute_us=432123 present_us=61119 touch_us=787 pacing_us=9214 wall_us=503243 maximum_wall_us=520000 max_tick_us=9981 touch_samples=572 touch_interval_max_us=1142 touch_read_max_us=443 touch_events=0 touch_down=0 touch_up=0 touch_events_ge_8ms=0 touch_event_age_max_us=0 touch_errors=0 touch_overflows=0 pass=1
[21:21:53] TINYDRAW_GATE1_WORKLOAD kind=realistic seed=7 operations=1000 samples=19844 maximum_stroke=198 load_us=567196 raw_source=1 lod_copies=0
[21:21:53] TINYDRAW_GATE1_PACED_COLD corpus=seed7 zoom=400 x=63 y=63 steps=264 tiles=56 compute_us=192616 present_us=80631 touch_us=418 pacing_us=5310 wall_us=278975 maximum_wall_us=500000 max_tick_us=9683 touch_samples=1025 touch_interval_max_us=1996 touch_read_max_us=500 touch_events=0 touch_down=0 touch_up=0 touch_events_ge_8ms=0 touch_event_age_max_us=0 touch_errors=0 touch_overflows=0 pass=1
[21:21:54] TINYDRAW_LIVE_PRESENT kind=gate_fallback zoom=100 x=0 y=0 compose_us=11298 scroll_us=0 exposed_compose_us=0 chrome_us=6768 chrome_prepare_us=2366 chrome_stage_us=4402 read_submit_us=30199 read_complete_us=33822 transfer_wait_us=20830 tile_pixels=0 uniform_pixels=0 overview_pixels=0 fallback_pixels=164864 resident_tiles=0 fallback_tiles=42 pushes=11 tear_wait_us=16413 tear_edge_isr_to_resume_us=10 tear_edge_observed=1 tear_edge_wait_resumed=1 tear_edge_timeout=0 tear_heal_attempted=0 tear_heal_command_sent=0 presentation_experiment=boundary-top-sweep te_edge=rising requested_clock_mhz=50 effective_clock_mhz=40 frame_reused=0 pass=1
[21:21:54] TINYDRAW_GATE1_HARD zoom=100 cold=1 operations=1000 samples=19844 steps=246 tiles=42 scanned=12000 rendered=388 max_supertask_us=5353 presentation_us=70099 total_us=369091 maximum_wall_us=500000 pass=1
[21:21:54] TINYDRAW_GATE1_OVERLAY_CANVAS regions=zoom,minimap,toolbar,battery operations=4 presentation_mutations=0 authority=1 pass=1
[21:21:54] TINYDRAW_GATE1_LIVE_OVERLAY clear_updates=48 clear_wall_max_us=3947 clear_submit_max_us=2154 clear_complete_max_us=2988 overlay_updates=48 overlay_wall_max_us=3915 overlay_submit_max_us=2100 overlay_complete_max_us=3140 overlay_chrome_max_us=257 clear_failures=0 overlay_failures=0 pass=1
[21:21:54] TINYDRAW_EDGE_INK corners=4 edge_failures=0 pass=1
[21:21:55] TINYDRAW_GATE1_PAN zoom=100 from_x=0 from_y=0 to_x=88 to_y=88 compose_us=15367 scroll_us=14 exposed_compose_us=15353 chrome_us=2366 event_submit_us=30096 event_complete_us=33227 transfer_us=15906 setup=1 present=1 moved=1 frame_reused=1 pass=1
[21:21:55] TINYDRAW_LIVE_PRESENT kind=gate_fallback zoom=400 x=0 y=0 compose_us=10632 scroll_us=0 exposed_compose_us=0 chrome_us=6590 chrome_prepare_us=2381 chrome_stage_us=4209 read_submit_us=23948 read_complete_us=27547 transfer_wait_us=20499 tile_pixels=0 uniform_pixels=0 overview_pixels=0 fallback_pixels=164864 resident_tiles=0 fallback_tiles=42 pushes=11 tear_wait_us=10810 tear_edge_isr_to_resume_us=14 tear_edge_observed=1 tear_edge_wait_resumed=1 tear_edge_timeout=0 tear_heal_attempted=0 tear_heal_command_sent=0 presentation_experiment=boundary-top-sweep te_edge=rising requested_clock_mhz=50 effective_clock_mhz=40 frame_reused=0 pass=1
[21:21:55] TINYDRAW_GATE1_HARD zoom=400 cold=1 operations=1008 samples=19852 steps=200 tiles=42 scanned=12096 rendered=60 max_supertask_us=7997 presentation_us=70157 total_us=214222 maximum_wall_us=500000 pass=1
[21:21:55] TINYDRAW_GATE1_PAN zoom=400 from_x=0 from_y=0 to_x=88 to_y=88 compose_us=15367 scroll_us=13 exposed_compose_us=15354 chrome_us=2185 event_submit_us=30137 event_complete_us=33277 transfer_us=15868 setup=1 present=1 moved=1 frame_reused=1 pass=1
[21:21:58] TINYDRAW_PANSEQ_FRAME zoom=100 step=0 dx=24 dy=18 scroll_us=13 exposed_compose_us=4337 chrome_us=2320 tear_wait_us=8341 present_us=16136 prepare_us=10578 acquire_wait_us=18 ring_copy_us=8267 patch_us=2302 byte_swap_us=9 staging_us=4232 event_submit_us=12839 event_complete_us=15991 frame_us=28974 tear_edge_observed=1 frame_reused=1 pass=1
[21:21:58] TINYDRAW_PANSEQ_FRAME zoom=100 step=1 dx=24 dy=18 scroll_us=11 exposed_compose_us=4405 chrome_us=2334 tear_wait_us=12865 present_us=16517 prepare_us=10540 acquire_wait_us=19 ring_copy_us=8202 patch_us=2329 byte_swap_us=9 staging_us=4271 event_submit_us=17413 event_complete_us=20554 frame_us=33926 tear_edge_observed=1 frame_reused=1 pass=1
[21:21:58] TINYDRAW_PANSEQ_FRAME zoom=100 step=2 dx=24 dy=18 scroll_us=11 exposed_compose_us=4128 chrome_us=2363 tear_wait_us=12744 present_us=15913 prepare_us=10618 acquire_wait_us=19 ring_copy_us=8254 patch_us=2355 byte_swap_us=9 staging_us=4188 event_submit_us=17014 event_complete_us=20154 frame_us=32929 tear_edge_observed=1 frame_reused=1 pass=1
[21:21:58] TINYDRAW_PANSEQ_FRAME zoom=100 step=3 dx=24 dy=18 scroll_us=9 exposed_compose_us=4620 chrome_us=2338 tear_wait_us=12855 present_us=16314 prepare_us=10549 acquire_wait_us=20 ring_copy_us=8209 patch_us=2333 byte_swap_us=7 staging_us=4237 event_submit_us=17611 event_complete_us=20759 frame_us=33929 tear_edge_observed=1 frame_reused=1 pass=1
[21:21:58] TINYDRAW_PANSEQ_FRAME zoom=100 step=4 dx=24 dy=18 scroll_us=11 exposed_compose_us=4150 chrome_us=2332 tear_wait_us=12926 present_us=15720 prepare_us=10606 acquire_wait_us=19 ring_copy_us=8261 patch_us=2338 byte_swap_us=7 staging_us=4199 event_submit_us=17215 event_complete_us=20359 frame_us=32937 tear_edge_observed=1 frame_reused=1 pass=1
[21:21:58] TINYDRAW_PANSEQ_FRAME zoom=100 step=5 dx=24 dy=18 scroll_us=10 exposed_compose_us=4420 chrome_us=2326 tear_wait_us=13261 present_us=16099 prepare_us=10520 acquire_wait_us=20 ring_copy_us=8195 patch_us=2317 byte_swap_us=8 staging_us=4258 event_submit_us=17820 event_complete_us=20938 frame_us=33920 tear_edge_observed=1 frame_reused=1 pass=1
[21:21:58] TINYDRAW_PANSEQ_FRAME zoom=100 step=6 dx=24 dy=18 scroll_us=11 exposed_compose_us=4087 chrome_us=2330 tear_wait_us=13224 present_us=16477 prepare_us=10585 acquire_wait_us=19 ring_copy_us=8250 patch_us=2326 byte_swap_us=9 staging_us=4226 event_submit_us=17456 event_complete_us=20595 frame_us=33931 tear_edge_observed=1 frame_reused=1 pass=1
[21:21:58] TINYDRAW_PANSEQ_FRAME zoom=100 step=7 dx=24 dy=18 scroll_us=10 exposed_compose_us=4396 chrome_us=2366 tear_wait_us=12534 present_us=15859 prepare_us=10558 acquire_wait_us=28 ring_copy_us=8189 patch_us=2360 byte_swap_us=9 staging_us=4220 event_submit_us=17065 event_complete_us=20186 frame_us=32926 tear_edge_observed=1 frame_reused=1 pass=1
[21:21:58] TINYDRAW_PANSEQ_FRAME zoom=100 step=8 dx=24 dy=18 scroll_us=11 exposed_compose_us=4380 chrome_us=2335 tear_wait_us=13166 present_us=16243 prepare_us=10571 acquire_wait_us=26 ring_copy_us=8230 patch_us=2332 byte_swap_us=9 staging_us=4214 event_submit_us=17685 event_complete_us=20812 frame_us=33930 tear_edge_observed=1 frame_reused=1 pass=1
[21:21:58] TINYDRAW_PANSEQ_FRAME zoom=100 step=9 dx=24 dy=18 scroll_us=11 exposed_compose_us=4396 chrome_us=2348 tear_wait_us=12756 present_us=16635 prepare_us=10573 acquire_wait_us=18 ring_copy_us=8221 patch_us=2344 byte_swap_us=8 staging_us=4204 event_submit_us=17290 event_complete_us=20414 frame_us=33928 tear_edge_observed=1 frame_reused=1 pass=1
[21:21:58] TINYDRAW_PANSEQ_FRAME zoom=100 step=10 dx=24 dy=18 scroll_us=19 exposed_compose_us=4090 chrome_us=2323 tear_wait_us=12670 present_us=16016 prepare_us=10549 acquire_wait_us=19 ring_copy_us=8224 patch_us=2317 byte_swap_us=8 staging_us=4242 event_submit_us=16916 event_complete_us=20046 frame_us=32928 tear_edge_observed=1 frame_reused=1 pass=1
[21:21:58] TINYDRAW_PANSEQ_FRAME zoom=100 step=11 dx=24 dy=18 scroll_us=10 exposed_compose_us=4651 chrome_us=2344 tear_wait_us=12741 present_us=16399 prepare_us=10537 acquire_wait_us=20 ring_copy_us=8189 patch_us=2340 byte_swap_us=8 staging_us=4256 event_submit_us=17527 event_complete_us=20665 frame_us=33928 tear_edge_observed=1 frame_reused=1 pass=1
[21:21:58] TINYDRAW_PANSEQ_FRAME zoom=100 step=12 dx=24 dy=18 scroll_us=11 exposed_compose_us=4165 chrome_us=2320 tear_wait_us=12857 present_us=15767 prepare_us=10568 acquire_wait_us=20 ring_copy_us=8238 patch_us=2315 byte_swap_us=15 staging_us=4225 event_submit_us=17160 event_complete_us=20294 frame_us=32931 tear_edge_observed=1 frame_reused=1 pass=1
[21:21:58] TINYDRAW_PANSEQ_FRAME zoom=100 step=13 dx=24 dy=18 scroll_us=10 exposed_compose_us=4431 chrome_us=2348 tear_wait_us=13200 present_us=16156 prepare_us=10533 acquire_wait_us=19 ring_copy_us=8182 patch_us=2342 byte_swap_us=9 staging_us=4244 event_submit_us=17768 event_complete_us=20888 frame_us=33926 tear_edge_observed=1 frame_reused=1 pass=1
[21:21:58] TINYDRAW_PANSEQ_FRAME zoom=100 step=14 dx=24 dy=18 scroll_us=11 exposed_compose_us=4114 chrome_us=2331 tear_wait_us=13129 present_us=16547 prepare_us=10577 acquire_wait_us=20 ring_copy_us=8240 patch_us=2328 byte_swap_us=9 staging_us=4206 event_submit_us=17382 event_complete_us=20510 frame_us=33930 tear_edge_observed=1 frame_reused=1 pass=1
[21:21:58] TINYDRAW_PANSEQ_FRAME zoom=100 step=15 dx=24 dy=18 scroll_us=9 exposed_compose_us=4440 chrome_us=2335 tear_wait_us=12413 present_us=15937 prepare_us=10525 acquire_wait_us=18 ring_copy_us=8185 patch_us=2332 byte_swap_us=8 staging_us=4256 event_submit_us=16989 event_complete_us=20109 frame_us=32929 tear_edge_observed=1 frame_reused=1 pass=1
[21:21:58] TINYDRAW_PANSEQ_FRAME zoom=100 step=16 dx=72 dy=54 scroll_us=11 exposed_compose_us=11718 chrome_us=2327 tear_wait_us=5747 present_us=16323 prepare_us=10568 acquire_wait_us=18 ring_copy_us=8236 patch_us=2323 byte_swap_us=9 staging_us=4201 event_submit_us=17603 event_complete_us=20736 frame_us=33928 tear_edge_observed=1 frame_reused=1 pass=1
[21:21:58] TINYDRAW_PANSEQ_FRAME zoom=100 step=17 dx=72 dy=54 scroll_us=11 exposed_compose_us=11685 chrome_us=2323 tear_wait_us=5377 present_us=15724 prepare_us=10539 acquire_wait_us=19 ring_copy_us=8214 patch_us=2317 byte_swap_us=8 staging_us=4234 event_submit_us=17201 event_complete_us=20321 frame_us=32927 tear_edge_observed=1 frame_reused=1 pass=1
[21:21:58] TINYDRAW_PANSEQ_FRAME zoom=100 step=18 dx=72 dy=54 scroll_us=11 exposed_compose_us=10042 chrome_us=2311 tear_wait_us=7629 present_us=16118 prepare_us=10560 acquire_wait_us=18 ring_copy_us=8245 patch_us=2307 byte_swap_us=8 staging_us=4231 event_submit_us=17812 event_complete_us=20940 frame_us=33931 tear_edge_observed=1 frame_reused=1 pass=1
[21:21:58] TINYDRAW_PANSEQ_FRAME zoom=100 step=19 dx=72 dy=54 scroll_us=11 exposed_compose_us=10043 chrome_us=2336 tear_wait_us=7241 present_us=16502 prepare_us=10525 acquire_wait_us=18 ring_copy_us=8187 patch_us=2329 byte_swap_us=9 staging_us=4289 event_submit_us=17422 event_complete_us=20566 frame_us=33925 tear_edge_observed=1 frame_reused=1 pass=1
[21:21:58] TINYDRAW_PANSEQ_FRAME zoom=100 step=20 dx=-72 dy=-54 scroll_us=11 exposed_compose_us=11531 chrome_us=2346 tear_wait_us=5362 present_us=15894 prepare_us=10554 acquire_wait_us=21 ring_copy_us=8207 patch_us=2340 byte_swap_us=7 staging_us=4220 event_submit_us=17036 event_complete_us=20143 frame_us=32931 tear_edge_observed=1 frame_reused=1 pass=1
[21:21:58] TINYDRAW_PANSEQ_FRAME zoom=100 step=21 dx=-72 dy=-54 scroll_us=11 exposed_compose_us=11646 chrome_us=2333 tear_wait_us=5865 present_us=16274 prepare_us=10515 acquire_wait_us=19 ring_copy_us=8180 patch_us=2326 byte_swap_us=9 staging_us=4247 event_submit_us=17660 event_complete_us=20774 frame_us=33925 tear_edge_observed=1 frame_reused=1 pass=1
[21:21:58] TINYDRAW_PANSEQ_FRAME zoom=100 step=22 dx=-72 dy=-54 scroll_us=11 exposed_compose_us=11690 chrome_us=2335 tear_wait_us=5430 present_us=16668 prepare_us=10571 acquire_wait_us=18 ring_copy_us=8231 patch_us=2331 byte_swap_us=9 staging_us=4206 event_submit_us=17261 event_complete_us=20377 frame_us=33931 tear_edge_observed=1 frame_reused=1 pass=1
[21:21:58] TINYDRAW_PANSEQ_FRAME zoom=100 step=23 dx=-72 dy=-54 scroll_us=11 exposed_compose_us=11352 chrome_us=2323 tear_wait_us=5369 present_us=16057 prepare_us=10510 acquire_wait_us=18 ring_copy_us=8186 patch_us=2317 byte_swap_us=7 staging_us=4254 event_submit_us=16872 event_complete_us=19983 frame_us=32925 tear_edge_observed=1 frame_reused=1 pass=1
[21:21:58] TINYDRAW_PANSEQ_STRIP zoom=100 strip=0 panel_y=0 rows=44 samples=24 staging_mean_us=1322 staging_max_us=1347 wire_budget_us=1619 over_budget_us=0 pass=1
[21:21:58] TINYDRAW_PANSEQ_STRIP zoom=100 strip=1 panel_y=44 rows=44 samples=24 staging_mean_us=1217 staging_max_us=1227 wire_budget_us=1619 over_budget_us=0 pass=1
[21:21:58] TINYDRAW_PANSEQ_STRIP zoom=100 strip=2 panel_y=88 rows=44 samples=24 staging_mean_us=1162 staging_max_us=1172 wire_budget_us=1619 over_budget_us=0 pass=1
[21:21:58] TINYDRAW_PANSEQ_STRIP zoom=100 strip=3 panel_y=132 rows=44 samples=24 staging_mean_us=1162 staging_max_us=1174 wire_budget_us=1619 over_budget_us=0 pass=1
[21:21:58] TINYDRAW_PANSEQ_STRIP zoom=100 strip=4 panel_y=176 rows=44 samples=24 staging_mean_us=1163 staging_max_us=1175 wire_budget_us=1619 over_budget_us=0 pass=1
[21:21:58] TINYDRAW_PANSEQ_STRIP zoom=100 strip=5 panel_y=220 rows=44 samples=24 staging_mean_us=1190 staging_max_us=1205 wire_budget_us=1619 over_budget_us=0 pass=1
[21:21:58] TINYDRAW_PANSEQ_STRIP zoom=100 strip=6 panel_y=264 rows=44 samples=24 staging_mean_us=1368 staging_max_us=1394 wire_budget_us=1619 over_budget_us=0 pass=1
[21:21:58] TINYDRAW_PANSEQ_STRIP zoom=100 strip=7 panel_y=308 rows=44 samples=24 staging_mean_us=1353 staging_max_us=1368 wire_budget_us=1619 over_budget_us=0 pass=1
[21:21:58] TINYDRAW_PANSEQ_STRIP zoom=100 strip=8 panel_y=352 rows=20 samples=24 staging_mean_us=634 staging_max_us=649 wire_budget_us=736 over_budget_us=0 pass=1
[21:21:59] TINYDRAW_GATE1_PANSEQ zoom=100 frames=24 scroll_avg_us=11 exposed_avg_us=6621 chrome_avg_us=2334 tear_wait_avg_us=10404 present_avg_us=16178 prepare_avg_us=10555 acquire_wait_avg_us=19 ring_copy_avg_us=8217 patch_avg_us=2329 byte_swap_avg_us=8 staging_avg_us=4231 frame_avg_us=33346 frame_p50_us=33925 frame_p95_us=33931 frame_max_us=33931 complete_p50_us=20414 complete_p95_us=20938 complete_max_us=20940 tear_edge_failures=0 presentation_experiment=boundary-top-sweep te_edge=rising requested_clock_mhz=50 effective_clock_mhz=40 chrome_bottom_redraws=0 chrome_battery_redraws=0 chrome_zoom_redraws=0 chrome_minimap_base_redraws=0 strip_samples=216 staging_mean_us=1175 staging_max_us=1394 worst_strip=8 worst_strip_y=352 worst_wire_budget_us=736 worst_headroom_us=87 staging_invariant=1 pacing_pass=1 all_reused=1 pass=1
[21:22:00] TINYDRAW_PANSEQ_FRAME zoom=400 step=0 dx=24 dy=18 scroll_us=13 exposed_compose_us=4292 chrome_us=2146 tear_wait_us=8539 present_us=15994 prepare_us=10420 acquire_wait_us=18 ring_copy_us=8272 patch_us=2139 byte_swap_us=9 staging_us=4381 event_submit_us=12978 event_complete_us=16125 frame_us=28972 tear_edge_observed=1 frame_reused=1 pass=1
[21:22:00] TINYDRAW_PANSEQ_FRAME zoom=400 step=1 dx=24 dy=18 scroll_us=11 exposed_compose_us=4417 chrome_us=2170 tear_wait_us=12959 present_us=16409 prepare_us=10379 acquire_wait_us=19 ring_copy_us=8207 patch_us=2165 byte_swap_us=7 staging_us=4416 event_submit_us=17514 event_complete_us=20660 frame_us=33929 tear_edge_observed=1 frame_reused=1 pass=1
[21:22:00] TINYDRAW_PANSEQ_FRAME zoom=400 step=2 dx=24 dy=18 scroll_us=11 exposed_compose_us=4108 chrome_us=2152 tear_wait_us=12857 present_us=15816 prepare_us=10415 acquire_wait_us=18 ring_copy_us=8251 patch_us=2156 byte_swap_us=8 staging_us=4393 event_submit_us=17107 event_complete_us=20240 frame_us=32927 tear_edge_observed=1 frame_reused=1 pass=1
[21:22:00] TINYDRAW_PANSEQ_FRAME zoom=400 step=3 dx=24 dy=18 scroll_us=11 exposed_compose_us=4634 chrome_us=2175 tear_wait_us=12923 present_us=16227 prepare_us=10375 acquire_wait_us=19 ring_copy_us=8198 patch_us=2168 byte_swap_us=9 staging_us=4405 event_submit_us=17695 event_complete_us=20814 frame_us=33927 tear_edge_observed=1 frame_reused=1 pass=1
[21:22:00] TINYDRAW_PANSEQ_FRAME zoom=400 step=4 dx=24 dy=18 scroll_us=12 exposed_compose_us=4163 chrome_us=2155 tear_wait_us=12973 present_us=16649 prepare_us=10429 acquire_wait_us=20 ring_copy_us=8270 patch_us=2150 byte_swap_us=9 staging_us=4359 event_submit_us=17276 event_complete_us=20403 frame_us=33928 tear_edge_observed=1 frame_reused=1 pass=1
[21:22:00] TINYDRAW_PANSEQ_FRAME zoom=400 step=5 dx=24 dy=18 scroll_us=11 exposed_compose_us=4431 chrome_us=2154 tear_wait_us=12290 present_us=16055 prepare_us=10341 acquire_wait_us=20 ring_copy_us=8187 patch_us=2145 byte_swap_us=9 staging_us=4429 event_submit_us=16874 event_complete_us=19988 frame_us=32927 tear_edge_observed=1 frame_reused=1 pass=1
[21:22:00] TINYDRAW_PANSEQ_FRAME zoom=400 step=6 dx=24 dy=18 scroll_us=12 exposed_compose_us=4081 chrome_us=2153 tear_wait_us=13240 present_us=16462 prepare_us=10413 acquire_wait_us=18 ring_copy_us=8259 patch_us=2147 byte_swap_us=7 staging_us=4393 event_submit_us=17462 event_complete_us=20598 frame_us=33928 tear_edge_observed=1 frame_reused=1 pass=1
[21:22:00] TINYDRAW_PANSEQ_FRAME zoom=400 step=7 dx=24 dy=18 scroll_us=11 exposed_compose_us=4426 chrome_us=2179 tear_wait_us=12468 present_us=15890 prepare_us=10353 acquire_wait_us=20 ring_copy_us=8172 patch_us=2172 byte_swap_us=9 staging_us=4420 event_submit_us=17032 event_complete_us=20149 frame_us=32927 tear_edge_observed=1 frame_reused=1 pass=1
[21:22:00] TINYDRAW_PANSEQ_FRAME zoom=400 step=8 dx=24 dy=18 scroll_us=12 exposed_compose_us=4398 chrome_us=2158 tear_wait_us=13069 present_us=16317 prepare_us=10416 acquire_wait_us=19 ring_copy_us=8256 patch_us=2151 byte_swap_us=9 staging_us=4367 event_submit_us=17607 event_complete_us=20745 frame_us=33928 tear_edge_observed=1 frame_reused=1 pass=1
[21:22:00] TINYDRAW_PANSEQ_FRAME zoom=400 step=9 dx=24 dy=18 scroll_us=11 exposed_compose_us=4423 chrome_us=2142 tear_wait_us=12624 present_us=15737 prepare_us=10351 acquire_wait_us=19 ring_copy_us=8206 patch_us=2136 byte_swap_us=9 staging_us=4437 event_submit_us=17185 event_complete_us=20316 frame_us=32927 tear_edge_observed=1 frame_reused=1 pass=1
[21:22:00] TINYDRAW_PANSEQ_FRAME zoom=400 step=10 dx=24 dy=18 scroll_us=12 exposed_compose_us=4116 chrome_us=2149 tear_wait_us=13506 present_us=16162 prepare_us=10394 acquire_wait_us=18 ring_copy_us=8243 patch_us=2144 byte_swap_us=7 staging_us=4371 event_submit_us=17762 event_complete_us=20882 frame_us=33928 tear_edge_observed=1 frame_reused=1 pass=1
[21:22:01] TINYDRAW_PANSEQ_FRAME zoom=400 step=11 dx=24 dy=18 scroll_us=11 exposed_compose_us=4648 chrome_us=2174 tear_wait_us=12552 present_us=16584 prepare_us=10364 acquire_wait_us=19 ring_copy_us=8189 patch_us=2167 byte_swap_us=8 staging_us=4395 event_submit_us=17337 event_complete_us=20448 frame_us=33927 tear_edge_observed=1 frame_reused=1 pass=1
[21:22:01] TINYDRAW_PANSEQ_FRAME zoom=400 step=12 dx=24 dy=18 scroll_us=12 exposed_compose_us=4165 chrome_us=2147 tear_wait_us=12622 present_us=15998 prepare_us=10375 acquire_wait_us=18 ring_copy_us=8224 patch_us=2142 byte_swap_us=9 staging_us=4401 event_submit_us=16927 event_complete_us=20046 frame_us=32928 tear_edge_observed=1 frame_reused=1 pass=1
[21:22:01] TINYDRAW_PANSEQ_FRAME zoom=400 step=13 dx=24 dy=18 scroll_us=11 exposed_compose_us=4427 chrome_us=2151 tear_wait_us=12939 present_us=16417 prepare_us=10343 acquire_wait_us=19 ring_copy_us=8190 patch_us=2144 byte_swap_us=9 staging_us=4434 event_submit_us=17505 event_complete_us=20638 frame_us=33927 tear_edge_observed=1 frame_reused=1 pass=1
[21:22:01] TINYDRAW_PANSEQ_FRAME zoom=400 step=14 dx=24 dy=18 scroll_us=12 exposed_compose_us=4122 chrome_us=2168 tear_wait_us=12825 present_us=15837 prepare_us=10403 acquire_wait_us=29 ring_copy_us=8233 patch_us=2163 byte_swap_us=7 staging_us=4378 event_submit_us=17088 event_complete_us=20214 frame_us=32928 tear_edge_observed=1 frame_reused=1 pass=1
[21:22:01] TINYDRAW_PANSEQ_FRAME zoom=400 step=15 dx=24 dy=18 scroll_us=11 exposed_compose_us=4468 chrome_us=2170 tear_wait_us=13047 present_us=16268 prepare_us=10370 acquire_wait_us=19 ring_copy_us=8199 patch_us=2162 byte_swap_us=9 staging_us=4410 event_submit_us=17666 event_complete_us=20786 frame_us=33927 tear_edge_observed=1 frame_reused=1 pass=1
[21:22:01] TINYDRAW_PANSEQ_FRAME zoom=400 step=16 dx=72 dy=54 scroll_us=11 exposed_compose_us=11696 chrome_us=2168 tear_wait_us=5398 present_us=16690 prepare_us=10402 acquire_wait_us=19 ring_copy_us=8232 patch_us=2163 byte_swap_us=7 staging_us=4393 event_submit_us=17236 event_complete_us=20373 frame_us=33928 tear_edge_observed=1 frame_reused=1 pass=1
[21:22:01] TINYDRAW_PANSEQ_FRAME zoom=400 step=17 dx=72 dy=54 scroll_us=11 exposed_compose_us=11497 chrome_us=2149 tear_wait_us=5174 present_us=16109 prepare_us=10360 acquire_wait_us=20 ring_copy_us=8209 patch_us=2144 byte_swap_us=7 staging_us=4420 event_submit_us=16806 event_complete_us=19928 frame_us=32920 tear_edge_observed=1 frame_reused=1 pass=1
[21:22:01] TINYDRAW_PANSEQ_FRAME zoom=400 step=18 dx=72 dy=54 scroll_us=11 exposed_compose_us=11415 chrome_us=2149 tear_wait_us=5832 present_us=16538 prepare_us=10393 acquire_wait_us=18 ring_copy_us=8239 patch_us=2145 byte_swap_us=9 staging_us=4371 event_submit_us=17393 event_complete_us=20505 frame_us=33928 tear_edge_observed=1 frame_reused=1 pass=1
[21:22:01] TINYDRAW_PANSEQ_FRAME zoom=400 step=19 dx=72 dy=54 scroll_us=11 exposed_compose_us=11628 chrome_us=2161 tear_wait_us=5198 present_us=15960 prepare_us=10341 acquire_wait_us=18 ring_copy_us=8180 patch_us=2152 byte_swap_us=9 staging_us=4425 event_submit_us=16962 event_complete_us=20075 frame_us=32928 tear_edge_observed=1 frame_reused=1 pass=1
[21:22:01] TINYDRAW_PANSEQ_FRAME zoom=400 step=20 dx=-72 dy=-54 scroll_us=11 exposed_compose_us=11759 chrome_us=2158 tear_wait_us=5635 present_us=16387 prepare_us=10376 acquire_wait_us=18 ring_copy_us=8215 patch_us=2152 byte_swap_us=9 staging_us=4391 event_submit_us=17537 event_complete_us=20660 frame_us=33926 tear_edge_observed=1 frame_reused=1 pass=1
[21:22:01] TINYDRAW_PANSEQ_FRAME zoom=400 step=21 dx=-72 dy=-54 scroll_us=11 exposed_compose_us=11673 chrome_us=2170 tear_wait_us=5302 present_us=15808 prepare_us=10333 acquire_wait_us=19 ring_copy_us=8160 patch_us=2164 byte_swap_us=9 staging_us=4437 event_submit_us=17114 event_complete_us=20219 frame_us=32928 tear_edge_observed=1 frame_reused=1 pass=1
[21:22:01] TINYDRAW_PANSEQ_FRAME zoom=400 step=22 dx=-72 dy=-54 scroll_us=11 exposed_compose_us=11692 chrome_us=2172 tear_wait_us=5864 present_us=16223 prepare_us=10385 acquire_wait_us=20 ring_copy_us=8213 patch_us=2163 byte_swap_us=9 staging_us=4375 event_submit_us=17699 event_complete_us=20798 frame_us=33926 tear_edge_observed=1 frame_reused=1 pass=1
[21:22:01] TINYDRAW_PANSEQ_FRAME zoom=400 step=23 dx=-72 dy=-54 scroll_us=11 exposed_compose_us=11377 chrome_us=2161 tear_wait_us=5763 present_us=16643 prepare_us=10378 acquire_wait_us=18 ring_copy_us=8213 patch_us=2158 byte_swap_us=7 staging_us=4395 event_submit_us=17279 event_complete_us=20398 frame_us=33928 tear_edge_observed=1 frame_reused=1 pass=1
[21:22:01] TINYDRAW_PANSEQ_STRIP zoom=400 strip=0 panel_y=0 rows=44 samples=24 staging_mean_us=1316 staging_max_us=1345 wire_budget_us=1619 over_budget_us=0 pass=1
[21:22:01] TINYDRAW_PANSEQ_STRIP zoom=400 strip=1 panel_y=44 rows=44 samples=24 staging_mean_us=1216 staging_max_us=1228 wire_budget_us=1619 over_budget_us=0 pass=1
[21:22:01] TINYDRAW_PANSEQ_STRIP zoom=400 strip=2 panel_y=88 rows=44 samples=24 staging_mean_us=1163 staging_max_us=1174 wire_budget_us=1619 over_budget_us=0 pass=1
[21:22:01] TINYDRAW_PANSEQ_STRIP zoom=400 strip=3 panel_y=132 rows=44 samples=24 staging_mean_us=1162 staging_max_us=1173 wire_budget_us=1619 over_budget_us=0 pass=1
[21:22:01] TINYDRAW_PANSEQ_STRIP zoom=400 strip=4 panel_y=176 rows=44 samples=24 staging_mean_us=1162 staging_max_us=1173 wire_budget_us=1619 over_budget_us=0 pass=1
[21:22:01] TINYDRAW_PANSEQ_STRIP zoom=400 strip=5 panel_y=220 rows=44 samples=24 staging_mean_us=1148 staging_max_us=1159 wire_budget_us=1619 over_budget_us=0 pass=1
[21:22:01] TINYDRAW_PANSEQ_STRIP zoom=400 strip=6 panel_y=264 rows=44 samples=24 staging_mean_us=1323 staging_max_us=1346 wire_budget_us=1619 over_budget_us=0 pass=1
[21:22:01] TINYDRAW_PANSEQ_STRIP zoom=400 strip=7 panel_y=308 rows=44 samples=24 staging_mean_us=1313 staging_max_us=1328 wire_budget_us=1619 over_budget_us=0 pass=1
[21:22:01] TINYDRAW_PANSEQ_STRIP zoom=400 strip=8 panel_y=352 rows=20 samples=24 staging_mean_us=592 staging_max_us=606 wire_budget_us=736 over_budget_us=0 pass=1
[21:22:01] TINYDRAW_GATE1_PANSEQ zoom=400 frames=24 scroll_avg_us=11 exposed_avg_us=6752 chrome_avg_us=2159 tear_wait_avg_us=10233 present_avg_us=16215 prepare_avg_us=10379 acquire_wait_avg_us=19 ring_copy_avg_us=8217 patch_avg_us=2153 byte_swap_avg_us=8 staging_avg_us=4399 frame_avg_us=33345 frame_p50_us=33926 frame_p95_us=33928 frame_max_us=33929 complete_p50_us=20398 complete_p95_us=20814 complete_max_us=20882 tear_edge_failures=0 presentation_experiment=boundary-top-sweep te_edge=rising requested_clock_mhz=50 effective_clock_mhz=40 chrome_bottom_redraws=0 chrome_battery_redraws=0 chrome_zoom_redraws=0 chrome_minimap_base_redraws=0 strip_samples=216 staging_mean_us=1155 staging_max_us=1346 worst_strip=8 worst_strip_y=352 worst_wire_budget_us=736 worst_headroom_us=130 staging_invariant=1 pacing_pass=1 all_reused=1 pass=1
[21:22:01] TINYDRAW_GATE1_PAN_BOUNDARY zoom=100 slow_1px_trace=1 below_delta=94 below_reused=1 at_delta=96 at_reused=1 above_delta=98 above_fallback=1 pass=1
[21:22:02] TINYDRAW_GATE1_PAN_BOUNDARY zoom=400 slow_1px_trace=1 below_delta=94 below_reused=1 at_delta=96 at_reused=1 above_delta=98 above_fallback=1 pass=1
[21:22:02] TINYDRAW_GATE1_DRAW_FILL zoom=400 revision=2930 append_us=1397 poll_gap_us=95 event_submit_us=222 event_complete_us=2096 max_compute_slice_us=5531 max_display_slice_us=17243 fill_us=224204 revision_restarted=1 pass=1
[21:22:03] TINYDRAW_GATE1_CACHE_FILL zoom=50 x=63 y=63 published=56 total_us=597969 within_cold_gate=0 complete=1
[21:22:03] TINYDRAW_GATE1_CACHE_FILL zoom=100 x=63 y=63 published=56 total_us=481968 within_cold_gate=1 complete=1
[21:22:04] TINYDRAW_GATE1_CACHE_FILL zoom=200 x=63 y=63 published=56 total_us=335968 within_cold_gate=1 complete=1
[21:22:04] TINYDRAW_GATE1_CACHE_FILL zoom=400 x=63 y=63 published=56 total_us=276966 within_cold_gate=1 complete=1
[21:22:04] TINYDRAW_GATE1_CACHE_REVISIT zoom=50 remaining=0 tile_pixels=118128 fallback_pixels=0 compose_us=15900 complete_us=20944 hit=1
[21:22:04] TINYDRAW_GATE1_CACHE_REVISIT zoom=100 remaining=0 tile_pixels=164864 fallback_pixels=0 compose_us=18371 complete_us=20594 hit=1
[21:22:04] TINYDRAW_GATE1_CACHE_REVISIT zoom=200 remaining=0 tile_pixels=164864 fallback_pixels=0 compose_us=18371 complete_us=20227 hit=1
[21:22:04] TINYDRAW_GATE1_CACHE_REVISIT zoom=400 remaining=0 tile_pixels=164608 fallback_pixels=0 compose_us=18392 complete_us=20891 hit=1
[21:22:04] TINYDRAW_GATE1_CACHE_FILL zoom=400 x=575 y=575 published=56 total_us=292968 within_cold_gate=1 complete=1
[21:22:04] TINYDRAW_GATE1_CACHE_ROUND_TRIP zoom=50 from_x=63 from_y=63 via_x=575 via_y=575 remaining=0 tile_pixels=118128 fallback_pixels=0 compose_us=15920 complete_us=20696 hit=1
[21:22:04] TINYDRAW_GATE1_CACHE_ROUND_TRIP zoom=100 from_x=63 from_y=63 via_x=575 via_y=575 remaining=0 tile_pixels=164864 fallback_pixels=0 compose_us=18414 complete_us=20328 hit=1
[21:22:05] TINYDRAW_GATE1_CACHE_ROUND_TRIP zoom=200 from_x=63 from_y=63 via_x=575 via_y=575 remaining=0 tile_pixels=164864 fallback_pixels=0 compose_us=18404 complete_us=19967 hit=1
[21:22:05] TINYDRAW_GATE1_CACHE_ROUND_TRIP zoom=400 from_x=63 from_y=63 via_x=575 via_y=575 remaining=0 tile_pixels=164608 fallback_pixels=0 compose_us=18404 complete_us=20591 hit=1
[21:22:05] TINYDRAW_GATE1_CACHE_RETENTION pass=1 slots=448 revision=2930
[21:22:06] TINYDRAW_PAPER_SWEEP zoom=100 identities=644 raw=266 uniform=378 fallback=0 slots=448 total_us=1331099 pass=1
[21:22:06] TINYDRAW_RERENDER_LEDGER_RESET site=cache_tour_start
[21:22:09] TINYDRAW_GATE1_CACHE_TOUR slots=448 stops=16 forward_steps=2162 forward_tiles=832 forward_wall_us=1324362 return_missing_tiles=0 return_steps=16 return_tiles=0 return_wall_us=6005 home_missing=0 home_fallback_pixels=0 pass=1
[21:22:09] TINYDRAW_RERENDER_LEDGER site=cache_tour renders=137 unique=137 amplification=1.000 cold=137 damage=0 evict=0 stale=0 unexplained=0
[21:22:10] TINYDRAW_GATE1_MIXED_DRAW_WARM zoom=50 fill_tiles=56 fill_us=522830 raw=42 uniform=14
[21:22:10] TINYDRAW_GATE1_MIXED_DRAW_WARM zoom=100 fill_tiles=56 fill_us=403121 raw=56 uniform=0
[21:22:11] TINYDRAW_GATE1_MIXED_DRAW_WARM zoom=200 fill_tiles=56 fill_us=312897 raw=56 uniform=0
[21:22:11] TINYDRAW_GATE1_MIXED_DRAW_WARM zoom=400 fill_tiles=42 fill_us=197662 raw=42 uniform=0
[21:22:12] TINYDRAW_GATE1_MIXED_DRAW zoom=25 tool=pen chunks=50 append_max_us=126 append_avg_us=68 append_total_us=3408 affected_tiles=196 published=0 fallback=196 visible_fallback=0 drop_uni_slot=0 drop_uni_paint=0 drop_raw_edit=0 drop_raw_paint=0 off_skip=0 drain_ops=50 drain_total_us=581734 drain_max_us=13089 ph_prepare_max_us=114 ph_overview_max_us=8925 ph_enumerate_max_us=568 ph_uniform_max_us=108 ph_raw_max_us=15 ph_offscreen_max_us=14 ph_commit_max_us=3542 committed=1 authority=1 refresh=1 run_ok=1 pass=1
[21:22:13] TINYDRAW_GATE1_MIXED_DRAW zoom=25 tool=eraser chunks=50 append_max_us=125 append_avg_us=67 append_total_us=3386 affected_tiles=0 published=0 fallback=0 visible_fallback=0 drop_uni_slot=0 drop_uni_paint=0 drop_raw_edit=0 drop_raw_paint=0 off_skip=0 drain_ops=50 drain_total_us=578595 drain_max_us=13000 ph_prepare_max_us=110 ph_overview_max_us=8971 ph_enumerate_max_us=450 ph_uniform_max_us=3 ph_raw_max_us=5 ph_offscreen_max_us=8 ph_commit_max_us=3550 committed=1 authority=1 refresh=1 run_ok=1 pass=1
[21:22:16] TINYDRAW_GATE1_MIXED_DRAW zoom=50 tool=pen chunks=50 append_max_us=162 append_avg_us=74 append_total_us=3738 affected_tiles=422 published=400 fallback=22 visible_fallback=0 drop_uni_slot=0 drop_uni_paint=0 drop_raw_edit=0 drop_raw_paint=0 off_skip=0 drain_ops=50 drain_total_us=799904 drain_max_us=18950 ph_prepare_max_us=146 ph_overview_max_us=3766 ph_enumerate_max_us=560 ph_uniform_max_us=5275 ph_raw_max_us=11871 ph_offscreen_max_us=7 ph_commit_max_us=1742 committed=1 authority=1 refresh=1 run_ok=1 pass=1
[21:22:16] TINYDRAW_GATE1_MIXED_DRAW zoom=50 tool=eraser chunks=50 append_max_us=155 append_avg_us=75 append_total_us=3770 affected_tiles=405 published=405 fallback=0 visible_fallback=0 drop_uni_slot=0 drop_uni_paint=0 drop_raw_edit=0 drop_raw_paint=0 off_skip=0 drain_ops=50 drain_total_us=787597 drain_max_us=17560 ph_prepare_max_us=139 ph_overview_max_us=3734 ph_enumerate_max_us=596 ph_uniform_max_us=27 ph_raw_max_us=11864 ph_offscreen_max_us=10 ph_commit_max_us=1520 committed=1 authority=1 refresh=1 run_ok=1 pass=1
[21:22:18] TINYDRAW_GATE1_MIXED_DRAW zoom=100 tool=pen chunks=50 append_max_us=170 append_avg_us=79 append_total_us=3956 affected_tiles=450 published=398 fallback=52 visible_fallback=0 drop_uni_slot=0 drop_uni_paint=0 drop_raw_edit=0 drop_raw_paint=0 off_skip=0 drain_ops=50 drain_total_us=672602 drain_max_us=15399 ph_prepare_max_us=153 ph_overview_max_us=1932 ph_enumerate_max_us=544 ph_uniform_max_us=4432 ph_raw_max_us=11800 ph_offscreen_max_us=10 ph_commit_max_us=1016 committed=1 authority=1 refresh=1 run_ok=1 pass=1
[21:22:20] TINYDRAW_GATE1_MIXED_DRAW zoom=100 tool=eraser chunks=50 append_max_us=161 append_avg_us=75 append_total_us=3764 affected_tiles=399 published=399 fallback=0 visible_fallback=0 drop_uni_slot=0 drop_uni_paint=0 drop_raw_edit=0 drop_raw_paint=0 off_skip=0 drain_ops=50 drain_total_us=660735 drain_max_us=14842 ph_prepare_max_us=139 ph_overview_max_us=1884 ph_enumerate_max_us=603 ph_uniform_max_us=26 ph_raw_max_us=11857 ph_offscreen_max_us=3 ph_commit_max_us=813 committed=1 authority=1 refresh=1 run_ok=1 pass=1
[21:22:20] TINYDRAW_GATE1_MIXED_DRAW zoom=200 tool=pen chunks=50 append_max_us=152 append_avg_us=76 append_total_us=3805 affected_tiles=425 published=389 fallback=36 visible_fallback=0 drop_uni_slot=0 drop_uni_paint=0 drop_raw_edit=0 drop_raw_paint=0 off_skip=0 drain_ops=50 drain_total_us=620376 drain_max_us=14847 ph_prepare_max_us=136 ph_overview_max_us=1054 ph_enumerate_max_us=551 ph_uniform_max_us=4560 ph_raw_max_us=11812 ph_offscreen_max_us=12 ph_commit_max_us=875 committed=1 authority=1 refresh=1 run_ok=1 pass=1
[21:22:21] TINYDRAW_GATE1_MIXED_DRAW zoom=200 tool=eraser chunks=50 append_max_us=147 append_avg_us=73 append_total_us=3653 affected_tiles=388 published=388 fallback=0 visible_fallback=0 drop_uni_slot=0 drop_uni_paint=0 drop_raw_edit=0 drop_raw_paint=0 off_skip=0 drain_ops=50 drain_total_us=606440 drain_max_us=13952 ph_prepare_max_us=129 ph_overview_max_us=1075 ph_enumerate_max_us=561 ph_uniform_max_us=25 ph_raw_max_us=11872 ph_offscreen_max_us=10 ph_commit_max_us=721 committed=1 authority=1 refresh=1 run_ok=1 pass=1
[21:22:23] TINYDRAW_GATE1_MIXED_DRAW zoom=400 tool=pen chunks=50 append_max_us=174 append_avg_us=72 append_total_us=3629 affected_tiles=359 published=334 fallback=25 visible_fallback=0 drop_uni_slot=0 drop_uni_paint=0 drop_raw_edit=0 drop_raw_paint=0 off_skip=0 drain_ops=50 drain_total_us=572346 drain_max_us=13820 ph_prepare_max_us=155 ph_overview_max_us=754 ph_enumerate_max_us=695 ph_uniform_max_us=3310 ph_raw_max_us=11243 ph_offscreen_max_us=7 ph_commit_max_us=833 committed=1 authority=1 refresh=1 run_ok=1 pass=1
[21:22:24] TINYDRAW_GATE1_MIXED_DRAW zoom=400 tool=eraser chunks=50 append_max_us=146 append_avg_us=72 append_total_us=3625 affected_tiles=350 published=350 fallback=0 visible_fallback=0 drop_uni_slot=0 drop_uni_paint=0 drop_raw_edit=0 drop_raw_paint=0 off_skip=0 drain_ops=50 drain_total_us=565788 drain_max_us=12956 ph_prepare_max_us=130 ph_overview_max_us=717 ph_enumerate_max_us=718 ph_uniform_max_us=25 ph_raw_max_us=11211 ph_offscreen_max_us=6 ph_commit_max_us=673 committed=1 authority=1 refresh=1 run_ok=1 pass=1
[21:22:24] TINYDRAW_GATE1_MIXED_DRAW_REVISIT zoom=50 missing=4 refill_tiles=4 refill_us=187876
[21:22:24] TINYDRAW_GATE1_MIXED_DRAW_REVISIT zoom=100 missing=9 refill_tiles=9 refill_us=323627
[21:22:25] TINYDRAW_GATE1_MIXED_DRAW_REVISIT zoom=200 missing=16 refill_tiles=16 refill_us=325317
[21:22:25] TINYDRAW_GATE1_MIXED_DRAW_REVISIT zoom=400 missing=0 refill_tiles=0 refill_us=310
[21:22:25] TINYDRAW_GATE1_MIXED_DRAW_SUMMARY slots=448 strokes=10 worst_append_us=174 pass=1
[21:22:30] TINYDRAW_GATE1_IDLE_REPAIR damaged=588 remaining=0 plan_views=24 steps=4378 repair_us=3830561 worst_step_us=5529 warm_tiles=56 pass=1
[21:22:31] TINYDRAW_INKTRACE trace=fast-curve-dense-25 zoom=25 events=411 consumed=390 coalesced=21 down=1/1 up=1/1 max_time_gap_us=4071 max_space_gap_px=55.33 e2c_p50=504 e2c_p95=948 e2c_max=1576 e2g_p95=777 e2s_p95=2521 e2d_p50=2294 e2d_p95=3377 e2d_max=3621 latency_samples=33 presentation_failures=0 commit_failures=0 overflows=0 revision=3482 fb_tiles=0 fb_start=0 fb_mid_max=0 fb_up_max=0 fb_end=0 drop_uni_slot=0 drop_uni_paint=0 drop_raw_edit=0 drop_raw_paint=0 off_skip=0 drain_ops=2 drain_max_us=20836 latency_pass=1 pass=1
[21:22:32] TINYDRAW_INKTRACE trace=fast-curve-400 zoom=400 events=414 consumed=368 coalesced=46 down=1/1 up=1/1 max_time_gap_us=4075 max_space_gap_px=65.51 e2c_p50=504 e2c_p95=1040 e2c_max=1998 e2g_p95=775 e2s_p95=2652 e2d_p50=2420 e2d_p95=3925 e2d_max=3931 latency_samples=33 presentation_failures=0 commit_failures=0 overflows=0 revision=3484 fb_tiles=42 fb_start=30 fb_mid_max=30 fb_up_max=30 fb_end=30 drop_uni_slot=0 drop_uni_paint=0 drop_raw_edit=0 drop_raw_paint=0 off_skip=0 drain_ops=2 drain_max_us=5945 latency_pass=1 pass=1
[21:22:34] TINYDRAW_INKTRACE trace=fast-curve-400-xl zoom=400 events=2296 consumed=1967 coalesced=329 down=1/1 up=1/1 max_time_gap_us=5075 max_space_gap_px=47.85 e2c_p50=504 e2c_p95=562 e2c_max=1577 e2g_p95=784 e2s_p95=2938 e2d_p50=3220 e2d_p95=4439 e2d_max=5444 latency_samples=172 presentation_failures=0 commit_failures=0 overflows=0 revision=3490 fb_tiles=42 fb_start=30 fb_mid_max=30 fb_up_max=30 fb_end=30 drop_uni_slot=0 drop_uni_paint=0 drop_raw_edit=0 drop_raw_paint=0 off_skip=0 drain_ops=6 drain_max_us=9030 latency_pass=1 pass=1
[21:22:35] TINYDRAW_INKTRACE trace=slow-precise-100 zoom=100 events=741 consumed=702 coalesced=39 down=1/1 up=1/1 max_time_gap_us=3000 max_space_gap_px=13.45 e2c_p50=504 e2c_p95=1051 e2c_max=1904 e2g_p95=777 e2s_p95=1782 e2d_p50=1921 e2d_p95=2255 e2d_max=2287 latency_samples=53 presentation_failures=0 commit_failures=0 overflows=0 revision=3492 fb_tiles=42 fb_start=24 fb_mid_max=24 fb_up_max=24 fb_end=24 drop_uni_slot=0 drop_uni_paint=0 drop_raw_edit=0 drop_raw_paint=0 off_skip=0 drain_ops=2 drain_max_us=6165 latency_pass=1 pass=1
[21:22:38] TINYDRAW_INKTRACE trace=scribble-multistroke zoom=100 events=848 consumed=742 coalesced=106 down=7/7 up=7/7 max_time_gap_us=6074 max_space_gap_px=109.46 e2c_p50=504 e2c_p95=575 e2c_max=2051 e2g_p95=778 e2s_p95=3422 e2d_p50=3146 e2d_p95=5221 e2d_max=6229 latency_samples=55 presentation_failures=0 commit_failures=0 overflows=0 revision=3499 fb_tiles=42 fb_start=24 fb_mid_max=24 fb_up_max=24 fb_end=24 drop_uni_slot=0 drop_uni_paint=0 drop_raw_edit=0 drop_raw_paint=0 off_skip=0 drain_ops=7 drain_max_us=6136 latency_pass=1 pass=1
[21:22:39] TINYDRAW_HAIRLINE_DOC ops=782 samples=8061 append_total_us=1060494 append_max_us=7136
[21:22:40] TINYDRAW_GATE1_PACED_COLD corpus=evil_hairlines_capacity zoom=100 x=552 y=672 steps=239 tiles=56 compute_us=228956 present_us=77504 touch_us=529 pacing_us=8987 wall_us=315976 maximum_wall_us=500000 max_tick_us=8933 touch_samples=45915 touch_interval_max_us=2145 touch_read_max_us=620 touch_events=0 touch_down=0 touch_up=0 touch_events_ge_8ms=0 touch_event_age_max_us=0 touch_errors=0 touch_overflows=0 pass=1
[21:22:40] TINYDRAW_GATE1_PACED_COLD corpus=evil_hairlines_capacity zoom=400 x=2760 y=3360 steps=212 tiles=48 compute_us=131915 present_us=73009 touch_us=377 pacing_us=6651 wall_us=211952 maximum_wall_us=500000 max_tick_us=8778 touch_samples=283 touch_interval_max_us=1634 touch_read_max_us=477 touch_events=0 touch_down=0 touch_up=0 touch_events_ge_8ms=0 touch_event_age_max_us=0 touch_errors=0 touch_overflows=0 pass=1
[21:22:42] TINYDRAW_HAIRLINE_REPAIR steps=2372 wall_us=2143035 worst_step_us=4696 resident=407/448 grid_stopped=1 pass2_steps=8 pass2_wall_us=2172 no_churn=1
[21:22:44] TINYDRAW_HAIRLINE_TOUR stops=8 total_us=899119 worst_stop_us=195625 worst_step_us=6286
[21:22:44] TINYDRAW_GATE1_HAIRLINE raw=339 uniform=72 fallback=233 capacity=448 worst_step_us=6286 grid_stopped=1 pass=1
[21:22:46] TINYDRAW_GATE1_LONG_GESTURE path=reference samples=1600 chunks=26 append_total_us=914426 append_max_us=43220 append_avg_us=35170 refresh_fallback_pixels=0 settled_fallback_pixels=0 committed=1 authority=1 refresh=1 run_ok=1
[21:22:46] TINYDRAW_GATE1_LONG_GESTURE path=in_place samples=1600 chunks=52 append_total_us=583352 append_max_us=13580 append_avg_us=11218 refresh_fallback_pixels=0 settled_fallback_pixels=0 committed=1 authority=1 refresh=1 run_ok=1
[21:22:46] TINYDRAW_V2_EXPORT_PROGRESS row=0 of=1792
[21:22:47] TINYDRAW_V2_EXPORT_PROGRESS row=256 of=1792
[21:22:47] TINYDRAW_V2_EXPORT_PROGRESS row=512 of=1792
[21:22:48] TINYDRAW_V2_EXPORT_PROGRESS row=768 of=1792
[21:22:49] TINYDRAW_V2_EXPORT_PROGRESS row=1024 of=1792
[21:22:50] TINYDRAW_V2_EXPORT_PROGRESS row=1280 of=1792
[21:22:51] TINYDRAW_V2_EXPORT_PROGRESS row=1536 of=1792
[21:22:51] TINYDRAW_GATE1_EXPORT encoded=1 bytes=40166 elapsed_us=5845084 workspace_bytes=50652 band_bytes=376832 free_psram=1859920 free_internal=179664 signature=1 dimensions=1 chunks=3 chunks_ok=1 pass=1
[21:22:51] TINYDRAW_EXPORT_RESERVE requested=1572864 free_before=1859920 largest_before=1835008 free_held=287052 largest_held=286720 pass=1
[21:22:52] TINYDRAW_RERENDER_LEDGER site=final renders=0 unique=0 amplification=0.000 cold=0 damage=0 evict=0 stale=0 unexplained=0
[21:22:52] TINYDRAW_GATE1_AUTOMATED_DONE stress=1 stress_100=1 stress_400=1 overlap_ready=1 overlap_cold=0 general_cold_ready=1 general_cold=1 workload=1 paced_cold=1 hard_100=1 hard_400=1 pan_100=1 pan_400=1 pan_seq=1 pan_boundary=1 live_overlay=1 draw_fill=1 cache=1 full_world_cache=1 cache_tour=1 mixed_draw=1 idle_repair=1 ink_trace=1 hairline_capacity=1 long_gesture=1 export_encode=1 export_reserve=1 return=1 ssaa_receipt=yellow
[21:22:52] TINYDRAW_VECTOR_V2_GATE_HARNESS_DONE pass=0
[21:22:52] TINYDRAW_VECTOR_V2_READY zoom=25 controls=chrome button=cycle_all_zooms operations_capacity=4000 samples_capacity=80000 live_storage_bytes=6383640 overview_bytes=1318912 raw_tile_bytes=3670016 tile_metadata_bytes=101360 operation_bytes=720000 live_scratch_bytes=573352 free_psram=1859920 largest_psram=1835008 te_edges=3983 te_period_us=16791 te_high_us=578 te_level=0 main_stack_free=840
[21:23:10] TINYDRAW_LIVE_PRESENT kind=chrome zoom=25 x=0 y=0 compose_us=25942 scroll_us=0 exposed_compose_us=0 chrome_us=8692 chrome_prepare_us=8 chrome_stage_us=8684 read_submit_us=30929 read_complete_us=34123 transfer_wait_us=25031 tile_pixels=0 uniform_pixels=0 overview_pixels=164864 fallback_pixels=0 resident_tiles=0 fallback_tiles=0 pushes=11 tear_wait_us=4897 tear_edge_isr_to_resume_us=8 tear_edge_observed=1 tear_edge_wait_resumed=1 tear_edge_timeout=0 tear_heal_attempted=0 tear_heal_command_sent=0 presentation_experiment=boundary-top-sweep te_edge=rising requested_clock_mhz=50 effective_clock_mhz=40 frame_reused=0 pass=1
[21:23:10] TINYDRAW_LIVE_PRESENT kind=chrome zoom=25 x=0 y=0 compose_us=25933 scroll_us=0 exposed_compose_us=0 chrome_us=5103 chrome_prepare_us=25 chrome_stage_us=5078 read_submit_us=29008 read_complete_us=32432 transfer_wait_us=20950 tile_pixels=0 uniform_pixels=0 overview_pixels=164864 fallback_pixels=0 resident_tiles=0 fallback_tiles=0 pushes=11 tear_wait_us=2967 tear_edge_isr_to_resume_us=9 tear_edge_observed=1 tear_edge_wait_resumed=1 tear_edge_timeout=0 tear_heal_attempted=0 tear_heal_command_sent=0 presentation_experiment=boundary-top-sweep te_edge=rising requested_clock_mhz=50 effective_clock_mhz=40 frame_reused=0 pass=1
[21:23:11] TINYDRAW_LIVE_PRESENT kind=chrome zoom=25 x=0 y=0 compose_us=25932 scroll_us=0 exposed_compose_us=0 chrome_us=8702 chrome_prepare_us=8 chrome_stage_us=8694 read_submit_us=30762 read_complete_us=33907 transfer_wait_us=25199 tile_pixels=0 uniform_pixels=0 overview_pixels=164864 fallback_pixels=0 resident_tiles=0 fallback_tiles=0 pushes=11 tear_wait_us=4741 tear_edge_isr_to_resume_us=11 tear_edge_observed=1 tear_edge_wait_resumed=1 tear_edge_timeout=0 tear_heal_attempted=0 tear_heal_command_sent=0 presentation_experiment=boundary-top-sweep te_edge=rising requested_clock_mhz=50 effective_clock_mhz=40 frame_reused=0 pass=1
[21:23:11] TINYDRAW_LIVE_PRESENT kind=chrome zoom=25 x=0 y=0 compose_us=25961 scroll_us=0 exposed_compose_us=0 chrome_us=16701 chrome_prepare_us=8 chrome_stage_us=16693 read_submit_us=42189 read_complete_us=45344 transfer_wait_us=31774 tile_pixels=0 uniform_pixels=0 overview_pixels=164864 fallback_pixels=0 resident_tiles=0 fallback_tiles=0 pushes=11 tear_wait_us=16142 tear_edge_isr_to_resume_us=9 tear_edge_observed=1 tear_edge_wait_resumed=1 tear_edge_timeout=0 tear_heal_attempted=0 tear_heal_command_sent=0 presentation_experiment=boundary-top-sweep te_edge=rising requested_clock_mhz=50 effective_clock_mhz=40 frame_reused=0 pass=1
[21:23:13] TINYDRAW_LIVE_PRESENT kind=chrome zoom=25 x=0 y=0 compose_us=25929 scroll_us=0 exposed_compose_us=0 chrome_us=9424 chrome_prepare_us=4335 chrome_stage_us=5089 read_submit_us=39262 read_complete_us=42632 transfer_wait_us=20634 tile_pixels=0 uniform_pixels=0 overview_pixels=164864 fallback_pixels=0 resident_tiles=0 fallback_tiles=0 pushes=11 tear_wait_us=8911 tear_edge_isr_to_resume_us=12 tear_edge_observed=1 tear_edge_wait_resumed=1 tear_edge_timeout=0 tear_heal_attempted=0 tear_heal_command_sent=0 presentation_experiment=boundary-top-sweep te_edge=rising requested_clock_mhz=50 effective_clock_mhz=40 frame_reused=0 pass=1
[21:23:13] TINYDRAW_LIVE_DRAIN ops=1 total_us=971 max_us=971 failures=0 swap_wall_us=8673 swap_pass=1
[21:23:13] TINYDRAW_LIVE_STROKE revision=4363 operations=1 samples=1 append_us=93 append_max_us=93 refresh_compose_us=0 refresh_complete_us=0 ink_samples=2 read_submit_avg_us=31741 read_submit_max_us=62528 read_complete_avg_us=32488 read_complete_max_us=63452 submit_over_16ms=1 complete_over_33ms=1 presentation_failures=0 poll_max_us=141004 touch_errors=0 touch_overflows=0 touch_moves_coalesced=224 touch_events=174 touch_down=6 touch_up=6 touch_events_ge_8ms=1 touch_event_age_max_us=62259 chunks=1 ph_prepare_max_us=48 ph_overview_max_us=0 ph_enumerate_max_us=0 ph_uniform_max_us=0 ph_raw_max_us=0 ph_offscreen_max_us=0 ph_commit_max_us=0 drop_uni_slot=0 drop_uni_paint=0 drop_raw_edit=0 drop_raw_paint=0 off_skip=0 free_psram=1859920 largest_psram=1835008 authority_match=0
[21:23:13] TINYDRAW_LIVE_STROKE_DONE committed=1 refresh=1 commit_failed=0
[21:23:13] TINYDRAW_LIFT_BASELINE id=1 finish_preview_us=2011 builder_finish_us=57 append_us=93 append_max_us=93 refresh_wall_us=15 refresh_x0=264 refresh_y0=244 refresh_x1=274 refresh_y1=254 refresh_compose_us=0 refresh_first_submit_us=0 refresh_first_complete_us=0 refresh_transfer_wait_us=0 stroke_logging_us=0 detected_to_poll_start_us=13999 detected_to_poll_complete_us=14012 poll_read_us=13 unattributed_tail_us=11823 reports_dropped=0 chunks=1 committed=1 refresh=1 commit_failed=0
[21:23:25] TINYDRAW_LIVE_PRESENT kind=chrome zoom=25 x=0 y=0 compose_us=25949 scroll_us=0 exposed_compose_us=0 chrome_us=8731 chrome_prepare_us=8 chrome_stage_us=8723 read_submit_us=28896 read_complete_us=32054 transfer_wait_us=25060 tile_pixels=0 uniform_pixels=0 overview_pixels=164864 fallback_pixels=0 resident_tiles=0 fallback_tiles=0 pushes=11 tear_wait_us=2865 tear_edge_isr_to_resume_us=9 tear_edge_observed=1 tear_edge_wait_resumed=1 tear_edge_timeout=0 tear_heal_attempted=0 tear_heal_command_sent=0 presentation_experiment=boundary-top-sweep te_edge=rising requested_clock_mhz=50 effective_clock_mhz=40 frame_reused=0 pass=1
[21:23:26] TINYDRAW_LIVE_PRESENT kind=chrome zoom=25 x=0 y=0 compose_us=25968 scroll_us=0 exposed_compose_us=0 chrome_us=16720 chrome_prepare_us=8 chrome_stage_us=16712 read_submit_us=41909 read_complete_us=45064 transfer_wait_us=32052 tile_pixels=0 uniform_pixels=0 overview_pixels=164864 fallback_pixels=0 resident_tiles=0 fallback_tiles=0 pushes=11 tear_wait_us=15856 tear_edge_isr_to_resume_us=9 tear_edge_observed=1 tear_edge_wait_resumed=1 tear_edge_timeout=0 tear_heal_attempted=0 tear_heal_command_sent=0 presentation_experiment=boundary-top-sweep te_edge=rising requested_clock_mhz=50 effective_clock_mhz=40 frame_reused=0 pass=1
[21:23:27] TINYDRAW_LIVE_PRESENT kind=chrome zoom=25 x=0 y=0 compose_us=25919 scroll_us=0 exposed_compose_us=0 chrome_us=9406 chrome_prepare_us=4307 chrome_stage_us=5099 read_submit_us=30901 read_complete_us=34254 transfer_wait_us=21034 tile_pixels=0 uniform_pixels=0 overview_pixels=164864 fallback_pixels=0 resident_tiles=0 fallback_tiles=0 pushes=11 tear_wait_us=585 tear_edge_isr_to_resume_us=10 tear_edge_observed=1 tear_edge_wait_resumed=1 tear_edge_timeout=0 tear_heal_attempted=0 tear_heal_command_sent=0 presentation_experiment=boundary-top-sweep te_edge=rising requested_clock_mhz=50 effective_clock_mhz=40 frame_reused=0 pass=1
[21:23:52] TINYDRAW_LIVE_PRESENT kind=power zoom=25 x=0 y=0 compose_us=25931 scroll_us=0 exposed_compose_us=0 chrome_us=5150 chrome_prepare_us=27 chrome_stage_us=5123 read_submit_us=38461 read_complete_us=41876 transfer_wait_us=20539 tile_pixels=0 uniform_pixels=0 overview_pixels=164864 fallback_pixels=0 resident_tiles=0 fallback_tiles=0 pushes=11 tear_wait_us=11848 tear_edge_isr_to_resume_us=9 tear_edge_observed=1 tear_edge_wait_resumed=1 tear_edge_timeout=0 tear_heal_attempted=0 tear_heal_command_sent=0 presentation_experiment=boundary-top-sweep te_edge=rising requested_clock_mhz=50 effective_clock_mhz=40 frame_reused=0 pass=1
[21:23:58] TINYDRAW_LIVE_PRESENT kind=chrome zoom=25 x=0 y=0 compose_us=25942 scroll_us=0 exposed_compose_us=0 chrome_us=8658 chrome_prepare_us=7 chrome_stage_us=8651 read_submit_us=35540 read_complete_us=38673 transfer_wait_us=25421 tile_pixels=0 uniform_pixels=0 overview_pixels=164864 fallback_pixels=0 resident_tiles=0 fallback_tiles=0 pushes=11 tear_wait_us=9509 tear_edge_isr_to_resume_us=10 tear_edge_observed=1 tear_edge_wait_resumed=1 tear_edge_timeout=0 tear_heal_attempted=0 tear_heal_command_sent=0 presentation_experiment=boundary-top-sweep te_edge=rising requested_clock_mhz=50 effective_clock_mhz=40 frame_reused=0 pass=1
[21:23:59] TINYDRAW_LIVE_PRESENT kind=chrome zoom=25 x=0 y=0 compose_us=25962 scroll_us=0 exposed_compose_us=0 chrome_us=5110 chrome_prepare_us=25 chrome_stage_us=5085 read_submit_us=40014 read_complete_us=43430 transfer_wait_us=20944 tile_pixels=0 uniform_pixels=0 overview_pixels=164864 fallback_pixels=0 resident_tiles=0 fallback_tiles=0 pushes=11 tear_wait_us=13951 tear_edge_isr_to_resume_us=9 tear_edge_observed=1 tear_edge_wait_resumed=1 tear_edge_timeout=0 tear_heal_attempted=0 tear_heal_command_sent=0 presentation_experiment=boundary-top-sweep te_edge=rising requested_clock_mhz=50 effective_clock_mhz=40 frame_reused=0 pass=1
[21:23:59] TINYDRAW_LIVE_PRESENT kind=chrome zoom=25 x=0 y=0 compose_us=25934 scroll_us=0 exposed_compose_us=0 chrome_us=7963 chrome_prepare_us=7 chrome_stage_us=7956 read_submit_us=27745 read_complete_us=30893 transfer_wait_us=24216 tile_pixels=0 uniform_pixels=0 overview_pixels=164864 fallback_pixels=0 resident_tiles=0 fallback_tiles=0 pushes=11 tear_wait_us=1711 tear_edge_isr_to_resume_us=9 tear_edge_observed=1 tear_edge_wait_resumed=1 tear_edge_timeout=0 tear_heal_attempted=0 tear_heal_command_sent=0 presentation_experiment=boundary-top-sweep te_edge=rising requested_clock_mhz=50 effective_clock_mhz=40 frame_reused=0 pass=1
[21:24:00] TINYDRAW_LIVE_PRESENT kind=chrome zoom=25 x=0 y=0 compose_us=25945 scroll_us=0 exposed_compose_us=0 chrome_us=9469 chrome_prepare_us=4353 chrome_stage_us=5116 read_submit_us=30566 read_complete_us=34200 transfer_wait_us=21394 tile_pixels=0 uniform_pixels=0 overview_pixels=164864 fallback_pixels=0 resident_tiles=0 fallback_tiles=0 pushes=11 tear_wait_us=167 tear_edge_isr_to_resume_us=10 tear_edge_observed=1 tear_edge_wait_resumed=1 tear_edge_timeout=0 tear_heal_attempted=0 tear_heal_command_sent=0 presentation_experiment=boundary-top-sweep te_edge=rising requested_clock_mhz=50 effective_clock_mhz=40 frame_reused=0 pass=1
[21:24:01] TINYDRAW_LIVE_PRESENT kind=chrome zoom=25 x=0 y=0 compose_us=25945 scroll_us=0 exposed_compose_us=0 chrome_us=8979 chrome_prepare_us=8 chrome_stage_us=8971 read_submit_us=28256 read_complete_us=31384 transfer_wait_us=25705 tile_pixels=0 uniform_pixels=0 overview_pixels=164864 fallback_pixels=0 resident_tiles=0 fallback_tiles=0 pushes=11 tear_wait_us=2220 tear_edge_isr_to_resume_us=9 tear_edge_observed=1 tear_edge_wait_resumed=1 tear_edge_timeout=0 tear_heal_attempted=0 tear_heal_command_sent=0 presentation_experiment=boundary-top-sweep te_edge=rising requested_clock_mhz=50 effective_clock_mhz=40 frame_reused=0 pass=1
[21:24:02] TINYDRAW_LIVE_PRESENT kind=chrome zoom=25 x=0 y=0 compose_us=25958 scroll_us=0 exposed_compose_us=0 chrome_us=5125 chrome_prepare_us=25 chrome_stage_us=5100 read_submit_us=34121 read_complete_us=37522 transfer_wait_us=20837 tile_pixels=0 uniform_pixels=0 overview_pixels=164864 fallback_pixels=0 resident_tiles=0 fallback_tiles=0 pushes=11 tear_wait_us=8061 tear_edge_isr_to_resume_us=9 tear_edge_observed=1 tear_edge_wait_resumed=1 tear_edge_timeout=0 tear_heal_attempted=0 tear_heal_command_sent=0 presentation_experiment=boundary-top-sweep te_edge=rising requested_clock_mhz=50 effective_clock_mhz=40 frame_reused=0 pass=1
[21:24:04] TINYDRAW_LIVE_STROKE revision=4365 operations=5 samples=144 append_us=609 append_max_us=126 refresh_compose_us=0 refresh_complete_us=0 ink_samples=141 read_submit_avg_us=1825 read_submit_max_us=3242 read_complete_avg_us=2969 read_complete_max_us=4786 submit_over_16ms=0 complete_over_33ms=0 presentation_failures=0 poll_max_us=132004 touch_errors=0 touch_overflows=0 touch_moves_coalesced=1495 touch_events=1089 touch_down=10 touch_up=10 touch_events_ge_8ms=0 touch_event_age_max_us=1249 chunks=5 ph_prepare_max_us=83 ph_overview_max_us=0 ph_enumerate_max_us=0 ph_uniform_max_us=0 ph_raw_max_us=0 ph_offscreen_max_us=0 ph_commit_max_us=0 drop_uni_slot=0 drop_uni_paint=0 drop_raw_edit=0 drop_raw_paint=0 off_skip=0 free_psram=1859920 largest_psram=1835008 authority_match=0
[21:24:04] TINYDRAW_LIVE_STROKE_DONE committed=1 refresh=1 commit_failed=0
[21:24:04] TINYDRAW_LIFT_BASELINE id=2 finish_preview_us=3013 builder_finish_us=57 append_us=609 append_max_us=126 refresh_wall_us=15 refresh_x0=39 refresh_y0=11 refresh_x1=330 refresh_y1=372 refresh_compose_us=0 refresh_first_submit_us=0 refresh_first_complete_us=0 refresh_transfer_wait_us=0 stroke_logging_us=0 detected_to_poll_start_us=25999 detected_to_poll_complete_us=26011 poll_read_us=12 unattributed_tail_us=22305 reports_dropped=0 chunks=5 committed=1 refresh=1 commit_failed=0
[21:24:04] TINYDRAW_LIVE_DRAIN ops=5 total_us=100763 max_us=23948 failures=0 swap_wall_us=73289 swap_pass=1
[21:24:12] TINYDRAW_LIVE_PRESENT kind=chrome zoom=25 x=0 y=0 compose_us=26052 scroll_us=0 exposed_compose_us=0 chrome_us=82114 chrome_prepare_us=8 chrome_stage_us=82106 read_submit_us=38014 read_complete_us=49963 transfer_wait_us=95947 tile_pixels=0 uniform_pixels=0 overview_pixels=164864 fallback_pixels=0 resident_tiles=0 fallback_tiles=0 pushes=11 tear_wait_us=11882 tear_edge_isr_to_resume_us=10 tear_edge_observed=1 tear_edge_wait_resumed=1 tear_edge_timeout=0 tear_heal_attempted=0 tear_heal_command_sent=0 presentation_experiment=boundary-top-sweep te_edge=rising requested_clock_mhz=50 effective_clock_mhz=40 frame_reused=0 pass=1
[21:24:13] TINYDRAW_LIVE_PRESENT kind=chrome zoom=25 x=0 y=0 compose_us=25958 scroll_us=0 exposed_compose_us=0 chrome_us=9450 chrome_prepare_us=4368 chrome_stage_us=5082 read_submit_us=37806 read_complete_us=41424 transfer_wait_us=21145 tile_pixels=0 uniform_pixels=0 overview_pixels=164864 fallback_pixels=0 resident_tiles=0 fallback_tiles=0 pushes=11 tear_wait_us=7399 tear_edge_isr_to_resume_us=9 tear_edge_observed=1 tear_edge_wait_resumed=1 tear_edge_timeout=0 tear_heal_attempted=0 tear_heal_command_sent=0 presentation_experiment=boundary-top-sweep te_edge=rising requested_clock_mhz=50 effective_clock_mhz=40 frame_reused=0 pass=1
[21:24:15] TINYDRAW_LIVE_PRESENT kind=chrome zoom=25 x=0 y=0 compose_us=25945 scroll_us=0 exposed_compose_us=0 chrome_us=8835 chrome_prepare_us=8 chrome_stage_us=8827 read_submit_us=31291 read_complete_us=34456 transfer_wait_us=25670 tile_pixels=0 uniform_pixels=0 overview_pixels=164864 fallback_pixels=0 resident_tiles=0 fallback_tiles=0 pushes=11 tear_wait_us=5256 tear_edge_isr_to_resume_us=9 tear_edge_observed=1 tear_edge_wait_resumed=1 tear_edge_timeout=0 tear_heal_attempted=0 tear_heal_command_sent=0 presentation_experiment=boundary-top-sweep te_edge=rising requested_clock_mhz=50 effective_clock_mhz=40 frame_reused=0 pass=1
[21:24:15] TINYDRAW_LIVE_PRESENT kind=chrome zoom=25 x=0 y=0 compose_us=25956 scroll_us=0 exposed_compose_us=0 chrome_us=8195 chrome_prepare_us=8 chrome_stage_us=8187 read_submit_us=27859 read_complete_us=31007 transfer_wait_us=24097 tile_pixels=0 uniform_pixels=0 overview_pixels=164864 fallback_pixels=0 resident_tiles=0 fallback_tiles=0 pushes=11 tear_wait_us=1817 tear_edge_isr_to_resume_us=8 tear_edge_observed=1 tear_edge_wait_resumed=1 tear_edge_timeout=0 tear_heal_attempted=0 tear_heal_command_sent=0 presentation_experiment=boundary-top-sweep te_edge=rising requested_clock_mhz=50 effective_clock_mhz=40 frame_reused=0 pass=1
[21:24:16] TINYDRAW_LIVE_PRESENT kind=chrome zoom=25 x=0 y=0 compose_us=25957 scroll_us=0 exposed_compose_us=0 chrome_us=9371 chrome_prepare_us=4264 chrome_stage_us=5107 read_submit_us=42957 read_complete_us=46556 transfer_wait_us=21003 tile_pixels=0 uniform_pixels=0 overview_pixels=164864 fallback_pixels=0 resident_tiles=0 fallback_tiles=0 pushes=11 tear_wait_us=12650 tear_edge_isr_to_resume_us=10 tear_edge_observed=1 tear_edge_wait_resumed=1 tear_edge_timeout=0 tear_heal_attempted=0 tear_heal_command_sent=0 presentation_experiment=boundary-top-sweep te_edge=rising requested_clock_mhz=50 effective_clock_mhz=40 frame_reused=0 pass=1
[21:24:20] TINYDRAW_LIVE_STROKE revision=4370 operations=11 samples=311 append_us=725 append_max_us=127 refresh_compose_us=0 refresh_complete_us=0 ink_samples=163 read_submit_avg_us=1552 read_submit_max_us=2669 read_complete_avg_us=2341 read_complete_max_us=3512 submit_over_16ms=0 complete_over_33ms=0 presentation_failures=0 poll_max_us=180004 touch_errors=0 touch_overflows=0 touch_moves_coalesced=1400 touch_events=1034 touch_down=6 touch_up=6 touch_events_ge_8ms=0 touch_event_age_max_us=1249 chunks=6 ph_prepare_max_us=82 ph_overview_max_us=0 ph_enumerate_max_us=0 ph_uniform_max_us=0 ph_raw_max_us=0 ph_offscreen_max_us=0 ph_commit_max_us=0 drop_uni_slot=0 drop_uni_paint=0 drop_raw_edit=0 drop_raw_paint=0 off_skip=0 free_psram=1859920 largest_psram=1835008 authority_match=0
[21:24:20] TINYDRAW_LIVE_STROKE_DONE committed=1 refresh=1 commit_failed=0
[21:24:20] TINYDRAW_LIFT_BASELINE id=3 finish_preview_us=2013 builder_finish_us=54 append_us=725 append_max_us=127 refresh_wall_us=16 refresh_x0=18 refresh_y0=41 refresh_x1=257 refresh_y1=349 refresh_compose_us=0 refresh_first_submit_us=0 refresh_first_complete_us=0 refresh_transfer_wait_us=0 stroke_logging_us=0 detected_to_poll_start_us=14005 detected_to_poll_complete_us=14017 poll_read_us=12 unattributed_tail_us=11197 reports_dropped=0 chunks=6 committed=1 refresh=1 commit_failed=0
[21:24:20] TINYDRAW_LIVE_DRAIN ops=6 total_us=67154 max_us=14502 failures=0 swap_wall_us=54817 swap_pass=1
[21:24:22] TINYDRAW_LIVE_PRESENT kind=chrome zoom=25 x=0 y=0 compose_us=26034 scroll_us=0 exposed_compose_us=0 chrome_us=81949 chrome_prepare_us=8 chrome_stage_us=81941 read_submit_us=27353 read_complete_us=39317 transfer_wait_us=95608 tile_pixels=0 uniform_pixels=0 overview_pixels=164864 fallback_pixels=0 resident_tiles=0 fallback_tiles=0 pushes=11 tear_wait_us=1235 tear_edge_isr_to_resume_us=10 tear_edge_observed=1 tear_edge_wait_resumed=1 tear_edge_timeout=0 tear_heal_attempted=0 tear_heal_command_sent=0 presentation_experiment=boundary-top-sweep te_edge=rising requested_clock_mhz=50 effective_clock_mhz=40 frame_reused=0 pass=1
[21:24:24] TINYDRAW_LIVE_PRESENT kind=chrome zoom=25 x=0 y=0 compose_us=25972 scroll_us=0 exposed_compose_us=0 chrome_us=9414 chrome_prepare_us=4284 chrome_stage_us=5130 read_submit_us=41283 read_complete_us=44949 transfer_wait_us=20668 tile_pixels=0 uniform_pixels=0 overview_pixels=164864 fallback_pixels=0 resident_tiles=0 fallback_tiles=0 pushes=11 tear_wait_us=10947 tear_edge_isr_to_resume_us=10 tear_edge_observed=1 tear_edge_wait_resumed=1 tear_edge_timeout=0 tear_heal_attempted=0 tear_heal_command_sent=0 presentation_experiment=boundary-top-sweep te_edge=rising requested_clock_mhz=50 effective_clock_mhz=40 frame_reused=0 pass=1
[21:24:27] TINYDRAW_LIVE_PRESENT kind=chrome zoom=25 x=0 y=0 compose_us=25945 scroll_us=0 exposed_compose_us=0 chrome_us=7931 chrome_prepare_us=8 chrome_stage_us=7923 read_submit_us=38761 read_complete_us=41898 transfer_wait_us=24200 tile_pixels=0 uniform_pixels=0 overview_pixels=164864 fallback_pixels=0 resident_tiles=0 fallback_tiles=0 pushes=11 tear_wait_us=12725 tear_edge_isr_to_resume_us=11 tear_edge_observed=1 tear_edge_wait_resumed=1 tear_edge_timeout=0 tear_heal_attempted=0 tear_heal_command_sent=0 presentation_experiment=boundary-top-sweep te_edge=rising requested_clock_mhz=50 effective_clock_mhz=40 frame_reused=0 pass=1
[21:24:27] TINYDRAW_LIVE_PRESENT kind=chrome zoom=25 x=0 y=0 compose_us=25952 scroll_us=0 exposed_compose_us=0 chrome_us=7930 chrome_prepare_us=8 chrome_stage_us=7922 read_submit_us=39076 read_complete_us=42234 transfer_wait_us=23882 tile_pixels=0 uniform_pixels=0 overview_pixels=164864 fallback_pixels=0 resident_tiles=0 fallback_tiles=0 pushes=11 tear_wait_us=13039 tear_edge_isr_to_resume_us=9 tear_edge_observed=1 tear_edge_wait_resumed=1 tear_edge_timeout=0 tear_heal_attempted=0 tear_heal_command_sent=0 presentation_experiment=boundary-top-sweep te_edge=rising requested_clock_mhz=50 effective_clock_mhz=40 frame_reused=0 pass=1
[21:24:28] TINYDRAW_LIVE_PRESENT kind=chrome zoom=25 x=0 y=0 compose_us=25964 scroll_us=0 exposed_compose_us=0 chrome_us=9218 chrome_prepare_us=4131 chrome_stage_us=5087 read_submit_us=35097 read_complete_us=38717 transfer_wait_us=20860 tile_pixels=0 uniform_pixels=0 overview_pixels=164864 fallback_pixels=0 resident_tiles=0 fallback_tiles=0 pushes=11 tear_wait_us=4923 tear_edge_isr_to_resume_us=11 tear_edge_observed=1 tear_edge_wait_resumed=1 tear_edge_timeout=0 tear_heal_attempted=0 tear_heal_command_sent=0 presentation_experiment=boundary-top-sweep te_edge=rising requested_clock_mhz=50 effective_clock_mhz=40 frame_reused=0 pass=1
[21:24:38] TINYDRAW_LIVE_STROKE revision=4376 operations=32 samples=978 append_us=2643 append_max_us=152 refresh_compose_us=0 refresh_complete_us=0 ink_samples=634 read_submit_avg_us=1549 read_submit_max_us=3211 read_complete_avg_us=2310 read_complete_max_us=5782 submit_over_16ms=0 complete_over_33ms=0 presentation_failures=0 poll_max_us=168004 touch_errors=0 touch_overflows=0 touch_moves_coalesced=4968 touch_events=3766 touch_down=6 touch_up=6 touch_events_ge_8ms=0 touch_event_age_max_us=1250 chunks=21 ph_prepare_max_us=88 ph_overview_max_us=0 ph_enumerate_max_us=0 ph_uniform_max_us=0 ph_raw_max_us=0 ph_offscreen_max_us=0 ph_commit_max_us=0 drop_uni_slot=0 drop_uni_paint=0 drop_raw_edit=0 drop_raw_paint=0 off_skip=0 free_psram=1859920 largest_psram=1835008 authority_match=0
[21:24:38] TINYDRAW_LIVE_STROKE_DONE committed=1 refresh=1 commit_failed=0
[21:24:38] TINYDRAW_LIFT_BASELINE id=4 finish_preview_us=2010 builder_finish_us=46 append_us=2643 append_max_us=152 refresh_wall_us=15 refresh_x0=10 refresh_y0=2 refresh_x1=322 refresh_y1=414 refresh_compose_us=0 refresh_first_submit_us=0 refresh_first_complete_us=0 refresh_transfer_wait_us=0 stroke_logging_us=0 detected_to_poll_start_us=12004 detected_to_poll_complete_us=12016 poll_read_us=12 unattributed_tail_us=7290 reports_dropped=0 chunks=21 committed=1 refresh=1 commit_failed=0
[21:24:38] TINYDRAW_LIVE_DRAIN ops=21 total_us=335227 max_us=28497 failures=0 swap_wall_us=79459 swap_pass=1
[21:24:52] TINYDRAW_LIVE_PRESENT kind=power zoom=25 x=0 y=0 compose_us=25940 scroll_us=0 exposed_compose_us=0 chrome_us=5116 chrome_prepare_us=25 chrome_stage_us=5091 read_submit_us=35422 read_complete_us=38850 transfer_wait_us=20578 tile_pixels=0 uniform_pixels=0 overview_pixels=164864 fallback_pixels=0 resident_tiles=0 fallback_tiles=0 pushes=11 tear_wait_us=8822 tear_edge_isr_to_resume_us=9 tear_edge_observed=1 tear_edge_wait_resumed=1 tear_edge_timeout=0 tear_heal_attempted=0 tear_heal_command_sent=0 presentation_experiment=boundary-top-sweep te_edge=rising requested_clock_mhz=50 effective_clock_mhz=40 frame_reused=0 pass=1
[21:24:52] TINYDRAW_LIVE_PRESENT kind=chrome zoom=25 x=0 y=0 compose_us=25940 scroll_us=0 exposed_compose_us=0 chrome_us=81738 chrome_prepare_us=8 chrome_stage_us=81730 read_submit_us=42844 read_complete_us=54803 transfer_wait_us=96115 tile_pixels=0 uniform_pixels=0 overview_pixels=164864 fallback_pixels=0 resident_tiles=0 fallback_tiles=0 pushes=11 tear_wait_us=16812 tear_edge_isr_to_resume_us=8 tear_edge_observed=1 tear_edge_wait_resumed=1 tear_edge_timeout=0 tear_heal_attempted=0 tear_heal_command_sent=0 presentation_experiment=boundary-top-sweep te_edge=rising requested_clock_mhz=50 effective_clock_mhz=40 frame_reused=0 pass=1
[21:24:53] TINYDRAW_LIVE_PRESENT kind=chrome zoom=25 x=0 y=0 compose_us=25955 scroll_us=0 exposed_compose_us=0 chrome_us=5101 chrome_prepare_us=25 chrome_stage_us=5076 read_submit_us=42679 read_complete_us=46096 transfer_wait_us=20283 tile_pixels=0 uniform_pixels=0 overview_pixels=164864 fallback_pixels=0 resident_tiles=0 fallback_tiles=0 pushes=11 tear_wait_us=16622 tear_edge_isr_to_resume_us=8 tear_edge_observed=1 tear_edge_wait_resumed=1 tear_edge_timeout=0 tear_heal_attempted=0 tear_heal_command_sent=0 presentation_experiment=boundary-top-sweep te_edge=rising requested_clock_mhz=50 effective_clock_mhz=40 frame_reused=0 pass=1
[21:24:53] TINYDRAW_LIVE_PRESENT kind=chrome zoom=25 x=0 y=0 compose_us=25965 scroll_us=0 exposed_compose_us=0 chrome_us=81745 chrome_prepare_us=8 chrome_stage_us=81737 read_submit_us=34454 read_complete_us=46396 transfer_wait_us=95507 tile_pixels=0 uniform_pixels=0 overview_pixels=164864 fallback_pixels=0 resident_tiles=0 fallback_tiles=0 pushes=11 tear_wait_us=8406 tear_edge_isr_to_resume_us=11 tear_edge_observed=1 tear_edge_wait_resumed=1 tear_edge_timeout=0 tear_heal_attempted=0 tear_heal_command_sent=0 presentation_experiment=boundary-top-sweep te_edge=rising requested_clock_mhz=50 effective_clock_mhz=40 frame_reused=0 pass=1
[21:24:54] TINYDRAW_LIVE_PRESENT kind=chrome zoom=25 x=0 y=0 compose_us=25961 scroll_us=0 exposed_compose_us=0 chrome_us=9248 chrome_prepare_us=4168 chrome_stage_us=5080 read_submit_us=41039 read_complete_us=44672 transfer_wait_us=20912 tile_pixels=0 uniform_pixels=0 overview_pixels=164864 fallback_pixels=0 resident_tiles=0 fallback_tiles=0 pushes=11 tear_wait_us=10828 tear_edge_isr_to_resume_us=9 tear_edge_observed=1 tear_edge_wait_resumed=1 tear_edge_timeout=0 tear_heal_attempted=0 tear_heal_command_sent=0 presentation_experiment=boundary-top-sweep te_edge=rising requested_clock_mhz=50 effective_clock_mhz=40 frame_reused=0 pass=1
[21:24:58] TINYDRAW_LIVE_PRESENT kind=zoom zoom=50 x=0 y=0 compose_us=13586 scroll_us=0 exposed_compose_us=0 chrome_us=6976 chrome_prepare_us=2322 chrome_stage_us=4654 read_submit_us=30397 read_complete_us=33974 transfer_wait_us=20603 tile_pixels=0 uniform_pixels=0 overview_pixels=0 fallback_pixels=164864 resident_tiles=0 fallback_tiles=42 pushes=11 tear_wait_us=14377 tear_edge_isr_to_resume_us=14 tear_edge_observed=1 tear_edge_wait_resumed=1 tear_edge_timeout=0 tear_heal_attempted=0 tear_heal_command_sent=0 presentation_experiment=boundary-top-sweep te_edge=rising requested_clock_mhz=50 effective_clock_mhz=40 frame_reused=0 pass=1
[21:24:58] TINYDRAW_FILL_BASELINE result=complete zoom=50 x=0 y=0 revision=4397 steps=53 wall_us=279990 compute_total_us=198869 compute_max_us=6815 present_total_us=70570 present_max_us=8636 tick_max_us=8460 producer_failures=0 presentation_failures=0
[21:24:58] TINYDRAW_LIVE_FILL_DONE zoom=50 x=0 y=0 revision=4397
[21:24:59] TINYDRAW_LIVE_PRESENT kind=zoom zoom=100 x=184 y=186 compose_us=11362 scroll_us=0 exposed_compose_us=0 chrome_us=6780 chrome_prepare_us=2395 chrome_stage_us=4385 read_submit_us=14046 read_complete_us=17667 transfer_wait_us=20955 tile_pixels=0 uniform_pixels=0 overview_pixels=0 fallback_pixels=164864 resident_tiles=0 fallback_tiles=56 pushes=11 tear_wait_us=153 tear_edge_isr_to_resume_us=13 tear_edge_observed=1 tear_edge_wait_resumed=1 tear_edge_timeout=0 tear_heal_attempted=0 tear_heal_command_sent=0 presentation_experiment=boundary-top-sweep te_edge=rising requested_clock_mhz=50 effective_clock_mhz=40 frame_reused=0 pass=1
[21:24:59] TINYDRAW_FILL_BASELINE result=complete zoom=100 x=184 y=186 revision=4397 steps=67 wall_us=315798 compute_total_us=225998 compute_max_us=6742 present_total_us=75498 present_max_us=9626 tick_max_us=6971 producer_failures=0 presentation_failures=0
[21:24:59] TINYDRAW_LIVE_FILL_DONE zoom=100 x=184 y=186 revision=4397
[21:25:01] TINYDRAW_LIVE_REPAIR views=24 steps=385
[21:25:03] TINYDRAW_LIVE_PRESENT kind=chrome zoom=100 x=184 y=186 compose_us=18028 scroll_us=0 exposed_compose_us=0 chrome_us=8503 chrome_prepare_us=8 chrome_stage_us=8495 read_submit_us=33412 read_complete_us=36542 transfer_wait_us=24554 tile_pixels=164864 uniform_pixels=0 overview_pixels=0 fallback_pixels=0 resident_tiles=56 fallback_tiles=0 pushes=11 tear_wait_us=15292 tear_edge_isr_to_resume_us=10 tear_edge_observed=1 tear_edge_wait_resumed=1 tear_edge_timeout=0 tear_heal_attempted=0 tear_heal_command_sent=0 presentation_experiment=boundary-top-sweep te_edge=rising requested_clock_mhz=50 effective_clock_mhz=40 frame_reused=0 pass=1
[21:25:04] TINYDRAW_LIVE_PRESENT kind=chrome zoom=100 x=184 y=186 compose_us=17889 scroll_us=0 exposed_compose_us=0 chrome_us=8690 chrome_prepare_us=4248 chrome_stage_us=4442 read_submit_us=38352 read_complete_us=41961 transfer_wait_us=20607 tile_pixels=164864 uniform_pixels=0 overview_pixels=0 fallback_pixels=0 resident_tiles=56 fallback_tiles=0 pushes=11 tear_wait_us=16131 tear_edge_isr_to_resume_us=11 tear_edge_observed=1 tear_edge_wait_resumed=1 tear_edge_timeout=0 tear_heal_attempted=0 tear_heal_command_sent=0 presentation_experiment=boundary-top-sweep te_edge=rising requested_clock_mhz=50 effective_clock_mhz=40 frame_reused=0 pass=1
[21:25:10] TINYDRAW_PAN_BASELINE zoom=100 x=234 y=428 frames=129 reused=84 compose_avg_us=11428 compose_max_us=19448 present_avg_us=17660 present_max_us=20880 tear_wait_avg_us=9035 tear_wait_max_us=16387 failures=0
[21:25:10] TINYDRAW_FILL_BASELINE result=complete zoom=100 x=234 y=428 revision=4397 steps=1 wall_us=428 compute_total_us=377 compute_max_us=377 present_total_us=0 present_max_us=0 tick_max_us=389 producer_failures=0 presentation_failures=0
[21:25:10] TINYDRAW_LIVE_FILL_DONE zoom=100 x=234 y=428 revision=4397
[21:25:10] TINYDRAW_PAN_BASELINE zoom=100 x=426 y=640 frames=4 reused=3 compose_avg_us=8485 compose_max_us=17770 present_avg_us=17114 present_max_us=20332 tear_wait_avg_us=10762 tear_wait_max_us=16508 failures=0
[21:25:11] TINYDRAW_PAN_BASELINE zoom=100 x=574 y=880 frames=4 reused=3 compose_avg_us=5747 compose_max_us=13217 present_avg_us=17302 present_max_us=20209 tear_wait_avg_us=8317 tear_wait_max_us=14093 failures=0
[21:25:11] TINYDRAW_FILL_BASELINE result=superseded zoom=100 x=426 y=640 revision=4397 steps=16 wall_us=252921 compute_total_us=44623 compute_max_us=4525 present_total_us=55028 present_max_us=46079 tick_max_us=5935 producer_failures=0 presentation_failures=0
[21:25:16] TINYDRAW_PAN_BASELINE zoom=100 x=730 y=1012 frames=159 reused=131 compose_avg_us=7750 compose_max_us=17588 present_avg_us=16867 present_max_us=21021 tear_wait_avg_us=8278 tear_wait_max_us=16719 failures=0
[21:25:16] TINYDRAW_FILL_BASELINE result=superseded zoom=100 x=574 y=880 revision=4397 steps=16 wall_us=5713848 compute_total_us=51761 compute_max_us=5130 present_total_us=58204 present_max_us=42488 tick_max_us=6939 producer_failures=0 presentation_failures=0
[21:25:17] TINYDRAW_PAN_BASELINE zoom=100 x=856 y=1176 frames=5 reused=5 compose_avg_us=4747 compose_max_us=12295 present_avg_us=12903 present_max_us=16562 tear_wait_avg_us=5662 tear_wait_max_us=13621 failures=0
[21:25:17] TINYDRAW_FILL_BASELINE result=superseded zoom=100 x=730 y=1012 revision=4397 steps=26 wall_us=330958 compute_total_us=85255 compute_max_us=7245 present_total_us=84048 present_max_us=46854 tick_max_us=7258 producer_failures=0 presentation_failures=0
[21:25:17] TINYDRAW_FILL_BASELINE result=complete zoom=100 x=856 y=1176 revision=4397 steps=13 wall_us=129557 compute_total_us=40452 compute_max_us=7382 present_total_us=83243 present_max_us=40885 tick_max_us=7402 producer_failures=0 presentation_failures=0
[21:25:17] TINYDRAW_LIVE_FILL_DONE zoom=100 x=856 y=1176 revision=4397
[21:25:17] TINYDRAW_PAN_BASELINE zoom=100 x=978 y=1344 frames=3 reused=3 compose_avg_us=6865 compose_max_us=10636 present_avg_us=16149 present_max_us=16487 tear_wait_avg_us=7531 tear_wait_max_us=11006 failures=0
[21:25:17] TINYDRAW_FILL_BASELINE result=complete zoom=100 x=978 y=1344 revision=4397 steps=10 wall_us=85281 compute_total_us=10186 compute_max_us=2583 present_total_us=69429 present_max_us=43828 tick_max_us=2615 producer_failures=0 presentation_failures=0
[21:25:17] TINYDRAW_LIVE_FILL_DONE zoom=100 x=978 y=1344 revision=4397
[21:25:17] TINYDRAW_PAN_BASELINE zoom=100 x=1020 y=1344 frames=5 reused=5 compose_avg_us=726 compose_max_us=1644 present_avg_us=9669 present_max_us=16482 tear_wait_avg_us=6740 tear_wait_max_us=14505 failures=0
[21:25:17] TINYDRAW_FILL_BASELINE result=complete zoom=100 x=1020 y=1344 revision=4397 steps=1 wall_us=314 compute_total_us=277 compute_max_us=277 present_total_us=0 present_max_us=0 tick_max_us=288 producer_failures=0 presentation_failures=0
[21:25:18] TINYDRAW_LIVE_FILL_DONE zoom=100 x=1020 y=1344 revision=4397
[21:25:18] TINYDRAW_LIVE_REPAIR views=22 steps=10
[21:25:20] TINYDRAW_LIVE_PRESENT kind=chrome zoom=100 x=1020 y=1344 compose_us=10134 scroll_us=0 exposed_compose_us=0 chrome_us=8694 chrome_prepare_us=8 chrome_stage_us=8686 read_submit_us=19273 read_complete_us=22583 transfer_wait_us=25685 tile_pixels=4608 uniform_pixels=160256 overview_pixels=0 fallback_pixels=0 resident_tiles=49 fallback_tiles=0 pushes=11 tear_wait_us=9050 tear_edge_isr_to_resume_us=10 tear_edge_observed=1 tear_edge_wait_resumed=1 tear_edge_timeout=0 tear_heal_attempted=0 tear_heal_command_sent=0 presentation_experiment=boundary-top-sweep te_edge=rising requested_clock_mhz=50 effective_clock_mhz=40 frame_reused=0 pass=1
[21:25:20] TINYDRAW_LIVE_PRESENT kind=chrome zoom=100 x=1020 y=1344 compose_us=9996 scroll_us=0 exposed_compose_us=0 chrome_us=8678 chrome_prepare_us=9 chrome_stage_us=8669 read_submit_us=20240 read_complete_us=23560 transfer_wait_us=25721 tile_pixels=4608 uniform_pixels=160256 overview_pixels=0 fallback_pixels=0 resident_tiles=49 fallback_tiles=0 pushes=11 tear_wait_us=10153 tear_edge_isr_to_resume_us=9 tear_edge_observed=1 tear_edge_wait_resumed=1 tear_edge_timeout=0 tear_heal_attempted=0 tear_heal_command_sent=0 presentation_experiment=boundary-top-sweep te_edge=rising requested_clock_mhz=50 effective_clock_mhz=40 frame_reused=0 pass=1
[21:25:22] TINYDRAW_LIVE_PRESENT kind=chrome zoom=100 x=1020 y=1344 compose_us=9981 scroll_us=0 exposed_compose_us=0 chrome_us=4407 chrome_prepare_us=26 chrome_stage_us=4381 read_submit_us=16881 read_complete_us=20478 transfer_wait_us=21077 tile_pixels=4608 uniform_pixels=160256 overview_pixels=0 fallback_pixels=0 resident_tiles=49 fallback_tiles=0 pushes=11 tear_wait_us=6791 tear_edge_isr_to_resume_us=9 tear_edge_observed=1 tear_edge_wait_resumed=1 tear_edge_timeout=0 tear_heal_attempted=0 tear_heal_command_sent=0 presentation_experiment=boundary-top-sweep te_edge=rising requested_clock_mhz=50 effective_clock_mhz=40 frame_reused=0 pass=1
[21:25:22] TINYDRAW_LIVE_PRESENT kind=power zoom=100 x=1020 y=1344 compose_us=9919 scroll_us=0 exposed_compose_us=0 chrome_us=4436 chrome_prepare_us=44 chrome_stage_us=4392 read_submit_us=10979 read_complete_us=14592 transfer_wait_us=21022 tile_pixels=4608 uniform_pixels=160256 overview_pixels=0 fallback_pixels=0 resident_tiles=49 fallback_tiles=0 pushes=11 tear_wait_us=368 tear_edge_isr_to_resume_us=11 tear_edge_observed=1 tear_edge_wait_resumed=1 tear_edge_timeout=0 tear_heal_attempted=0 tear_heal_command_sent=0 presentation_experiment=boundary-top-sweep te_edge=rising requested_clock_mhz=50 effective_clock_mhz=40 frame_reused=0 pass=1
[21:25:22] TINYDRAW_LIVE_PRESENT kind=zoom-ui zoom=50 x=368 y=448 compose_us=14716 scroll_us=0 exposed_compose_us=0 chrome_us=6931 chrome_prepare_us=2298 chrome_stage_us=4633 read_submit_us=30670 read_complete_us=34255 transfer_wait_us=20291 tile_pixels=6144 uniform_pixels=1024 overview_pixels=0 fallback_pixels=157696 resident_tiles=7 fallback_tiles=42 pushes=11 tear_wait_us=13545 tear_edge_isr_to_resume_us=13 tear_edge_observed=1 tear_edge_wait_resumed=1 tear_edge_timeout=0 tear_heal_attempted=0 tear_heal_command_sent=0 presentation_experiment=boundary-top-sweep te_edge=rising requested_clock_mhz=50 effective_clock_mhz=40 frame_reused=0 pass=1
[21:25:23] TINYDRAW_FILL_BASELINE result=complete zoom=50 x=368 y=448 revision=4397 steps=31 wall_us=180114 compute_total_us=101117 compute_max_us=8376 present_total_us=68438 present_max_us=8462 tick_max_us=8391 producer_failures=0 presentation_failures=0
[21:25:23] TINYDRAW_LIVE_FILL_DONE zoom=50 x=368 y=448 revision=4397
[21:25:23] TINYDRAW_LIVE_REPAIR views=6 steps=70
[21:25:24] TINYDRAW_LIVE_PRESENT kind=chrome zoom=50 x=368 y=448 compose_us=13253 scroll_us=0 exposed_compose_us=0 chrome_us=8697 chrome_prepare_us=7 chrome_stage_us=8690 read_submit_us=27253 read_complete_us=30570 transfer_wait_us=25706 tile_pixels=75776 uniform_pixels=89088 overview_pixels=0 fallback_pixels=0 resident_tiles=49 fallback_tiles=0 pushes=11 tear_wait_us=13912 tear_edge_isr_to_resume_us=10 tear_edge_observed=1 tear_edge_wait_resumed=1 tear_edge_timeout=0 tear_heal_attempted=0 tear_heal_command_sent=0 presentation_experiment=boundary-top-sweep te_edge=rising requested_clock_mhz=50 effective_clock_mhz=40 frame_reused=0 pass=1
[21:25:25] TINYDRAW_LIVE_PRESENT kind=chrome zoom=50 x=368 y=448 compose_us=13187 scroll_us=0 exposed_compose_us=0 chrome_us=7671 chrome_prepare_us=8 chrome_stage_us=7663 read_submit_us=23773 read_complete_us=27113 transfer_wait_us=24185 tile_pixels=75776 uniform_pixels=89088 overview_pixels=0 fallback_pixels=0 resident_tiles=49 fallback_tiles=0 pushes=11 tear_wait_us=10493 tear_edge_isr_to_resume_us=8 tear_edge_observed=1 tear_edge_wait_resumed=1 tear_edge_timeout=0 tear_heal_attempted=0 tear_heal_command_sent=0 presentation_experiment=boundary-top-sweep te_edge=rising requested_clock_mhz=50 effective_clock_mhz=40 frame_reused=0 pass=1
[21:25:26] TINYDRAW_LIVE_PRESENT kind=chrome zoom=50 x=368 y=448 compose_us=13181 scroll_us=0 exposed_compose_us=0 chrome_us=4689 chrome_prepare_us=26 chrome_stage_us=4663 read_submit_us=28291 read_complete_us=31888 transfer_wait_us=20667 tile_pixels=75776 uniform_pixels=89088 overview_pixels=0 fallback_pixels=0 resident_tiles=49 fallback_tiles=0 pushes=11 tear_wait_us=15000 tear_edge_isr_to_resume_us=9 tear_edge_observed=1 tear_edge_wait_resumed=1 tear_edge_timeout=0 tear_heal_attempted=0 tear_heal_command_sent=0 presentation_experiment=boundary-top-sweep te_edge=rising requested_clock_mhz=50 effective_clock_mhz=40 frame_reused=0 pass=1
[21:25:27] TINYDRAW_LIVE_PRESENT kind=chrome zoom=50 x=368 y=448 compose_us=13180 scroll_us=0 exposed_compose_us=0 chrome_us=81888 chrome_prepare_us=9 chrome_stage_us=81879 read_submit_us=19972 read_complete_us=32096 transfer_wait_us=95989 tile_pixels=75776 uniform_pixels=89088 overview_pixels=0 fallback_pixels=0 resident_tiles=49 fallback_tiles=0 pushes=11 tear_wait_us=6696 tear_edge_isr_to_resume_us=8 tear_edge_observed=1 tear_edge_wait_resumed=1 tear_edge_timeout=0 tear_heal_attempted=0 tear_heal_command_sent=0 presentation_experiment=boundary-top-sweep te_edge=rising requested_clock_mhz=50 effective_clock_mhz=40 frame_reused=0 pass=1
[21:25:29] TINYDRAW_LIVE_PRESENT kind=chrome zoom=50 x=368 y=448 compose_us=13190 scroll_us=0 exposed_compose_us=0 chrome_us=9051 chrome_prepare_us=4385 chrome_stage_us=4666 read_submit_us=33295 read_complete_us=36915 transfer_wait_us=20656 tile_pixels=75776 uniform_pixels=89088 overview_pixels=0 fallback_pixels=0 resident_tiles=49 fallback_tiles=0 pushes=11 tear_wait_us=15638 tear_edge_isr_to_resume_us=10 tear_edge_observed=1 tear_edge_wait_resumed=1 tear_edge_timeout=0 tear_heal_attempted=0 tear_heal_command_sent=0 presentation_experiment=boundary-top-sweep te_edge=rising requested_clock_mhz=50 effective_clock_mhz=40 frame_reused=0 pass=1
[21:25:29] TINYDRAW_LIVE_PRESENT kind=chrome zoom=50 x=368 y=448 compose_us=13200 scroll_us=0 exposed_compose_us=0 chrome_us=7549 chrome_prepare_us=9 chrome_stage_us=7540 read_submit_us=22466 read_complete_us=25788 transfer_wait_us=24495 tile_pixels=75776 uniform_pixels=89088 overview_pixels=0 fallback_pixels=0 resident_tiles=49 fallback_tiles=0 pushes=11 tear_wait_us=9176 tear_edge_isr_to_resume_us=10 tear_edge_observed=1 tear_edge_wait_resumed=1 tear_edge_timeout=0 tear_heal_attempted=0 tear_heal_command_sent=0 presentation_experiment=boundary-top-sweep te_edge=rising requested_clock_mhz=50 effective_clock_mhz=40 frame_reused=0 pass=1
[21:25:30] TINYDRAW_LIVE_PRESENT kind=chrome zoom=50 x=368 y=448 compose_us=13149 scroll_us=0 exposed_compose_us=0 chrome_us=9272 chrome_prepare_us=4645 chrome_stage_us=4627 read_submit_us=32900 read_complete_us=36498 transfer_wait_us=21060 tile_pixels=75776 uniform_pixels=89088 overview_pixels=0 fallback_pixels=0 resident_tiles=49 fallback_tiles=0 pushes=11 tear_wait_us=15022 tear_edge_isr_to_resume_us=8 tear_edge_observed=1 tear_edge_wait_resumed=1 tear_edge_timeout=0 tear_heal_attempted=0 tear_heal_command_sent=0 presentation_experiment=boundary-top-sweep te_edge=rising requested_clock_mhz=50 effective_clock_mhz=40 frame_reused=0 pass=1
[21:25:40] TINYDRAW_LIVE_STROKE revision=4397 operations=53 samples=1647 append_us=2622 append_max_us=135 refresh_compose_us=0 refresh_complete_us=0 ink_samples=624 read_submit_avg_us=2100 read_submit_max_us=3736 read_complete_avg_us=3448 read_complete_max_us=6609 submit_over_16ms=0 complete_over_33ms=0 presentation_failures=0 poll_max_us=184004 touch_errors=0 touch_overflows=0 touch_moves_coalesced=16737 touch_events=4259 touch_down=25 touch_up=25 touch_events_ge_8ms=14 touch_event_age_max_us=66212 chunks=21 ph_prepare_max_us=82 ph_overview_max_us=0 ph_enumerate_max_us=0 ph_uniform_max_us=0 ph_raw_max_us=0 ph_offscreen_max_us=0 ph_commit_max_us=0 drop_uni_slot=0 drop_uni_paint=0 drop_raw_edit=0 drop_raw_paint=0 off_skip=0 free_psram=1859920 largest_psram=1835008 authority_match=0
[21:25:40] TINYDRAW_LIVE_STROKE_DONE committed=1 refresh=1 commit_failed=0
[21:25:40] TINYDRAW_LIFT_BASELINE id=5 finish_preview_us=2012 builder_finish_us=55 append_us=2622 append_max_us=135 refresh_wall_us=15 refresh_x0=466 refresh_y0=508 refresh_x1=711 refresh_y1=876 refresh_compose_us=0 refresh_first_submit_us=0 refresh_first_complete_us=0 refresh_transfer_wait_us=0 stroke_logging_us=0 detected_to_poll_start_us=34005 detected_to_poll_complete_us=34018 poll_read_us=13 unattributed_tail_us=29301 reports_dropped=0 chunks=21 committed=1 refresh=1 commit_failed=0
[21:25:40] TINYDRAW_LIVE_DRAIN ops=21 total_us=474679 max_us=30433 failures=0 swap_wall_us=51056 swap_pass=1
[21:25:40] TINYDRAW_FILL_BASELINE result=complete zoom=50 x=368 y=448 revision=4418 steps=1 wall_us=389 compute_total_us=354 compute_max_us=354 present_total_us=0 present_max_us=0 tick_max_us=365 producer_failures=0 presentation_failures=0
[21:25:40] TINYDRAW_LIVE_FILL_DONE zoom=50 x=368 y=448 revision=4418
[21:25:41] TINYDRAW_LIVE_REPAIR views=6 steps=92
[21:25:44] TINYDRAW_LIVE_PRESENT kind=zoom zoom=100 x=920 y=1082 compose_us=12322 scroll_us=0 exposed_compose_us=0 chrome_us=6740 chrome_prepare_us=2366 chrome_stage_us=4374 read_submit_us=26858 read_complete_us=30384 transfer_wait_us=20143 tile_pixels=33024 uniform_pixels=27984 overview_pixels=0 fallback_pixels=103856 resident_tiles=18 fallback_tiles=38 pushes=11 tear_wait_us=12055 tear_edge_isr_to_resume_us=12 tear_edge_observed=1 tear_edge_wait_resumed=1 tear_edge_timeout=0 tear_heal_attempted=0 tear_heal_command_sent=0 presentation_experiment=boundary-top-sweep te_edge=rising requested_clock_mhz=50 effective_clock_mhz=40 frame_reused=0 pass=1
[21:25:44] TINYDRAW_FILL_BASELINE result=complete zoom=100 x=920 y=1082 revision=4418 steps=56 wall_us=309937 compute_total_us=238698 compute_max_us=10249 present_total_us=58018 present_max_us=8594 tick_max_us=10268 producer_failures=0 presentation_failures=0
[21:25:44] TINYDRAW_LIVE_FILL_DONE zoom=100 x=920 y=1082 revision=4418
[21:25:44] TINYDRAW_LIVE_REPAIR views=24 steps=74
[21:25:44] TINYDRAW_LIVE_PRESENT kind=zoom zoom=200 x=2024 y=2350 compose_us=12808 scroll_us=0 exposed_compose_us=0 chrome_us=6657 chrome_prepare_us=2349 chrome_stage_us=4308 read_submit_us=29383 read_complete_us=33015 transfer_wait_us=20618 tile_pixels=0 uniform_pixels=0 overview_pixels=0 fallback_pixels=164864 resident_tiles=0 fallback_tiles=56 pushes=11 tear_wait_us=14112 tear_edge_isr_to_resume_us=12 tear_edge_observed=1 tear_edge_wait_resumed=1 tear_edge_timeout=0 tear_heal_attempted=0 tear_heal_command_sent=0 presentation_experiment=boundary-top-sweep te_edge=rising requested_clock_mhz=50 effective_clock_mhz=40 frame_reused=0 pass=1
[21:25:45] TINYDRAW_FILL_BASELINE result=complete zoom=200 x=2024 y=2350 revision=4418 steps=47 wall_us=316370 compute_total_us=232322 compute_max_us=10233 present_total_us=71196 present_max_us=8986 tick_max_us=10252 producer_failures=0 presentation_failures=0
[21:25:45] TINYDRAW_LIVE_FILL_DONE zoom=200 x=2024 y=2350 revision=4418
[21:25:46] TINYDRAW_LIVE_REPAIR views=8 steps=244
[21:25:49] TINYDRAW_LIVE_PRESENT kind=zoom-ui zoom=100 x=920 y=1082 compose_us=15645 scroll_us=0 exposed_compose_us=0 chrome_us=6772 chrome_prepare_us=2338 chrome_stage_us=4434 read_submit_us=22362 read_complete_us=25924 transfer_wait_us=20596 tile_pixels=119088 uniform_pixels=45776 overview_pixels=0 fallback_pixels=0 resident_tiles=56 fallback_tiles=0 pushes=11 tear_wait_us=4266 tear_edge_isr_to_resume_us=13 tear_edge_observed=1 tear_edge_wait_resumed=1 tear_edge_timeout=0 tear_heal_attempted=0 tear_heal_command_sent=0 presentation_experiment=boundary-top-sweep te_edge=rising requested_clock_mhz=50 effective_clock_mhz=40 frame_reused=0 pass=1
[21:25:49] TINYDRAW_FILL_BASELINE result=complete zoom=100 x=920 y=1082 revision=4418 steps=1 wall_us=441 compute_total_us=397 compute_max_us=397 present_total_us=0 present_max_us=0 tick_max_us=407 producer_failures=0 presentation_failures=0
[21:25:49] TINYDRAW_LIVE_FILL_DONE zoom=100 x=920 y=1082 revision=4418
[21:25:49] TINYDRAW_LIVE_REPAIR views=24 steps=19
[21:25:51] TINYDRAW_LIVE_PRESENT kind=chrome zoom=100 x=920 y=1082 compose_us=15625 scroll_us=0 exposed_compose_us=0 chrome_us=9038 chrome_prepare_us=8 chrome_stage_us=9030 read_submit_us=18665 read_complete_us=21908 transfer_wait_us=25294 tile_pixels=119088 uniform_pixels=45776 overview_pixels=0 fallback_pixels=0 resident_tiles=56 fallback_tiles=0 pushes=11 tear_wait_us=2951 tear_edge_isr_to_resume_us=9 tear_edge_observed=1 tear_edge_wait_resumed=1 tear_edge_timeout=0 tear_heal_attempted=0 tear_heal_command_sent=0 presentation_experiment=boundary-top-sweep te_edge=rising requested_clock_mhz=50 effective_clock_mhz=40 frame_reused=0 pass=1
[21:25:52] TINYDRAW_LIVE_PRESENT kind=chrome zoom=100 x=920 y=1082 compose_us=15494 scroll_us=0 exposed_compose_us=0 chrome_us=8992 chrome_prepare_us=4589 chrome_stage_us=4403 read_submit_us=27545 read_complete_us=31158 transfer_wait_us=20417 tile_pixels=119088 uniform_pixels=45776 overview_pixels=0 fallback_pixels=0 resident_tiles=56 fallback_tiles=0 pushes=11 tear_wait_us=7371 tear_edge_isr_to_resume_us=11 tear_edge_observed=1 tear_edge_wait_resumed=1 tear_edge_timeout=0 tear_heal_attempted=0 tear_heal_command_sent=0 presentation_experiment=boundary-top-sweep te_edge=rising requested_clock_mhz=50 effective_clock_mhz=40 frame_reused=0 pass=1
[21:25:52] TINYDRAW_LIVE_PRESENT kind=power zoom=100 x=920 y=1082 compose_us=15438 scroll_us=0 exposed_compose_us=0 chrome_us=4406 chrome_prepare_us=26 chrome_stage_us=4380 read_submit_us=16639 read_complete_us=20174 transfer_wait_us=20362 tile_pixels=119088 uniform_pixels=45776 overview_pixels=0 fallback_pixels=0 resident_tiles=56 fallback_tiles=0 pushes=11 tear_wait_us=526 tear_edge_isr_to_resume_us=9 tear_edge_observed=1 tear_edge_wait_resumed=1 tear_edge_timeout=0 tear_heal_attempted=0 tear_heal_command_sent=0 presentation_experiment=boundary-top-sweep te_edge=rising requested_clock_mhz=50 effective_clock_mhz=40 frame_reused=0 pass=1
[21:25:52] TINYDRAW_PAN_BASELINE zoom=100 x=674 y=1308 frames=6 reused=4 compose_avg_us=6743 compose_max_us=16426 present_avg_us=17734 present_max_us=20777 tear_wait_avg_us=10213 tear_wait_max_us=16325 failures=0
[21:25:52] TINYDRAW_FILL_BASELINE result=complete zoom=100 x=674 y=1308 revision=4418 steps=2 wall_us=53164 compute_total_us=7796 compute_max_us=4178 present_total_us=42957 present_max_us=40825 tick_max_us=4197 producer_failures=0 presentation_failures=0
[21:25:52] TINYDRAW_LIVE_FILL_DONE zoom=100 x=674 y=1308 revision=4418
[21:25:53] TINYDRAW_PAN_BASELINE zoom=100 x=416 y=1344 frames=4 reused=3 compose_avg_us=6866 compose_max_us=14690 present_avg_us=17443 present_max_us=20834 tear_wait_avg_us=7054 tear_wait_max_us=13856 failures=0
[21:25:53] TINYDRAW_FILL_BASELINE result=complete zoom=100 x=416 y=1344 revision=4418 steps=1 wall_us=294 compute_total_us=257 compute_max_us=257 present_total_us=0 present_max_us=0 tick_max_us=268 producer_failures=0 presentation_failures=0
[21:25:53] TINYDRAW_LIVE_FILL_DONE zoom=100 x=416 y=1344 revision=4418
[21:25:53] TINYDRAW_PAN_BASELINE zoom=100 x=138 y=1344 frames=6 reused=4 compose_avg_us=5200 compose_max_us=14150 present_avg_us=14958 present_max_us=21052 tear_wait_avg_us=7392 tear_wait_max_us=14039 failures=0
[21:25:53] TINYDRAW_FILL_BASELINE result=complete zoom=100 x=138 y=1344 revision=4418 steps=1 wall_us=278 compute_total_us=240 compute_max_us=240 present_total_us=0 present_max_us=0 tick_max_us=251 producer_failures=0 presentation_failures=0
[21:25:53] TINYDRAW_LIVE_FILL_DONE zoom=100 x=138 y=1344 revision=4418
[21:25:53] TINYDRAW_PAN_BASELINE zoom=100 x=0 y=1344 frames=5 reused=5 compose_avg_us=2263 compose_max_us=5226 present_avg_us=9721 present_max_us=16536 tear_wait_avg_us=6551 tear_wait_max_us=12533 failures=0
[21:25:53] TINYDRAW_FILL_BASELINE result=complete zoom=100 x=0 y=1344 revision=4418 steps=1 wall_us=458 compute_total_us=420 compute_max_us=420 present_total_us=0 present_max_us=0 tick_max_us=432 producer_failures=0 presentation_failures=0
[21:25:53] TINYDRAW_LIVE_FILL_DONE zoom=100 x=0 y=1344 revision=4418
[21:25:53] TINYDRAW_LIVE_REPAIR views=19 steps=30
[21:25:54] TINYDRAW_PAN_BASELINE zoom=100 x=0 y=1344 frames=8 reused=8 compose_avg_us=0 compose_max_us=0 present_avg_us=0 present_max_us=0 tear_wait_avg_us=0 tear_wait_max_us=0 failures=0
[21:25:56] TINYDRAW_PAN_BASELINE zoom=100 x=252 y=1306 frames=7 reused=6 compose_avg_us=4532 compose_max_us=15169 present_avg_us=14432 present_max_us=20098 tear_wait_avg_us=9354 tear_wait_max_us=16546 failures=0
[21:25:56] TINYDRAW_FILL_BASELINE result=complete zoom=100 x=252 y=1306 revision=4418 steps=1 wall_us=449 compute_total_us=410 compute_max_us=410 present_total_us=0 present_max_us=0 tick_max_us=423 producer_failures=0 presentation_failures=0
[21:25:56] TINYDRAW_LIVE_FILL_DONE zoom=100 x=252 y=1306 revision=4418
[21:25:56] TINYDRAW_LIVE_REPAIR views=24 steps=35
[21:25:58] TINYDRAW_PAN_BASELINE zoom=100 x=402 y=1344 frames=21 reused=21 compose_avg_us=3623 compose_max_us=12964 present_avg_us=16205 present_max_us=16728 tear_wait_avg_us=10859 tear_wait_max_us=14814 failures=0
[21:25:58] TINYDRAW_FILL_BASELINE result=complete zoom=100 x=402 y=1344 revision=4418 steps=1 wall_us=410 compute_total_us=372 compute_max_us=372 present_total_us=0 present_max_us=0 tick_max_us=384 producer_failures=0 presentation_failures=0
[21:25:58] TINYDRAW_LIVE_FILL_DONE zoom=100 x=402 y=1344 revision=4418
[21:25:58] TINYDRAW_LIVE_REPAIR views=23 steps=29
[21:25:59] TINYDRAW_PAN_BASELINE zoom=100 x=690 y=1338 frames=10 reused=10 compose_avg_us=3208 compose_max_us=8962 present_avg_us=14619 present_max_us=16704 tear_wait_avg_us=10166 tear_wait_max_us=14205 failures=0
[21:25:59] TINYDRAW_FILL_BASELINE result=complete zoom=100 x=690 y=1338 revision=4418 steps=1 wall_us=437 compute_total_us=399 compute_max_us=399 present_total_us=0 present_max_us=0 tick_max_us=411 producer_failures=0 presentation_failures=0
[21:25:59] TINYDRAW_LIVE_FILL_DONE zoom=100 x=690 y=1338 revision=4418
[21:25:59] TINYDRAW_LIVE_REPAIR views=24 steps=41
[21:26:00] TINYDRAW_PAN_BASELINE zoom=100 x=952 y=1266 frames=12 reused=12 compose_avg_us=2712 compose_max_us=7454 present_avg_us=13412 present_max_us=16498 tear_wait_avg_us=9280 tear_wait_max_us=14424 failures=0
[21:26:00] TINYDRAW_FILL_BASELINE result=complete zoom=100 x=952 y=1266 revision=4418 steps=1 wall_us=450 compute_total_us=412 compute_max_us=412 present_total_us=0 present_max_us=0 tick_max_us=424 producer_failures=0 presentation_failures=0
[21:26:00] TINYDRAW_LIVE_FILL_DONE zoom=100 x=952 y=1266 revision=4418
[21:26:00] TINYDRAW_LIVE_REPAIR views=24 steps=20
[21:26:03] TINYDRAW_PAN_BASELINE zoom=100 x=886 y=1266 frames=25 reused=25 compose_avg_us=1901 compose_max_us=4963 present_avg_us=15530 present_max_us=16685 tear_wait_avg_us=12769 tear_wait_max_us=15216 failures=0
[21:26:03] TINYDRAW_FILL_BASELINE result=complete zoom=100 x=886 y=1266 revision=4418 steps=1 wall_us=441 compute_total_us=403 compute_max_us=403 present_total_us=0 present_max_us=0 tick_max_us=415 producer_failures=0 presentation_failures=0
[21:26:04] TINYDRAW_LIVE_FILL_DONE zoom=100 x=886 y=1266 revision=4418
[21:26:04] TINYDRAW_LIVE_REPAIR views=24 steps=13
[21:26:06] TINYDRAW_PAN_BASELINE zoom=100 x=970 y=1300 frames=21 reused=21 compose_avg_us=1388 compose_max_us=4705 present_avg_us=13883 present_max_us=16665 tear_wait_avg_us=11388 tear_wait_max_us=15068 failures=0
[21:26:06] TINYDRAW_FILL_BASELINE result=complete zoom=100 x=970 y=1300 revision=4418 steps=1 wall_us=412 compute_total_us=374 compute_max_us=374 present_total_us=0 present_max_us=0 tick_max_us=386 producer_failures=0 presentation_failures=0
[21:26:06] TINYDRAW_LIVE_FILL_DONE zoom=100 x=970 y=1300 revision=4418
[21:26:06] TINYDRAW_LIVE_REPAIR views=24 steps=8
[21:26:22] TINYDRAW_LIVE_PRESENT kind=power zoom=100 x=970 y=1300 compose_us=13526 scroll_us=0 exposed_compose_us=0 chrome_us=4391 chrome_prepare_us=27 chrome_stage_us=4364 read_submit_us=19575 read_complete_us=23118 transfer_wait_us=20426 tile_pixels=82680 uniform_pixels=82184 overview_pixels=0 fallback_pixels=0 resident_tiles=48 fallback_tiles=0 pushes=11 tear_wait_us=5391 tear_edge_isr_to_resume_us=11 tear_edge_observed=1 tear_edge_wait_resumed=1 tear_edge_timeout=0 tear_heal_attempted=0 tear_heal_command_sent=0 presentation_experiment=boundary-top-sweep te_edge=rising requested_clock_mhz=50 effective_clock_mhz=40 frame_reused=0 pass=1
[21:26:30] TINYDRAW_LIVE_PRESENT kind=chrome zoom=100 x=970 y=1300 compose_us=13571 scroll_us=0 exposed_compose_us=0 chrome_us=8463 chrome_prepare_us=9 chrome_stage_us=8454 read_submit_us=23981 read_complete_us=27231 transfer_wait_us=24977 tile_pixels=82680 uniform_pixels=82184 overview_pixels=0 fallback_pixels=0 resident_tiles=48 fallback_tiles=0 pushes=11 tear_wait_us=10311 tear_edge_isr_to_resume_us=9 tear_edge_observed=1 tear_edge_wait_resumed=1 tear_edge_timeout=0 tear_heal_attempted=0 tear_heal_command_sent=0 presentation_experiment=boundary-top-sweep te_edge=rising requested_clock_mhz=50 effective_clock_mhz=40 frame_reused=0 pass=1
[21:26:30] TINYDRAW_LIVE_PRESENT kind=chrome zoom=100 x=970 y=1300 compose_us=13528 scroll_us=0 exposed_compose_us=0 chrome_us=4428 chrome_prepare_us=26 chrome_stage_us=4402 read_submit_us=23622 read_complete_us=27166 transfer_wait_us=20336 tile_pixels=82680 uniform_pixels=82184 overview_pixels=0 fallback_pixels=0 resident_tiles=48 fallback_tiles=0 pushes=11 tear_wait_us=9984 tear_edge_isr_to_resume_us=8 tear_edge_observed=1 tear_edge_wait_resumed=1 tear_edge_timeout=0 tear_heal_attempted=0 tear_heal_command_sent=0 presentation_experiment=boundary-top-sweep te_edge=rising requested_clock_mhz=50 effective_clock_mhz=40 frame_reused=0 pass=1
[21:26:32] TINYDRAW_LIVE_PRESENT kind=chrome zoom=100 x=970 y=1300 compose_us=13553 scroll_us=0 exposed_compose_us=0 chrome_us=82358 chrome_prepare_us=9 chrome_stage_us=82349 read_submit_us=23376 read_complete_us=35434 transfer_wait_us=96582 tile_pixels=82680 uniform_pixels=82184 overview_pixels=0 fallback_pixels=0 resident_tiles=48 fallback_tiles=0 pushes=11 tear_wait_us=9734 tear_edge_isr_to_resume_us=9 tear_edge_observed=1 tear_edge_wait_resumed=1 tear_edge_timeout=0 tear_heal_attempted=0 tear_heal_command_sent=0 presentation_experiment=boundary-top-sweep te_edge=rising requested_clock_mhz=50 effective_clock_mhz=40 frame_reused=0 pass=1
[21:26:34] TINYDRAW_LIVE_PRESENT kind=chrome zoom=100 x=970 y=1300 compose_us=13553 scroll_us=0 exposed_compose_us=0 chrome_us=8917 chrome_prepare_us=4524 chrome_stage_us=4393 read_submit_us=19361 read_complete_us=22992 transfer_wait_us=20590 tile_pixels=82680 uniform_pixels=82184 overview_pixels=0 fallback_pixels=0 resident_tiles=48 fallback_tiles=0 pushes=11 tear_wait_us=1200 tear_edge_isr_to_resume_us=9 tear_edge_observed=1 tear_edge_wait_resumed=1 tear_edge_timeout=0 tear_heal_attempted=0 tear_heal_command_sent=0 presentation_experiment=boundary-top-sweep te_edge=rising requested_clock_mhz=50 effective_clock_mhz=40 frame_reused=0 pass=1
[21:26:45] TINYDRAW_LIVE_STROKE revision=4418 operations=73 samples=2269 append_us=2458 append_max_us=127 refresh_compose_us=0 refresh_complete_us=0 ink_samples=600 read_submit_avg_us=2080 read_submit_max_us=4466 read_complete_avg_us=3303 read_complete_max_us=7000 submit_over_16ms=0 complete_over_33ms=0 presentation_failures=0 poll_max_us=166004 touch_errors=0 touch_overflows=0 touch_moves_coalesced=9752 touch_events=4804 touch_down=26 touch_up=26 touch_events_ge_8ms=15 touch_event_age_max_us=61269 chunks=20 ph_prepare_max_us=82 ph_overview_max_us=0 ph_enumerate_max_us=0 ph_uniform_max_us=0 ph_raw_max_us=0 ph_offscreen_max_us=0 ph_commit_max_us=0 drop_uni_slot=0 drop_uni_paint=0 drop_raw_edit=0 drop_raw_paint=0 off_skip=0 free_psram=1859920 largest_psram=1835008 authority_match=0
[21:26:45] TINYDRAW_LIVE_STROKE_DONE committed=1 refresh=1 commit_failed=0
[21:26:46] TINYDRAW_LIFT_BASELINE id=6 finish_preview_us=2013 builder_finish_us=55 append_us=2458 append_max_us=127 refresh_wall_us=15 refresh_x0=980 refresh_y0=1311 refresh_x1=1302 refresh_y1=1705 refresh_compose_us=0 refresh_first_submit_us=0 refresh_first_complete_us=0 refresh_transfer_wait_us=0 stroke_logging_us=0 detected_to_poll_start_us=27005 detected_to_poll_complete_us=27018 poll_read_us=13 unattributed_tail_us=22464 reports_dropped=0 chunks=20 committed=1 refresh=1 commit_failed=0
[21:26:46] TINYDRAW_LIVE_DRAIN ops=20 total_us=332197 max_us=22746 failures=0 swap_wall_us=73899 swap_pass=1
[21:26:46] TINYDRAW_FILL_BASELINE result=complete zoom=100 x=970 y=1300 revision=4438 steps=1 wall_us=383 compute_total_us=349 compute_max_us=349 present_total_us=0 present_max_us=0 tick_max_us=359 producer_failures=0 presentation_failures=0
[21:26:46] TINYDRAW_LIVE_FILL_DONE zoom=100 x=970 y=1300 revision=4438
[21:26:46] TINYDRAW_LIVE_REPAIR views=24 steps=73
[21:26:48] TINYDRAW_LIVE_PRESENT kind=chrome zoom=100 x=970 y=1300 compose_us=17683 scroll_us=0 exposed_compose_us=0 chrome_us=82179 chrome_prepare_us=8 chrome_stage_us=82171 read_submit_us=30649 read_complete_us=42668 transfer_wait_us=96311 tile_pixels=156152 uniform_pixels=8712 overview_pixels=0 fallback_pixels=0 resident_tiles=48 fallback_tiles=0 pushes=11 tear_wait_us=12863 tear_edge_isr_to_resume_us=9 tear_edge_observed=1 tear_edge_wait_resumed=1 tear_edge_timeout=0 tear_heal_attempted=0 tear_heal_command_sent=0 presentation_experiment=boundary-top-sweep te_edge=rising requested_clock_mhz=50 effective_clock_mhz=40 frame_reused=0 pass=1
[21:26:49] TINYDRAW_LIVE_PRESENT kind=chrome zoom=100 x=970 y=1300 compose_us=17553 scroll_us=0 exposed_compose_us=0 chrome_us=82212 chrome_prepare_us=8 chrome_stage_us=82204 read_submit_us=18597 read_complete_us=30624 transfer_wait_us=96367 tile_pixels=156152 uniform_pixels=8712 overview_pixels=0 fallback_pixels=0 resident_tiles=48 fallback_tiles=0 pushes=11 tear_wait_us=954 tear_edge_isr_to_resume_us=9 tear_edge_observed=1 tear_edge_wait_resumed=1 tear_edge_timeout=0 tear_heal_attempted=0 tear_heal_command_sent=0 presentation_experiment=boundary-top-sweep te_edge=rising requested_clock_mhz=50 effective_clock_mhz=40 frame_reused=0 pass=1
[21:26:49] TINYDRAW_LIVE_PRESENT kind=chrome zoom=100 x=970 y=1300 compose_us=17524 scroll_us=0 exposed_compose_us=0 chrome_us=4478 chrome_prepare_us=25 chrome_stage_us=4453 read_submit_us=21458 read_complete_us=24966 transfer_wait_us=20506 tile_pixels=156152 uniform_pixels=8712 overview_pixels=0 fallback_pixels=0 resident_tiles=48 fallback_tiles=0 pushes=11 tear_wait_us=3819 tear_edge_isr_to_resume_us=9 tear_edge_observed=1 tear_edge_wait_resumed=1 tear_edge_timeout=0 tear_heal_attempted=0 tear_heal_command_sent=0 presentation_experiment=boundary-top-sweep te_edge=rising requested_clock_mhz=50 effective_clock_mhz=40 frame_reused=0 pass=1
[21:26:50] TINYDRAW_LIVE_PRESENT kind=chrome zoom=100 x=970 y=1300 compose_us=17546 scroll_us=0 exposed_compose_us=0 chrome_us=8887 chrome_prepare_us=8 chrome_stage_us=8879 read_submit_us=17683 read_complete_us=20959 transfer_wait_us=25274 tile_pixels=156152 uniform_pixels=8712 overview_pixels=0 fallback_pixels=0 resident_tiles=48 fallback_tiles=0 pushes=11 tear_wait_us=49 tear_edge_isr_to_resume_us=9 tear_edge_observed=1 tear_edge_wait_resumed=1 tear_edge_timeout=0 tear_heal_attempted=0 tear_heal_command_sent=0 presentation_experiment=boundary-top-sweep te_edge=rising requested_clock_mhz=50 effective_clock_mhz=40 frame_reused=0 pass=1
[21:26:50] TINYDRAW_LIVE_PRESENT kind=chrome zoom=100 x=970 y=1300 compose_us=17520 scroll_us=0 exposed_compose_us=0 chrome_us=8290 chrome_prepare_us=8 chrome_stage_us=8282 read_submit_us=29615 read_complete_us=32858 transfer_wait_us=24343 tile_pixels=156152 uniform_pixels=8712 overview_pixels=0 fallback_pixels=0 resident_tiles=48 fallback_tiles=0 pushes=11 tear_wait_us=11996 tear_edge_isr_to_resume_us=8 tear_edge_observed=1 tear_edge_wait_resumed=1 tear_edge_timeout=0 tear_heal_attempted=0 tear_heal_command_sent=0 presentation_experiment=boundary-top-sweep te_edge=rising requested_clock_mhz=50 effective_clock_mhz=40 frame_reused=0 pass=1
[21:26:51] TINYDRAW_LIVE_PRESENT kind=chrome zoom=100 x=970 y=1300 compose_us=17543 scroll_us=0 exposed_compose_us=0 chrome_us=4429 chrome_prepare_us=25 chrome_stage_us=4404 read_submit_us=32765 read_complete_us=36254 transfer_wait_us=20191 tile_pixels=156152 uniform_pixels=8712 overview_pixels=0 fallback_pixels=0 resident_tiles=48 fallback_tiles=0 pushes=11 tear_wait_us=15114 tear_edge_isr_to_resume_us=9 tear_edge_observed=1 tear_edge_wait_resumed=1 tear_edge_timeout=0 tear_heal_attempted=0 tear_heal_command_sent=0 presentation_experiment=boundary-top-sweep te_edge=rising requested_clock_mhz=50 effective_clock_mhz=40 frame_reused=0 pass=1
[21:26:52] TINYDRAW_LIVE_PRESENT kind=chrome zoom=100 x=970 y=1300 compose_us=17516 scroll_us=0 exposed_compose_us=0 chrome_us=8999 chrome_prepare_us=8 chrome_stage_us=8991 read_submit_us=21532 read_complete_us=24765 transfer_wait_us=25429 tile_pixels=156152 uniform_pixels=8712 overview_pixels=0 fallback_pixels=0 resident_tiles=48 fallback_tiles=0 pushes=11 tear_wait_us=3916 tear_edge_isr_to_resume_us=9 tear_edge_observed=1 tear_edge_wait_resumed=1 tear_edge_timeout=0 tear_heal_attempted=0 tear_heal_command_sent=0 presentation_experiment=boundary-top-sweep te_edge=rising requested_clock_mhz=50 effective_clock_mhz=40 frame_reused=0 pass=1
[21:26:52] TINYDRAW_LIVE_PRESENT kind=power zoom=100 x=970 y=1300 compose_us=17539 scroll_us=0 exposed_compose_us=0 chrome_us=8976 chrome_prepare_us=9 chrome_stage_us=8967 read_submit_us=30207 read_complete_us=33442 transfer_wait_us=25793 tile_pixels=156152 uniform_pixels=8712 overview_pixels=0 fallback_pixels=0 resident_tiles=48 fallback_tiles=0 pushes=11 tear_wait_us=12030 tear_edge_isr_to_resume_us=11 tear_edge_observed=1 tear_edge_wait_resumed=1 tear_edge_timeout=0 tear_heal_attempted=0 tear_heal_command_sent=0 presentation_experiment=boundary-top-sweep te_edge=rising requested_clock_mhz=50 effective_clock_mhz=40 frame_reused=0 pass=1
[21:26:52] TINYDRAW_LIVE_PRESENT kind=chrome zoom=100 x=970 y=1300 compose_us=17524 scroll_us=0 exposed_compose_us=0 chrome_us=4419 chrome_prepare_us=25 chrome_stage_us=4394 read_submit_us=32676 read_complete_us=36193 transfer_wait_us=20282 tile_pixels=156152 uniform_pixels=8712 overview_pixels=0 fallback_pixels=0 resident_tiles=48 fallback_tiles=0 pushes=11 tear_wait_us=15039 tear_edge_isr_to_resume_us=9 tear_edge_observed=1 tear_edge_wait_resumed=1 tear_edge_timeout=0 tear_heal_attempted=0 tear_heal_command_sent=0 presentation_experiment=boundary-top-sweep te_edge=rising requested_clock_mhz=50 effective_clock_mhz=40 frame_reused=0 pass=1
[21:26:53] TINYDRAW_LIVE_PRESENT kind=chrome zoom=100 x=970 y=1300 compose_us=17523 scroll_us=0 exposed_compose_us=0 chrome_us=8997 chrome_prepare_us=8 chrome_stage_us=8989 read_submit_us=31087 read_complete_us=34306 transfer_wait_us=25874 tile_pixels=156152 uniform_pixels=8712 overview_pixels=0 fallback_pixels=0 resident_tiles=48 fallback_tiles=0 pushes=11 tear_wait_us=13469 tear_edge_isr_to_resume_us=9 tear_edge_observed=1 tear_edge_wait_resumed=1 tear_edge_timeout=0 tear_heal_attempted=0 tear_heal_command_sent=0 presentation_experiment=boundary-top-sweep te_edge=rising requested_clock_mhz=50 effective_clock_mhz=40 frame_reused=0 pass=1
[21:26:53] TINYDRAW_LIVE_PRESENT kind=chrome zoom=100 x=970 y=1300 compose_us=17521 scroll_us=0 exposed_compose_us=0 chrome_us=82163 chrome_prepare_us=8 chrome_stage_us=82155 read_submit_us=21999 read_complete_us=34034 transfer_wait_us=95959 tile_pixels=156152 uniform_pixels=8712 overview_pixels=0 fallback_pixels=0 resident_tiles=48 fallback_tiles=0 pushes=11 tear_wait_us=4385 tear_edge_isr_to_resume_us=10 tear_edge_observed=1 tear_edge_wait_resumed=1 tear_edge_timeout=0 tear_heal_attempted=0 tear_heal_command_sent=0 presentation_experiment=boundary-top-sweep te_edge=rising requested_clock_mhz=50 effective_clock_mhz=40 frame_reused=0 pass=1
[21:26:56] TINYDRAW_LIVE_PRESENT kind=chrome zoom=100 x=970 y=1300 compose_us=17514 scroll_us=0 exposed_compose_us=0 chrome_us=82178 chrome_prepare_us=8 chrome_stage_us=82170 read_submit_us=31764 read_complete_us=43797 transfer_wait_us=96203 tile_pixels=156152 uniform_pixels=8712 overview_pixels=0 fallback_pixels=0 resident_tiles=48 fallback_tiles=0 pushes=11 tear_wait_us=14147 tear_edge_isr_to_resume_us=10 tear_edge_observed=1 tear_edge_wait_resumed=1 tear_edge_timeout=0 tear_heal_attempted=0 tear_heal_command_sent=0 presentation_experiment=boundary-top-sweep te_edge=rising requested_clock_mhz=50 effective_clock_mhz=40 frame_reused=0 pass=1
[21:26:56] TINYDRAW_LIVE_PRESENT kind=chrome zoom=100 x=970 y=1300 compose_us=17510 scroll_us=0 exposed_compose_us=0 chrome_us=82192 chrome_prepare_us=7 chrome_stage_us=82185 read_submit_us=24508 read_complete_us=36537 transfer_wait_us=96459 tile_pixels=156152 uniform_pixels=8712 overview_pixels=0 fallback_pixels=0 resident_tiles=48 fallback_tiles=0 pushes=11 tear_wait_us=6900 tear_edge_isr_to_resume_us=9 tear_edge_observed=1 tear_edge_wait_resumed=1 tear_edge_timeout=0 tear_heal_attempted=0 tear_heal_command_sent=0 presentation_experiment=boundary-top-sweep te_edge=rising requested_clock_mhz=50 effective_clock_mhz=40 frame_reused=0 pass=1
[21:26:57] TINYDRAW_LIVE_PRESENT kind=chrome zoom=100 x=970 y=1300 compose_us=17529 scroll_us=0 exposed_compose_us=0 chrome_us=4419 chrome_prepare_us=24 chrome_stage_us=4395 read_submit_us=21097 read_complete_us=24574 transfer_wait_us=20854 tile_pixels=156152 uniform_pixels=8712 overview_pixels=0 fallback_pixels=0 resident_tiles=48 fallback_tiles=0 pushes=11 tear_wait_us=3460 tear_edge_isr_to_resume_us=9 tear_edge_observed=1 tear_edge_wait_resumed=1 tear_edge_timeout=0 tear_heal_attempted=0 tear_heal_command_sent=0 presentation_experiment=boundary-top-sweep te_edge=rising requested_clock_mhz=50 effective_clock_mhz=40 frame_reused=0 pass=1
[21:26:57] TINYDRAW_LIVE_PRESENT kind=chrome zoom=100 x=970 y=1300 compose_us=17552 scroll_us=0 exposed_compose_us=0 chrome_us=9012 chrome_prepare_us=8 chrome_stage_us=9004 read_submit_us=33921 read_complete_us=37147 transfer_wait_us=26037 tile_pixels=156152 uniform_pixels=8712 overview_pixels=0 fallback_pixels=0 resident_tiles=48 fallback_tiles=0 pushes=11 tear_wait_us=16279 tear_edge_isr_to_resume_us=8 tear_edge_observed=1 tear_edge_wait_resumed=1 tear_edge_timeout=0 tear_heal_attempted=0 tear_heal_command_sent=0 presentation_experiment=boundary-top-sweep te_edge=rising requested_clock_mhz=50 effective_clock_mhz=40 frame_reused=0 pass=1
[21:27:05] TINYDRAW_LIVE_PRESENT kind=chrome zoom=100 x=970 y=1300 compose_us=17520 scroll_us=0 exposed_compose_us=0 chrome_us=8902 chrome_prepare_us=4479 chrome_stage_us=4423 read_submit_us=30369 read_complete_us=33974 transfer_wait_us=20593 tile_pixels=156152 uniform_pixels=8712 overview_pixels=0 fallback_pixels=0 resident_tiles=48 fallback_tiles=0 pushes=11 tear_wait_us=8278 tear_edge_isr_to_resume_us=13 tear_edge_observed=1 tear_edge_wait_resumed=1 tear_edge_timeout=0 tear_heal_attempted=0 tear_heal_command_sent=0 presentation_experiment=boundary-top-sweep te_edge=rising requested_clock_mhz=50 effective_clock_mhz=40 frame_reused=0 pass=1
[21:27:05] TINYDRAW_LIVE_STROKE revision=4438 operations=84 samples=2601 append_us=1359 append_max_us=129 refresh_compose_us=0 refresh_complete_us=0 ink_samples=322 read_submit_avg_us=2093 read_submit_max_us=4151 read_complete_avg_us=3354 read_complete_max_us=7680 submit_over_16ms=0 complete_over_33ms=0 presentation_failures=0 poll_max_us=174004 touch_errors=0 touch_overflows=0 touch_moves_coalesced=3448 touch_events=2400 touch_down=17 touch_up=17 touch_events_ge_8ms=0 touch_event_age_max_us=1249 chunks=11 ph_prepare_max_us=86 ph_overview_max_us=0 ph_enumerate_max_us=0 ph_uniform_max_us=0 ph_raw_max_us=0 ph_offscreen_max_us=0 ph_commit_max_us=0 drop_uni_slot=0 drop_uni_paint=0 drop_raw_edit=0 drop_raw_paint=0 off_skip=0 free_psram=1859920 largest_psram=1835008 authority_match=0
[21:27:05] TINYDRAW_LIVE_STROKE_DONE committed=1 refresh=1 commit_failed=0
[21:27:05] TINYDRAW_LIFT_BASELINE id=7 finish_preview_us=207 builder_finish_us=32 append_us=1359 append_max_us=129 refresh_wall_us=13 refresh_x0=970 refresh_y0=1315 refresh_x1=1294 refresh_y1=1707 refresh_compose_us=0 refresh_first_submit_us=0 refresh_first_complete_us=0 refresh_transfer_wait_us=0 stroke_logging_us=0 detected_to_poll_start_us=18000 detected_to_poll_complete_us=18013 poll_read_us=13 unattributed_tail_us=16389 reports_dropped=0 chunks=11 committed=1 refresh=1 commit_failed=0
[21:27:05] TINYDRAW_LIVE_DRAIN ops=11 total_us=159018 max_us=19213 failures=0 swap_wall_us=73998 swap_pass=1
[21:27:05] TINYDRAW_FILL_BASELINE result=complete zoom=100 x=970 y=1300 revision=4449 steps=1 wall_us=383 compute_total_us=349 compute_max_us=349 present_total_us=0 present_max_us=0 tick_max_us=359 producer_failures=0 presentation_failures=0
[21:27:05] TINYDRAW_LIVE_FILL_DONE zoom=100 x=970 y=1300 revision=4449
[21:27:06] TINYDRAW_LIVE_REPAIR views=24 steps=84
[21:27:07] TINYDRAW_LIVE_PRESENT kind=chrome zoom=100 x=970 y=1300 compose_us=17720 scroll_us=0 exposed_compose_us=0 chrome_us=8966 chrome_prepare_us=8 chrome_stage_us=8958 read_submit_us=22364 read_complete_us=25567 transfer_wait_us=25593 tile_pixels=156152 uniform_pixels=8712 overview_pixels=0 fallback_pixels=0 resident_tiles=48 fallback_tiles=0 pushes=11 tear_wait_us=4551 tear_edge_isr_to_resume_us=9 tear_edge_observed=1 tear_edge_wait_resumed=1 tear_edge_timeout=0 tear_heal_attempted=0 tear_heal_command_sent=0 presentation_experiment=boundary-top-sweep te_edge=rising requested_clock_mhz=50 effective_clock_mhz=40 frame_reused=0 pass=1
[21:27:08] TINYDRAW_LIVE_PRESENT kind=chrome zoom=100 x=970 y=1300 compose_us=17521 scroll_us=0 exposed_compose_us=0 chrome_us=8945 chrome_prepare_us=4568 chrome_stage_us=4377 read_submit_us=36920 read_complete_us=40523 transfer_wait_us=21042 tile_pixels=156152 uniform_pixels=8712 overview_pixels=0 fallback_pixels=0 resident_tiles=48 fallback_tiles=0 pushes=11 tear_wait_us=14742 tear_edge_isr_to_resume_us=10 tear_edge_observed=1 tear_edge_wait_resumed=1 tear_edge_timeout=0 tear_heal_attempted=0 tear_heal_command_sent=0 presentation_experiment=boundary-top-sweep te_edge=rising requested_clock_mhz=50 effective_clock_mhz=40 frame_reused=0 pass=1
[21:27:09] TINYDRAW_PAN_BASELINE zoom=100 x=690 y=1344 frames=13 reused=13 compose_avg_us=2587 compose_max_us=6381 present_avg_us=16309 present_max_us=16702 tear_wait_avg_us=12362 tear_wait_max_us=13743 failures=0
[21:27:09] TINYDRAW_FILL_BASELINE result=complete zoom=100 x=690 y=1344 revision=4449 steps=1 wall_us=410 compute_total_us=372 compute_max_us=372 present_total_us=0 present_max_us=0 tick_max_us=384 producer_failures=0 presentation_failures=0
[21:27:09] TINYDRAW_LIVE_FILL_DONE zoom=100 x=690 y=1344 revision=4449
[21:27:09] TINYDRAW_LIVE_REPAIR views=23 steps=7
[21:27:09] TINYDRAW_PAN_BASELINE zoom=100 x=398 y=1344 frames=5 reused=3 compose_avg_us=6573 compose_max_us=14521 present_avg_us=18011 present_max_us=20909 tear_wait_avg_us=8270 tear_wait_max_us=14245 failures=0
[21:27:09] TINYDRAW_FILL_BASELINE result=complete zoom=100 x=398 y=1344 revision=4449 steps=1 wall_us=380 compute_total_us=342 compute_max_us=342 present_total_us=0 present_max_us=0 tick_max_us=354 producer_failures=0 presentation_failures=0
[21:27:09] TINYDRAW_LIVE_FILL_DONE zoom=100 x=398 y=1344 revision=4449
[21:27:09] TINYDRAW_LIVE_REPAIR views=23 steps=7
[21:27:10] TINYDRAW_PAN_BASELINE zoom=100 x=166 y=1344 frames=6 reused=5 compose_avg_us=4577 compose_max_us=14566 present_avg_us=14153 present_max_us=20559 tear_wait_avg_us=6832 tear_wait_max_us=12547 failures=0
[21:27:10] TINYDRAW_FILL_BASELINE result=complete zoom=100 x=166 y=1344 revision=4449 steps=1 wall_us=417 compute_total_us=379 compute_max_us=379 present_total_us=0 present_max_us=0 tick_max_us=391 producer_failures=0 presentation_failures=0
[21:27:10] TINYDRAW_LIVE_FILL_DONE zoom=100 x=166 y=1344 revision=4449
[21:27:10] TINYDRAW_LIVE_REPAIR views=22 steps=7
[21:27:10] TINYDRAW_PAN_BASELINE zoom=100 x=0 y=1344 frames=4 reused=3 compose_avg_us=3860 compose_max_us=12004 present_avg_us=13290 present_max_us=20102 tear_wait_avg_us=7745 tear_wait_max_us=15920 failures=0
[21:27:10] TINYDRAW_FILL_BASELINE result=complete zoom=100 x=0 y=1344 revision=4449 steps=1 wall_us=402 compute_total_us=363 compute_max_us=363 present_total_us=0 present_max_us=0 tick_max_us=375 producer_failures=0 presentation_failures=0
[21:27:10] TINYDRAW_LIVE_FILL_DONE zoom=100 x=0 y=1344 revision=4449
[21:27:10] TINYDRAW_LIVE_REPAIR views=19 steps=6
[21:27:10] TINYDRAW_PAN_BASELINE zoom=100 x=0 y=1344 frames=8 reused=8 compose_avg_us=0 compose_max_us=0 present_avg_us=0 present_max_us=0 tear_wait_avg_us=0 tear_wait_max_us=0 failures=0
[21:27:12] TINYDRAW_LIVE_PRESENT kind=chrome zoom=100 x=0 y=1344 compose_us=12003 scroll_us=0 exposed_compose_us=0 chrome_us=9190 chrome_prepare_us=9 chrome_stage_us=9181 read_submit_us=19580 read_complete_us=22910 transfer_wait_us=25380 tile_pixels=52224 uniform_pixels=112640 overview_pixels=0 fallback_pixels=0 resident_tiles=42 fallback_tiles=0 pushes=11 tear_wait_us=7489 tear_edge_isr_to_resume_us=9 tear_edge_observed=1 tear_edge_wait_resumed=1 tear_edge_timeout=0 tear_heal_attempted=0 tear_heal_command_sent=0 presentation_experiment=boundary-top-sweep te_edge=rising requested_clock_mhz=50 effective_clock_mhz=40 frame_reused=0 pass=1
[21:27:14] TINYDRAW_LIVE_PRESENT kind=chrome zoom=100 x=0 y=1344 compose_us=11974 scroll_us=0 exposed_compose_us=0 chrome_us=9000 chrome_prepare_us=4585 chrome_stage_us=4415 read_submit_us=28606 read_complete_us=32227 transfer_wait_us=20356 tile_pixels=52224 uniform_pixels=112640 overview_pixels=0 fallback_pixels=0 resident_tiles=42 fallback_tiles=0 pushes=11 tear_wait_us=11963 tear_edge_isr_to_resume_us=10 tear_edge_observed=1 tear_edge_wait_resumed=1 tear_edge_timeout=0 tear_heal_attempted=0 tear_heal_command_sent=0 presentation_experiment=boundary-top-sweep te_edge=rising requested_clock_mhz=50 effective_clock_mhz=40 frame_reused=0 pass=1
[21:27:14] TINYDRAW_LIVE_PRESENT kind=chrome zoom=100 x=0 y=1344 compose_us=11955 scroll_us=0 exposed_compose_us=0 chrome_us=82152 chrome_prepare_us=9 chrome_stage_us=82143 read_submit_us=27047 read_complete_us=39167 transfer_wait_us=95914 tile_pixels=52224 uniform_pixels=112640 overview_pixels=0 fallback_pixels=0 resident_tiles=42 fallback_tiles=0 pushes=11 tear_wait_us=15003 tear_edge_isr_to_resume_us=9 tear_edge_observed=1 tear_edge_wait_resumed=1 tear_edge_timeout=0 tear_heal_attempted=0 tear_heal_command_sent=0 presentation_experiment=boundary-top-sweep te_edge=rising requested_clock_mhz=50 effective_clock_mhz=40 frame_reused=0 pass=1
[21:27:15] TINYDRAW_LIVE_PRESENT kind=chrome zoom=100 x=0 y=1344 compose_us=11975 scroll_us=0 exposed_compose_us=0 chrome_us=8985 chrome_prepare_us=4588 chrome_stage_us=4397 read_submit_us=21154 read_complete_us=24789 transfer_wait_us=20797 tile_pixels=52224 uniform_pixels=112640 overview_pixels=0 fallback_pixels=0 resident_tiles=42 fallback_tiles=0 pushes=11 tear_wait_us=4509 tear_edge_isr_to_resume_us=10 tear_edge_observed=1 tear_edge_wait_resumed=1 tear_edge_timeout=0 tear_heal_attempted=0 tear_heal_command_sent=0 presentation_experiment=boundary-top-sweep te_edge=rising requested_clock_mhz=50 effective_clock_mhz=40 frame_reused=0 pass=1
[21:27:17] TINYDRAW_LIVE_STROKE revision=4449 operations=88 samples=2717 append_us=484 append_max_us=125 refresh_compose_us=0 refresh_complete_us=0 ink_samples=114 read_submit_avg_us=1775 read_submit_max_us=3288 read_complete_avg_us=2940 read_complete_max_us=4812 submit_over_16ms=0 complete_over_33ms=0 presentation_failures=0 poll_max_us=169004 touch_errors=0 touch_overflows=0 touch_moves_coalesced=1937 touch_events=915 touch_down=12 touch_up=12 touch_events_ge_8ms=6 touch_event_age_max_us=47263 chunks=4 ph_prepare_max_us=83 ph_overview_max_us=0 ph_enumerate_max_us=0 ph_uniform_max_us=0 ph_raw_max_us=0 ph_offscreen_max_us=0 ph_commit_max_us=0 drop_uni_slot=0 drop_uni_paint=0 drop_raw_edit=0 drop_raw_paint=0 off_skip=0 free_psram=1859920 largest_psram=1835008 authority_match=0
[21:27:17] TINYDRAW_LIVE_STROKE_DONE committed=1 refresh=1 commit_failed=0
[21:27:17] TINYDRAW_LIFT_BASELINE id=8 finish_preview_us=2012 builder_finish_us=55 append_us=484 append_max_us=125 refresh_wall_us=16 refresh_x0=7 refresh_y0=1418 refresh_x1=312 refresh_y1=1699 refresh_compose_us=0 refresh_first_submit_us=0 refresh_first_complete_us=0 refresh_transfer_wait_us=0 stroke_logging_us=0 detected_to_poll_start_us=23004 detected_to_poll_complete_us=23017 poll_read_us=13 unattributed_tail_us=20437 reports_dropped=0 chunks=4 committed=1 refresh=1 commit_failed=0
[21:27:17] TINYDRAW_LIVE_DRAIN ops=4 total_us=56432 max_us=19487 failures=0 swap_wall_us=56025 swap_pass=1
[21:27:17] TINYDRAW_FILL_BASELINE result=complete zoom=100 x=0 y=1344 revision=4453 steps=1 wall_us=352 compute_total_us=318 compute_max_us=318 present_total_us=0 present_max_us=0 tick_max_us=328 producer_failures=0 presentation_failures=0
[21:27:17] TINYDRAW_LIVE_FILL_DONE zoom=100 x=0 y=1344 revision=4453
[21:27:17] TINYDRAW_LIVE_REPAIR views=19 steps=6
[21:27:20] TINYDRAW_LIVE_DRAIN ops=1 total_us=1680 max_us=1680 failures=0 swap_wall_us=10953 swap_pass=1
[21:27:20] TINYDRAW_LIVE_STROKE revision=4453 operations=89 samples=2718 append_us=94 append_max_us=94 refresh_compose_us=0 refresh_complete_us=0 ink_samples=2 read_submit_avg_us=1380 read_submit_max_us=1516 read_complete_avg_us=1926 read_complete_max_us=2303 submit_over_16ms=0 complete_over_33ms=0 presentation_failures=0 poll_max_us=67000 touch_errors=0 touch_overflows=0 touch_moves_coalesced=51 touch_events=51 touch_down=1 touch_up=1 touch_events_ge_8ms=0 touch_event_age_max_us=1244 chunks=1 ph_prepare_max_us=48 ph_overview_max_us=0 ph_enumerate_max_us=0 ph_uniform_max_us=0 ph_raw_max_us=0 ph_offscreen_max_us=0 ph_commit_max_us=0 drop_uni_slot=0 drop_uni_paint=0 drop_raw_edit=0 drop_raw_paint=0 off_skip=0 free_psram=1859920 largest_psram=1835008 authority_match=0
[21:27:20] TINYDRAW_LIVE_STROKE_DONE committed=1 refresh=1 commit_failed=0
[21:27:20] TINYDRAW_LIFT_BASELINE id=9 finish_preview_us=2010 builder_finish_us=57 append_us=94 append_max_us=94 refresh_wall_us=15 refresh_x0=349 refresh_y0=1399 refresh_x1=365 refresh_y1=1415 refresh_compose_us=0 refresh_first_submit_us=0 refresh_first_complete_us=0 refresh_transfer_wait_us=0 stroke_logging_us=0 detected_to_poll_start_us=17004 detected_to_poll_complete_us=17017 poll_read_us=13 unattributed_tail_us=14828 reports_dropped=0 chunks=1 committed=1 refresh=1 commit_failed=0
[21:27:20] TINYDRAW_FILL_BASELINE result=complete zoom=100 x=0 y=1344 revision=4454 steps=1 wall_us=360 compute_total_us=325 compute_max_us=325 present_total_us=0 present_max_us=0 tick_max_us=337 producer_failures=0 presentation_failures=0
[21:27:20] TINYDRAW_LIVE_FILL_DONE zoom=100 x=0 y=1344 revision=4454
[21:27:20] TINYDRAW_LIVE_REPAIR views=19 steps=6
[21:27:21] TINYDRAW_LIVE_PRESENT kind=zoom-ui zoom=200 x=184 y=2874 compose_us=11033 scroll_us=0 exposed_compose_us=0 chrome_us=6690 chrome_prepare_us=2393 chrome_stage_us=4297 read_submit_us=24708 read_complete_us=28299 transfer_wait_us=20250 tile_pixels=0 uniform_pixels=0 overview_pixels=0 fallback_pixels=164864 resident_tiles=0 fallback_tiles=56 pushes=11 tear_wait_us=11163 tear_edge_isr_to_resume_us=13 tear_edge_observed=1 tear_edge_wait_resumed=1 tear_edge_timeout=0 tear_heal_attempted=0 tear_heal_command_sent=0 presentation_experiment=boundary-top-sweep te_edge=rising requested_clock_mhz=50 effective_clock_mhz=40 frame_reused=0 pass=1
[21:27:21] TINYDRAW_FILL_BASELINE result=complete zoom=200 x=184 y=2874 revision=4454 steps=66 wall_us=265259 compute_total_us=178846 compute_max_us=6204 present_total_us=74833 present_max_us=8908 tick_max_us=7843 producer_failures=0 presentation_failures=0
[21:27:21] TINYDRAW_LIVE_FILL_DONE zoom=200 x=184 y=2874 revision=4454
[21:27:21] TINYDRAW_LIVE_PRESENT kind=zoom-ui zoom=400 x=552 y=5934 compose_us=10891 scroll_us=0 exposed_compose_us=0 chrome_us=6546 chrome_prepare_us=2346 chrome_stage_us=4200 read_submit_us=13499 read_complete_us=17149 transfer_wait_us=20463 tile_pixels=0 uniform_pixels=0 overview_pixels=0 fallback_pixels=164864 resident_tiles=0 fallback_tiles=56 pushes=11 tear_wait_us=127 tear_edge_isr_to_resume_us=12 tear_edge_observed=1 tear_edge_wait_resumed=1 tear_edge_timeout=0 tear_heal_attempted=0 tear_heal_command_sent=0 presentation_experiment=boundary-top-sweep te_edge=rising requested_clock_mhz=50 effective_clock_mhz=40 frame_reused=0 pass=1
[21:27:21] TINYDRAW_FILL_BASELINE result=complete zoom=400 x=552 y=5934 revision=4454 steps=74 wall_us=244453 compute_total_us=160021 compute_max_us=5935 present_total_us=72532 present_max_us=9256 tick_max_us=6953 producer_failures=0 presentation_failures=0
[21:27:21] TINYDRAW_LIVE_FILL_DONE zoom=400 x=552 y=5934 revision=4454
[21:27:22] TINYDRAW_LIVE_REPAIR views=8 steps=290
[21:27:23] TINYDRAW_LIVE_PRESENT kind=chrome zoom=400 x=552 y=5934 compose_us=14497 scroll_us=0 exposed_compose_us=0 chrome_us=9025 chrome_prepare_us=10 chrome_stage_us=9015 read_submit_us=27999 read_complete_us=31224 transfer_wait_us=25959 tile_pixels=100048 uniform_pixels=64816 overview_pixels=0 fallback_pixels=0 resident_tiles=56 fallback_tiles=0 pushes=11 tear_wait_us=13407 tear_edge_isr_to_resume_us=10 tear_edge_observed=1 tear_edge_wait_resumed=1 tear_edge_timeout=0 tear_heal_attempted=0 tear_heal_command_sent=0 presentation_experiment=boundary-top-sweep te_edge=rising requested_clock_mhz=50 effective_clock_mhz=40 frame_reused=0 pass=1
[21:27:23] TINYDRAW_LIVE_PRESENT kind=chrome zoom=400 x=552 y=5934 compose_us=14361 scroll_us=0 exposed_compose_us=0 chrome_us=8853 chrome_prepare_us=9 chrome_stage_us=8844 read_submit_us=24401 read_complete_us=27620 transfer_wait_us=25555 tile_pixels=100048 uniform_pixels=64816 overview_pixels=0 fallback_pixels=0 resident_tiles=56 fallback_tiles=0 pushes=11 tear_wait_us=9948 tear_edge_isr_to_resume_us=9 tear_edge_observed=1 tear_edge_wait_resumed=1 tear_edge_timeout=0 tear_heal_attempted=0 tear_heal_command_sent=0 presentation_experiment=boundary-top-sweep te_edge=rising requested_clock_mhz=50 effective_clock_mhz=40 frame_reused=0 pass=1
[21:27:25] TINYDRAW_LIVE_PRESENT kind=chrome zoom=400 x=552 y=5934 compose_us=14358 scroll_us=0 exposed_compose_us=0 chrome_us=8975 chrome_prepare_us=9 chrome_stage_us=8966 read_submit_us=24437 read_complete_us=27660 transfer_wait_us=25526 tile_pixels=100048 uniform_pixels=64816 overview_pixels=0 fallback_pixels=0 resident_tiles=56 fallback_tiles=0 pushes=11 tear_wait_us=9987 tear_edge_isr_to_resume_us=9 tear_edge_observed=1 tear_edge_wait_resumed=1 tear_edge_timeout=0 tear_heal_attempted=0 tear_heal_command_sent=0 presentation_experiment=boundary-top-sweep te_edge=rising requested_clock_mhz=50 effective_clock_mhz=40 frame_reused=0 pass=1
[21:27:25] TINYDRAW_LIVE_PRESENT kind=chrome zoom=400 x=552 y=5934 compose_us=14357 scroll_us=0 exposed_compose_us=0 chrome_us=8799 chrome_prepare_us=4591 chrome_stage_us=4208 read_submit_us=34725 read_complete_us=38339 transfer_wait_us=20237 tile_pixels=100048 uniform_pixels=64816 overview_pixels=0 fallback_pixels=0 resident_tiles=56 fallback_tiles=0 pushes=11 tear_wait_us=15682 tear_edge_isr_to_resume_us=10 tear_edge_observed=1 tear_edge_wait_resumed=1 tear_edge_timeout=0 tear_heal_attempted=0 tear_heal_command_sent=0 presentation_experiment=boundary-top-sweep te_edge=rising requested_clock_mhz=50 effective_clock_mhz=40 frame_reused=0 pass=1
[21:27:26] TINYDRAW_PAN_BASELINE zoom=400 x=572 y=6250 frames=8 reused=8 compose_avg_us=3559 compose_max_us=8924 present_avg_us=16298 present_max_us=16745 tear_wait_avg_us=11766 tear_wait_max_us=15759 failures=0
[21:27:26] TINYDRAW_FILL_BASELINE result=complete zoom=400 x=572 y=6250 revision=4454 steps=1 wall_us=464 compute_total_us=426 compute_max_us=426 present_total_us=0 present_max_us=0 tick_max_us=438 producer_failures=0 presentation_failures=0
[21:27:26] TINYDRAW_LIVE_FILL_DONE zoom=400 x=572 y=6250 revision=4454
[21:27:26] TINYDRAW_LIVE_REPAIR views=8 steps=72
[21:27:27] TINYDRAW_PAN_BASELINE zoom=400 x=624 y=6470 frames=7 reused=7 compose_avg_us=3115 compose_max_us=6156 present_avg_us=16303 present_max_us=16738 tear_wait_avg_us=11889 tear_wait_max_us=13920 failures=0
[21:27:27] TINYDRAW_FILL_BASELINE result=complete zoom=400 x=624 y=6470 revision=4454 steps=3 wall_us=48256 compute_total_us=1362 compute_max_us=474 present_total_us=45125 present_max_us=43743 tick_max_us=495 producer_failures=0 presentation_failures=0
[21:27:27] TINYDRAW_LIVE_FILL_DONE zoom=400 x=624 y=6470 revision=4454
[21:27:27] TINYDRAW_LIVE_REPAIR views=8 steps=41
[21:27:27] TINYDRAW_PAN_BASELINE zoom=400 x=632 y=6644 frames=5 reused=5 compose_avg_us=2752 compose_max_us=5690 present_avg_us=16213 present_max_us=16615 tear_wait_avg_us=11111 tear_wait_max_us=13858 failures=0
[21:27:27] TINYDRAW_FILL_BASELINE result=complete zoom=400 x=632 y=6644 revision=4454 steps=1 wall_us=475 compute_total_us=436 compute_max_us=436 present_total_us=0 present_max_us=0 tick_max_us=448 producer_failures=0 presentation_failures=0
[21:27:27] TINYDRAW_LIVE_FILL_DONE zoom=400 x=632 y=6644 revision=4454
[21:27:27] TINYDRAW_LIVE_REPAIR views=8 steps=16
[21:27:28] TINYDRAW_LIVE_PRESENT kind=chrome zoom=400 x=632 y=6644 compose_us=9564 scroll_us=0 exposed_compose_us=0 chrome_us=82340 chrome_prepare_us=8 chrome_stage_us=82332 read_submit_us=10923 read_complete_us=23053 transfer_wait_us=96037 tile_pixels=0 uniform_pixels=164864 overview_pixels=0 fallback_pixels=0 resident_tiles=56 fallback_tiles=0 pushes=11 tear_wait_us=1270 tear_edge_isr_to_resume_us=13 tear_edge_observed=1 tear_edge_wait_resumed=1 tear_edge_timeout=0 tear_heal_attempted=0 tear_heal_command_sent=0 presentation_experiment=boundary-top-sweep te_edge=rising requested_clock_mhz=50 effective_clock_mhz=40 frame_reused=0 pass=1
[21:27:29] TINYDRAW_LIVE_PRESENT kind=chrome zoom=400 x=632 y=6644 compose_us=9583 scroll_us=0 exposed_compose_us=0 chrome_us=8789 chrome_prepare_us=4579 chrome_stage_us=4210 read_submit_us=18960 read_complete_us=22562 transfer_wait_us=20991 tile_pixels=0 uniform_pixels=164864 overview_pixels=0 fallback_pixels=0 resident_tiles=56 fallback_tiles=0 pushes=11 tear_wait_us=4710 tear_edge_isr_to_resume_us=9 tear_edge_observed=1 tear_edge_wait_resumed=1 tear_edge_timeout=0 tear_heal_attempted=0 tear_heal_command_sent=0 presentation_experiment=boundary-top-sweep te_edge=rising requested_clock_mhz=50 effective_clock_mhz=40 frame_reused=0 pass=1
[21:27:30] TINYDRAW_LIVE_PRESENT kind=chrome zoom=400 x=632 y=6644 compose_us=9578 scroll_us=0 exposed_compose_us=0 chrome_us=8250 chrome_prepare_us=9 chrome_stage_us=8241 read_submit_us=17261 read_complete_us=20583 transfer_wait_us=24700 tile_pixels=0 uniform_pixels=164864 overview_pixels=0 fallback_pixels=0 resident_tiles=56 fallback_tiles=0 pushes=11 tear_wait_us=7593 tear_edge_isr_to_resume_us=10 tear_edge_observed=1 tear_edge_wait_resumed=1 tear_edge_timeout=0 tear_heal_attempted=0 tear_heal_command_sent=0 presentation_experiment=boundary-top-sweep te_edge=rising requested_clock_mhz=50 effective_clock_mhz=40 frame_reused=0 pass=1
[21:27:31] TINYDRAW_LIVE_PRESENT kind=chrome zoom=400 x=632 y=6644 compose_us=9584 scroll_us=0 exposed_compose_us=0 chrome_us=4241 chrome_prepare_us=25 chrome_stage_us=4216 read_submit_us=15017 read_complete_us=18600 transfer_wait_us=20939 tile_pixels=0 uniform_pixels=164864 overview_pixels=0 fallback_pixels=0 resident_tiles=56 fallback_tiles=0 pushes=11 tear_wait_us=5322 tear_edge_isr_to_resume_us=13 tear_edge_observed=1 tear_edge_wait_resumed=1 tear_edge_timeout=0 tear_heal_attempted=0 tear_heal_command_sent=0 presentation_experiment=boundary-top-sweep te_edge=rising requested_clock_mhz=50 effective_clock_mhz=40 frame_reused=0 pass=1
[21:27:35] TINYDRAW_LIVE_STROKE revision=4454 operations=94 samples=2875 append_us=621 append_max_us=128 refresh_compose_us=0 refresh_complete_us=0 ink_samples=141 read_submit_avg_us=1817 read_submit_max_us=2969 read_complete_avg_us=2943 read_complete_max_us=4660 submit_over_16ms=0 complete_over_33ms=0 presentation_failures=0 poll_max_us=153004 touch_errors=0 touch_overflows=0 touch_moves_coalesced=2352 touch_events=1457 touch_down=15 touch_up=15 touch_events_ge_8ms=5 touch_event_age_max_us=46269 chunks=5 ph_prepare_max_us=83 ph_overview_max_us=0 ph_enumerate_max_us=0 ph_uniform_max_us=0 ph_raw_max_us=0 ph_offscreen_max_us=0 ph_commit_max_us=0 drop_uni_slot=0 drop_uni_paint=0 drop_raw_edit=0 drop_raw_paint=0 off_skip=0 free_psram=1859920 largest_psram=1835008 authority_match=0
[21:27:35] TINYDRAW_LIVE_STROKE_DONE committed=1 refresh=1 commit_failed=0
[21:27:35] TINYDRAW_LIFT_BASELINE id=10 finish_preview_us=2013 builder_finish_us=56 append_us=621 append_max_us=128 refresh_wall_us=16 refresh_x0=672 refresh_y0=6684 refresh_x1=952 refresh_y1=7060 refresh_compose_us=0 refresh_first_submit_us=0 refresh_first_complete_us=0 refresh_transfer_wait_us=0 stroke_logging_us=0 detected_to_poll_start_us=24005 detected_to_poll_complete_us=24018 poll_read_us=13 unattributed_tail_us=21299 reports_dropped=0 chunks=5 committed=1 refresh=1 commit_failed=0
[21:27:35] TINYDRAW_LIVE_DRAIN ops=5 total_us=84371 max_us=24649 failures=0 swap_wall_us=60346 swap_pass=1
[21:27:35] TINYDRAW_FILL_BASELINE result=complete zoom=400 x=632 y=6644 revision=4459 steps=1 wall_us=479 compute_total_us=423 compute_max_us=423 present_total_us=0 present_max_us=0 tick_max_us=440 producer_failures=0 presentation_failures=0
[21:27:35] TINYDRAW_LIVE_FILL_DONE zoom=400 x=632 y=6644 revision=4459
[21:27:35] TINYDRAW_LIVE_REPAIR views=8 steps=11
[21:27:39] TINYDRAW_LIVE_PRESENT kind=chrome zoom=400 x=632 y=6644 compose_us=15978 scroll_us=0 exposed_compose_us=0 chrome_us=8957 chrome_prepare_us=8 chrome_stage_us=8949 read_submit_us=26307 read_complete_us=29511 transfer_wait_us=25652 tile_pixels=135424 uniform_pixels=29440 overview_pixels=0 fallback_pixels=0 resident_tiles=56 fallback_tiles=0 pushes=11 tear_wait_us=10240 tear_edge_isr_to_resume_us=10 tear_edge_observed=1 tear_edge_wait_resumed=1 tear_edge_timeout=0 tear_heal_attempted=0 tear_heal_command_sent=0 presentation_experiment=boundary-top-sweep te_edge=rising requested_clock_mhz=50 effective_clock_mhz=40 frame_reused=0 pass=1
[21:27:39] TINYDRAW_LIVE_PRESENT kind=chrome zoom=400 x=632 y=6644 compose_us=15824 scroll_us=0 exposed_compose_us=0 chrome_us=8736 chrome_prepare_us=4500 chrome_stage_us=4236 read_submit_us=26233 read_complete_us=29838 transfer_wait_us=20726 tile_pixels=135424 uniform_pixels=29440 overview_pixels=0 fallback_pixels=0 resident_tiles=56 fallback_tiles=0 pushes=11 tear_wait_us=5829 tear_edge_isr_to_resume_us=11 tear_edge_observed=1 tear_edge_wait_resumed=1 tear_edge_timeout=0 tear_heal_attempted=0 tear_heal_command_sent=0 presentation_experiment=boundary-top-sweep te_edge=rising requested_clock_mhz=50 effective_clock_mhz=40 frame_reused=0 pass=1
[21:27:40] TINYDRAW_PAN_BASELINE zoom=400 x=616 y=6322 frames=23 reused=23 compose_avg_us=1241 compose_max_us=3182 present_avg_us=15405 present_max_us=16575 tear_wait_avg_us=13016 tear_wait_max_us=15253 failures=0
[21:27:40] TINYDRAW_FILL_BASELINE result=complete zoom=400 x=616 y=6322 revision=4459 steps=1 wall_us=454 compute_total_us=418 compute_max_us=418 present_total_us=0 present_max_us=0 tick_max_us=429 producer_failures=0 presentation_failures=0
[21:27:40] TINYDRAW_LIVE_FILL_DONE zoom=400 x=616 y=6322 revision=4459
[21:27:40] TINYDRAW_LIVE_REPAIR views=8 steps=15
[21:27:41] TINYDRAW_PAN_BASELINE zoom=400 x=628 y=6258 frames=11 reused=11 compose_avg_us=845 compose_max_us=2405 present_avg_us=14747 present_max_us=16637 tear_wait_avg_us=12024 tear_wait_max_us=15255 failures=0
[21:27:41] TINYDRAW_FILL_BASELINE result=complete zoom=400 x=628 y=6258 revision=4459 steps=1 wall_us=462 compute_total_us=423 compute_max_us=423 present_total_us=0 present_max_us=0 tick_max_us=435 producer_failures=0 presentation_failures=0
[21:27:41] TINYDRAW_LIVE_FILL_DONE zoom=400 x=628 y=6258 revision=4459
[21:27:41] TINYDRAW_LIVE_REPAIR views=8 steps=13
[21:27:46] TINYDRAW_LIVE_PRESENT kind=chrome zoom=400 x=628 y=6258 compose_us=12690 scroll_us=0 exposed_compose_us=0 chrome_us=82401 chrome_prepare_us=10 chrome_stage_us=82391 read_submit_us=20789 read_complete_us=32795 transfer_wait_us=96168 tile_pixels=60448 uniform_pixels=104416 overview_pixels=0 fallback_pixels=0 resident_tiles=56 fallback_tiles=0 pushes=11 tear_wait_us=7995 tear_edge_isr_to_resume_us=9 tear_edge_observed=1 tear_edge_wait_resumed=1 tear_edge_timeout=0 tear_heal_attempted=0 tear_heal_command_sent=0 presentation_experiment=boundary-top-sweep te_edge=rising requested_clock_mhz=50 effective_clock_mhz=40 frame_reused=0 pass=1
[21:27:46] TINYDRAW_LIVE_PRESENT kind=chrome zoom=400 x=628 y=6258 compose_us=12547 scroll_us=0 exposed_compose_us=0 chrome_us=8702 chrome_prepare_us=4499 chrome_stage_us=4203 read_submit_us=30036 read_complete_us=33661 transfer_wait_us=20915 tile_pixels=60448 uniform_pixels=104416 overview_pixels=0 fallback_pixels=0 resident_tiles=56 fallback_tiles=0 pushes=11 tear_wait_us=12906 tear_edge_isr_to_resume_us=9 tear_edge_observed=1 tear_edge_wait_resumed=1 tear_edge_timeout=0 tear_heal_attempted=0 tear_heal_command_sent=0 presentation_experiment=boundary-top-sweep te_edge=rising requested_clock_mhz=50 effective_clock_mhz=40 frame_reused=0 pass=1
[21:27:51] TINYDRAW_LIVE_PRESENT kind=chrome zoom=400 x=628 y=6258 compose_us=12570 scroll_us=0 exposed_compose_us=0 chrome_us=9000 chrome_prepare_us=9 chrome_stage_us=8991 read_submit_us=21000 read_complete_us=24205 transfer_wait_us=25961 tile_pixels=60448 uniform_pixels=104416 overview_pixels=0 fallback_pixels=0 resident_tiles=56 fallback_tiles=0 pushes=11 tear_wait_us=8339 tear_edge_isr_to_resume_us=15 tear_edge_observed=1 tear_edge_wait_resumed=1 tear_edge_timeout=0 tear_heal_attempted=0 tear_heal_command_sent=0 presentation_experiment=boundary-top-sweep te_edge=rising requested_clock_mhz=50 effective_clock_mhz=40 frame_reused=0 pass=1
[21:27:52] TINYDRAW_LIVE_PRESENT kind=chrome zoom=400 x=628 y=6258 compose_us=12558 scroll_us=0 exposed_compose_us=0 chrome_us=8772 chrome_prepare_us=4541 chrome_stage_us=4231 read_submit_us=23373 read_complete_us=26976 transfer_wait_us=20585 tile_pixels=60448 uniform_pixels=104416 overview_pixels=0 fallback_pixels=0 resident_tiles=56 fallback_tiles=0 pushes=11 tear_wait_us=6192 tear_edge_isr_to_resume_us=11 tear_edge_observed=1 tear_edge_wait_resumed=1 tear_edge_timeout=0 tear_heal_attempted=0 tear_heal_command_sent=0 presentation_experiment=boundary-top-sweep te_edge=rising requested_clock_mhz=50 effective_clock_mhz=40 frame_reused=0 pass=1
[21:27:52] TINYDRAW_LIVE_PRESENT kind=power zoom=400 x=628 y=6258 compose_us=12514 scroll_us=0 exposed_compose_us=0 chrome_us=4298 chrome_prepare_us=26 chrome_stage_us=4272 read_submit_us=27505 read_complete_us=30999 transfer_wait_us=20496 tile_pixels=60448 uniform_pixels=104416 overview_pixels=0 fallback_pixels=0 resident_tiles=56 fallback_tiles=0 pushes=11 tear_wait_us=14335 tear_edge_isr_to_resume_us=10 tear_edge_observed=1 tear_edge_wait_resumed=1 tear_edge_timeout=0 tear_heal_attempted=0 tear_heal_command_sent=0 presentation_experiment=boundary-top-sweep te_edge=rising requested_clock_mhz=50 effective_clock_mhz=40 frame_reused=0 pass=1
[21:27:52] TINYDRAW_PAN_BASELINE zoom=400 x=462 y=6040 frames=10 reused=10 compose_avg_us=3488 compose_max_us=8096 present_avg_us=14583 present_max_us=16591 tear_wait_avg_us=10420 tear_wait_max_us=16126 failures=0
[21:27:52] TINYDRAW_FILL_BASELINE result=complete zoom=400 x=462 y=6040 revision=4459 steps=1 wall_us=406 compute_total_us=368 compute_max_us=368 present_total_us=0 present_max_us=0 tick_max_us=380 producer_failures=0 presentation_failures=0
[21:27:52] TINYDRAW_LIVE_FILL_DONE zoom=400 x=462 y=6040 revision=4459
[21:27:52] TINYDRAW_LIVE_REPAIR views=8 steps=27
[21:27:53] TINYDRAW_PAN_BASELINE zoom=400 x=300 y=5940 frames=8 reused=8 compose_avg_us=3130 compose_max_us=8361 present_avg_us=14112 present_max_us=16480 tear_wait_avg_us=8906 tear_wait_max_us=14432 failures=0
[21:27:53] TINYDRAW_FILL_BASELINE result=complete zoom=400 x=300 y=5940 revision=4459 steps=1 wall_us=473 compute_total_us=433 compute_max_us=433 present_total_us=0 present_max_us=0 tick_max_us=445 producer_failures=0 presentation_failures=0
[21:27:53] TINYDRAW_LIVE_FILL_DONE zoom=400 x=300 y=5940 revision=4459
[21:27:53] TINYDRAW_LIVE_REPAIR views=8 steps=35
[21:27:53] TINYDRAW_PAN_BASELINE zoom=400 x=274 y=5682 frames=6 reused=6 compose_avg_us=4270 compose_max_us=8530 present_avg_us=16173 present_max_us=16650 tear_wait_avg_us=9602 tear_wait_max_us=12075 failures=0
[21:27:53] TINYDRAW_FILL_BASELINE result=complete zoom=400 x=274 y=5682 revision=4459 steps=1 wall_us=479 compute_total_us=440 compute_max_us=440 present_total_us=0 present_max_us=0 tick_max_us=452 producer_failures=0 presentation_failures=0
[21:27:53] TINYDRAW_LIVE_FILL_DONE zoom=400 x=274 y=5682 revision=4459
[21:27:53] TINYDRAW_LIVE_REPAIR views=8 steps=62
[21:27:53] TINYDRAW_PAN_BASELINE zoom=400 x=84 y=5516 frames=6 reused=6 compose_avg_us=4472 compose_max_us=8766 present_avg_us=16201 present_max_us=16566 tear_wait_avg_us=10540 tear_wait_max_us=13718 failures=0
[21:27:53] TINYDRAW_FILL_BASELINE result=complete zoom=400 x=84 y=5516 revision=4459 steps=2 wall_us=52388 compute_total_us=696 compute_max_us=358 present_total_us=49412 present_max_us=42906 tick_max_us=370 producer_failures=0 presentation_failures=0
[21:27:53] TINYDRAW_LIVE_FILL_DONE zoom=400 x=84 y=5516 revision=4459
[21:27:53] TINYDRAW_LIVE_REPAIR views=8 steps=25
[21:27:54] TINYDRAW_PAN_BASELINE zoom=400 x=32 y=5258 frames=7 reused=5 compose_avg_us=3574 compose_max_us=10783 present_avg_us=14967 present_max_us=20312 tear_wait_avg_us=6916 tear_wait_max_us=15363 failures=0
[21:27:54] TINYDRAW_FILL_BASELINE result=complete zoom=400 x=32 y=5258 revision=4459 steps=2 wall_us=51351 compute_total_us=707 compute_max_us=359 present_total_us=48339 present_max_us=45873 tick_max_us=378 producer_failures=0 presentation_failures=0
[21:27:54] TINYDRAW_LIVE_FILL_DONE zoom=400 x=32 y=5258 revision=4459
[21:27:54] TINYDRAW_LIVE_REPAIR views=8 steps=42
[21:27:54] TINYDRAW_PAN_BASELINE zoom=400 x=230 y=5312 frames=6 reused=6 compose_avg_us=3241 compose_max_us=6213 present_avg_us=16269 present_max_us=16664 tear_wait_avg_us=10366 tear_wait_max_us=14051 failures=0
[21:27:54] TINYDRAW_FILL_BASELINE result=complete zoom=400 x=230 y=5312 revision=4459 steps=1 wall_us=433 compute_total_us=394 compute_max_us=394 present_total_us=0 present_max_us=0 tick_max_us=406 producer_failures=0 presentation_failures=0
[21:27:54] TINYDRAW_LIVE_FILL_DONE zoom=400 x=230 y=5312 revision=4459
[21:27:54] TINYDRAW_LIVE_REPAIR views=8 steps=78
[21:27:54] TINYDRAW_PAN_BASELINE zoom=400 x=392 y=5398 frames=6 reused=6 compose_avg_us=4035 compose_max_us=8124 present_avg_us=16306 present_max_us=16673 tear_wait_avg_us=10538 tear_wait_max_us=13740 failures=0
[21:27:54] TINYDRAW_FILL_BASELINE result=complete zoom=400 x=392 y=5398 revision=4459 steps=1 wall_us=418 compute_total_us=379 compute_max_us=379 present_total_us=0 present_max_us=0 tick_max_us=391 producer_failures=0 presentation_failures=0
[21:27:54] TINYDRAW_LIVE_FILL_DONE zoom=400 x=392 y=5398 revision=4459
[21:27:55] TINYDRAW_PAN_BASELINE zoom=400 x=528 y=5414 frames=6 reused=6 compose_avg_us=2845 compose_max_us=5874 present_avg_us=16196 present_max_us=16644 tear_wait_avg_us=11169 tear_wait_max_us=13743 failures=0
[21:27:55] TINYDRAW_FILL_BASELINE result=complete zoom=400 x=528 y=5414 revision=4459 steps=1 wall_us=416 compute_total_us=376 compute_max_us=376 present_total_us=0 present_max_us=0 tick_max_us=388 producer_failures=0 presentation_failures=0
[21:27:55] TINYDRAW_LIVE_FILL_DONE zoom=400 x=528 y=5414 revision=4459
[21:27:55] TINYDRAW_PAN_BASELINE zoom=400 x=664 y=5316 frames=8 reused=8 compose_avg_us=3089 compose_max_us=6358 present_avg_us=16115 present_max_us=16636 tear_wait_avg_us=10923 tear_wait_max_us=14555 failures=0
[21:27:55] TINYDRAW_FILL_BASELINE result=complete zoom=400 x=664 y=5316 revision=4459 steps=6 wall_us=64262 compute_total_us=12824 compute_max_us=3519 present_total_us=49096 present_max_us=49096 tick_max_us=5429 producer_failures=0 presentation_failures=0
[21:27:55] TINYDRAW_LIVE_FILL_DONE zoom=400 x=664 y=5316 revision=4459
[21:27:56] TINYDRAW_PAN_BASELINE zoom=400 x=724 y=5344 frames=13 reused=13 compose_avg_us=1157 compose_max_us=1978 present_avg_us=14941 present_max_us=16640 tear_wait_avg_us=12791 tear_wait_max_us=14709 failures=0
[21:27:56] TINYDRAW_FILL_BASELINE result=complete zoom=400 x=724 y=5344 revision=4459 steps=1 wall_us=444 compute_total_us=404 compute_max_us=404 present_total_us=0 present_max_us=0 tick_max_us=416 producer_failures=0 presentation_failures=0
[21:27:56] TINYDRAW_LIVE_FILL_DONE zoom=400 x=724 y=5344 revision=4459
[21:27:56] TINYDRAW_LIVE_REPAIR views=8 steps=112
[21:27:56] TINYDRAW_PAN_BASELINE zoom=400 x=780 y=5362 frames=9 reused=9 compose_avg_us=1308 compose_max_us=2237 present_avg_us=16197 present_max_us=16585 tear_wait_avg_us=13926 tear_wait_max_us=14850 failures=0
[21:27:56] TINYDRAW_FILL_BASELINE result=complete zoom=400 x=780 y=5362 revision=4459 steps=1 wall_us=410 compute_total_us=371 compute_max_us=371 present_total_us=0 present_max_us=0 tick_max_us=382 producer_failures=0 presentation_failures=0
[21:27:56] TINYDRAW_LIVE_FILL_DONE zoom=400 x=780 y=5362 revision=4459
[21:27:56] TINYDRAW_LIVE_REPAIR views=8 steps=20
[21:28:01] TINYDRAW_LIVE_PRESENT kind=chrome zoom=400 x=780 y=5362 compose_us=16933 scroll_us=0 exposed_compose_us=0 chrome_us=82362 chrome_prepare_us=8 chrome_stage_us=82354 read_submit_us=23122 read_complete_us=35076 transfer_wait_us=95838 tile_pixels=130176 uniform_pixels=34688 overview_pixels=0 fallback_pixels=0 resident_tiles=48 fallback_tiles=0 pushes=11 tear_wait_us=6093 tear_edge_isr_to_resume_us=10 tear_edge_observed=1 tear_edge_wait_resumed=1 tear_edge_timeout=0 tear_heal_attempted=0 tear_heal_command_sent=0 presentation_experiment=boundary-top-sweep te_edge=rising requested_clock_mhz=50 effective_clock_mhz=40 frame_reused=0 pass=1
[21:28:01] TINYDRAW_LIVE_PRESENT kind=chrome zoom=400 x=780 y=5362 compose_us=16877 scroll_us=0 exposed_compose_us=0 chrome_us=8603 chrome_prepare_us=4399 chrome_stage_us=4204 read_submit_us=29076 read_complete_us=32667 transfer_wait_us=20874 tile_pixels=130176 uniform_pixels=34688 overview_pixels=0 fallback_pixels=0 resident_tiles=48 fallback_tiles=0 pushes=11 tear_wait_us=7719 tear_edge_isr_to_resume_us=10 tear_edge_observed=1 tear_edge_wait_resumed=1 tear_edge_timeout=0 tear_heal_attempted=0 tear_heal_command_sent=0 presentation_experiment=boundary-top-sweep te_edge=rising requested_clock_mhz=50 effective_clock_mhz=40 frame_reused=0 pass=1
[21:28:15] TINYDRAW_LIVE_STROKE revision=4459 operations=99 samples=3032 append_us=615 append_max_us=126 refresh_compose_us=0 refresh_complete_us=0 ink_samples=154 read_submit_avg_us=1812 read_submit_max_us=3264 read_complete_avg_us=2992 read_complete_max_us=4433 submit_over_16ms=0 complete_over_33ms=0 presentation_failures=0 poll_max_us=165004 touch_errors=0 touch_overflows=0 touch_moves_coalesced=4764 touch_events=1335 touch_down=22 touch_up=22 touch_events_ge_8ms=24 touch_event_age_max_us=56269 chunks=5 ph_prepare_max_us=83 ph_overview_max_us=0 ph_enumerate_max_us=0 ph_uniform_max_us=0 ph_raw_max_us=0 ph_offscreen_max_us=0 ph_commit_max_us=0 drop_uni_slot=0 drop_uni_paint=0 drop_raw_edit=0 drop_raw_paint=0 off_skip=0 free_psram=1859920 largest_psram=1835008 authority_match=0
[21:28:15] TINYDRAW_LIVE_STROKE_DONE committed=1 refresh=1 commit_failed=0
[21:28:15] TINYDRAW_LIFT_BASELINE id=11 finish_preview_us=3014 builder_finish_us=59 append_us=615 append_max_us=126 refresh_wall_us=16 refresh_x0=840 refresh_y0=5360 refresh_x1=1112 refresh_y1=5720 refresh_compose_us=0 refresh_first_submit_us=0 refresh_first_complete_us=0 refresh_transfer_wait_us=0 stroke_logging_us=0 detected_to_poll_start_us=21005 detected_to_poll_complete_us=21018 poll_read_us=13 unattributed_tail_us=17301 reports_dropped=0 chunks=5 committed=1 refresh=1 commit_failed=0
[21:28:15] TINYDRAW_LIVE_DRAIN ops=5 total_us=58497 max_us=15728 failures=0 swap_wall_us=62870 swap_pass=1
[21:28:15] TINYDRAW_FILL_BASELINE result=complete zoom=400 x=780 y=5362 revision=4464 steps=1 wall_us=394 compute_total_us=358 compute_max_us=358 present_total_us=0 present_max_us=0 tick_max_us=369 producer_failures=0 presentation_failures=0
[21:28:15] TINYDRAW_LIVE_FILL_DONE zoom=400 x=780 y=5362 revision=4464
[21:28:15] TINYDRAW_LIVE_REPAIR views=8 steps=43
[21:28:17] TINYDRAW_LIVE_PRESENT kind=chrome zoom=400 x=780 y=5362 compose_us=18325 scroll_us=0 exposed_compose_us=0 chrome_us=82127 chrome_prepare_us=8 chrome_stage_us=82119 read_submit_us=28130 read_complete_us=40095 transfer_wait_us=95829 tile_pixels=151552 uniform_pixels=13312 overview_pixels=0 fallback_pixels=0 resident_tiles=48 fallback_tiles=0 pushes=11 tear_wait_us=9715 tear_edge_isr_to_resume_us=9 tear_edge_observed=1 tear_edge_wait_resumed=1 tear_edge_timeout=0 tear_heal_attempted=0 tear_heal_command_sent=0 presentation_experiment=boundary-top-sweep te_edge=rising requested_clock_mhz=50 effective_clock_mhz=40 frame_reused=0 pass=1
[21:28:18] TINYDRAW_LIVE_PRESENT kind=chrome zoom=400 x=780 y=5362 compose_us=18207 scroll_us=0 exposed_compose_us=0 chrome_us=4257 chrome_prepare_us=26 chrome_stage_us=4231 read_submit_us=28749 read_complete_us=32197 transfer_wait_us=20213 tile_pixels=151552 uniform_pixels=13312 overview_pixels=0 fallback_pixels=0 resident_tiles=48 fallback_tiles=0 pushes=11 tear_wait_us=10433 tear_edge_isr_to_resume_us=9 tear_edge_observed=1 tear_edge_wait_resumed=1 tear_edge_timeout=0 tear_heal_attempted=0 tear_heal_command_sent=0 presentation_experiment=boundary-top-sweep te_edge=rising requested_clock_mhz=50 effective_clock_mhz=40 frame_reused=0 pass=1
[21:28:18] TINYDRAW_LIVE_PRESENT kind=chrome zoom=400 x=780 y=5362 compose_us=18211 scroll_us=0 exposed_compose_us=0 chrome_us=9020 chrome_prepare_us=9 chrome_stage_us=9011 read_submit_us=30099 read_complete_us=33249 transfer_wait_us=25862 tile_pixels=151552 uniform_pixels=13312 overview_pixels=0 fallback_pixels=0 resident_tiles=48 fallback_tiles=0 pushes=11 tear_wait_us=11799 tear_edge_isr_to_resume_us=9 tear_edge_observed=1 tear_edge_wait_resumed=1 tear_edge_timeout=0 tear_heal_attempted=0 tear_heal_command_sent=0 presentation_experiment=boundary-top-sweep te_edge=rising requested_clock_mhz=50 effective_clock_mhz=40 frame_reused=0 pass=1
[21:28:19] TINYDRAW_LIVE_PRESENT kind=chrome zoom=400 x=780 y=5362 compose_us=18197 scroll_us=0 exposed_compose_us=0 chrome_us=8736 chrome_prepare_us=4493 chrome_stage_us=4243 read_submit_us=24343 read_complete_us=27963 transfer_wait_us=20616 tile_pixels=151552 uniform_pixels=13312 overview_pixels=0 fallback_pixels=0 resident_tiles=48 fallback_tiles=0 pushes=11 tear_wait_us=1571 tear_edge_isr_to_resume_us=11 tear_edge_observed=1 tear_edge_wait_resumed=1 tear_edge_timeout=0 tear_heal_attempted=0 tear_heal_command_sent=0 presentation_experiment=boundary-top-sweep te_edge=rising requested_clock_mhz=50 effective_clock_mhz=40 frame_reused=0 pass=1
[21:28:20] TINYDRAW_PAN_BASELINE zoom=400 x=774 y=5056 frames=9 reused=9 compose_avg_us=3656 compose_max_us=6930 present_avg_us=14379 present_max_us=16583 tear_wait_avg_us=9970 tear_wait_max_us=15259 failures=0
[21:28:20] TINYDRAW_FILL_BASELINE result=complete zoom=400 x=774 y=5056 revision=4464 steps=1 wall_us=383 compute_total_us=340 compute_max_us=340 present_total_us=0 present_max_us=0 tick_max_us=352 producer_failures=0 presentation_failures=0
[21:28:20] TINYDRAW_LIVE_FILL_DONE zoom=400 x=774 y=5056 revision=4464
[21:28:20] TINYDRAW_PAN_BASELINE zoom=400 x=930 y=4864 frames=7 reused=7 compose_avg_us=4734 compose_max_us=9887 present_avg_us=13940 present_max_us=16693 tear_wait_avg_us=6654 tear_wait_max_us=13551 failures=0
[21:28:20] TINYDRAW_FILL_BASELINE result=complete zoom=400 x=930 y=4864 revision=4464 steps=13 wall_us=107385 compute_total_us=40099 compute_max_us=6111 present_total_us=63218 present_max_us=50651 tick_max_us=7214 producer_failures=0 presentation_failures=0
[21:28:20] TINYDRAW_LIVE_FILL_DONE zoom=400 x=930 y=4864 revision=4464
[21:28:20] TINYDRAW_PAN_BASELINE zoom=400 x=1114 y=4820 frames=6 reused=6 compose_avg_us=3787 compose_max_us=8747 present_avg_us=16098 present_max_us=16443 tear_wait_avg_us=10655 tear_wait_max_us=14506 failures=0
[21:28:21] TINYDRAW_FILL_BASELINE result=complete zoom=400 x=1114 y=4820 revision=4464 steps=23 wall_us=120167 compute_total_us=52736 compute_max_us=4169 present_total_us=62244 present_max_us=53047 tick_max_us=5181 producer_failures=0 presentation_failures=0
[21:28:21] TINYDRAW_LIVE_FILL_DONE zoom=400 x=1114 y=4820 revision=4464
[21:28:21] TINYDRAW_PAN_BASELINE zoom=400 x=1276 y=4822 frames=6 reused=6 compose_avg_us=2809 compose_max_us=7369 present_avg_us=13581 present_max_us=16689 tear_wait_avg_us=8847 tear_wait_max_us=13613 failures=0
[21:28:21] TINYDRAW_FILL_BASELINE result=complete zoom=400 x=1276 y=4822 revision=4464 steps=6 wall_us=72202 compute_total_us=19446 compute_max_us=6975 present_total_us=50719 present_max_us=50701 tick_max_us=8255 producer_failures=0 presentation_failures=0
[21:28:21] TINYDRAW_LIVE_FILL_DONE zoom=400 x=1276 y=4822 revision=4464
[21:28:21] TINYDRAW_PAN_BASELINE zoom=400 x=1476 y=4930 frames=7 reused=7 compose_avg_us=3840 compose_max_us=9435 present_avg_us=13934 present_max_us=16740 tear_wait_avg_us=7983 tear_wait_max_us=14105 failures=0
[21:28:22] TINYDRAW_PAN_BASELINE zoom=400 x=1316 y=5102 frames=8 reused=8 compose_avg_us=3472 compose_max_us=9335 present_avg_us=16222 present_max_us=16701 tear_wait_avg_us=9929 tear_wait_max_us=14193 failures=0
[21:28:22] TINYDRAW_FILL_BASELINE result=superseded zoom=400 x=1476 y=4930 revision=4464 steps=35 wall_us=451035 compute_total_us=100852 compute_max_us=8441 present_total_us=70233 present_max_us=46001 tick_max_us=10725 producer_failures=0 presentation_failures=0
[21:28:22] TINYDRAW_FILL_BASELINE result=complete zoom=400 x=1316 y=5102 revision=4464 steps=8 wall_us=57233 compute_total_us=17638 compute_max_us=4515 present_total_us=37254 present_max_us=35437 tick_max_us=5655 producer_failures=0 presentation_failures=0
[21:28:22] TINYDRAW_LIVE_FILL_DONE zoom=400 x=1316 y=5102 revision=4464
[21:28:22] TINYDRAW_LIVE_PRESENT kind=power zoom=400 x=1316 y=5102 compose_us=12601 scroll_us=0 exposed_compose_us=0 chrome_us=4237 chrome_prepare_us=32 chrome_stage_us=4205 read_submit_us=30042 read_complete_us=33558 transfer_wait_us=20958 tile_pixels=64616 uniform_pixels=100248 overview_pixels=0 fallback_pixels=0 resident_tiles=56 fallback_tiles=0 pushes=11 tear_wait_us=16769 tear_edge_isr_to_resume_us=9 tear_edge_observed=1 tear_edge_wait_resumed=1 tear_edge_timeout=0 tear_heal_attempted=0 tear_heal_command_sent=0 presentation_experiment=boundary-top-sweep te_edge=rising requested_clock_mhz=50 effective_clock_mhz=40 frame_reused=0 pass=1
[21:28:22] TINYDRAW_PAN_BASELINE zoom=400 x=1308 y=4902 frames=6 reused=6 compose_avg_us=4463 compose_max_us=7457 present_avg_us=16193 present_max_us=16630 tear_wait_avg_us=11054 tear_wait_max_us=15015 failures=0
[21:28:22] TINYDRAW_FILL_BASELINE result=complete zoom=400 x=1308 y=4902 revision=4464 steps=3 wall_us=48159 compute_total_us=7863 compute_max_us=3797 present_total_us=38024 present_max_us=38024 tick_max_us=4086 producer_failures=0 presentation_failures=0
[21:28:22] TINYDRAW_LIVE_FILL_DONE zoom=400 x=1308 y=4902 revision=4464
[21:28:23] TINYDRAW_PAN_BASELINE zoom=400 x=1236 y=5084 frames=20 reused=20 compose_avg_us=2844 compose_max_us=6548 present_avg_us=15391 present_max_us=16656 tear_wait_avg_us=11149 tear_wait_max_us=14625 failures=0
[21:28:23] TINYDRAW_FILL_BASELINE result=complete zoom=400 x=1236 y=5084 revision=4464 steps=1 wall_us=314 compute_total_us=277 compute_max_us=277 present_total_us=0 present_max_us=0 tick_max_us=287 producer_failures=0 presentation_failures=0
[21:28:23] TINYDRAW_LIVE_FILL_DONE zoom=400 x=1236 y=5084 revision=4464
[21:28:23] TINYDRAW_LIVE_REPAIR views=8 steps=80
[21:28:24] TINYDRAW_PAN_BASELINE zoom=400 x=1264 y=5014 frames=25 reused=25 compose_avg_us=706 compose_max_us=1903 present_avg_us=14244 present_max_us=16627 tear_wait_avg_us=12102 tear_wait_max_us=15246 failures=0
[21:28:24] TINYDRAW_FILL_BASELINE result=complete zoom=400 x=1264 y=5014 revision=4464 steps=1 wall_us=453 compute_total_us=417 compute_max_us=417 present_total_us=0 present_max_us=0 tick_max_us=427 producer_failures=0 presentation_failures=0
[21:28:24] TINYDRAW_LIVE_FILL_DONE zoom=400 x=1264 y=5014 revision=4464
[21:28:24] TINYDRAW_LIVE_REPAIR views=8 steps=37
[21:28:25] TINYDRAW_LIVE_PRESENT kind=chrome zoom=400 x=1264 y=5014 compose_us=13256 scroll_us=0 exposed_compose_us=0 chrome_us=82369 chrome_prepare_us=9 chrome_stage_us=82360 read_submit_us=20937 read_complete_us=32917 transfer_wait_us=96023 tile_pixels=69952 uniform_pixels=94912 overview_pixels=0 fallback_pixels=0 resident_tiles=56 fallback_tiles=0 pushes=11 tear_wait_us=7591 tear_edge_isr_to_resume_us=9 tear_edge_observed=1 tear_edge_wait_resumed=1 tear_edge_timeout=0 tear_heal_attempted=0 tear_heal_command_sent=0 presentation_experiment=boundary-top-sweep te_edge=rising requested_clock_mhz=50 effective_clock_mhz=40 frame_reused=0 pass=1
[21:28:28] TINYDRAW_LIVE_PRESENT kind=chrome zoom=400 x=1264 y=5014 compose_us=13171 scroll_us=0 exposed_compose_us=0 chrome_us=82352 chrome_prepare_us=8 chrome_stage_us=82344 read_submit_us=16051 read_complete_us=28055 transfer_wait_us=95913 tile_pixels=69952 uniform_pixels=94912 overview_pixels=0 fallback_pixels=0 resident_tiles=56 fallback_tiles=0 pushes=11 tear_wait_us=2787 tear_edge_isr_to_resume_us=14 tear_edge_observed=1 tear_edge_wait_resumed=1 tear_edge_timeout=0 tear_heal_attempted=0 tear_heal_command_sent=0 presentation_experiment=boundary-top-sweep te_edge=rising requested_clock_mhz=50 effective_clock_mhz=40 frame_reused=0 pass=1
[21:28:28] TINYDRAW_LIVE_PRESENT kind=chrome zoom=400 x=1264 y=5014 compose_us=13175 scroll_us=0 exposed_compose_us=0 chrome_us=82343 chrome_prepare_us=9 chrome_stage_us=82334 read_submit_us=20167 read_complete_us=32183 transfer_wait_us=95800 tile_pixels=69952 uniform_pixels=94912 overview_pixels=0 fallback_pixels=0 resident_tiles=56 fallback_tiles=0 pushes=11 tear_wait_us=6899 tear_edge_isr_to_resume_us=10 tear_edge_observed=1 tear_edge_wait_resumed=1 tear_edge_timeout=0 tear_heal_attempted=0 tear_heal_command_sent=0 presentation_experiment=boundary-top-sweep te_edge=rising requested_clock_mhz=50 effective_clock_mhz=40 frame_reused=0 pass=1
[21:28:28] TINYDRAW_LIVE_PRESENT kind=chrome zoom=400 x=1264 y=5014 compose_us=13204 scroll_us=0 exposed_compose_us=0 chrome_us=8652 chrome_prepare_us=4444 chrome_stage_us=4208 read_submit_us=34522 read_complete_us=38154 transfer_wait_us=20428 tile_pixels=69952 uniform_pixels=94912 overview_pixels=0 fallback_pixels=0 resident_tiles=56 fallback_tiles=0 pushes=11 tear_wait_us=16790 tear_edge_isr_to_resume_us=9 tear_edge_observed=1 tear_edge_wait_resumed=1 tear_edge_timeout=0 tear_heal_attempted=0 tear_heal_command_sent=0 presentation_experiment=boundary-top-sweep te_edge=rising requested_clock_mhz=50 effective_clock_mhz=40 frame_reused=0 pass=1
[21:28:29] TINYDRAW_LIVE_PRESENT kind=chrome zoom=400 x=1264 y=5014 compose_us=13187 scroll_us=0 exposed_compose_us=0 chrome_us=9051 chrome_prepare_us=9 chrome_stage_us=9042 read_submit_us=20635 read_complete_us=23833 transfer_wait_us=25326 tile_pixels=69952 uniform_pixels=94912 overview_pixels=0 fallback_pixels=0 resident_tiles=56 fallback_tiles=0 pushes=11 tear_wait_us=7359 tear_edge_isr_to_resume_us=8 tear_edge_observed=1 tear_edge_wait_resumed=1 tear_edge_timeout=0 tear_heal_attempted=0 tear_heal_command_sent=0 presentation_experiment=boundary-top-sweep te_edge=rising requested_clock_mhz=50 effective_clock_mhz=40 frame_reused=0 pass=1
[21:28:29] TINYDRAW_LIVE_PRESENT kind=chrome zoom=400 x=1264 y=5014 compose_us=13182 scroll_us=0 exposed_compose_us=0 chrome_us=4242 chrome_prepare_us=26 chrome_stage_us=4216 read_submit_us=26655 read_complete_us=30149 transfer_wait_us=20303 tile_pixels=69952 uniform_pixels=94912 overview_pixels=0 fallback_pixels=0 resident_tiles=56 fallback_tiles=0 pushes=11 tear_wait_us=13362 tear_edge_isr_to_resume_us=8 tear_edge_observed=1 tear_edge_wait_resumed=1 tear_edge_timeout=0 tear_heal_attempted=0 tear_heal_command_sent=0 presentation_experiment=boundary-top-sweep te_edge=rising requested_clock_mhz=50 effective_clock_mhz=40 frame_reused=0 pass=1
[21:28:30] TINYDRAW_LIVE_PRESENT kind=chrome zoom=400 x=1264 y=5014 compose_us=13196 scroll_us=0 exposed_compose_us=0 chrome_us=8860 chrome_prepare_us=9 chrome_stage_us=8851 read_submit_us=24457 read_complete_us=27630 transfer_wait_us=25500 tile_pixels=69952 uniform_pixels=94912 overview_pixels=0 fallback_pixels=0 resident_tiles=56 fallback_tiles=0 pushes=11 tear_wait_us=11170 tear_edge_isr_to_resume_us=9 tear_edge_observed=1 tear_edge_wait_resumed=1 tear_edge_timeout=0 tear_heal_attempted=0 tear_heal_command_sent=0 presentation_experiment=boundary-top-sweep te_edge=rising requested_clock_mhz=50 effective_clock_mhz=40 frame_reused=0 pass=1
[21:28:30] TINYDRAW_LIVE_PRESENT kind=chrome zoom=400 x=1264 y=5014 compose_us=13166 scroll_us=0 exposed_compose_us=0 chrome_us=8241 chrome_prepare_us=9 chrome_stage_us=8232 read_submit_us=16959 read_complete_us=20172 transfer_wait_us=24999 tile_pixels=69952 uniform_pixels=94912 overview_pixels=0 fallback_pixels=0 resident_tiles=56 fallback_tiles=0 pushes=11 tear_wait_us=3694 tear_edge_isr_to_resume_us=9 tear_edge_observed=1 tear_edge_wait_resumed=1 tear_edge_timeout=0 tear_heal_attempted=0 tear_heal_command_sent=0 presentation_experiment=boundary-top-sweep te_edge=rising requested_clock_mhz=50 effective_clock_mhz=40 frame_reused=0 pass=1
[21:28:33] TINYDRAW_LIVE_PRESENT kind=chrome zoom=400 x=1264 y=5014 compose_us=13151 scroll_us=0 exposed_compose_us=0 chrome_us=8461 chrome_prepare_us=4222 chrome_stage_us=4239 read_submit_us=32366 read_complete_us=35976 transfer_wait_us=20592 tile_pixels=69952 uniform_pixels=94912 overview_pixels=0 fallback_pixels=0 resident_tiles=56 fallback_tiles=0 pushes=11 tear_wait_us=14909 tear_edge_isr_to_resume_us=10 tear_edge_observed=1 tear_edge_wait_resumed=1 tear_edge_timeout=0 tear_heal_attempted=0 tear_heal_command_sent=0 presentation_experiment=boundary-top-sweep te_edge=rising requested_clock_mhz=50 effective_clock_mhz=40 frame_reused=0 pass=1
[21:28:34] TINYDRAW_LIVE_DRAIN ops=2 total_us=10391 max_us=7310 failures=0 swap_wall_us=12848 swap_pass=1
[21:28:35] TINYDRAW_LIVE_STROKE revision=4464 operations=101 samples=3085 append_us=233 append_max_us=122 refresh_compose_us=0 refresh_complete_us=0 ink_samples=53 read_submit_avg_us=1172 read_submit_max_us=1945 read_complete_avg_us=1666 read_complete_max_us=2251 submit_over_16ms=0 complete_over_33ms=0 presentation_failures=0 poll_max_us=170004 touch_errors=0 touch_overflows=0 touch_moves_coalesced=3348 touch_events=943 touch_down=23 touch_up=23 touch_events_ge_8ms=20 touch_event_age_max_us=62014 chunks=2 ph_prepare_max_us=79 ph_overview_max_us=0 ph_enumerate_max_us=0 ph_uniform_max_us=0 ph_raw_max_us=0 ph_offscreen_max_us=0 ph_commit_max_us=0 drop_uni_slot=0 drop_uni_paint=0 drop_raw_edit=0 drop_raw_paint=0 off_skip=0 free_psram=1859920 largest_psram=1835008 authority_match=0
[21:28:35] TINYDRAW_LIVE_STROKE_DONE committed=1 refresh=1 commit_failed=0
[21:28:35] TINYDRAW_LIFT_BASELINE id=12 finish_preview_us=1062 builder_finish_us=78 append_us=233 append_max_us=122 refresh_wall_us=15 refresh_x0=1288 refresh_y0=5268 refresh_x1=1376 refresh_y1=5356 refresh_compose_us=0 refresh_first_submit_us=0 refresh_first_complete_us=0 refresh_transfer_wait_us=0 stroke_logging_us=0 detected_to_poll_start_us=10005 detected_to_poll_complete_us=10018 poll_read_us=13 unattributed_tail_us=8617 reports_dropped=0 chunks=2 committed=1 refresh=1 commit_failed=0
[21:28:35] TINYDRAW_FILL_BASELINE result=complete zoom=400 x=1264 y=5014 revision=4466 steps=1 wall_us=462 compute_total_us=408 compute_max_us=408 present_total_us=0 present_max_us=0 tick_max_us=425 producer_failures=0 presentation_failures=0
[21:28:35] TINYDRAW_LIVE_FILL_DONE zoom=400 x=1264 y=5014 revision=4466
[21:28:35] TINYDRAW_LIVE_REPAIR views=8 steps=8
[21:28:40] TINYDRAW_LIVE_STROKE revision=4466 operations=112 samples=3426 append_us=1356 append_max_us=126 refresh_compose_us=0 refresh_complete_us=0 ink_samples=332 read_submit_avg_us=1366 read_submit_max_us=2460 read_complete_avg_us=1919 read_complete_max_us=3175 submit_over_16ms=0 complete_over_33ms=0 presentation_failures=0 poll_max_us=25995 touch_errors=0 touch_overflows=0 touch_moves_coalesced=2335 touch_events=1829 touch_down=1 touch_up=1 touch_events_ge_8ms=0 touch_event_age_max_us=1248 chunks=11 ph_prepare_max_us=83 ph_overview_max_us=0 ph_enumerate_max_us=0 ph_uniform_max_us=0 ph_raw_max_us=0 ph_offscreen_max_us=0 ph_commit_max_us=0 drop_uni_slot=0 drop_uni_paint=0 drop_raw_edit=0 drop_raw_paint=0 off_skip=0 free_psram=1859920 largest_psram=1835008 authority_match=0
[21:28:40] TINYDRAW_LIVE_STROKE_DONE committed=1 refresh=1 commit_failed=0
[21:28:40] TINYDRAW_LIFT_BASELINE id=13 finish_preview_us=1056 builder_finish_us=80 append_us=1356 append_max_us=126 refresh_wall_us=15 refresh_x0=1284 refresh_y0=5192 refresh_x1=1452 refresh_y1=5388 refresh_compose_us=0 refresh_first_submit_us=0 refresh_first_complete_us=0 refresh_transfer_wait_us=0 stroke_logging_us=0 detected_to_poll_start_us=12006 detected_to_poll_complete_us=12019 poll_read_us=13 unattributed_tail_us=9499 reports_dropped=0 chunks=11 committed=1 refresh=1 commit_failed=0
[21:28:40] TINYDRAW_LIVE_DRAIN ops=11 total_us=63918 max_us=8636 failures=0 swap_wall_us=25719 swap_pass=1
[21:28:40] TINYDRAW_FILL_BASELINE result=complete zoom=400 x=1264 y=5014 revision=4477 steps=1 wall_us=460 compute_total_us=405 compute_max_us=405 present_total_us=0 present_max_us=0 tick_max_us=423 producer_failures=0 presentation_failures=0
[21:28:40] TINYDRAW_LIVE_FILL_DONE zoom=400 x=1264 y=5014 revision=4477
[21:28:40] TINYDRAW_LIVE_REPAIR views=8 steps=18
[21:28:42] TINYDRAW_LIVE_PRESENT kind=chrome zoom=400 x=1264 y=5014 compose_us=15436 scroll_us=0 exposed_compose_us=0 chrome_us=81668 chrome_prepare_us=12 chrome_stage_us=81656 read_submit_us=20941 read_complete_us=32943 transfer_wait_us=96019 tile_pixels=115008 uniform_pixels=49856 overview_pixels=0 fallback_pixels=0 resident_tiles=56 fallback_tiles=0 pushes=11 tear_wait_us=5385 tear_edge_isr_to_resume_us=9 tear_edge_observed=1 tear_edge_wait_resumed=1 tear_edge_timeout=0 tear_heal_attempted=0 tear_heal_command_sent=0 presentation_experiment=boundary-top-sweep te_edge=rising requested_clock_mhz=50 effective_clock_mhz=40 frame_reused=0 pass=1
[21:28:43] TINYDRAW_LIVE_PRESENT kind=chrome zoom=400 x=1264 y=5014 compose_us=15389 scroll_us=0 exposed_compose_us=0 chrome_us=4227 chrome_prepare_us=27 chrome_stage_us=4200 read_submit_us=19099 read_complete_us=22566 transfer_wait_us=20863 tile_pixels=115008 uniform_pixels=49856 overview_pixels=0 fallback_pixels=0 resident_tiles=56 fallback_tiles=0 pushes=11 tear_wait_us=3595 tear_edge_isr_to_resume_us=9 tear_edge_observed=1 tear_edge_wait_resumed=1 tear_edge_timeout=0 tear_heal_attempted=0 tear_heal_command_sent=0 presentation_experiment=boundary-top-sweep te_edge=rising requested_clock_mhz=50 effective_clock_mhz=40 frame_reused=0 pass=1
[21:28:43] TINYDRAW_LIVE_PRESENT kind=chrome zoom=400 x=1264 y=5014 compose_us=15392 scroll_us=0 exposed_compose_us=0 chrome_us=8406 chrome_prepare_us=9 chrome_stage_us=8397 read_submit_us=18131 read_complete_us=21333 transfer_wait_us=24826 tile_pixels=115008 uniform_pixels=49856 overview_pixels=0 fallback_pixels=0 resident_tiles=56 fallback_tiles=0 pushes=11 tear_wait_us=2649 tear_edge_isr_to_resume_us=9 tear_edge_observed=1 tear_edge_wait_resumed=1 tear_edge_timeout=0 tear_heal_attempted=0 tear_heal_command_sent=0 presentation_experiment=boundary-top-sweep te_edge=rising requested_clock_mhz=50 effective_clock_mhz=40 frame_reused=0 pass=1
[21:28:44] TINYDRAW_LIVE_PRESENT kind=chrome zoom=400 x=1264 y=5014 compose_us=15371 scroll_us=0 exposed_compose_us=0 chrome_us=7525 chrome_prepare_us=9 chrome_stage_us=7516 read_submit_us=24333 read_complete_us=27546 transfer_wait_us=23625 tile_pixels=115008 uniform_pixels=49856 overview_pixels=0 fallback_pixels=0 resident_tiles=56 fallback_tiles=0 pushes=11 tear_wait_us=8870 tear_edge_isr_to_resume_us=9 tear_edge_observed=1 tear_edge_wait_resumed=1 tear_edge_timeout=0 tear_heal_attempted=0 tear_heal_command_sent=0 presentation_experiment=boundary-top-sweep te_edge=rising requested_clock_mhz=50 effective_clock_mhz=40 frame_reused=0 pass=1
[21:28:45] TINYDRAW_LIVE_PRESENT kind=chrome zoom=400 x=1264 y=5014 compose_us=15360 scroll_us=0 exposed_compose_us=0 chrome_us=8596 chrome_prepare_us=4394 chrome_stage_us=4202 read_submit_us=32526 read_complete_us=36140 transfer_wait_us=20431 tile_pixels=115008 uniform_pixels=49856 overview_pixels=0 fallback_pixels=0 resident_tiles=56 fallback_tiles=0 pushes=11 tear_wait_us=12687 tear_edge_isr_to_resume_us=9 tear_edge_observed=1 tear_edge_wait_resumed=1 tear_edge_timeout=0 tear_heal_attempted=0 tear_heal_command_sent=0 presentation_experiment=boundary-top-sweep te_edge=rising requested_clock_mhz=50 effective_clock_mhz=40 frame_reused=0 pass=1
[21:28:46] TINYDRAW_LIVE_PRESENT kind=chrome zoom=400 x=1264 y=5014 compose_us=15395 scroll_us=0 exposed_compose_us=0 chrome_us=81931 chrome_prepare_us=9 chrome_stage_us=81922 read_submit_us=30955 read_complete_us=42950 transfer_wait_us=96003 tile_pixels=115008 uniform_pixels=49856 overview_pixels=0 fallback_pixels=0 resident_tiles=56 fallback_tiles=0 pushes=11 tear_wait_us=15465 tear_edge_isr_to_resume_us=9 tear_edge_observed=1 tear_edge_wait_resumed=1 tear_edge_timeout=0 tear_heal_attempted=0 tear_heal_command_sent=0 presentation_experiment=boundary-top-sweep te_edge=rising requested_clock_mhz=50 effective_clock_mhz=40 frame_reused=0 pass=1
[21:28:47] TINYDRAW_LIVE_PRESENT kind=chrome zoom=400 x=1264 y=5014 compose_us=15383 scroll_us=0 exposed_compose_us=0 chrome_us=4220 chrome_prepare_us=26 chrome_stage_us=4194 read_submit_us=17936 read_complete_us=21417 transfer_wait_us=20026 tile_pixels=115008 uniform_pixels=49856 overview_pixels=0 fallback_pixels=0 resident_tiles=56 fallback_tiles=0 pushes=11 tear_wait_us=2441 tear_edge_isr_to_resume_us=8 tear_edge_observed=1 tear_edge_wait_resumed=1 tear_edge_timeout=0 tear_heal_attempted=0 tear_heal_command_sent=0 presentation_experiment=boundary-top-sweep te_edge=rising requested_clock_mhz=50 effective_clock_mhz=40 frame_reused=0 pass=1
[21:28:49] TINYDRAW_LIVE_PRESENT kind=chrome zoom=400 x=1264 y=5014 compose_us=15362 scroll_us=0 exposed_compose_us=0 chrome_us=81950 chrome_prepare_us=9 chrome_stage_us=81941 read_submit_us=15841 read_complete_us=27862 transfer_wait_us=96120 tile_pixels=115008 uniform_pixels=49856 overview_pixels=0 fallback_pixels=0 resident_tiles=56 fallback_tiles=0 pushes=11 tear_wait_us=388 tear_edge_isr_to_resume_us=12 tear_edge_observed=1 tear_edge_wait_resumed=1 tear_edge_timeout=0 tear_heal_attempted=0 tear_heal_command_sent=0 presentation_experiment=boundary-top-sweep te_edge=rising requested_clock_mhz=50 effective_clock_mhz=40 frame_reused=0 pass=1
[21:28:49] TINYDRAW_LIVE_PRESENT kind=chrome zoom=400 x=1264 y=5014 compose_us=15406 scroll_us=0 exposed_compose_us=0 chrome_us=8577 chrome_prepare_us=4342 chrome_stage_us=4235 read_submit_us=30279 read_complete_us=33897 transfer_wait_us=20671 tile_pixels=115008 uniform_pixels=49856 overview_pixels=0 fallback_pixels=0 resident_tiles=56 fallback_tiles=0 pushes=11 tear_wait_us=10449 tear_edge_isr_to_resume_us=10 tear_edge_observed=1 tear_edge_wait_resumed=1 tear_edge_timeout=0 tear_heal_attempted=0 tear_heal_command_sent=0 presentation_experiment=boundary-top-sweep te_edge=rising requested_clock_mhz=50 effective_clock_mhz=40 frame_reused=0 pass=1
[21:29:42] TINYDRAW_LIVE_STROKE revision=4575 operations=234 samples=7314 append_us=887029 append_max_us=13386 refresh_compose_us=0 refresh_complete_us=0 ink_samples=3635 read_submit_avg_us=1609 read_submit_max_us=7379 read_complete_avg_us=2406 read_complete_max_us=9127 submit_over_16ms=0 complete_over_33ms=0 presentation_failures=0 poll_max_us=174004 touch_errors=0 touch_overflows=0 touch_moves_coalesced=29935 touch_events=21005 touch_down=10 touch_up=10 touch_events_ge_8ms=0 touch_event_age_max_us=1249 chunks=122 ph_prepare_max_us=156 ph_overview_max_us=0 ph_enumerate_max_us=0 ph_uniform_max_us=0 ph_raw_max_us=0 ph_offscreen_max_us=0 ph_commit_max_us=0 drop_uni_slot=0 drop_uni_paint=0 drop_raw_edit=0 drop_raw_paint=0 off_skip=0 free_psram=1859920 largest_psram=1835008 authority_match=0
[21:29:42] TINYDRAW_LIVE_STROKE_DONE committed=1 refresh=1 commit_failed=0
[21:29:42] TINYDRAW_LIFT_BASELINE id=14 finish_preview_us=3012 builder_finish_us=54 append_us=887029 append_max_us=13386 refresh_wall_us=14 refresh_x0=1268 refresh_y0=5028 refresh_x1=1612 refresh_y1=5444 refresh_compose_us=0 refresh_first_submit_us=0 refresh_first_complete_us=0 refresh_transfer_wait_us=0 stroke_logging_us=0 detected_to_poll_start_us=19562 detected_to_poll_complete_us=19578 poll_read_us=16 unattributed_tail_us=-870547 reports_dropped=0 chunks=122 committed=1 refresh=1 commit_failed=0
[21:29:42] TINYDRAW_LIVE_DRAIN ops=24 total_us=138876 max_us=9122 failures=0 swap_wall_us=77074 swap_pass=1
[21:29:42] TINYDRAW_FILL_BASELINE result=complete zoom=400 x=1264 y=5014 revision=4599 steps=1 wall_us=466 compute_total_us=412 compute_max_us=412 present_total_us=0 present_max_us=0 tick_max_us=429 producer_failures=0 presentation_failures=0
[21:29:42] TINYDRAW_LIVE_FILL_DONE zoom=400 x=1264 y=5014 revision=4599
[21:29:42] TINYDRAW_LIVE_REPAIR views=8 steps=66
[21:30:12] TINYDRAW_LIVE_PRESENT kind=power zoom=400 x=1264 y=5014 compose_us=17815 scroll_us=0 exposed_compose_us=0 chrome_us=4264 chrome_prepare_us=26 chrome_stage_us=4238 read_submit_us=32785 read_complete_us=36264 transfer_wait_us=20216 tile_pixels=160704 uniform_pixels=4160 overview_pixels=0 fallback_pixels=0 resident_tiles=56 fallback_tiles=0 pushes=11 tear_wait_us=14312 tear_edge_isr_to_resume_us=20 tear_edge_observed=1 tear_edge_wait_resumed=1 tear_edge_timeout=0 tear_heal_attempted=0 tear_heal_command_sent=0 presentation_experiment=boundary-top-sweep te_edge=rising requested_clock_mhz=50 effective_clock_mhz=40 frame_reused=0 pass=1
[21:30:42] TINYDRAW_LIVE_PRESENT kind=power zoom=400 x=1264 y=5014 compose_us=17676 scroll_us=0 exposed_compose_us=0 chrome_us=4208 chrome_prepare_us=26 chrome_stage_us=4182 read_submit_us=22268 read_complete_us=25744 transfer_wait_us=20733 tile_pixels=160704 uniform_pixels=4160 overview_pixels=0 fallback_pixels=0 resident_tiles=56 fallback_tiles=0 pushes=11 tear_wait_us=3936 tear_edge_isr_to_resume_us=10 tear_edge_observed=1 tear_edge_wait_resumed=1 tear_edge_timeout=0 tear_heal_attempted=0 tear_heal_command_sent=0 presentation_experiment=boundary-top-sweep te_edge=rising requested_clock_mhz=50 effective_clock_mhz=40 frame_reused=0 pass=1
[21:31:12] TINYDRAW_LIVE_PRESENT kind=power zoom=400 x=1264 y=5014 compose_us=17676 scroll_us=0 exposed_compose_us=0 chrome_us=4273 chrome_prepare_us=26 chrome_stage_us=4247 read_submit_us=27548 read_complete_us=31019 transfer_wait_us=20453 tile_pixels=160704 uniform_pixels=4160 overview_pixels=0 fallback_pixels=0 resident_tiles=56 fallback_tiles=0 pushes=11 tear_wait_us=9215 tear_edge_isr_to_resume_us=11 tear_edge_observed=1 tear_edge_wait_resumed=1 tear_edge_timeout=0 tear_heal_attempted=0 tear_heal_command_sent=0 presentation_experiment=boundary-top-sweep te_edge=rising requested_clock_mhz=50 effective_clock_mhz=40 frame_reused=0 pass=1
[21:31:42] TINYDRAW_LIVE_PRESENT kind=power zoom=400 x=1264 y=5014 compose_us=17671 scroll_us=0 exposed_compose_us=0 chrome_us=4226 chrome_prepare_us=26 chrome_stage_us=4200 read_submit_us=21362 read_complete_us=24837 transfer_wait_us=20639 tile_pixels=160704 uniform_pixels=4160 overview_pixels=0 fallback_pixels=0 resident_tiles=56 fallback_tiles=0 pushes=11 tear_wait_us=3034 tear_edge_isr_to_resume_us=10 tear_edge_observed=1 tear_edge_wait_resumed=1 tear_edge_timeout=0 tear_heal_attempted=0 tear_heal_command_sent=0 presentation_experiment=boundary-top-sweep te_edge=rising requested_clock_mhz=50 effective_clock_mhz=40 frame_reused=0 pass=1
