[22:20:32] TINYDRAW_LIVE_PRESENT kind=power zoom=25 x=0 y=0 compose_us=2590ESP-ROM:esp32s3-20210327
[22:20:32] Build:Mar 27 2021
[22:20:32] rst:0x15 (USB_UART_CHIP_RESET),boot:0x2b (SPI_FAST_FLASH_BOOT)
[22:20:32] Saved PC:0x4037b8fa
[22:20:32] SPIWP:0xee
[22:20:32] mode:DIO, clock div:1
[22:20:32] load:0x3fce2820,len:0x1664
[22:20:32] load:0x403c8700,len:0xf38
[22:20:32] load:0x403cb700,len:0x31e8
[22:20:32] entry 0x403c8930
[22:20:32] I (24) boot: ESP-IDF v6.0.2 2nd stage bootloader
[22:20:32] I (24) boot: compile time Aug 16 2026 22:08:32
[22:20:32] I (25) boot: Multicore bootloader
[22:20:32] I (25) boot: chip revision: v0.2
[22:20:32] I (28) boot: efuse block revision: v1.3
[22:20:32] I (31) qio_mode: Enabling default flash chip QIO
[22:20:32] I (36) boot.esp32s3: Boot SPI Speed : 80MHz
[22:20:32] I (39) boot.esp32s3: SPI Mode       : QIO
[22:20:32] I (43) boot.esp32s3: SPI Flash Size : 16MB
[22:20:32] I (47) boot: Enabling RNG early entropy source...
[22:20:32] I (51) boot: Partition Table:
[22:20:32] I (54) boot: ## Label            Usage          Type ST Offset   Length
[22:20:32] I (60) boot:  0 nvs              WiFi data        01 02 00009000 00006000
[22:20:32] I (67) boot:  1 phy_init         RF data          01 01 0000f000 00001000
[22:20:32] I (73) boot:  2 factory          factory app      00 00 00010000 00100000
[22:20:32] I (80) boot:  3 drawing          Unknown data     01 40 00110000 00300000
[22:20:32] I (86) boot:  4 export           Unknown data     01 41 00410000 00500000
[22:20:32] I (93) boot:  5 coredump         Unknown data     01 03 00910000 00010000
[22:20:32] I (100) boot: End of partition table
[22:20:32] I (103) esp_image: segment 0: paddr=00010020 vaddr=3c050020 size=2c05ch (180316) map
[22:20:32] I (138) esp_image: segment 1: paddr=0003c084 vaddr=3fc96000 size=03764h ( 14180) load
[22:20:32] I (141) esp_image: segment 2: paddr=0003f7f0 vaddr=40374000 size=00828h (  2088) load
[22:20:32] I (143) esp_image: segment 3: paddr=00040020 vaddr=42000020 size=4f5fch (325116) map
[22:20:32] I (200) esp_image: segment 4: paddr=0008f624 vaddr=40374828 size=116ech ( 71404) load
[22:20:32] I (215) esp_image: segment 5: paddr=000a0d18 vaddr=50000000 size=00024h (    36) load
[22:20:32] I (223) boot: Loaded app from partition at offset 0x10000
[22:20:32] I (223) boot: Disabling RNG early entropy source...
[22:20:32] I (233) octal_psram: vendor id    : 0x0d (AP)
[22:20:32] I (233) octal_psram: dev id       : 0x02 (generation 3)
[22:20:32] I (233) octal_psram: density      : 0x03 (64 Mbit)
[22:20:32] I (235) octal_psram: good-die     : 0x01 (Pass)
[22:20:32] I (239) octal_psram: Latency      : 0x01 (Fixed)
[22:20:32] I (244) octal_psram: VCC          : 0x01 (3V)
[22:20:32] I (248) octal_psram: SRF          : 0x01 (Fast Refresh)
[22:20:32] I (253) octal_psram: BurstType    : 0x01 (Hybrid Wrap)
[22:20:32] I (257) octal_psram: BurstLen     : 0x01 (32 Byte)
[22:20:32] I (262) octal_psram: Readlatency  : 0x02 (10 cycles@Fixed)
[22:20:32] I (267) octal_psram: DriveStrength: 0x00 (1/1)
[22:20:32] I (271) MSPI Timing: Enter psram timing tuning
[22:20:32] I (276) esp_psram: Found 8MB PSRAM device
[22:20:32] I (279) esp_psram: Speed: 80MHz
[22:20:32] I (282) cpu_start: Multicore app
[22:20:32] I (698) esp_psram: SPI SRAM memory test OK
[22:20:32] I (706) cpu_start: GPIO 44 and 43 are used as console UART I/O pins
[22:20:32] I (707) cpu_start: Pro cpu start user code
[22:20:32] I (707) cpu_start: cpu freq: 240000000 Hz
[22:20:32] I (709) app_init: Application information:
[22:20:32] I (713) app_init: Project name:     tinydraw_esp32
[22:20:32] I (717) app_init: App version:      9646969-dirty
[22:20:32] I (721) app_init: Compile time:     Aug 16 2026 22:08:25
[22:20:32] I (727) app_init: ELF file SHA256:  7e53165d8...
[22:20:32] I (731) app_init: ESP-IDF:          v6.0.2
[22:20:32] I (735) efuse_init: Min chip rev:     v0.0
[22:20:32] I (738) efuse_init: Max chip rev:     v0.99 
[22:20:32] I (742) efuse_init: Chip rev:         v0.2
[22:20:32] I (746) heap_init: Initializing. RAM available for dynamic allocation:
[22:20:32] I (753) heap_init: At 3FC9AB90 len 0004EB80 (314 KiB): RAM
[22:20:32] I (758) heap_init: At 3FCE9710 len 00005724 (21 KiB): RAM
[22:20:32] I (763) heap_init: At 3FCF0000 len 00008000 (32 KiB): DRAM
[22:20:32] I (768) heap_init: At 600FE000 len 00001FE8 (7 KiB): RTCRAM
[22:20:32] I (774) esp_psram: Adding pool of 8192K of PSRAM memory to heap allocator
[22:20:32] I (780) spi_flash: detected chip: generic
[22:20:32] I (784) spi_flash: flash io: qio
[22:20:32] I (787) sleep_gpio: Configure to isolate all GPIO pins in sleep state
[22:20:32] I (793) sleep_gpio: Enable automatic switching of GPIO sleep configuration
[22:20:32] I (800) main_task: Started on CPU0
[22:20:32] I (803) main_task: Calling app_main()
[22:20:32] TINYDRAW_PRODUCER_SCRATCH supertask_internal=1 slot_directory_internal=0 free_internal=299676 free_psram=1861508
[22:20:33] TINYDRAW_PANEL_HARD_RESET=1
[22:20:33] TINYDRAW_PANEL_TRANSPORT requested_clock_mhz=50 effective_clock_mhz=40
[22:20:33] I (1010) co5300: version: 2.1.0
[22:20:33] I (1010) co5300_spi: LCD panel create success, version: 2.1.0
[22:20:33] W (1095) co5300_spi: The 3Ah command has been used and will be overwritten by external initialization sequence
[22:20:33] I (1196) CST816S: IC id: 183
[22:20:33] TINYDRAW_VECTOR_V2_PRESENTATION experiment=boundary-top-sweep te_edge=rising requested_clock_mhz=50 effective_clock_mhz=40 optical_acceptance=external_manual
[22:20:33] TINYDRAW_LIVE_PRESENT kind=startup zoom=25 x=0 y=0 compose_us=26082 scroll_us=0 exposed_compose_us=0 chrome_us=17010 chrome_prepare_us=11947 chrome_stage_us=5063 read_submit_us=0 read_complete_us=0 transfer_wait_us=20436 tile_pixels=0 uniform_pixels=0 overview_pixels=164864 fallback_pixels=0 resident_tiles=0 fallback_tiles=0 pushes=11 tear_wait_us=16732 tear_edge_isr_to_resume_us=9 tear_edge_observed=1 tear_edge_wait_resumed=1 tear_edge_timeout=0 tear_heal_attempted=0 tear_heal_command_sent=0 presentation_experiment=boundary-top-sweep te_edge=rising requested_clock_mhz=50 effective_clock_mhz=40 frame_reused=0 pass=1
[22:20:34] TINYDRAW_LIVE_STRESS operations=1000 samples=20000 total_us=749174 average_us=749 maximum_us=1022 free_psram=1859920 largest_psram=1835008
[22:20:34] TINYDRAW_LIVE_PRESENT kind=gate_fallback zoom=100 x=0 y=0 compose_us=11341 scroll_us=0 exposed_compose_us=0 chrome_us=11137 chrome_prepare_us=6762 chrome_stage_us=4375 read_submit_us=25178 read_complete_us=28558 transfer_wait_us=20764 tile_pixels=0 uniform_pixels=0 overview_pixels=0 fallback_pixels=164864 resident_tiles=0 fallback_tiles=42 pushes=11 tear_wait_us=6952 tear_edge_isr_to_resume_us=12 tear_edge_observed=1 tear_edge_wait_resumed=1 tear_edge_timeout=0 tear_heal_attempted=0 tear_heal_command_sent=0 presentation_experiment=boundary-top-sweep te_edge=rising requested_clock_mhz=50 effective_clock_mhz=40 frame_reused=0 pass=1
[22:20:34] TINYDRAW_GATE1_HARD zoom=100 cold=1 operations=1000 samples=20000 steps=193 tiles=42 scanned=12000 rendered=122 max_supertask_us=6789 presentation_us=69332 total_us=283235 maximum_wall_us=500000 pass=1
[22:20:35] TINYDRAW_LIVE_PRESENT kind=gate_fallback zoom=400 x=0 y=0 compose_us=10781 scroll_us=0 exposed_compose_us=0 chrome_us=6637 chrome_prepare_us=2400 chrome_stage_us=4237 read_submit_us=29220 read_complete_us=32842 transfer_wait_us=20326 tile_pixels=0 uniform_pixels=0 overview_pixels=0 fallback_pixels=164864 resident_tiles=0 fallback_tiles=42 pushes=11 tear_wait_us=15923 tear_edge_isr_to_resume_us=11 tear_edge_observed=1 tear_edge_wait_resumed=1 tear_edge_timeout=0 tear_heal_attempted=0 tear_heal_command_sent=0 presentation_experiment=boundary-top-sweep te_edge=rising requested_clock_mhz=50 effective_clock_mhz=40 frame_reused=0 pass=1
[22:20:35] TINYDRAW_GATE1_HARD zoom=400 cold=1 operations=1000 samples=20000 steps=199 tiles=42 scanned=12000 rendered=17 max_supertask_us=5312 presentation_us=66302 total_us=161019 maximum_wall_us=500000 pass=1
[22:20:35] TINYDRAW_OVERLAP_WORKLOAD operations=8 samples=1200 radius_world=80
[22:20:36] TINYDRAW_GATE1_PACED_COLD corpus=overlap zoom=50 x=215 y=255 steps=235 tiles=56 compute_us=524986 present_us=81752 touch_us=967 pacing_us=16247 wall_us=623952 maximum_wall_us=500000 max_tick_us=9387 touch_samples=2799 touch_interval_max_us=2005 touch_read_max_us=597 touch_events=0 touch_down=0 touch_up=0 touch_events_ge_8ms=0 touch_event_age_max_us=0 touch_errors=0 touch_overflows=0 pass=0
[22:20:36] TINYDRAW_GATE1_PACED_COLD corpus=overlap zoom=100 x=583 y=703 steps=183 tiles=48 compute_us=285634 present_us=75689 touch_us=640 pacing_us=9010 wall_us=370973 maximum_wall_us=500000 max_tick_us=9282 touch_samples=435 touch_interval_max_us=1837 touch_read_max_us=464 touch_events=0 touch_down=0 touch_up=0 touch_events_ge_8ms=0 touch_event_age_max_us=0 touch_errors=0 touch_overflows=0 pass=1
[22:20:37] TINYDRAW_GATE1_PACED_COLD corpus=overlap zoom=200 x=1319 y=1599 steps=180 tiles=56 compute_us=259203 present_us=75596 touch_us=622 pacing_us=9550 wall_us=344971 maximum_wall_us=500000 max_tick_us=9722 touch_samples=411 touch_interval_max_us=1511 touch_read_max_us=462 touch_events=0 touch_down=0 touch_up=0 touch_events_ge_8ms=0 touch_event_age_max_us=0 touch_errors=0 touch_overflows=0 pass=1
[22:20:37] TINYDRAW_GATE1_PACED_COLD corpus=overlap zoom=400 x=2791 y=3391 steps=181 tiles=56 compute_us=222631 present_us=72789 touch_us=596 pacing_us=8957 wall_us=304973 maximum_wall_us=500000 max_tick_us=8078 touch_samples=379 touch_interval_max_us=1896 touch_read_max_us=483 touch_events=0 touch_down=0 touch_up=0 touch_events_ge_8ms=0 touch_event_age_max_us=0 touch_errors=0 touch_overflows=0 pass=1
[22:20:37] TINYDRAW_ADVERSARIAL_TAPERED_WORKLOAD operations=128 samples=4096 erasers=12 load_us=216548 appended=1
[22:20:38] TINYDRAW_GENERAL_COLD_WORKLOAD operations=910 samples=12157 hairline_operations=782 hairline_samples=8061 hairline_load_us=1116239 appended=1
[22:20:39] TINYDRAW_GATE1_PACED_COLD corpus=adversarial_tapered_4x+evil_hairlines zoom=50 x=0 y=0 steps=313 tiles=42 compute_us=357804 present_us=70735 touch_us=794 pacing_us=11501 wall_us=440834 maximum_wall_us=500000 max_tick_us=8195 touch_samples=1694 touch_interval_max_us=2056 touch_read_max_us=530 touch_events=0 touch_down=0 touch_up=0 touch_events_ge_8ms=0 touch_event_age_max_us=0 touch_errors=0 touch_overflows=0 pass=1
[22:20:39] TINYDRAW_GATE1_PACED_COLD corpus=adversarial_tapered_4x+evil_hairlines zoom=100 x=0 y=0 steps=334 tiles=42 compute_us=345622 present_us=65501 touch_us=735 pacing_us=12121 wall_us=423979 maximum_wall_us=500000 max_tick_us=7903 touch_samples=486 touch_interval_max_us=1860 touch_read_max_us=483 touch_events=0 touch_down=0 touch_up=0 touch_events_ge_8ms=0 touch_event_age_max_us=0 touch_errors=0 touch_overflows=0 pass=1
[22:20:40] TINYDRAW_GATE1_PACED_COLD corpus=adversarial_tapered_4x+evil_hairlines zoom=200 x=0 y=0 steps=406 tiles=42 compute_us=407086 present_us=62318 touch_us=816 pacing_us=10918 wall_us=481138 maximum_wall_us=500000 max_tick_us=7542 touch_samples=544 touch_interval_max_us=1156 touch_read_max_us=445 touch_events=0 touch_down=0 touch_up=0 touch_events_ge_8ms=0 touch_event_age_max_us=0 touch_errors=0 touch_overflows=0 pass=1
[22:20:40] TINYDRAW_GATE1_PACED_COLD corpus=adversarial_tapered_4x+evil_hairlines zoom=400 x=0 y=0 steps=491 tiles=42 compute_us=441226 present_us=60878 touch_us=837 pacing_us=10230 wall_us=513171 maximum_wall_us=520000 max_tick_us=11040 touch_samples=586 touch_interval_max_us=1159 touch_read_max_us=470 touch_events=0 touch_down=0 touch_up=0 touch_events_ge_8ms=0 touch_event_age_max_us=0 touch_errors=0 touch_overflows=0 pass=1
[22:20:41] TINYDRAW_GATE1_WORKLOAD kind=realistic seed=7 operations=1000 samples=19844 maximum_stroke=198 load_us=562576 raw_source=1 lod_copies=0
[22:20:41] TINYDRAW_GATE1_PACED_COLD corpus=seed7 zoom=400 x=63 y=63 steps=263 tiles=56 compute_us=192581 present_us=80527 touch_us=504 pacing_us=6360 wall_us=279972 maximum_wall_us=500000 max_tick_us=9657 touch_samples=1006 touch_interval_max_us=1999 touch_read_max_us=511 touch_events=0 touch_down=0 touch_up=0 touch_events_ge_8ms=0 touch_event_age_max_us=0 touch_errors=0 touch_overflows=0 pass=1
[22:20:42] TINYDRAW_LIVE_PRESENT kind=gate_fallback zoom=100 x=0 y=0 compose_us=11411 scroll_us=0 exposed_compose_us=0 chrome_us=6781 chrome_prepare_us=2366 chrome_stage_us=4415 read_submit_us=29360 read_complete_us=33004 transfer_wait_us=20668 tile_pixels=0 uniform_pixels=0 overview_pixels=0 fallback_pixels=164864 resident_tiles=0 fallback_tiles=42 pushes=11 tear_wait_us=15469 tear_edge_isr_to_resume_us=9 tear_edge_observed=1 tear_edge_wait_resumed=1 tear_edge_timeout=0 tear_heal_attempted=0 tear_heal_command_sent=0 presentation_experiment=boundary-top-sweep te_edge=rising requested_clock_mhz=50 effective_clock_mhz=40 frame_reused=0 pass=1
[22:20:42] TINYDRAW_GATE1_HARD zoom=100 cold=1 operations=1000 samples=19844 steps=246 tiles=42 scanned=12000 rendered=390 max_supertask_us=5379 presentation_us=70077 total_us=370972 maximum_wall_us=500000 pass=1
[22:20:42] TINYDRAW_GATE1_OVERLAY_CANVAS regions=zoom,minimap,toolbar,battery operations=4 presentation_mutations=0 authority=1 pass=1
[22:20:42] TINYDRAW_GATE1_LIVE_OVERLAY clear_updates=48 clear_wall_max_us=3950 clear_submit_max_us=2140 clear_complete_max_us=3005 overlay_updates=48 overlay_wall_max_us=3919 overlay_submit_max_us=2070 overlay_complete_max_us=3127 overlay_chrome_max_us=249 clear_failures=0 overlay_failures=0 pass=1
[22:20:42] TINYDRAW_EDGE_INK corners=4 edge_failures=0 pass=1
[22:20:43] TINYDRAW_GATE1_PAN zoom=100 from_x=0 from_y=0 to_x=88 to_y=88 compose_us=15460 scroll_us=10 exposed_compose_us=15450 chrome_us=2324 event_submit_us=30335 event_complete_us=33499 transfer_us=16663 setup=1 present=1 moved=1 frame_reused=1 pass=1
[22:20:43] TINYDRAW_LIVE_PRESENT kind=gate_fallback zoom=400 x=0 y=0 compose_us=10707 scroll_us=0 exposed_compose_us=0 chrome_us=6588 chrome_prepare_us=2388 chrome_stage_us=4200 read_submit_us=23215 read_complete_us=26799 transfer_wait_us=20204 tile_pixels=0 uniform_pixels=0 overview_pixels=0 fallback_pixels=164864 resident_tiles=0 fallback_tiles=42 pushes=11 tear_wait_us=10001 tear_edge_isr_to_resume_us=12 tear_edge_observed=1 tear_edge_wait_resumed=1 tear_edge_timeout=0 tear_heal_attempted=0 tear_heal_command_sent=0 presentation_experiment=boundary-top-sweep te_edge=rising requested_clock_mhz=50 effective_clock_mhz=40 frame_reused=0 pass=1
[22:20:43] TINYDRAW_GATE1_HARD zoom=400 cold=1 operations=1008 samples=19852 steps=200 tiles=42 scanned=12096 rendered=62 max_supertask_us=8119 presentation_us=69788 total_us=214376 maximum_wall_us=500000 pass=1
[22:20:43] TINYDRAW_GATE1_PAN zoom=400 from_x=0 from_y=0 to_x=88 to_y=88 compose_us=15448 scroll_us=10 exposed_compose_us=15438 chrome_us=2121 event_submit_us=29673 event_complete_us=32819 transfer_us=16328 setup=1 present=1 moved=1 frame_reused=1 pass=1
[22:20:46] TINYDRAW_PANSEQ_FRAME zoom=100 step=0 dx=24 dy=18 scroll_us=10 exposed_compose_us=4383 chrome_us=2322 tear_wait_us=8733 present_us=16712 prepare_us=10628 acquire_wait_us=18 ring_copy_us=8297 patch_us=2323 byte_swap_us=8 staging_us=4194 event_submit_us=13260 event_complete_us=16425 frame_us=29978 tear_edge_observed=1 frame_reused=1 pass=1
[22:20:46] TINYDRAW_PANSEQ_FRAME zoom=100 step=1 dx=24 dy=18 scroll_us=8 exposed_compose_us=4432 chrome_us=2311 tear_wait_us=12261 present_us=16082 prepare_us=10550 acquire_wait_us=18 ring_copy_us=8230 patch_us=2311 byte_swap_us=9 staging_us=4260 event_submit_us=16829 event_complete_us=19988 frame_us=32911 tear_edge_observed=1 frame_reused=1 pass=1
[22:20:46] TINYDRAW_PANSEQ_FRAME zoom=100 step=2 dx=24 dy=18 scroll_us=8 exposed_compose_us=4116 chrome_us=2316 tear_wait_us=13215 present_us=16458 prepare_us=10585 acquire_wait_us=18 ring_copy_us=8263 patch_us=2314 byte_swap_us=8 staging_us=4240 event_submit_us=17473 event_complete_us=20642 frame_us=33935 tear_edge_observed=1 frame_reused=1 pass=1
[22:20:46] TINYDRAW_PANSEQ_FRAME zoom=100 step=3 dx=24 dy=18 scroll_us=8 exposed_compose_us=4628 chrome_us=2320 tear_wait_us=12337 present_us=15821 prepare_us=10542 acquire_wait_us=20 ring_copy_us=8216 patch_us=2317 byte_swap_us=9 staging_us=4286 event_submit_us=17103 event_complete_us=20274 frame_us=32924 tear_edge_observed=1 frame_reused=1 pass=1
[22:20:46] TINYDRAW_PANSEQ_FRAME zoom=100 step=4 dx=24 dy=18 scroll_us=8 exposed_compose_us=4165 chrome_us=2320 tear_wait_us=13439 present_us=16189 prepare_us=10584 acquire_wait_us=18 ring_copy_us=8257 patch_us=2319 byte_swap_us=8 staging_us=4231 event_submit_us=17741 event_complete_us=20897 frame_us=33935 tear_edge_observed=1 frame_reused=1 pass=1
[22:20:46] TINYDRAW_PANSEQ_FRAME zoom=100 step=5 dx=24 dy=18 scroll_us=8 exposed_compose_us=4441 chrome_us=2320 tear_wait_us=12800 present_us=16547 prepare_us=10541 acquire_wait_us=19 ring_copy_us=8215 patch_us=2319 byte_swap_us=7 staging_us=4257 event_submit_us=17380 event_complete_us=20532 frame_us=33924 tear_edge_observed=1 frame_reused=1 pass=1
[22:20:46] TINYDRAW_PANSEQ_FRAME zoom=100 step=6 dx=24 dy=18 scroll_us=8 exposed_compose_us=4117 chrome_us=2340 tear_wait_us=12779 present_us=15896 prepare_us=10591 acquire_wait_us=20 ring_copy_us=8242 patch_us=2340 byte_swap_us=9 staging_us=4229 event_submit_us=17035 event_complete_us=20197 frame_us=32935 tear_edge_observed=1 frame_reused=1 pass=1
[22:20:46] TINYDRAW_PANSEQ_FRAME zoom=100 step=7 dx=24 dy=18 scroll_us=8 exposed_compose_us=4424 chrome_us=2339 tear_wait_us=13121 present_us=16243 prepare_us=10565 acquire_wait_us=18 ring_copy_us=8220 patch_us=2337 byte_swap_us=8 staging_us=4262 event_submit_us=17681 event_complete_us=20838 frame_us=33924 tear_edge_observed=1 frame_reused=1 pass=1
[22:20:46] TINYDRAW_PANSEQ_FRAME zoom=100 step=8 dx=24 dy=18 scroll_us=8 exposed_compose_us=4388 chrome_us=2319 tear_wait_us=12796 present_us=16609 prepare_us=10571 acquire_wait_us=18 ring_copy_us=8245 patch_us=2318 byte_swap_us=8 staging_us=4211 event_submit_us=17321 event_complete_us=20455 frame_us=33935 tear_edge_observed=1 frame_reused=1 pass=1
[22:20:46] TINYDRAW_PANSEQ_FRAME zoom=100 step=9 dx=24 dy=18 scroll_us=8 exposed_compose_us=4420 chrome_us=2323 tear_wait_us=12397 present_us=15972 prepare_us=10521 acquire_wait_us=18 ring_copy_us=8189 patch_us=2323 byte_swap_us=9 staging_us=4292 event_submit_us=16952 event_complete_us=20109 frame_us=32924 tear_edge_observed=1 frame_reused=1 pass=1
[22:20:46] TINYDRAW_PANSEQ_FRAME zoom=100 step=10 dx=24 dy=18 scroll_us=8 exposed_compose_us=4119 chrome_us=2321 tear_wait_us=13360 present_us=16312 prepare_us=10583 acquire_wait_us=18 ring_copy_us=8257 patch_us=2317 byte_swap_us=9 staging_us=4221 event_submit_us=17619 event_complete_us=20785 frame_us=33935 tear_edge_observed=1 frame_reused=1 pass=1
[22:20:46] TINYDRAW_PANSEQ_FRAME zoom=100 step=11 dx=24 dy=18 scroll_us=8 exposed_compose_us=4655 chrome_us=2329 tear_wait_us=12469 present_us=16665 prepare_us=10586 acquire_wait_us=24 ring_copy_us=8247 patch_us=2330 byte_swap_us=9 staging_us=4234 event_submit_us=17259 event_complete_us=20429 frame_us=33924 tear_edge_observed=1 frame_reused=1 pass=1
[22:20:46] TINYDRAW_PANSEQ_FRAME zoom=100 step=12 dx=24 dy=18 scroll_us=8 exposed_compose_us=4146 chrome_us=2309 tear_wait_us=12624 present_us=16012 prepare_us=10561 acquire_wait_us=19 ring_copy_us=8245 patch_us=2307 byte_swap_us=9 staging_us=4249 event_submit_us=16924 event_complete_us=20082 frame_us=32935 tear_edge_observed=1 frame_reused=1 pass=1
[22:20:46] TINYDRAW_PANSEQ_FRAME zoom=100 step=13 dx=24 dy=18 scroll_us=8 exposed_compose_us=4441 chrome_us=2307 tear_wait_us=12974 present_us=16376 prepare_us=10531 acquire_wait_us=18 ring_copy_us=8211 patch_us=2311 byte_swap_us=9 staging_us=4268 event_submit_us=17548 event_complete_us=20707 frame_us=33924 tear_edge_observed=1 frame_reused=1 pass=1
[22:20:46] TINYDRAW_PANSEQ_FRAME zoom=100 step=14 dx=24 dy=18 scroll_us=8 exposed_compose_us=4129 chrome_us=2338 tear_wait_us=12925 present_us=15745 prepare_us=10596 acquire_wait_us=18 ring_copy_us=8251 patch_us=2336 byte_swap_us=9 staging_us=4229 event_submit_us=17194 event_complete_us=20363 frame_us=32944 tear_edge_observed=1 frame_reused=1 pass=1
[22:20:46] TINYDRAW_PANSEQ_FRAME zoom=100 step=15 dx=24 dy=18 scroll_us=8 exposed_compose_us=4478 chrome_us=2318 tear_wait_us=13194 present_us=16105 prepare_us=10546 acquire_wait_us=20 ring_copy_us=8220 patch_us=2318 byte_swap_us=8 staging_us=4253 event_submit_us=17811 event_complete_us=20966 frame_us=33916 tear_edge_observed=1 frame_reused=1 pass=1
[22:20:46] TINYDRAW_PANSEQ_FRAME zoom=100 step=16 dx=72 dy=54 scroll_us=8 exposed_compose_us=11745 chrome_us=2322 tear_wait_us=5587 present_us=16459 prepare_us=10572 acquire_wait_us=18 ring_copy_us=8242 patch_us=2321 byte_swap_us=9 staging_us=4240 event_submit_us=17470 event_complete_us=20617 frame_us=33935 tear_edge_observed=1 frame_reused=1 pass=1
[22:20:46] TINYDRAW_PANSEQ_FRAME zoom=100 step=17 dx=72 dy=54 scroll_us=8 exposed_compose_us=11729 chrome_us=2318 tear_wait_us=5244 present_us=15813 prepare_us=10519 acquire_wait_us=20 ring_copy_us=8197 patch_us=2314 byte_swap_us=8 staging_us=4297 event_submit_us=17110 event_complete_us=20262 frame_us=32923 tear_edge_observed=1 frame_reused=1 pass=1
[22:20:46] TINYDRAW_PANSEQ_FRAME zoom=100 step=18 dx=72 dy=54 scroll_us=8 exposed_compose_us=10071 chrome_us=2311 tear_wait_us=7545 present_us=16176 prepare_us=10558 acquire_wait_us=18 ring_copy_us=8232 patch_us=2309 byte_swap_us=17 staging_us=4241 event_submit_us=17754 event_complete_us=20893 frame_us=33935 tear_edge_observed=1 frame_reused=1 pass=1
[22:20:47] TINYDRAW_PANSEQ_FRAME zoom=100 step=19 dx=72 dy=54 scroll_us=8 exposed_compose_us=10064 chrome_us=2308 tear_wait_us=7189 present_us=16534 prepare_us=10503 acquire_wait_us=19 ring_copy_us=8189 patch_us=2305 byte_swap_us=9 staging_us=4294 event_submit_us=17396 event_complete_us=20544 frame_us=33924 tear_edge_observed=1 frame_reused=1 pass=1
[22:20:47] TINYDRAW_PANSEQ_FRAME zoom=100 step=20 dx=-72 dy=-54 scroll_us=8 exposed_compose_us=11602 chrome_us=2334 tear_wait_us=5295 present_us=15894 prepare_us=10543 acquire_wait_us=19 ring_copy_us=8202 patch_us=2333 byte_swap_us=8 staging_us=4242 event_submit_us=17036 event_complete_us=20162 frame_us=32935 tear_edge_observed=1 frame_reused=1 pass=1
[22:20:47] TINYDRAW_PANSEQ_FRAME zoom=100 step=21 dx=-72 dy=-54 scroll_us=8 exposed_compose_us=11707 chrome_us=2326 tear_wait_us=5833 present_us=16246 prepare_us=10529 acquire_wait_us=18 ring_copy_us=8193 patch_us=2327 byte_swap_us=9 staging_us=4264 event_submit_us=17678 event_complete_us=20813 frame_us=33924 tear_edge_observed=1 frame_reused=1 pass=1
[22:20:47] TINYDRAW_PANSEQ_FRAME zoom=100 step=22 dx=-72 dy=-54 scroll_us=8 exposed_compose_us=11731 chrome_us=2319 tear_wait_us=5443 present_us=16618 prepare_us=10557 acquire_wait_us=19 ring_copy_us=8230 patch_us=2320 byte_swap_us=7 staging_us=4204 event_submit_us=17312 event_complete_us=20424 frame_us=33935 tear_edge_observed=1 frame_reused=1 pass=1
[22:20:47] TINYDRAW_PANSEQ_FRAME zoom=100 step=23 dx=-72 dy=-54 scroll_us=8 exposed_compose_us=11406 chrome_us=2310 tear_wait_us=5399 present_us=15982 prepare_us=10513 acquire_wait_us=20 ring_copy_us=8191 patch_us=2308 byte_swap_us=14 staging_us=4288 event_submit_us=16941 event_complete_us=20086 frame_us=32923 tear_edge_observed=1 frame_reused=1 pass=1
[22:20:47] TINYDRAW_PANSEQ_STRIP zoom=100 strip=0 panel_y=0 rows=44 samples=24 staging_mean_us=1340 staging_max_us=1364 wire_budget_us=1619 over_budget_us=0 pass=1
[22:20:47] TINYDRAW_PANSEQ_STRIP zoom=100 strip=1 panel_y=44 rows=44 samples=24 staging_mean_us=1217 staging_max_us=1232 wire_budget_us=1619 over_budget_us=0 pass=1
[22:20:47] TINYDRAW_PANSEQ_STRIP zoom=100 strip=2 panel_y=88 rows=44 samples=24 staging_mean_us=1163 staging_max_us=1173 wire_budget_us=1619 over_budget_us=0 pass=1
[22:20:47] TINYDRAW_PANSEQ_STRIP zoom=100 strip=3 panel_y=132 rows=44 samples=24 staging_mean_us=1162 staging_max_us=1174 wire_budget_us=1619 over_budget_us=0 pass=1
[22:20:47] TINYDRAW_PANSEQ_STRIP zoom=100 strip=4 panel_y=176 rows=44 samples=24 staging_mean_us=1163 staging_max_us=1176 wire_budget_us=1619 over_budget_us=0 pass=1
[22:20:47] TINYDRAW_PANSEQ_STRIP zoom=100 strip=5 panel_y=220 rows=44 samples=24 staging_mean_us=1193 staging_max_us=1210 wire_budget_us=1619 over_budget_us=0 pass=1
[22:20:47] TINYDRAW_PANSEQ_STRIP zoom=100 strip=6 panel_y=264 rows=44 samples=24 staging_mean_us=1358 staging_max_us=1376 wire_budget_us=1619 over_budget_us=0 pass=1
[22:20:47] TINYDRAW_PANSEQ_STRIP zoom=100 strip=7 panel_y=308 rows=44 samples=24 staging_mean_us=1347 staging_max_us=1361 wire_budget_us=1619 over_budget_us=0 pass=1
[22:20:47] TINYDRAW_PANSEQ_STRIP zoom=100 strip=8 panel_y=352 rows=20 samples=24 staging_mean_us=627 staging_max_us=636 wire_budget_us=736 over_budget_us=0 pass=1
[22:20:47] TINYDRAW_GATE1_PANSEQ zoom=100 frames=24 scroll_avg_us=8 exposed_avg_us=6647 chrome_avg_us=2320 tear_wait_avg_us=10373 present_avg_us=16227 prepare_avg_us=10557 acquire_wait_avg_us=18 ring_copy_avg_us=8228 patch_avg_us=2319 byte_swap_avg_us=9 staging_avg_us=4249 frame_avg_us=33389 frame_p50_us=33924 frame_p95_us=33935 frame_max_us=33935 complete_p50_us=20429 complete_p95_us=20897 complete_max_us=20966 tear_edge_failures=0 presentation_experiment=boundary-top-sweep te_edge=rising requested_clock_mhz=50 effective_clock_mhz=40 chrome_bottom_redraws=0 chrome_battery_redraws=0 chrome_zoom_redraws=0 chrome_minimap_base_redraws=0 strip_samples=216 staging_mean_us=1175 staging_max_us=1376 worst_strip=8 worst_strip_y=352 worst_wire_budget_us=736 worst_headroom_us=100 staging_invariant=1 pacing_pass=1 all_reused=1 pass=1
[22:20:48] TINYDRAW_PANSEQ_FRAME zoom=400 step=0 dx=24 dy=18 scroll_us=11 exposed_compose_us=4360 chrome_us=2131 tear_wait_us=8907 present_us=16553 prepare_us=10403 acquire_wait_us=20 ring_copy_us=8262 patch_us=2133 byte_swap_us=8 staging_us=4416 event_submit_us=13417 event_complete_us=16588 frame_us=29977 tear_edge_observed=1 frame_reused=1 pass=1
[22:20:48] TINYDRAW_PANSEQ_FRAME zoom=400 step=1 dx=24 dy=18 scroll_us=8 exposed_compose_us=4403 chrome_us=2140 tear_wait_us=12437 present_us=15941 prepare_us=10353 acquire_wait_us=18 ring_copy_us=8209 patch_us=2138 byte_swap_us=6 staging_us=4464 event_submit_us=16978 event_complete_us=20141 frame_us=32919 tear_edge_observed=1 frame_reused=1 pass=1
[22:20:48] TINYDRAW_PANSEQ_FRAME zoom=400 step=2 dx=24 dy=18 scroll_us=8 exposed_compose_us=4132 chrome_us=2138 tear_wait_us=13345 present_us=16314 prepare_us=10399 acquire_wait_us=20 ring_copy_us=8255 patch_us=2136 byte_swap_us=8 staging_us=4411 event_submit_us=17617 event_complete_us=20787 frame_us=33935 tear_edge_observed=1 frame_reused=1 pass=1
[22:20:49] TINYDRAW_PANSEQ_FRAME zoom=400 step=3 dx=24 dy=18 scroll_us=8 exposed_compose_us=4641 chrome_us=2146 tear_wait_us=12435 present_us=16714 prepare_us=10375 acquire_wait_us=19 ring_copy_us=8221 patch_us=2146 byte_swap_us=8 staging_us=4443 event_submit_us=17210 event_complete_us=20378 frame_us=33924 tear_edge_observed=1 frame_reused=1 pass=1
[22:20:49] TINYDRAW_PANSEQ_FRAME zoom=400 step=4 dx=24 dy=18 scroll_us=8 exposed_compose_us=4164 chrome_us=2135 tear_wait_us=12521 present_us=16099 prepare_us=10388 acquire_wait_us=19 ring_copy_us=8244 patch_us=2135 byte_swap_us=9 staging_us=4414 event_submit_us=16824 event_complete_us=19979 frame_us=32928 tear_edge_observed=1 frame_reused=1 pass=1
[22:20:49] TINYDRAW_PANSEQ_FRAME zoom=400 step=5 dx=24 dy=18 scroll_us=8 exposed_compose_us=4451 chrome_us=2128 tear_wait_us=12872 present_us=16465 prepare_us=10357 acquire_wait_us=19 ring_copy_us=8219 patch_us=2129 byte_swap_us=9 staging_us=4471 event_submit_us=17460 event_complete_us=20631 frame_us=33923 tear_edge_observed=1 frame_reused=1 pass=1
[22:20:49] TINYDRAW_PANSEQ_FRAME zoom=400 step=6 dx=24 dy=18 scroll_us=8 exposed_compose_us=4092 chrome_us=2131 tear_wait_us=12861 present_us=15835 prepare_us=10390 acquire_wait_us=19 ring_copy_us=8254 patch_us=2129 byte_swap_us=7 staging_us=4437 event_submit_us=17095 event_complete_us=20261 frame_us=32935 tear_edge_observed=1 frame_reused=1 pass=1
[22:20:49] TINYDRAW_PANSEQ_FRAME zoom=400 step=7 dx=24 dy=18 scroll_us=8 exposed_compose_us=4440 chrome_us=2140 tear_wait_us=13140 present_us=16210 prepare_us=10362 acquire_wait_us=30 ring_copy_us=8214 patch_us=2139 byte_swap_us=9 staging_us=4470 event_submit_us=17715 event_complete_us=20883 frame_us=33926 tear_edge_observed=1 frame_reused=1 pass=1
[22:20:49] TINYDRAW_PANSEQ_FRAME zoom=400 step=8 dx=24 dy=18 scroll_us=8 exposed_compose_us=4387 chrome_us=2133 tear_wait_us=12828 present_us=16575 prepare_us=10389 acquire_wait_us=19 ring_copy_us=8242 patch_us=2138 byte_swap_us=9 staging_us=4401 event_submit_us=17355 event_complete_us=20494 frame_us=33934 tear_edge_observed=1 frame_reused=1 pass=1
[22:20:49] TINYDRAW_PANSEQ_FRAME zoom=400 step=9 dx=24 dy=18 scroll_us=8 exposed_compose_us=4418 chrome_us=2141 tear_wait_us=12422 present_us=15948 prepare_us=10324 acquire_wait_us=19 ring_copy_us=8175 patch_us=2140 byte_swap_us=9 staging_us=4480 event_submit_us=16976 event_complete_us=20125 frame_us=32924 tear_edge_observed=1 frame_reused=1 pass=1
[22:20:49] TINYDRAW_PANSEQ_FRAME zoom=400 step=10 dx=24 dy=18 scroll_us=8 exposed_compose_us=4128 chrome_us=2138 tear_wait_us=13353 present_us=16310 prepare_us=10399 acquire_wait_us=21 ring_copy_us=8253 patch_us=2137 byte_swap_us=9 staging_us=4408 event_submit_us=17631 event_complete_us=20787 frame_us=33935 tear_edge_observed=1 frame_reused=1 pass=1
[22:20:49] TINYDRAW_PANSEQ_FRAME zoom=400 step=11 dx=24 dy=18 scroll_us=8 exposed_compose_us=4669 chrome_us=2153 tear_wait_us=12430 present_us=16691 prepare_us=10403 acquire_wait_us=19 ring_copy_us=8244 patch_us=2150 byte_swap_us=9 staging_us=4423 event_submit_us=17233 event_complete_us=20408 frame_us=33926 tear_edge_observed=1 frame_reused=1 pass=1
[22:20:49] TINYDRAW_PANSEQ_FRAME zoom=400 step=12 dx=24 dy=18 scroll_us=8 exposed_compose_us=4145 chrome_us=2123 tear_wait_us=12571 present_us=16065 prepare_us=10378 acquire_wait_us=21 ring_copy_us=8248 patch_us=2123 byte_swap_us=7 staging_us=4420 event_submit_us=16857 event_complete_us=20009 frame_us=32934 tear_edge_observed=1 frame_reused=1 pass=1
[22:20:49] TINYDRAW_PANSEQ_FRAME zoom=400 step=13 dx=24 dy=18 scroll_us=8 exposed_compose_us=4428 chrome_us=2135 tear_wait_us=12915 present_us=16444 prepare_us=10359 acquire_wait_us=18 ring_copy_us=8216 patch_us=2134 byte_swap_us=9 staging_us=4459 event_submit_us=17480 event_complete_us=20645 frame_us=33924 tear_edge_observed=1 frame_reused=1 pass=1
[22:20:49] TINYDRAW_PANSEQ_FRAME zoom=400 step=14 dx=24 dy=18 scroll_us=8 exposed_compose_us=4127 chrome_us=2132 tear_wait_us=12834 present_us=15831 prepare_us=10397 acquire_wait_us=20 ring_copy_us=8258 patch_us=2131 byte_swap_us=8 staging_us=4425 event_submit_us=17100 event_complete_us=20259 frame_us=32935 tear_edge_observed=1 frame_reused=1 pass=1
[22:20:49] TINYDRAW_PANSEQ_FRAME zoom=400 step=15 dx=24 dy=18 scroll_us=8 exposed_compose_us=4480 chrome_us=2132 tear_wait_us=13095 present_us=16213 prepare_us=10363 acquire_wait_us=18 ring_copy_us=8222 patch_us=2132 byte_swap_us=9 staging_us=4448 event_submit_us=17711 event_complete_us=20865 frame_us=33926 tear_edge_observed=1 frame_reused=1 pass=1
[22:20:49] TINYDRAW_PANSEQ_FRAME zoom=400 step=16 dx=72 dy=54 scroll_us=8 exposed_compose_us=11704 chrome_us=2135 tear_wait_us=5493 present_us=16592 prepare_us=10383 acquire_wait_us=18 ring_copy_us=8241 patch_us=2136 byte_swap_us=6 staging_us=4403 event_submit_us=17338 event_complete_us=20472 frame_us=33935 tear_edge_observed=1 frame_reused=1 pass=1
[22:20:49] TINYDRAW_PANSEQ_FRAME zoom=400 step=17 dx=72 dy=54 scroll_us=8 exposed_compose_us=11501 chrome_us=2140 tear_wait_us=5317 present_us=15966 prepare_us=10326 acquire_wait_us=19 ring_copy_us=8181 patch_us=2136 byte_swap_us=9 staging_us=4482 event_submit_us=16957 event_complete_us=20109 frame_us=32925 tear_edge_observed=1 frame_reused=1 pass=1
[22:20:49] TINYDRAW_PANSEQ_FRAME zoom=400 step=18 dx=72 dy=54 scroll_us=8 exposed_compose_us=11423 chrome_us=2123 tear_wait_us=6016 present_us=16352 prepare_us=10378 acquire_wait_us=19 ring_copy_us=8250 patch_us=2121 byte_swap_us=7 staging_us=4411 event_submit_us=17578 event_complete_us=20735 frame_us=33934 tear_edge_observed=1 frame_reused=1 pass=1
[22:20:49] TINYDRAW_PANSEQ_FRAME zoom=400 step=19 dx=72 dy=54 scroll_us=8 exposed_compose_us=11634 chrome_us=2135 tear_wait_us=5414 present_us=15737 prepare_us=10331 acquire_wait_us=19 ring_copy_us=8189 patch_us=2133 byte_swap_us=9 staging_us=4474 event_submit_us=17187 event_complete_us=20337 frame_us=32925 tear_edge_observed=1 frame_reused=1 pass=1
[22:20:49] TINYDRAW_PANSEQ_FRAME zoom=400 step=20 dx=-72 dy=-54 scroll_us=8 exposed_compose_us=11786 chrome_us=2134 tear_wait_us=5881 present_us=16116 prepare_us=10361 acquire_wait_us=19 ring_copy_us=8226 patch_us=2126 byte_swap_us=9 staging_us=4422 event_submit_us=17814 event_complete_us=20940 frame_us=33935 tear_edge_observed=1 frame_reused=1 pass=1
[22:20:49] TINYDRAW_PANSEQ_FRAME zoom=400 step=21 dx=-72 dy=-54 scroll_us=8 exposed_compose_us=11703 chrome_us=2136 tear_wait_us=5601 present_us=16484 prepare_us=10337 acquire_wait_us=20 ring_copy_us=8194 patch_us=2135 byte_swap_us=8 staging_us=4472 event_submit_us=17444 event_complete_us=20584 frame_us=33926 tear_edge_observed=1 frame_reused=1 pass=1
[22:20:49] TINYDRAW_PANSEQ_FRAME zoom=400 step=22 dx=-72 dy=-54 scroll_us=8 exposed_compose_us=11726 chrome_us=2169 tear_wait_us=5204 present_us=15862 prepare_us=10385 acquire_wait_us=19 ring_copy_us=8208 patch_us=2169 byte_swap_us=8 staging_us=4406 event_submit_us=17068 event_complete_us=20202 frame_us=32935 tear_edge_observed=1 frame_reused=1 pass=1
[22:20:49] TINYDRAW_PANSEQ_FRAME zoom=400 step=23 dx=-72 dy=-54 scroll_us=8 exposed_compose_us=11419 chrome_us=2150 tear_wait_us=6132 present_us=16235 prepare_us=10350 acquire_wait_us=19 ring_copy_us=8193 patch_us=2148 byte_swap_us=9 staging_us=4463 event_submit_us=17688 event_complete_us=20832 frame_us=33925 tear_edge_observed=1 frame_reused=1 pass=1
[22:20:49] TINYDRAW_PANSEQ_STRIP zoom=400 strip=0 panel_y=0 rows=44 samples=24 staging_mean_us=1342 staging_max_us=1364 wire_budget_us=1619 over_budget_us=0 pass=1
[22:20:49] TINYDRAW_PANSEQ_STRIP zoom=400 strip=1 panel_y=44 rows=44 samples=24 staging_mean_us=1214 staging_max_us=1226 wire_budget_us=1619 over_budget_us=0 pass=1
[22:20:49] TINYDRAW_PANSEQ_STRIP zoom=400 strip=2 panel_y=88 rows=44 samples=24 staging_mean_us=1163 staging_max_us=1174 wire_budget_us=1619 over_budget_us=0 pass=1
[22:20:49] TINYDRAW_PANSEQ_STRIP zoom=400 strip=3 panel_y=132 rows=44 samples=24 staging_mean_us=1162 staging_max_us=1174 wire_budget_us=1619 over_budget_us=0 pass=1
[22:20:49] TINYDRAW_PANSEQ_STRIP zoom=400 strip=4 panel_y=176 rows=44 samples=24 staging_mean_us=1162 staging_max_us=1175 wire_budget_us=1619 over_budget_us=0 pass=1
[22:20:49] TINYDRAW_PANSEQ_STRIP zoom=400 strip=5 panel_y=220 rows=44 samples=24 staging_mean_us=1149 staging_max_us=1163 wire_budget_us=1619 over_budget_us=0 pass=1
[22:20:49] TINYDRAW_PANSEQ_STRIP zoom=400 strip=6 panel_y=264 rows=44 samples=24 staging_mean_us=1309 staging_max_us=1333 wire_budget_us=1619 over_budget_us=0 pass=1
[22:20:49] TINYDRAW_PANSEQ_STRIP zoom=400 strip=7 panel_y=308 rows=44 samples=24 staging_mean_us=1301 staging_max_us=1314 wire_budget_us=1619 over_budget_us=0 pass=1
[22:20:49] TINYDRAW_PANSEQ_STRIP zoom=400 strip=8 panel_y=352 rows=20 samples=24 staging_mean_us=583 staging_max_us=594 wire_budget_us=736 over_budget_us=0 pass=1
[22:20:49] TINYDRAW_GATE1_PANSEQ zoom=400 frames=24 scroll_avg_us=8 exposed_avg_us=6765 chrome_avg_us=2137 tear_wait_avg_us=10251 present_avg_us=16231 prepare_avg_us=10370 acquire_wait_avg_us=19 ring_copy_avg_us=8225 patch_avg_us=2136 byte_swap_avg_us=8 staging_avg_us=4438 frame_avg_us=33389 frame_p50_us=33924 frame_p95_us=33935 frame_max_us=33935 complete_p50_us=20408 complete_p95_us=20883 complete_max_us=20940 tear_edge_failures=0 presentation_experiment=boundary-top-sweep te_edge=rising requested_clock_mhz=50 effective_clock_mhz=40 chrome_bottom_redraws=0 chrome_battery_redraws=0 chrome_zoom_redraws=0 chrome_minimap_base_redraws=0 strip_samples=216 staging_mean_us=1154 staging_max_us=1364 worst_strip=8 worst_strip_y=352 worst_wire_budget_us=736 worst_headroom_us=142 staging_invariant=1 pacing_pass=1 all_reused=1 pass=1
[22:20:50] TINYDRAW_GATE1_PAN_BOUNDARY zoom=100 slow_1px_trace=1 below_delta=94 below_reused=1 at_delta=96 at_reused=1 above_delta=98 above_fallback=1 pass=1
[22:20:50] TINYDRAW_GATE1_PAN_BOUNDARY zoom=400 slow_1px_trace=1 below_delta=94 below_reused=1 at_delta=96 at_reused=1 above_delta=98 above_fallback=1 pass=1
[22:20:50] TINYDRAW_GATE1_DRAW_FILL zoom=400 revision=2930 append_us=1413 poll_gap_us=96 event_submit_us=217 event_complete_us=2150 max_compute_slice_us=5667 max_display_slice_us=17132 fill_us=224365 revision_restarted=1 pass=1
[22:20:51] TINYDRAW_GATE1_CACHE_FILL zoom=50 x=63 y=63 published=56 total_us=608965 within_cold_gate=0 complete=1
[22:20:52] TINYDRAW_GATE1_CACHE_FILL zoom=100 x=63 y=63 published=56 total_us=485966 within_cold_gate=1 complete=1
[22:20:52] TINYDRAW_GATE1_CACHE_FILL zoom=200 x=63 y=63 published=56 total_us=334965 within_cold_gate=1 complete=1
[22:20:52] TINYDRAW_GATE1_CACHE_FILL zoom=400 x=63 y=63 published=56 total_us=277966 within_cold_gate=1 complete=1
[22:20:52] TINYDRAW_GATE1_CACHE_REVISIT zoom=50 remaining=0 tile_pixels=118128 fallback_pixels=0 compose_us=16023 complete_us=20320 hit=1
[22:20:52] TINYDRAW_GATE1_CACHE_REVISIT zoom=100 remaining=0 tile_pixels=164864 fallback_pixels=0 compose_us=18446 complete_us=20913 hit=1
[22:20:53] TINYDRAW_GATE1_CACHE_REVISIT zoom=200 remaining=0 tile_pixels=164864 fallback_pixels=0 compose_us=18470 complete_us=20519 hit=1
[22:20:53] TINYDRAW_GATE1_CACHE_REVISIT zoom=400 remaining=0 tile_pixels=164608 fallback_pixels=0 compose_us=18444 complete_us=20121 hit=1
[22:20:53] TINYDRAW_GATE1_CACHE_FILL zoom=400 x=575 y=575 published=56 total_us=292970 within_cold_gate=1 complete=1
[22:20:53] TINYDRAW_GATE1_CACHE_ROUND_TRIP zoom=50 from_x=63 from_y=63 via_x=575 via_y=575 remaining=0 tile_pixels=118128 fallback_pixels=0 compose_us=16022 complete_us=20722 hit=1
[22:20:53] TINYDRAW_GATE1_CACHE_ROUND_TRIP zoom=100 from_x=63 from_y=63 via_x=575 via_y=575 remaining=0 tile_pixels=164864 fallback_pixels=0 compose_us=18528 complete_us=20323 hit=1
[22:20:53] TINYDRAW_GATE1_CACHE_ROUND_TRIP zoom=200 from_x=63 from_y=63 via_x=575 via_y=575 remaining=0 tile_pixels=164864 fallback_pixels=0 compose_us=18497 complete_us=20928 hit=1
[22:20:53] TINYDRAW_GATE1_CACHE_ROUND_TRIP zoom=400 from_x=63 from_y=63 via_x=575 via_y=575 remaining=0 tile_pixels=164608 fallback_pixels=0 compose_us=18521 complete_us=20504 hit=1
[22:20:53] TINYDRAW_GATE1_CACHE_RETENTION pass=1 slots=448 revision=2930
[22:20:54] TINYDRAW_PAPER_SWEEP zoom=100 identities=644 raw=266 uniform=378 fallback=0 slots=448 total_us=1340199 pass=1
[22:20:54] TINYDRAW_RERENDER_LEDGER_RESET site=cache_tour_start
[22:20:58] TINYDRAW_GATE1_CACHE_TOUR slots=448 stops=16 forward_steps=2161 forward_tiles=832 forward_wall_us=1329083 return_missing_tiles=0 return_steps=16 return_tiles=0 return_wall_us=5903 home_missing=0 home_fallback_pixels=0 pass=1
[22:20:58] TINYDRAW_RERENDER_LEDGER site=cache_tour renders=137 unique=137 amplification=1.000 cold=137 damage=0 evict=0 stale=0 unexplained=0
[22:20:58] TINYDRAW_GATE1_MIXED_DRAW_WARM zoom=50 fill_tiles=56 fill_us=533952 raw=42 uniform=14
[22:20:59] TINYDRAW_GATE1_MIXED_DRAW_WARM zoom=100 fill_tiles=56 fill_us=407381 raw=56 uniform=0
[22:20:59] TINYDRAW_GATE1_MIXED_DRAW_WARM zoom=200 fill_tiles=56 fill_us=312828 raw=56 uniform=0
[22:20:59] TINYDRAW_GATE1_MIXED_DRAW_WARM zoom=400 fill_tiles=42 fill_us=199653 raw=42 uniform=0
[22:21:00] TINYDRAW_GATE1_MIXED_DRAW zoom=25 tool=pen chunks=50 append_max_us=126 append_avg_us=69 append_total_us=3468 affected_tiles=196 published=0 fallback=196 visible_fallback=0 drop_uni_slot=0 drop_uni_paint=0 drop_raw_edit=0 drop_raw_paint=0 off_skip=0 drain_ops=50 drain_total_us=587568 drain_max_us=13158 ph_prepare_max_us=115 ph_overview_max_us=8970 ph_enumerate_max_us=601 ph_uniform_max_us=92 ph_raw_max_us=14 ph_offscreen_max_us=14 ph_commit_max_us=3555 committed=1 authority=1 refresh=1 run_ok=1 pass=1
[22:21:01] TINYDRAW_GATE1_MIXED_DRAW zoom=25 tool=eraser chunks=50 append_max_us=132 append_avg_us=69 append_total_us=3455 affected_tiles=0 published=0 fallback=0 visible_fallback=0 drop_uni_slot=0 drop_uni_paint=0 drop_raw_edit=0 drop_raw_paint=0 off_skip=0 drain_ops=50 drain_total_us=583894 drain_max_us=13095 ph_prepare_max_us=117 ph_overview_max_us=9056 ph_enumerate_max_us=481 ph_uniform_max_us=6 ph_raw_max_us=2 ph_offscreen_max_us=4 ph_commit_max_us=3547 committed=1 authority=1 refresh=1 run_ok=1 pass=1
[22:21:03] TINYDRAW_GATE1_MIXED_DRAW zoom=50 tool=pen chunks=50 append_max_us=159 append_avg_us=72 append_total_us=3638 affected_tiles=422 published=400 fallback=22 visible_fallback=0 drop_uni_slot=0 drop_uni_paint=0 drop_raw_edit=0 drop_raw_paint=0 off_skip=0 drain_ops=50 drain_total_us=810569 drain_max_us=19107 ph_prepare_max_us=139 ph_overview_max_us=3733 ph_enumerate_max_us=601 ph_uniform_max_us=5302 ph_raw_max_us=11974 ph_offscreen_max_us=12 ph_commit_max_us=1730 committed=1 authority=1 refresh=1 run_ok=1 pass=1
[22:21:06] TINYDRAW_GATE1_MIXED_DRAW zoom=50 tool=eraser chunks=50 append_max_us=156 append_avg_us=73 append_total_us=3660 affected_tiles=405 published=405 fallback=0 visible_fallback=0 drop_uni_slot=0 drop_uni_paint=0 drop_raw_edit=0 drop_raw_paint=0 off_skip=0 drain_ops=50 drain_total_us=795459 drain_max_us=17730 ph_prepare_max_us=138 ph_overview_max_us=3787 ph_enumerate_max_us=610 ph_uniform_max_us=26 ph_raw_max_us=11966 ph_offscreen_max_us=4 ph_commit_max_us=1549 committed=1 authority=1 refresh=1 run_ok=1 pass=1
[22:21:06] TINYDRAW_GATE1_MIXED_DRAW zoom=100 tool=pen chunks=50 append_max_us=158 append_avg_us=75 append_total_us=3797 affected_tiles=450 published=398 fallback=52 visible_fallback=0 drop_uni_slot=0 drop_uni_paint=0 drop_raw_edit=0 drop_raw_paint=0 off_skip=0 drain_ops=50 drain_total_us=681675 drain_max_us=15626 ph_prepare_max_us=142 ph_overview_max_us=1874 ph_enumerate_max_us=561 ph_uniform_max_us=4398 ph_raw_max_us=11953 ph_offscreen_max_us=11 ph_commit_max_us=1051 committed=1 authority=1 refresh=1 run_ok=1 pass=1
[22:21:12] TINYDRAW_GATE1_MIXED_DRAW zoom=100 tool=eraser chunks=50 append_max_us=149 append_avg_us=71 append_total_us=3593 affected_tiles=399 published=399 fallback=0 visible_fallback=0 drop_uni_slot=0 drop_uni_paint=0 drop_raw_edit=0 drop_raw_paint=0 off_skip=0 drain_ops=50 drain_total_us=670288 drain_max_us=14956 ph_prepare_max_us=135 ph_overview_max_us=1867 ph_enumerate_max_us=591 ph_uniform_max_us=30 ph_raw_max_us=11967 ph_offscreen_max_us=8 ph_commit_max_us=844 committed=1 authority=1 refresh=1 run_ok=1 pass=1
[22:21:12] TINYDRAW_GATE1_MIXED_DRAW zoom=200 tool=pen chunks=50 append_max_us=165 append_avg_us=75 append_total_us=3763 affected_tiles=425 published=389 fallback=36 visible_fallback=0 drop_uni_slot=0 drop_uni_paint=0 drop_raw_edit=0 drop_raw_paint=0 off_skip=0 drain_ops=50 drain_total_us=626693 drain_max_us=15007 ph_prepare_max_us=146 ph_overview_max_us=1048 ph_enumerate_max_us=548 ph_uniform_max_us=4615 ph_raw_max_us=11927 ph_offscreen_max_us=7 ph_commit_max_us=883 committed=1 authority=1 refresh=1 run_ok=1 pass=1
[22:21:12] TINYDRAW_GATE1_MIXED_DRAW zoom=200 tool=eraser chunks=50 append_max_us=140 append_avg_us=69 append_total_us=3458 affected_tiles=388 published=388 fallback=0 visible_fallback=0 drop_uni_slot=0 drop_uni_paint=0 drop_raw_edit=0 drop_raw_paint=0 off_skip=0 drain_ops=50 drain_total_us=623072 drain_max_us=14069 ph_prepare_max_us=124 ph_overview_max_us=1075 ph_enumerate_max_us=563 ph_uniform_max_us=30 ph_raw_max_us=11952 ph_offscreen_max_us=4 ph_commit_max_us=742 committed=1 authority=1 refresh=1 run_ok=1 pass=1
[22:21:12] TINYDRAW_GATE1_MIXED_DRAW zoom=400 tool=pen chunks=50 append_max_us=163 append_avg_us=79 append_total_us=3950 affected_tiles=378 published=353 fallback=25 visible_fallback=0 drop_uni_slot=0 drop_uni_paint=0 drop_raw_edit=0 drop_raw_paint=0 off_skip=0 drain_ops=50 drain_total_us=600296 drain_max_us=14248 ph_prepare_max_us=146 ph_overview_max_us=702 ph_enumerate_max_us=706 ph_uniform_max_us=3457 ph_raw_max_us=11860 ph_offscreen_max_us=8 ph_commit_max_us=815 committed=1 authority=1 refresh=1 run_ok=1 pass=1
[22:21:12] TINYDRAW_GATE1_MIXED_DRAW zoom=400 tool=eraser chunks=50 append_max_us=170 append_avg_us=78 append_total_us=3942 affected_tiles=352 published=352 fallback=0 visible_fallback=0 drop_uni_slot=0 drop_uni_paint=0 drop_raw_edit=0 drop_raw_paint=0 off_skip=0 drain_ops=50 drain_total_us=590596 drain_max_us=13672 ph_prepare_max_us=154 ph_overview_max_us=685 ph_enumerate_max_us=716 ph_uniform_max_us=26 ph_raw_max_us=11957 ph_offscreen_max_us=4 ph_commit_max_us=694 committed=1 authority=1 refresh=1 run_ok=1 pass=1
[22:21:13] TINYDRAW_GATE1_MIXED_DRAW_REVISIT zoom=50 missing=4 refill_tiles=4 refill_us=190126
[22:21:13] TINYDRAW_GATE1_MIXED_DRAW_REVISIT zoom=100 missing=9 refill_tiles=9 refill_us=327827
[22:21:13] TINYDRAW_GATE1_MIXED_DRAW_REVISIT zoom=200 missing=16 refill_tiles=16 refill_us=331374
[22:21:13] TINYDRAW_GATE1_MIXED_DRAW_REVISIT zoom=400 missing=0 refill_tiles=0 refill_us=308
[22:21:13] TINYDRAW_GATE1_MIXED_DRAW_SUMMARY slots=448 strokes=10 worst_append_us=170 pass=1
[22:21:19] TINYDRAW_GATE1_IDLE_REPAIR damaged=588 remaining=0 plan_views=24 steps=4382 repair_us=3856906 worst_step_us=5573 warm_tiles=56 pass=1
[22:21:20] TINYDRAW_INKTRACE trace=fast-curve-dense-25 zoom=25 events=411 consumed=392 coalesced=19 down=1/1 up=1/1 max_time_gap_us=4072 max_space_gap_px=55.33 e2c_p50=504 e2c_p95=1570 e2c_max=1576 e2g_p95=775 e2s_p95=2511 e2d_p50=2246 e2d_p95=3365 e2d_max=3613 latency_samples=33 presentation_failures=0 commit_failures=0 overflows=0 revision=3482 fb_tiles=0 fb_start=0 fb_mid_max=0 fb_up_max=0 fb_end=0 drop_uni_slot=0 drop_uni_paint=0 drop_raw_edit=0 drop_raw_paint=0 off_skip=0 drain_ops=2 drain_max_us=20882 latency_pass=1 pass=1
[22:21:20] TINYDRAW_INKTRACE trace=fast-curve-400 zoom=400 events=414 consumed=370 coalesced=44 down=1/1 up=1/1 max_time_gap_us=4074 max_space_gap_px=65.51 e2c_p50=504 e2c_p95=1049 e2c_max=2044 e2g_p95=777 e2s_p95=2644 e2d_p50=2408 e2d_p95=3920 e2d_max=3934 latency_samples=33 presentation_failures=0 commit_failures=0 overflows=0 revision=3484 fb_tiles=42 fb_start=30 fb_mid_max=30 fb_up_max=30 fb_end=30 drop_uni_slot=0 drop_uni_paint=0 drop_raw_edit=0 drop_raw_paint=0 off_skip=0 drain_ops=2 drain_max_us=5997 latency_pass=1 pass=1
[22:21:23] TINYDRAW_INKTRACE trace=fast-curve-400-xl zoom=400 events=2296 consumed=1968 coalesced=328 down=1/1 up=1/1 max_time_gap_us=5076 max_space_gap_px=47.85 e2c_p50=504 e2c_p95=573 e2c_max=1578 e2g_p95=784 e2s_p95=2937 e2d_p50=3213 e2d_p95=4449 e2d_max=5434 latency_samples=172 presentation_failures=0 commit_failures=0 overflows=0 revision=3490 fb_tiles=42 fb_start=30 fb_mid_max=30 fb_up_max=30 fb_end=30 drop_uni_slot=0 drop_uni_paint=0 drop_raw_edit=0 drop_raw_paint=0 off_skip=0 drain_ops=6 drain_max_us=8925 latency_pass=1 pass=1
[22:21:24] TINYDRAW_INKTRACE trace=slow-precise-100 zoom=100 events=741 consumed=716 coalesced=25 down=1/1 up=1/1 max_time_gap_us=2999 max_space_gap_px=13.45 e2c_p50=504 e2c_p95=1062 e2c_max=1899 e2g_p95=780 e2s_p95=1780 e2d_p50=1903 e2d_p95=2260 e2d_max=2291 latency_samples=53 presentation_failures=0 commit_failures=0 overflows=0 revision=3492 fb_tiles=42 fb_start=24 fb_mid_max=24 fb_up_max=24 fb_end=24 drop_uni_slot=0 drop_uni_paint=0 drop_raw_edit=0 drop_raw_paint=0 off_skip=0 drain_ops=2 drain_max_us=6148 latency_pass=1 pass=1
[22:21:27] TINYDRAW_INKTRACE trace=scribble-multistroke zoom=100 events=848 consumed=729 coalesced=119 down=7/7 up=7/7 max_time_gap_us=6071 max_space_gap_px=109.46 e2c_p50=504 e2c_p95=576 e2c_max=2044 e2g_p95=779 e2s_p95=3421 e2d_p50=3095 e2d_p95=5193 e2d_max=6215 latency_samples=55 presentation_failures=0 commit_failures=0 overflows=0 revision=3499 fb_tiles=42 fb_start=24 fb_mid_max=24 fb_up_max=24 fb_end=24 drop_uni_slot=0 drop_uni_paint=0 drop_raw_edit=0 drop_raw_paint=0 off_skip=0 drain_ops=7 drain_max_us=6166 latency_pass=1 pass=1
[22:21:28] TINYDRAW_HAIRLINE_DOC ops=782 samples=8061 append_total_us=1064984 append_max_us=7185
[22:21:28] TINYDRAW_GATE1_PACED_COLD corpus=evil_hairlines_capacity zoom=100 x=552 y=672 steps=239 tiles=56 compute_us=229660 present_us=76899 touch_us=614 pacing_us=8802 wall_us=315975 maximum_wall_us=500000 max_tick_us=8836 touch_samples=46122 touch_interval_max_us=2077 touch_read_max_us=602 touch_events=0 touch_down=0 touch_up=0 touch_events_ge_8ms=0 touch_event_age_max_us=0 touch_errors=0 touch_overflows=0 pass=1
[22:21:28] TINYDRAW_GATE1_PACED_COLD corpus=evil_hairlines_capacity zoom=400 x=2760 y=3360 steps=212 tiles=48 compute_us=132533 present_us=75162 touch_us=431 pacing_us=6826 wall_us=214952 maximum_wall_us=500000 max_tick_us=9035 touch_samples=284 touch_interval_max_us=1884 touch_read_max_us=482 touch_events=0 touch_down=0 touch_up=0 touch_events_ge_8ms=0 touch_event_age_max_us=0 touch_errors=0 touch_overflows=0 pass=1
[22:21:31] TINYDRAW_HAIRLINE_REPAIR steps=2353 wall_us=2146927 worst_step_us=5441 resident=406/448 grid_stopped=1 pass2_steps=8 pass2_wall_us=2190 no_churn=1
[22:21:32] TINYDRAW_HAIRLINE_TOUR stops=8 total_us=877569 worst_stop_us=182620 worst_step_us=6401
[22:21:32] TINYDRAW_GATE1_HAIRLINE raw=339 uniform=73 fallback=232 capacity=448 worst_step_us=6401 grid_stopped=1 pass=1
[22:21:34] TINYDRAW_GATE1_LONG_GESTURE path=reference samples=1600 chunks=26 append_total_us=925262 append_max_us=43668 append_avg_us=35587 refresh_fallback_pixels=0 settled_fallback_pixels=0 committed=1 authority=1 refresh=1 run_ok=1
[22:21:34] TINYDRAW_GATE1_LONG_GESTURE path=in_place samples=1600 chunks=52 append_total_us=590093 append_max_us=13815 append_avg_us=11347 refresh_fallback_pixels=0 settled_fallback_pixels=0 committed=1 authority=1 refresh=1 run_ok=1
[22:21:34] TINYDRAW_V2_EXPORT_PROGRESS row=0 of=1792
[22:21:35] TINYDRAW_V2_EXPORT_PROGRESS row=256 of=1792
[22:21:36] TINYDRAW_V2_EXPORT_PROGRESS row=512 of=1792
[22:21:37] TINYDRAW_V2_EXPORT_PROGRESS row=768 of=1792
[22:21:38] TINYDRAW_V2_EXPORT_PROGRESS row=1024 of=1792
[22:21:38] TINYDRAW_V2_EXPORT_PROGRESS row=1280 of=1792
[22:21:39] TINYDRAW_V2_EXPORT_PROGRESS row=1536 of=1792
[22:21:40] TINYDRAW_GATE1_EXPORT encoded=1 bytes=40166 elapsed_us=5856076 workspace_bytes=50652 band_bytes=376832 free_psram=1859920 free_internal=179664 signature=1 dimensions=1 chunks=3 chunks_ok=1 pass=1
[22:21:40] TINYDRAW_EXPORT_RESERVE requested=1572864 free_before=1859920 largest_before=1835008 free_held=287052 largest_held=286720 pass=1
[22:21:40] TINYDRAW_RERENDER_LEDGER site=final renders=0 unique=0 amplification=0.000 cold=0 damage=0 evict=0 stale=0 unexplained=0
[22:21:40] TINYDRAW_GATE1_AUTOMATED_DONE stress=1 stress_100=1 stress_400=1 overlap_ready=1 overlap_cold=0 general_cold_ready=1 general_cold=1 workload=1 paced_cold=1 hard_100=1 hard_400=1 pan_100=1 pan_400=1 pan_seq=1 pan_boundary=1 live_overlay=1 draw_fill=1 cache=1 full_world_cache=1 cache_tour=1 mixed_draw=1 idle_repair=1 ink_trace=1 hairline_capacity=1 long_gesture=1 export_encode=1 export_reserve=1 return=1 ssaa_receipt=yellow
[22:21:40] TINYDRAW_VECTOR_V2_GATE_HARNESS_DONE pass=0
[22:21:40] TINYDRAW_VECTOR_V2_READY zoom=25 controls=chrome button=cycle_all_zooms operations_capacity=4000 samples_capacity=80000 live_storage_bytes=6383640 overview_bytes=1318912 raw_tile_bytes=3670016 tile_metadata_bytes=101360 operation_bytes=720000 live_scratch_bytes=573352 free_psram=1859920 largest_psram=1835008 te_edges=3999 te_period_us=16794 te_high_us=579 te_level=0 main_stack_free=824
[22:22:40] TINYDRAW_LIVE_PRESENT kind=power zoom=25 x=0 y=0 compose_us=25915 scroll_us=0 exposed_compose_us=0 chrome_us=5131 chrome_prepare_us=45 chrome_stage_us=5086 read_submit_us=38607 read_complete_us=42060 transfer_wait_us=20393 tile_pixels=0 uniform_pixels=0 overview_pixels=164864 fallback_pixels=0 resident_tiles=0 fallback_tiles=0 pushes=11 tear_wait_us=12021 tear_edge_isr_to_resume_us=8 tear_edge_observed=1 tear_edge_wait_resumed=1 tear_edge_timeout=0 tear_heal_attempted=0 tear_heal_command_sent=0 presentation_experiment=boundary-top-sweep te_edge=rising requested_clock_mhz=50 effective_clock_mhz=40 frame_reused=0 pass=1
[22:23:05] TINYDRAW_LIVE_PRESENT kind=zoom-ui zoom=50 x=0 y=0 compose_us=13686 scroll_us=0 exposed_compose_us=0 chrome_us=6897 chrome_prepare_us=2288 chrome_stage_us=4609 read_submit_us=17723 read_complete_us=21302 transfer_wait_us=20231 tile_pixels=0 uniform_pixels=0 overview_pixels=0 fallback_pixels=164864 resident_tiles=0 fallback_tiles=42 pushes=11 tear_wait_us=1623 tear_edge_isr_to_resume_us=12 tear_edge_observed=1 tear_edge_wait_resumed=1 tear_edge_timeout=0 tear_heal_attempted=0 tear_heal_command_sent=0 presentation_experiment=boundary-top-sweep te_edge=rising requested_clock_mhz=50 effective_clock_mhz=40 frame_reused=0 pass=1
[22:23:05] TINYDRAW_FILL_BASELINE result=complete zoom=50 x=0 y=0 revision=4362 steps=38 wall_us=112900 compute_total_us=42384 compute_max_us=2959 present_total_us=62579 present_max_us=7548 tick_max_us=3289 producer_failures=0 presentation_failures=0
[22:23:05] TINYDRAW_LIVE_FILL_DONE zoom=50 x=0 y=0 revision=4362
[22:23:06] TINYDRAW_LIVE_PRESENT kind=zoom-ui zoom=100 x=184 y=186 compose_us=11517 scroll_us=0 exposed_compose_us=0 chrome_us=6738 chrome_prepare_us=2338 chrome_stage_us=4400 read_submit_us=22602 read_complete_us=26209 transfer_wait_us=20340 tile_pixels=0 uniform_pixels=0 overview_pixels=0 fallback_pixels=164864 resident_tiles=0 fallback_tiles=56 pushes=11 tear_wait_us=8634 tear_edge_isr_to_resume_us=11 tear_edge_observed=1 tear_edge_wait_resumed=1 tear_edge_timeout=0 tear_heal_attempted=0 tear_heal_command_sent=0 presentation_experiment=boundary-top-sweep te_edge=rising requested_clock_mhz=50 effective_clock_mhz=40 frame_reused=0 pass=1
[22:23:06] TINYDRAW_FILL_BASELINE result=complete zoom=100 x=184 y=186 revision=4362 steps=16 wall_us=84461 compute_total_us=8501 compute_max_us=2536 present_total_us=68785 present_max_us=8420 tick_max_us=2553 producer_failures=0 presentation_failures=0
[22:23:06] TINYDRAW_LIVE_FILL_DONE zoom=100 x=184 y=186 revision=4362
[22:23:06] TINYDRAW_LIVE_REPAIR views=24 steps=217
[22:23:07] TINYDRAW_LIVE_PRESENT kind=chrome zoom=100 x=184 y=186 compose_us=10021 scroll_us=0 exposed_compose_us=0 chrome_us=8726 chrome_prepare_us=9 chrome_stage_us=8717 read_submit_us=22131 read_complete_us=25469 transfer_wait_us=24816 tile_pixels=0 uniform_pixels=164864 overview_pixels=0 fallback_pixels=0 resident_tiles=56 fallback_tiles=0 pushes=11 tear_wait_us=12020 tear_edge_isr_to_resume_us=9 tear_edge_observed=1 tear_edge_wait_resumed=1 tear_edge_timeout=0 tear_heal_attempted=0 tear_heal_command_sent=0 presentation_experiment=boundary-top-sweep te_edge=rising requested_clock_mhz=50 effective_clock_mhz=40 frame_reused=0 pass=1
[22:23:08] TINYDRAW_LIVE_PRESENT kind=chrome zoom=100 x=184 y=186 compose_us=9639 scroll_us=0 exposed_compose_us=0 chrome_us=8761 chrome_prepare_us=9 chrome_stage_us=8752 read_submit_us=18635 read_complete_us=21982 transfer_wait_us=25319 tile_pixels=0 uniform_pixels=164864 overview_pixels=0 fallback_pixels=0 resident_tiles=56 fallback_tiles=0 pushes=11 tear_wait_us=8902 tear_edge_isr_to_resume_us=8 tear_edge_observed=1 tear_edge_wait_resumed=1 tear_edge_timeout=0 tear_heal_attempted=0 tear_heal_command_sent=0 presentation_experiment=boundary-top-sweep te_edge=rising requested_clock_mhz=50 effective_clock_mhz=40 frame_reused=0 pass=1
[22:23:09] TINYDRAW_LIVE_PRESENT kind=chrome zoom=100 x=184 y=186 compose_us=9612 scroll_us=0 exposed_compose_us=0 chrome_us=16815 chrome_prepare_us=9 chrome_stage_us=16806 read_submit_us=19201 read_complete_us=22519 transfer_wait_us=31751 tile_pixels=0 uniform_pixels=164864 overview_pixels=0 fallback_pixels=0 resident_tiles=56 fallback_tiles=0 pushes=11 tear_wait_us=9496 tear_edge_isr_to_resume_us=9 tear_edge_observed=1 tear_edge_wait_resumed=1 tear_edge_timeout=0 tear_heal_attempted=0 tear_heal_command_sent=0 presentation_experiment=boundary-top-sweep te_edge=rising requested_clock_mhz=50 effective_clock_mhz=40 frame_reused=0 pass=1
[22:23:10] TINYDRAW_LIVE_PRESENT kind=chrome zoom=100 x=184 y=186 compose_us=11441 scroll_us=0 exposed_compose_us=0 chrome_us=8869 chrome_prepare_us=4492 chrome_stage_us=4377 read_submit_us=31925 read_complete_us=35288 transfer_wait_us=20016 tile_pixels=0 uniform_pixels=0 overview_pixels=0 fallback_pixels=164864 resident_tiles=0 fallback_tiles=56 pushes=11 tear_wait_us=15873 tear_edge_isr_to_resume_us=10 tear_edge_observed=1 tear_edge_wait_resumed=1 tear_edge_timeout=0 tear_heal_attempted=0 tear_heal_command_sent=0 presentation_experiment=boundary-top-sweep te_edge=rising requested_clock_mhz=50 effective_clock_mhz=40 frame_reused=0 pass=1
[22:23:10] TINYDRAW_FILL_BASELINE result=complete zoom=100 x=184 y=186 revision=4363 steps=16 wall_us=82451 compute_total_us=6506 compute_max_us=467 present_total_us=68728 present_max_us=8417 tick_max_us=487 producer_failures=0 presentation_failures=0
[22:23:10] TINYDRAW_LIVE_FILL_DONE zoom=100 x=184 y=186 revision=4363
[22:23:10] TINYDRAW_LIVE_REPAIR views=24 steps=230
[22:23:10] TINYDRAW_LIVE_PRESENT kind=zoom-ui zoom=200 x=552 y=558 compose_us=10988 scroll_us=0 exposed_compose_us=0 chrome_us=6639 chrome_prepare_us=2368 chrome_stage_us=4271 read_submit_us=23633 read_complete_us=27243 transfer_wait_us=20314 tile_pixels=0 uniform_pixels=0 overview_pixels=0 fallback_pixels=164864 resident_tiles=0 fallback_tiles=56 pushes=11 tear_wait_us=10164 tear_edge_isr_to_resume_us=13 tear_edge_observed=1 tear_edge_wait_resumed=1 tear_edge_timeout=0 tear_heal_attempted=0 tear_heal_command_sent=0 presentation_experiment=boundary-top-sweep te_edge=rising requested_clock_mhz=50 effective_clock_mhz=40 frame_reused=0 pass=1
[22:23:10] TINYDRAW_FILL_BASELINE result=complete zoom=200 x=552 y=558 revision=4363 steps=16 wall_us=80372 compute_total_us=6467 compute_max_us=468 present_total_us=66706 present_max_us=8411 tick_max_us=490 producer_failures=0 presentation_failures=0
[22:23:10] TINYDRAW_LIVE_FILL_DONE zoom=200 x=552 y=558 revision=4363
[22:23:10] TINYDRAW_LIVE_PRESENT kind=power zoom=200 x=552 y=558 compose_us=9857 scroll_us=0 exposed_compose_us=0 chrome_us=4272 chrome_prepare_us=26 chrome_stage_us=4246 read_submit_us=18427 read_complete_us=22028 transfer_wait_us=20573 tile_pixels=0 uniform_pixels=164864 overview_pixels=0 fallback_pixels=0 resident_tiles=56 fallback_tiles=0 pushes=11 tear_wait_us=7896 tear_edge_isr_to_resume_us=10 tear_edge_observed=1 tear_edge_wait_resumed=1 tear_edge_timeout=0 tear_heal_attempted=0 tear_heal_command_sent=0 presentation_experiment=boundary-top-sweep te_edge=rising requested_clock_mhz=50 effective_clock_mhz=40 frame_reused=0 pass=1
[22:23:10] TINYDRAW_LIVE_REPAIR views=8 steps=64
[22:23:11] TINYDRAW_LIVE_PRESENT kind=zoom-ui zoom=400 x=1288 y=1302 compose_us=12505 scroll_us=0 exposed_compose_us=0 chrome_us=6553 chrome_prepare_us=2364 chrome_stage_us=4189 read_submit_us=27745 read_complete_us=31346 transfer_wait_us=20205 tile_pixels=0 uniform_pixels=0 overview_pixels=0 fallback_pixels=164864 resident_tiles=0 fallback_tiles=48 pushes=11 tear_wait_us=12762 tear_edge_isr_to_resume_us=13 tear_edge_observed=1 tear_edge_wait_resumed=1 tear_edge_timeout=0 tear_heal_attempted=0 tear_heal_command_sent=0 presentation_experiment=boundary-top-sweep te_edge=rising requested_clock_mhz=50 effective_clock_mhz=40 frame_reused=0 pass=1
[22:23:11] TINYDRAW_FILL_BASELINE result=complete zoom=400 x=1288 y=1302 revision=4363 steps=12 wall_us=75199 compute_total_us=4455 compute_max_us=414 present_total_us=65146 present_max_us=7553 tick_max_us=439 producer_failures=0 presentation_failures=0
[22:23:11] TINYDRAW_LIVE_FILL_DONE zoom=400 x=1288 y=1302 revision=4363
[22:23:11] TINYDRAW_LIVE_REPAIR views=8 steps=52
[22:23:13] TINYDRAW_LIVE_PRESENT kind=chrome zoom=400 x=1288 y=1302 compose_us=9782 scroll_us=0 exposed_compose_us=0 chrome_us=7974 chrome_prepare_us=8 chrome_stage_us=7966 read_submit_us=13880 read_complete_us=17212 transfer_wait_us=24068 tile_pixels=0 uniform_pixels=164864 overview_pixels=0 fallback_pixels=0 resident_tiles=48 fallback_tiles=0 pushes=11 tear_wait_us=4008 tear_edge_isr_to_resume_us=9 tear_edge_observed=1 tear_edge_wait_resumed=1 tear_edge_timeout=0 tear_heal_attempted=0 tear_heal_command_sent=0 presentation_experiment=boundary-top-sweep te_edge=rising requested_clock_mhz=50 effective_clock_mhz=40 frame_reused=0 pass=1
[22:23:13] TINYDRAW_LIVE_PRESENT kind=chrome zoom=400 x=1288 y=1302 compose_us=9632 scroll_us=0 exposed_compose_us=0 chrome_us=8822 chrome_prepare_us=4617 chrome_stage_us=4205 read_submit_us=28263 read_complete_us=31891 transfer_wait_us=20685 tile_pixels=0 uniform_pixels=164864 overview_pixels=0 fallback_pixels=0 resident_tiles=48 fallback_tiles=0 pushes=11 tear_wait_us=13933 tear_edge_isr_to_resume_us=11 tear_edge_observed=1 tear_edge_wait_resumed=1 tear_edge_timeout=0 tear_heal_attempted=0 tear_heal_command_sent=0 presentation_experiment=boundary-top-sweep te_edge=rising requested_clock_mhz=50 effective_clock_mhz=40 frame_reused=0 pass=1
[22:23:18] TINYDRAW_LIVE_STROKE revision=4363 operations=7 samples=212 append_us=838 append_max_us=127 refresh_compose_us=0 refresh_complete_us=0 ink_samples=188 read_submit_avg_us=1833 read_submit_max_us=3063 read_complete_avg_us=3023 read_complete_max_us=4531 submit_over_16ms=0 complete_over_33ms=0 presentation_failures=0 poll_max_us=132083 touch_errors=0 touch_overflows=0 touch_moves_coalesced=1997 touch_events=1459 touch_down=11 touch_up=11 touch_events_ge_8ms=0 touch_event_age_max_us=4143 chunks=7 ph_prepare_max_us=82 ph_overview_max_us=0 ph_enumerate_max_us=0 ph_uniform_max_us=0 ph_raw_max_us=0 ph_offscreen_max_us=0 ph_commit_max_us=0 drop_uni_slot=0 drop_uni_paint=0 drop_raw_edit=0 drop_raw_paint=0 off_skip=0 free_psram=1859920 largest_psram=1835008 authority_match=0
[22:23:18] TINYDRAW_LIVE_STROKE_DONE committed=1 refresh=1 commit_failed=0
[22:23:18] TINYDRAW_LIFT_BASELINE id=1 finish_preview_us=2008 builder_finish_us=51 append_us=838 append_max_us=127 refresh_wall_us=14 refresh_x0=1308 refresh_y0=1324 refresh_x1=1636 refresh_y1=1744 refresh_compose_us=0 refresh_first_submit_us=0 refresh_first_complete_us=0 refresh_transfer_wait_us=0 stroke_logging_us=0 detected_to_poll_start_us=4004 detected_to_poll_complete_us=4015 poll_read_us=11 unattributed_tail_us=1093 reports_dropped=0 chunks=7 committed=1 refresh=1 commit_failed=0
[22:23:18] TINYDRAW_LIVE_DRAIN ops=7 total_us=86453 max_us=15338 failures=0 swap_wall_us=71024 swap_pass=1
[22:23:18] TINYDRAW_FILL_BASELINE result=complete zoom=400 x=1288 y=1302 revision=4370 steps=1 wall_us=374 compute_total_us=339 compute_max_us=339 present_total_us=0 present_max_us=0 tick_max_us=349 producer_failures=0 presentation_failures=0
[22:23:18] TINYDRAW_LIVE_FILL_DONE zoom=400 x=1288 y=1302 revision=4370
[22:23:18] TINYDRAW_LIVE_REPAIR views=8 steps=22
[22:23:24] TINYDRAW_LIVE_PRESENT kind=chrome zoom=400 x=1288 y=1302 compose_us=17000 scroll_us=0 exposed_compose_us=0 chrome_us=9071 chrome_prepare_us=9 chrome_stage_us=9062 read_submit_us=33079 read_complete_us=36268 transfer_wait_us=25865 tile_pixels=148272 uniform_pixels=16592 overview_pixels=0 fallback_pixels=0 resident_tiles=48 fallback_tiles=0 pushes=11 tear_wait_us=15989 tear_edge_isr_to_resume_us=11 tear_edge_observed=1 tear_edge_wait_resumed=1 tear_edge_timeout=0 tear_heal_attempted=0 tear_heal_command_sent=0 presentation_experiment=boundary-top-sweep te_edge=rising requested_clock_mhz=50 effective_clock_mhz=40 frame_reused=0 pass=1
[22:23:24] TINYDRAW_LIVE_PRESENT kind=chrome zoom=400 x=1288 y=1302 compose_us=16748 scroll_us=0 exposed_compose_us=0 chrome_us=8651 chrome_prepare_us=4419 chrome_stage_us=4232 read_submit_us=33616 read_complete_us=37254 transfer_wait_us=20330 tile_pixels=148272 uniform_pixels=16592 overview_pixels=0 fallback_pixels=0 resident_tiles=48 fallback_tiles=0 pushes=11 tear_wait_us=12359 tear_edge_isr_to_resume_us=9 tear_edge_observed=1 tear_edge_wait_resumed=1 tear_edge_timeout=0 tear_heal_attempted=0 tear_heal_command_sent=0 presentation_experiment=boundary-top-sweep te_edge=rising requested_clock_mhz=50 effective_clock_mhz=40 frame_reused=0 pass=1
[22:23:24] TINYDRAW_LIVE_PRESENT kind=chrome zoom=400 x=1288 y=1302 compose_us=16773 scroll_us=0 exposed_compose_us=0 chrome_us=9065 chrome_prepare_us=9 chrome_stage_us=9056 read_submit_us=31131 read_complete_us=34319 transfer_wait_us=25817 tile_pixels=148272 uniform_pixels=16592 overview_pixels=0 fallback_pixels=0 resident_tiles=48 fallback_tiles=0 pushes=11 tear_wait_us=14267 tear_edge_isr_to_resume_us=9 tear_edge_observed=1 tear_edge_wait_resumed=1 tear_edge_timeout=0 tear_heal_attempted=0 tear_heal_command_sent=0 presentation_experiment=boundary-top-sweep te_edge=rising requested_clock_mhz=50 effective_clock_mhz=40 frame_reused=0 pass=1
[22:23:25] TINYDRAW_LIVE_PRESENT kind=chrome zoom=400 x=1288 y=1302 compose_us=16753 scroll_us=0 exposed_compose_us=0 chrome_us=8902 chrome_prepare_us=9 chrome_stage_us=8893 read_submit_us=23311 read_complete_us=26505 transfer_wait_us=25641 tile_pixels=148272 uniform_pixels=16592 overview_pixels=0 fallback_pixels=0 resident_tiles=48 fallback_tiles=0 pushes=11 tear_wait_us=6463 tear_edge_isr_to_resume_us=9 tear_edge_observed=1 tear_edge_wait_resumed=1 tear_edge_timeout=0 tear_heal_attempted=0 tear_heal_command_sent=0 presentation_experiment=boundary-top-sweep te_edge=rising requested_clock_mhz=50 effective_clock_mhz=40 frame_reused=0 pass=1
[22:23:26] TINYDRAW_LIVE_PRESENT kind=chrome-dismiss zoom=400 x=1288 y=1302 compose_us=16931 scroll_us=0 exposed_compose_us=0 chrome_us=4208 chrome_prepare_us=25 chrome_stage_us=4183 read_submit_us=25930 read_complete_us=29412 transfer_wait_us=20070 tile_pixels=148272 uniform_pixels=16592 overview_pixels=0 fallback_pixels=0 resident_tiles=48 fallback_tiles=0 pushes=11 tear_wait_us=8854 tear_edge_isr_to_resume_us=9 tear_edge_observed=1 tear_edge_wait_resumed=1 tear_edge_timeout=0 tear_heal_attempted=0 tear_heal_command_sent=0 presentation_experiment=boundary-top-sweep te_edge=rising requested_clock_mhz=50 effective_clock_mhz=40 frame_reused=0 pass=1
[22:23:26] TINYDRAW_LIVE_DRAIN ops=1 total_us=1292 max_us=1292 failures=0 swap_wall_us=14657 swap_pass=1
[22:23:26] TINYDRAW_LIVE_STROKE revision=4370 operations=8 samples=213 append_us=89 append_max_us=89 refresh_compose_us=0 refresh_complete_us=0 ink_samples=2 read_submit_avg_us=23762 read_submit_max_us=33497 read_complete_avg_us=24294 read_complete_max_us=34246 submit_over_16ms=1 complete_over_33ms=1 presentation_failures=0 poll_max_us=105004 touch_errors=0 touch_overflows=0 touch_moves_coalesced=181 touch_events=151 touch_down=6 touch_up=6 touch_events_ge_8ms=5 touch_event_age_max_us=71275 chunks=1 ph_prepare_max_us=48 ph_overview_max_us=0 ph_enumerate_max_us=0 ph_uniform_max_us=0 ph_raw_max_us=0 ph_offscreen_max_us=0 ph_commit_max_us=0 drop_uni_slot=0 drop_uni_paint=0 drop_raw_edit=0 drop_raw_paint=0 off_skip=0 free_psram=1859920 largest_psram=1835008 authority_match=0
[22:23:26] TINYDRAW_LIVE_STROKE_DONE committed=1 refresh=1 commit_failed=0
[22:23:26] TINYDRAW_LIFT_BASELINE id=2 finish_preview_us=2008 builder_finish_us=52 append_us=89 append_max_us=89 refresh_wall_us=14 refresh_x0=1396 refresh_y0=1396 refresh_x1=1416 refresh_y1=1416 refresh_compose_us=0 refresh_first_submit_us=0 refresh_first_complete_us=0 refresh_transfer_wait_us=0 stroke_logging_us=0 detected_to_poll_start_us=4004 detected_to_poll_complete_us=4015 poll_read_us=11 unattributed_tail_us=1841 reports_dropped=0 chunks=1 committed=1 refresh=1 commit_failed=0
[22:23:26] TINYDRAW_FILL_BASELINE result=complete zoom=400 x=1288 y=1302 revision=4371 steps=1 wall_us=379 compute_total_us=343 compute_max_us=343 present_total_us=0 present_max_us=0 tick_max_us=353 producer_failures=0 presentation_failures=0
[22:23:26] TINYDRAW_LIVE_FILL_DONE zoom=400 x=1288 y=1302 revision=4371
[22:23:26] TINYDRAW_LIVE_REPAIR views=8 steps=14
[22:23:27] TINYDRAW_LIVE_PRESENT kind=chrome zoom=400 x=1288 y=1302 compose_us=17050 scroll_us=0 exposed_compose_us=0 chrome_us=9049 chrome_prepare_us=9 chrome_stage_us=9040 read_submit_us=18036 read_complete_us=21247 transfer_wait_us=25911 tile_pixels=148272 uniform_pixels=16592 overview_pixels=0 fallback_pixels=0 resident_tiles=48 fallback_tiles=0 pushes=11 tear_wait_us=896 tear_edge_isr_to_resume_us=11 tear_edge_observed=1 tear_edge_wait_resumed=1 tear_edge_timeout=0 tear_heal_attempted=0 tear_heal_command_sent=0 presentation_experiment=boundary-top-sweep te_edge=rising requested_clock_mhz=50 effective_clock_mhz=40 frame_reused=0 pass=1
[22:23:29] TINYDRAW_LIVE_PRESENT kind=chrome zoom=400 x=1288 y=1302 compose_us=16737 scroll_us=0 exposed_compose_us=0 chrome_us=8727 chrome_prepare_us=4516 chrome_stage_us=4211 read_submit_us=25231 read_complete_us=28868 transfer_wait_us=20720 tile_pixels=148272 uniform_pixels=16592 overview_pixels=0 fallback_pixels=0 resident_tiles=48 fallback_tiles=0 pushes=11 tear_wait_us=3892 tear_edge_isr_to_resume_us=11 tear_edge_observed=1 tear_edge_wait_resumed=1 tear_edge_timeout=0 tear_heal_attempted=0 tear_heal_command_sent=0 presentation_experiment=boundary-top-sweep te_edge=rising requested_clock_mhz=50 effective_clock_mhz=40 frame_reused=0 pass=1
[22:23:29] TINYDRAW_PAN_BASELINE zoom=400 x=1086 y=1106 frames=6 reused=6 compose_avg_us=4872 compose_max_us=9720 present_avg_us=15928 present_max_us=16269 tear_wait_avg_us=9578 tear_wait_max_us=13273 failures=0
[22:23:29] TINYDRAW_FILL_BASELINE result=complete zoom=400 x=1086 y=1106 revision=4371 steps=4 wall_us=63267 compute_total_us=1369 compute_max_us=361 present_total_us=59379 present_max_us=45807 tick_max_us=375 producer_failures=0 presentation_failures=0
[22:23:29] TINYDRAW_LIVE_FILL_DONE zoom=400 x=1086 y=1106 revision=4371
[22:23:29] TINYDRAW_LIVE_REPAIR views=8 steps=36
[22:23:30] TINYDRAW_PAN_BASELINE zoom=400 x=926 y=878 frames=8 reused=8 compose_avg_us=3449 compose_max_us=8232 present_avg_us=14158 present_max_us=16705 tear_wait_avg_us=9034 tear_wait_max_us=14452 failures=0
[22:23:30] TINYDRAW_FILL_BASELINE result=complete zoom=400 x=926 y=878 revision=4371 steps=3 wall_us=58384 compute_total_us=1089 compute_max_us=381 present_total_us=54877 present_max_us=45905 tick_max_us=396 producer_failures=0 presentation_failures=0
[22:23:30] TINYDRAW_LIVE_FILL_DONE zoom=400 x=926 y=878 revision=4371
[22:23:30] TINYDRAW_LIVE_REPAIR views=8 steps=29
[22:23:30] TINYDRAW_PAN_BASELINE zoom=400 x=726 y=668 frames=6 reused=6 compose_avg_us=4799 compose_max_us=10719 present_avg_us=16087 present_max_us=16615 tear_wait_avg_us=9326 tear_wait_max_us=13373 failures=0
[22:23:30] TINYDRAW_FILL_BASELINE result=complete zoom=400 x=726 y=668 revision=4371 steps=4 wall_us=60351 compute_total_us=1376 compute_max_us=354 present_total_us=56454 present_max_us=45883 tick_max_us=367 producer_failures=0 presentation_failures=0
[22:23:30] TINYDRAW_LIVE_FILL_DONE zoom=400 x=726 y=668 revision=4371
[22:23:30] TINYDRAW_LIVE_REPAIR views=8 steps=30
[22:23:30] TINYDRAW_PAN_BASELINE zoom=400 x=614 y=514 frames=5 reused=5 compose_avg_us=3781 compose_max_us=8261 present_avg_us=16186 present_max_us=16579 tear_wait_avg_us=9311 tear_wait_max_us=14652 failures=0
[22:23:30] TINYDRAW_FILL_BASELINE result=complete zoom=400 x=614 y=514 revision=4371 steps=2 wall_us=50473 compute_total_us=702 compute_max_us=375 present_total_us=47500 present_max_us=43980 tick_max_us=386 producer_failures=0 presentation_failures=0
[22:23:30] TINYDRAW_LIVE_FILL_DONE zoom=400 x=614 y=514 revision=4371
[22:23:30] TINYDRAW_LIVE_REPAIR views=8 steps=31
[22:23:31] TINYDRAW_LIVE_PRESENT kind=chrome zoom=400 x=614 y=514 compose_us=9827 scroll_us=0 exposed_compose_us=0 chrome_us=8493 chrome_prepare_us=9 chrome_stage_us=8484 read_submit_us=19652 read_complete_us=23014 transfer_wait_us=25296 tile_pixels=0 uniform_pixels=164864 overview_pixels=0 fallback_pixels=0 resident_tiles=56 fallback_tiles=0 pushes=11 tear_wait_us=9733 tear_edge_isr_to_resume_us=8 tear_edge_observed=1 tear_edge_wait_resumed=1 tear_edge_timeout=0 tear_heal_attempted=0 tear_heal_command_sent=0 presentation_experiment=boundary-top-sweep te_edge=rising requested_clock_mhz=50 effective_clock_mhz=40 frame_reused=0 pass=1
[22:23:31] TINYDRAW_LIVE_PRESENT kind=chrome zoom=400 x=614 y=514 compose_us=9684 scroll_us=0 exposed_compose_us=0 chrome_us=4260 chrome_prepare_us=26 chrome_stage_us=4234 read_submit_us=22616 read_complete_us=26223 transfer_wait_us=20337 tile_pixels=0 uniform_pixels=164864 overview_pixels=0 fallback_pixels=0 resident_tiles=56 fallback_tiles=0 pushes=11 tear_wait_us=12808 tear_edge_isr_to_resume_us=9 tear_edge_observed=1 tear_edge_wait_resumed=1 tear_edge_timeout=0 tear_heal_attempted=0 tear_heal_command_sent=0 presentation_experiment=boundary-top-sweep te_edge=rising requested_clock_mhz=50 effective_clock_mhz=40 frame_reused=0 pass=1
[22:23:32] TINYDRAW_LIVE_PRESENT kind=chrome zoom=400 x=614 y=514 compose_us=9680 scroll_us=0 exposed_compose_us=0 chrome_us=9265 chrome_prepare_us=12 chrome_stage_us=9253 read_submit_us=19583 read_complete_us=22926 transfer_wait_us=25370 tile_pixels=0 uniform_pixels=164864 overview_pixels=0 fallback_pixels=0 resident_tiles=56 fallback_tiles=0 pushes=11 tear_wait_us=9793 tear_edge_isr_to_resume_us=9 tear_edge_observed=1 tear_edge_wait_resumed=1 tear_edge_timeout=0 tear_heal_attempted=0 tear_heal_command_sent=0 presentation_experiment=boundary-top-sweep te_edge=rising requested_clock_mhz=50 effective_clock_mhz=40 frame_reused=0 pass=1
[22:23:33] TINYDRAW_LIVE_PRESENT kind=chrome zoom=400 x=614 y=514 compose_us=9622 scroll_us=0 exposed_compose_us=0 chrome_us=8820 chrome_prepare_us=4592 chrome_stage_us=4228 read_submit_us=16313 read_complete_us=19936 transfer_wait_us=20639 tile_pixels=0 uniform_pixels=164864 overview_pixels=0 fallback_pixels=0 resident_tiles=56 fallback_tiles=0 pushes=11 tear_wait_us=2015 tear_edge_isr_to_resume_us=13 tear_edge_observed=1 tear_edge_wait_resumed=1 tear_edge_timeout=0 tear_heal_attempted=0 tear_heal_command_sent=0 presentation_experiment=boundary-top-sweep te_edge=rising requested_clock_mhz=50 effective_clock_mhz=40 frame_reused=0 pass=1
[22:23:40] TINYDRAW_LIVE_STROKE revision=4371 operations=18 samples=509 append_us=1181 append_max_us=122 refresh_compose_us=0 refresh_complete_us=0 ink_samples=288 read_submit_avg_us=1762 read_submit_max_us=3223 read_complete_avg_us=3066 read_complete_max_us=4445 submit_over_16ms=0 complete_over_33ms=0 presentation_failures=0 poll_max_us=91999 touch_errors=0 touch_overflows=0 touch_moves_coalesced=3192 touch_events=1741 touch_down=11 touch_up=11 touch_events_ge_8ms=7 touch_event_age_max_us=41241 chunks=10 ph_prepare_max_us=82 ph_overview_max_us=0 ph_enumerate_max_us=0 ph_uniform_max_us=0 ph_raw_max_us=0 ph_offscreen_max_us=0 ph_commit_max_us=0 drop_uni_slot=0 drop_uni_paint=0 drop_raw_edit=0 drop_raw_paint=0 off_skip=0 free_psram=1859920 largest_psram=1835008 authority_match=0
[22:23:40] TINYDRAW_LIVE_STROKE_DONE committed=1 refresh=1 commit_failed=0
[22:23:40] TINYDRAW_LIFT_BASELINE id=3 finish_preview_us=3008 builder_finish_us=51 append_us=1181 append_max_us=122 refresh_wall_us=14 refresh_x0=616 refresh_y0=532 refresh_x1=976 refresh_y1=880 refresh_compose_us=0 refresh_first_submit_us=0 refresh_first_complete_us=0 refresh_transfer_wait_us=0 stroke_logging_us=0 detected_to_poll_start_us=5004 detected_to_poll_complete_us=5015 poll_read_us=11 unattributed_tail_us=750 reports_dropped=0 chunks=10 committed=1 refresh=1 commit_failed=0
[22:23:40] TINYDRAW_LIVE_DRAIN ops=10 total_us=107761 max_us=16749 failures=0 swap_wall_us=76944 swap_pass=1
[22:23:40] TINYDRAW_FILL_BASELINE result=complete zoom=400 x=614 y=514 revision=4381 steps=1 wall_us=450 compute_total_us=398 compute_max_us=398 present_total_us=0 present_max_us=0 tick_max_us=411 producer_failures=0 presentation_failures=0
[22:23:40] TINYDRAW_LIVE_FILL_DONE zoom=400 x=614 y=514 revision=4381
[22:23:40] TINYDRAW_LIVE_REPAIR views=8 steps=16
[22:23:40] TINYDRAW_LIVE_PRESENT kind=power zoom=400 x=614 y=514 compose_us=15548 scroll_us=0 exposed_compose_us=0 chrome_us=4226 chrome_prepare_us=26 chrome_stage_us=4200 read_submit_us=24425 read_complete_us=28016 transfer_wait_us=20575 tile_pixels=118860 uniform_pixels=46004 overview_pixels=0 fallback_pixels=0 resident_tiles=56 fallback_tiles=0 pushes=11 tear_wait_us=8213 tear_edge_isr_to_resume_us=11 tear_edge_observed=1 tear_edge_wait_resumed=1 tear_edge_timeout=0 tear_heal_attempted=0 tear_heal_command_sent=0 presentation_experiment=boundary-top-sweep te_edge=rising requested_clock_mhz=50 effective_clock_mhz=40 frame_reused=0 pass=1
[22:23:43] TINYDRAW_LIVE_PRESENT kind=chrome zoom=400 x=614 y=514 compose_us=15429 scroll_us=0 exposed_compose_us=0 chrome_us=9042 chrome_prepare_us=13 chrome_stage_us=9029 read_submit_us=24998 read_complete_us=28300 transfer_wait_us=25951 tile_pixels=118860 uniform_pixels=46004 overview_pixels=0 fallback_pixels=0 resident_tiles=56 fallback_tiles=0 pushes=11 tear_wait_us=9450 tear_edge_isr_to_resume_us=10 tear_edge_observed=1 tear_edge_wait_resumed=1 tear_edge_timeout=0 tear_heal_attempted=0 tear_heal_command_sent=0 presentation_experiment=boundary-top-sweep te_edge=rising requested_clock_mhz=50 effective_clock_mhz=40 frame_reused=0 pass=1
[22:23:44] TINYDRAW_LIVE_PRESENT kind=chrome zoom=400 x=614 y=514 compose_us=15402 scroll_us=0 exposed_compose_us=0 chrome_us=8864 chrome_prepare_us=4684 chrome_stage_us=4180 read_submit_us=26036 read_complete_us=29636 transfer_wait_us=20917 tile_pixels=118860 uniform_pixels=46004 overview_pixels=0 fallback_pixels=0 resident_tiles=56 fallback_tiles=0 pushes=11 tear_wait_us=5866 tear_edge_isr_to_resume_us=11 tear_edge_observed=1 tear_edge_wait_resumed=1 tear_edge_timeout=0 tear_heal_attempted=0 tear_heal_command_sent=0 presentation_experiment=boundary-top-sweep te_edge=rising requested_clock_mhz=50 effective_clock_mhz=40 frame_reused=0 pass=1
[22:23:44] TINYDRAW_PAN_BASELINE zoom=400 x=530 y=248 frames=12 reused=12 compose_avg_us=2382 compose_max_us=5269 present_avg_us=14707 present_max_us=16506 tear_wait_avg_us=11710 tear_wait_max_us=14905 failures=0
[22:23:44] TINYDRAW_FILL_BASELINE result=complete zoom=400 x=530 y=248 revision=4381 steps=3 wall_us=52199 compute_total_us=1053 compute_max_us=366 present_total_us=48736 present_max_us=43743 tick_max_us=379 producer_failures=0 presentation_failures=0
[22:23:44] TINYDRAW_LIVE_FILL_DONE zoom=400 x=530 y=248 revision=4381
[22:23:44] TINYDRAW_LIVE_REPAIR views=8 steps=19
[22:23:45] TINYDRAW_PAN_BASELINE zoom=400 x=442 y=42 frames=10 reused=10 compose_avg_us=2219 compose_max_us=5459 present_avg_us=14421 present_max_us=16386 tear_wait_avg_us=11149 tear_wait_max_us=15068 failures=0
[22:23:45] TINYDRAW_FILL_BASELINE result=complete zoom=400 x=442 y=42 revision=4381 steps=2 wall_us=51267 compute_total_us=706 compute_max_us=359 present_total_us=48279 present_max_us=45802 tick_max_us=375 producer_failures=0 presentation_failures=0
[22:23:45] TINYDRAW_LIVE_FILL_DONE zoom=400 x=442 y=42 revision=4381
[22:23:45] TINYDRAW_LIVE_REPAIR views=8 steps=12
[22:23:45] TINYDRAW_LIVE_PRESENT kind=chrome zoom=400 x=442 y=42 compose_us=9858 scroll_us=0 exposed_compose_us=0 chrome_us=8496 chrome_prepare_us=9 chrome_stage_us=8487 read_submit_us=12947 read_complete_us=16270 transfer_wait_us=25002 tile_pixels=0 uniform_pixels=164864 overview_pixels=0 fallback_pixels=0 resident_tiles=56 fallback_tiles=0 pushes=11 tear_wait_us=2993 tear_edge_isr_to_resume_us=10 tear_edge_observed=1 tear_edge_wait_resumed=1 tear_edge_timeout=0 tear_heal_attempted=0 tear_heal_command_sent=0 presentation_experiment=boundary-top-sweep te_edge=rising requested_clock_mhz=50 effective_clock_mhz=40 frame_reused=0 pass=1
[22:23:46] TINYDRAW_LIVE_PRESENT kind=chrome zoom=400 x=442 y=42 compose_us=9642 scroll_us=0 exposed_compose_us=0 chrome_us=8640 chrome_prepare_us=4474 chrome_stage_us=4166 read_submit_us=17837 read_complete_us=21442 transfer_wait_us=20111 tile_pixels=0 uniform_pixels=164864 overview_pixels=0 fallback_pixels=0 resident_tiles=56 fallback_tiles=0 pushes=11 tear_wait_us=3638 tear_edge_isr_to_resume_us=11 tear_edge_observed=1 tear_edge_wait_resumed=1 tear_edge_timeout=0 tear_heal_attempted=0 tear_heal_command_sent=0 presentation_experiment=boundary-top-sweep te_edge=rising requested_clock_mhz=50 effective_clock_mhz=40 frame_reused=0 pass=1
[22:23:49] TINYDRAW_LIVE_PRESENT kind=chrome zoom=400 x=442 y=42 compose_us=9623 scroll_us=0 exposed_compose_us=0 chrome_us=8793 chrome_prepare_us=9 chrome_stage_us=8784 read_submit_us=10574 read_complete_us=13913 transfer_wait_us=25375 tile_pixels=0 uniform_pixels=164864 overview_pixels=0 fallback_pixels=0 resident_tiles=56 fallback_tiles=0 pushes=11 tear_wait_us=853 tear_edge_isr_to_resume_us=11 tear_edge_observed=1 tear_edge_wait_resumed=1 tear_edge_timeout=0 tear_heal_attempted=0 tear_heal_command_sent=0 presentation_experiment=boundary-top-sweep te_edge=rising requested_clock_mhz=50 effective_clock_mhz=40 frame_reused=0 pass=1
[22:23:50] TINYDRAW_LIVE_PRESENT kind=chrome zoom=400 x=442 y=42 compose_us=9654 scroll_us=0 exposed_compose_us=0 chrome_us=8627 chrome_prepare_us=4392 chrome_stage_us=4235 read_submit_us=19620 read_complete_us=23234 transfer_wait_us=20335 tile_pixels=0 uniform_pixels=164864 overview_pixels=0 fallback_pixels=0 resident_tiles=56 fallback_tiles=0 pushes=11 tear_wait_us=5490 tear_edge_isr_to_resume_us=11 tear_edge_observed=1 tear_edge_wait_resumed=1 tear_edge_timeout=0 tear_heal_attempted=0 tear_heal_command_sent=0 presentation_experiment=boundary-top-sweep te_edge=rising requested_clock_mhz=50 effective_clock_mhz=40 frame_reused=0 pass=1
[22:23:55] TINYDRAW_LIVE_STROKE revision=4381 operations=30 samples=876 append_us=1503 append_max_us=168 refresh_compose_us=0 refresh_complete_us=0 ink_samples=357 read_submit_avg_us=1422 read_submit_max_us=2520 read_complete_avg_us=2007 read_complete_max_us=4023 submit_over_16ms=0 complete_over_33ms=0 presentation_failures=0 poll_max_us=97003 touch_errors=0 touch_overflows=0 touch_moves_coalesced=3307 touch_events=2247 touch_down=9 touch_up=9 touch_events_ge_8ms=4 touch_event_age_max_us=52266 chunks=12 ph_prepare_max_us=122 ph_overview_max_us=0 ph_enumerate_max_us=0 ph_uniform_max_us=0 ph_raw_max_us=0 ph_offscreen_max_us=0 ph_commit_max_us=0 drop_uni_slot=0 drop_uni_paint=0 drop_raw_edit=0 drop_raw_paint=0 off_skip=0 free_psram=1859920 largest_psram=1835008 authority_match=0
[22:23:55] TINYDRAW_LIVE_STROKE_DONE committed=1 refresh=1 commit_failed=0
[22:23:55] TINYDRAW_LIFT_BASELINE id=4 finish_preview_us=809 builder_finish_us=62 append_us=1503 append_max_us=168 refresh_wall_us=12 refresh_x0=464 refresh_y0=136 refresh_x1=700 refresh_y1=432 refresh_compose_us=0 refresh_first_submit_us=0 refresh_first_complete_us=0 refresh_transfer_wait_us=0 stroke_logging_us=0 detected_to_poll_start_us=3003 detected_to_poll_complete_us=3014 poll_read_us=11 unattributed_tail_us=617 reports_dropped=0 chunks=12 committed=1 refresh=1 commit_failed=0
[22:23:55] TINYDRAW_LIVE_DRAIN ops=12 total_us=82006 max_us=10963 failures=0 swap_wall_us=44967 swap_pass=1
[22:23:55] TINYDRAW_FILL_BASELINE result=complete zoom=400 x=442 y=42 revision=4393 steps=1 wall_us=461 compute_total_us=405 compute_max_us=405 present_total_us=0 present_max_us=0 tick_max_us=423 producer_failures=0 presentation_failures=0
[22:23:55] TINYDRAW_LIVE_FILL_DONE zoom=400 x=442 y=42 revision=4393
[22:23:55] TINYDRAW_LIVE_REPAIR views=8 steps=18
[22:24:10] TINYDRAW_LIVE_STROKE revision=4393 operations=39 samples=1159 append_us=1087 append_max_us=123 refresh_compose_us=0 refresh_complete_us=0 ink_samples=276 read_submit_avg_us=1402 read_submit_max_us=2490 read_complete_avg_us=1959 read_complete_max_us=3139 submit_over_16ms=0 complete_over_33ms=0 presentation_failures=0 poll_max_us=51001 touch_errors=0 touch_overflows=0 touch_moves_coalesced=1875 touch_events=1521 touch_down=1 touch_up=1 touch_events_ge_8ms=0 touch_event_age_max_us=1249 chunks=9 ph_prepare_max_us=82 ph_overview_max_us=0 ph_enumerate_max_us=0 ph_uniform_max_us=0 ph_raw_max_us=0 ph_offscreen_max_us=0 ph_commit_max_us=0 drop_uni_slot=0 drop_uni_paint=0 drop_raw_edit=0 drop_raw_paint=0 off_skip=0 free_psram=1859920 largest_psram=1835008 authority_match=0
[22:24:10] TINYDRAW_LIVE_STROKE_DONE committed=1 refresh=1 commit_failed=0
[22:24:10] TINYDRAW_LIFT_BASELINE id=5 finish_preview_us=2008 builder_finish_us=51 append_us=1087 append_max_us=123 refresh_wall_us=13 refresh_x0=496 refresh_y0=72 refresh_x1=724 refresh_y1=252 refresh_compose_us=0 refresh_first_submit_us=0 refresh_first_complete_us=0 refresh_transfer_wait_us=0 stroke_logging_us=0 detected_to_poll_start_us=4004 detected_to_poll_complete_us=4015 poll_read_us=11 unattributed_tail_us=845 reports_dropped=0 chunks=9 committed=1 refresh=1 commit_failed=0
[22:24:10] TINYDRAW_LIVE_DRAIN ops=9 total_us=48648 max_us=6784 failures=0 swap_wall_us=33774 swap_pass=1
[22:24:10] TINYDRAW_FILL_BASELINE result=complete zoom=400 x=442 y=42 revision=4402 steps=1 wall_us=441 compute_total_us=393 compute_max_us=393 present_total_us=0 present_max_us=0 tick_max_us=404 producer_failures=0 presentation_failures=0
[22:24:10] TINYDRAW_LIVE_FILL_DONE zoom=400 x=442 y=42 revision=4402
[22:24:10] TINYDRAW_LIVE_REPAIR views=8 steps=22
[22:24:10] TINYDRAW_LIVE_PRESENT kind=power zoom=400 x=442 y=42 compose_us=15029 scroll_us=0 exposed_compose_us=0 chrome_us=4209 chrome_prepare_us=25 chrome_stage_us=4184 read_submit_us=25173 read_complete_us=28767 transfer_wait_us=20827 tile_pixels=110592 uniform_pixels=54272 overview_pixels=0 fallback_pixels=0 resident_tiles=56 fallback_tiles=0 pushes=11 tear_wait_us=9481 tear_edge_isr_to_resume_us=11 tear_edge_observed=1 tear_edge_wait_resumed=1 tear_edge_timeout=0 tear_heal_attempted=0 tear_heal_command_sent=0 presentation_experiment=boundary-top-sweep te_edge=rising requested_clock_mhz=50 effective_clock_mhz=40 frame_reused=0 pass=1
[22:24:24] TINYDRAW_LIVE_PRESENT kind=chrome zoom=400 x=442 y=42 compose_us=14914 scroll_us=0 exposed_compose_us=0 chrome_us=8586 chrome_prepare_us=9 chrome_stage_us=8577 read_submit_us=28339 read_complete_us=31641 transfer_wait_us=25609 tile_pixels=110592 uniform_pixels=54272 overview_pixels=0 fallback_pixels=0 resident_tiles=56 fallback_tiles=0 pushes=11 tear_wait_us=13328 tear_edge_isr_to_resume_us=10 tear_edge_observed=1 tear_edge_wait_resumed=1 tear_edge_timeout=0 tear_heal_attempted=0 tear_heal_command_sent=0 presentation_experiment=boundary-top-sweep te_edge=rising requested_clock_mhz=50 effective_clock_mhz=40 frame_reused=0 pass=1
[22:24:28] TINYDRAW_LIVE_PRESENT kind=chrome zoom=400 x=442 y=42 compose_us=14969 scroll_us=0 exposed_compose_us=0 chrome_us=8539 chrome_prepare_us=4360 chrome_stage_us=4179 read_submit_us=30393 read_complete_us=33998 transfer_wait_us=20561 tile_pixels=110592 uniform_pixels=54272 overview_pixels=0 fallback_pixels=0 resident_tiles=56 fallback_tiles=0 pushes=11 tear_wait_us=10981 tear_edge_isr_to_resume_us=10 tear_edge_observed=1 tear_edge_wait_resumed=1 tear_edge_timeout=0 tear_heal_attempted=0 tear_heal_command_sent=0 presentation_experiment=boundary-top-sweep te_edge=rising requested_clock_mhz=50 effective_clock_mhz=40 frame_reused=0 pass=1
[22:24:28] TINYDRAW_LIVE_STROKE revision=4402 operations=45 samples=1340 append_us=727 append_max_us=129 refresh_compose_us=0 refresh_complete_us=0 ink_samples=176 read_submit_avg_us=1727 read_submit_max_us=5438 read_complete_avg_us=2713 read_complete_max_us=9320 submit_over_16ms=0 complete_over_33ms=0 presentation_failures=0 poll_max_us=100003 touch_errors=0 touch_overflows=0 touch_moves_coalesced=1480 touch_events=1088 touch_down=3 touch_up=3 touch_events_ge_8ms=0 touch_event_age_max_us=1244 chunks=6 ph_prepare_max_us=88 ph_overview_max_us=0 ph_enumerate_max_us=0 ph_uniform_max_us=0 ph_raw_max_us=0 ph_offscreen_max_us=0 ph_commit_max_us=0 drop_uni_slot=0 drop_uni_paint=0 drop_raw_edit=0 drop_raw_paint=0 off_skip=0 free_psram=1859920 largest_psram=1835008 authority_match=0
[22:24:28] TINYDRAW_LIVE_STROKE_DONE committed=1 refresh=1 commit_failed=0
[22:24:28] TINYDRAW_LIFT_BASELINE id=6 finish_preview_us=208 builder_finish_us=33 append_us=727 append_max_us=129 refresh_wall_us=11 refresh_x0=448 refresh_y0=64 refresh_x1=752 refresh_y1=472 refresh_compose_us=0 refresh_first_submit_us=0 refresh_first_complete_us=0 refresh_transfer_wait_us=0 stroke_logging_us=0 detected_to_poll_start_us=2002 detected_to_poll_complete_us=2014 poll_read_us=12 unattributed_tail_us=1023 reports_dropped=0 chunks=6 committed=1 refresh=1 commit_failed=0
[22:24:28] TINYDRAW_LIVE_DRAIN ops=6 total_us=54466 max_us=9511 failures=0 swap_wall_us=68311 swap_pass=1
[22:24:28] TINYDRAW_FILL_BASELINE result=complete zoom=400 x=442 y=42 revision=4408 steps=1 wall_us=456 compute_total_us=402 compute_max_us=402 present_total_us=0 present_max_us=0 tick_max_us=417 producer_failures=0 presentation_failures=0
[22:24:28] TINYDRAW_LIVE_FILL_DONE zoom=400 x=442 y=42 revision=4408
[22:24:28] TINYDRAW_LIVE_REPAIR views=8 steps=25
[22:24:29] TINYDRAW_LIVE_PRESENT kind=chrome zoom=400 x=442 y=42 compose_us=15121 scroll_us=0 exposed_compose_us=0 chrome_us=8675 chrome_prepare_us=9 chrome_stage_us=8666 read_submit_us=20512 read_complete_us=23875 transfer_wait_us=25435 tile_pixels=110592 uniform_pixels=54272 overview_pixels=0 fallback_pixels=0 resident_tiles=56 fallback_tiles=0 pushes=11 tear_wait_us=5298 tear_edge_isr_to_resume_us=11 tear_edge_observed=1 tear_edge_wait_resumed=1 tear_edge_timeout=0 tear_heal_attempted=0 tear_heal_command_sent=0 presentation_experiment=boundary-top-sweep te_edge=rising requested_clock_mhz=50 effective_clock_mhz=40 frame_reused=0 pass=1
[22:24:30] TINYDRAW_LIVE_PRESENT kind=chrome zoom=400 x=442 y=42 compose_us=14959 scroll_us=0 exposed_compose_us=0 chrome_us=8630 chrome_prepare_us=4444 chrome_stage_us=4186 read_submit_us=34890 read_complete_us=38504 transfer_wait_us=20062 tile_pixels=110592 uniform_pixels=54272 overview_pixels=0 fallback_pixels=0 resident_tiles=56 fallback_tiles=0 pushes=11 tear_wait_us=15394 tear_edge_isr_to_resume_us=10 tear_edge_observed=1 tear_edge_wait_resumed=1 tear_edge_timeout=0 tear_heal_attempted=0 tear_heal_command_sent=0 presentation_experiment=boundary-top-sweep te_edge=rising requested_clock_mhz=50 effective_clock_mhz=40 frame_reused=0 pass=1
[22:24:30] TINYDRAW_PAN_BASELINE zoom=400 x=308 y=0 frames=4 reused=4 compose_avg_us=3209 compose_max_us=5997 present_avg_us=15960 present_max_us=16282 tear_wait_avg_us=10209 tear_wait_max_us=12496 failures=0
[22:24:30] TINYDRAW_FILL_BASELINE result=complete zoom=400 x=308 y=0 revision=4408 steps=1 wall_us=432 compute_total_us=392 compute_max_us=392 present_total_us=0 present_max_us=0 tick_max_us=407 producer_failures=0 presentation_failures=0
[22:24:30] TINYDRAW_LIVE_FILL_DONE zoom=400 x=308 y=0 revision=4408
[22:24:30] TINYDRAW_LIVE_REPAIR views=7 steps=7
[22:24:30] TINYDRAW_PAN_BASELINE zoom=400 x=170 y=0 frames=4 reused=4 compose_avg_us=2657 compose_max_us=5482 present_avg_us=12162 present_max_us=16536 tear_wait_avg_us=7597 tear_wait_max_us=10549 failures=0
[22:24:30] TINYDRAW_FILL_BASELINE result=complete zoom=400 x=170 y=0 revision=4408 steps=1 wall_us=479 compute_total_us=444 compute_max_us=444 present_total_us=0 present_max_us=0 tick_max_us=454 producer_failures=0 presentation_failures=0
[22:24:30] TINYDRAW_LIVE_FILL_DONE zoom=400 x=170 y=0 revision=4408
[22:24:30] TINYDRAW_LIVE_REPAIR views=7 steps=8
[22:24:31] TINYDRAW_PAN_BASELINE zoom=400 x=0 y=0 frames=3 reused=2 compose_avg_us=4379 compose_max_us=9684 present_avg_us=17678 present_max_us=20697 tear_wait_avg_us=6132 tear_wait_max_us=12898 failures=0
[22:24:31] TINYDRAW_FILL_BASELINE result=complete zoom=400 x=0 y=0 revision=4408 steps=1 wall_us=438 compute_total_us=392 compute_max_us=392 present_total_us=0 present_max_us=0 tick_max_us=405 producer_failures=0 presentation_failures=0
[22:24:31] TINYDRAW_LIVE_FILL_DONE zoom=400 x=0 y=0 revision=4408
[22:24:31] TINYDRAW_LIVE_REPAIR views=6 steps=9
[22:24:31] TINYDRAW_LIVE_PRESENT kind=zoom-ui zoom=200 x=0 y=0 compose_us=10555 scroll_us=0 exposed_compose_us=0 chrome_us=6634 chrome_prepare_us=2377 chrome_stage_us=4257 read_submit_us=17358 read_complete_us=20985 transfer_wait_us=20591 tile_pixels=0 uniform_pixels=61440 overview_pixels=0 fallback_pixels=103424 resident_tiles=15 fallback_tiles=27 pushes=11 tear_wait_us=4317 tear_edge_isr_to_resume_us=13 tear_edge_observed=1 tear_edge_wait_resumed=1 tear_edge_timeout=0 tear_heal_attempted=0 tear_heal_command_sent=0 presentation_experiment=boundary-top-sweep te_edge=rising requested_clock_mhz=50 effective_clock_mhz=40 frame_reused=0 pass=1
[22:24:31] TINYDRAW_FILL_BASELINE result=complete zoom=200 x=0 y=0 revision=4408 steps=27 wall_us=136325 compute_total_us=81884 compute_max_us=6351 present_total_us=46808 present_max_us=7660 tick_max_us=6735 producer_failures=0 presentation_failures=0
[22:24:31] TINYDRAW_LIVE_FILL_DONE zoom=200 x=0 y=0 revision=4408
[22:24:32] TINYDRAW_LIVE_PRESENT kind=zoom-ui zoom=100 x=0 y=0 compose_us=11052 scroll_us=0 exposed_compose_us=0 chrome_us=6762 chrome_prepare_us=2395 chrome_stage_us=4367 read_submit_us=29050 read_complete_us=32609 transfer_wait_us=20895 tile_pixels=22528 uniform_pixels=125952 overview_pixels=0 fallback_pixels=16384 resident_tiles=38 fallback_tiles=4 pushes=11 tear_wait_us=15493 tear_edge_isr_to_resume_us=10 tear_edge_observed=1 tear_edge_wait_resumed=1 tear_edge_timeout=0 tear_heal_attempted=0 tear_heal_command_sent=0 presentation_experiment=boundary-top-sweep te_edge=rising requested_clock_mhz=50 effective_clock_mhz=40 frame_reused=0 pass=1
[22:24:32] TINYDRAW_LIVE_PRESENT kind=zoom-ui zoom=50 x=0 y=0 compose_us=11108 scroll_us=0 exposed_compose_us=0 chrome_us=6986 chrome_prepare_us=2388 chrome_stage_us=4598 read_submit_us=18965 read_complete_us=22589 transfer_wait_us=20979 tile_pixels=28672 uniform_pixels=136192 overview_pixels=0 fallback_pixels=0 resident_tiles=42 fallback_tiles=0 pushes=11 tear_wait_us=5353 tear_edge_isr_to_resume_us=11 tear_edge_observed=1 tear_edge_wait_resumed=1 tear_edge_timeout=0 tear_heal_attempted=0 tear_heal_command_sent=0 presentation_experiment=boundary-top-sweep te_edge=rising requested_clock_mhz=50 effective_clock_mhz=40 frame_reused=0 pass=1
[22:24:32] TINYDRAW_FILL_BASELINE result=superseded zoom=100 x=0 y=0 revision=4408 steps=14 wall_us=184618 compute_total_us=29930 compute_max_us=4399 present_total_us=4293 present_max_us=4293 tick_max_us=4416 producer_failures=0 presentation_failures=0
[22:24:32] TINYDRAW_FILL_BASELINE result=complete zoom=50 x=0 y=0 revision=4408 steps=1 wall_us=281 compute_total_us=252 compute_max_us=252 present_total_us=0 present_max_us=0 tick_max_us=262 producer_failures=0 presentation_failures=0
[22:24:32] TINYDRAW_LIVE_FILL_DONE zoom=50 x=0 y=0 revision=4408
[22:24:32] TINYDRAW_LIVE_REPAIR views=6 steps=31
[22:24:32] TINYDRAW_LIVE_PRESENT kind=zoom-ui zoom=25 x=0 y=0 compose_us=26048 scroll_us=0 exposed_compose_us=0 chrome_us=7326 chrome_prepare_us=2246 chrome_stage_us=5080 read_submit_us=28537 read_complete_us=32144 transfer_wait_us=20409 tile_pixels=0 uniform_pixels=0 overview_pixels=164864 fallback_pixels=0 resident_tiles=0 fallback_tiles=0 pushes=11 tear_wait_us=144 tear_edge_isr_to_resume_us=13 tear_edge_observed=1 tear_edge_wait_resumed=1 tear_edge_timeout=0 tear_heal_attempted=0 tear_heal_command_sent=0 presentation_experiment=boundary-top-sweep te_edge=rising requested_clock_mhz=50 effective_clock_mhz=40 frame_reused=0 pass=1
[22:24:34] TINYDRAW_LIVE_PRESENT kind=chrome zoom=25 x=0 y=0 compose_us=25950 scroll_us=0 exposed_compose_us=0 chrome_us=81907 chrome_prepare_us=8 chrome_stage_us=81899 read_submit_us=40458 read_complete_us=52410 transfer_wait_us=95511 tile_pixels=0 uniform_pixels=0 overview_pixels=164864 fallback_pixels=0 resident_tiles=0 fallback_tiles=0 pushes=11 tear_wait_us=14420 tear_edge_isr_to_resume_us=10 tear_edge_observed=1 tear_edge_wait_resumed=1 tear_edge_timeout=0 tear_heal_attempted=0 tear_heal_command_sent=0 presentation_experiment=boundary-top-sweep te_edge=rising requested_clock_mhz=50 effective_clock_mhz=40 frame_reused=0 pass=1
[22:24:35] TINYDRAW_LIVE_PRESENT kind=chrome zoom=25 x=0 y=0 compose_us=25915 scroll_us=0 exposed_compose_us=0 chrome_us=81911 chrome_prepare_us=8 chrome_stage_us=81903 read_submit_us=26166 read_complete_us=38228 transfer_wait_us=95798 tile_pixels=0 uniform_pixels=0 overview_pixels=164864 fallback_pixels=0 resident_tiles=0 fallback_tiles=0 pushes=11 tear_wait_us=160 tear_edge_isr_to_resume_us=9 tear_edge_observed=1 tear_edge_wait_resumed=1 tear_edge_timeout=0 tear_heal_attempted=0 tear_heal_command_sent=0 presentation_experiment=boundary-top-sweep te_edge=rising requested_clock_mhz=50 effective_clock_mhz=40 frame_reused=0 pass=1
[22:24:35] TINYDRAW_LIVE_PRESENT kind=chrome zoom=25 x=0 y=0 compose_us=25933 scroll_us=0 exposed_compose_us=0 chrome_us=5097 chrome_prepare_us=24 chrome_stage_us=5073 read_submit_us=35586 read_complete_us=39042 transfer_wait_us=20373 tile_pixels=0 uniform_pixels=0 overview_pixels=164864 fallback_pixels=0 resident_tiles=0 fallback_tiles=0 pushes=11 tear_wait_us=9545 tear_edge_isr_to_resume_us=9 tear_edge_observed=1 tear_edge_wait_resumed=1 tear_edge_timeout=0 tear_heal_attempted=0 tear_heal_command_sent=0 presentation_experiment=boundary-top-sweep te_edge=rising requested_clock_mhz=50 effective_clock_mhz=40 frame_reused=0 pass=1
[22:24:36] TINYDRAW_LIVE_PRESENT kind=chrome zoom=25 x=0 y=0 compose_us=25940 scroll_us=0 exposed_compose_us=0 chrome_us=8744 chrome_prepare_us=8 chrome_stage_us=8736 read_submit_us=35571 read_complete_us=38740 transfer_wait_us=25384 tile_pixels=0 uniform_pixels=0 overview_pixels=164864 fallback_pixels=0 resident_tiles=0 fallback_tiles=0 pushes=11 tear_wait_us=9544 tear_edge_isr_to_resume_us=9 tear_edge_observed=1 tear_edge_wait_resumed=1 tear_edge_timeout=0 tear_heal_attempted=0 tear_heal_command_sent=0 presentation_experiment=boundary-top-sweep te_edge=rising requested_clock_mhz=50 effective_clock_mhz=40 frame_reused=0 pass=1
[22:24:36] TINYDRAW_LIVE_PRESENT kind=chrome zoom=25 x=0 y=0 compose_us=25940 scroll_us=0 exposed_compose_us=0 chrome_us=9233 chrome_prepare_us=4152 chrome_stage_us=5081 read_submit_us=40679 read_complete_us=44305 transfer_wait_us=21279 tile_pixels=0 uniform_pixels=0 overview_pixels=164864 fallback_pixels=0 resident_tiles=0 fallback_tiles=0 pushes=11 tear_wait_us=10499 tear_edge_isr_to_resume_us=10 tear_edge_observed=1 tear_edge_wait_resumed=1 tear_edge_timeout=0 tear_heal_attempted=0 tear_heal_command_sent=0 presentation_experiment=boundary-top-sweep te_edge=rising requested_clock_mhz=50 effective_clock_mhz=40 frame_reused=0 pass=1
[22:24:51] TINYDRAW_LIVE_PRESENT kind=power zoom=25 x=0 y=0 compose_us=60735 scroll_us=0 exposed_compose_us=0 chrome_us=9665 chrome_prepare_us=4538 chrome_stage_us=5127 read_submit_us=67617 read_complete_us=70979 transfer_wait_us=20379 tile_pixels=0 uniform_pixels=0 overview_pixels=164864 fallback_pixels=0 resident_tiles=0 fallback_tiles=0 pushes=11 tear_wait_us=1693 tear_edge_isr_to_resume_us=11 tear_edge_observed=1 tear_edge_wait_resumed=1 tear_edge_timeout=0 tear_heal_attempted=0 tear_heal_command_sent=0 presentation_experiment=boundary-top-sweep te_edge=rising requested_clock_mhz=50 effective_clock_mhz=40 frame_reused=0 pass=1
[22:24:51] TINYDRAW_LIVE_STROKE revision=4413 operations=74 samples=2256 append_us=54784 append_max_us=14039 refresh_compose_us=0 refresh_complete_us=0 ink_samples=889 read_submit_avg_us=1373 read_submit_max_us=2692 read_complete_avg_us=1931 read_complete_max_us=3462 submit_over_16ms=0 complete_over_33ms=0 presentation_failures=0 poll_max_us=181003 touch_errors=0 touch_overflows=0 touch_moves_coalesced=6692 touch_events=5229 touch_down=16 touch_up=16 touch_events_ge_8ms=6 touch_event_age_max_us=50199 chunks=29 ph_prepare_max_us=107 ph_overview_max_us=0 ph_enumerate_max_us=0 ph_uniform_max_us=0 ph_raw_max_us=0 ph_offscreen_max_us=0 ph_commit_max_us=0 drop_uni_slot=0 drop_uni_paint=0 drop_raw_edit=0 drop_raw_paint=0 off_skip=0 free_psram=1859920 largest_psram=1835008 authority_match=0
[22:24:51] TINYDRAW_LIVE_STROKE_DONE committed=1 refresh=1 commit_failed=0
[22:24:51] TINYDRAW_LIFT_BASELINE id=7 finish_preview_us=2009 builder_finish_us=53 append_us=54784 append_max_us=14039 refresh_wall_us=13 refresh_x0=28 refresh_y0=32 refresh_x1=260 refresh_y1=342 refresh_compose_us=0 refresh_first_submit_us=0 refresh_first_complete_us=0 refresh_transfer_wait_us=0 stroke_logging_us=0 detected_to_poll_start_us=141884 detected_to_poll_complete_us=141898 poll_read_us=14 unattributed_tail_us=85025 reports_dropped=0 chunks=29 committed=1 refresh=1 commit_failed=0
[22:24:52] TINYDRAW_LIVE_DRAIN ops=24 total_us=377850 max_us=25383 failures=0 swap_wall_us=53889 swap_pass=1
[22:24:52] TINYDRAW_LIVE_PRESENT kind=chrome zoom=25 x=0 y=0 compose_us=26058 scroll_us=0 exposed_compose_us=0 chrome_us=81710 chrome_prepare_us=9 chrome_stage_us=81701 read_submit_us=42453 read_complete_us=54401 transfer_wait_us=95499 tile_pixels=0 uniform_pixels=0 overview_pixels=164864 fallback_pixels=0 resident_tiles=0 fallback_tiles=0 pushes=11 tear_wait_us=16311 tear_edge_isr_to_resume_us=9 tear_edge_observed=1 tear_edge_wait_resumed=1 tear_edge_timeout=0 tear_heal_attempted=0 tear_heal_command_sent=0 presentation_experiment=boundary-top-sweep te_edge=rising requested_clock_mhz=50 effective_clock_mhz=40 frame_reused=0 pass=1
[22:24:53] TINYDRAW_LIVE_PRESENT kind=chrome zoom=25 x=0 y=0 compose_us=25942 scroll_us=0 exposed_compose_us=0 chrome_us=9232 chrome_prepare_us=4177 chrome_stage_us=5055 read_submit_us=31765 read_complete_us=35375 transfer_wait_us=21184 tile_pixels=0 uniform_pixels=0 overview_pixels=164864 fallback_pixels=0 resident_tiles=0 fallback_tiles=0 pushes=11 tear_wait_us=1566 tear_edge_isr_to_resume_us=9 tear_edge_observed=1 tear_edge_wait_resumed=1 tear_edge_timeout=0 tear_heal_attempted=0 tear_heal_command_sent=0 presentation_experiment=boundary-top-sweep te_edge=rising requested_clock_mhz=50 effective_clock_mhz=40 frame_reused=0 pass=1
[22:24:56] TINYDRAW_LIVE_STROKE revision=4437 operations=82 samples=2495 append_us=956 append_max_us=123 refresh_compose_us=0 refresh_complete_us=0 ink_samples=233 read_submit_avg_us=1559 read_submit_max_us=2670 read_complete_avg_us=2244 read_complete_max_us=3933 submit_over_16ms=0 complete_over_33ms=0 presentation_failures=0 poll_max_us=183003 touch_errors=0 touch_overflows=0 touch_moves_coalesced=1722 touch_events=1312 touch_down=3 touch_up=3 touch_events_ge_8ms=0 touch_event_age_max_us=1249 chunks=8 ph_prepare_max_us=83 ph_overview_max_us=0 ph_enumerate_max_us=0 ph_uniform_max_us=0 ph_raw_max_us=0 ph_offscreen_max_us=0 ph_commit_max_us=0 drop_uni_slot=0 drop_uni_paint=0 drop_raw_edit=0 drop_raw_paint=0 off_skip=0 free_psram=1859920 largest_psram=1835008 authority_match=0
[22:24:56] TINYDRAW_LIVE_STROKE_DONE committed=1 refresh=1 commit_failed=0
[22:24:56] TINYDRAW_LIFT_BASELINE id=8 finish_preview_us=1048 builder_finish_us=51 append_us=956 append_max_us=123 refresh_wall_us=13 refresh_x0=39 refresh_y0=33 refresh_x1=284 refresh_y1=325 refresh_compose_us=0 refresh_first_submit_us=0 refresh_first_complete_us=0 refresh_transfer_wait_us=0 stroke_logging_us=0 detected_to_poll_start_us=3000 detected_to_poll_complete_us=3012 poll_read_us=12 unattributed_tail_us=932 reports_dropped=0 chunks=8 committed=1 refresh=1 commit_failed=0
[22:24:56] TINYDRAW_LIVE_DRAIN ops=8 total_us=165343 max_us=26183 failures=0 swap_wall_us=53696 swap_pass=1
[22:25:00] TINYDRAW_LIVE_PRESENT kind=zoom zoom=50 x=0 y=0 compose_us=13527 scroll_us=0 exposed_compose_us=0 chrome_us=6890 chrome_prepare_us=2294 chrome_stage_us=4596 read_submit_us=31725 read_complete_us=35325 transfer_wait_us=20275 tile_pixels=8192 uniform_pixels=15360 overview_pixels=0 fallback_pixels=141312 resident_tiles=6 fallback_tiles=36 pushes=11 tear_wait_us=15794 tear_edge_isr_to_resume_us=9 tear_edge_observed=1 tear_edge_wait_resumed=1 tear_edge_timeout=0 tear_heal_attempted=0 tear_heal_command_sent=0 presentation_experiment=boundary-top-sweep te_edge=rising requested_clock_mhz=50 effective_clock_mhz=40 frame_reused=0 pass=1
[22:25:01] TINYDRAW_FILL_BASELINE result=complete zoom=50 x=0 y=0 revision=4445 steps=50 wall_us=277467 compute_total_us=210526 compute_max_us=10432 present_total_us=55266 present_max_us=7944 tick_max_us=10463 producer_failures=0 presentation_failures=0
[22:25:01] TINYDRAW_LIVE_FILL_DONE zoom=50 x=0 y=0 revision=4445
[22:25:01] TINYDRAW_LIVE_REPAIR views=6 steps=86
[22:25:02] TINYDRAW_LIVE_PRESENT kind=chrome zoom=50 x=0 y=0 compose_us=16416 scroll_us=0 exposed_compose_us=0 chrome_us=8613 chrome_prepare_us=15 chrome_stage_us=8598 read_submit_us=28094 read_complete_us=31258 transfer_wait_us=24855 tile_pixels=133120 uniform_pixels=31744 overview_pixels=0 fallback_pixels=0 resident_tiles=42 fallback_tiles=0 pushes=11 tear_wait_us=11571 tear_edge_isr_to_resume_us=11 tear_edge_observed=1 tear_edge_wait_resumed=1 tear_edge_timeout=0 tear_heal_attempted=0 tear_heal_command_sent=0 presentation_experiment=boundary-top-sweep te_edge=rising requested_clock_mhz=50 effective_clock_mhz=40 frame_reused=0 pass=1
[22:25:04] TINYDRAW_LIVE_PRESENT kind=chrome zoom=50 x=0 y=0 compose_us=16200 scroll_us=0 exposed_compose_us=0 chrome_us=8457 chrome_prepare_us=9 chrome_stage_us=8448 read_submit_us=20047 read_complete_us=23225 transfer_wait_us=24906 tile_pixels=133120 uniform_pixels=31744 overview_pixels=0 fallback_pixels=0 resident_tiles=42 fallback_tiles=0 pushes=11 tear_wait_us=3754 tear_edge_isr_to_resume_us=10 tear_edge_observed=1 tear_edge_wait_resumed=1 tear_edge_timeout=0 tear_heal_attempted=0 tear_heal_command_sent=0 presentation_experiment=boundary-top-sweep te_edge=rising requested_clock_mhz=50 effective_clock_mhz=40 frame_reused=0 pass=1
[22:25:04] TINYDRAW_LIVE_PRESENT kind=chrome-dismiss zoom=50 x=0 y=0 compose_us=16349 scroll_us=0 exposed_compose_us=0 chrome_us=4675 chrome_prepare_us=25 chrome_stage_us=4650 read_submit_us=24321 read_complete_us=27815 transfer_wait_us=20679 tile_pixels=133120 uniform_pixels=31744 overview_pixels=0 fallback_pixels=0 resident_tiles=42 fallback_tiles=0 pushes=11 tear_wait_us=7832 tear_edge_isr_to_resume_us=10 tear_edge_observed=1 tear_edge_wait_resumed=1 tear_edge_timeout=0 tear_heal_attempted=0 tear_heal_command_sent=0 presentation_experiment=boundary-top-sweep te_edge=rising requested_clock_mhz=50 effective_clock_mhz=40 frame_reused=0 pass=1
[22:25:05] TINYDRAW_LIVE_PRESENT kind=chrome zoom=50 x=0 y=0 compose_us=16231 scroll_us=0 exposed_compose_us=0 chrome_us=8630 chrome_prepare_us=9 chrome_stage_us=8621 read_submit_us=17055 read_complete_us=20229 transfer_wait_us=24899 tile_pixels=133120 uniform_pixels=31744 overview_pixels=0 fallback_pixels=0 resident_tiles=42 fallback_tiles=0 pushes=11 tear_wait_us=732 tear_edge_isr_to_resume_us=11 tear_edge_observed=1 tear_edge_wait_resumed=1 tear_edge_timeout=0 tear_heal_attempted=0 tear_heal_command_sent=0 presentation_experiment=boundary-top-sweep te_edge=rising requested_clock_mhz=50 effective_clock_mhz=40 frame_reused=0 pass=1
[22:25:06] TINYDRAW_LIVE_PRESENT kind=chrome zoom=50 x=0 y=0 compose_us=16212 scroll_us=0 exposed_compose_us=0 chrome_us=8830 chrome_prepare_us=4253 chrome_stage_us=4577 read_submit_us=33445 read_complete_us=37048 transfer_wait_us=20510 tile_pixels=133120 uniform_pixels=31744 overview_pixels=0 fallback_pixels=0 resident_tiles=42 fallback_tiles=0 pushes=11 tear_wait_us=12894 tear_edge_isr_to_resume_us=10 tear_edge_observed=1 tear_edge_wait_resumed=1 tear_edge_timeout=0 tear_heal_attempted=0 tear_heal_command_sent=0 presentation_experiment=boundary-top-sweep te_edge=rising requested_clock_mhz=50 effective_clock_mhz=40 frame_reused=0 pass=1
[22:25:07] TINYDRAW_PAN_BASELINE zoom=50 x=0 y=240 frames=26 reused=26 compose_avg_us=1053 compose_max_us=6782 present_avg_us=14294 present_max_us=16711 tear_wait_avg_us=11006 tear_wait_max_us=15471 failures=0
[22:25:07] TINYDRAW_FILL_BASELINE result=complete zoom=50 x=0 y=240 revision=4445 steps=1 wall_us=402 compute_total_us=368 compute_max_us=368 present_total_us=0 present_max_us=0 tick_max_us=379 producer_failures=0 presentation_failures=0
[22:25:07] TINYDRAW_LIVE_FILL_DONE zoom=50 x=0 y=240 revision=4445
[22:25:07] TINYDRAW_LIVE_REPAIR views=7 steps=26
[22:25:10] TINYDRAW_PAN_BASELINE zoom=50 x=12 y=0 frames=49 reused=49 compose_avg_us=1059 compose_max_us=4055 present_avg_us=14563 present_max_us=16758 tear_wait_avg_us=11656 tear_wait_max_us=15444 failures=0
[22:25:10] TINYDRAW_FILL_BASELINE result=complete zoom=50 x=12 y=0 revision=4445 steps=1 wall_us=371 compute_total_us=334 compute_max_us=334 present_total_us=0 present_max_us=0 tick_max_us=345 producer_failures=0 presentation_failures=0
[22:25:10] TINYDRAW_LIVE_FILL_DONE zoom=50 x=12 y=0 revision=4445
[22:25:10] TINYDRAW_LIVE_REPAIR views=7 steps=7
[22:25:10] TINYDRAW_PAN_BASELINE zoom=50 x=0 y=0 frames=17 reused=17 compose_avg_us=94 compose_max_us=816 present_avg_us=1945 present_max_us=16715 tear_wait_avg_us=1062 tear_wait_max_us=14346 failures=0
[22:25:10] TINYDRAW_FILL_BASELINE result=complete zoom=50 x=0 y=0 revision=4445 steps=1 wall_us=350 compute_total_us=315 compute_max_us=315 present_total_us=0 present_max_us=0 tick_max_us=326 producer_failures=0 presentation_failures=0
[22:25:10] TINYDRAW_LIVE_FILL_DONE zoom=50 x=0 y=0 revision=4445
[22:25:10] TINYDRAW_LIVE_REPAIR views=6 steps=6
[22:25:12] TINYDRAW_LIVE_PRESENT kind=chrome zoom=50 x=0 y=0 compose_us=16148 scroll_us=0 exposed_compose_us=0 chrome_us=7817 chrome_prepare_us=9 chrome_stage_us=7808 read_submit_us=27413 read_complete_us=30561 transfer_wait_us=24536 tile_pixels=133120 uniform_pixels=31744 overview_pixels=0 fallback_pixels=0 resident_tiles=42 fallback_tiles=0 pushes=11 tear_wait_us=11177 tear_edge_isr_to_resume_us=11 tear_edge_observed=1 tear_edge_wait_resumed=1 tear_edge_timeout=0 tear_heal_attempted=0 tear_heal_command_sent=0 presentation_experiment=boundary-top-sweep te_edge=rising requested_clock_mhz=50 effective_clock_mhz=40 frame_reused=0 pass=1
[22:25:13] TINYDRAW_LIVE_PRESENT kind=chrome zoom=50 x=0 y=0 compose_us=16214 scroll_us=0 exposed_compose_us=0 chrome_us=8674 chrome_prepare_us=9 chrome_stage_us=8665 read_submit_us=28719 read_complete_us=31905 transfer_wait_us=25234 tile_pixels=133120 uniform_pixels=31744 overview_pixels=0 fallback_pixels=0 resident_tiles=42 fallback_tiles=0 pushes=11 tear_wait_us=12403 tear_edge_isr_to_resume_us=9 tear_edge_observed=1 tear_edge_wait_resumed=1 tear_edge_timeout=0 tear_heal_attempted=0 tear_heal_command_sent=0 presentation_experiment=boundary-top-sweep te_edge=rising requested_clock_mhz=50 effective_clock_mhz=40 frame_reused=0 pass=1
[22:25:14] TINYDRAW_LIVE_PRESENT kind=chrome zoom=50 x=0 y=0 compose_us=16215 scroll_us=0 exposed_compose_us=0 chrome_us=7815 chrome_prepare_us=9 chrome_stage_us=7806 read_submit_us=18598 read_complete_us=21773 transfer_wait_us=24356 tile_pixels=133120 uniform_pixels=31744 overview_pixels=0 fallback_pixels=0 resident_tiles=42 fallback_tiles=0 pushes=11 tear_wait_us=2290 tear_edge_isr_to_resume_us=8 tear_edge_observed=1 tear_edge_wait_resumed=1 tear_edge_timeout=0 tear_heal_attempted=0 tear_heal_command_sent=0 presentation_experiment=boundary-top-sweep te_edge=rising requested_clock_mhz=50 effective_clock_mhz=40 frame_reused=0 pass=1
[22:25:15] TINYDRAW_LIVE_PRESENT kind=chrome zoom=50 x=0 y=0 compose_us=16210 scroll_us=0 exposed_compose_us=0 chrome_us=4678 chrome_prepare_us=25 chrome_stage_us=4653 read_submit_us=16434 read_complete_us=19944 transfer_wait_us=20519 tile_pixels=133120 uniform_pixels=31744 overview_pixels=0 fallback_pixels=0 resident_tiles=42 fallback_tiles=0 pushes=11 tear_wait_us=116 tear_edge_isr_to_resume_us=10 tear_edge_observed=1 tear_edge_wait_resumed=1 tear_edge_timeout=0 tear_heal_attempted=0 tear_heal_command_sent=0 presentation_experiment=boundary-top-sweep te_edge=rising requested_clock_mhz=50 effective_clock_mhz=40 frame_reused=0 pass=1
[22:25:16] TINYDRAW_PAN_BASELINE zoom=50 x=0 y=0 frames=14 reused=14 compose_avg_us=0 compose_max_us=0 present_avg_us=0 present_max_us=0 tear_wait_avg_us=0 tear_wait_max_us=0 failures=0
[22:25:17] TINYDRAW_LIVE_PRESENT kind=chrome zoom=50 x=0 y=0 compose_us=16229 scroll_us=0 exposed_compose_us=0 chrome_us=8737 chrome_prepare_us=9 chrome_stage_us=8728 read_submit_us=24545 read_complete_us=27693 transfer_wait_us=25408 tile_pixels=133120 uniform_pixels=31744 overview_pixels=0 fallback_pixels=0 resident_tiles=42 fallback_tiles=0 pushes=11 tear_wait_us=8223 tear_edge_isr_to_resume_us=11 tear_edge_observed=1 tear_edge_wait_resumed=1 tear_edge_timeout=0 tear_heal_attempted=0 tear_heal_command_sent=0 presentation_experiment=boundary-top-sweep te_edge=rising requested_clock_mhz=50 effective_clock_mhz=40 frame_reused=0 pass=1
[22:25:17] TINYDRAW_LIVE_PRESENT kind=chrome zoom=50 x=0 y=0 compose_us=16205 scroll_us=0 exposed_compose_us=0 chrome_us=8754 chrome_prepare_us=4147 chrome_stage_us=4607 read_submit_us=31526 read_complete_us=35146 transfer_wait_us=20429 tile_pixels=133120 uniform_pixels=31744 overview_pixels=0 fallback_pixels=0 resident_tiles=42 fallback_tiles=0 pushes=11 tear_wait_us=11087 tear_edge_isr_to_resume_us=11 tear_edge_observed=1 tear_edge_wait_resumed=1 tear_edge_timeout=0 tear_heal_attempted=0 tear_heal_command_sent=0 presentation_experiment=boundary-top-sweep te_edge=rising requested_clock_mhz=50 effective_clock_mhz=40 frame_reused=0 pass=1
[22:25:18] TINYDRAW_LIVE_DRAIN ops=1 total_us=6951 max_us=6951 failures=0 swap_wall_us=21994 swap_pass=1
[22:25:18] TINYDRAW_LIVE_STROKE revision=4445 operations=83 samples=2510 append_us=169 append_max_us=169 refresh_compose_us=0 refresh_complete_us=0 ink_samples=16 read_submit_avg_us=1439 read_submit_max_us=1855 read_complete_avg_us=2049 read_complete_max_us=2697 submit_over_16ms=0 complete_over_33ms=0 presentation_failures=0 poll_max_us=100884 touch_errors=0 touch_overflows=0 touch_moves_coalesced=3531 touch_events=1406 touch_down=16 touch_up=16 touch_events_ge_8ms=1 touch_event_age_max_us=38261 chunks=1 ph_prepare_max_us=122 ph_overview_max_us=0 ph_enumerate_max_us=0 ph_uniform_max_us=0 ph_raw_max_us=0 ph_offscreen_max_us=0 ph_commit_max_us=0 drop_uni_slot=0 drop_uni_paint=0 drop_raw_edit=0 drop_raw_paint=0 off_skip=0 free_psram=1859920 largest_psram=1835008 authority_match=0
[22:25:18] TINYDRAW_LIVE_STROKE_DONE committed=1 refresh=1 commit_failed=0
[22:25:18] TINYDRAW_LIFT_BASELINE id=9 finish_preview_us=807 builder_finish_us=61 append_us=169 append_max_us=169 refresh_wall_us=12 refresh_x0=32 refresh_y0=1 refresh_x1=53 refresh_y1=385 refresh_compose_us=0 refresh_first_submit_us=0 refresh_first_complete_us=0 refresh_transfer_wait_us=0 stroke_logging_us=0 detected_to_poll_start_us=3003 detected_to_poll_complete_us=3014 poll_read_us=11 unattributed_tail_us=1954 reports_dropped=0 chunks=1 committed=1 refresh=1 commit_failed=0
[22:25:18] TINYDRAW_FILL_BASELINE result=complete zoom=50 x=0 y=0 revision=4446 steps=1 wall_us=346 compute_total_us=309 compute_max_us=309 present_total_us=0 present_max_us=0 tick_max_us=320 producer_failures=0 presentation_failures=0
[22:25:18] TINYDRAW_LIVE_FILL_DONE zoom=50 x=0 y=0 revision=4446
[22:25:18] TINYDRAW_LIVE_REPAIR views=6 steps=30
[22:25:18] TINYDRAW_LIVE_DRAIN ops=1 total_us=5568 max_us=5568 failures=0 swap_wall_us=22369 swap_pass=1
[22:25:19] TINYDRAW_LIVE_STROKE revision=4446 operations=84 samples=2520 append_us=102 append_max_us=102 refresh_compose_us=0 refresh_complete_us=0 ink_samples=9 read_submit_avg_us=1527 read_submit_max_us=2111 read_complete_avg_us=2283 read_complete_max_us=3107 submit_over_16ms=0 complete_over_33ms=0 presentation_failures=0 poll_max_us=24996 touch_errors=0 touch_overflows=0 touch_moves_coalesced=70 touch_events=56 touch_down=1 touch_up=1 touch_events_ge_8ms=0 touch_event_age_max_us=1249 chunks=1 ph_prepare_max_us=60 ph_overview_max_us=0 ph_enumerate_max_us=0 ph_uniform_max_us=0 ph_raw_max_us=0 ph_offscreen_max_us=0 ph_commit_max_us=0 drop_uni_slot=0 drop_uni_paint=0 drop_raw_edit=0 drop_raw_paint=0 off_skip=0 free_psram=1859920 largest_psram=1835008 authority_match=0
[22:25:19] TINYDRAW_LIVE_STROKE_DONE committed=1 refresh=1 commit_failed=0
[22:25:19] TINYDRAW_LIFT_BASELINE id=10 finish_preview_us=182 builder_finish_us=41 append_us=102 append_max_us=102 refresh_wall_us=11 refresh_x0=25 refresh_y0=28 refresh_x1=50 refresh_y1=412 refresh_compose_us=0 refresh_first_submit_us=0 refresh_first_complete_us=0 refresh_transfer_wait_us=0 stroke_logging_us=0 detected_to_poll_start_us=2004 detected_to_poll_complete_us=2017 poll_read_us=13 unattributed_tail_us=1668 reports_dropped=0 chunks=1 committed=1 refresh=1 commit_failed=0
[22:25:19] TINYDRAW_FILL_BASELINE result=complete zoom=50 x=0 y=0 revision=4447 steps=1 wall_us=346 compute_total_us=310 compute_max_us=310 present_total_us=0 present_max_us=0 tick_max_us=320 producer_failures=0 presentation_failures=0
[22:25:19] TINYDRAW_LIVE_FILL_DONE zoom=50 x=0 y=0 revision=4447
[22:25:19] TINYDRAW_LIVE_DRAIN ops=1 total_us=4548 max_us=4548 failures=0 swap_wall_us=19391 swap_pass=1
[22:25:19] TINYDRAW_LIVE_STROKE revision=4447 operations=85 samples=2529 append_us=103 append_max_us=103 refresh_compose_us=0 refresh_complete_us=0 ink_samples=9 read_submit_avg_us=1931 read_submit_max_us=4349 read_complete_avg_us=2630 read_complete_max_us=4877 submit_over_16ms=0 complete_over_33ms=0 presentation_failures=0 poll_max_us=23996 touch_errors=0 touch_overflows=0 touch_moves_coalesced=64 touch_events=47 touch_down=1 touch_up=1 touch_events_ge_8ms=0 touch_event_age_max_us=4079 chunks=1 ph_prepare_max_us=60 ph_overview_max_us=0 ph_enumerate_max_us=0 ph_uniform_max_us=0 ph_raw_max_us=0 ph_offscreen_max_us=0 ph_commit_max_us=0 drop_uni_slot=0 drop_uni_paint=0 drop_raw_edit=0 drop_raw_paint=0 off_skip=0 free_psram=1859920 largest_psram=1835008 authority_match=0
[22:25:19] TINYDRAW_LIVE_STROKE_DONE committed=1 refresh=1 commit_failed=0
[22:25:19] TINYDRAW_LIFT_BASELINE id=11 finish_preview_us=211 builder_finish_us=34 append_us=103 append_max_us=103 refresh_wall_us=12 refresh_x0=41 refresh_y0=44 refresh_x1=53 refresh_y1=407 refresh_compose_us=0 refresh_first_submit_us=0 refresh_first_complete_us=0 refresh_transfer_wait_us=0 stroke_logging_us=0 detected_to_poll_start_us=2002 detected_to_poll_complete_us=2014 poll_read_us=12 unattributed_tail_us=1642 reports_dropped=0 chunks=1 committed=1 refresh=1 commit_failed=0
[22:25:19] TINYDRAW_FILL_BASELINE result=complete zoom=50 x=0 y=0 revision=4448 steps=1 wall_us=249 compute_total_us=212 compute_max_us=212 present_total_us=0 present_max_us=0 tick_max_us=223 producer_failures=0 presentation_failures=0
[22:25:19] TINYDRAW_LIVE_FILL_DONE zoom=50 x=0 y=0 revision=4448
[22:25:19] TINYDRAW_LIVE_REPAIR views=6 steps=26
[22:25:19] TINYDRAW_LIVE_DRAIN ops=1 total_us=4713 max_us=4713 failures=0 swap_wall_us=19232 swap_pass=1
[22:25:19] TINYDRAW_LIVE_STROKE revision=4448 operations=86 samples=2537 append_us=97 append_max_us=97 refresh_compose_us=0 refresh_complete_us=0 ink_samples=9 read_submit_avg_us=1619 read_submit_max_us=2452 read_complete_avg_us=2392 read_complete_max_us=3576 submit_over_16ms=0 complete_over_33ms=0 presentation_failures=0 poll_max_us=23996 touch_errors=0 touch_overflows=0 touch_moves_coalesced=58 touch_events=43 touch_down=1 touch_up=1 touch_events_ge_8ms=0 touch_event_age_max_us=1249 chunks=1 ph_prepare_max_us=56 ph_overview_max_us=0 ph_enumerate_max_us=0 ph_uniform_max_us=0 ph_raw_max_us=0 ph_offscreen_max_us=0 ph_commit_max_us=0 drop_uni_slot=0 drop_uni_paint=0 drop_raw_edit=0 drop_raw_paint=0 off_skip=0 free_psram=1859920 largest_psram=1835008 authority_match=0
[22:25:19] TINYDRAW_LIVE_STROKE_DONE committed=1 refresh=1 commit_failed=0
[22:25:19] TINYDRAW_LIFT_BASELINE id=12 finish_preview_us=1070 builder_finish_us=52 append_us=97 append_max_us=97 refresh_wall_us=13 refresh_x0=65 refresh_y0=34 refresh_x1=83 refresh_y1=367 refresh_compose_us=0 refresh_first_submit_us=0 refresh_first_complete_us=0 refresh_transfer_wait_us=0 stroke_logging_us=0 detected_to_poll_start_us=3004 detected_to_poll_complete_us=3015 poll_read_us=11 unattributed_tail_us=1772 reports_dropped=0 chunks=1 committed=1 refresh=1 commit_failed=0
[22:25:19] TINYDRAW_FILL_BASELINE result=complete zoom=50 x=0 y=0 revision=4449 steps=1 wall_us=345 compute_total_us=308 compute_max_us=308 present_total_us=0 present_max_us=0 tick_max_us=319 producer_failures=0 presentation_failures=0
[22:25:19] TINYDRAW_LIVE_FILL_DONE zoom=50 x=0 y=0 revision=4449
[22:25:20] TINYDRAW_LIVE_DRAIN ops=1 total_us=5675 max_us=5675 failures=0 swap_wall_us=19275 swap_pass=1
[22:25:20] TINYDRAW_LIVE_STROKE revision=4449 operations=87 samples=2546 append_us=100 append_max_us=100 refresh_compose_us=0 refresh_complete_us=0 ink_samples=10 read_submit_avg_us=2019 read_submit_max_us=5440 read_complete_avg_us=2744 read_complete_max_us=5932 submit_over_16ms=0 complete_over_33ms=0 presentation_failures=0 poll_max_us=24996 touch_errors=0 touch_overflows=0 touch_moves_coalesced=78 touch_events=60 touch_down=1 touch_up=1 touch_events_ge_8ms=0 touch_event_age_max_us=5171 chunks=1 ph_prepare_max_us=59 ph_overview_max_us=0 ph_enumerate_max_us=0 ph_uniform_max_us=0 ph_raw_max_us=0 ph_offscreen_max_us=0 ph_commit_max_us=0 drop_uni_slot=0 drop_uni_paint=0 drop_raw_edit=0 drop_raw_paint=0 off_skip=0 free_psram=1859920 largest_psram=1835008 authority_match=0
[22:25:20] TINYDRAW_LIVE_STROKE_DONE committed=1 refresh=1 commit_failed=0
[22:25:20] TINYDRAW_LIFT_BASELINE id=13 finish_preview_us=1056 builder_finish_us=53 append_us=100 append_max_us=100 refresh_wall_us=14 refresh_x0=134 refresh_y0=0 refresh_x1=169 refresh_y1=303 refresh_compose_us=0 refresh_first_submit_us=0 refresh_first_complete_us=0 refresh_transfer_wait_us=0 stroke_logging_us=0 detected_to_poll_start_us=2999 detected_to_poll_complete_us=3011 poll_read_us=12 unattributed_tail_us=1776 reports_dropped=0 chunks=1 committed=1 refresh=1 commit_failed=0
[22:25:20] TINYDRAW_FILL_BASELINE result=complete zoom=50 x=0 y=0 revision=4450 steps=1 wall_us=344 compute_total_us=307 compute_max_us=307 present_total_us=0 present_max_us=0 tick_max_us=318 producer_failures=0 presentation_failures=0
[22:25:20] TINYDRAW_LIVE_FILL_DONE zoom=50 x=0 y=0 revision=4450
[22:25:20] TINYDRAW_LIVE_REPAIR views=6 steps=23
[22:25:20] TINYDRAW_LIVE_DRAIN ops=1 total_us=4948 max_us=4948 failures=0 swap_wall_us=15996 swap_pass=1
[22:25:20] TINYDRAW_LIVE_STROKE revision=4450 operations=88 samples=2553 append_us=99 append_max_us=99 refresh_compose_us=0 refresh_complete_us=0 ink_samples=8 read_submit_avg_us=1560 read_submit_max_us=2082 read_complete_avg_us=2371 read_complete_max_us=3180 submit_over_16ms=0 complete_over_33ms=0 presentation_failures=0 poll_max_us=23996 touch_errors=0 touch_overflows=0 touch_moves_coalesced=50 touch_events=38 touch_down=1 touch_up=1 touch_events_ge_8ms=0 touch_event_age_max_us=1249 chunks=1 ph_prepare_max_us=59 ph_overview_max_us=0 ph_enumerate_max_us=0 ph_uniform_max_us=0 ph_raw_max_us=0 ph_offscreen_max_us=0 ph_commit_max_us=0 drop_uni_slot=0 drop_uni_paint=0 drop_raw_edit=0 drop_raw_paint=0 off_skip=0 free_psram=1859920 largest_psram=1835008 authority_match=0
[22:25:20] TINYDRAW_LIVE_STROKE_DONE committed=1 refresh=1 commit_failed=0
[22:25:20] TINYDRAW_LIFT_BASELINE id=14 finish_preview_us=2008 builder_finish_us=52 append_us=99 append_max_us=99 refresh_wall_us=13 refresh_x0=217 refresh_y0=11 refresh_x1=251 refresh_y1=283 refresh_compose_us=0 refresh_first_submit_us=0 refresh_first_complete_us=0 refresh_transfer_wait_us=0 stroke_logging_us=0 detected_to_poll_start_us=4004 detected_to_poll_complete_us=4015 poll_read_us=11 unattributed_tail_us=1832 reports_dropped=0 chunks=1 committed=1 refresh=1 commit_failed=0
[22:25:20] TINYDRAW_FILL_BASELINE result=complete zoom=50 x=0 y=0 revision=4451 steps=1 wall_us=343 compute_total_us=306 compute_max_us=306 present_total_us=0 present_max_us=0 tick_max_us=317 producer_failures=0 presentation_failures=0
[22:25:20] TINYDRAW_LIVE_FILL_DONE zoom=50 x=0 y=0 revision=4451
[22:25:20] TINYDRAW_LIVE_REPAIR views=6 steps=6
[22:25:20] TINYDRAW_LIVE_DRAIN ops=1 total_us=4143 max_us=4143 failures=0 swap_wall_us=14799 swap_pass=1
[22:25:20] TINYDRAW_LIVE_STROKE revision=4451 operations=89 samples=2559 append_us=98 append_max_us=98 refresh_compose_us=0 refresh_complete_us=0 ink_samples=7 read_submit_avg_us=1471 read_submit_max_us=2109 read_complete_avg_us=2277 read_complete_max_us=3213 submit_over_16ms=0 complete_over_33ms=0 presentation_failures=0 poll_max_us=24996 touch_errors=0 touch_overflows=0 touch_moves_coalesced=42 touch_events=33 touch_down=1 touch_up=1 touch_events_ge_8ms=0 touch_event_age_max_us=997 chunks=1 ph_prepare_max_us=56 ph_overview_max_us=0 ph_enumerate_max_us=0 ph_uniform_max_us=0 ph_raw_max_us=0 ph_offscreen_max_us=0 ph_commit_max_us=0 drop_uni_slot=0 drop_uni_paint=0 drop_raw_edit=0 drop_raw_paint=0 off_skip=0 free_psram=1859920 largest_psram=1835008 authority_match=0
[22:25:20] TINYDRAW_LIVE_STROKE_DONE committed=1 refresh=1 commit_failed=0
[22:25:20] TINYDRAW_LIFT_BASELINE id=15 finish_preview_us=2008 builder_finish_us=51 append_us=98 append_max_us=98 refresh_wall_us=13 refresh_x0=218 refresh_y0=40 refresh_x1=245 refresh_y1=295 refresh_compose_us=0 refresh_first_submit_us=0 refresh_first_complete_us=0 refresh_transfer_wait_us=0 stroke_logging_us=0 detected_to_poll_start_us=4004 detected_to_poll_complete_us=4015 poll_read_us=11 unattributed_tail_us=1834 reports_dropped=0 chunks=1 committed=1 refresh=1 commit_failed=0
[22:25:20] TINYDRAW_FILL_BASELINE result=complete zoom=50 x=0 y=0 revision=4452 steps=1 wall_us=343 compute_total_us=306 compute_max_us=306 present_total_us=0 present_max_us=0 tick_max_us=317 producer_failures=0 presentation_failures=0
[22:25:20] TINYDRAW_LIVE_FILL_DONE zoom=50 x=0 y=0 revision=4452
[22:25:20] TINYDRAW_LIVE_REPAIR views=6 steps=6
[22:25:21] TINYDRAW_LIVE_PRESENT kind=power zoom=50 x=0 y=0 compose_us=17370 scroll_us=0 exposed_compose_us=0 chrome_us=4680 chrome_prepare_us=33 chrome_stage_us=4647 read_submit_us=18552 read_complete_us=22027 transfer_wait_us=20448 tile_pixels=157696 uniform_pixels=7168 overview_pixels=0 fallback_pixels=0 resident_tiles=42 fallback_tiles=0 pushes=11 tear_wait_us=487 tear_edge_isr_to_resume_us=10 tear_edge_observed=1 tear_edge_wait_resumed=1 tear_edge_timeout=0 tear_heal_attempted=0 tear_heal_command_sent=0 presentation_experiment=boundary-top-sweep te_edge=rising requested_clock_mhz=50 effective_clock_mhz=40 frame_reused=0 pass=1
[22:25:22] TINYDRAW_LIVE_STROKE revision=4452 operations=91 samples=2594 append_us=210 append_max_us=120 refresh_compose_us=0 refresh_complete_us=0 ink_samples=35 read_submit_avg_us=1275 read_submit_max_us=2616 read_complete_avg_us=1883 read_complete_max_us=3794 submit_over_16ms=0 complete_over_33ms=0 presentation_failures=0 poll_max_us=85000 touch_errors=0 touch_overflows=0 touch_moves_coalesced=278 touch_events=236 touch_down=1 touch_up=1 touch_events_ge_8ms=0 touch_event_age_max_us=1008 chunks=2 ph_prepare_max_us=82 ph_overview_max_us=0 ph_enumerate_max_us=0 ph_uniform_max_us=0 ph_raw_max_us=0 ph_offscreen_max_us=0 ph_commit_max_us=0 drop_uni_slot=0 drop_uni_paint=0 drop_raw_edit=0 drop_raw_paint=0 off_skip=0 free_psram=1859920 largest_psram=1835008 authority_match=0
[22:25:22] TINYDRAW_LIVE_STROKE_DONE committed=1 refresh=1 commit_failed=0
[22:25:22] TINYDRAW_LIFT_BASELINE id=16 finish_preview_us=2008 builder_finish_us=53 append_us=210 append_max_us=120 refresh_wall_us=13 refresh_x0=29 refresh_y0=19 refresh_x1=228 refresh_y1=370 refresh_compose_us=0 refresh_first_submit_us=0 refresh_first_complete_us=0 refresh_transfer_wait_us=0 stroke_logging_us=0 detected_to_poll_start_us=3999 detected_to_poll_complete_us=4011 poll_read_us=12 unattributed_tail_us=1715 reports_dropped=0 chunks=2 committed=1 refresh=1 commit_failed=0
[22:25:22] TINYDRAW_LIVE_DRAIN ops=2 total_us=15261 max_us=13796 failures=0 swap_wall_us=50482 swap_pass=1
[22:25:22] TINYDRAW_FILL_BASELINE result=complete zoom=50 x=0 y=0 revision=4454 steps=1 wall_us=334 compute_total_us=299 compute_max_us=299 present_total_us=0 present_max_us=0 tick_max_us=310 producer_failures=0 presentation_failures=0
[22:25:22] TINYDRAW_LIVE_FILL_DONE zoom=50 x=0 y=0 revision=4454
[22:25:23] TINYDRAW_LIVE_REPAIR views=6 steps=88
[22:25:25] TINYDRAW_LIVE_STROKE revision=4454 operations=98 samples=2790 append_us=824 append_max_us=123 refresh_compose_us=0 refresh_complete_us=0 ink_samples=191 read_submit_avg_us=1248 read_submit_max_us=2332 read_complete_avg_us=1750 read_complete_max_us=2874 submit_over_16ms=0 complete_over_33ms=0 presentation_failures=0 poll_max_us=54001 touch_errors=0 touch_overflows=0 touch_moves_coalesced=1306 touch_events=1071 touch_down=1 touch_up=1 touch_events_ge_8ms=0 touch_event_age_max_us=1232 chunks=7 ph_prepare_max_us=83 ph_overview_max_us=0 ph_enumerate_max_us=0 ph_uniform_max_us=0 ph_raw_max_us=0 ph_offscreen_max_us=0 ph_commit_max_us=0 drop_uni_slot=0 drop_uni_paint=0 drop_raw_edit=0 drop_raw_paint=0 off_skip=0 free_psram=1859920 largest_psram=1835008 authority_match=0
[22:25:25] TINYDRAW_LIVE_STROKE_DONE committed=1 refresh=1 commit_failed=0
[22:25:26] TINYDRAW_LIFT_BASELINE id=17 finish_preview_us=1042 builder_finish_us=71 append_us=824 append_max_us=123 refresh_wall_us=13 refresh_x0=36 refresh_y0=2 refresh_x1=277 refresh_y1=266 refresh_compose_us=0 refresh_first_submit_us=0 refresh_first_complete_us=0 refresh_transfer_wait_us=0 stroke_logging_us=0 detected_to_poll_start_us=3004 detected_to_poll_complete_us=3015 poll_read_us=11 unattributed_tail_us=1054 reports_dropped=0 chunks=7 committed=1 refresh=1 commit_failed=0
[22:25:26] TINYDRAW_LIVE_DRAIN ops=7 total_us=50729 max_us=9431 failures=0 swap_wall_us=46728 swap_pass=1
[22:25:26] TINYDRAW_FILL_BASELINE result=complete zoom=50 x=0 y=0 revision=4461 steps=1 wall_us=343 compute_total_us=308 compute_max_us=308 present_total_us=0 present_max_us=0 tick_max_us=318 producer_failures=0 presentation_failures=0
[22:25:26] TINYDRAW_LIVE_FILL_DONE zoom=50 x=0 y=0 revision=4461
[22:25:26] TINYDRAW_LIVE_PRESENT kind=chrome zoom=50 x=0 y=0 compose_us=17815 scroll_us=0 exposed_compose_us=0 chrome_us=81687 chrome_prepare_us=9 chrome_stage_us=81678 read_submit_us=30701 read_complete_us=42672 transfer_wait_us=96243 tile_pixels=161792 uniform_pixels=3072 overview_pixels=0 fallback_pixels=0 resident_tiles=42 fallback_tiles=0 pushes=11 tear_wait_us=12787 tear_edge_isr_to_resume_us=8 tear_edge_observed=1 tear_edge_wait_resumed=1 tear_edge_timeout=0 tear_heal_attempted=0 tear_heal_command_sent=0 presentation_experiment=boundary-top-sweep te_edge=rising requested_clock_mhz=50 effective_clock_mhz=40 frame_reused=0 pass=1
[22:25:28] TINYDRAW_LIVE_PRESENT kind=chrome zoom=50 x=0 y=0 compose_us=17614 scroll_us=0 exposed_compose_us=0 chrome_us=8790 chrome_prepare_us=4171 chrome_stage_us=4619 read_submit_us=23220 read_complete_us=26839 transfer_wait_us=20727 tile_pixels=161792 uniform_pixels=3072 overview_pixels=0 fallback_pixels=0 resident_tiles=42 fallback_tiles=0 pushes=11 tear_wait_us=1351 tear_edge_isr_to_resume_us=11 tear_edge_observed=1 tear_edge_wait_resumed=1 tear_edge_timeout=0 tear_heal_attempted=0 tear_heal_command_sent=0 presentation_experiment=boundary-top-sweep te_edge=rising requested_clock_mhz=50 effective_clock_mhz=40 frame_reused=0 pass=1
[22:25:28] TINYDRAW_LIVE_REPAIR views=6 steps=90
[22:25:36] TINYDRAW_LIVE_STROKE revision=4461 operations=117 samples=3376 append_us=2283 append_max_us=122 refresh_compose_us=0 refresh_complete_us=0 ink_samples=569 read_submit_avg_us=1307 read_submit_max_us=2480 read_complete_avg_us=1841 read_complete_max_us=3467 submit_over_16ms=0 complete_over_33ms=0 presentation_failures=0 poll_max_us=173004 touch_errors=0 touch_overflows=0 touch_moves_coalesced=4001 touch_events=3261 touch_down=3 touch_up=3 touch_events_ge_8ms=0 touch_event_age_max_us=2246 chunks=19 ph_prepare_max_us=82 ph_overview_max_us=0 ph_enumerate_max_us=0 ph_uniform_max_us=0 ph_raw_max_us=0 ph_offscreen_max_us=0 ph_commit_max_us=0 drop_uni_slot=0 drop_uni_paint=0 drop_raw_edit=0 drop_raw_paint=0 off_skip=0 free_psram=1859920 largest_psram=1835008 authority_match=0
[22:25:36] TINYDRAW_LIVE_STROKE_DONE committed=1 refresh=1 commit_failed=0
[22:25:36] TINYDRAW_LIFT_BASELINE id=18 finish_preview_us=2008 builder_finish_us=53 append_us=2283 append_max_us=122 refresh_wall_us=13 refresh_x0=25 refresh_y0=42 refresh_x1=309 refresh_y1=317 refresh_compose_us=0 refresh_first_submit_us=0 refresh_first_complete_us=0 refresh_transfer_wait_us=0 stroke_logging_us=0 detected_to_poll_start_us=4004 detected_to_poll_complete_us=4015 poll_read_us=11 unattributed_tail_us=-353 reports_dropped=0 chunks=19 committed=1 refresh=1 commit_failed=0
[22:25:37] TINYDRAW_LIVE_DRAIN ops=19 total_us=186006 max_us=14811 failures=0 swap_wall_us=53812 swap_pass=1
[22:25:37] TINYDRAW_FILL_BASELINE result=complete zoom=50 x=0 y=0 revision=4480 steps=1 wall_us=343 compute_total_us=309 compute_max_us=309 present_total_us=0 present_max_us=0 tick_max_us=319 producer_failures=0 presentation_failures=0
[22:25:37] TINYDRAW_LIVE_FILL_DONE zoom=50 x=0 y=0 revision=4480
[22:25:37] TINYDRAW_LIVE_REPAIR views=6 steps=96
[22:25:51] TINYDRAW_LIVE_PRESENT kind=power zoom=50 x=0 y=0 compose_us=17701 scroll_us=0 exposed_compose_us=0 chrome_us=4626 chrome_prepare_us=26 chrome_stage_us=4600 read_submit_us=34305 read_complete_us=37771 transfer_wait_us=20695 tile_pixels=161792 uniform_pixels=3072 overview_pixels=0 fallback_pixels=0 resident_tiles=42 fallback_tiles=0 pushes=11 tear_wait_us=15941 tear_edge_isr_to_resume_us=11 tear_edge_observed=1 tear_edge_wait_resumed=1 tear_edge_timeout=0 tear_heal_attempted=0 tear_heal_command_sent=0 presentation_experiment=boundary-top-sweep te_edge=rising requested_clock_mhz=50 effective_clock_mhz=40 frame_reused=0 pass=1
[22:26:21] TINYDRAW_LIVE_PRESENT kind=power zoom=50 x=0 y=0 compose_us=17565 scroll_us=0 exposed_compose_us=0 chrome_us=4674 chrome_prepare_us=25 chrome_stage_us=4649 read_submit_us=33585 read_complete_us=37026 transfer_wait_us=20415 tile_pixels=161792 uniform_pixels=3072 overview_pixels=0 fallback_pixels=0 resident_tiles=42 fallback_tiles=0 pushes=11 tear_wait_us=15358 tear_edge_isr_to_resume_us=10 tear_edge_observed=1 tear_edge_wait_resumed=1 tear_edge_timeout=0 tear_heal_attempted=0 tear_heal_command_sent=0 presentation_experiment=boundary-top-sweep te_edge=rising requested_clock_mhz=50 effective_clock_mhz=40 frame_reused=0 pass=1
[22:26:51] TINYDRAW_LIVE_PRESENT kind=power zoom=50 x=0 y=0 compose_us=17560 scroll_us=0 exposed_compose_us=0 chrome_us=4615 chrome_prepare_us=26 chrome_stage_us=4589 read_submit_us=29958 read_complete_us=33388 transfer_wait_us=20042 tile_pixels=161792 uniform_pixels=3072 overview_pixels=0 fallback_pixels=0 resident_tiles=42 fallback_tiles=0 pushes=11 tear_wait_us=11734 tear_edge_isr_to_resume_us=9 tear_edge_observed=1 tear_edge_wait_resumed=1 tear_edge_timeout=0 tear_heal_attempted=0 tear_heal_command_sent=0 presentation_experiment=boundary-top-sweep te_edge=rising requested_clock_mhz=50 effective_clock_mhz=40 frame_reused=0 pass=1
