Added environment variable ESP_IDF_VERSION = 6.0
Added environment variable IDF_VERSION = 6.0.2
Added environment variable IDF_TOOLS_PATH = /Users/sarah/.espressif/tools
Added environment variable IDF_COMPONENT_LOCAL_STORAGE_URL = file:///Users/sarah/.espressif/tools
Added environment variable IDF_PATH = /Users/sarah/.espressif/v6.0.2/esp-idf
Added environment variable ESP_ROM_ELF_DIR = /Users/sarah/.espressif/tools/esp-rom-elfs/20241011/
Added environment variable OPENOCD_SCRIPTS = /Users/sarah/.espressif/tools/openocd-esp32/v0.12.0-esp32-20260424/openocd-esp32/share/openocd/scripts
Added environment variable IDF_PYTHON_ENV_PATH = /Users/sarah/.espressif/tools/python/v6.0.2/venv
Added environment variable ESP_CLANG_LIBS_PATH = /Users/sarah/.espressif/tools/esp-clang-libs/esp-20.1.1_20250829/esp-clang/lib
Added proper directory to PATH
Activated virtual environment at /Users/sarah/.espressif/tools/python/v6.0.2/venv
Environment setup complete for the current shell session.
These changes will be lost when you close this terminal.
You are now using IDF version 6.0.2.
eim select v6.0.2
Executing action: all (aliases: build)
Running cmake in directory /Users/sarah/src/tries/2026-08-09-espdraw/out/build/esp32-vector-v2
Executing "cmake -G Ninja -B /Users/sarah/src/tries/2026-08-09-espdraw/out/build/esp32-vector-v2 -DPYTHON_DEPS_CHECKED=1 -DPYTHON=/Users/sarah/.espressif/tools/python/v6.0.2/venv/bin/python -DESP_PLATFORM=1 -DTINYDRAW_QEMU=OFF -DTINYDRAW_VECTOR_BENCHMARK=OFF -DTINYDRAW_PHASE2_PROTOTYPE=OFF -DTINYDRAW_RASTER_PAN_BENCHMARK=OFF -DTINYDRAW_INTERACTIVE_PAN_BENCHMARK=OFF -DTINYDRAW_VECTOR_V2_MEMORY_PROBE=OFF -DTINYDRAW_VECTOR_V2_OVERVIEW_WALK=OFF -DTINYDRAW_VECTOR_V2_APP=ON -DTINYDRAW_VECTOR_V2_GATE_HARNESS=OFF -DTINYDRAW_VECTOR_V2_TILE_CENSUS=OFF -DCCACHE_ENABLE=False /Users/sarah/src/tries/2026-08-09-espdraw/esp32"...
-- Vector V2 presentation experiment=boundary-top-sweep, TE edge=rising
-- Found Git: /usr/bin/git (found version "2.54.0 (Apple Git-156)")
-- Component directory /Users/sarah/.espressif/v6.0.2/esp-idf/components/mqtt does not contain a CMakeLists.txt file. No component will be added
-- Minimal build - ON
-- The C compiler identification is GNU 15.2.0
-- The CXX compiler identification is GNU 15.2.0
-- The ASM compiler identification is GNU
-- Found assembler: /Users/sarah/.espressif/tools/xtensa-esp-elf/esp-15.2.0_20251204/xtensa-esp-elf/bin/xtensa-esp32s3-elf-gcc
-- Detecting C compiler ABI info
-- Detecting C compiler ABI info - done
-- Check for working C compiler: /Users/sarah/.espressif/tools/xtensa-esp-elf/esp-15.2.0_20251204/xtensa-esp-elf/bin/xtensa-esp32s3-elf-gcc - skipped
-- Detecting C compile features
-- Detecting C compile features - done
-- Detecting CXX compiler ABI info
-- Detecting CXX compiler ABI info - done
-- Check for working CXX compiler: /Users/sarah/.espressif/tools/xtensa-esp-elf/esp-15.2.0_20251204/xtensa-esp-elf/bin/xtensa-esp32s3-elf-g++ - skipped
-- Detecting CXX compile features
-- Detecting CXX compile features - done
-- Building ESP-IDF components for target esp32s3
NOTICE:
Following dependencies have new versions available:
Dependency "espressif/esp_lcd_touch_cst816s": "1.1.1~2" -> "1.1.2"
Consider running "idf.py update-dependencies" to update your lock file.
NOTICE: Processing 8 dependencies:
NOTICE: [1/8] espressif/cmake_utilities (0.5.3)
NOTICE: [2/8] espressif/esp_lcd_co5300 (2.1.0)
NOTICE: [3/8] espressif/esp_lcd_qemu_rgb (1.0.2)
NOTICE: [4/8] espressif/esp_lcd_touch (1.2.1)
NOTICE: [5/8] espressif/esp_lcd_touch_cst816s (1.1.1~2)
NOTICE: [6/8] espressif/tinyusb (0.21.0~1)
NOTICE: [7/8] waveshare/pcf85063a (2.0.0)
NOTICE: [8/8] idf (6.0.2)
-- ESP-TEE is currently supported only on the esp32c6;esp32h2;esp32c5;esp32c61 SoCs
-- KCONFIG_REPORT_VERBOSITY not set, using default
-- Project sdkconfig file /Users/sarah/src/tries/2026-08-09-espdraw/out/build/esp32-vector-v2/sdkconfig
-- Compiler supported targets: xtensa-esp-elf
-- Detecting C compiler ABI info
-- Detecting C compiler ABI info - done
-- Detecting CXX compiler ABI info
-- Detecting CXX compiler ABI info - done
-- Detecting C compiler ABI info
-- Detecting C compiler ABI info - done
-- Detecting CXX compiler ABI info
-- Detecting CXX compiler ABI info - done
-- App "tinydraw_esp32" version: 8371cab-dirty
-- Found Python3: /Users/sarah/.espressif/tools/python/v6.0.2/venv/bin/python (found version "3.14.6") found components: Interpreter
-- Performing Test CMAKE_HAVE_LIBC_PTHREAD
-- Performing Test CMAKE_HAVE_LIBC_PTHREAD - Success
-- Found Threads: TRUE
-- Performing Test C_COMPILER_SUPPORTS_WFORMAT_SIGNEDNESS
-- Performing Test C_COMPILER_SUPPORTS_WFORMAT_SIGNEDNESS - Success
-- Setting up mbedtls configuration
-- Linkage type is PUBLIC
-- Adding linker script /Users/sarah/.espressif/v6.0.2/esp-idf/components/esp_hal_wdt/esp32s3/rom.wdt.ld
-- Adding linker script /Users/sarah/.espressif/v6.0.2/esp-idf/components/esp_system/ld/esp32s3/memory.ld.in
--   -> Preprocessing .in script: /Users/sarah/.espressif/v6.0.2/esp-idf/components/esp_system/ld/esp32s3/memory.ld.in
-- Adding linker script /Users/sarah/.espressif/v6.0.2/esp-idf/components/esp_system/ld/esp32s3/sections.ld.in
--   -> Preprocessing .in script: /Users/sarah/.espressif/v6.0.2/esp-idf/components/esp_system/ld/esp32s3/sections.ld.in
--   -> Applying ldgen processing: /Users/sarah/src/tries/2026-08-09-espdraw/out/build/esp32-vector-v2/esp-idf/esp_system/ld/sections.ld.in
-- Adding linker script /Users/sarah/.espressif/v6.0.2/esp-idf/components/esp_rom/esp32s3/ld/esp32s3.rom.ld
-- Adding linker script /Users/sarah/.espressif/v6.0.2/esp-idf/components/esp_rom/esp32s3/ld/esp32s3.rom.api.ld
-- Adding linker script /Users/sarah/.espressif/v6.0.2/esp-idf/components/esp_rom/esp32s3/ld/esp32s3.rom.bt_funcs.ld
-- Adding linker script /Users/sarah/.espressif/v6.0.2/esp-idf/components/esp_rom/esp32s3/ld/esp32s3.rom.libgcc.ld
-- Adding linker script /Users/sarah/.espressif/v6.0.2/esp-idf/components/esp_rom/esp32s3/ld/esp32s3.rom.version.ld
-- Adding linker script /Users/sarah/.espressif/v6.0.2/esp-idf/components/esp_rom/esp32s3/ld/esp32s3.rom.ble_master.ld
-- Adding linker script /Users/sarah/.espressif/v6.0.2/esp-idf/components/esp_rom/esp32s3/ld/esp32s3.rom.ble_50.ld
-- Adding linker script /Users/sarah/.espressif/v6.0.2/esp-idf/components/esp_rom/esp32s3/ld/esp32s3.rom.ble_smp.ld
-- Adding linker script /Users/sarah/.espressif/v6.0.2/esp-idf/components/esp_rom/esp32s3/ld/esp32s3.rom.ble_dtm.ld
-- Adding linker script /Users/sarah/.espressif/v6.0.2/esp-idf/components/esp_rom/esp32s3/ld/esp32s3.rom.ble_test.ld
-- Adding linker script /Users/sarah/.espressif/v6.0.2/esp-idf/components/esp_rom/esp32s3/ld/esp32s3.rom.ble_scan.ld
-- Adding linker script /Users/sarah/.espressif/v6.0.2/esp-idf/components/esp_rom/esp32s3/ld/esp32s3.rom.libc.ld
-- Adding linker script /Users/sarah/.espressif/v6.0.2/esp-idf/components/soc/esp32s3/ld/esp32s3.peripherals.ld
-- ESP_LCD_CO5300: 2.1.0
-- TinyDraw panel experiment=boundary-top-sweep, TE edge=rising, requested clock=50 MHz, effective clock=40 MHz
-- Components: app_update bootloader bootloader_support cxx driver efuse esp_app_format esp_blockdev esp_bootloader_format esp_coex esp_common esp_driver_bitscrambler esp_driver_dma esp_driver_gpio esp_driver_i2c esp_driver_i2s esp_driver_parlio esp_driver_spi esp_driver_uart esp_driver_usb_serial_jtag esp_event esp_hal_ana_conv esp_hal_clock esp_hal_dma esp_hal_gpio esp_hal_gpspi esp_hal_i2c esp_hal_i2s esp_hal_lcd esp_hal_mspi esp_hal_parlio esp_hal_pmu esp_hal_rtc_timer esp_hal_security esp_hal_timg esp_hal_touch_sens esp_hal_twai esp_hal_uart esp_hal_usb esp_hal_wdt esp_hw_support esp_lcd esp_libc esp_mm esp_netif esp_netif_stack esp_partition esp_phy esp_pm esp_psram esp_ringbuf esp_rom esp_security esp_stdio esp_system esp_timer esp_usb_cdc_rom_console esp_wifi espcoredump espressif__cmake_utilities espressif__esp_lcd_co5300 espressif__esp_lcd_qemu_rgb espressif__esp_lcd_touch espressif__esp_lcd_touch_cst816s espressif__tinyusb esptool_py freertos hal heap log lwip main mbedtls nvs_flash nvs_sec_provider partition_table pthread soc spi_flash vfs waveshare__pcf85063a wpa_supplicant xtensa
-- Component paths: /Users/sarah/.espressif/v6.0.2/esp-idf/components/app_update /Users/sarah/.espressif/v6.0.2/esp-idf/components/bootloader /Users/sarah/.espressif/v6.0.2/esp-idf/components/bootloader_support /Users/sarah/.espressif/v6.0.2/esp-idf/components/cxx /Users/sarah/.espressif/v6.0.2/esp-idf/components/driver /Users/sarah/.espressif/v6.0.2/esp-idf/components/efuse /Users/sarah/.espressif/v6.0.2/esp-idf/components/esp_app_format /Users/sarah/.espressif/v6.0.2/esp-idf/components/esp_blockdev /Users/sarah/.espressif/v6.0.2/esp-idf/components/esp_bootloader_format /Users/sarah/.espressif/v6.0.2/esp-idf/components/esp_coex /Users/sarah/.espressif/v6.0.2/esp-idf/components/esp_common /Users/sarah/.espressif/v6.0.2/esp-idf/components/esp_driver_bitscrambler /Users/sarah/.espressif/v6.0.2/esp-idf/components/esp_driver_dma /Users/sarah/.espressif/v6.0.2/esp-idf/components/esp_driver_gpio /Users/sarah/.espressif/v6.0.2/esp-idf/components/esp_driver_i2c /Users/sarah/.espressif/v6.0.2/esp-idf/components/esp_driver_i2s /Users/sarah/.espressif/v6.0.2/esp-idf/components/esp_driver_parlio /Users/sarah/.espressif/v6.0.2/esp-idf/components/esp_driver_spi /Users/sarah/.espressif/v6.0.2/esp-idf/components/esp_driver_uart /Users/sarah/.espressif/v6.0.2/esp-idf/components/esp_driver_usb_serial_jtag /Users/sarah/.espressif/v6.0.2/esp-idf/components/esp_event /Users/sarah/.espressif/v6.0.2/esp-idf/components/esp_hal_ana_conv /Users/sarah/.espressif/v6.0.2/esp-idf/components/esp_hal_clock /Users/sarah/.espressif/v6.0.2/esp-idf/components/esp_hal_dma /Users/sarah/.espressif/v6.0.2/esp-idf/components/esp_hal_gpio /Users/sarah/.espressif/v6.0.2/esp-idf/components/esp_hal_gpspi /Users/sarah/.espressif/v6.0.2/esp-idf/components/esp_hal_i2c /Users/sarah/.espressif/v6.0.2/esp-idf/components/esp_hal_i2s /Users/sarah/.espressif/v6.0.2/esp-idf/components/esp_hal_lcd /Users/sarah/.espressif/v6.0.2/esp-idf/components/esp_hal_mspi /Users/sarah/.espressif/v6.0.2/esp-idf/components/esp_hal_parlio /Users/sarah/.espressif/v6.0.2/esp-idf/components/esp_hal_pmu /Users/sarah/.espressif/v6.0.2/esp-idf/components/esp_hal_rtc_timer /Users/sarah/.espressif/v6.0.2/esp-idf/components/esp_hal_security /Users/sarah/.espressif/v6.0.2/esp-idf/components/esp_hal_timg /Users/sarah/.espressif/v6.0.2/esp-idf/components/esp_hal_touch_sens /Users/sarah/.espressif/v6.0.2/esp-idf/components/esp_hal_twai /Users/sarah/.espressif/v6.0.2/esp-idf/components/esp_hal_uart /Users/sarah/.espressif/v6.0.2/esp-idf/components/esp_hal_usb /Users/sarah/.espressif/v6.0.2/esp-idf/components/esp_hal_wdt /Users/sarah/.espressif/v6.0.2/esp-idf/components/esp_hw_support /Users/sarah/.espressif/v6.0.2/esp-idf/components/esp_lcd /Users/sarah/.espressif/v6.0.2/esp-idf/components/esp_libc /Users/sarah/.espressif/v6.0.2/esp-idf/components/esp_mm /Users/sarah/.espressif/v6.0.2/esp-idf/components/esp_netif /Users/sarah/.espressif/v6.0.2/esp-idf/components/esp_netif_stack /Users/sarah/.espressif/v6.0.2/esp-idf/components/esp_partition /Users/sarah/.espressif/v6.0.2/esp-idf/components/esp_phy /Users/sarah/.espressif/v6.0.2/esp-idf/components/esp_pm /Users/sarah/.espressif/v6.0.2/esp-idf/components/esp_psram /Users/sarah/.espressif/v6.0.2/esp-idf/components/esp_ringbuf /Users/sarah/.espressif/v6.0.2/esp-idf/components/esp_rom /Users/sarah/.espressif/v6.0.2/esp-idf/components/esp_security /Users/sarah/.espressif/v6.0.2/esp-idf/components/esp_stdio /Users/sarah/.espressif/v6.0.2/esp-idf/components/esp_system /Users/sarah/.espressif/v6.0.2/esp-idf/components/esp_timer /Users/sarah/.espressif/v6.0.2/esp-idf/components/esp_usb_cdc_rom_console /Users/sarah/.espressif/v6.0.2/esp-idf/components/esp_wifi /Users/sarah/.espressif/v6.0.2/esp-idf/components/espcoredump /Users/sarah/src/tries/2026-08-09-espdraw/esp32/managed_components/espressif__cmake_utilities /Users/sarah/src/tries/2026-08-09-espdraw/esp32/managed_components/espressif__esp_lcd_co5300 /Users/sarah/src/tries/2026-08-09-espdraw/esp32/managed_components/espressif__esp_lcd_qemu_rgb /Users/sarah/src/tries/2026-08-09-espdraw/esp32/managed_components/espressif__esp_lcd_touch /Users/sarah/src/tries/2026-08-09-espdraw/esp32/managed_components/espressif__esp_lcd_touch_cst816s /Users/sarah/src/tries/2026-08-09-espdraw/esp32/managed_components/espressif__tinyusb /Users/sarah/.espressif/v6.0.2/esp-idf/components/esptool_py /Users/sarah/.espressif/v6.0.2/esp-idf/components/freertos /Users/sarah/.espressif/v6.0.2/esp-idf/components/hal /Users/sarah/.espressif/v6.0.2/esp-idf/components/heap /Users/sarah/.espressif/v6.0.2/esp-idf/components/log /Users/sarah/.espressif/v6.0.2/esp-idf/components/lwip /Users/sarah/src/tries/2026-08-09-espdraw/esp32/main /Users/sarah/.espressif/v6.0.2/esp-idf/components/mbedtls /Users/sarah/.espressif/v6.0.2/esp-idf/components/nvs_flash /Users/sarah/.espressif/v6.0.2/esp-idf/components/nvs_sec_provider /Users/sarah/.espressif/v6.0.2/esp-idf/components/partition_table /Users/sarah/.espressif/v6.0.2/esp-idf/components/pthread /Users/sarah/.espressif/v6.0.2/esp-idf/components/soc /Users/sarah/.espressif/v6.0.2/esp-idf/components/spi_flash /Users/sarah/.espressif/v6.0.2/esp-idf/components/vfs /Users/sarah/src/tries/2026-08-09-espdraw/esp32/managed_components/waveshare__pcf85063a /Users/sarah/.espressif/v6.0.2/esp-idf/components/wpa_supplicant /Users/sarah/.espressif/v6.0.2/esp-idf/components/xtensa
-- Configuring done (9.5s)
-- Generating done (0.4s)
-- Build files have been written to: /Users/sarah/src/tries/2026-08-09-espdraw/out/build/esp32-vector-v2
Running ninja in directory /Users/sarah/src/tries/2026-08-09-espdraw/out/build/esp32-vector-v2
Executing "ninja all"...
[1/913] Generating project_elf_src_esp32s3.c
[2/913] Preprocessing linker script /Users/sarah/.espressif/v6.0.2/esp-idf/components/esp_system/ld/esp32s3/memory.ld.in -> /Users/sarah/src/tries/2026-08-09-espdraw/out/build/esp32-vector-v2/esp-idf/esp_system/ld/memory.ld
[3/913] Preprocessing linker script /Users/sarah/.espressif/v6.0.2/esp-idf/components/esp_system/ld/esp32s3/sections.ld.in -> /Users/sarah/src/tries/2026-08-09-espdraw/out/build/esp32-vector-v2/esp-idf/esp_system/ld/sections.ld.in
[4/913] Building C object esp-idf/esp_wifi/CMakeFiles/__idf_esp_wifi.dir/regulatory/esp_wifi_regulatory.c.obj
[5/913] Building C object esp-idf/esp_wifi/CMakeFiles/__idf_esp_wifi.dir/src/mesh_event.c.obj
[6/913] Generating ../../partition_table/partition-table.bin
Partition table binary generated. Contents:
*******************************************************************************
# ESP-IDF Partition Table
# Name, Type, SubType, Offset, Size, Flags
nvs,data,nvs,0x9000,24K,
phy_init,data,phy,0xf000,4K,
factory,app,factory,0x10000,1M,
drawing,data,64,0x110000,3M,
export,data,65,0x410000,5M,
coredump,data,coredump,0x910000,64K,
*******************************************************************************
[7/913] Building C object esp-idf/esp_wifi/CMakeFiles/__idf_esp_wifi.dir/src/wifi_default_ap.c.obj
[8/913] Building C object esp-idf/esp_wifi/CMakeFiles/__idf_esp_wifi.dir/src/lib_printf.c.obj
[9/913] Building C object esp-idf/esp_wifi/CMakeFiles/__idf_esp_wifi.dir/src/smartconfig.c.obj
[10/913] Building C object esp-idf/esp_coex/CMakeFiles/__idf_esp_coex.dir/src/coexist_debug_diagram.c.obj
[11/913] Building C object esp-idf/esp_wifi/CMakeFiles/__idf_esp_wifi.dir/src/wifi_netif.c.obj
[12/913] Building C object esp-idf/esp_wifi/CMakeFiles/__idf_esp_wifi.dir/src/wifi_init.c.obj
[13/913] Building C object esp-idf/esp_coex/CMakeFiles/__idf_esp_coex.dir/esp32s3/esp_coex_adapter.c.obj
[14/913] Building C object esp-idf/esp_coex/CMakeFiles/__idf_esp_coex.dir/src/coexist_debug.c.obj
[15/913] Building C object esp-idf/esp_wifi/CMakeFiles/__idf_esp_wifi.dir/src/smartconfig_ack.c.obj
[16/913] Building C object esp-idf/esp_wifi/CMakeFiles/__idf_esp_wifi.dir/esp32s3/esp_adapter.c.obj
[17/913] Building C object esp-idf/esp_wifi/CMakeFiles/__idf_esp_wifi.dir/src/wifi_default.c.obj
[18/913] Building C object esp-idf/wpa_supplicant/CMakeFiles/__idf_wpa_supplicant.dir/port/os_xtensa.c.obj
[19/913] Building C object esp-idf/wpa_supplicant/CMakeFiles/__idf_wpa_supplicant.dir/src/ap/ap_config.c.obj
[20/913] Building C object esp-idf/wpa_supplicant/CMakeFiles/__idf_wpa_supplicant.dir/src/ap/pmksa_cache_auth.c.obj
[21/913] Building C object esp-idf/wpa_supplicant/CMakeFiles/__idf_wpa_supplicant.dir/src/ap/ieee802_1x.c.obj
[22/913] Building C object esp-idf/wpa_supplicant/CMakeFiles/__idf_wpa_supplicant.dir/src/ap/comeback_token.c.obj
[23/913] Building C object esp-idf/wpa_supplicant/CMakeFiles/__idf_wpa_supplicant.dir/src/ap/wpa_auth_ie.c.obj
[24/913] Building C object esp-idf/wpa_supplicant/CMakeFiles/__idf_wpa_supplicant.dir/src/ap/sta_info.c.obj
[25/913] Linking C static library esp-idf/esp_wifi/libesp_wifi.a
[26/913] Building C object esp-idf/wpa_supplicant/CMakeFiles/__idf_wpa_supplicant.dir/src/common/dragonfly.c.obj
[27/913] Building C object esp-idf/wpa_supplicant/CMakeFiles/__idf_wpa_supplicant.dir/port/eloop.c.obj
[28/913] Building C object esp-idf/wpa_supplicant/CMakeFiles/__idf_wpa_supplicant.dir/src/ap/ieee802_11.c.obj
[29/913] Building C object esp-idf/wpa_supplicant/CMakeFiles/__idf_wpa_supplicant.dir/src/utils/bitfield.c.obj
[30/913] Building C object esp-idf/wpa_supplicant/CMakeFiles/__idf_wpa_supplicant.dir/src/crypto/sha256-kdf.c.obj
[31/913] Building C object esp-idf/wpa_supplicant/CMakeFiles/__idf_wpa_supplicant.dir/src/crypto/aes-siv.c.obj
[32/913] Building C object esp-idf/wpa_supplicant/CMakeFiles/__idf_wpa_supplicant.dir/src/crypto/crypto_ops.c.obj
[33/913] Building C object esp-idf/wpa_supplicant/CMakeFiles/__idf_wpa_supplicant.dir/src/crypto/dh_group5.c.obj
[34/913] Building C object esp-idf/wpa_supplicant/CMakeFiles/__idf_wpa_supplicant.dir/src/crypto/ccmp.c.obj
[35/913] Building C object esp-idf/wpa_supplicant/CMakeFiles/__idf_wpa_supplicant.dir/src/crypto/dh_groups.c.obj
[36/913] Building C object esp-idf/wpa_supplicant/CMakeFiles/__idf_wpa_supplicant.dir/src/crypto/aes-gcm.c.obj
[37/913] Building C object esp-idf/wpa_supplicant/CMakeFiles/__idf_wpa_supplicant.dir/src/crypto/sha256-tlsprf.c.obj
[38/913] Building C object esp-idf/wpa_supplicant/CMakeFiles/__idf_wpa_supplicant.dir/src/crypto/sha384-tlsprf.c.obj
[39/913] Building C object esp-idf/wpa_supplicant/CMakeFiles/__idf_wpa_supplicant.dir/src/crypto/sha1-tlsprf.c.obj
[40/913] Building C object esp-idf/wpa_supplicant/CMakeFiles/__idf_wpa_supplicant.dir/src/common/wpa_common.c.obj
[41/913] Building C object esp-idf/wpa_supplicant/CMakeFiles/__idf_wpa_supplicant.dir/src/crypto/sha256-prf.c.obj
[42/913] Building C object esp-idf/wpa_supplicant/CMakeFiles/__idf_wpa_supplicant.dir/src/crypto/ms_funcs.c.obj
[43/913] Building C object esp-idf/wpa_supplicant/CMakeFiles/__idf_wpa_supplicant.dir/src/crypto/sha1-prf.c.obj
[44/913] Building C object esp-idf/wpa_supplicant/CMakeFiles/__idf_wpa_supplicant.dir/src/crypto/sha384-prf.c.obj
[45/913] Building C object esp-idf/wpa_supplicant/CMakeFiles/__idf_wpa_supplicant.dir/src/crypto/sha1-tprf.c.obj
[46/913] Building C object esp-idf/wpa_supplicant/CMakeFiles/__idf_wpa_supplicant.dir/src/crypto/md4-internal.c.obj
[47/913] Building C object esp-idf/wpa_supplicant/CMakeFiles/__idf_wpa_supplicant.dir/src/eap_common/eap_wsc_common.c.obj
[48/913] Building C object esp-idf/wpa_supplicant/CMakeFiles/__idf_wpa_supplicant.dir/src/eap_peer/chap.c.obj
[49/913] Building C object esp-idf/wpa_supplicant/CMakeFiles/__idf_wpa_supplicant.dir/src/ap/wpa_auth.c.obj
[50/913] Building C object esp-idf/wpa_supplicant/CMakeFiles/__idf_wpa_supplicant.dir/src/eap_peer/eap_common.c.obj
[51/913] Building C object esp-idf/wpa_supplicant/CMakeFiles/__idf_wpa_supplicant.dir/src/common/sae.c.obj
[52/913] Building C object esp-idf/wpa_supplicant/CMakeFiles/__idf_wpa_supplicant.dir/src/common/ieee802_11_common.c.obj
[53/913] Building C object esp-idf/wpa_supplicant/CMakeFiles/__idf_wpa_supplicant.dir/src/eap_peer/eap_mschapv2.c.obj
[54/913] Building C object esp-idf/wpa_supplicant/CMakeFiles/__idf_wpa_supplicant.dir/src/eap_peer/eap_peap_common.c.obj
[55/913] Building C object esp-idf/wpa_supplicant/CMakeFiles/__idf_wpa_supplicant.dir/src/eap_peer/eap.c.obj
[56/913] Building C object esp-idf/wpa_supplicant/CMakeFiles/__idf_wpa_supplicant.dir/src/eap_peer/eap_tls.c.obj
[57/913] Building C object esp-idf/wpa_supplicant/CMakeFiles/__idf_wpa_supplicant.dir/src/eap_peer/mschapv2.c.obj
[58/913] Building C object esp-idf/wpa_supplicant/CMakeFiles/__idf_wpa_supplicant.dir/src/eap_peer/eap_peap.c.obj
[59/913] Building C object esp-idf/wpa_supplicant/CMakeFiles/__idf_wpa_supplicant.dir/src/eap_peer/eap_fast_common.c.obj
[60/913] Building C object esp-idf/wpa_supplicant/CMakeFiles/__idf_wpa_supplicant.dir/src/rsn_supp/pmksa_cache.c.obj
[61/913] Building C object esp-idf/wpa_supplicant/CMakeFiles/__idf_wpa_supplicant.dir/src/eap_peer/eap_tls_common.c.obj
[62/913] Building C object esp-idf/wpa_supplicant/CMakeFiles/__idf_wpa_supplicant.dir/src/rsn_supp/wpa_ie.c.obj
[63/913] Building C object esp-idf/wpa_supplicant/CMakeFiles/__idf_wpa_supplicant.dir/src/utils/base64.c.obj
[64/913] Building C object esp-idf/wpa_supplicant/CMakeFiles/__idf_wpa_supplicant.dir/src/utils/ext_password.c.obj
[65/913] Building C object esp-idf/wpa_supplicant/CMakeFiles/__idf_wpa_supplicant.dir/src/eap_peer/eap_fast_pac.c.obj
[66/913] Building C object esp-idf/wpa_supplicant/CMakeFiles/__idf_wpa_supplicant.dir/src/utils/uuid.c.obj
[67/913] Building C object esp-idf/wpa_supplicant/CMakeFiles/__idf_wpa_supplicant.dir/src/utils/wpa_debug.c.obj
[68/913] Building C object esp-idf/wpa_supplicant/CMakeFiles/__idf_wpa_supplicant.dir/src/utils/wpabuf.c.obj
[69/913] Building C object esp-idf/wpa_supplicant/CMakeFiles/__idf_wpa_supplicant.dir/src/eap_peer/eap_ttls.c.obj
[70/913] Building C object esp-idf/wpa_supplicant/CMakeFiles/__idf_wpa_supplicant.dir/src/utils/common.c.obj
[71/913] Building C object esp-idf/wpa_supplicant/CMakeFiles/__idf_wpa_supplicant.dir/src/wps/wps_attr_process.c.obj
[72/913] Building C object esp-idf/wpa_supplicant/CMakeFiles/__idf_wpa_supplicant.dir/src/wps/wps_attr_parse.c.obj
[73/913] Building C object esp-idf/wpa_supplicant/CMakeFiles/__idf_wpa_supplicant.dir/src/wps/wps_attr_build.c.obj
[74/913] Building C object esp-idf/wpa_supplicant/CMakeFiles/__idf_wpa_supplicant.dir/src/wps/wps.c.obj
[75/913] Building C object esp-idf/wpa_supplicant/CMakeFiles/__idf_wpa_supplicant.dir/esp_supplicant/src/esp_wpa2_api_port.c.obj
[76/913] Building C object esp-idf/wpa_supplicant/CMakeFiles/__idf_wpa_supplicant.dir/src/utils/json.c.obj
[77/913] Building C object esp-idf/wpa_supplicant/CMakeFiles/__idf_wpa_supplicant.dir/src/wps/wps_dev_attr.c.obj
[78/913] Building C object esp-idf/wpa_supplicant/CMakeFiles/__idf_wpa_supplicant.dir/src/wps/wps_common.c.obj
[79/913] Building C object esp-idf/wpa_supplicant/CMakeFiles/__idf_wpa_supplicant.dir/esp_supplicant/src/esp_wpas_glue.c.obj
[80/913] Building C object esp-idf/wpa_supplicant/CMakeFiles/__idf_wpa_supplicant.dir/src/wps/wps_enrollee.c.obj
[81/913] Building C object esp-idf/wpa_supplicant/CMakeFiles/__idf_wpa_supplicant.dir/esp_supplicant/src/esp_common.c.obj
[82/913] Building C object esp-idf/wpa_supplicant/CMakeFiles/__idf_wpa_supplicant.dir/src/eap_peer/eap_fast.c.obj
[83/913] Building C object esp-idf/wpa_supplicant/CMakeFiles/__idf_wpa_supplicant.dir/src/common/sae_pk.c.obj
[84/913] Building C object esp-idf/wpa_supplicant/CMakeFiles/__idf_wpa_supplicant.dir/esp_supplicant/src/esp_wpa_main.c.obj
[85/913] Building C object esp-idf/wpa_supplicant/CMakeFiles/__idf_wpa_supplicant.dir/esp_supplicant/src/esp_owe.c.obj
[86/913] Building C object esp-idf/wpa_supplicant/CMakeFiles/__idf_wpa_supplicant.dir/esp_supplicant/src/esp_eap_client.c.obj
[87/913] Building C object esp-idf/wpa_supplicant/CMakeFiles/__idf_wpa_supplicant.dir/esp_supplicant/src/crypto/fastpsk.c.obj
[88/913] Building C object esp-idf/wpa_supplicant/CMakeFiles/__idf_wpa_supplicant.dir/src/rsn_supp/wpa.c.obj
[89/913] Building C object esp-idf/wpa_supplicant/CMakeFiles/__idf_wpa_supplicant.dir/esp_supplicant/src/esp_wpa3.c.obj
[90/913] Building C object esp-idf/wpa_supplicant/CMakeFiles/__idf_wpa_supplicant.dir/esp_supplicant/src/esp_hostap.c.obj
[91/913] Building C object esp-idf/wpa_supplicant/CMakeFiles/__idf_wpa_supplicant.dir/src/crypto/rc4.c.obj
[92/913] Building C object esp-idf/wpa_supplicant/CMakeFiles/__idf_wpa_supplicant.dir/esp_supplicant/src/crypto/crypto_mbedtls-rsa.c.obj
[93/913] Building C object esp-idf/wpa_supplicant/CMakeFiles/__idf_wpa_supplicant.dir/esp_supplicant/src/crypto/tls_mbedtls.c.obj
[94/913] Building C object esp-idf/wpa_supplicant/CMakeFiles/__idf_wpa_supplicant.dir/esp_supplicant/src/esp_wps.c.obj
[95/913] Building C object esp-idf/wpa_supplicant/CMakeFiles/__idf_wpa_supplicant.dir/esp_supplicant/src/crypto/crypto_mbedtls.c.obj
[96/913] Building C object esp-idf/wpa_supplicant/CMakeFiles/__idf_wpa_supplicant.dir/src/crypto/aes-unwrap.c.obj
[97/913] Linking C static library esp-idf/esp_coex/libesp_coex.a
[98/913] Building C object esp-idf/wpa_supplicant/CMakeFiles/__idf_wpa_supplicant.dir/src/crypto/aes-wrap.c.obj
[99/913] Building C object esp-idf/esp_phy/CMakeFiles/__idf_esp_phy.dir/src/lib_printf.c.obj
[100/913] Building C object esp-idf/esp_phy/CMakeFiles/__idf_esp_phy.dir/src/phy_override.c.obj
[101/913] Building C object esp-idf/wpa_supplicant/CMakeFiles/__idf_wpa_supplicant.dir/src/crypto/aes-ccm.c.obj
[102/913] Building C object esp-idf/wpa_supplicant/CMakeFiles/__idf_wpa_supplicant.dir/src/crypto/des-internal.c.obj
[103/913] Building C object esp-idf/wpa_supplicant/CMakeFiles/__idf_wpa_supplicant.dir/esp_supplicant/src/crypto/crypto_mbedtls-bignum.c.obj
[104/913] Building C object esp-idf/esp_phy/CMakeFiles/__idf_esp_phy.dir/esp32s3/phy_init_data.c.obj
[105/913] Building C object esp-idf/esp_phy/CMakeFiles/__idf_esp_phy.dir/src/phy_common.c.obj
[106/913] Building C object esp-idf/esp_phy/CMakeFiles/__idf_esp_phy.dir/src/btbb_init.c.obj
[107/913] Building C object esp-idf/esp_phy/CMakeFiles/__idf_esp_phy.dir/src/phy_init.c.obj
[108/913] Building CXX object esp-idf/nvs_flash/CMakeFiles/__idf_nvs_flash.dir/src/nvs_partition.cpp.obj
[109/913] Building CXX object esp-idf/nvs_flash/CMakeFiles/__idf_nvs_flash.dir/src/nvs_partition_lookup.cpp.obj
[110/913] Building C object esp-idf/wpa_supplicant/CMakeFiles/__idf_wpa_supplicant.dir/esp_supplicant/src/crypto/crypto_mbedtls-ec.c.obj
[111/913] Building CXX object esp-idf/nvs_flash/CMakeFiles/__idf_nvs_flash.dir/src/nvs_platform.cpp.obj
[112/913] Building C object esp-idf/nvs_flash/CMakeFiles/__idf_nvs_flash.dir/src/nvs_bootloader.c.obj
[113/913] Linking C static library esp-idf/wpa_supplicant/libwpa_supplicant.a
[114/913] Building CXX object esp-idf/nvs_flash/CMakeFiles/__idf_nvs_flash.dir/src/nvs_cxx_api.cpp.obj
[115/913] Building CXX object esp-idf/nvs_flash/CMakeFiles/__idf_nvs_flash.dir/src/nvs_handle_simple.cpp.obj
[116/913] Building CXX object esp-idf/nvs_flash/CMakeFiles/__idf_nvs_flash.dir/src/nvs_item_hash_list.cpp.obj
[117/913] Building CXX object esp-idf/nvs_flash/CMakeFiles/__idf_nvs_flash.dir/src/nvs_handle_locked.cpp.obj
[118/913] Building CXX object esp-idf/nvs_flash/CMakeFiles/__idf_nvs_flash.dir/src/nvs_pagemanager.cpp.obj
[119/913] Building C object esp-idf/nvs_flash/CMakeFiles/__idf_nvs_flash.dir/src/nvs_bootloader_aes.c.obj
[120/913] Building CXX object esp-idf/nvs_flash/CMakeFiles/__idf_nvs_flash.dir/src/nvs_partition_manager.cpp.obj
[121/913] Building C object esp-idf/nvs_flash/CMakeFiles/__idf_nvs_flash.dir/src/nvs_bootloader_xts_aes.c.obj
[122/913] Linking C static library esp-idf/esp_phy/libesp_phy.a
[123/913] Building C object esp-idf/esp_netif/CMakeFiles/__idf_esp_netif.dir/esp_netif_defaults.c.obj
[124/913] Building CXX object esp-idf/nvs_flash/CMakeFiles/__idf_nvs_flash.dir/src/nvs_types.cpp.obj
[125/913] Building C object esp-idf/esp_netif/CMakeFiles/__idf_esp_netif.dir/esp_netif_handlers.c.obj
[126/913] Building C object esp-idf/nvs_sec_provider/CMakeFiles/__idf_nvs_sec_provider.dir/nvs_sec_provider.c.obj
[127/913] Building C object esp-idf/esp_netif/CMakeFiles/__idf_esp_netif.dir/esp_netif_objects.c.obj
[128/913] Building CXX object esp-idf/nvs_flash/CMakeFiles/__idf_nvs_flash.dir/src/nvs_page.cpp.obj
[129/913] Building CXX object esp-idf/nvs_flash/CMakeFiles/__idf_nvs_flash.dir/src/nvs_api.cpp.obj
[130/913] Building C object esp-idf/esp_netif/CMakeFiles/__idf_esp_netif.dir/lwip/esp_netif_lwip_defaults.c.obj
[131/913] Building C object esp-idf/esp_netif/CMakeFiles/__idf_esp_netif.dir/lwip/netif/esp_pbuf_ref.c.obj
[132/913] Building CXX object esp-idf/nvs_flash/CMakeFiles/__idf_nvs_flash.dir/src/nvs_storage.cpp.obj
[133/913] Building C object esp-idf/esp_netif/CMakeFiles/__idf_esp_netif.dir/lwip/netif/ethernetif.c.obj
[134/913] Building C object esp-idf/esp_netif/CMakeFiles/__idf_esp_netif.dir/lwip/esp_netif_sntp.c.obj
[135/913] Building C object esp-idf/esp_netif/CMakeFiles/__idf_esp_netif.dir/lwip/netif/wlanif.c.obj
[136/913] Building C object esp-idf/lwip/CMakeFiles/__idf_lwip.dir/apps/sntp/sntp.c.obj
[137/913] Building C object esp-idf/lwip/CMakeFiles/__idf_lwip.dir/lwip/src/api/err.c.obj
[138/913] Building C object esp-idf/lwip/CMakeFiles/__idf_lwip.dir/lwip/src/api/if_api.c.obj
[139/913] Building C object esp-idf/lwip/CMakeFiles/__idf_lwip.dir/lwip/src/api/api_lib.c.obj
[140/913] Building C object esp-idf/lwip/CMakeFiles/__idf_lwip.dir/lwip/src/api/netbuf.c.obj
[141/913] Building C object esp-idf/lwip/CMakeFiles/__idf_lwip.dir/lwip/src/api/netifapi.c.obj
[142/913] Building C object esp-idf/lwip/CMakeFiles/__idf_lwip.dir/lwip/src/api/netdb.c.obj
[143/913] Building C object esp-idf/lwip/CMakeFiles/__idf_lwip.dir/lwip/src/api/tcpip.c.obj
[144/913] Building C object esp-idf/lwip/CMakeFiles/__idf_lwip.dir/lwip/src/apps/sntp/sntp.c.obj
[145/913] Building CXX object esp-idf/nvs_flash/CMakeFiles/__idf_nvs_flash.dir/src/nvs_encrypted_partition.cpp.obj
[146/913] Building C object esp-idf/lwip/CMakeFiles/__idf_lwip.dir/lwip/src/apps/netbiosns/netbiosns.c.obj
[147/913] Building C object esp-idf/lwip/CMakeFiles/__idf_lwip.dir/lwip/src/core/def.c.obj
[148/913] Building C object esp-idf/lwip/CMakeFiles/__idf_lwip.dir/lwip/src/core/init.c.obj
[149/913] Building C object esp-idf/lwip/CMakeFiles/__idf_lwip.dir/lwip/src/core/inet_chksum.c.obj
[150/913] Building C object esp-idf/lwip/CMakeFiles/__idf_lwip.dir/lwip/src/api/api_msg.c.obj
[151/913] Building C object esp-idf/lwip/CMakeFiles/__idf_lwip.dir/lwip/src/core/ip.c.obj
[152/913] Building C object esp-idf/lwip/CMakeFiles/__idf_lwip.dir/lwip/src/core/mem.c.obj
[153/913] Building C object esp-idf/lwip/CMakeFiles/__idf_lwip.dir/lwip/src/core/memp.c.obj
[154/913] Linking C static library esp-idf/nvs_flash/libnvs_flash.a
[155/913] Building C object esp-idf/lwip/CMakeFiles/__idf_lwip.dir/lwip/src/core/dns.c.obj
[156/913] Building C object esp-idf/lwip/CMakeFiles/__idf_lwip.dir/lwip/src/core/sys.c.obj
[157/913] Building C object esp-idf/lwip/CMakeFiles/__idf_lwip.dir/lwip/src/core/stats.c.obj
[158/913] Linking C static library esp-idf/nvs_sec_provider/libnvs_sec_provider.a
[159/913] Building C object esp-idf/lwip/CMakeFiles/__idf_lwip.dir/lwip/src/core/ipv4/autoip.c.obj
[160/913] Building C object esp-idf/lwip/CMakeFiles/__idf_lwip.dir/lwip/src/core/timeouts.c.obj
[161/913] Building C object esp-idf/esp_netif/CMakeFiles/__idf_esp_netif.dir/lwip/esp_netif_lwip.c.obj
[162/913] Building C object esp-idf/lwip/CMakeFiles/__idf_lwip.dir/lwip/src/core/raw.c.obj
[163/913] Building C object esp-idf/lwip/CMakeFiles/__idf_lwip.dir/lwip/src/core/pbuf.c.obj
[164/913] Building C object esp-idf/lwip/CMakeFiles/__idf_lwip.dir/lwip/src/core/netif.c.obj
[165/913] Building C object esp-idf/lwip/CMakeFiles/__idf_lwip.dir/lwip/src/core/ipv4/icmp.c.obj
[166/913] Building C object esp-idf/lwip/CMakeFiles/__idf_lwip.dir/lwip/src/core/tcp_out.c.obj
[167/913] Building C object esp-idf/lwip/CMakeFiles/__idf_lwip.dir/lwip/src/core/udp.c.obj
[168/913] Building C object esp-idf/lwip/CMakeFiles/__idf_lwip.dir/lwip/src/core/ipv4/ip4_napt.c.obj
[169/913] Building C object esp-idf/lwip/CMakeFiles/__idf_lwip.dir/lwip/src/core/ipv4/etharp.c.obj
[170/913] Building C object esp-idf/lwip/CMakeFiles/__idf_lwip.dir/lwip/src/core/ipv4/igmp.c.obj
[171/913] Building C object esp-idf/lwip/CMakeFiles/__idf_lwip.dir/lwip/src/core/ipv4/ip4.c.obj
[172/913] Building C object esp-idf/lwip/CMakeFiles/__idf_lwip.dir/lwip/src/core/ipv4/ip4_frag.c.obj
[173/913] Building C object esp-idf/lwip/CMakeFiles/__idf_lwip.dir/lwip/src/api/sockets.c.obj
[174/913] Building C object esp-idf/lwip/CMakeFiles/__idf_lwip.dir/lwip/src/core/ipv4/ip4_addr.c.obj
[175/913] Building C object esp-idf/lwip/CMakeFiles/__idf_lwip.dir/lwip/src/core/tcp.c.obj
[176/913] Building C object esp-idf/lwip/CMakeFiles/__idf_lwip.dir/lwip/src/core/tcp_in.c.obj
[177/913] Building C object esp-idf/lwip/CMakeFiles/__idf_lwip.dir/lwip/src/core/ipv6/inet6.c.obj
[178/913] Building C object esp-idf/lwip/CMakeFiles/__idf_lwip.dir/lwip/src/core/ipv6/dhcp6.c.obj
[179/913] Building C object esp-idf/lwip/CMakeFiles/__idf_lwip.dir/lwip/src/core/ipv6/ethip6.c.obj
[180/913] Building C object esp-idf/lwip/CMakeFiles/__idf_lwip.dir/lwip/src/core/ipv4/dhcp.c.obj
[181/913] Building C object esp-idf/lwip/CMakeFiles/__idf_lwip.dir/lwip/src/core/ipv6/icmp6.c.obj
[182/913] Building C object esp-idf/lwip/CMakeFiles/__idf_lwip.dir/lwip/src/netif/bridgeif.c.obj
[183/913] Building C object esp-idf/lwip/CMakeFiles/__idf_lwip.dir/lwip/src/netif/ethernet.c.obj
[184/913] Building C object esp-idf/lwip/CMakeFiles/__idf_lwip.dir/lwip/src/core/ipv6/ip6_frag.c.obj
[185/913] Building C object esp-idf/lwip/CMakeFiles/__idf_lwip.dir/lwip/src/netif/ppp/auth.c.obj
[186/913] Building C object esp-idf/lwip/CMakeFiles/__idf_lwip.dir/lwip/src/netif/ppp/ccp.c.obj
[187/913] Building C object esp-idf/lwip/CMakeFiles/__idf_lwip.dir/lwip/src/core/ipv6/ip6_addr.c.obj
[188/913] Building C object esp-idf/lwip/CMakeFiles/__idf_lwip.dir/lwip/src/netif/bridgeif_fdb.c.obj
[189/913] Building C object esp-idf/lwip/CMakeFiles/__idf_lwip.dir/lwip/src/netif/slipif.c.obj
[190/913] Building C object esp-idf/lwip/CMakeFiles/__idf_lwip.dir/lwip/src/core/ipv6/mld6.c.obj
[191/913] Building C object esp-idf/lwip/CMakeFiles/__idf_lwip.dir/lwip/src/netif/ppp/chap-md5.c.obj
[192/913] Building C object esp-idf/lwip/CMakeFiles/__idf_lwip.dir/lwip/src/netif/ppp/chap-new.c.obj
[193/913] Building C object esp-idf/lwip/CMakeFiles/__idf_lwip.dir/lwip/src/netif/ppp/chap_ms.c.obj
[194/913] Building C object esp-idf/lwip/CMakeFiles/__idf_lwip.dir/lwip/src/netif/ppp/eap.c.obj
[195/913] Building C object esp-idf/lwip/CMakeFiles/__idf_lwip.dir/lwip/src/netif/ppp/demand.c.obj
[196/913] Building C object esp-idf/lwip/CMakeFiles/__idf_lwip.dir/lwip/src/netif/ppp/eui64.c.obj
[197/913] Building C object esp-idf/lwip/CMakeFiles/__idf_lwip.dir/lwip/src/netif/ppp/ecp.c.obj
[198/913] Building C object esp-idf/lwip/CMakeFiles/__idf_lwip.dir/lwip/src/netif/ppp/fsm.c.obj
[199/913] Building C object esp-idf/lwip/CMakeFiles/__idf_lwip.dir/lwip/src/netif/ppp/ipv6cp.c.obj
[200/913] Building C object esp-idf/lwip/CMakeFiles/__idf_lwip.dir/lwip/src/netif/ppp/ipcp.c.obj
[201/913] Building C object esp-idf/lwip/CMakeFiles/__idf_lwip.dir/lwip/src/netif/ppp/lcp.c.obj
[202/913] Building C object esp-idf/lwip/CMakeFiles/__idf_lwip.dir/lwip/src/core/ipv6/ip6.c.obj
[203/913] Building C object esp-idf/lwip/CMakeFiles/__idf_lwip.dir/lwip/src/netif/ppp/multilink.c.obj
[204/913] Building C object esp-idf/lwip/CMakeFiles/__idf_lwip.dir/lwip/src/netif/ppp/magic.c.obj
[205/913] Building C object esp-idf/lwip/CMakeFiles/__idf_lwip.dir/lwip/src/netif/ppp/mppe.c.obj
[206/913] Building C object esp-idf/lwip/CMakeFiles/__idf_lwip.dir/lwip/src/netif/ppp/ppp.c.obj
[207/913] Building C object esp-idf/lwip/CMakeFiles/__idf_lwip.dir/lwip/src/netif/ppp/pppapi.c.obj
[208/913] Building C object esp-idf/lwip/CMakeFiles/__idf_lwip.dir/lwip/src/netif/ppp/pppcrypt.c.obj
[209/913] Building C object esp-idf/lwip/CMakeFiles/__idf_lwip.dir/lwip/src/netif/ppp/pppoe.c.obj
[210/913] Building C object esp-idf/lwip/CMakeFiles/__idf_lwip.dir/lwip/src/netif/ppp/pppos.c.obj
[211/913] Building C object esp-idf/lwip/CMakeFiles/__idf_lwip.dir/lwip/src/netif/ppp/pppol2tp.c.obj
[212/913] Building C object esp-idf/lwip/CMakeFiles/__idf_lwip.dir/lwip/src/netif/ppp/upap.c.obj
[213/913] Building C object esp-idf/lwip/CMakeFiles/__idf_lwip.dir/lwip/src/netif/ppp/utils.c.obj
[214/913] Building C object esp-idf/lwip/CMakeFiles/__idf_lwip.dir/lwip/src/netif/ppp/vj.c.obj
[215/913] Building C object esp-idf/lwip/CMakeFiles/__idf_lwip.dir/port/hooks/tcp_isn_default.c.obj
[216/913] Building C object esp-idf/lwip/CMakeFiles/__idf_lwip.dir/port/hooks/lwip_default_hooks.c.obj
[217/913] Building C object esp-idf/lwip/CMakeFiles/__idf_lwip.dir/port/debug/lwip_debug.c.obj
[218/913] Building C object esp-idf/lwip/CMakeFiles/__idf_lwip.dir/port/sockets_ext.c.obj
[219/913] Building C object esp-idf/lwip/CMakeFiles/__idf_lwip.dir/port/if_index.c.obj
[220/913] Building C object esp-idf/lwip/CMakeFiles/__idf_lwip.dir/port/acd_dhcp_check.c.obj
[221/913] Building C object esp-idf/lwip/CMakeFiles/__idf_lwip.dir/lwip/src/netif/ppp/polarssl/arc4.c.obj
[222/913] Building C object esp-idf/lwip/CMakeFiles/__idf_lwip.dir/port/freertos/sys_arch.c.obj
[223/913] Building C object esp-idf/lwip/CMakeFiles/__idf_lwip.dir/port/esp32xx/vfs_lwip.c.obj
[224/913] Building C object esp-idf/lwip/CMakeFiles/__idf_lwip.dir/lwip/src/netif/ppp/polarssl/des.c.obj
[225/913] Building C object esp-idf/lwip/CMakeFiles/__idf_lwip.dir/lwip/src/netif/ppp/polarssl/md4.c.obj
[226/913] Building C object esp-idf/lwip/CMakeFiles/__idf_lwip.dir/lwip/src/core/ipv6/nd6.c.obj
[227/913] Building C object esp-idf/lwip/CMakeFiles/__idf_lwip.dir/lwip/src/netif/ppp/polarssl/md5.c.obj
[228/913] Building C object esp-idf/lwip/CMakeFiles/__idf_lwip.dir/apps/ping/ping_sock.c.obj
[229/913] Building C object esp-idf/lwip/CMakeFiles/__idf_lwip.dir/lwip/src/netif/ppp/polarssl/sha1.c.obj
[230/913] Linking C static library esp-idf/esp_netif/libesp_netif.a
[231/913] Building C object esp-idf/esp_driver_usb_serial_jtag/CMakeFiles/__idf_esp_driver_usb_serial_jtag.dir/src/usb_serial_jtag_connection_monitor.c.obj
[232/913] Building C object esp-idf/vfs/CMakeFiles/__idf_vfs.dir/nullfs.c.obj
[233/913] Building C object esp-idf/vfs/CMakeFiles/__idf_vfs.dir/vfs_eventfd.c.obj
[234/913] Building C object esp-idf/esp_driver_uart/CMakeFiles/__idf_esp_driver_uart.dir/src/uart_wakeup.c.obj
[235/913] Building C object esp-idf/esp_driver_usb_serial_jtag/CMakeFiles/__idf_esp_driver_usb_serial_jtag.dir/src/usb_serial_jtag.c.obj
[236/913] Building C object esp-idf/vfs/CMakeFiles/__idf_vfs.dir/vfs.c.obj
[237/913] Building C object esp-idf/esp_driver_usb_serial_jtag/CMakeFiles/__idf_esp_driver_usb_serial_jtag.dir/src/usb_serial_jtag_vfs.c.obj
[238/913] Building C object esp-idf/esp_event/CMakeFiles/__idf_esp_event.dir/default_event_loop.c.obj
[239/913] Building C object esp-idf/lwip/CMakeFiles/__idf_lwip.dir/apps/dhcpserver/dhcpserver.c.obj
[240/913] Building C object esp-idf/esp_psram/CMakeFiles/__idf_esp_psram.dir/system_layer/esp_psram_mspi.c.obj
[241/913] Building C object esp-idf/esp_event/CMakeFiles/__idf_esp_event.dir/esp_event_private.c.obj
[242/913] Building C object esp-idf/vfs/CMakeFiles/__idf_vfs.dir/vfs_semihost.c.obj
[243/913] Building C object esp-idf/vfs/CMakeFiles/__idf_vfs.dir/vfs_calls.c.obj
[244/913] Building C object esp-idf/esp_driver_uart/CMakeFiles/__idf_esp_driver_uart.dir/src/uhci.c.obj
[245/913] Building C object esp-idf/esp_psram/CMakeFiles/__idf_esp_psram.dir/xip_impl/mmu_psram_flash.c.obj
[246/913] Building C object esp-idf/esp_driver_uart/CMakeFiles/__idf_esp_driver_uart.dir/src/uart_vfs.c.obj
[247/913] Building CXX object esp-idf/cxx/CMakeFiles/__idf_cxx.dir/cxx_init.cpp.obj
[248/913] Building C object esp-idf/esp_psram/CMakeFiles/__idf_esp_psram.dir/system_layer/esp_psram.c.obj
[249/913] Building CXX object esp-idf/cxx/CMakeFiles/__idf_cxx.dir/cxx_exception_stubs.cpp.obj
[250/913] Building C object esp-idf/esp_psram/CMakeFiles/__idf_esp_psram.dir/esp32s3/esp_psram_impl_octal.c.obj
[251/913] Building C object esp-idf/esp_event/CMakeFiles/__idf_esp_event.dir/esp_event.c.obj
[252/913] Building C object esp-idf/esp_libc/CMakeFiles/__idf_esp_libc.dir/src/init.c.obj
[253/913] Building C object esp-idf/esp_libc/CMakeFiles/__idf_esp_libc.dir/src/abort.c.obj
[254/913] Building C object esp-idf/pthread/CMakeFiles/__idf_pthread.dir/pthread_semaphore.c.obj
[255/913] Building C object esp-idf/pthread/CMakeFiles/__idf_pthread.dir/pthread_cond_var.c.obj
[256/913] Building C object esp-idf/pthread/CMakeFiles/__idf_pthread.dir/pthread_local_storage.c.obj
[257/913] Building C object esp-idf/pthread/CMakeFiles/__idf_pthread.dir/pthread_rwlock.c.obj
[258/913] Building C object esp-idf/esp_libc/CMakeFiles/__idf_esp_libc.dir/src/assert.c.obj
[259/913] Linking C static library esp-idf/lwip/liblwip.a
[260/913] Building C object esp-idf/esp_libc/CMakeFiles/__idf_esp_libc.dir/src/heap.c.obj
[261/913] Building C object esp-idf/esp_libc/CMakeFiles/__idf_esp_libc.dir/src/poll.c.obj
[262/913] Building C object esp-idf/pthread/CMakeFiles/__idf_pthread.dir/pthread.c.obj
[263/913] Building C object esp-idf/esp_libc/CMakeFiles/__idf_esp_libc.dir/src/pthread.c.obj
[264/913] Building C object esp-idf/esp_libc/CMakeFiles/__idf_esp_libc.dir/src/getentropy.c.obj
[265/913] Building C object esp-idf/esp_libc/CMakeFiles/__idf_esp_libc.dir/src/termios.c.obj
[266/913] Building C object esp-idf/esp_libc/CMakeFiles/__idf_esp_libc.dir/src/random.c.obj
[267/913] Building CXX object esp-idf/cxx/CMakeFiles/__idf_cxx.dir/cxx_guards.cpp.obj
[268/913] Linking C static library esp-idf/vfs/libvfs.a
[269/913] Building C object esp-idf/esp_libc/CMakeFiles/__idf_esp_libc.dir/src/locks.c.obj
[270/913] Building C object esp-idf/esp_ringbuf/CMakeFiles/__idf_esp_ringbuf.dir/ringbuf.c.obj
[271/913] Building C object esp-idf/esp_libc/CMakeFiles/__idf_esp_libc.dir/src/realpath.c.obj
[272/913] Building C object esp-idf/esp_libc/CMakeFiles/__idf_esp_libc.dir/src/reent_syscalls.c.obj
[273/913] Building C object esp-idf/esp_libc/CMakeFiles/__idf_esp_libc.dir/src/sysconf.c.obj
[274/913] Building C object esp-idf/esp_libc/CMakeFiles/__idf_esp_libc.dir/src/scandir.c.obj
[275/913] Building C object esp-idf/esp_libc/CMakeFiles/__idf_esp_libc.dir/src/time.c.obj
[276/913] Building C object esp-idf/esp_libc/CMakeFiles/__idf_esp_libc.dir/src/port/esp_time_impl.c.obj
[277/913] Building C object esp-idf/esp_libc/CMakeFiles/__idf_esp_libc.dir/src/syscalls.c.obj
[278/913] Linking C static library esp-idf/esp_driver_usb_serial_jtag/libesp_driver_usb_serial_jtag.a
[279/913] Building C object esp-idf/esp_libc/CMakeFiles/__idf_esp_libc.dir/src/picolibc/rand.c.obj
[280/913] Building C object esp-idf/esp_libc/CMakeFiles/__idf_esp_libc.dir/src/picolibc/errno.c.obj
[281/913] Building C object esp-idf/esp_libc/CMakeFiles/__idf_esp_libc.dir/src/picolibc/picolibc_init.c.obj
[282/913] Building C object esp-idf/esp_libc/CMakeFiles/__idf_esp_libc.dir/src/picolibc/open_memstream.c.obj
[283/913] Building C object esp-idf/esp_libc/CMakeFiles/__idf_esp_libc.dir/src/picolibc/bufio_setvbuf.c.obj
[284/913] Building C object esp-idf/esp_libc/CMakeFiles/__idf_esp_libc.dir/src/port/xtensa/stdatomic_s32c1i.c.obj
[285/913] Building C object esp-idf/esp_libc/CMakeFiles/__idf_esp_libc.dir/src/picolibc/getreent.c.obj
[286/913] Building C object esp-idf/esp_libc/CMakeFiles/__idf_esp_libc.dir/src/picolibc/fopencookie.c.obj
[287/913] Building C object esp-idf/freertos/CMakeFiles/__idf_freertos.dir/heap_idf.c.obj
[288/913] Building C object esp-idf/freertos/CMakeFiles/__idf_freertos.dir/app_startup.c.obj
[289/913] Building C object esp-idf/freertos/CMakeFiles/__idf_freertos.dir/port_common.c.obj
[290/913] Building C object esp-idf/freertos/CMakeFiles/__idf_freertos.dir/port_systick.c.obj
[291/913] Building C object esp-idf/freertos/CMakeFiles/__idf_freertos.dir/FreeRTOS-Kernel/list.c.obj
[292/913] Building ASM object esp-idf/freertos/CMakeFiles/__idf_freertos.dir/FreeRTOS-Kernel/portable/xtensa/portasm.S.obj
[293/913] Building C object esp-idf/freertos/CMakeFiles/__idf_freertos.dir/FreeRTOS-Kernel/portable/xtensa/xtensa_init.c.obj
[294/913] Building C object esp-idf/freertos/CMakeFiles/__idf_freertos.dir/FreeRTOS-Kernel/timers.c.obj
[295/913] Building C object esp-idf/freertos/CMakeFiles/__idf_freertos.dir/FreeRTOS-Kernel/event_groups.c.obj
[296/913] Building C object esp-idf/freertos/CMakeFiles/__idf_freertos.dir/esp_additions/idf_additions_event_groups.c.obj
[297/913] Building C object esp-idf/freertos/CMakeFiles/__idf_freertos.dir/FreeRTOS-Kernel/portable/xtensa/xtensa_overlay_os_hook.c.obj
[298/913] Building C object esp-idf/esp_driver_uart/CMakeFiles/__idf_esp_driver_uart.dir/src/uart.c.obj
[299/913] Building C object esp-idf/freertos/CMakeFiles/__idf_freertos.dir/FreeRTOS-Kernel/portable/xtensa/port.c.obj
[300/913] Building C object esp-idf/esp_hw_support/CMakeFiles/__idf_esp_hw_support.dir/cpu.c.obj
[301/913] Building C object esp-idf/freertos/CMakeFiles/__idf_freertos.dir/esp_additions/idf_additions.c.obj
[302/913] Building C object esp-idf/freertos/CMakeFiles/__idf_freertos.dir/FreeRTOS-Kernel/queue.c.obj
[303/913] Building C object esp-idf/esp_hw_support/CMakeFiles/__idf_esp_hw_support.dir/port/esp32s3/cpu_region_protect.c.obj
[304/913] Building C object esp-idf/esp_hw_support/CMakeFiles/__idf_esp_hw_support.dir/port/esp32s3/esp_cpu_intr.c.obj
[305/913] Building C object esp-idf/esp_hw_support/CMakeFiles/__idf_esp_hw_support.dir/esp_memory_utils.c.obj
[306/913] Building C object esp-idf/freertos/CMakeFiles/__idf_freertos.dir/FreeRTOS-Kernel/stream_buffer.c.obj
[307/913] Linking C static library esp-idf/esp_driver_uart/libesp_driver_uart.a
[308/913] Building C object esp-idf/esp_hw_support/CMakeFiles/__idf_esp_hw_support.dir/clk_ctrl_os.c.obj
[309/913] Building C object esp-idf/esp_libc/CMakeFiles/__idf_esp_libc.dir/src/stdatomic.c.obj
[310/913] Building C object esp-idf/esp_hw_support/CMakeFiles/__idf_esp_hw_support.dir/revision.c.obj
[311/913] Building C object esp-idf/esp_hw_support/CMakeFiles/__idf_esp_hw_support.dir/esp_clk.c.obj
[312/913] Building C object esp-idf/esp_hw_support/CMakeFiles/__idf_esp_hw_support.dir/hw_random.c.obj
[313/913] Building C object esp-idf/esp_hw_support/CMakeFiles/__idf_esp_hw_support.dir/esp_gpio_reserve.c.obj
[314/913] Building C object esp-idf/esp_hw_support/CMakeFiles/__idf_esp_hw_support.dir/mac_addr.c.obj
[315/913] Linking C static library esp-idf/esp_event/libesp_event.a
[316/913] Building C object esp-idf/esp_hw_support/CMakeFiles/__idf_esp_hw_support.dir/regi2c_ctrl.c.obj
[317/913] Building C object esp-idf/esp_hw_support/CMakeFiles/__idf_esp_hw_support.dir/rtc_module.c.obj
[318/913] Building C object esp-idf/esp_hw_support/CMakeFiles/__idf_esp_hw_support.dir/periph_ctrl.c.obj
[319/913] Building C object esp-idf/esp_hw_support/CMakeFiles/__idf_esp_hw_support.dir/sar_tsens_ctrl.c.obj
[320/913] Building C object esp-idf/esp_hw_support/CMakeFiles/__idf_esp_hw_support.dir/port/esp32s3/io_mux.c.obj
[321/913] Building C object esp-idf/esp_hw_support/CMakeFiles/__idf_esp_hw_support.dir/clk_utils.c.obj
[322/913] Building C object esp-idf/esp_hw_support/CMakeFiles/__idf_esp_hw_support.dir/port/esp32s3/esp_clk_tree.c.obj
[323/913] Building C object esp-idf/esp_hw_support/CMakeFiles/__idf_esp_hw_support.dir/heap_align_hw.c.obj
[324/913] Linking C static library esp-idf/esp_psram/libesp_psram.a
[325/913] Building C object esp-idf/esp_hw_support/CMakeFiles/__idf_esp_hw_support.dir/spi_bus_lock.c.obj
[326/913] Building C object esp-idf/esp_hw_support/CMakeFiles/__idf_esp_hw_support.dir/intr_alloc.c.obj
[327/913] Building C object esp-idf/esp_hw_support/CMakeFiles/__idf_esp_hw_support.dir/port/esp_clk_tree_common.c.obj
[328/913] Building C object esp-idf/esp_hw_support/CMakeFiles/__idf_esp_hw_support.dir/spi_share_hw_ctrl.c.obj
[329/913] Building C object esp-idf/esp_hw_support/CMakeFiles/__idf_esp_hw_support.dir/sleep_modem.c.obj
[330/913] Linking C static library esp-idf/esp_ringbuf/libesp_ringbuf.a
[331/913] Building C object esp-idf/esp_hw_support/CMakeFiles/__idf_esp_hw_support.dir/sleep_mspi.c.obj
[332/913] Building C object esp-idf/esp_hw_support/CMakeFiles/__idf_esp_hw_support.dir/sleep_console.c.obj
[333/913] Building C object esp-idf/esp_hw_support/CMakeFiles/__idf_esp_hw_support.dir/sleep_uart.c.obj
[334/913] Building C object esp-idf/esp_hw_support/CMakeFiles/__idf_esp_hw_support.dir/usb_phy/usb_phy.c.obj
[335/913] Building C object esp-idf/esp_hw_support/CMakeFiles/__idf_esp_hw_support.dir/sleep_usb.c.obj
[336/913] Building C object esp-idf/esp_hw_support/CMakeFiles/__idf_esp_hw_support.dir/adc_share_hw_ctrl.c.obj
[337/913] Building C object esp-idf/esp_hw_support/CMakeFiles/__idf_esp_hw_support.dir/port/esp32s3/systimer.c.obj
[338/913] Linking C static library esp-idf/cxx/libcxx.a
[339/913] Building C object esp-idf/esp_hw_support/CMakeFiles/__idf_esp_hw_support.dir/sleep_event.c.obj
[340/913] Building C object esp-idf/esp_hw_support/CMakeFiles/__idf_esp_hw_support.dir/sleep_gpio.c.obj
[341/913] Linking C static library esp-idf/pthread/libpthread.a
[342/913] Building C object esp-idf/esp_hw_support/CMakeFiles/__idf_esp_hw_support.dir/mspi_timing_tuning/mspi_timing_tuning.c.obj
[343/913] Building C object esp-idf/esp_hw_support/CMakeFiles/__idf_esp_hw_support.dir/esp_clock_output.c.obj
[344/913] Building C object esp-idf/freertos/CMakeFiles/__idf_freertos.dir/FreeRTOS-Kernel/tasks.c.obj
[345/913] Building C object esp-idf/esp_hw_support/CMakeFiles/__idf_esp_hw_support.dir/port/esp32s3/rtc_clk_init.c.obj
[346/913] Building C object esp-idf/esp_hw_support/CMakeFiles/__idf_esp_hw_support.dir/sleep_wake_stub.c.obj
[347/913] Building C object esp-idf/esp_hw_support/CMakeFiles/__idf_esp_hw_support.dir/power_supply/brownout.c.obj
[348/913] Building C object esp-idf/esp_hw_support/CMakeFiles/__idf_esp_hw_support.dir/port/esp32s3/rtc_sleep.c.obj
[349/913] Building C object esp-idf/esp_hw_support/CMakeFiles/__idf_esp_hw_support.dir/port/esp32s3/chip_info.c.obj
[350/913] Building C object esp-idf/esp_hw_support/CMakeFiles/__idf_esp_hw_support.dir/port/esp32s3/rtc_clk.c.obj
[351/913] Building C object esp-idf/esp_hw_support/CMakeFiles/__idf_esp_hw_support.dir/port/esp_memprot_conv.c.obj
[352/913] Building C object esp-idf/esp_hw_support/CMakeFiles/__idf_esp_hw_support.dir/mspi_timing_tuning/port/esp32s3/mspi_timing_config.c.obj
[353/913] Building C object esp-idf/esp_hw_support/CMakeFiles/__idf_esp_hw_support.dir/port/esp32s3/rtc_init.c.obj
[354/913] Linking C static library esp-idf/esp_libc/libesp_libc.a
[355/913] Building C object esp-idf/esp_hw_support/CMakeFiles/__idf_esp_hw_support.dir/port/esp32s3/rtc_time.c.obj
[356/913] Building C object esp-idf/esp_hw_support/CMakeFiles/__idf_esp_hw_support.dir/port/esp32s3/sar_periph_ctrl.c.obj
[357/913] Building C object esp-idf/esp_hal_i2s/CMakeFiles/__idf_esp_hal_i2s.dir/esp32s3/i2s_periph.c.obj
[358/913] Building C object esp-idf/esp_hw_support/CMakeFiles/__idf_esp_hw_support.dir/lowpower/port/esp32s3/sleep_cpu.c.obj
[359/913] Building C object esp-idf/esp_hal_touch_sens/CMakeFiles/__idf_esp_hal_touch_sens.dir/esp32s3/touch_sensor_periph.c.obj
[360/913] Building C object esp-idf/esp_hal_touch_sens/CMakeFiles/__idf_esp_hal_touch_sens.dir/touch_sensor_legacy_hal.c.obj
[361/913] Building C object esp-idf/esp_hal_touch_sens/CMakeFiles/__idf_esp_hal_touch_sens.dir/touch_sens_hal.c.obj
[362/913] Building C object esp-idf/esp_hal_touch_sens/CMakeFiles/__idf_esp_hal_touch_sens.dir/esp32s3/touch_sensor_legacy_hal.c.obj
[363/913] Building C object esp-idf/esp_hal_pmu/CMakeFiles/__idf_esp_hal_pmu.dir/brownout_hal.c.obj
[364/913] Building C object esp-idf/esp_hw_support/CMakeFiles/__idf_esp_hw_support.dir/mspi_timing_tuning/port/esp32s3/mspi_timing_by_mspi_delay.c.obj
[365/913] Building C object esp-idf/esp_hal_i2s/CMakeFiles/__idf_esp_hal_i2s.dir/i2s_hal.c.obj
[366/913] Linking C static library esp-idf/freertos/libfreertos.a
[367/913] Building C object esp-idf/esp_hal_pmu/CMakeFiles/__idf_esp_hal_pmu.dir/esp32s3/rtc_cntl_hal.c.obj
[368/913] Building C object esp-idf/esp_hal_usb/CMakeFiles/__idf_esp_hal_usb.dir/esp32s3/usb_dwc_periph.c.obj
[369/913] Building C object esp-idf/esp_hal_usb/CMakeFiles/__idf_esp_hal_usb.dir/usb_wrap_hal.c.obj
[370/913] Building C object esp-idf/esp_hw_support/CMakeFiles/__idf_esp_hw_support.dir/sleep_modes.c.obj
[371/913] Building C object esp-idf/esp_hal_gpio/CMakeFiles/__idf_esp_hal_gpio.dir/gpio_hal.c.obj
[372/913] Building C object esp-idf/esp_hal_usb/CMakeFiles/__idf_esp_hal_usb.dir/usb_serial_jtag_hal.c.obj
[373/913] Building C object esp-idf/esp_hal_gpio/CMakeFiles/__idf_esp_hal_gpio.dir/esp32s3/rtc_io_periph.c.obj
[374/913] Building C object esp-idf/esp_hal_gpio/CMakeFiles/__idf_esp_hal_gpio.dir/esp32s3/dedic_gpio_periph.c.obj
[375/913] Building C object esp-idf/esp_hal_gpio/CMakeFiles/__idf_esp_hal_gpio.dir/esp32s3/sdm_periph.c.obj
[376/913] Building C object esp-idf/esp_hal_gpio/CMakeFiles/__idf_esp_hal_gpio.dir/sdm_hal.c.obj
[377/913] Building C object esp-idf/soc/CMakeFiles/__idf_soc.dir/lldesc.c.obj
[378/913] Building C object esp-idf/esp_hal_gpio/CMakeFiles/__idf_esp_hal_gpio.dir/rtc_io_hal.c.obj
[379/913] Building C object esp-idf/soc/CMakeFiles/__idf_soc.dir/dport_access_common.c.obj
[380/913] Building C object esp-idf/soc/CMakeFiles/__idf_soc.dir/esp32s3/interrupts.c.obj
[381/913] Building C object esp-idf/soc/CMakeFiles/__idf_soc.dir/esp32s3/power_supply_periph.c.obj
[382/913] Building C object esp-idf/soc/CMakeFiles/__idf_soc.dir/esp32s3/gpio_periph.c.obj
[383/913] Building C object esp-idf/soc/CMakeFiles/__idf_soc.dir/esp32s3/mpi_periph.c.obj
[384/913] Building C object esp-idf/esp_hal_usb/CMakeFiles/__idf_esp_hal_usb.dir/usb_dwc_hal.c.obj
[385/913] Building C object esp-idf/heap/CMakeFiles/__idf_heap.dir/port/esp32s3/memory_layout.c.obj
[386/913] Building C object esp-idf/heap/CMakeFiles/__idf_heap.dir/heap_caps_base.c.obj
[387/913] Building C object esp-idf/heap/CMakeFiles/__idf_heap.dir/port/memory_layout_utils.c.obj
[388/913] Building C object esp-idf/log/CMakeFiles/__idf_log.dir/src/os/log_timestamp.c.obj
[389/913] Building C object esp-idf/log/CMakeFiles/__idf_log.dir/src/os/log_lock.c.obj
[390/913] Building C object esp-idf/log/CMakeFiles/__idf_log.dir/src/log_timestamp_common.c.obj
[391/913] Building C object esp-idf/log/CMakeFiles/__idf_log.dir/src/util.c.obj
[392/913] Building C object esp-idf/log/CMakeFiles/__idf_log.dir/src/log_print.c.obj
[393/913] Building C object esp-idf/heap/CMakeFiles/__idf_heap.dir/heap_caps_init.c.obj
[394/913] Building C object esp-idf/log/CMakeFiles/__idf_log.dir/src/os/util.c.obj
[395/913] Building C object esp-idf/log/CMakeFiles/__idf_log.dir/src/buffer/log_buffers.c.obj
[396/913] Building C object esp-idf/log/CMakeFiles/__idf_log.dir/src/log_format_text.c.obj
[397/913] Building C object esp-idf/log/CMakeFiles/__idf_log.dir/src/log.c.obj
[398/913] Building C object esp-idf/heap/CMakeFiles/__idf_heap.dir/multi_heap.c.obj
[399/913] Building C object esp-idf/log/CMakeFiles/__idf_log.dir/src/os/log_write.c.obj
[400/913] Building C object esp-idf/log/CMakeFiles/__idf_log.dir/src/log_level/log_level.c.obj
[401/913] Building C object esp-idf/log/CMakeFiles/__idf_log.dir/src/log_level/tag_log_level/linked_list/log_linked_list.c.obj
[402/913] Building C object esp-idf/log/CMakeFiles/__idf_log.dir/src/log_level/tag_log_level/tag_log_level.c.obj
[403/913] Building C object esp-idf/heap/CMakeFiles/__idf_heap.dir/heap_caps.c.obj
[404/913] Building C object esp-idf/log/CMakeFiles/__idf_log.dir/src/log_level/tag_log_level/cache/log_binary_heap.c.obj
[405/913] Building C object esp-idf/hal/CMakeFiles/__idf_hal.dir/efuse_hal.c.obj
[406/913] Building C object esp-idf/hal/CMakeFiles/__idf_hal.dir/hal_utils.c.obj
[407/913] Building C object esp-idf/hal/CMakeFiles/__idf_hal.dir/color_hal.c.obj
[408/913] Building C object esp-idf/hal/CMakeFiles/__idf_hal.dir/esp32s3/efuse_hal.c.obj
[409/913] Building C object esp-idf/esp_rom/CMakeFiles/__idf_esp_rom.dir/patches/esp_rom_crc.c.obj
[410/913] Building C object esp-idf/hal/CMakeFiles/__idf_hal.dir/mmu_hal.c.obj
[411/913] Building C object esp-idf/esp_rom/CMakeFiles/__idf_esp_rom.dir/patches/esp_rom_sys.c.obj
[412/913] Building C object esp-idf/hal/CMakeFiles/__idf_hal.dir/cache_hal.c.obj
[413/913] Building C object esp-idf/hal/CMakeFiles/__idf_hal.dir/systimer_hal.c.obj
[414/913] Building C object esp-idf/esp_rom/CMakeFiles/__idf_esp_rom.dir/patches/esp_rom_efuse.c.obj
[415/913] Building C object esp-idf/esp_rom/CMakeFiles/__idf_esp_rom.dir/patches/esp_rom_serial_output.c.obj
[416/913] Building C object esp-idf/esp_rom/CMakeFiles/__idf_esp_rom.dir/patches/esp_rom_gpio.c.obj
[417/913] Building C object esp-idf/esp_rom/CMakeFiles/__idf_esp_rom.dir/patches/esp_rom_spiflash.c.obj
[418/913] Building ASM object esp-idf/esp_rom/CMakeFiles/__idf_esp_rom.dir/patches/esp_rom_cache_writeback_esp32s3.S.obj
[419/913] Building ASM object esp-idf/esp_rom/CMakeFiles/__idf_esp_rom.dir/patches/esp_rom_longjmp.S.obj
[420/913] Building C object esp-idf/esp_rom/CMakeFiles/__idf_esp_rom.dir/patches/esp_rom_systimer.c.obj
[421/913] Building C object esp-idf/esp_rom/CMakeFiles/__idf_esp_rom.dir/patches/esp_rom_print.c.obj
[422/913] Building C object esp-idf/esp_rom/CMakeFiles/__idf_esp_rom.dir/patches/esp_rom_cache_esp32s2_esp32s3.c.obj
[423/913] Building C object esp-idf/esp_system/CMakeFiles/__idf_esp_system.dir/esp_err.c.obj
[424/913] Building C object esp-idf/esp_system/CMakeFiles/__idf_esp_system.dir/crosscore_int.c.obj
[425/913] Building C object esp-idf/esp_hw_support/CMakeFiles/__idf_esp_hw_support.dir/port/esp32s3/esp_memprot.c.obj
[426/913] Building C object esp-idf/esp_system/CMakeFiles/__idf_esp_system.dir/esp_ipc.c.obj
[427/913] Building C object esp-idf/esp_common/CMakeFiles/__idf_esp_common.dir/src/esp_err_to_name.c.obj
[428/913] Building C object esp-idf/esp_system/CMakeFiles/__idf_esp_system.dir/esp_system.c.obj
[429/913] Building C object esp-idf/esp_system/CMakeFiles/__idf_esp_system.dir/int_wdt.c.obj
[430/913] Building C object esp-idf/esp_system/CMakeFiles/__idf_esp_system.dir/stack_check.c.obj
[431/913] Building C object esp-idf/esp_system/CMakeFiles/__idf_esp_system.dir/startup.c.obj
[432/913] Building C object esp-idf/esp_system/CMakeFiles/__idf_esp_system.dir/freertos_hooks.c.obj
[433/913] Building C object esp-idf/esp_system/CMakeFiles/__idf_esp_system.dir/startup_funcs.c.obj
[434/913] Building C object esp-idf/esp_system/CMakeFiles/__idf_esp_system.dir/panic.c.obj
[435/913] Building C object esp-idf/esp_system/CMakeFiles/__idf_esp_system.dir/system_time.c.obj
[436/913] Building C object esp-idf/heap/CMakeFiles/__idf_heap.dir/tlsf/tlsf.c.obj
[437/913] Building C object esp-idf/esp_system/CMakeFiles/__idf_esp_system.dir/ubsan.c.obj
[438/913] Building C object esp-idf/esp_system/CMakeFiles/__idf_esp_system.dir/xt_wdt.c.obj
[439/913] Building C object esp-idf/esp_system/CMakeFiles/__idf_esp_system.dir/port/esp_system_chip.c.obj
[440/913] Building C object esp-idf/esp_system/CMakeFiles/__idf_esp_system.dir/port/arch/xtensa/esp_ipc_isr_port.c.obj
[441/913] Building C object esp-idf/esp_system/CMakeFiles/__idf_esp_system.dir/task_wdt/task_wdt_impl_timergroup.c.obj
[442/913] Building ASM object esp-idf/esp_system/CMakeFiles/__idf_esp_system.dir/port/arch/xtensa/esp_ipc_isr_handler.S.obj
[443/913] Building ASM object esp-idf/esp_system/CMakeFiles/__idf_esp_system.dir/port/arch/xtensa/esp_ipc_isr_routines.S.obj
[444/913] Building C object esp-idf/esp_system/CMakeFiles/__idf_esp_system.dir/port/panic_handler.c.obj
[445/913] Linking C static library esp-idf/esp_hw_support/libesp_hw_support.a
[446/913] Building C object esp-idf/esp_system/CMakeFiles/__idf_esp_system.dir/port/image_process.c.obj
[447/913] Building ASM object esp-idf/esp_system/CMakeFiles/__idf_esp_system.dir/port/arch/xtensa/panic_handler_asm.S.obj
[448/913] Building C object esp-idf/esp_system/CMakeFiles/__idf_esp_system.dir/port/esp_ipc_isr.c.obj
[449/913] Building ASM object esp-idf/esp_system/CMakeFiles/__idf_esp_system.dir/port/arch/xtensa/expression_with_stack_asm.S.obj
[450/913] Building ASM object esp-idf/esp_system/CMakeFiles/__idf_esp_system.dir/port/arch/xtensa/debug_helpers_asm.S.obj
[451/913] Building C object esp-idf/esp_system/CMakeFiles/__idf_esp_system.dir/port/arch/xtensa/panic_arch.c.obj
[452/913] Building C object esp-idf/esp_system/CMakeFiles/__idf_esp_system.dir/port/arch/xtensa/debug_stubs.c.obj
[453/913] Linking C static library esp-idf/esp_hal_i2s/libesp_hal_i2s.a
[454/913] Building C object esp-idf/esp_system/CMakeFiles/__idf_esp_system.dir/port/arch/xtensa/expression_with_stack.c.obj
[455/913] Building C object esp-idf/esp_system/CMakeFiles/__idf_esp_system.dir/port/cpu_start.c.obj
[456/913] Building ASM object esp-idf/esp_system/CMakeFiles/__idf_esp_system.dir/port/soc/esp32s3/highint_hdl.S.obj
[457/913] Building C object esp-idf/esp_system/CMakeFiles/__idf_esp_system.dir/port/arch/xtensa/trax.c.obj
[458/913] Building C object esp-idf/esp_system/CMakeFiles/__idf_esp_system.dir/task_wdt/task_wdt.c.obj
[459/913] Building C object esp-idf/esp_system/CMakeFiles/__idf_esp_system.dir/port/soc/esp32s3/reset_reason.c.obj
[460/913] Linking C static library esp-idf/esp_hal_touch_sens/libesp_hal_touch_sens.a
[461/913] Building C object esp-idf/spi_flash/CMakeFiles/__idf_spi_flash.dir/flash_brownout_hook.c.obj
[462/913] Building C object esp-idf/esp_system/CMakeFiles/__idf_esp_system.dir/port/soc/esp32s3/system_internal.c.obj
[463/913] Building C object esp-idf/esp_system/CMakeFiles/__idf_esp_system.dir/port/soc/esp32s3/cache_err_int.c.obj
[464/913] Building C object esp-idf/esp_system/CMakeFiles/__idf_esp_system.dir/port/arch/xtensa/debug_helpers.c.obj
[465/913] Building C object esp-idf/spi_flash/CMakeFiles/__idf_spi_flash.dir/esp32s3/spi_flash_oct_flash_init.c.obj
[466/913] Building C object esp-idf/esp_system/CMakeFiles/__idf_esp_system.dir/port/soc/esp32s3/clk.c.obj
[467/913] Building C object esp-idf/spi_flash/CMakeFiles/__idf_spi_flash.dir/spi_flash_hpm_enable.c.obj
[468/913] Building C object esp-idf/spi_flash/CMakeFiles/__idf_spi_flash.dir/spi_flash_chip_issi.c.obj
[469/913] Building C object esp-idf/esp_system/CMakeFiles/__idf_esp_system.dir/port/soc/esp32s3/apb_backup_dma.c.obj
[470/913] Linking C static library esp-idf/esp_hal_pmu/libesp_hal_pmu.a
[471/913] Building C object esp-idf/spi_flash/CMakeFiles/__idf_spi_flash.dir/spi_flash_chip_mxic.c.obj
[472/913] Building C object esp-idf/spi_flash/CMakeFiles/__idf_spi_flash.dir/spi_flash_chip_boya.c.obj
[473/913] Building C object esp-idf/spi_flash/CMakeFiles/__idf_spi_flash.dir/spi_flash_chip_drivers.c.obj
[474/913] Building C object esp-idf/spi_flash/CMakeFiles/__idf_spi_flash.dir/spi_flash_chip_gd.c.obj
[475/913] Building C object esp-idf/spi_flash/CMakeFiles/__idf_spi_flash.dir/spi_flash_chip_th.c.obj
[476/913] Linking C static library esp-idf/esp_hal_usb/libesp_hal_usb.a
[477/913] Building C object esp-idf/spi_flash/CMakeFiles/__idf_spi_flash.dir/spi_flash_blockdev.c.obj
[478/913] Building C object esp-idf/spi_flash/CMakeFiles/__idf_spi_flash.dir/spi_flash_chip_winbond.c.obj
[479/913] Building C object esp-idf/spi_flash/CMakeFiles/__idf_spi_flash.dir/spi_flash_wrap.c.obj
[480/913] Linking C static library esp-idf/esp_hal_gpio/libesp_hal_gpio.a
[481/913] Building C object esp-idf/spi_flash/CMakeFiles/__idf_spi_flash.dir/spi_flash_chip_mxic_opi.c.obj
[482/913] Building C object esp-idf/spi_flash/CMakeFiles/__idf_spi_flash.dir/memspi_host_driver.c.obj
[483/913] Building C object esp-idf/spi_flash/CMakeFiles/__idf_spi_flash.dir/flash_ops.c.obj
[484/913] Building C object esp-idf/spi_flash/CMakeFiles/__idf_spi_flash.dir/spi_flash_os_func_noos.c.obj
[485/913] Building C object esp-idf/spi_flash/CMakeFiles/__idf_spi_flash.dir/spi_flash_os_func_app.c.obj
[486/913] Building C object esp-idf/spi_flash/CMakeFiles/__idf_spi_flash.dir/flash_mmap.c.obj
[487/913] Building C object esp-idf/spi_flash/CMakeFiles/__idf_spi_flash.dir/spi_flash_chip_generic.c.obj
[488/913] Building C object esp-idf/spi_flash/CMakeFiles/__idf_spi_flash.dir/cache_utils.c.obj
[489/913] Linking C static library esp-idf/soc/libsoc.a
[490/913] Building C object esp-idf/bootloader_support/CMakeFiles/__idf_bootloader_support.dir/src/bootloader_clock_init.c.obj
[491/913] Building C object esp-idf/bootloader_support/CMakeFiles/__idf_bootloader_support.dir/src/bootloader_mem.c.obj
[492/913] Building C object esp-idf/bootloader_support/CMakeFiles/__idf_bootloader_support.dir/src/bootloader_random.c.obj
[493/913] Building C object esp-idf/bootloader_support/CMakeFiles/__idf_bootloader_support.dir/src/bootloader_efuse.c.obj
[494/913] Building C object esp-idf/bootloader_support/CMakeFiles/__idf_bootloader_support.dir/src/bootloader_common.c.obj
[495/913] Building C object esp-idf/bootloader_support/CMakeFiles/__idf_bootloader_support.dir/src/bootloader_common_loader.c.obj
[496/913] Linking C static library esp-idf/heap/libheap.a
[497/913] Building C object esp-idf/bootloader_support/CMakeFiles/__idf_bootloader_support.dir/src/flash_encrypt.c.obj
[498/913] Building C object esp-idf/bootloader_support/CMakeFiles/__idf_bootloader_support.dir/src/bootloader_random_esp32s3.c.obj
[499/913] Building C object esp-idf/bootloader_support/CMakeFiles/__idf_bootloader_support.dir/src/secure_boot.c.obj
[500/913] Building C object esp-idf/spi_flash/CMakeFiles/__idf_spi_flash.dir/esp_flash_spi_init.c.obj
[501/913] Building C object esp-idf/bootloader_support/CMakeFiles/__idf_bootloader_support.dir/bootloader_flash/src/flash_qio_mode.c.obj
[502/913] Building C object esp-idf/bootloader_support/CMakeFiles/__idf_bootloader_support.dir/src/flash_partitions.c.obj
[503/913] Building C object esp-idf/bootloader_support/CMakeFiles/__idf_bootloader_support.dir/src/esp32s3/secure_boot_secure_features.c.obj
[504/913] Building C object esp-idf/bootloader_support/CMakeFiles/__idf_bootloader_support.dir/bootloader_flash/src/bootloader_flash_config_esp32s3.c.obj
[505/913] Building C object esp-idf/bootloader_support/CMakeFiles/__idf_bootloader_support.dir/bootloader_flash/src/bootloader_flash.c.obj
[506/913] Building C object esp-idf/esp_hal_ana_conv/CMakeFiles/__idf_esp_hal_ana_conv.dir/esp32s3/adc_periph.c.obj
[507/913] Linking C static library esp-idf/log/liblog.a
[508/913] Building C object esp-idf/spi_flash/CMakeFiles/__idf_spi_flash.dir/esp_flash_api.c.obj
[509/913] Building C object esp-idf/bootloader_support/CMakeFiles/__idf_bootloader_support.dir/src/bootloader_sha.c.obj
[510/913] Building C object esp-idf/esp_hal_wdt/CMakeFiles/__idf_esp_hal_wdt.dir/esp32s3/mwdt_periph.c.obj
[511/913] Building C object esp-idf/bootloader_support/CMakeFiles/__idf_bootloader_support.dir/src/bootloader_utility.c.obj
[512/913] Building C object esp-idf/esp_hal_ana_conv/CMakeFiles/__idf_esp_hal_ana_conv.dir/adc_oneshot_hal.c.obj
[513/913] Building C object esp-idf/esp_hal_ana_conv/CMakeFiles/__idf_esp_hal_ana_conv.dir/adc_hal_common.c.obj
[514/913] Building C object esp-idf/esp_hal_ana_conv/CMakeFiles/__idf_esp_hal_ana_conv.dir/esp32s3/temperature_sensor_periph.c.obj
[515/913] Building C object esp-idf/bootloader_support/CMakeFiles/__idf_bootloader_support.dir/src/esp_image_format.c.obj
[516/913] Building C object esp-idf/esp_hal_wdt/CMakeFiles/__idf_esp_hal_wdt.dir/rom_patch.c.obj
[517/913] Building C object esp-idf/esp_hal_ana_conv/CMakeFiles/__idf_esp_hal_ana_conv.dir/temperature_sensor_hal.c.obj
[518/913] Linking C static library esp-idf/hal/libhal.a
[519/913] Building C object esp-idf/mbedtls/mbedtls/tf-psa-crypto/drivers/everest/CMakeFiles/everest.dir/library/x25519.c.obj
[520/913] Building C object esp-idf/esp_hal_ana_conv/CMakeFiles/__idf_esp_hal_ana_conv.dir/adc_hal.c.obj
[521/913] Building C object esp-idf/mbedtls/mbedtls/tf-psa-crypto/drivers/everest/CMakeFiles/everest.dir/library/Hacl_Curve25519_joined.c.obj
[522/913] Building C object esp-idf/esp_hal_wdt/CMakeFiles/__idf_esp_hal_wdt.dir/xt_wdt_hal.c.obj
[523/913] Building C object esp-idf/mbedtls/mbedtls/tf-psa-crypto/drivers/builtin/CMakeFiles/builtin.dir/src/aesce.c.obj
[524/913] Building C object esp-idf/mbedtls/mbedtls/tf-psa-crypto/drivers/p256-m/CMakeFiles/p256-m.dir/p256-m_driver_entrypoints.c.obj
[525/913] Building C object esp-idf/mbedtls/mbedtls/tf-psa-crypto/drivers/builtin/CMakeFiles/builtin.dir/src/aria.c.obj
[526/913] Building C object esp-idf/mbedtls/mbedtls/tf-psa-crypto/drivers/builtin/CMakeFiles/builtin.dir/src/aesni.c.obj
[527/913] Building C object esp-idf/mbedtls/mbedtls/tf-psa-crypto/drivers/p256-m/CMakeFiles/p256-m.dir/p256-m/p256-m.c.obj
[528/913] Building C object esp-idf/mbedtls/mbedtls/tf-psa-crypto/drivers/builtin/CMakeFiles/builtin.dir/src/bignum_mod.c.obj
[529/913] Building C object esp-idf/mbedtls/mbedtls/tf-psa-crypto/drivers/builtin/CMakeFiles/builtin.dir/src/block_cipher.c.obj
[530/913] Building C object esp-idf/mbedtls/mbedtls/tf-psa-crypto/drivers/builtin/CMakeFiles/builtin.dir/src/camellia.c.obj
[531/913] Linking C static library esp-idf/esp_rom/libesp_rom.a
[532/913] Building C object esp-idf/mbedtls/mbedtls/tf-psa-crypto/drivers/builtin/CMakeFiles/builtin.dir/src/bignum_mod_raw.c.obj
[533/913] Building C object esp-idf/mbedtls/mbedtls/tf-psa-crypto/drivers/builtin/CMakeFiles/builtin.dir/src/chacha20_neon.c.obj
[534/913] Building C object esp-idf/mbedtls/mbedtls/tf-psa-crypto/drivers/builtin/CMakeFiles/builtin.dir/src/chacha20.c.obj
[535/913] Building C object esp-idf/mbedtls/mbedtls/tf-psa-crypto/drivers/builtin/CMakeFiles/builtin.dir/src/chachapoly.c.obj
[536/913] Linking C static library esp-idf/esp_common/libesp_common.a
[537/913] Building C object esp-idf/mbedtls/mbedtls/tf-psa-crypto/drivers/builtin/CMakeFiles/builtin.dir/src/ecjpake.c.obj
[538/913] Building C object esp-idf/mbedtls/mbedtls/tf-psa-crypto/drivers/builtin/CMakeFiles/builtin.dir/src/ccm.c.obj
[539/913] Building C object esp-idf/mbedtls/mbedtls/tf-psa-crypto/drivers/builtin/CMakeFiles/builtin.dir/src/cipher_wrap.c.obj
[540/913] Building C object esp-idf/mbedtls/mbedtls/tf-psa-crypto/drivers/builtin/CMakeFiles/builtin.dir/src/ecdsa.c.obj
[541/913] Building C object esp-idf/mbedtls/mbedtls/tf-psa-crypto/drivers/builtin/CMakeFiles/builtin.dir/src/entropy.c.obj
[542/913] Building C object esp-idf/mbedtls/mbedtls/tf-psa-crypto/drivers/builtin/CMakeFiles/builtin.dir/src/cmac.c.obj
[543/913] Building C object esp-idf/mbedtls/mbedtls/tf-psa-crypto/drivers/builtin/CMakeFiles/builtin.dir/src/ecp_curves_new.c.obj
[544/913] Building C object esp-idf/mbedtls/mbedtls/tf-psa-crypto/drivers/builtin/CMakeFiles/builtin.dir/src/bignum_core.c.obj
[545/913] Building C object esp-idf/mbedtls/mbedtls/tf-psa-crypto/drivers/builtin/CMakeFiles/builtin.dir/src/ctr_drbg.c.obj
[546/913] Building C object esp-idf/mbedtls/mbedtls/tf-psa-crypto/drivers/builtin/CMakeFiles/builtin.dir/src/cipher.c.obj
[547/913] Linking C static library esp-idf/esp_system/libesp_system.a
[548/913] Building C object esp-idf/mbedtls/mbedtls/tf-psa-crypto/drivers/builtin/CMakeFiles/builtin.dir/src/entropy_poll.c.obj
[549/913] Building C object esp-idf/mbedtls/mbedtls/tf-psa-crypto/drivers/builtin/CMakeFiles/builtin.dir/src/poly1305.c.obj
[550/913] Building C object esp-idf/mbedtls/mbedtls/tf-psa-crypto/drivers/builtin/CMakeFiles/builtin.dir/src/md5.c.obj
[551/913] Building C object esp-idf/mbedtls/mbedtls/tf-psa-crypto/drivers/builtin/CMakeFiles/builtin.dir/src/aes.c.obj
[552/913] Building C object esp-idf/mbedtls/mbedtls/tf-psa-crypto/drivers/builtin/CMakeFiles/builtin.dir/src/psa_crypto_aead.c.obj
[553/913] Building C object esp-idf/mbedtls/mbedtls/tf-psa-crypto/drivers/builtin/CMakeFiles/builtin.dir/src/hmac_drbg.c.obj
[554/913] Building C object esp-idf/mbedtls/mbedtls/tf-psa-crypto/drivers/builtin/CMakeFiles/builtin.dir/src/ecp_curves.c.obj
[555/913] Building C object esp-idf/mbedtls/mbedtls/tf-psa-crypto/drivers/builtin/CMakeFiles/builtin.dir/src/psa_crypto_hash.c.obj
[556/913] Building C object esp-idf/mbedtls/mbedtls/tf-psa-crypto/drivers/builtin/CMakeFiles/builtin.dir/src/psa_crypto_cipher.c.obj
[557/913] Linking C static library esp-idf/spi_flash/libspi_flash.a
[558/913] Building C object esp-idf/mbedtls/mbedtls/tf-psa-crypto/drivers/builtin/CMakeFiles/builtin.dir/src/gcm.c.obj
[559/913] Building C object esp-idf/mbedtls/mbedtls/tf-psa-crypto/drivers/builtin/CMakeFiles/builtin.dir/src/bignum.c.obj
[560/913] Building C object esp-idf/mbedtls/mbedtls/tf-psa-crypto/drivers/builtin/CMakeFiles/builtin.dir/src/psa_crypto_ffdh.c.obj
[561/913] Building C object esp-idf/mbedtls/mbedtls/tf-psa-crypto/drivers/builtin/CMakeFiles/builtin.dir/src/ecp.c.obj
[562/913] Building C object esp-idf/mbedtls/mbedtls/tf-psa-crypto/drivers/builtin/CMakeFiles/builtin.dir/src/psa_crypto_ecp.c.obj
[563/913] Building C object esp-idf/mbedtls/mbedtls/tf-psa-crypto/drivers/builtin/CMakeFiles/builtin.dir/src/psa_crypto_xof.c.obj
[564/913] Building C object esp-idf/mbedtls/mbedtls/tf-psa-crypto/drivers/builtin/CMakeFiles/builtin.dir/src/ripemd160.c.obj
[565/913] Building C object esp-idf/mbedtls/mbedtls/tf-psa-crypto/drivers/builtin/CMakeFiles/builtin.dir/src/psa_crypto_mac.c.obj
[566/913] Building C object esp-idf/mbedtls/mbedtls/tf-psa-crypto/drivers/builtin/CMakeFiles/builtin.dir/src/psa_crypto_pake.c.obj
[567/913] Building C object esp-idf/mbedtls/mbedtls/tf-psa-crypto/drivers/builtin/CMakeFiles/builtin.dir/src/sha1.c.obj
[568/913] Building C object esp-idf/mbedtls/mbedtls/tf-psa-crypto/drivers/builtin/CMakeFiles/builtin.dir/src/psa_util_internal.c.obj
[569/913] Linking C static library esp-idf/bootloader_support/libbootloader_support.a
[570/913] Building C object esp-idf/mbedtls/mbedtls/tf-psa-crypto/drivers/builtin/CMakeFiles/builtin.dir/src/psa_crypto_rsa.c.obj
[571/913] Building C object esp-idf/mbedtls/mbedtls/tf-psa-crypto/drivers/builtin/CMakeFiles/builtin.dir/src/rsa_alt_helpers.c.obj
[572/913] Building C object esp-idf/mbedtls/mbedtls/tf-psa-crypto/drivers/builtin/CMakeFiles/builtin.dir/src/sha512.c.obj
[573/913] Building C object esp-idf/mbedtls/mbedtls/tf-psa-crypto/drivers/pqcp/CMakeFiles/pqcp.dir/src/wrap_mldsa_native.c.obj
[574/913] Building C object esp-idf/mbedtls/mbedtls/tf-psa-crypto/extras/CMakeFiles/extras.dir/lmots.c.obj
[575/913] Building C object esp-idf/mbedtls/mbedtls/tf-psa-crypto/drivers/pqcp/CMakeFiles/pqcp.dir/src/psa_crypto_mldsa.c.obj
[576/913] Building C object esp-idf/mbedtls/mbedtls/tf-psa-crypto/extras/CMakeFiles/extras.dir/lms.c.obj
[577/913] Building C object esp-idf/mbedtls/mbedtls/tf-psa-crypto/drivers/builtin/CMakeFiles/builtin.dir/src/sha3.c.obj
[578/913] Linking C static library esp-idf/esp_hal_ana_conv/libesp_hal_ana_conv.a
[579/913] Building C object esp-idf/mbedtls/mbedtls/tf-psa-crypto/extras/CMakeFiles/extras.dir/nist_kw.c.obj
[580/913] Building C object esp-idf/mbedtls/mbedtls/tf-psa-crypto/drivers/builtin/CMakeFiles/builtin.dir/src/sha256.c.obj
[581/913] Building C object esp-idf/mbedtls/mbedtls/tf-psa-crypto/extras/CMakeFiles/extras.dir/pk_ecc.c.obj
[582/913] Building C object esp-idf/mbedtls/mbedtls/tf-psa-crypto/extras/CMakeFiles/extras.dir/pk_rsa.c.obj
[583/913] Building C object esp-idf/mbedtls/mbedtls/tf-psa-crypto/extras/CMakeFiles/extras.dir/md.c.obj
[584/913] Building C object esp-idf/mbedtls/mbedtls/tf-psa-crypto/extras/CMakeFiles/extras.dir/pk_wrap.c.obj
[585/913] Building C object esp-idf/mbedtls/mbedtls/tf-psa-crypto/platform/CMakeFiles/platform.dir/memory_buffer_alloc.c.obj
[586/913] Building C object esp-idf/mbedtls/mbedtls/tf-psa-crypto/platform/CMakeFiles/platform.dir/platform.c.obj
[587/913] Linking C static library esp-idf/esp_hal_wdt/libesp_hal_wdt.a
[588/913] Building C object esp-idf/mbedtls/mbedtls/tf-psa-crypto/platform/CMakeFiles/platform.dir/platform_util.c.obj
[589/913] Building C object esp-idf/mbedtls/mbedtls/tf-psa-crypto/platform/CMakeFiles/platform.dir/threading.c.obj
[590/913] Building C object esp-idf/mbedtls/mbedtls/tf-psa-crypto/drivers/builtin/CMakeFiles/builtin.dir/src/rsa.c.obj
[591/913] Building C object esp-idf/mbedtls/mbedtls/tf-psa-crypto/extras/CMakeFiles/extras.dir/pkparse.c.obj
[592/913] Building C object esp-idf/mbedtls/mbedtls/tf-psa-crypto/utilities/CMakeFiles/utilities.dir/asn1parse.c.obj
[593/913] Building C object esp-idf/mbedtls/mbedtls/tf-psa-crypto/extras/CMakeFiles/extras.dir/pkwrite.c.obj
[594/913] Building C object esp-idf/mbedtls/mbedtls/tf-psa-crypto/utilities/CMakeFiles/utilities.dir/asn1write.c.obj
[595/913] Building C object esp-idf/mbedtls/mbedtls/tf-psa-crypto/utilities/CMakeFiles/utilities.dir/constant_time.c.obj
[596/913] Linking CXX static library esp-idf/mbedtls/mbedtls/tf-psa-crypto/drivers/everest/libeverest.a
[597/913] Building C object esp-idf/mbedtls/mbedtls/tf-psa-crypto/extras/CMakeFiles/extras.dir/pk.c.obj
[598/913] Building C object esp-idf/mbedtls/mbedtls/tf-psa-crypto/utilities/CMakeFiles/utilities.dir/base64.c.obj
[599/913] Building C object esp-idf/mbedtls/mbedtls/tf-psa-crypto/utilities/CMakeFiles/utilities.dir/oid.c.obj
[600/913] Building C object esp-idf/mbedtls/mbedtls/tf-psa-crypto/core/CMakeFiles/tfpsacrypto.dir/psa_crypto_client.c.obj
[601/913] Building C object esp-idf/mbedtls/mbedtls/tf-psa-crypto/core/CMakeFiles/tfpsacrypto.dir/psa_crypto_random.c.obj
[602/913] Building C object esp-idf/mbedtls/mbedtls/tf-psa-crypto/utilities/CMakeFiles/utilities.dir/pem.c.obj
[603/913] Building C object esp-idf/mbedtls/mbedtls/tf-psa-crypto/core/CMakeFiles/tfpsacrypto.dir/psa_its_file.c.obj
[604/913] Linking CXX static library esp-idf/mbedtls/mbedtls/tf-psa-crypto/drivers/p256-m/libp256-m.a
[605/913] Building C object esp-idf/mbedtls/mbedtls/tf-psa-crypto/utilities/CMakeFiles/utilities.dir/pkcs5.c.obj
[606/913] Building C object esp-idf/mbedtls/mbedtls/tf-psa-crypto/core/CMakeFiles/tfpsacrypto.dir/tf_psa_crypto_config.c.obj
[607/913] Building C object esp-idf/mbedtls/mbedtls/tf-psa-crypto/core/CMakeFiles/tfpsacrypto.dir/tf_psa_crypto_version.c.obj
[608/913] Building C object esp-idf/mbedtls/mbedtls/tf-psa-crypto/core/CMakeFiles/tfpsacrypto.dir/psa_crypto_storage.c.obj
[609/913] Building C object esp-idf/mbedtls/mbedtls/tf-psa-crypto/core/CMakeFiles/tfpsacrypto.dir/Users/sarah/.espressif/v6.0.2/esp-idf/components/mbedtls/port/aes/dma/esp_aes_gdma_impl.c.obj
[610/913] Building C object esp-idf/mbedtls/mbedtls/tf-psa-crypto/core/CMakeFiles/tfpsacrypto.dir/Users/sarah/.espressif/v6.0.2/esp-idf/components/mbedtls/port/sha/core/esp_sha_gdma_impl.c.obj
[611/913] Building C object esp-idf/mbedtls/mbedtls/tf-psa-crypto/core/CMakeFiles/tfpsacrypto.dir/psa_util.c.obj
[612/913] Building C object esp-idf/mbedtls/mbedtls/tf-psa-crypto/core/CMakeFiles/tfpsacrypto.dir/psa_crypto_driver_wrappers_no_static.c.obj
[613/913] Building C object esp-idf/mbedtls/mbedtls/tf-psa-crypto/core/CMakeFiles/tfpsacrypto.dir/Users/sarah/.espressif/v6.0.2/esp-idf/components/mbedtls/port/psa_crypto_storage/esp_psa_its.c.obj
[614/913] Building C object esp-idf/mbedtls/mbedtls/tf-psa-crypto/core/CMakeFiles/tfpsacrypto.dir/psa_crypto_slot_management.c.obj
[615/913] Building C object esp-idf/mbedtls/mbedtls/tf-psa-crypto/core/CMakeFiles/tfpsacrypto.dir/Users/sarah/.espressif/v6.0.2/esp-idf/components/mbedtls/port/esp_hardware.c.obj
[616/913] Building C object esp-idf/mbedtls/mbedtls/tf-psa-crypto/core/CMakeFiles/tfpsacrypto.dir/Users/sarah/.espressif/v6.0.2/esp-idf/components/mbedtls/port/aes/esp_aes_xts.c.obj
[617/913] Linking CXX static library esp-idf/mbedtls/mbedtls/tf-psa-crypto/drivers/builtin/libmbed-builtin.a
[618/913] Building C object esp-idf/mbedtls/mbedtls/tf-psa-crypto/core/CMakeFiles/tfpsacrypto.dir/Users/sarah/.espressif/v6.0.2/esp-idf/components/mbedtls/port/aes/esp_aes_common.c.obj
[619/913] Building C object esp-idf/mbedtls/mbedtls/tf-psa-crypto/core/CMakeFiles/tfpsacrypto.dir/Users/sarah/.espressif/v6.0.2/esp-idf/components/mbedtls/port/crypto_shared_gdma/esp_crypto_shared_gdma.c.obj
[620/913] Building C object esp-idf/mbedtls/mbedtls/tf-psa-crypto/core/CMakeFiles/tfpsacrypto.dir/Users/sarah/.espressif/v6.0.2/esp-idf/components/mbedtls/port/psa_driver/esp_sha/psa_crypto_driver_esp_sha.c.obj
[621/913] Building C object esp-idf/mbedtls/mbedtls/tf-psa-crypto/core/CMakeFiles/tfpsacrypto.dir/Users/sarah/.espressif/v6.0.2/esp-idf/components/mbedtls/port/aes/dma/esp_aes_dma_core.c.obj
[622/913] Linking CXX static library esp-idf/mbedtls/mbedtls/tf-psa-crypto/drivers/pqcp/libpqcp.a
[623/913] Building C object esp-idf/mbedtls/mbedtls/tf-psa-crypto/core/CMakeFiles/tfpsacrypto.dir/Users/sarah/.espressif/v6.0.2/esp-idf/components/mbedtls/port/aes/esp_aes.c.obj
[624/913] Building C object esp-idf/mbedtls/mbedtls/tf-psa-crypto/core/CMakeFiles/tfpsacrypto.dir/Users/sarah/.espressif/v6.0.2/esp-idf/components/mbedtls/port/psa_driver/esp_sha/core/psa_crypto_driver_esp_sha256.c.obj
[625/913] Building C object esp-idf/mbedtls/mbedtls/tf-psa-crypto/core/CMakeFiles/tfpsacrypto.dir/Users/sarah/.espressif/v6.0.2/esp-idf/components/mbedtls/port/psa_driver/esp_sha/core/psa_crypto_driver_esp_sha512.c.obj
[626/913] Building C object esp-idf/mbedtls/mbedtls/tf-psa-crypto/core/CMakeFiles/tfpsacrypto.dir/Users/sarah/.espressif/v6.0.2/esp-idf/components/mbedtls/port/sha/esp_sha.c.obj
[627/913] Building C object esp-idf/mbedtls/mbedtls/tf-psa-crypto/core/CMakeFiles/tfpsacrypto.dir/Users/sarah/.espressif/v6.0.2/esp-idf/components/mbedtls/port/psa_driver/esp_mac/psa_crypto_driver_esp_hmac_transparent.c.obj
[628/913] Building C object esp-idf/mbedtls/mbedtls/tf-psa-crypto/core/CMakeFiles/tfpsacrypto.dir/Users/sarah/.espressif/v6.0.2/esp-idf/components/mbedtls/port/aes/esp_aes_gcm.c.obj
[629/913] Building C object esp-idf/mbedtls/mbedtls/tf-psa-crypto/core/CMakeFiles/tfpsacrypto.dir/Users/sarah/.espressif/v6.0.2/esp-idf/components/mbedtls/port/psa_driver/esp_md/psa_crypto_driver_esp_md5.c.obj
[630/913] Building C object esp-idf/mbedtls/mbedtls/tf-psa-crypto/core/CMakeFiles/tfpsacrypto.dir/Users/sarah/.espressif/v6.0.2/esp-idf/components/mbedtls/port/sha/core/sha.c.obj
[631/913] Linking CXX static library esp-idf/mbedtls/mbedtls/tf-psa-crypto/extras/libextras.a
[632/913] Building C object esp-idf/mbedtls/mbedtls/tf-psa-crypto/core/CMakeFiles/tfpsacrypto.dir/Users/sarah/.espressif/v6.0.2/esp-idf/components/mbedtls/port/psa_driver/esp_sha/core/psa_crypto_driver_esp_sha1.c.obj
[633/913] Building C object esp-idf/mbedtls/mbedtls/tf-psa-crypto/core/CMakeFiles/tfpsacrypto.dir/Users/sarah/.espressif/v6.0.2/esp-idf/components/mbedtls/port/psa_driver/esp_mac/psa_crypto_driver_esp_hmac_opaque.c.obj
[634/913] Building C object esp-idf/mbedtls/mbedtls/tf-psa-crypto/core/CMakeFiles/tfpsacrypto.dir/Users/sarah/.espressif/v6.0.2/esp-idf/components/mbedtls/port/esp_hmac_pbkdf2.c.obj
[635/913] Building C object esp-idf/mbedtls/mbedtls/tf-psa-crypto/core/CMakeFiles/tfpsacrypto.dir/Users/sarah/.espressif/v6.0.2/esp-idf/components/mbedtls/port/bignum/bignum_alt.c.obj
[636/913] Building C object esp-idf/mbedtls/mbedtls/library/CMakeFiles/mbedtls.dir/debug.c.obj
[637/913] Building C object esp-idf/mbedtls/mbedtls/tf-psa-crypto/core/CMakeFiles/tfpsacrypto.dir/Users/sarah/.espressif/v6.0.2/esp-idf/components/mbedtls/port/psa_driver/esp_mac/psa_crypto_driver_esp_cmac.c.obj
[638/913] Linking CXX static library esp-idf/mbedtls/mbedtls/tf-psa-crypto/platform/libplatform.a
[639/913] Building C object esp-idf/mbedtls/mbedtls/library/CMakeFiles/mbedtls.dir/mps_reader.c.obj
[640/913] Building C object esp-idf/mbedtls/mbedtls/library/CMakeFiles/mbedtls.dir/mps_trace.c.obj
[641/913] Building C object esp-idf/mbedtls/mbedtls/tf-psa-crypto/core/CMakeFiles/tfpsacrypto.dir/Users/sarah/.espressif/v6.0.2/esp-idf/components/mbedtls/port/psa_driver/esp_aes/psa_crypto_driver_esp_aes_gcm.c.obj
[642/913] Building C object esp-idf/mbedtls/mbedtls/tf-psa-crypto/core/CMakeFiles/tfpsacrypto.dir/Users/sarah/.espressif/v6.0.2/esp-idf/components/mbedtls/port/bignum/esp_bignum.c.obj
[643/913] Building C object esp-idf/mbedtls/mbedtls/tf-psa-crypto/core/CMakeFiles/tfpsacrypto.dir/Users/sarah/.espressif/v6.0.2/esp-idf/components/mbedtls/port/psa_driver/esp_aes/psa_crypto_driver_esp_aes.c.obj
[644/913] Building C object esp-idf/mbedtls/mbedtls/library/CMakeFiles/mbedtls.dir/ssl_cache.c.obj
[645/913] Building C object esp-idf/mbedtls/mbedtls/library/CMakeFiles/mbedtls.dir/ssl_ciphersuites.c.obj
[646/913] Building C object esp-idf/mbedtls/mbedtls/library/CMakeFiles/mbedtls.dir/ssl_debug_helpers_generated.c.obj
[647/913] Building C object esp-idf/mbedtls/mbedtls/library/CMakeFiles/mbedtls.dir/ssl_cookie.c.obj
[648/913] Linking CXX static library esp-idf/mbedtls/mbedtls/tf-psa-crypto/utilities/libutilities.a
[649/913] Building C object esp-idf/mbedtls/mbedtls/library/CMakeFiles/mbedtls.dir/ssl_tls13_server.c.obj
[650/913] Building C object esp-idf/mbedtls/mbedtls/library/CMakeFiles/mbedtls.dir/ssl_client.c.obj
[651/913] Building C object esp-idf/mbedtls/mbedtls/library/CMakeFiles/mbedtls.dir/ssl_ticket.c.obj
[652/913] Building C object esp-idf/mbedtls/mbedtls/library/CMakeFiles/mbedtls.dir/ssl_tls13_generic.c.obj
[653/913] Building C object esp-idf/mbedtls/mbedtls/library/CMakeFiles/mbedtls.dir/ssl_tls13_client.c.obj
[654/913] Building C object esp-idf/mbedtls/mbedtls/library/CMakeFiles/mbedtls.dir/ssl_tls13_keys.c.obj
[655/913] Building C object esp-idf/mbedtls/mbedtls/library/CMakeFiles/mbedtls.dir/timing.c.obj
[656/913] Building C object esp-idf/mbedtls/mbedtls/library/CMakeFiles/mbedtls.dir/version_features.c.obj
[657/913] Building C object esp-idf/mbedtls/mbedtls/library/CMakeFiles/mbedtls.dir/Users/sarah/.espressif/v6.0.2/esp-idf/components/mbedtls/port/esp_platform_time.c.obj
[658/913] Building C object esp-idf/mbedtls/mbedtls/library/CMakeFiles/mbedtls.dir/Users/sarah/.espressif/v6.0.2/esp-idf/components/mbedtls/port/mbedtls_debug.c.obj
[659/913] Building C object esp-idf/mbedtls/mbedtls/library/CMakeFiles/mbedtls.dir/Users/sarah/.espressif/v6.0.2/esp-idf/components/mbedtls/port/esp_timing.c.obj
[660/913] Building C object esp-idf/mbedtls/mbedtls/library/CMakeFiles/mbedtls.dir/version.c.obj
[661/913] Building C object esp-idf/mbedtls/mbedtls/library/CMakeFiles/mbedtls.dir/ssl_tls12_client.c.obj
[662/913] Building C object esp-idf/mbedtls/mbedtls/library/CMakeFiles/mbedtls.dir/Users/sarah/.espressif/v6.0.2/esp-idf/components/mbedtls/port/esp_psa_crypto_init.c.obj
[663/913] Building C object esp-idf/mbedtls/mbedtls/library/CMakeFiles/mbedtls.dir/ssl_tls12_server.c.obj
[664/913] Building C object esp-idf/mbedtls/mbedtls/library/CMakeFiles/mbedx509.dir/mbedtls_config.c.obj
[665/913] Building C object esp-idf/mbedtls/mbedtls/library/CMakeFiles/mbedtls.dir/Users/sarah/.espressif/v6.0.2/esp-idf/components/mbedtls/port/net_sockets.c.obj
[666/913] Building C object esp-idf/mbedtls/mbedtls/library/CMakeFiles/mbedtls.dir/ssl_msg.c.obj
[667/913] Building C object esp-idf/mbedtls/mbedtls/library/CMakeFiles/mbedx509.dir/error.c.obj
[668/913] Building C object esp-idf/mbedtls/mbedtls/library/CMakeFiles/mbedx509.dir/x509_create.c.obj
[669/913] Building C object esp-idf/mbedtls/mbedtls/library/CMakeFiles/mbedx509.dir/pkcs7.c.obj
[670/913] Creating directories for 'bootloader'
[671/913] Building C object esp-idf/mbedtls/mbedtls/library/CMakeFiles/mbedx509.dir/x509write.c.obj
[672/913] Building C object esp-idf/mbedtls/mbedtls/library/CMakeFiles/mbedx509.dir/x509_oid.c.obj
[673/913] Building C object esp-idf/mbedtls/mbedtls/library/CMakeFiles/mbedx509.dir/x509write_crt.c.obj
[674/913] Building C object esp-idf/mbedtls/mbedtls/library/CMakeFiles/mbedx509.dir/x509_crl.c.obj
[675/913] Building C object esp-idf/mbedtls/mbedtls/library/CMakeFiles/mbedx509.dir/x509write_csr.c.obj
[676/913] No download step for 'bootloader'
[677/913] No update step for 'bootloader'
[678/913] Building C object esp-idf/mbedtls/mbedtls/library/CMakeFiles/mbedx509.dir/x509_csr.c.obj
[679/913] No patch step for 'bootloader'
[680/913] Building C object esp-idf/mbedtls/mbedtls/library/CMakeFiles/mbedtls.dir/ssl_tls.c.obj
[681/913] Building C object esp-idf/mbedtls/mbedtls/library/CMakeFiles/mbedx509.dir/x509.c.obj
[682/913] Building C object esp-idf/mbedtls/mbedtls/tf-psa-crypto/core/CMakeFiles/tfpsacrypto.dir/psa_crypto.c.obj
[683/913] Building C object esp-idf/mbedtls/mbedtls/library/CMakeFiles/mbedx509.dir/x509_crt.c.obj
[684/913] Linking CXX static library esp-idf/mbedtls/mbedtls/tf-psa-crypto/core/libtfpsacrypto.a
[685/913] Linking CXX static library esp-idf/mbedtls/mbedtls/library/libmbedtls.a
[686/913] Linking CXX static library esp-idf/mbedtls/mbedtls/library/libmbedx509.a
[687/913] Generating x509_crt_bundle
[688/913] Generating ../../x509_crt_bundle.S
[689/913] Building ASM object esp-idf/mbedtls/CMakeFiles/__idf_mbedtls.dir/__/__/x509_crt_bundle.S.obj
[690/913] Building C object esp-idf/mbedtls/CMakeFiles/__idf_mbedtls.dir/port/esp_mem.c.obj
[691/913] Building C object esp-idf/esp_mm/CMakeFiles/__idf_esp_mm.dir/port/esp32s3/ext_mem_layout.c.obj
[692/913] Building C object esp-idf/esp_driver_dma/CMakeFiles/__idf_esp_driver_dma.dir/src/esp_async_memcpy.c.obj
[693/913] Building C object esp-idf/esp_driver_dma/CMakeFiles/__idf_esp_driver_dma.dir/src/esp_dma_utils.c.obj
[694/913] Building C object esp-idf/esp_mm/CMakeFiles/__idf_esp_mm.dir/esp_cache_msync.c.obj
[695/913] Building C object esp-idf/mbedtls/CMakeFiles/__idf_mbedtls.dir/esp_crt_bundle/esp_crt_bundle.c.obj
[696/913] Building C object esp-idf/esp_driver_dma/CMakeFiles/__idf_esp_driver_dma.dir/src/gdma_link.c.obj
[697/913] Building C object esp-idf/esp_driver_dma/CMakeFiles/__idf_esp_driver_dma.dir/src/async_memcpy_gdma.c.obj
[698/913] Building C object esp-idf/esp_pm/CMakeFiles/__idf_esp_pm.dir/pm_locks.c.obj
[699/913] Building C object esp-idf/esp_pm/CMakeFiles/__idf_esp_pm.dir/pm_trace.c.obj
[700/913] Building C object esp-idf/esp_mm/CMakeFiles/__idf_esp_mm.dir/esp_cache_utils.c.obj
[701/913] Building C object esp-idf/esp_mm/CMakeFiles/__idf_esp_mm.dir/esp_mmu_map.c.obj
[702/913] Building C object esp-idf/esp_hal_uart/CMakeFiles/__idf_esp_hal_uart.dir/uart_hal_iram.c.obj
[703/913] Linking C static library esp-idf/mbedtls/libmbedtls.a
[704/913] Building C object esp-idf/esp_hal_uart/CMakeFiles/__idf_esp_hal_uart.dir/esp32s3/uart_periph.c.obj
[705/913] Building C object esp-idf/esp_hal_uart/CMakeFiles/__idf_esp_hal_uart.dir/uhci_hal.c.obj
[706/913] Building C object esp-idf/esp_hal_uart/CMakeFiles/__idf_esp_hal_uart.dir/uart_hal.c.obj
[707/913] Building C object esp-idf/esp_driver_gpio/CMakeFiles/__idf_esp_driver_gpio.dir/src/gpio_glitch_filter_ops.c.obj
[708/913] Building C object esp-idf/esp_pm/CMakeFiles/__idf_esp_pm.dir/pm_impl.c.obj
[709/913] Building C object esp-idf/esp_driver_dma/CMakeFiles/__idf_esp_driver_dma.dir/src/gdma.c.obj
[710/913] Building C object esp-idf/esp_security/CMakeFiles/__idf_esp_security.dir/src/init.c.obj
[711/913] Building C object esp-idf/esp_driver_gpio/CMakeFiles/__idf_esp_driver_gpio.dir/src/gpio_pin_glitch_filter.c.obj
[712/913] Building C object esp-idf/esp_security/CMakeFiles/__idf_esp_security.dir/src/esp_crypto_lock.c.obj
[713/913] Building C object esp-idf/esp_security/CMakeFiles/__idf_esp_security.dir/src/esp_hmac.c.obj
[714/913] Building C object esp-idf/esp_security/CMakeFiles/__idf_esp_security.dir/src/esp_crypto_periph_clk.c.obj
[715/913] Building C object esp-idf/esp_security/CMakeFiles/__idf_esp_security.dir/src/esp_ds.c.obj
[716/913] Linking C static library esp-idf/esp_driver_dma/libesp_driver_dma.a
[717/913] Building C object esp-idf/esp_driver_gpio/CMakeFiles/__idf_esp_driver_gpio.dir/src/rtc_io.c.obj
[718/913] Building C object esp-idf/esp_timer/CMakeFiles/__idf_esp_timer.dir/src/esp_timer_init.c.obj
[719/913] Building C object esp-idf/esp_timer/CMakeFiles/__idf_esp_timer.dir/src/system_time.c.obj
[720/913] Building C object esp-idf/esp_driver_gpio/CMakeFiles/__idf_esp_driver_gpio.dir/src/dedic_gpio.c.obj
[721/913] Building C object esp-idf/esp_timer/CMakeFiles/__idf_esp_timer.dir/src/esp_timer_impl_common.c.obj
[722/913] Building C object esp-idf/esp_hal_timg/CMakeFiles/__idf_esp_hal_timg.dir/timer_hal.c.obj
[723/913] Building C object esp-idf/esp_timer/CMakeFiles/__idf_esp_timer.dir/src/ets_timer_legacy.c.obj
[724/913] Linking C static library esp-idf/esp_mm/libesp_mm.a
[725/913] Building C object esp-idf/esp_hal_timg/CMakeFiles/__idf_esp_hal_timg.dir/esp32s3/timer_periph.c.obj
[726/913] Building C object esp-idf/efuse/CMakeFiles/__idf_efuse.dir/esp32s3/esp_efuse_table.c.obj
[727/913] Building C object esp-idf/esp_timer/CMakeFiles/__idf_esp_timer.dir/src/esp_timer_impl_systimer.c.obj
[728/913] Building C object esp-idf/efuse/CMakeFiles/__idf_efuse.dir/esp32s3/esp_efuse_fields.c.obj
[729/913] Building C object esp-idf/esp_timer/CMakeFiles/__idf_esp_timer.dir/src/esp_timer.c.obj
[730/913] Building C object esp-idf/efuse/CMakeFiles/__idf_efuse.dir/esp32s3/esp_efuse_rtc_calib.c.obj
[731/913] Building C object esp-idf/efuse/CMakeFiles/__idf_efuse.dir/esp32s3/esp_efuse_utility.c.obj
[732/913] Building C object esp-idf/efuse/CMakeFiles/__idf_efuse.dir/src/esp_efuse_fields.c.obj
[733/913] Linking C static library esp-idf/esp_pm/libesp_pm.a
[734/913] Building C object esp-idf/efuse/CMakeFiles/__idf_efuse.dir/src/esp_efuse_api.c.obj
[735/913] Building C object esp-idf/efuse/CMakeFiles/__idf_efuse.dir/src/esp_efuse_startup.c.obj
[736/913] Building C object esp-idf/esp_bootloader_format/CMakeFiles/__idf_esp_bootloader_format.dir/esp_bootloader_desc.c.obj
[737/913] Building C object esp-idf/esp_partition/CMakeFiles/__idf_esp_partition.dir/partition_target.c.obj
[738/913] Building C object esp-idf/efuse/CMakeFiles/__idf_efuse.dir/src/esp_efuse_utility.c.obj
[739/913] Linking C static library esp-idf/esp_hal_uart/libesp_hal_uart.a
[740/913] Building C object esp-idf/esp_app_format/CMakeFiles/__idf_esp_app_format.dir/esp_app_desc.c.obj
[741/913] Building C object esp-idf/efuse/CMakeFiles/__idf_efuse.dir/src/efuse_controller/keys/with_key_purposes/esp_efuse_api_key.c.obj
[742/913] Building C object esp-idf/esp_hal_security/CMakeFiles/__idf_esp_hal_security.dir/sha_hal.c.obj
[743/913] Building C object esp-idf/esp_hal_security/CMakeFiles/__idf_esp_hal_security.dir/mpi_hal.c.obj
[744/913] Building C object esp-idf/esp_hal_security/CMakeFiles/__idf_esp_hal_security.dir/aes_hal.c.obj
[745/913] Building C object esp-idf/esp_hal_security/CMakeFiles/__idf_esp_hal_security.dir/mpu_hal.c.obj
[746/913] Building C object esp-idf/esp_hal_security/CMakeFiles/__idf_esp_hal_security.dir/ds_hal.c.obj
[747/913] Building C object esp-idf/esp_hal_security/CMakeFiles/__idf_esp_hal_security.dir/hmac_hal.c.obj
[748/913] Building C object esp-idf/esp_partition/CMakeFiles/__idf_esp_partition.dir/partition.c.obj
[749/913] Building C object esp-idf/esp_hal_mspi/CMakeFiles/__idf_esp_hal_mspi.dir/spi_flash_encrypt_hal_iram.c.obj
[750/913] Building C object esp-idf/esp_hal_gpspi/CMakeFiles/__idf_esp_hal_gpspi.dir/esp32s3/spi_periph.c.obj
[751/913] Building C object esp-idf/esp_hal_mspi/CMakeFiles/__idf_esp_hal_mspi.dir/spi_flash_hal.c.obj
[752/913] Building C object esp-idf/app_update/CMakeFiles/__idf_app_update.dir/esp_ota_ops.c.obj
[753/913] Building C object esp-idf/esp_hal_gpspi/CMakeFiles/__idf_esp_hal_gpspi.dir/spi_hal.c.obj
[754/913] Building C object esp-idf/esp_hal_mspi/CMakeFiles/__idf_esp_hal_mspi.dir/spi_flash_hal_gpspi.c.obj
[755/913] Building C object esp-idf/esp_hal_gpspi/CMakeFiles/__idf_esp_hal_gpspi.dir/spi_slave_hal.c.obj
[756/913] Building C object esp-idf/esp_hal_clock/CMakeFiles/__idf_esp_hal_clock.dir/esp32s3/clk_tree_hal.c.obj
[757/913] Building C object esp-idf/esp_hal_gpspi/CMakeFiles/__idf_esp_hal_gpspi.dir/spi_slave_hal_iram.c.obj
[758/913] Building C object esp-idf/esp_hal_dma/CMakeFiles/__idf_esp_hal_dma.dir/gdma_hal_top.c.obj
[759/913] Building C object esp-idf/esp_hal_mspi/CMakeFiles/__idf_esp_hal_mspi.dir/spi_flash_hal_iram.c.obj
[760/913] Building C object esp-idf/esp_stdio/CMakeFiles/__idf_esp_stdio.dir/stdio_simple.c.obj
[761/913] Building C object esp-idf/esp_hal_dma/CMakeFiles/__idf_esp_hal_dma.dir/esp32s3/gdma_periph.c.obj
[762/913] Building C object esp-idf/esp_driver_gpio/CMakeFiles/__idf_esp_driver_gpio.dir/src/gpio.c.obj
[763/913] Building C object esp-idf/esp_stdio/CMakeFiles/__idf_esp_stdio.dir/stdio_syscalls_simple.c.obj
[764/913] Building C object esp-idf/xtensa/CMakeFiles/__idf_xtensa.dir/eri.c.obj
[765/913] Building ASM object esp-idf/xtensa/CMakeFiles/__idf_xtensa.dir/xtensa_context.S.obj
[766/913] Building C object esp-idf/xtensa/CMakeFiles/__idf_xtensa.dir/xt_trax.c.obj
[767/913] Building C object esp-idf/esp_hal_gpspi/CMakeFiles/__idf_esp_hal_gpspi.dir/spi_hal_iram.c.obj
[768/913] Building ASM object esp-idf/xtensa/CMakeFiles/__idf_xtensa.dir/xtensa_intr_asm.S.obj
[769/913] Building C object esp-idf/esp_hal_dma/CMakeFiles/__idf_esp_hal_dma.dir/gdma_hal_ahb_v1.c.obj
[770/913] Building C object esp-idf/esp_stdio/CMakeFiles/__idf_esp_stdio.dir/stdio_vfs.c.obj
[771/913] Building ASM object esp-idf/xtensa/CMakeFiles/__idf_xtensa.dir/xtensa_vectors.S.obj
[772/913] Building C object esp-idf/xtensa/CMakeFiles/__idf_xtensa.dir/xtensa_intr.c.obj
[773/913] Linking C static library esp-idf/esp_driver_gpio/libesp_driver_gpio.a
[774/913] Building C object esp-idf/esp_hal_i2c/CMakeFiles/__idf_esp_hal_i2c.dir/esp32s3/i2c_periph.c.obj
[775/913] Building C object esp-idf/esp_hal_gpspi/CMakeFiles/__idf_esp_hal_gpspi.dir/spi_slave_hd_hal.c.obj
[776/913] Building C object esp-idf/esp_hal_i2c/CMakeFiles/__idf_esp_hal_i2c.dir/i2c_hal_iram.c.obj
[777/913] Building C object esp-idf/esp_hal_i2c/CMakeFiles/__idf_esp_hal_i2c.dir/i2c_hal.c.obj
[778/913] Linking C static library esp-idf/esp_security/libesp_security.a
[779/913] Building C object esp-idf/esp_driver_i2c/CMakeFiles/__idf_esp_driver_i2c.dir/i2c_common.c.obj
[780/913] Building C object esp-idf/esp_hal_lcd/CMakeFiles/__idf_esp_hal_lcd.dir/esp32s3/lcd_periph.c.obj
[781/913] Building C object esp-idf/esp_hal_lcd/CMakeFiles/__idf_esp_hal_lcd.dir/lcd_hal.c.obj
[782/913] Linking C static library esp-idf/esp_timer/libesp_timer.a
[783/913] Building C object esp-idf/esp_driver_i2c/CMakeFiles/__idf_esp_driver_i2c.dir/i2c_slave.c.obj
[784/913] Building C object esp-idf/esp_driver_spi/CMakeFiles/__idf_esp_driver_spi.dir/src/gpspi/spi_slave.c.obj
[785/913] Linking C static library esp-idf/esp_hal_timg/libesp_hal_timg.a
[786/913] Building C object esp-idf/esp_driver_i2s/CMakeFiles/__idf_esp_driver_i2s.dir/i2s_std.c.obj
[787/913] Building C object esp-idf/esp_driver_i2s/CMakeFiles/__idf_esp_driver_i2s.dir/i2s_tdm.c.obj
[788/913] Building C object esp-idf/esp_hal_twai/CMakeFiles/__idf_esp_hal_twai.dir/esp32s3/twai_periph.c.obj
[789/913] Building C object esp-idf/esp_driver_i2s/CMakeFiles/__idf_esp_driver_i2s.dir/i2s_platform.c.obj
[790/913] Linking C static library esp-idf/efuse/libefuse.a
[791/913] Building C object esp-idf/esp_driver_spi/CMakeFiles/__idf_esp_driver_spi.dir/src/gpspi/spi_slave_hd.c.obj
[792/913] Building C object esp-idf/esp_driver_spi/CMakeFiles/__idf_esp_driver_spi.dir/src/gpspi/spi_common.c.obj
[793/913] Building C object esp-idf/esp_lcd/CMakeFiles/__idf_esp_lcd.dir/src/esp_lcd_common.c.obj
[794/913] Linking C static library esp-idf/esp_partition/libesp_partition.a
[795/913] Building C object esp-idf/esp_driver_i2s/CMakeFiles/__idf_esp_driver_i2s.dir/i2s_common.c.obj
[796/913] Building C object esp-idf/esp_lcd/CMakeFiles/__idf_esp_lcd.dir/src/esp_lcd_panel_io.c.obj
[797/913] Building C object esp-idf/esp_driver_i2s/CMakeFiles/__idf_esp_driver_i2s.dir/i2s_pdm.c.obj
[798/913] Building C object esp-idf/esp_driver_i2c/CMakeFiles/__idf_esp_driver_i2c.dir/i2c_master.c.obj
[799/913] Linking C static library esp-idf/app_update/libapp_update.a
[800/913] Building C object esp-idf/esp_driver_spi/CMakeFiles/__idf_esp_driver_spi.dir/src/gpspi/spi_master.c.obj
[801/913] Building C object esp-idf/esp_lcd/CMakeFiles/__idf_esp_lcd.dir/src/esp_lcd_panel_ops.c.obj
[802/913] Building C object esp-idf/esp_lcd/CMakeFiles/__idf_esp_lcd.dir/src/esp_lcd_panel_ssd1306.c.obj
[803/913] Building C object esp-idf/esp_lcd/CMakeFiles/__idf_esp_lcd.dir/src/esp_lcd_panel_st7789.c.obj
[804/913] Building C object esp-idf/esp_lcd/CMakeFiles/__idf_esp_lcd.dir/i2c/esp_lcd_panel_io_i2c.c.obj
[805/913] Linking C static library esp-idf/esp_bootloader_format/libesp_bootloader_format.a
[806/913] Building C object esp-idf/esp_hal_twai/CMakeFiles/__idf_esp_hal_twai.dir/twai_hal_v1.c.obj
[807/913] Building C object esp-idf/esp_lcd/CMakeFiles/__idf_esp_lcd.dir/spi/esp_lcd_panel_io_spi.c.obj
[808/913] Building C object esp-idf/espressif__esp_lcd_qemu_rgb/CMakeFiles/__idf_espressif__esp_lcd_qemu_rgb.dir/src/esp_lcd_qemu_rgb.c.obj
[809/913] Linking C static library esp-idf/esp_app_format/libesp_app_format.a
[810/913] Building C object esp-idf/driver/CMakeFiles/__idf_driver.dir/touch_sensor/touch_sensor_common.c.obj
[811/913] Building C object esp-idf/espressif__esp_lcd_co5300/CMakeFiles/__idf_espressif__esp_lcd_co5300.dir/esp_lcd_co5300.c.obj
[812/913] Building C object esp-idf/espressif__esp_lcd_co5300/CMakeFiles/__idf_espressif__esp_lcd_co5300.dir/esp_lcd_co5300_mipi.c.obj
[813/913] Building C object esp-idf/esp_lcd/CMakeFiles/__idf_esp_lcd.dir/i80/esp_lcd_panel_io_i80.c.obj
[814/913] Building C object esp-idf/espressif__esp_lcd_touch/CMakeFiles/__idf_espressif__esp_lcd_touch.dir/esp_lcd_touch.c.obj
[815/913] Linking C static library esp-idf/esp_hal_security/libesp_hal_security.a
[816/913] Building C object esp-idf/espressif__tinyusb/CMakeFiles/__idf_espressif__tinyusb.dir/src/class/cdc/cdc_device.c.obj
[817/913] Building C object esp-idf/driver/CMakeFiles/__idf_driver.dir/twai/twai.c.obj
[818/913] Building C object esp-idf/espressif__tinyusb/CMakeFiles/__idf_espressif__tinyusb.dir/src/class/hid/hid_device.c.obj
[819/913] Building C object esp-idf/espressif__esp_lcd_co5300/CMakeFiles/__idf_espressif__esp_lcd_co5300.dir/esp_lcd_co5300_spi.c.obj
[820/913] Building C object esp-idf/espressif__tinyusb/CMakeFiles/__idf_espressif__tinyusb.dir/src/class/midi/midi_device.c.obj
[821/913] Building C object esp-idf/espressif__tinyusb/CMakeFiles/__idf_espressif__tinyusb.dir/src/class/midi/midi2_device.c.obj
[822/913] Building C object esp-idf/waveshare__pcf85063a/CMakeFiles/__idf_waveshare__pcf85063a.dir/pcf85063a.c.obj
[823/913] Building C object esp-idf/espressif__esp_lcd_touch_cst816s/CMakeFiles/__idf_espressif__esp_lcd_touch_cst816s.dir/esp_lcd_touch_cst816s.c.obj
[824/913] Building C object esp-idf/espressif__tinyusb/CMakeFiles/__idf_espressif__tinyusb.dir/src/class/mtp/mtp_device.c.obj
[825/913] Linking C static library esp-idf/esp_hal_mspi/libesp_hal_mspi.a
[826/913] Building C object esp-idf/espressif__tinyusb/CMakeFiles/__idf_espressif__tinyusb.dir/src/class/printer/printer_device.c.obj
[827/913] Building C object esp-idf/espressif__tinyusb/CMakeFiles/__idf_espressif__tinyusb.dir/src/class/vendor/vendor_device.c.obj
[828/913] Building C object esp-idf/driver/CMakeFiles/__idf_driver.dir/touch_sensor/esp32s3/touch_sensor.c.obj
[829/913] Building C object esp-idf/espressif__tinyusb/CMakeFiles/__idf_espressif__tinyusb.dir/src/class/video/video_device.c.obj
[830/913] Building C object esp-idf/espressif__tinyusb/CMakeFiles/__idf_espressif__tinyusb.dir/src/class/audio/audio_device.c.obj
[831/913] Building C object esp-idf/espressif__tinyusb/CMakeFiles/__idf_espressif__tinyusb.dir/src/class/bth/bth_device.c.obj
[832/913] Building C object esp-idf/espressif__tinyusb/CMakeFiles/__idf_espressif__tinyusb.dir/src/class/usbtmc/usbtmc_device.c.obj
[833/913] Building C object esp-idf/espressif__tinyusb/CMakeFiles/__idf_espressif__tinyusb.dir/src/class/net/ecm_rndis_device.c.obj
[834/913] Linking C static library esp-idf/esp_hal_clock/libesp_hal_clock.a
[835/913] Building C object esp-idf/espressif__tinyusb/CMakeFiles/__idf_espressif__tinyusb.dir/src/class/net/ncm_device.c.obj
[836/913] Building C object esp-idf/espressif__tinyusb/CMakeFiles/__idf_espressif__tinyusb.dir/src/class/dfu/dfu_device.c.obj
[837/913] Building C object esp-idf/espressif__tinyusb/CMakeFiles/__idf_espressif__tinyusb.dir/src/class/dfu/dfu_rt_device.c.obj
[838/913] Building C object esp-idf/espressif__tinyusb/CMakeFiles/__idf_espressif__tinyusb.dir/lib/networking/rndis_reports.c.obj
[839/913] Building C object esp-idf/espressif__tinyusb/CMakeFiles/__idf_espressif__tinyusb.dir/src/class/msc/msc_device.c.obj
[840/913] Building C object esp-idf/driver/CMakeFiles/__idf_driver.dir/i2c/i2c.c.obj
[841/913] Building C object esp-idf/espressif__tinyusb/CMakeFiles/__idf_espressif__tinyusb.dir/src/portable/synopsys/dwc2/dwc2_common.c.obj
[842/913] Linking C static library esp-idf/esp_hal_gpspi/libesp_hal_gpspi.a
[843/913] Building C object esp-idf/esp_lcd/CMakeFiles/__idf_esp_lcd.dir/rgb/esp_lcd_panel_rgb.c.obj
[844/913] Building C object esp-idf/espressif__tinyusb/CMakeFiles/__idf_espressif__tinyusb.dir/src/tusb.c.obj
[845/913] Building CXX object esp-idf/main/CMakeFiles/__idf_main.dir/physical_touch.cpp.obj
/Users/sarah/src/tries/2026-08-09-espdraw/esp32/main/physical_touch.cpp: In member function 'tinydraw::esp32::TouchRead tinydraw::esp32::PhysicalTouch::read(tinydraw::Point&)':
/Users/sarah/src/tries/2026-08-09-espdraw/esp32/main/physical_touch.cpp:53:37: warning: 'bool esp_lcd_touch_get_coordinates(esp_lcd_touch_handle_t, uint16_t*, uint16_t*, uint16_t*, uint8_t*, uint8_t)' is deprecated: This API will be removed in version 2.0.0. Use esp_lcd_touch_get_data instead! [-Wdeprecated-declarations]
   53 |   if (!esp_lcd_touch_get_coordinates(touch_, &x, &y, &strength, &count, 1) || count == 0U) {
      |        ~~~~~~~~~~~~~~~~~~~~~~~~~~~~~^~~~~~~~~~~~~~~~~~~~~~~~~~~~~~~~~~~~~~
In file included from /Users/sarah/src/tries/2026-08-09-espdraw/esp32/main/physical_touch.h:6,
                 from /Users/sarah/src/tries/2026-08-09-espdraw/esp32/main/physical_touch.cpp:1:
/Users/sarah/src/tries/2026-08-09-espdraw/esp32/managed_components/espressif__esp_lcd_touch/include/esp_lcd_touch.h:317:6: note: declared here
  317 | bool esp_lcd_touch_get_coordinates(esp_lcd_touch_handle_t tp, uint16_t *x, uint16_t *y, uint16_t *strength, uint8_t *point_num, uint8_t max_point_num);
      |      ^~~~~~~~~~~~~~~~~~~~~~~~~~~~~
[846/913] Linking C static library esp-idf/esp_hal_dma/libesp_hal_dma.a
[847/913] Building C object esp-idf/espressif__tinyusb/CMakeFiles/__idf_espressif__tinyusb.dir/src/common/tusb_fifo.c.obj
[848/913] Linking C static library esp-idf/esp_stdio/libesp_stdio.a
[849/913] Building C object esp-idf/espressif__tinyusb/CMakeFiles/__idf_espressif__tinyusb.dir/src/portable/synopsys/dwc2/dcd_dwc2.c.obj
[850/913] Linking C static library esp-idf/xtensa/libxtensa.a
[851/913] Building C object esp-idf/espressif__tinyusb/CMakeFiles/__idf_espressif__tinyusb.dir/src/device/usbd.c.obj
[852/913] Building CXX object esp-idf/main/CMakeFiles/__idf_main.dir/power_manager.cpp.obj
[853/913] Building CXX object esp-idf/main/CMakeFiles/__idf_main.dir/vector_v2/vector_v2_export.cpp.obj
[854/913] Linking C static library esp-idf/esp_hal_i2c/libesp_hal_i2c.a
[855/913] Linking C static library esp-idf/esp_hal_lcd/libesp_hal_lcd.a
[856/913] Linking C static library esp-idf/esp_driver_spi/libesp_driver_spi.a
[857/913] Linking C static library esp-idf/esp_driver_i2s/libesp_driver_i2s.a
[858/913] Linking C static library esp-idf/esp_driver_i2c/libesp_driver_i2c.a
[859/913] Linking C static library esp-idf/esp_hal_twai/libesp_hal_twai.a
[860/913] Building CXX object esp-idf/main/CMakeFiles/__idf_main.dir/vector_v2/vector_v2_touch_sampler.cpp.obj
[861/913] Building CXX object esp-idf/main/CMakeFiles/__idf_main.dir/vector_v2/svg_export_store.cpp.obj
[862/913] Building CXX object esp-idf/main/CMakeFiles/__idf_main.dir/usb_export.cpp.obj
[863/913] Linking C static library esp-idf/espressif__tinyusb/libespressif__tinyusb.a
[864/913] Linking C static library esp-idf/esp_lcd/libesp_lcd.a
[865/913] Linking C static library esp-idf/driver/libdriver.a
[866/913] Linking C static library esp-idf/waveshare__pcf85063a/libwaveshare__pcf85063a.a
[867/913] Linking C static library esp-idf/espressif__esp_lcd_qemu_rgb/libespressif__esp_lcd_qemu_rgb.a
[868/913] Linking C static library esp-idf/espressif__esp_lcd_touch/libespressif__esp_lcd_touch.a
[869/913] Linking C static library esp-idf/espressif__esp_lcd_co5300/libespressif__esp_lcd_co5300.a
[870/913] Building CXX object esp-idf/main/CMakeFiles/__idf_main.dir/Users/sarah/src/tries/2026-08-09-espdraw/core/src/coverage_tile.cpp.obj
[871/913] Building CXX object esp-idf/main/CMakeFiles/__idf_main.dir/Users/sarah/src/tries/2026-08-09-espdraw/core/src/fat16_disk.cpp.obj
[872/913] Linking C static library esp-idf/espressif__esp_lcd_touch_cst816s/libespressif__esp_lcd_touch_cst816s.a
[873/913] Building CXX object esp-idf/main/CMakeFiles/__idf_main.dir/Users/sarah/src/tries/2026-08-09-espdraw/core/src/ink_stream.cpp.obj
[874/913] Building CXX object esp-idf/main/CMakeFiles/__idf_main.dir/Users/sarah/src/tries/2026-08-09-espdraw/core/src/realistic_workload.cpp.obj
[875/913] Building CXX object esp-idf/main/CMakeFiles/__idf_main.dir/Users/sarah/src/tries/2026-08-09-espdraw/vector_v2/src/chained_operation_builder.cpp.obj
[876/913] Building CXX object esp-idf/main/CMakeFiles/__idf_main.dir/Users/sarah/src/tries/2026-08-09-espdraw/vector_v2/src/display_scheduler.cpp.obj
[877/913] Building CXX object esp-idf/main/CMakeFiles/__idf_main.dir/Users/sarah/src/tries/2026-08-09-espdraw/core/src/vector_document.cpp.obj
[878/913] Building CXX object esp-idf/main/CMakeFiles/__idf_main.dir/co5300_panel_transport.cpp.obj
[879/913] Building CXX object esp-idf/main/CMakeFiles/__idf_main.dir/Users/sarah/src/tries/2026-08-09-espdraw/vector_v2/src/idle_repair.cpp.obj
[880/913] Building CXX object esp-idf/main/CMakeFiles/__idf_main.dir/Users/sarah/src/tries/2026-08-09-espdraw/core/src/ribbon_renderer.cpp.obj
[881/913] Building CXX object esp-idf/main/CMakeFiles/__idf_main.dir/Users/sarah/src/tries/2026-08-09-espdraw/vector_v2/src/operation.cpp.obj
[882/913] Building CXX object esp-idf/main/CMakeFiles/__idf_main.dir/Users/sarah/src/tries/2026-08-09-espdraw/vector_v2/src/navigation_state.cpp.obj
[883/913] Building CXX object esp-idf/main/CMakeFiles/__idf_main.dir/Users/sarah/src/tries/2026-08-09-espdraw/vector_v2/src/frame_scroller.cpp.obj
[884/913] Building CXX object esp-idf/main/CMakeFiles/__idf_main.dir/vector_v2/vector_v2_presenter.cpp.obj
[885/913] Building CXX object esp-idf/main/CMakeFiles/__idf_main.dir/Users/sarah/src/tries/2026-08-09-espdraw/core/src/ribbon_geometry.cpp.obj
[886/913] Building CXX object esp-idf/main/CMakeFiles/__idf_main.dir/Users/sarah/src/tries/2026-08-09-espdraw/vector_v2/src/operation_builder.cpp.obj
[887/913] Building CXX object esp-idf/main/CMakeFiles/__idf_main.dir/Users/sarah/src/tries/2026-08-09-espdraw/vector_v2/src/render_accounting.cpp.obj
[888/913] Building CXX object esp-idf/main/CMakeFiles/__idf_main.dir/Users/sarah/src/tries/2026-08-09-espdraw/vector_v2/src/ink_trace.cpp.obj
[889/913] Building CXX object esp-idf/main/CMakeFiles/__idf_main.dir/Users/sarah/src/tries/2026-08-09-espdraw/vector_v2/src/replay_block_index.cpp.obj
[890/913] Building CXX object esp-idf/main/CMakeFiles/__idf_main.dir/Users/sarah/src/tries/2026-08-09-espdraw/vector_v2/src/incremental_document.cpp.obj
[891/913] Building CXX object esp-idf/main/CMakeFiles/__idf_main.dir/Users/sarah/src/tries/2026-08-09-espdraw/vector_v2/src/operation_log.cpp.obj
[892/913] Building CXX object esp-idf/main/CMakeFiles/__idf_main.dir/Users/sarah/src/tries/2026-08-09-espdraw/vector_v2/src/rerender_ledger.cpp.obj
[893/913] Building CXX object esp-idf/main/CMakeFiles/__idf_main.dir/Users/sarah/src/tries/2026-08-09-espdraw/vector_v2/src/tile_payload_analysis.cpp.obj
[894/913] Building CXX object esp-idf/main/CMakeFiles/__idf_main.dir/Users/sarah/src/tries/2026-08-09-espdraw/vector_v2/src/operation_lod_store.cpp.obj
[895/913] Building CXX object esp-idf/main/CMakeFiles/__idf_main.dir/Users/sarah/src/tries/2026-08-09-espdraw/vector_v2/src/touch_event_buffer.cpp.obj
[896/913] Building CXX object esp-idf/main/CMakeFiles/__idf_main.dir/vector_v2/vector_v2_app.cpp.obj
[897/913] Building CXX object esp-idf/main/CMakeFiles/__idf_main.dir/Users/sarah/src/tries/2026-08-09-espdraw/vector_v2/src/settled_tile.cpp.obj
[898/913] Building CXX object esp-idf/main/CMakeFiles/__idf_main.dir/Users/sarah/src/tries/2026-08-09-espdraw/vector_v2/src/chrome.cpp.obj
[899/913] Building CXX object esp-idf/main/CMakeFiles/__idf_main.dir/Users/sarah/src/tries/2026-08-09-espdraw/vector_v2/src/world_export.cpp.obj
[900/913] Building CXX object esp-idf/main/CMakeFiles/__idf_main.dir/Users/sarah/src/tries/2026-08-09-espdraw/vector_v2/src/incremental_rasterizer.cpp.obj
[901/913] Building CXX object esp-idf/main/CMakeFiles/__idf_main.dir/Users/sarah/src/tries/2026-08-09-espdraw/vector_v2/src/svg_export.cpp.obj
[902/913] Building CXX object esp-idf/main/CMakeFiles/__idf_main.dir/Users/sarah/src/tries/2026-08-09-espdraw/vector_v2/src/materialized_canvas.cpp.obj
[903/913] Performing configure step for 'bootloader'
-- Found Git: /usr/bin/git (found version "2.54.0 (Apple Git-156)")
-- Component directory /Users/sarah/.espressif/v6.0.2/esp-idf/components/mqtt does not contain a CMakeLists.txt file. No component will be added
-- Minimal build - OFF
-- The C compiler identification is GNU 15.2.0
-- The CXX compiler identification is GNU 15.2.0
-- The ASM compiler identification is GNU
-- Found assembler: /Users/sarah/.espressif/tools/xtensa-esp-elf/esp-15.2.0_20251204/xtensa-esp-elf/bin/xtensa-esp32s3-elf-gcc
-- Detecting C compiler ABI info
-- Detecting C compiler ABI info - done
-- Check for working C compiler: /Users/sarah/.espressif/tools/xtensa-esp-elf/esp-15.2.0_20251204/xtensa-esp-elf/bin/xtensa-esp32s3-elf-gcc - skipped
-- Detecting C compile features
-- Detecting C compile features - done
-- Detecting CXX compiler ABI info
-- Detecting CXX compiler ABI info - done
-- Check for working CXX compiler: /Users/sarah/.espressif/tools/xtensa-esp-elf/esp-15.2.0_20251204/xtensa-esp-elf/bin/xtensa-esp32s3-elf-g++ - skipped
-- Detecting CXX compile features
-- Detecting CXX compile features - done
-- Building ESP-IDF components for target esp32s3
-- ESP-TEE is currently supported only on the esp32c6;esp32h2;esp32c5;esp32c61 SoCs
-- KCONFIG_REPORT_VERBOSITY not set, using default
-- Project sdkconfig file /Users/sarah/src/tries/2026-08-09-espdraw/out/build/esp32-vector-v2/sdkconfig
NOTE: Kconfig parser version: 1
NOTE: Kconfig defaults policy: use sdkconfig
NOTE: Status: Finished successfully
-- Compiler supported targets: xtensa-esp-elf
-- Detecting C compiler ABI info
-- Detecting C compiler ABI info - done
-- Detecting CXX compiler ABI info
-- Detecting CXX compiler ABI info - done
-- Detecting C compiler ABI info
-- Detecting C compiler ABI info - done
-- Detecting CXX compiler ABI info
-- Detecting CXX compiler ABI info - done
-- Adding linker script /Users/sarah/.espressif/v6.0.2/esp-idf/components/soc/esp32s3/ld/esp32s3.peripherals.ld
-- Bootloader project name: "bootloader" version: 1
-- Adding linker script /Users/sarah/.espressif/v6.0.2/esp-idf/components/esp_hal_wdt/esp32s3/rom.wdt.ld
-- Adding linker script /Users/sarah/.espressif/v6.0.2/esp-idf/components/esp_rom/esp32s3/ld/esp32s3.rom.ld
-- Adding linker script /Users/sarah/.espressif/v6.0.2/esp-idf/components/esp_rom/esp32s3/ld/esp32s3.rom.api.ld
-- Adding linker script /Users/sarah/.espressif/v6.0.2/esp-idf/components/esp_rom/esp32s3/ld/esp32s3.rom.bt_funcs.ld
-- Adding linker script /Users/sarah/.espressif/v6.0.2/esp-idf/components/esp_rom/esp32s3/ld/esp32s3.rom.libgcc.ld
-- Adding linker script /Users/sarah/.espressif/v6.0.2/esp-idf/components/esp_rom/esp32s3/ld/esp32s3.rom.version.ld
-- Adding linker script /Users/sarah/.espressif/v6.0.2/esp-idf/components/esp_rom/esp32s3/ld/esp32s3.rom.libc.ld
-- Components: bootloader bootloader_support efuse esp_app_format esp_blockdev esp_bootloader_format esp_common esp_hal_ana_conv esp_hal_clock esp_hal_dma esp_hal_gpio esp_hal_gpspi esp_hal_mspi esp_hal_pmu esp_hal_rtc_timer esp_hal_security esp_hal_timg esp_hal_uart esp_hal_usb esp_hal_wdt esp_hw_support esp_libc esp_rom esp_security esp_stdio esp_system esptool_py freertos hal log main micro-ecc partition_table soc spi_flash xtensa
-- Component paths: /Users/sarah/.espressif/v6.0.2/esp-idf/components/bootloader /Users/sarah/.espressif/v6.0.2/esp-idf/components/bootloader_support /Users/sarah/.espressif/v6.0.2/esp-idf/components/efuse /Users/sarah/.espressif/v6.0.2/esp-idf/components/esp_app_format /Users/sarah/.espressif/v6.0.2/esp-idf/components/esp_blockdev /Users/sarah/.espressif/v6.0.2/esp-idf/components/esp_bootloader_format /Users/sarah/.espressif/v6.0.2/esp-idf/components/esp_common /Users/sarah/.espressif/v6.0.2/esp-idf/components/esp_hal_ana_conv /Users/sarah/.espressif/v6.0.2/esp-idf/components/esp_hal_clock /Users/sarah/.espressif/v6.0.2/esp-idf/components/esp_hal_dma /Users/sarah/.espressif/v6.0.2/esp-idf/components/esp_hal_gpio /Users/sarah/.espressif/v6.0.2/esp-idf/components/esp_hal_gpspi /Users/sarah/.espressif/v6.0.2/esp-idf/components/esp_hal_mspi /Users/sarah/.espressif/v6.0.2/esp-idf/components/esp_hal_pmu /Users/sarah/.espressif/v6.0.2/esp-idf/components/esp_hal_rtc_timer /Users/sarah/.espressif/v6.0.2/esp-idf/components/esp_hal_security /Users/sarah/.espressif/v6.0.2/esp-idf/components/esp_hal_timg /Users/sarah/.espressif/v6.0.2/esp-idf/components/esp_hal_uart /Users/sarah/.espressif/v6.0.2/esp-idf/components/esp_hal_usb /Users/sarah/.espressif/v6.0.2/esp-idf/components/esp_hal_wdt /Users/sarah/.espressif/v6.0.2/esp-idf/components/esp_hw_support /Users/sarah/.espressif/v6.0.2/esp-idf/components/esp_libc /Users/sarah/.espressif/v6.0.2/esp-idf/components/esp_rom /Users/sarah/.espressif/v6.0.2/esp-idf/components/esp_security /Users/sarah/.espressif/v6.0.2/esp-idf/components/esp_stdio /Users/sarah/.espressif/v6.0.2/esp-idf/components/esp_system /Users/sarah/.espressif/v6.0.2/esp-idf/components/esptool_py /Users/sarah/.espressif/v6.0.2/esp-idf/components/freertos /Users/sarah/.espressif/v6.0.2/esp-idf/components/hal /Users/sarah/.espressif/v6.0.2/esp-idf/components/log /Users/sarah/.espressif/v6.0.2/esp-idf/components/bootloader/subproject/main /Users/sarah/.espressif/v6.0.2/esp-idf/components/bootloader/subproject/components/micro-ecc /Users/sarah/.espressif/v6.0.2/esp-idf/components/partition_table /Users/sarah/.espressif/v6.0.2/esp-idf/components/soc /Users/sarah/.espressif/v6.0.2/esp-idf/components/spi_flash /Users/sarah/.espressif/v6.0.2/esp-idf/components/xtensa
-- Adding linker script /Users/sarah/.espressif/v6.0.2/esp-idf/components/bootloader/subproject/main/ld/esp32s3/bootloader.memory.ld.in
--   -> Preprocessing .in script: /Users/sarah/.espressif/v6.0.2/esp-idf/components/bootloader/subproject/main/ld/esp32s3/bootloader.memory.ld.in
-- Adding linker script /Users/sarah/.espressif/v6.0.2/esp-idf/components/bootloader/subproject/main/ld/esp32s3/bootloader.sections.ld.in
--   -> Preprocessing .in script: /Users/sarah/.espressif/v6.0.2/esp-idf/components/bootloader/subproject/main/ld/esp32s3/bootloader.sections.ld.in
-- Configuring done (5.8s)
-- Generating done (0.1s)
-- Build files have been written to: /Users/sarah/src/tries/2026-08-09-espdraw/out/build/esp32-vector-v2/bootloader
[904/913] Building CXX object esp-idf/main/CMakeFiles/__idf_main.dir/Users/sarah/src/tries/2026-08-09-espdraw/vector_v2/src/tile_producer.cpp.obj
[905/913] Linking C static library esp-idf/main/libmain.a
[906/913] Performing build step for 'bootloader'
[1/153] Building C object esp-idf/esp_rom/CMakeFiles/__idf_esp_rom.dir/patches/esp_rom_crc.c.obj
[2/153] Building C object esp-idf/log/CMakeFiles/__idf_log.dir/src/noos/util.c.obj
[3/153] Building C object esp-idf/log/CMakeFiles/__idf_log.dir/src/noos/log_lock.c.obj
[4/153] Building C object esp-idf/log/CMakeFiles/__idf_log.dir/src/log_timestamp_common.c.obj
[5/153] Building C object esp-idf/log/CMakeFiles/__idf_log.dir/src/util.c.obj
[6/153] Building C object esp-idf/log/CMakeFiles/__idf_log.dir/src/log.c.obj
[7/153] Building C object esp-idf/esp_rom/CMakeFiles/__idf_esp_rom.dir/patches/esp_rom_sys.c.obj
[8/153] Building C object esp-idf/log/CMakeFiles/__idf_log.dir/src/log_format_text.c.obj
[9/153] Building C object esp-idf/log/CMakeFiles/__idf_log.dir/src/noos/log_timestamp.c.obj
[10/153] Building C object esp-idf/log/CMakeFiles/__idf_log.dir/src/log_print.c.obj
[11/153] Building C object esp-idf/log/CMakeFiles/__idf_log.dir/src/buffer/log_buffers.c.obj
[12/153] Building ASM object esp-idf/esp_rom/CMakeFiles/__idf_esp_rom.dir/patches/esp_rom_longjmp.S.obj
[13/153] Building ASM object esp-idf/esp_rom/CMakeFiles/__idf_esp_rom.dir/patches/esp_rom_cache_writeback_esp32s3.S.obj
[14/153] Building C object esp-idf/esp_rom/CMakeFiles/__idf_esp_rom.dir/patches/esp_rom_print.c.obj
[15/153] Building C object esp-idf/esp_rom/CMakeFiles/__idf_esp_rom.dir/patches/esp_rom_efuse.c.obj
[16/153] Building C object esp-idf/esp_rom/CMakeFiles/__idf_esp_rom.dir/patches/esp_rom_gpio.c.obj
[17/153] Building C object esp-idf/esp_rom/CMakeFiles/__idf_esp_rom.dir/patches/esp_rom_spiflash.c.obj
[18/153] Building C object esp-idf/esp_rom/CMakeFiles/__idf_esp_rom.dir/patches/esp_rom_systimer.c.obj
[19/153] Building C object esp-idf/esp_rom/CMakeFiles/__idf_esp_rom.dir/patches/esp_rom_serial_output.c.obj
[20/153] Building C object esp-idf/esp_rom/CMakeFiles/__idf_esp_rom.dir/patches/esp_rom_cache_esp32s2_esp32s3.c.obj
[21/153] Building C object esp-idf/esp_common/CMakeFiles/__idf_esp_common.dir/src/esp_err_to_name.c.obj
[22/153] Building C object esp-idf/esp_hw_support/CMakeFiles/__idf_esp_hw_support.dir/cpu.c.obj
[23/153] Linking C static library esp-idf/log/liblog.a
[24/153] Building C object esp-idf/esp_hw_support/CMakeFiles/__idf_esp_hw_support.dir/esp_memory_utils.c.obj
[25/153] Building C object esp-idf/esp_hw_support/CMakeFiles/__idf_esp_hw_support.dir/port/esp32s3/esp_cpu_intr.c.obj
[26/153] Building C object esp-idf/esp_hw_support/CMakeFiles/__idf_esp_hw_support.dir/port/esp32s3/cpu_region_protect.c.obj
[27/153] Building C object esp-idf/esp_hw_support/CMakeFiles/__idf_esp_hw_support.dir/port/esp32s3/rtc_clk_init.c.obj
[28/153] Building C object esp-idf/esp_hw_support/CMakeFiles/__idf_esp_hw_support.dir/port/esp32s3/chip_info.c.obj
[29/153] Building C object esp-idf/esp_system/CMakeFiles/__idf_esp_system.dir/esp_err.c.obj
[30/153] Building C object esp-idf/esp_hw_support/CMakeFiles/__idf_esp_hw_support.dir/port/esp32s3/rtc_time.c.obj
[31/153] Building C object esp-idf/esp_hw_support/CMakeFiles/__idf_esp_hw_support.dir/port/esp32s3/rtc_sleep.c.obj
[32/153] Building C object esp-idf/efuse/CMakeFiles/__idf_efuse.dir/esp32s3/esp_efuse_table.c.obj
[33/153] Building C object esp-idf/esp_hw_support/CMakeFiles/__idf_esp_hw_support.dir/port/esp32s3/rtc_init.c.obj
[34/153] Building C object esp-idf/efuse/CMakeFiles/__idf_efuse.dir/esp32s3/esp_efuse_fields.c.obj
[35/153] Building C object esp-idf/esp_hw_support/CMakeFiles/__idf_esp_hw_support.dir/port/esp32s3/rtc_clk.c.obj
[36/153] Linking C static library esp-idf/esp_rom/libesp_rom.a
[37/153] Building C object esp-idf/efuse/CMakeFiles/__idf_efuse.dir/esp32s3/esp_efuse_rtc_calib.c.obj
[38/153] Building C object esp-idf/efuse/CMakeFiles/__idf_efuse.dir/esp32s3/esp_efuse_utility.c.obj
[39/153] Building C object esp-idf/efuse/CMakeFiles/__idf_efuse.dir/src/esp_efuse_fields.c.obj
[40/153] Building C object esp-idf/efuse/CMakeFiles/__idf_efuse.dir/src/esp_efuse_api.c.obj
[41/153] Building C object esp-idf/bootloader_support/CMakeFiles/__idf_bootloader_support.dir/src/bootloader_clock_init.c.obj
[42/153] Building C object esp-idf/bootloader_support/CMakeFiles/__idf_bootloader_support.dir/src/bootloader_mem.c.obj
[43/153] Linking C static library esp-idf/esp_common/libesp_common.a
[44/153] Building C object esp-idf/bootloader_support/CMakeFiles/__idf_bootloader_support.dir/src/bootloader_random.c.obj
[45/153] Building C object esp-idf/bootloader_support/CMakeFiles/__idf_bootloader_support.dir/src/bootloader_efuse.c.obj
[46/153] Building C object esp-idf/bootloader_support/CMakeFiles/__idf_bootloader_support.dir/src/bootloader_common.c.obj
[47/153] Building C object esp-idf/efuse/CMakeFiles/__idf_efuse.dir/src/esp_efuse_utility.c.obj
[48/153] Building C object esp-idf/bootloader_support/CMakeFiles/__idf_bootloader_support.dir/src/secure_boot.c.obj
[49/153] Building C object esp-idf/bootloader_support/CMakeFiles/__idf_bootloader_support.dir/src/bootloader_common_loader.c.obj
[50/153] Building C object esp-idf/bootloader_support/CMakeFiles/__idf_bootloader_support.dir/src/flash_encrypt.c.obj
[51/153] Linking C static library esp-idf/esp_hw_support/libesp_hw_support.a
[52/153] Building C object esp-idf/bootloader_support/CMakeFiles/__idf_bootloader_support.dir/src/bootloader_random_esp32s3.c.obj
[53/153] Building C object esp-idf/efuse/CMakeFiles/__idf_efuse.dir/src/efuse_controller/keys/with_key_purposes/esp_efuse_api_key.c.obj
[54/153] Building C object esp-idf/bootloader_support/CMakeFiles/__idf_bootloader_support.dir/src/flash_partitions.c.obj
[55/153] Building C object esp-idf/bootloader_support/CMakeFiles/__idf_bootloader_support.dir/bootloader_flash/src/bootloader_flash_config_esp32s3.c.obj
[56/153] Building C object esp-idf/bootloader_support/CMakeFiles/__idf_bootloader_support.dir/bootloader_flash/src/flash_qio_mode.c.obj
[57/153] Building C object esp-idf/bootloader_support/CMakeFiles/__idf_bootloader_support.dir/src/bootloader_sha.c.obj
[58/153] Building C object esp-idf/bootloader_support/CMakeFiles/__idf_bootloader_support.dir/src/esp32s3/bootloader_soc.c.obj
[59/153] Building C object esp-idf/bootloader_support/CMakeFiles/__idf_bootloader_support.dir/src/bootloader_console_loader.c.obj
[60/153] Building C object esp-idf/bootloader_support/CMakeFiles/__idf_bootloader_support.dir/src/bootloader_clock_loader.c.obj
[61/153] Linking C static library esp-idf/esp_system/libesp_system.a
[62/153] Building C object esp-idf/bootloader_support/CMakeFiles/__idf_bootloader_support.dir/src/bootloader_init.c.obj
[63/153] Building C object esp-idf/esp_security/CMakeFiles/__idf_esp_security.dir/src/esp_crypto_lock.c.obj
[64/153] Building C object esp-idf/bootloader_support/CMakeFiles/__idf_bootloader_support.dir/bootloader_flash/src/bootloader_flash.c.obj
[65/153] Building C object esp-idf/bootloader_support/CMakeFiles/__idf_bootloader_support.dir/src/bootloader_panic.c.obj
[66/153] Building C object esp-idf/bootloader_support/CMakeFiles/__idf_bootloader_support.dir/src/bootloader_console.c.obj
[67/153] Building C object esp-idf/esp_hal_ana_conv/CMakeFiles/__idf_esp_hal_ana_conv.dir/esp32s3/adc_periph.c.obj
[68/153] Building C object esp-idf/esp_hal_security/CMakeFiles/__idf_esp_hal_security.dir/mpu_hal.c.obj
[69/153] Building C object esp-idf/esp_security/CMakeFiles/__idf_esp_security.dir/src/esp_crypto_periph_clk.c.obj
[70/153] Linking C static library esp-idf/efuse/libefuse.a
[71/153] Building C object esp-idf/esp_hal_ana_conv/CMakeFiles/__idf_esp_hal_ana_conv.dir/esp32s3/temperature_sensor_periph.c.obj
[72/153] Building C object esp-idf/bootloader_support/CMakeFiles/__idf_bootloader_support.dir/src/esp32s3/bootloader_esp32s3.c.obj
[73/153] Building C object esp-idf/esp_hal_ana_conv/CMakeFiles/__idf_esp_hal_ana_conv.dir/adc_oneshot_hal.c.obj
[74/153] Building C object esp-idf/esp_hal_ana_conv/CMakeFiles/__idf_esp_hal_ana_conv.dir/temperature_sensor_hal.c.obj
[75/153] Building C object esp-idf/esp_hal_wdt/CMakeFiles/__idf_esp_hal_wdt.dir/esp32s3/mwdt_periph.c.obj
[76/153] Building C object esp-idf/esp_hal_ana_conv/CMakeFiles/__idf_esp_hal_ana_conv.dir/adc_hal_common.c.obj
[77/153] Building C object esp-idf/bootloader_support/CMakeFiles/__idf_bootloader_support.dir/src/bootloader_utility.c.obj
[78/153] Building C object esp-idf/esp_hal_uart/CMakeFiles/__idf_esp_hal_uart.dir/uart_hal_iram.c.obj
[79/153] Building C object esp-idf/bootloader_support/CMakeFiles/__idf_bootloader_support.dir/src/esp_image_format.c.obj
[80/153] Building C object esp-idf/esp_hal_uart/CMakeFiles/__idf_esp_hal_uart.dir/uhci_hal.c.obj
[81/153] Building C object esp-idf/esp_hal_uart/CMakeFiles/__idf_esp_hal_uart.dir/uart_hal.c.obj
[82/153] Building C object esp-idf/esp_hal_uart/CMakeFiles/__idf_esp_hal_uart.dir/esp32s3/uart_periph.c.obj
[83/153] Building C object esp-idf/esp_hal_ana_conv/CMakeFiles/__idf_esp_hal_ana_conv.dir/adc_hal.c.obj
[84/153] Building C object esp-idf/esp_hal_wdt/CMakeFiles/__idf_esp_hal_wdt.dir/rom_patch.c.obj
[85/153] Building C object esp-idf/esp_hal_timg/CMakeFiles/__idf_esp_hal_timg.dir/timer_hal.c.obj
[86/153] Building C object esp-idf/esp_hal_timg/CMakeFiles/__idf_esp_hal_timg.dir/esp32s3/timer_periph.c.obj
[87/153] Building C object esp-idf/esp_hal_gpspi/CMakeFiles/__idf_esp_hal_gpspi.dir/esp32s3/spi_periph.c.obj
[88/153] Building C object esp-idf/esp_bootloader_format/CMakeFiles/__idf_esp_bootloader_format.dir/esp_bootloader_desc.c.obj
[89/153] Building C object esp-idf/esp_hal_wdt/CMakeFiles/__idf_esp_hal_wdt.dir/xt_wdt_hal.c.obj
[90/153] Building C object esp-idf/esp_hal_clock/CMakeFiles/__idf_esp_hal_clock.dir/esp32s3/clk_tree_hal.c.obj
[91/153] Building C object esp-idf/spi_flash/CMakeFiles/__idf_spi_flash.dir/spi_flash_wrap.c.obj
[92/153] Building C object esp-idf/esp_hal_gpspi/CMakeFiles/__idf_esp_hal_gpspi.dir/spi_slave_hal.c.obj
[93/153] Building C object esp-idf/esp_hal_gpspi/CMakeFiles/__idf_esp_hal_gpspi.dir/spi_hal.c.obj
[94/153] Building C object esp-idf/esp_hal_dma/CMakeFiles/__idf_esp_hal_dma.dir/esp32s3/gdma_periph.c.obj
[95/153] Linking C static library esp-idf/bootloader_support/libbootloader_support.a
[96/153] Building C object esp-idf/esp_hal_dma/CMakeFiles/__idf_esp_hal_dma.dir/gdma_hal_top.c.obj
[97/153] Building C object esp-idf/esp_hal_gpspi/CMakeFiles/__idf_esp_hal_gpspi.dir/spi_slave_hal_iram.c.obj
[98/153] Building C object esp-idf/esp_hal_pmu/CMakeFiles/__idf_esp_hal_pmu.dir/esp32s3/rtc_cntl_hal.c.obj
[99/153] Building C object esp-idf/esp_hal_pmu/CMakeFiles/__idf_esp_hal_pmu.dir/brownout_hal.c.obj
[100/153] Building C object esp-idf/esp_hal_usb/CMakeFiles/__idf_esp_hal_usb.dir/esp32s3/usb_dwc_periph.c.obj
[101/153] Building C object esp-idf/esp_hal_dma/CMakeFiles/__idf_esp_hal_dma.dir/gdma_hal_ahb_v1.c.obj
[102/153] Building C object esp-idf/esp_hal_usb/CMakeFiles/__idf_esp_hal_usb.dir/usb_wrap_hal.c.obj
[103/153] Linking C static library esp-idf/esp_security/libesp_security.a
[104/153] Building C object esp-idf/esp_hal_usb/CMakeFiles/__idf_esp_hal_usb.dir/usb_serial_jtag_hal.c.obj
[105/153] Building C object esp-idf/esp_hal_gpio/CMakeFiles/__idf_esp_hal_gpio.dir/gpio_hal.c.obj
[106/153] Building C object esp-idf/esp_hal_gpio/CMakeFiles/__idf_esp_hal_gpio.dir/esp32s3/rtc_io_periph.c.obj
[107/153] Building C object esp-idf/esp_hal_gpio/CMakeFiles/__idf_esp_hal_gpio.dir/esp32s3/dedic_gpio_periph.c.obj
[108/153] Building C object esp-idf/esp_hal_gpspi/CMakeFiles/__idf_esp_hal_gpspi.dir/spi_slave_hd_hal.c.obj
[109/153] Building C object esp-idf/esp_hal_gpio/CMakeFiles/__idf_esp_hal_gpio.dir/esp32s3/sdm_periph.c.obj
[110/153] Building C object esp-idf/esp_hal_gpio/CMakeFiles/__idf_esp_hal_gpio.dir/sdm_hal.c.obj
[111/153] Building C object esp-idf/esp_hal_gpspi/CMakeFiles/__idf_esp_hal_gpspi.dir/spi_hal_iram.c.obj
[112/153] Building C object esp-idf/esp_hal_gpio/CMakeFiles/__idf_esp_hal_gpio.dir/rtc_io_hal.c.obj
[113/153] Linking C static library esp-idf/esp_hal_security/libesp_hal_security.a
[114/153] Building C object esp-idf/hal/CMakeFiles/__idf_hal.dir/hal_utils.c.obj
[115/153] Building C object esp-idf/esp_hal_usb/CMakeFiles/__idf_esp_hal_usb.dir/usb_dwc_hal.c.obj
[116/153] Building C object esp-idf/hal/CMakeFiles/__idf_hal.dir/efuse_hal.c.obj
[117/153] Building C object esp-idf/soc/CMakeFiles/__idf_soc.dir/lldesc.c.obj
[118/153] Building C object esp-idf/soc/CMakeFiles/__idf_soc.dir/dport_access_common.c.obj
[119/153] Building C object esp-idf/hal/CMakeFiles/__idf_hal.dir/esp32s3/efuse_hal.c.obj
[120/153] Building C object esp-idf/soc/CMakeFiles/__idf_soc.dir/esp32s3/gpio_periph.c.obj
[121/153] Building C object esp-idf/soc/CMakeFiles/__idf_soc.dir/esp32s3/interrupts.c.obj
[122/153] Building C object esp-idf/hal/CMakeFiles/__idf_hal.dir/mmu_hal.c.obj
[123/153] Building C object esp-idf/hal/CMakeFiles/__idf_hal.dir/cache_hal.c.obj
[124/153] Building C object esp-idf/soc/CMakeFiles/__idf_soc.dir/esp32s3/mpi_periph.c.obj
[125/153] Generating project_elf_src_esp32s3.c
[126/153] Building C object esp-idf/soc/CMakeFiles/__idf_soc.dir/esp32s3/power_supply_periph.c.obj
[127/153] Preprocessing linker script /Users/sarah/.espressif/v6.0.2/esp-idf/components/bootloader/subproject/main/ld/esp32s3/bootloader.memory.ld.in -> /Users/sarah/src/tries/2026-08-09-espdraw/out/build/esp32-vector-v2/bootloader/ld/bootloader.memory.ld
[128/153] Preprocessing linker script /Users/sarah/.espressif/v6.0.2/esp-idf/components/bootloader/subproject/main/ld/esp32s3/bootloader.sections.ld.in -> /Users/sarah/src/tries/2026-08-09-espdraw/out/build/esp32-vector-v2/bootloader/ld/bootloader.sections.ld
[129/153] Linking C static library esp-idf/esp_hal_ana_conv/libesp_hal_ana_conv.a
[130/153] Building C object esp-idf/xtensa/CMakeFiles/__idf_xtensa.dir/eri.c.obj
[131/153] Building C object esp-idf/xtensa/CMakeFiles/__idf_xtensa.dir/xt_trax.c.obj
[132/153] Building C object CMakeFiles/bootloader.elf.dir/project_elf_src_esp32s3.c.obj
[133/153] Building C object esp-idf/main/CMakeFiles/__idf_main.dir/bootloader_start.c.obj
[134/153] Linking C static library esp-idf/esp_hal_uart/libesp_hal_uart.a
[135/153] Building C object esp-idf/micro-ecc/CMakeFiles/__idf_micro-ecc.dir/uECC_verify_antifault.c.obj
[136/153] Linking C static library esp-idf/esp_hal_wdt/libesp_hal_wdt.a
[137/153] Linking C static library esp-idf/esp_hal_timg/libesp_hal_timg.a
[138/153] Linking C static library esp-idf/micro-ecc/libmicro-ecc.a
[139/153] Linking C static library esp-idf/esp_bootloader_format/libesp_bootloader_format.a
[140/153] Linking C static library esp-idf/spi_flash/libspi_flash.a
[141/153] Linking C static library esp-idf/esp_hal_clock/libesp_hal_clock.a
[142/153] Linking C static library esp-idf/esp_hal_gpspi/libesp_hal_gpspi.a
[143/153] Linking C static library esp-idf/esp_hal_dma/libesp_hal_dma.a
[144/153] Linking C static library esp-idf/esp_hal_pmu/libesp_hal_pmu.a
[145/153] Linking C static library esp-idf/esp_hal_usb/libesp_hal_usb.a
[146/153] Linking C static library esp-idf/esp_hal_gpio/libesp_hal_gpio.a
[147/153] Linking C static library esp-idf/hal/libhal.a
[148/153] Linking C static library esp-idf/soc/libsoc.a
[149/153] Linking C static library esp-idf/xtensa/libxtensa.a
[150/153] Linking C static library esp-idf/main/libmain.a
[151/153] Linking C executable bootloader.elf
[152/153] Generating binary image from built executable
esptool v5.3.1
Creating ESP32-S3 image...
Merged 2 ELF sections.
Successfully created ESP32-S3 image.
Generated /Users/sarah/src/tries/2026-08-09-espdraw/out/build/esp32-vector-v2/bootloader/bootloader.bin
[153/153] cd /Users/sarah/src/tries/2026-08-09-espdraw/out/build/esp32-vector-v2/bootloader && /Users/sarah/.espressif/tools/python/v6.0.2/venv/bin/python /Users/sarah/.espressif/v6.0.2/esp-idf/components/partition_table/check_sizes.py --offset 0x8000 bootloader 0x0 /Users/sarah/src/tries/2026-08-09-espdraw/out/build/esp32-vector-v2/bootloader/bootloader.bin
Bootloader binary size 0x57e0 bytes. 0x2820 bytes (31%) free.
[907/913] No install step for 'bootloader'
[908/913] Completed 'bootloader'
[909/913] Generating esp-idf/esp_system/ld/sections.ld
[910/913] Building C object CMakeFiles/tinydraw_esp32.elf.dir/project_elf_src_esp32s3.c.obj
[911/913] Linking CXX executable tinydraw_esp32.elf
[912/913] Generating binary image from built executable
esptool v5.3.1
Creating ESP32-S3 image...
Merged 3 ELF sections.
Successfully created ESP32-S3 image.
Generated /Users/sarah/src/tries/2026-08-09-espdraw/out/build/esp32-vector-v2/tinydraw_esp32.bin
[913/913] cd /Users/sarah/src/tries/2026-08-09-espdraw/out/build/esp32-vector-v2 && /Users/sarah/.espressif/tools/python/v6.0.2/venv/bin/python /Users/sarah/.espressif/v6.0.2/esp-idf/components/partition_table/check_sizes.py --offset 0x8000 partition --type app /Users/sarah/src/tries/2026-08-09-espdraw/out/build/esp32-vector-v2/partition_table/partition-table.bin /Users/sarah/src/tries/2026-08-09-espdraw/out/build/esp32-vector-v2/tinydraw_esp32.bin
tinydraw_esp32.bin binary size 0x63d00 bytes. Smallest app partition is 0x100000 bytes. 0x9c300 bytes (61%) free.

Project build complete. To flash, run:
 idf.py flash
or
 idf.py -p PORT flash
or
 python -m esptool --chip esp32s3 -b 460800 --before default-reset --after hard-reset write-flash --flash-mode dio --flash-size 16MB --flash-freq 80m 0x0 ../out/build/esp32-vector-v2/bootloader/bootloader.bin 0x8000 ../out/build/esp32-vector-v2/partition_table/partition-table.bin 0x10000 ../out/build/esp32-vector-v2/tinydraw_esp32.bin
or from the "/Users/sarah/src/tries/2026-08-09-espdraw/out/build/esp32-vector-v2" directory
 python -m esptool --chip esp32s3 -b 460800 --before default-reset --after hard-reset write-flash "@flash_args"
Added environment variable ESP_IDF_VERSION = 6.0
Added environment variable IDF_VERSION = 6.0.2
Added environment variable IDF_TOOLS_PATH = /Users/sarah/.espressif/tools
Added environment variable IDF_COMPONENT_LOCAL_STORAGE_URL = file:///Users/sarah/.espressif/tools
Added environment variable IDF_PATH = /Users/sarah/.espressif/v6.0.2/esp-idf
Added environment variable ESP_ROM_ELF_DIR = /Users/sarah/.espressif/tools/esp-rom-elfs/20241011/
Added environment variable OPENOCD_SCRIPTS = /Users/sarah/.espressif/tools/openocd-esp32/v0.12.0-esp32-20260424/openocd-esp32/share/openocd/scripts
Added environment variable IDF_PYTHON_ENV_PATH = /Users/sarah/.espressif/tools/python/v6.0.2/venv
Added environment variable ESP_CLANG_LIBS_PATH = /Users/sarah/.espressif/tools/esp-clang-libs/esp-20.1.1_20250829/esp-clang/lib
Added proper directory to PATH
Activated virtual environment at /Users/sarah/.espressif/tools/python/v6.0.2/venv
Environment setup complete for the current shell session.
These changes will be lost when you close this terminal.
You are now using IDF version 6.0.2.
eim select v6.0.2
Adding "flash"'s dependency "all" to list of commands with default set of options.
Executing action: all (aliases: build)
Running ninja in directory /Users/sarah/src/tries/2026-08-09-espdraw/out/build/esp32-vector-v2
Executing "ninja all"...
[1/4] cd /Users/sarah/src/tries/2026-08-09-espdraw/out/build/esp32-vector-v2 && /Users/sarah/.espressif/tools/python/v6.0.2/venv/bin/python /Users/sarah/.espressif/v6.0.2/esp-idf/components/partition_table/check_sizes.py --offset 0x8000 partition --type app /Users/sarah/src/tries/2026-08-09-espdraw/out/build/esp32-vector-v2/partition_table/partition-table.bin /Users/sarah/src/tries/2026-08-09-espdraw/out/build/esp32-vector-v2/tinydraw_esp32.bin
tinydraw_esp32.bin binary size 0x63d00 bytes. Smallest app partition is 0x100000 bytes. 0x9c300 bytes (61%) free.
[2/4] Performing build step for 'bootloader'
[1/1] cd /Users/sarah/src/tries/2026-08-09-espdraw/out/build/esp32-vector-v2/bootloader && /Users/sarah/.espressif/tools/python/v6.0.2/venv/bin/python /Users/sarah/.espressif/v6.0.2/esp-idf/components/partition_table/check_sizes.py --offset 0x8000 bootloader 0x0 /Users/sarah/src/tries/2026-08-09-espdraw/out/build/esp32-vector-v2/bootloader/bootloader.bin
Bootloader binary size 0x57e0 bytes. 0x2820 bytes (31%) free.
[3/4] No install step for 'bootloader'
[4/4] Completed 'bootloader'
Executing action: flash
Running ninja in directory /Users/sarah/src/tries/2026-08-09-espdraw/out/build/esp32-vector-v2
Executing "ninja flash"...
[1/5] cd /Users/sarah/src/tries/2026-08-09-espdraw/out/build/esp32-vector-v2 && /Users/sarah/.espressif/tools/python/v6.0.2/venv/bin/python /Users/sarah/.espressif/v6.0.2/esp-idf/components/partition_table/check_sizes.py --offset 0x8000 partition --type app /Users/sarah/src/tries/2026-08-09-espdraw/out/build/esp32-vector-v2/partition_table/partition-table.bin /Users/sarah/src/tries/2026-08-09-espdraw/out/build/esp32-vector-v2/tinydraw_esp32.bin
tinydraw_esp32.bin binary size 0x63d00 bytes. Smallest app partition is 0x100000 bytes. 0x9c300 bytes (61%) free.
[2/5] Performing build step for 'bootloader'
[1/1] cd /Users/sarah/src/tries/2026-08-09-espdraw/out/build/esp32-vector-v2/bootloader && /Users/sarah/.espressif/tools/python/v6.0.2/venv/bin/python /Users/sarah/.espressif/v6.0.2/esp-idf/components/partition_table/check_sizes.py --offset 0x8000 bootloader 0x0 /Users/sarah/src/tries/2026-08-09-espdraw/out/build/esp32-vector-v2/bootloader/bootloader.bin
Bootloader binary size 0x57e0 bytes. 0x2820 bytes (31%) free.
[3/5] No install step for 'bootloader'
[4/5] Completed 'bootloader'
[4/5] Running utility command for flash
esptool --chip esp32s3 -p /dev/cu.usbmodem101 -b 460800 --before=default-reset --after=hard-reset write-flash --flash-mode dio --flash-freq 80m --flash-size 16MB 0x0 bootloader/bootloader.bin 0x8000 partition_table/partition-table.bin 0x10000 tinydraw_esp32.bin
esptool v5.3.1
Serial port /dev/cu.usbmodem101:
Connecting...
Connected to ESP32-S3 on /dev/cu.usbmodem101:
Chip type:          ESP32-S3 (QFN56) (revision v0.2)
Features:           Wi-Fi, BT 5 (LE), Dual Core + LP Core, 240MHz, Embedded PSRAM 8MB (AP_3v3)
Crystal frequency:  40MHz
USB mode:           USB-Serial/JTAG
MAC:                1c:db:d4:7b:85:c8

Uploading stub flasher...
Running stub flasher...
Stub flasher running.
Changing baud rate to 460800...
Changed.

Configuring flash size...

Writing 'bootloader/bootloader.bin' at 0x00000000...
SHA digest in image updated.
Flash will be erased from 0x00000000 to 0x00005fff...
Compressed 22496 bytes to 14400...

Writing at 0x00000000 [                              ]   0.0% 0/14400 bytes...

Writing at 0x000057e0 [==============================] 100.0% 14400/14400 bytes...
Wrote 22496 bytes (14400 compressed) at 0x00000000 in 0.3 seconds (697.7 kbit/s).
Verifying written data...
Hash of data verified.

Writing 'partition_table/partition-table.bin' at 0x00008000...
Flash will be erased from 0x00008000 to 0x00008fff...
Compressed 3072 bytes to 152...

Writing at 0x00008000 [                              ]   0.0% 0/152 bytes...

Writing at 0x00008c00 [==============================] 100.0% 152/152 bytes...
Wrote 3072 bytes (152 compressed) at 0x00008000 in 0.0 seconds (614.0 kbit/s).
Verifying written data...
Hash of data verified.

Writing 'tinydraw_esp32.bin' at 0x00010000...
Flash will be erased from 0x00010000 to 0x00073fff...
Compressed 408832 bytes to 265704...

Writing at 0x00010000 [                              ]   0.0% 0/265704 bytes...

Writing at 0x0001c501 [>                             ]   6.2% 16384/265704 bytes...

Writing at 0x00025b66 [==>                           ]  12.3% 32768/265704 bytes...

Writing at 0x0002b7c0 [====>                         ]  18.5% 49152/265704 bytes...

Writing at 0x00031884 [======>                       ]  24.7% 65536/265704 bytes...

Writing at 0x00037304 [========>                     ]  30.8% 81920/265704 bytes...

Writing at 0x0003c9fd [==========>                   ]  37.0% 98304/265704 bytes...

Writing at 0x00042609 [===========>                  ]  43.2% 114688/265704 bytes...

Writing at 0x00047609 [=============>                ]  49.3% 131072/265704 bytes...

Writing at 0x0004cca8 [===============>              ]  55.5% 147456/265704 bytes...

Writing at 0x00051b04 [=================>            ]  61.7% 163840/265704 bytes...

Writing at 0x00056ae3 [===================>          ]  67.8% 180224/265704 bytes...

Writing at 0x0005c113 [=====================>        ]  74.0% 196608/265704 bytes...

Writing at 0x0006228c [=======================>      ]  80.2% 212992/265704 bytes...

Writing at 0x000676f3 [========================>     ]  86.3% 229376/265704 bytes...

Writing at 0x0006d3b3 [==========================>   ]  92.5% 245760/265704 bytes...

Writing at 0x00072311 [============================> ]  98.7% 262144/265704 bytes...

Writing at 0x00073d00 [==============================] 100.0% 265704/265704 bytes...
Wrote 408832 bytes (265704 compressed) at 0x00010000 in 2.5 seconds (1321.5 kbit/s).
Verifying written data...
Hash of data verified.

Hard resetting via RTS pin...
Done
