PERSISTENT_CAPTURE_STARTED
[18:18:31] I (103) esp_image: segment 0: paddr=00010020 vaddr=3c040020 sizeESP-ROM:esp32s3-20210327
[18:18:31] Build:Mar 27 2021
[18:18:31] rst:0x15 (USB_UART_CHIP_RESET),boot:0x2b (SPI_FAST_FLASH_BOOT)
[18:18:31] Saved PC:0x4037b802
[18:18:31] SPIWP:0xee
[18:18:31] mode:DIO, clock div:1
[18:18:31] load:0x3fce2820,len:0x1664
[18:18:31] load:0x403c8700,len:0xf38
[18:18:31] load:0x403cb700,len:0x31e8
[18:18:31] entry 0x403c8930
[18:18:31] I (24) boot: ESP-IDF v6.0.2 2nd stage bootloader
[18:18:31] I (24) boot: compile time Aug 11 2026 22:53:49
[18:18:31] I (25) boot: Multicore bootloader
[18:18:31] I (25) boot: chip revision: v0.2
[18:18:31] I (28) boot: efuse block revision: v1.3
[18:18:31] I (31) qio_mode: Enabling default flash chip QIO
[18:18:31] I (36) boot.esp32s3: Boot SPI Speed : 80MHz
[18:18:31] I (39) boot.esp32s3: SPI Mode       : QIO
[18:18:31] I (43) boot.esp32s3: SPI Flash Size : 16MB
[18:18:31] I (47) boot: Enabling RNG early entropy source...
[18:18:31] I (51) boot: Partition Table:
[18:18:31] I (54) boot: ## Label            Usage          Type ST Offset   Length
[18:18:31] I (60) boot:  0 nvs              WiFi data        01 02 00009000 00006000
[18:18:31] I (67) boot:  1 phy_init         RF data          01 01 0000f000 00001000
[18:18:31] I (73) boot:  2 factory          factory app      00 00 00010000 00100000
[18:18:31] I (80) boot:  3 drawing          Unknown data     01 40 00110000 00300000
[18:18:31] I (86) boot:  4 export           Unknown data     01 41 00410000 00500000
[18:18:31] I (93) boot:  5 coredump         Unknown data     01 03 00910000 00010000
[18:18:31] I (100) boot: End of partition table
[18:18:31] I (103) esp_image: segment 0: paddr=00010020 vaddr=3c040020 size=0f5d0h ( 62928) map
[18:18:31] I (120) esp_image: segment 1: paddr=0001f5f8 vaddr=3fc94500 size=00a20h (  2592) load
[18:18:31] I (121) esp_image: segment 2: paddr=00020020 vaddr=42000020 size=31334h (201524) map
[18:18:31] I (156) esp_image: segment 3: paddr=0005135c vaddr=3fc94f20 size=0ece4h ( 60644) load
[18:18:31] I (168) esp_image: segment 4: paddr=00060048 vaddr=40374000 size=104b4h ( 66740) load
[18:18:31] I (182) esp_image: segment 5: paddr=00070504 vaddr=50000000 size=00024h (    36) load
[18:18:31] I (192) boot: Loaded app from partition at offset 0x10000
[18:18:31] I (192) boot: Disabling RNG early entropy source...
[18:18:31] I (202) octal_psram: vendor id    : 0x0d (AP)
[18:18:31] I (202) octal_psram: dev id       : 0x02 (generation 3)
[18:18:31] I (202) octal_psram: density      : 0x03 (64 Mbit)
[18:18:31] I (204) octal_psram: good-die     : 0x01 (Pass)
[18:18:31] I (208) octal_psram: Latency      : 0x01 (Fixed)
[18:18:31] I (213) octal_psram: VCC          : 0x01 (3V)
[18:18:31] I (217) octal_psram: SRF          : 0x01 (Fast Refresh)
[18:18:31] I (222) octal_psram: BurstType    : 0x01 (Hybrid Wrap)
[18:18:31] I (227) octal_psram: BurstLen     : 0x01 (32 Byte)
[18:18:31] I (231) octal_psram: Readlatency  : 0x02 (10 cycles@Fixed)
[18:18:31] I (236) octal_psram: DriveStrength: 0x00 (1/1)
[18:18:31] I (241) MSPI Timing: Enter psram timing tuning
[18:18:31] I (245) esp_psram: Found 8MB PSRAM device
[18:18:31] I (248) esp_psram: Speed: 80MHz
[18:18:31] I (251) cpu_start: Multicore app
[18:18:32] I (667) esp_psram: SPI SRAM memory test OK
[18:18:32] I (676) cpu_start: GPIO 44 and 43 are used as console UART I/O pins
[18:18:32] I (676) cpu_start: Pro cpu start user code
[18:18:32] I (676) cpu_start: cpu freq: 240000000 Hz
[18:18:32] I (678) app_init: Application information:
[18:18:32] I (682) app_init: Project name:     tinydraw_esp32
[18:18:32] I (686) app_init: App version:      ffdbd9b-dirty
[18:18:32] I (691) app_init: Compile time:     Aug 12 2026 18:07:44
[18:18:32] I (696) app_init: ELF file SHA256:  b005e7160...
[18:18:32] I (700) app_init: ESP-IDF:          v6.0.2
[18:18:32] I (704) efuse_init: Min chip rev:     v0.0
[18:18:32] I (708) efuse_init: Max chip rev:     v0.99 
[18:18:32] I (712) efuse_init: Chip rev:         v0.2
[18:18:32] I (715) heap_init: Initializing. RAM available for dynamic allocation:
[18:18:32] I (722) heap_init: At 3FCA4830 len 00044EE0 (275 KiB): RAM
[18:18:32] I (727) heap_init: At 3FCE9710 len 00005724 (21 KiB): RAM
[18:18:32] I (732) heap_init: At 3FCF0000 len 00008000 (32 KiB): DRAM
[18:18:32] I (737) heap_init: At 600FE000 len 00001FE8 (7 KiB): RTCRAM
[18:18:32] I (743) esp_psram: Adding pool of 8192K of PSRAM memory to heap allocator
[18:18:32] I (750) spi_flash: detected chip: generic
[18:18:32] I (753) spi_flash: flash io: qio
[18:18:32] I (756) sleep_gpio: Configure to isolate all GPIO pins in sleep state
[18:18:32] I (762) sleep_gpio: Enable automatic switching of GPIO sleep configuration
[18:18:32] I (769) main_task: Started on CPU0
[18:18:32] I (772) main_task: Calling app_main()
[18:18:32] TINYDRAW_PANEL_HARD_RESET=1
[18:18:32] I (956) co5300: version: 2.1.0
[18:18:32] I (956) co5300_spi: LCD panel create success, version: 2.1.0
[18:18:32] W (1036) co5300_spi: The 3Ah command has been used and will be overwritten by external initialization sequence
[18:18:32] I (1136) CST816S: IC id: 183
[18:18:32] [DEBUG-touch-rate] registers=1 id=0xb7 firmware=0x02 scan_period=0x00 irq=0x70
[18:18:32] I (1139) PCF85063A: PCF85063A initialized successfully
[18:18:32] TINYDRAW_RTC ready=1 retained=1 local=2026-08-12T18:18:24
[18:18:32] TINYDRAW_VECTOR_READY strokes=1100 samples=24576 bytes=325712 free_psram=563060
[18:18:33] TINYDRAW_AUTOSAVE_READY
[18:18:33] TINYDRAW_PSRAM world_bytes=2967552 free=563060 largest=557056 minimum=563060
[18:18:33] TINYDRAW_POWER_READY ready=1 button=1 valid=1 battery=100 voltage_mv=4092 charging=0 vbus=1
[18:18:33] TINYDRAW_SETTLED_LOD quality=normal center_error_milli=2000 radius_error_milli=750 input=19844 output=7537 bytes=90444
[18:18:34] TINYDRAW_SETTLED_PROFILE zoom=100 generation=2 bands=12 segments=6192 clear_us=13434 raster_us=479475 composite_us=108008 publish_us=51373 complete=1
[18:18:38] TINYDRAW_BENCH_MEMORY free=76056 largest=75776 minimum=76056 lod_capacity_bytes=147456 lod_used_bytes=90444
[18:18:38] TINYDRAW_INTERACTIVE_PAN_READY zoom=100 controls=S:50 M:100 L:200 XL:finish
[18:18:38] TINYDRAW_AUTO_INIT initial_atlas_us=5646184
[18:18:41] TINYDRAW_AUTO_ZOOM cycle=0 zoom=50 changed=1 total_us=49281 cancel_us=19 first_ready_us=5640 first_submit_us=6248 first_complete_us=7052 last_submit_us=47205 last_complete_us=48011 fallback_us=49232 settled_us=0
[18:18:41] TINYDRAW_AUTO_RUNWAY cycle=0 zoom=50 down12_ready=1 right1_ready=1 right1_ready_us=54915
[18:18:41] TINYDRAW_SETTLED_PROFILE zoom=50 generation=4 bands=12 segments=6537 clear_us=13321 raster_us=249664 composite_us=42536 publish_us=52189 complete=1
[18:18:41] TINYDRAW_AUTO_SETTLED cycle=0 zoom=50 settled_us=478218
[18:18:42] TINYDRAW_AUTO_ZOOM cycle=1 zoom=100 changed=1 total_us=50891 cancel_us=7988 first_ready_us=13363 first_submit_us=13929 first_complete_us=14731 last_submit_us=49234 last_complete_us=50040 fallback_us=50838 settled_us=0
[18:18:42] TINYDRAW_AUTO_RUNWAY cycle=1 zoom=100 down12_ready=1 right1_ready=1 right1_ready_us=62736
[18:18:42] TINYDRAW_SETTLED_PROFILE zoom=100 generation=6 bands=12 segments=6192 clear_us=13248 raster_us=482076 composite_us=108922 publish_us=52484 complete=1
[18:18:42] TINYDRAW_AUTO_SETTLED cycle=1 zoom=100 settled_us=787228
[18:18:43] TINYDRAW_AUTO_ZOOM cycle=2 zoom=200 changed=1 total_us=40479 cancel_us=983 first_ready_us=5935 first_submit_us=6470 first_complete_us=7274 last_submit_us=39108 last_complete_us=39914 fallback_us=40421 settled_us=0
[18:18:43] TINYDRAW_AUTO_RUNWAY cycle=2 zoom=200 down12_ready=1 right1_ready=1 right1_ready_us=57515
[18:18:43] TINYDRAW_SETTLED_LOD quality=high center_error_milli=1000 radius_error_milli=375 input=19844 output=10087 bytes=121044
[18:18:43] TINYDRAW_SETTLED_PROFILE zoom=200 generation=8 bands=12 segments=3252 clear_us=13182 raster_us=413863 composite_us=104977 publish_us=52130 complete=1
[18:18:44] TINYDRAW_AUTO_SETTLED cycle=2 zoom=200 settled_us=729215
[18:18:44] TINYDRAW_AUTO_ZOOM cycle=3 zoom=100 changed=1 total_us=46917 cancel_us=3988 first_ready_us=9440 first_submit_us=10008 first_complete_us=10805 last_submit_us=45268 last_complete_us=46074 fallback_us=46864 settled_us=0
[18:18:44] TINYDRAW_AUTO_RUNWAY cycle=3 zoom=100 down12_ready=1 right1_ready=1 right1_ready_us=62795
[18:18:44] TINYDRAW_SETTLED_LOD quality=normal center_error_milli=2000 radius_error_milli=750 input=19844 output=7537 bytes=90444
[18:18:45] TINYDRAW_SETTLED_PROFILE zoom=100 generation=10 bands=12 segments=6192 clear_us=13152 raster_us=477788 composite_us=110076 publish_us=52037 complete=1
[18:18:45] TINYDRAW_AUTO_SETTLED cycle=3 zoom=100 settled_us=816212
[18:18:45] TINYDRAW_AUTO_ZOOM cycle=4 zoom=50 changed=1 total_us=50618 cancel_us=984 first_ready_us=6800 first_submit_us=7413 first_complete_us=8217 last_submit_us=48552 last_complete_us=49358 fallback_us=50556 settled_us=0
[18:18:45] TINYDRAW_AUTO_RUNWAY cycle=4 zoom=50 down12_ready=1 right1_ready=1 right1_ready_us=55461
[18:18:46] TINYDRAW_SETTLED_PROFILE zoom=50 generation=12 bands=12 segments=6537 clear_us=13241 raster_us=248061 composite_us=40610 publish_us=52474 complete=1
[18:18:46] TINYDRAW_AUTO_SETTLED cycle=4 zoom=50 settled_us=476206
[18:18:46] TINYDRAW_AUTO_ZOOM cycle=5 zoom=100 changed=1 total_us=53849 cancel_us=10988 first_ready_us=16371 first_submit_us=16935 first_complete_us=17738 last_submit_us=52191 last_complete_us=52997 fallback_us=53797 settled_us=0
[18:18:46] TINYDRAW_AUTO_RUNWAY cycle=5 zoom=100 down12_ready=1 right1_ready=1 right1_ready_us=61696
[18:18:47] TINYDRAW_SETTLED_PROFILE zoom=100 generation=14 bands=12 segments=6192 clear_us=13249 raster_us=480140 composite_us=109457 publish_us=52108 complete=1
[18:18:47] TINYDRAW_AUTO_SETTLED cycle=5 zoom=100 settled_us=788248
[18:18:48] TINYDRAW_AUTO_ZOOM cycle=6 zoom=200 changed=1 total_us=40384 cancel_us=985 first_ready_us=5958 first_submit_us=6493 first_complete_us=7293 last_submit_us=39013 last_complete_us=39819 fallback_us=40328 settled_us=0
[18:18:48] TINYDRAW_AUTO_RUNWAY cycle=6 zoom=200 down12_ready=1 right1_ready=1 right1_ready_us=57593
[18:18:48] TINYDRAW_SETTLED_LOD quality=high center_error_milli=1000 radius_error_milli=375 input=19844 output=10087 bytes=121044
[18:18:48] TINYDRAW_SETTLED_PROFILE zoom=200 generation=16 bands=12 segments=3252 clear_us=13177 raster_us=413886 composite_us=104637 publish_us=52620 complete=1
[18:18:48] TINYDRAW_AUTO_SETTLED cycle=6 zoom=200 settled_us=729263
[18:18:49] TINYDRAW_AUTO_ZOOM cycle=7 zoom=100 changed=1 total_us=44910 cancel_us=1988 first_ready_us=7448 first_submit_us=8025 first_complete_us=8832 last_submit_us=43263 last_complete_us=44070 fallback_us=44857 settled_us=0
[18:18:49] TINYDRAW_AUTO_RUNWAY cycle=7 zoom=100 down12_ready=1 right1_ready=1 right1_ready_us=62980
[18:18:49] TINYDRAW_SETTLED_LOD quality=normal center_error_milli=2000 radius_error_milli=750 input=19844 output=7537 bytes=90444
[18:18:50] TINYDRAW_SETTLED_PROFILE zoom=100 generation=18 bands=12 segments=6192 clear_us=13148 raster_us=478115 composite_us=109638 publish_us=51871 complete=1
[18:18:50] TINYDRAW_AUTO_SETTLED cycle=7 zoom=100 settled_us=814219
[18:18:50] TINYDRAW_AUTO_ZOOM cycle=8 zoom=50 changed=1 total_us=50568 cancel_us=987 first_ready_us=6799 first_submit_us=7413 first_complete_us=8217 last_submit_us=48507 last_complete_us=49313 fallback_us=50515 settled_us=0
[18:18:50] TINYDRAW_AUTO_RUNWAY cycle=8 zoom=50 down12_ready=1 right1_ready=1 right1_ready_us=55499
[18:18:51] TINYDRAW_SETTLED_PROFILE zoom=50 generation=20 bands=12 segments=6537 clear_us=13248 raster_us=246876 composite_us=41847 publish_us=52494 complete=1
[18:18:51] TINYDRAW_AUTO_SETTLED cycle=8 zoom=50 settled_us=476249
[18:18:51] TINYDRAW_AUTO_ZOOM cycle=9 zoom=100 changed=1 total_us=53730 cancel_us=10988 first_ready_us=16369 first_submit_us=16937 first_complete_us=17739 last_submit_us=52095 last_complete_us=52901 fallback_us=53677 settled_us=0
[18:18:51] TINYDRAW_AUTO_RUNWAY cycle=9 zoom=100 down12_ready=1 right1_ready=1 right1_ready_us=61801
[18:18:52] TINYDRAW_SETTLED_PROFILE zoom=100 generation=22 bands=12 segments=6192 clear_us=13224 raster_us=480995 composite_us=108576 publish_us=52190 complete=1
[18:18:52] TINYDRAW_AUTO_SETTLED cycle=9 zoom=100 settled_us=788213
[18:18:52] TINYDRAW_AUTO_ZOOM cycle=10 zoom=200 changed=1 total_us=40462 cancel_us=984 first_ready_us=5949 first_submit_us=6490 first_complete_us=7291 last_submit_us=39084 last_complete_us=39890 fallback_us=40405 settled_us=0
[18:18:53] TINYDRAW_AUTO_RUNWAY cycle=10 zoom=200 down12_ready=1 right1_ready=1 right1_ready_us=57444
[18:18:53] TINYDRAW_SETTLED_LOD quality=high center_error_milli=1000 radius_error_milli=375 input=19844 output=10087 bytes=121044
[18:18:53] TINYDRAW_SETTLED_PROFILE zoom=200 generation=24 bands=12 segments=3252 clear_us=13188 raster_us=414083 composite_us=104143 publish_us=52620 complete=1
[18:18:53] TINYDRAW_AUTO_SETTLED cycle=10 zoom=200 settled_us=729194
[18:18:54] TINYDRAW_AUTO_ZOOM cycle=11 zoom=100 changed=1 total_us=43889 cancel_us=988 first_ready_us=6447 first_submit_us=7021 first_complete_us=7830 last_submit_us=42229 last_complete_us=43035 fallback_us=43836 settled_us=0
[18:18:54] TINYDRAW_AUTO_RUNWAY cycle=11 zoom=100 down12_ready=1 right1_ready=1 right1_ready_us=63000
[18:18:54] TINYDRAW_SETTLED_LOD quality=normal center_error_milli=2000 radius_error_milli=750 input=19844 output=7537 bytes=90444
[18:18:55] TINYDRAW_SETTLED_PROFILE zoom=100 generation=26 bands=12 segments=6192 clear_us=13133 raster_us=481032 composite_us=110246 publish_us=52287 complete=1
[18:18:55] TINYDRAW_AUTO_SETTLED cycle=11 zoom=100 settled_us=817257
[18:18:56] TINYDRAW_FALLBACK_REPAIRED revision=2
[18:18:56] TINYDRAW_SETTLED_PROFILE zoom=100 generation=31 bands=11 segments=6193 clear_us=13184 raster_us=479861 composite_us=110467 publish_us=50441 complete=1
[18:18:58] TINYDRAW_AUTO_MUTATION started=1 committed=1 stale_zoom_accepted=0 repaired_zoom_accepted=1
[18:18:58] TINYDRAW_AUTO_FINAL_PIXELS origin=368,448 atlas_ink=45071 visible_ink=32554 visible_hash=6c663cc6
[18:18:58] TINYDRAW_AUTO_ZOOM_DONE
[18:18:58] TINYDRAW_HARDWARE_OK display=CO5300 touch=CST820 demo_capacity=8192
[18:18:58] TINYDRAW_POWER battery=100 voltage_mv=4092 charging=0 vbus=1
[18:18:58] TINYDRAW_POWER battery=100 voltage_mv=4091 charging=0 vbus=1
[18:18:58] TINYDRAW_POWER battery=100 voltage_mv=4092 charging=0 vbus=1
[18:18:58] TINYDRAW_POWER battery=100 voltage_mv=4091 charging=0 vbus=1
[18:18:58] TINYDRAW_POWER battery=100 voltage_mv=4090 charging=0 vbus=1
[18:18:58] TINYDRAW_POWER battery=100 voltage_mv=4091 charging=0 vbus=1
[18:18:58] TINYDRAW_POWER battery=100 voltage_mv=4089 charging=0 vbus=1
[18:18:58] TINYDRAW_POWER battery=100 voltage_mv=4091 charging=0 vbus=1
[18:18:58] TINYDRAW_POWER battery=100 voltage_mv=4092 charging=0 vbus=1
[18:18:58] TINYDRAW_POWER battery=100 voltage_mv=4090 charging=0 vbus=1
[18:18:59] TINYDRAW_POWER battery=100 voltage_mv=4091 charging=0 vbus=1
[18:18:59] TINYDRAW_POWER battery=100 voltage_mv=4092 charging=0 vbus=1
[18:18:59] TINYDRAW_POWER battery=100 voltage_mv=4093 charging=0 vbus=1
[18:18:59] TINYDRAW_SETTLED_PROFILE zoom=50 generation=33 bands=12 segments=6538 clear_us=13345 raster_us=249868 composite_us=43097 publish_us=52243 complete=1
[18:19:00] TINYDRAW_POWER battery=100 voltage_mv=4091 charging=0 vbus=1
[18:19:02] TINYDRAW_POWER battery=100 voltage_mv=4092 charging=0 vbus=1
[18:19:03] TINYDRAW_POWER battery=100 voltage_mv=4090 charging=0 vbus=1
[18:19:05] TINYDRAW_POWER battery=100 voltage_mv=4089 charging=0 vbus=1
[18:19:06] TINYDRAW_POWER battery=100 voltage_mv=4093 charging=0 vbus=1
[18:19:07] TINYDRAW_POWER battery=100 voltage_mv=4090 charging=0 vbus=1
[18:19:08] TINYDRAW_POWER battery=100 voltage_mv=4089 charging=0 vbus=1
[18:19:09] TINYDRAW_POWER battery=100 voltage_mv=4092 charging=0 vbus=1
[18:19:10] TINYDRAW_POWER battery=100 voltage_mv=4091 charging=0 vbus=1
[18:19:11] TINYDRAW_POWER battery=100 voltage_mv=4090 charging=0 vbus=1
[18:19:12] TINYDRAW_POWER battery=100 voltage_mv=4092 charging=0 vbus=1
[18:19:13] TINYDRAW_POWER battery=100 voltage_mv=4091 charging=0 vbus=1
[18:19:15] TINYDRAW_POWER battery=100 voltage_mv=4090 charging=0 vbus=1
[18:19:17] TINYDRAW_POWER battery=100 voltage_mv=4092 charging=0 vbus=1
[18:19:18] TINYDRAW_POWER battery=100 voltage_mv=4091 charging=0 vbus=1
[18:19:19] TINYDRAW_POWER battery=100 voltage_mv=4092 charging=0 vbus=1
[18:19:20] TINYDRAW_POWER battery=100 voltage_mv=4091 charging=0 vbus=1
[18:19:22] TINYDRAW_POWER battery=100 voltage_mv=4090 charging=0 vbus=1
[18:19:24] TINYDRAW_POWER battery=100 voltage_mv=4089 charging=0 vbus=1
[18:19:25] TINYDRAW_POWER battery=100 voltage_mv=4092 charging=0 vbus=1
[18:19:26] TINYDRAW_POWER battery=100 voltage_mv=4090 charging=0 vbus=1
[18:19:28] TINYDRAW_POWER battery=100 voltage_mv=4091 charging=0 vbus=1
[18:19:29] TINYDRAW_POWER battery=100 voltage_mv=4089 charging=0 vbus=1
[18:19:30] TINYDRAW_POWER battery=100 voltage_mv=4092 charging=0 vbus=1
[18:19:31] TINYDRAW_POWER battery=100 voltage_mv=4091 charging=0 vbus=1
[18:19:32] TINYDRAW_POWER battery=100 voltage_mv=4092 charging=0 vbus=1
[18:19:34] TINYDRAW_POWER battery=100 voltage_mv=4089 charging=0 vbus=1
[18:19:35] TINYDRAW_POWER battery=100 voltage_mv=4090 charging=0 vbus=1
[18:19:36] TINYDRAW_POWER battery=100 voltage_mv=4092 charging=0 vbus=1
[18:19:37] TINYDRAW_POWER battery=100 voltage_mv=4088 charging=0 vbus=1
[18:19:38] TINYDRAW_POWER battery=100 voltage_mv=4093 charging=0 vbus=1
[18:19:39] TINYDRAW_POWER battery=100 voltage_mv=4090 charging=0 vbus=1
[18:19:40] TINYDRAW_POWER battery=100 voltage_mv=4089 charging=0 vbus=1
[18:19:41] TINYDRAW_POWER battery=100 voltage_mv=4091 charging=0 vbus=1
[18:19:42] TINYDRAW_POWER battery=100 voltage_mv=4089 charging=0 vbus=1
[18:19:43] TINYDRAW_POWER battery=100 voltage_mv=4091 charging=0 vbus=1
[18:19:44] TINYDRAW_POWER battery=100 voltage_mv=4092 charging=0 vbus=1
[18:19:45] TINYDRAW_POWER battery=100 voltage_mv=4091 charging=0 vbus=1
[18:19:46] TINYDRAW_POWER battery=100 voltage_mv=4093 charging=0 vbus=1
[18:19:47] TINYDRAW_POWER battery=100 voltage_mv=4089 charging=0 vbus=1
[18:19:48] TINYDRAW_POWER battery=100 voltage_mv=4091 charging=0 vbus=1
[18:19:50] TINYDRAW_POWER battery=100 voltage_mv=4092 charging=0 vbus=1
[18:19:51] TINYDRAW_POWER battery=100 voltage_mv=4091 charging=0 vbus=1
[18:19:52] TINYDRAW_POWER battery=100 voltage_mv=4092 charging=0 vbus=1
[18:19:53] TINYDRAW_POWER battery=100 voltage_mv=4090 charging=0 vbus=1
[18:19:54] TINYDRAW_POWER battery=100 voltage_mv=4089 charging=0 vbus=1
[18:19:55] TINYDRAW_POWER battery=100 voltage_mv=4091 charging=0 vbus=1
[18:19:56] TINYDRAW_POWER battery=100 voltage_mv=4092 charging=0 vbus=1
[18:19:57] TINYDRAW_POWER battery=100 voltage_mv=4091 charging=0 vbus=1
[18:19:59] TINYDRAW_POWER battery=100 voltage_mv=4093 charging=0 vbus=1
[18:20:00] TINYDRAW_POWER battery=100 voltage_mv=4090 charging=0 vbus=1
[18:20:01] TINYDRAW_POWER battery=100 voltage_mv=4091 charging=0 vbus=1
[18:20:02] TINYDRAW_POWER battery=100 voltage_mv=4090 charging=0 vbus=1
[18:20:03] TINYDRAW_POWER battery=100 voltage_mv=4091 charging=0 vbus=1
[18:20:04] TINYDRAW_POWER battery=100 voltage_mv=4090 charging=0 vbus=1
[18:20:05] TINYDRAW_POWER battery=100 voltage_mv=4092 charging=0 vbus=1
[18:20:06] TINYDRAW_POWER battery=99 voltage_mv=4092 charging=0 vbus=1
[18:20:07] TINYDRAW_POWER battery=100 voltage_mv=4090 charging=0 vbus=1
[18:20:08] TINYDRAW_POWER battery=100 voltage_mv=4092 charging=0 vbus=1
[18:20:09] TINYDRAW_POWER battery=100 voltage_mv=4090 charging=0 vbus=1
[18:20:10] TINYDRAW_POWER battery=100 voltage_mv=4092 charging=0 vbus=1
[18:20:11] TINYDRAW_POWER battery=100 voltage_mv=4090 charging=0 vbus=1
[18:20:12] TINYDRAW_POWER battery=100 voltage_mv=4092 charging=0 vbus=1
[18:20:13] TINYDRAW_POWER battery=100 voltage_mv=4091 charging=0 vbus=1
[18:20:14] TINYDRAW_POWER battery=100 voltage_mv=4093 charging=0 vbus=1
[18:20:16] TINYDRAW_POWER battery=100 voltage_mv=4091 charging=0 vbus=1
[18:20:19] TINYDRAW_POWER battery=100 voltage_mv=4090 charging=0 vbus=1
[18:20:22] TINYDRAW_POWER battery=100 voltage_mv=4091 charging=0 vbus=1
[18:20:23] TINYDRAW_POWER battery=100 voltage_mv=4090 charging=0 vbus=1
[18:20:24] TINYDRAW_POWER battery=100 voltage_mv=4091 charging=0 vbus=1
[18:20:25] TINYDRAW_POWER battery=100 voltage_mv=4090 charging=0 vbus=1
[18:20:26] TINYDRAW_POWER battery=100 voltage_mv=4094 charging=0 vbus=1
[18:20:27] TINYDRAW_POWER battery=100 voltage_mv=4093 charging=0 vbus=1
[18:20:28] TINYDRAW_POWER battery=100 voltage_mv=4092 charging=0 vbus=1
[18:20:29] TINYDRAW_POWER battery=100 voltage_mv=4091 charging=0 vbus=1
[18:20:32] TINYDRAW_POWER battery=100 voltage_mv=4090 charging=0 vbus=1
[18:20:34] TINYDRAW_POWER battery=100 voltage_mv=4091 charging=0 vbus=1
[18:20:35] TINYDRAW_POWER battery=100 voltage_mv=4092 charging=0 vbus=1
[18:20:36] TINYDRAW_POWER battery=100 voltage_mv=4090 charging=0 vbus=1
[18:20:37] TINYDRAW_POWER battery=100 voltage_mv=4091 charging=0 vbus=1
[18:20:38] TINYDRAW_POWER battery=100 voltage_mv=4092 charging=0 vbus=1
[18:20:39] TINYDRAW_POWER battery=100 voltage_mv=4091 charging=0 vbus=1
[18:20:40] TINYDRAW_POWER battery=100 voltage_mv=4090 charging=0 vbus=1
[18:20:41] TINYDRAW_POWER battery=100 voltage_mv=4092 charging=0 vbus=1
[18:20:42] TINYDRAW_POWER battery=100 voltage_mv=4090 charging=0 vbus=1
[18:20:43] TINYDRAW_POWER battery=100 voltage_mv=4093 charging=0 vbus=1
[18:20:44] TINYDRAW_POWER battery=100 voltage_mv=4090 charging=0 vbus=1
[18:20:45] TINYDRAW_POWER battery=100 voltage_mv=4093 charging=0 vbus=1
[18:20:46] TINYDRAW_POWER battery=100 voltage_mv=4092 charging=0 vbus=1
[18:20:47] TINYDRAW_POWER battery=100 voltage_mv=4091 charging=0 vbus=1
[18:20:48] TINYDRAW_POWER battery=100 voltage_mv=4092 charging=0 vbus=1
[18:20:50] TINYDRAW_POWER battery=100 voltage_mv=4091 charging=0 vbus=1
[18:20:52] TINYDRAW_POWER battery=100 voltage_mv=4090 charging=0 vbus=1
[18:20:53] TINYDRAW_POWER battery=100 voltage_mv=4091 charging=0 vbus=1
[18:20:56] TINYDRAW_POWER battery=100 voltage_mv=4089 charging=0 vbus=1
[18:20:57] TINYDRAW_POWER battery=100 voltage_mv=4092 charging=0 vbus=1
[18:20:58] TINYDRAW_POWER battery=100 voltage_mv=4089 charging=0 vbus=1
[18:20:59] TINYDRAW_POWER battery=100 voltage_mv=4091 charging=0 vbus=1
[18:21:00] TINYDRAW_POWER battery=100 voltage_mv=4093 charging=0 vbus=1
[18:21:01] TINYDRAW_POWER battery=100 voltage_mv=4091 charging=0 vbus=1
[18:21:02] TINYDRAW_POWER battery=100 voltage_mv=4090 charging=0 vbus=1
[18:21:03] TINYDRAW_POWER battery=100 voltage_mv=4091 charging=0 vbus=1
[18:21:04] TINYDRAW_POWER battery=100 voltage_mv=4090 charging=0 vbus=1
[18:21:05] TINYDRAW_POWER battery=100 voltage_mv=4088 charging=0 vbus=1
[18:21:06] TINYDRAW_POWER battery=100 voltage_mv=4090 charging=0 vbus=1
[18:21:07] TINYDRAW_POWER battery=100 voltage_mv=4091 charging=0 vbus=1
[18:21:08] TINYDRAW_POWER battery=100 voltage_mv=4090 charging=0 vbus=1
[18:21:11] TINYDRAW_POWER battery=100 voltage_mv=4089 charging=0 vbus=1
[18:21:12] TINYDRAW_POWER battery=100 voltage_mv=4091 charging=0 vbus=1
[18:21:13] TINYDRAW_POWER battery=100 voltage_mv=4094 charging=0 vbus=1
[18:21:14] TINYDRAW_POWER battery=100 voltage_mv=4092 charging=0 vbus=1
[18:21:15] TINYDRAW_POWER battery=100 voltage_mv=4091 charging=0 vbus=1
[18:21:16] TINYDRAW_POWER battery=100 voltage_mv=4092 charging=0 vbus=1
[18:21:18] TINYDRAW_POWER battery=100 voltage_mv=4090 charging=0 vbus=1
[18:21:19] TINYDRAW_POWER battery=100 voltage_mv=4092 charging=0 vbus=1
[18:21:21] TINYDRAW_POWER battery=100 voltage_mv=4091 charging=0 vbus=1
[18:21:22] TINYDRAW_POWER battery=100 voltage_mv=4093 charging=0 vbus=1
[18:21:23] TINYDRAW_POWER battery=100 voltage_mv=4091 charging=0 vbus=1
[18:21:24] TINYDRAW_POWER battery=100 voltage_mv=4092 charging=0 vbus=1
[18:21:25] TINYDRAW_POWER battery=100 voltage_mv=4091 charging=0 vbus=1
[18:21:27] TINYDRAW_POWER battery=100 voltage_mv=4090 charging=0 vbus=1
[18:21:30] TINYDRAW_POWER battery=100 voltage_mv=4092 charging=0 vbus=1
[18:21:31] TINYDRAW_POWER battery=100 voltage_mv=4091 charging=0 vbus=1
[18:21:32] TINYDRAW_POWER battery=100 voltage_mv=4092 charging=0 vbus=1
[18:21:33] TINYDRAW_POWER battery=100 voltage_mv=4091 charging=0 vbus=1
[18:21:34] TINYDRAW_POWER battery=100 voltage_mv=4090 charging=0 vbus=1
[18:21:35] TINYDRAW_POWER battery=100 voltage_mv=4092 charging=0 vbus=1
[18:21:37] TINYDRAW_POWER battery=100 voltage_mv=4090 charging=0 vbus=1
[18:21:40] TINYDRAW_POWER battery=100 voltage_mv=4092 charging=0 vbus=1
[18:21:41] TINYDRAW_POWER battery=100 voltage_mv=4091 charging=0 vbus=1
[18:21:42] TINYDRAW_POWER battery=100 voltage_mv=4092 charging=0 vbus=1
[18:21:43] TINYDRAW_POWER battery=100 voltage_mv=4089 charging=0 vbus=1
[18:21:44] TINYDRAW_POWER battery=100 voltage_mv=4090 charging=0 vbus=1
[18:21:45] TINYDRAW_POWER battery=100 voltage_mv=4091 charging=0 vbus=1
[18:21:46] TINYDRAW_POWER battery=100 voltage_mv=4090 charging=0 vbus=1
[18:21:47] TINYDRAW_POWER battery=100 voltage_mv=4091 charging=0 vbus=1
[18:21:48] TINYDRAW_POWER battery=100 voltage_mv=4090 charging=0 vbus=1
[18:21:49] TINYDRAW_POWER battery=100 voltage_mv=4091 charging=0 vbus=1
[18:21:50] TINYDRAW_POWER battery=100 voltage_mv=4094 charging=0 vbus=1
[18:21:52] TINYDRAW_POWER battery=100 voltage_mv=4090 charging=0 vbus=1
[18:21:53] TINYDRAW_POWER battery=100 voltage_mv=4091 charging=0 vbus=1
[18:21:54] TINYDRAW_POWER battery=100 voltage_mv=4092 charging=0 vbus=1
[18:21:56] TINYDRAW_POWER battery=100 voltage_mv=4091 charging=0 vbus=1
[18:21:58] TINYDRAW_POWER battery=100 voltage_mv=4092 charging=0 vbus=1
[18:21:59] TINYDRAW_POWER battery=100 voltage_mv=4090 charging=0 vbus=1
[18:22:00] TINYDRAW_POWER battery=100 voltage_mv=4093 charging=0 vbus=1
[18:22:01] TINYDRAW_POWER battery=100 voltage_mv=4092 charging=0 vbus=1
[18:22:03] TINYDRAW_POWER battery=100 voltage_mv=4091 charging=0 vbus=1
[18:22:04] TINYDRAW_POWER battery=100 voltage_mv=4090 charging=0 vbus=1
[18:22:05] TINYDRAW_POWER battery=100 voltage_mv=4093 charging=0 vbus=1
[18:22:06] TINYDRAW_POWER battery=100 voltage_mv=4090 charging=0 vbus=1
[18:22:07] TINYDRAW_POWER battery=100 voltage_mv=4093 charging=0 vbus=1
[18:22:08] TINYDRAW_POWER battery=100 voltage_mv=4089 charging=0 vbus=1
[18:22:09] TINYDRAW_POWER battery=100 voltage_mv=4093 charging=0 vbus=1
[18:22:10] TINYDRAW_POWER battery=100 voltage_mv=4091 charging=0 vbus=1
[18:22:11] TINYDRAW_POWER battery=100 voltage_mv=4090 charging=0 vbus=1
[18:22:12] TINYDRAW_POWER battery=100 voltage_mv=4088 charging=0 vbus=1
[18:22:13] TINYDRAW_POWER battery=100 voltage_mv=4089 charging=0 vbus=1
[18:22:15] TINYDRAW_POWER battery=100 voltage_mv=4091 charging=0 vbus=1
[18:22:16] TINYDRAW_POWER battery=100 voltage_mv=4092 charging=0 vbus=1
[18:22:17] TINYDRAW_POWER battery=100 voltage_mv=4091 charging=0 vbus=1
[18:22:20] TINYDRAW_POWER battery=100 voltage_mv=4090 charging=0 vbus=1
[18:22:21] TINYDRAW_POWER battery=100 voltage_mv=4093 charging=0 vbus=1
[18:22:23] TINYDRAW_POWER battery=100 voltage_mv=4092 charging=0 vbus=1
[18:22:24] TINYDRAW_POWER battery=100 voltage_mv=4091 charging=0 vbus=1
[18:22:25] TINYDRAW_POWER battery=100 voltage_mv=4090 charging=0 vbus=1
[18:22:27] TINYDRAW_POWER battery=100 voltage_mv=4093 charging=0 vbus=1
[18:22:28] TINYDRAW_POWER battery=100 voltage_mv=4091 charging=0 vbus=1
[18:22:30] TINYDRAW_POWER battery=100 voltage_mv=4092 charging=0 vbus=1
[18:22:31] TINYDRAW_POWER battery=100 voltage_mv=4091 charging=0 vbus=1
[18:22:32] TINYDRAW_POWER battery=100 voltage_mv=4088 charging=0 vbus=1
[18:22:33] TINYDRAW_POWER battery=100 voltage_mv=4093 charging=0 vbus=1
[18:22:34] TINYDRAW_POWER battery=100 voltage_mv=4091 charging=0 vbus=1
[18:22:35] TINYDRAW_POWER battery=100 voltage_mv=4092 charging=0 vbus=1
[18:22:36] TINYDRAW_POWER battery=100 voltage_mv=4091 charging=0 vbus=1
[18:22:37] TINYDRAW_POWER battery=100 voltage_mv=4093 charging=0 vbus=1
[18:22:39] TINYDRAW_POWER battery=100 voltage_mv=4091 charging=0 vbus=1
[18:22:40] TINYDRAW_POWER battery=100 voltage_mv=4092 charging=0 vbus=1
[18:22:41] TINYDRAW_POWER battery=100 voltage_mv=4093 charging=0 vbus=1
[18:22:42] TINYDRAW_POWER battery=100 voltage_mv=4089 charging=0 vbus=1
[18:22:43] TINYDRAW_POWER battery=100 voltage_mv=4091 charging=0 vbus=1
[18:22:46] TINYDRAW_POWER battery=100 voltage_mv=4093 charging=0 vbus=1
[18:22:47] TINYDRAW_POWER battery=100 voltage_mv=4091 charging=0 vbus=1
[18:22:49] TINYDRAW_POWER battery=100 voltage_mv=4092 charging=0 vbus=1
[18:22:50] TINYDRAW_POWER battery=100 voltage_mv=4091 charging=0 vbus=1
[18:22:51] TINYDRAW_POWER battery=100 voltage_mv=4093 charging=0 vbus=1
[18:22:53] TINYDRAW_POWER battery=100 voltage_mv=4092 charging=0 vbus=1
[18:22:54] TINYDRAW_POWER battery=100 voltage_mv=4093 charging=0 vbus=1
[18:22:55] TINYDRAW_POWER battery=100 voltage_mv=4091 charging=0 vbus=1
[18:22:57] TINYDRAW_POWER battery=99 voltage_mv=4092 charging=0 vbus=1
[18:22:58] TINYDRAW_POWER battery=100 voltage_mv=4089 charging=0 vbus=1
[18:23:00] TINYDRAW_POWER battery=100 voltage_mv=4091 charging=0 vbus=1
[18:23:02] TINYDRAW_POWER battery=100 voltage_mv=4092 charging=0 vbus=1
[18:23:04] TINYDRAW_POWER battery=100 voltage_mv=4089 charging=0 vbus=1
[18:23:05] TINYDRAW_POWER battery=100 voltage_mv=4092 charging=0 vbus=1
[18:23:06] TINYDRAW_POWER battery=100 voltage_mv=4090 charging=0 vbus=1
[18:23:07] TINYDRAW_POWER battery=100 voltage_mv=4092 charging=0 vbus=1
[18:23:10] TINYDRAW_POWER battery=100 voltage_mv=4090 charging=0 vbus=1
[18:23:12] TINYDRAW_POWER battery=100 voltage_mv=4091 charging=0 vbus=1
[18:23:13] TINYDRAW_POWER battery=100 voltage_mv=4092 charging=0 vbus=1
[18:23:14] TINYDRAW_POWER battery=100 voltage_mv=4091 charging=0 vbus=1
[18:23:15] TINYDRAW_POWER battery=100 voltage_mv=4089 charging=0 vbus=1
[18:23:17] TINYDRAW_POWER battery=100 voltage_mv=4090 charging=0 vbus=1
[18:23:18] TINYDRAW_POWER battery=100 voltage_mv=4092 charging=0 vbus=1
[18:23:19] TINYDRAW_POWER battery=100 voltage_mv=4091 charging=0 vbus=1
[18:23:25] TINYDRAW_POWER battery=100 voltage_mv=4093 charging=0 vbus=1
[18:23:26] TINYDRAW_POWER battery=100 voltage_mv=4090 charging=0 vbus=1
[18:23:28] TINYDRAW_POWER battery=100 voltage_mv=4092 charging=0 vbus=1
[18:23:29] TINYDRAW_POWER battery=100 voltage_mv=4095 charging=0 vbus=1
[18:23:30] TINYDRAW_POWER battery=100 voltage_mv=4091 charging=0 vbus=1
[18:23:31] TINYDRAW_POWER battery=100 voltage_mv=4089 charging=0 vbus=1
[18:23:32] TINYDRAW_POWER battery=100 voltage_mv=4091 charging=0 vbus=1
[18:23:33] TINYDRAW_POWER battery=100 voltage_mv=4092 charging=0 vbus=1
[18:23:34] TINYDRAW_POWER battery=100 voltage_mv=4090 charging=0 vbus=1
[18:23:35] TINYDRAW_POWER battery=100 voltage_mv=4091 charging=0 vbus=1
[18:23:36] TINYDRAW_POWER battery=100 voltage_mv=4093 charging=0 vbus=1
[18:23:37] TINYDRAW_POWER battery=100 voltage_mv=4092 charging=0 vbus=1
[18:23:38] TINYDRAW_POWER battery=100 voltage_mv=4090 charging=0 vbus=1
[18:23:39] TINYDRAW_POWER battery=100 voltage_mv=4089 charging=0 vbus=1
[18:23:40] TINYDRAW_POWER battery=100 voltage_mv=4091 charging=0 vbus=1
[18:23:42] TINYDRAW_POWER battery=100 voltage_mv=4090 charging=0 vbus=1
[18:23:43] TINYDRAW_POWER battery=100 voltage_mv=4091 charging=0 vbus=1
[18:23:45] TINYDRAW_POWER battery=100 voltage_mv=4092 charging=0 vbus=1
[18:23:46] TINYDRAW_POWER battery=100 voltage_mv=4090 charging=0 vbus=1
[18:23:47] TINYDRAW_POWER battery=100 voltage_mv=4091 charging=0 vbus=1
[18:23:48] TINYDRAW_POWER battery=100 voltage_mv=4092 charging=0 vbus=1
[18:23:49] TINYDRAW_POWER battery=100 voltage_mv=4091 charging=0 vbus=1
[18:23:51] TINYDRAW_POWER battery=100 voltage_mv=4093 charging=0 vbus=1
[18:23:52] TINYDRAW_POWER battery=100 voltage_mv=4091 charging=0 vbus=1
[18:23:53] TINYDRAW_POWER battery=100 voltage_mv=4093 charging=0 vbus=1
[18:23:54] TINYDRAW_POWER battery=100 voltage_mv=4092 charging=0 vbus=1
[18:23:55] TINYDRAW_POWER battery=100 voltage_mv=4090 charging=0 vbus=1
[18:23:56] TINYDRAW_POWER battery=100 voltage_mv=4091 charging=0 vbus=1
[18:23:57] TINYDRAW_POWER battery=100 voltage_mv=4090 charging=0 vbus=1
[18:23:58] TINYDRAW_POWER battery=100 voltage_mv=4091 charging=0 vbus=1
[18:24:00] TINYDRAW_POWER battery=100 voltage_mv=4090 charging=0 vbus=1
[18:24:01] TINYDRAW_POWER battery=100 voltage_mv=4091 charging=0 vbus=1
[18:24:05] TINYDRAW_POWER battery=100 voltage_mv=4092 charging=0 vbus=1
[18:24:06] TINYDRAW_POWER battery=100 voltage_mv=4091 charging=0 vbus=1
[18:24:08] TINYDRAW_POWER battery=100 voltage_mv=4092 charging=0 vbus=1
[18:24:09] TINYDRAW_POWER battery=100 voltage_mv=4090 charging=0 vbus=1
[18:24:10] TINYDRAW_POWER battery=100 voltage_mv=4093 charging=0 vbus=1
[18:24:11] TINYDRAW_POWER battery=100 voltage_mv=4092 charging=0 vbus=1
[18:24:14] TINYDRAW_POWER battery=100 voltage_mv=4090 charging=0 vbus=1
[18:24:15] TINYDRAW_POWER battery=100 voltage_mv=4092 charging=0 vbus=1
[18:24:16] TINYDRAW_POWER battery=100 voltage_mv=4089 charging=0 vbus=1
[18:24:18] TINYDRAW_POWER battery=100 voltage_mv=4090 charging=0 vbus=1
[18:24:19] TINYDRAW_POWER battery=100 voltage_mv=4089 charging=0 vbus=1
[18:24:20] TINYDRAW_POWER battery=100 voltage_mv=4091 charging=0 vbus=1
[18:24:21] TINYDRAW_POWER battery=100 voltage_mv=4092 charging=0 vbus=1
[18:24:22] TINYDRAW_POWER battery=100 voltage_mv=4093 charging=0 vbus=1
[18:24:23] TINYDRAW_POWER battery=100 voltage_mv=4091 charging=0 vbus=1
[18:24:24] TINYDRAW_POWER battery=100 voltage_mv=4092 charging=0 vbus=1
[18:24:25] TINYDRAW_POWER battery=100 voltage_mv=4093 charging=0 vbus=1
[18:24:26] TINYDRAW_POWER battery=100 voltage_mv=4091 charging=0 vbus=1
[18:24:27] TINYDRAW_POWER battery=100 voltage_mv=4093 charging=0 vbus=1
[18:24:28] TINYDRAW_POWER battery=100 voltage_mv=4092 charging=0 vbus=1
[18:24:29] TINYDRAW_POWER battery=100 voltage_mv=4093 charging=0 vbus=1
[18:24:30] TINYDRAW_POWER battery=100 voltage_mv=4092 charging=0 vbus=1
[18:24:31] TINYDRAW_POWER battery=100 voltage_mv=4091 charging=0 vbus=1
[18:24:32] TINYDRAW_POWER battery=100 voltage_mv=4092 charging=0 vbus=1
[18:24:33] TINYDRAW_POWER battery=100 voltage_mv=4091 charging=0 vbus=1
[18:24:37] TINYDRAW_POWER battery=100 voltage_mv=4092 charging=0 vbus=1
[18:24:39] TINYDRAW_POWER battery=100 voltage_mv=4093 charging=0 vbus=1
[18:24:40] TINYDRAW_POWER battery=100 voltage_mv=4091 charging=0 vbus=1
[18:24:42] TINYDRAW_POWER battery=100 voltage_mv=4093 charging=0 vbus=1
[18:24:43] TINYDRAW_POWER battery=100 voltage_mv=4091 charging=0 vbus=1
[18:24:44] TINYDRAW_POWER battery=100 voltage_mv=4092 charging=0 vbus=1
[18:24:45] TINYDRAW_POWER battery=100 voltage_mv=4091 charging=0 vbus=1
[18:24:46] TINYDRAW_POWER battery=100 voltage_mv=4093 charging=0 vbus=1
[18:24:47] TINYDRAW_POWER battery=100 voltage_mv=4090 charging=0 vbus=1
[18:24:49] TINYDRAW_POWER battery=100 voltage_mv=4093 charging=0 vbus=1
[18:24:50] TINYDRAW_POWER battery=100 voltage_mv=4091 charging=0 vbus=1
[18:24:51] TINYDRAW_POWER battery=100 voltage_mv=4093 charging=0 vbus=1
[18:24:52] TINYDRAW_POWER battery=100 voltage_mv=4091 charging=0 vbus=1
[18:24:53] TINYDRAW_POWER battery=100 voltage_mv=4092 charging=0 vbus=1
[18:24:55] TINYDRAW_POWER battery=100 voltage_mv=4091 charging=0 vbus=1
[18:24:57] TINYDRAW_POWER battery=100 voltage_mv=4092 charging=0 vbus=1
[18:24:58] TINYDRAW_POWER battery=100 voltage_mv=4091 charging=0 vbus=1
[18:24:59] TINYDRAW_POWER battery=100 voltage_mv=4093 charging=0 vbus=1
[18:25:00] TINYDRAW_POWER battery=100 voltage_mv=4094 charging=0 vbus=1
[18:25:01] TINYDRAW_POWER battery=100 voltage_mv=4092 charging=0 vbus=1
[18:25:02] TINYDRAW_POWER battery=100 voltage_mv=4091 charging=0 vbus=1
[18:25:03] TINYDRAW_POWER battery=100 voltage_mv=4089 charging=0 vbus=1
[18:25:04] TINYDRAW_POWER battery=100 voltage_mv=4091 charging=0 vbus=1
[18:25:05] TINYDRAW_POWER battery=100 voltage_mv=4093 charging=0 vbus=1
[18:25:06] TINYDRAW_POWER battery=100 voltage_mv=4091 charging=0 vbus=1
[18:25:08] TINYDRAW_POWER battery=100 voltage_mv=4092 charging=0 vbus=1
[18:25:09] TINYDRAW_POWER battery=100 voltage_mv=4091 charging=0 vbus=1
[18:25:10] TINYDRAW_POWER battery=100 voltage_mv=4089 charging=0 vbus=1
[18:25:11] TINYDRAW_POWER battery=100 voltage_mv=4091 charging=0 vbus=1
[18:25:12] TINYDRAW_POWER battery=100 voltage_mv=4090 charging=0 vbus=1
[18:25:15] TINYDRAW_POWER battery=100 voltage_mv=4091 charging=0 vbus=1
[18:25:16] TINYDRAW_POWER battery=100 voltage_mv=4090 charging=0 vbus=1
[18:25:19] TINYDRAW_POWER battery=100 voltage_mv=4091 charging=0 vbus=1
[18:25:20] TINYDRAW_POWER battery=100 voltage_mv=4090 charging=0 vbus=1
[18:25:21] TINYDRAW_POWER battery=100 voltage_mv=4091 charging=0 vbus=1
[18:25:23] TINYDRAW_POWER battery=100 voltage_mv=4092 charging=0 vbus=1
[18:25:24] TINYDRAW_POWER battery=100 voltage_mv=4091 charging=0 vbus=1
[18:25:25] TINYDRAW_POWER battery=100 voltage_mv=4090 charging=0 vbus=1
[18:25:26] TINYDRAW_POWER battery=100 voltage_mv=4091 charging=0 vbus=1
[18:25:28] TINYDRAW_POWER battery=100 voltage_mv=4092 charging=0 vbus=1
[18:25:29] TINYDRAW_POWER battery=100 voltage_mv=4089 charging=0 vbus=1
[18:25:31] TINYDRAW_POWER battery=100 voltage_mv=4091 charging=0 vbus=1
[18:25:34] TINYDRAW_POWER battery=100 voltage_mv=4093 charging=0 vbus=1
[18:25:35] TINYDRAW_POWER battery=100 voltage_mv=4090 charging=0 vbus=1
[18:25:36] TINYDRAW_POWER battery=100 voltage_mv=4089 charging=0 vbus=1
[18:25:37] TINYDRAW_POWER battery=100 voltage_mv=4093 charging=0 vbus=1
[18:25:38] TINYDRAW_POWER battery=100 voltage_mv=4091 charging=0 vbus=1
[18:25:39] TINYDRAW_POWER battery=100 voltage_mv=4090 charging=0 vbus=1
[18:25:40] TINYDRAW_POWER battery=100 voltage_mv=4089 charging=0 vbus=1
[18:25:41] TINYDRAW_POWER battery=100 voltage_mv=4091 charging=0 vbus=1
[18:25:42] TINYDRAW_POWER battery=100 voltage_mv=4090 charging=0 vbus=1
[18:25:43] TINYDRAW_POWER battery=100 voltage_mv=4091 charging=0 vbus=1
[18:25:44] TINYDRAW_POWER battery=100 voltage_mv=4092 charging=0 vbus=1
[18:25:45] TINYDRAW_POWER battery=99 voltage_mv=4092 charging=0 vbus=1
[18:25:46] TINYDRAW_POWER battery=100 voltage_mv=4092 charging=0 vbus=1
[18:25:47] TINYDRAW_POWER battery=100 voltage_mv=4090 charging=0 vbus=1
[18:25:48] TINYDRAW_POWER battery=100 voltage_mv=4091 charging=0 vbus=1
[18:25:50] TINYDRAW_POWER battery=100 voltage_mv=4090 charging=0 vbus=1
[18:25:52] TINYDRAW_POWER battery=100 voltage_mv=4091 charging=0 vbus=1
[18:25:53] TINYDRAW_POWER battery=100 voltage_mv=4092 charging=0 vbus=1
[18:25:54] TINYDRAW_POWER battery=100 voltage_mv=4091 charging=0 vbus=1
[18:25:55] TINYDRAW_POWER battery=100 voltage_mv=4090 charging=0 vbus=1
[18:25:56] TINYDRAW_POWER battery=100 voltage_mv=4091 charging=0 vbus=1
[18:25:58] TINYDRAW_POWER battery=100 voltage_mv=4093 charging=0 vbus=1
[18:25:59] TINYDRAW_POWER battery=100 voltage_mv=4092 charging=0 vbus=1
[18:26:00] TINYDRAW_POWER battery=100 voltage_mv=4093 charging=0 vbus=1
[18:26:02] TINYDRAW_POWER battery=100 voltage_mv=4090 charging=0 vbus=1
[18:26:03] TINYDRAW_POWER battery=100 voltage_mv=4093 charging=0 vbus=1
[18:26:04] TINYDRAW_POWER battery=100 voltage_mv=4091 charging=0 vbus=1
[18:26:05] TINYDRAW_POWER battery=100 voltage_mv=4092 charging=0 vbus=1
[18:26:06] TINYDRAW_POWER battery=100 voltage_mv=4089 charging=0 vbus=1
[18:26:07] TINYDRAW_POWER battery=100 voltage_mv=4091 charging=0 vbus=1
[18:26:08] TINYDRAW_POWER battery=100 voltage_mv=4090 charging=0 vbus=1
[18:26:09] TINYDRAW_POWER battery=100 voltage_mv=4092 charging=0 vbus=1
[18:26:10] TINYDRAW_POWER battery=100 voltage_mv=4091 charging=0 vbus=1
[18:26:11] TINYDRAW_POWER battery=100 voltage_mv=4093 charging=0 vbus=1
[18:26:13] TINYDRAW_POWER battery=100 voltage_mv=4092 charging=0 vbus=1
[18:26:15] TINYDRAW_POWER battery=100 voltage_mv=4091 charging=0 vbus=1
[18:26:18] TINYDRAW_POWER battery=100 voltage_mv=4093 charging=0 vbus=1
[18:26:19] TINYDRAW_POWER battery=100 voltage_mv=4091 charging=0 vbus=1
[18:26:20] TINYDRAW_POWER battery=100 voltage_mv=4092 charging=0 vbus=1
[18:26:21] TINYDRAW_POWER battery=100 voltage_mv=4091 charging=0 vbus=1
[18:26:23] TINYDRAW_POWER battery=100 voltage_mv=4090 charging=0 vbus=1
[18:26:24] TINYDRAW_POWER battery=100 voltage_mv=4091 charging=0 vbus=1
[18:26:25] TINYDRAW_POWER battery=100 voltage_mv=4092 charging=0 vbus=1
[18:26:26] TINYDRAW_POWER battery=100 voltage_mv=4091 charging=0 vbus=1
[18:26:27] TINYDRAW_POWER battery=100 voltage_mv=4092 charging=0 vbus=1
[18:26:28] TINYDRAW_POWER battery=100 voltage_mv=4091 charging=0 vbus=1
[18:26:29] TINYDRAW_POWER battery=100 voltage_mv=4093 charging=0 vbus=1
[18:26:30] TINYDRAW_POWER battery=100 voltage_mv=4091 charging=0 vbus=1
[18:26:32] TINYDRAW_POWER battery=100 voltage_mv=4090 charging=0 vbus=1
[18:26:33] TINYDRAW_POWER battery=100 voltage_mv=4091 charging=0 vbus=1
[18:26:40] TINYDRAW_POWER battery=100 voltage_mv=4090 charging=0 vbus=1
[18:26:43] TINYDRAW_POWER battery=100 voltage_mv=4093 charging=0 vbus=1
[18:26:45] TINYDRAW_POWER battery=100 voltage_mv=4091 charging=0 vbus=1
[18:26:46] TINYDRAW_POWER battery=100 voltage_mv=4089 charging=0 vbus=1
[18:26:47] TINYDRAW_POWER battery=100 voltage_mv=4091 charging=0 vbus=1
[18:26:48] TINYDRAW_POWER battery=100 voltage_mv=4090 charging=0 vbus=1
[18:26:49] TINYDRAW_POWER battery=100 voltage_mv=4091 charging=0 vbus=1
[18:26:50] TINYDRAW_POWER battery=100 voltage_mv=4093 charging=0 vbus=1
[18:26:51] TINYDRAW_POWER battery=100 voltage_mv=4092 charging=0 vbus=1
[18:26:53] TINYDRAW_POWER battery=100 voltage_mv=4091 charging=0 vbus=1
[18:26:55] TINYDRAW_POWER battery=100 voltage_mv=4090 charging=0 vbus=1
[18:26:59] TINYDRAW_POWER battery=100 voltage_mv=4093 charging=0 vbus=1
[18:27:00] TINYDRAW_POWER battery=100 voltage_mv=4091 charging=0 vbus=1
[18:27:02] TINYDRAW_POWER battery=100 voltage_mv=4089 charging=0 vbus=1
[18:27:03] TINYDRAW_POWER battery=100 voltage_mv=4091 charging=0 vbus=1
[18:27:04] TINYDRAW_POWER battery=100 voltage_mv=4093 charging=0 vbus=1
[18:27:05] TINYDRAW_POWER battery=100 voltage_mv=4091 charging=0 vbus=1
[18:27:06] TINYDRAW_POWER battery=100 voltage_mv=4093 charging=0 vbus=1
[18:27:07] TINYDRAW_POWER battery=100 voltage_mv=4092 charging=0 vbus=1
[18:27:11] TINYDRAW_POWER battery=100 voltage_mv=4093 charging=0 vbus=1
[18:27:13] TINYDRAW_POWER battery=100 voltage_mv=4090 charging=0 vbus=1
[18:27:14] TINYDRAW_POWER battery=100 voltage_mv=4091 charging=0 vbus=1
[18:27:15] TINYDRAW_POWER battery=100 voltage_mv=4089 charging=0 vbus=1
[18:27:16] TINYDRAW_POWER battery=100 voltage_mv=4091 charging=0 vbus=1
[18:27:17] TINYDRAW_POWER battery=100 voltage_mv=4089 charging=0 vbus=1
[18:27:18] TINYDRAW_POWER battery=100 voltage_mv=4091 charging=0 vbus=1
[18:27:19] TINYDRAW_POWER battery=100 voltage_mv=4092 charging=0 vbus=1
[18:27:20] TINYDRAW_POWER battery=100 voltage_mv=4093 charging=0 vbus=1
[18:27:21] TINYDRAW_POWER battery=100 voltage_mv=4089 charging=0 vbus=1
[18:27:22] TINYDRAW_POWER battery=100 voltage_mv=4092 charging=0 vbus=1
[18:27:23] TINYDRAW_POWER battery=100 voltage_mv=4091 charging=0 vbus=1
[18:27:24] TINYDRAW_POWER battery=100 voltage_mv=4090 charging=0 vbus=1
[18:27:25] TINYDRAW_POWER battery=100 voltage_mv=4093 charging=0 vbus=1
[18:27:26] TINYDRAW_POWER battery=100 voltage_mv=4090 charging=0 vbus=1
[18:27:28] TINYDRAW_POWER battery=100 voltage_mv=4091 charging=0 vbus=1
[18:27:31] TINYDRAW_POWER battery=100 voltage_mv=4092 charging=0 vbus=1
[18:27:32] TINYDRAW_POWER battery=100 voltage_mv=4093 charging=0 vbus=1
[18:27:35] TINYDRAW_POWER battery=100 voltage_mv=4089 charging=0 vbus=1
[18:27:36] TINYDRAW_POWER battery=100 voltage_mv=4092 charging=0 vbus=1
[18:27:37] TINYDRAW_POWER battery=100 voltage_mv=4089 charging=0 vbus=1
[18:27:38] TINYDRAW_POWER battery=100 voltage_mv=4090 charging=0 vbus=1
[18:27:39] TINYDRAW_POWER battery=100 voltage_mv=4091 charging=0 vbus=1
[18:27:40] TINYDRAW_POWER battery=100 voltage_mv=4089 charging=0 vbus=1
[18:27:41] TINYDRAW_POWER battery=100 voltage_mv=4091 charging=0 vbus=1
[18:27:42] TINYDRAW_POWER battery=100 voltage_mv=4090 charging=0 vbus=1
[18:27:43] TINYDRAW_POWER battery=100 voltage_mv=4091 charging=0 vbus=1
[18:27:46] TINYDRAW_POWER battery=100 voltage_mv=4092 charging=0 vbus=1
[18:27:47] TINYDRAW_POWER battery=100 voltage_mv=4091 charging=0 vbus=1
[18:27:48] TINYDRAW_POWER battery=100 voltage_mv=4089 charging=0 vbus=1
[18:27:49] TINYDRAW_POWER battery=100 voltage_mv=4092 charging=0 vbus=1
[18:27:50] TINYDRAW_POWER battery=100 voltage_mv=4090 charging=0 vbus=1
[18:27:52] TINYDRAW_POWER battery=100 voltage_mv=4091 charging=0 vbus=1
[18:27:53] TINYDRAW_POWER battery=100 voltage_mv=4090 charging=0 vbus=1
[18:27:55] TINYDRAW_POWER battery=100 voltage_mv=4089 charging=0 vbus=1
[18:27:56] TINYDRAW_POWER battery=100 voltage_mv=4090 charging=0 vbus=1
[18:27:57] TINYDRAW_POWER battery=100 voltage_mv=4091 charging=0 vbus=1
[18:27:59] TINYDRAW_POWER battery=100 voltage_mv=4092 charging=0 vbus=1
[18:28:00] TINYDRAW_POWER battery=100 voltage_mv=4091 charging=0 vbus=1
[18:28:01] TINYDRAW_POWER battery=100 voltage_mv=4089 charging=0 vbus=1
[18:28:02] TINYDRAW_POWER battery=100 voltage_mv=4090 charging=0 vbus=1
[18:28:03] TINYDRAW_POWER battery=100 voltage_mv=4092 charging=0 vbus=1
[18:28:06] TINYDRAW_POWER battery=100 voltage_mv=4090 charging=0 vbus=1
[18:28:07] TINYDRAW_POWER battery=100 voltage_mv=4093 charging=0 vbus=1
[18:28:08] TINYDRAW_POWER battery=100 voltage_mv=4091 charging=0 vbus=1
[18:28:09] TINYDRAW_POWER battery=100 voltage_mv=4092 charging=0 vbus=1
[18:28:10] TINYDRAW_POWER battery=100 voltage_mv=4091 charging=0 vbus=1
[18:28:13] TINYDRAW_POWER battery=100 voltage_mv=4092 charging=0 vbus=1
[18:28:15] TINYDRAW_POWER battery=100 voltage_mv=4093 charging=0 vbus=1
[18:28:16] TINYDRAW_POWER battery=100 voltage_mv=4092 charging=0 vbus=1
[18:28:18] TINYDRAW_POWER battery=100 voltage_mv=4091 charging=0 vbus=1
[18:28:19] TINYDRAW_POWER battery=100 voltage_mv=4094 charging=0 vbus=1
[18:28:20] TINYDRAW_POWER battery=100 voltage_mv=4091 charging=0 vbus=1
[18:28:21] TINYDRAW_POWER battery=100 voltage_mv=4092 charging=0 vbus=1
[18:28:22] TINYDRAW_POWER battery=100 voltage_mv=4091 charging=0 vbus=1
[18:28:23] TINYDRAW_POWER battery=100 voltage_mv=4090 charging=0 vbus=1
[18:28:24] TINYDRAW_POWER battery=100 voltage_mv=4089 charging=0 vbus=1
[18:28:26] TINYDRAW_POWER battery=100 voltage_mv=4090 charging=0 vbus=1
[18:28:27] TINYDRAW_POWER battery=100 voltage_mv=4091 charging=0 vbus=1
[18:28:28] TINYDRAW_POWER battery=100 voltage_mv=4089 charging=0 vbus=1
[18:28:29] TINYDRAW_POWER battery=100 voltage_mv=4090 charging=0 vbus=1
[18:28:30] TINYDRAW_POWER battery=100 voltage_mv=4094 charging=0 vbus=1
[18:28:32] TINYDRAW_POWER battery=100 voltage_mv=4093 charging=0 vbus=1
[18:28:33] TINYDRAW_POWER battery=100 voltage_mv=4092 charging=0 vbus=1
[18:28:34] TINYDRAW_POWER battery=100 voltage_mv=4089 charging=0 vbus=1
[18:28:35] TINYDRAW_POWER battery=99 voltage_mv=4090 charging=0 vbus=1
[18:28:36] TINYDRAW_POWER battery=100 voltage_mv=4092 charging=0 vbus=1
[18:28:37] TINYDRAW_POWER battery=100 voltage_mv=4091 charging=0 vbus=1
[18:28:38] TINYDRAW_POWER battery=100 voltage_mv=4090 charging=0 vbus=1
[18:28:39] TINYDRAW_POWER battery=100 voltage_mv=4091 charging=0 vbus=1
[18:28:40] TINYDRAW_POWER battery=100 voltage_mv=4092 charging=0 vbus=1
[18:28:41] TINYDRAW_POWER battery=100 voltage_mv=4091 charging=0 vbus=1
[18:28:42] TINYDRAW_POWER battery=100 voltage_mv=4089 charging=0 vbus=1
[18:28:43] TINYDRAW_POWER battery=100 voltage_mv=4090 charging=0 vbus=1
[18:28:44] TINYDRAW_POWER battery=100 voltage_mv=4093 charging=0 vbus=1
[18:28:45] TINYDRAW_POWER battery=100 voltage_mv=4089 charging=0 vbus=1
[18:28:46] TINYDRAW_POWER battery=100 voltage_mv=4091 charging=0 vbus=1
[18:28:47] TINYDRAW_POWER battery=100 voltage_mv=4092 charging=0 vbus=1
[18:28:48] TINYDRAW_POWER battery=100 voltage_mv=4090 charging=0 vbus=1
[18:28:51] TINYDRAW_POWER battery=100 voltage_mv=4092 charging=0 vbus=1
[18:28:52] TINYDRAW_POWER battery=100 voltage_mv=4090 charging=0 vbus=1
[18:28:53] TINYDRAW_POWER battery=100 voltage_mv=4089 charging=0 vbus=1
[18:28:55] TINYDRAW_POWER battery=100 voltage_mv=4093 charging=0 vbus=1
[18:28:56] TINYDRAW_POWER battery=100 voltage_mv=4090 charging=0 vbus=1
[18:28:57] TINYDRAW_POWER battery=100 voltage_mv=4092 charging=0 vbus=1
[18:29:00] TINYDRAW_POWER battery=100 voltage_mv=4090 charging=0 vbus=1
[18:29:01] TINYDRAW_POWER battery=100 voltage_mv=4091 charging=0 vbus=1
[18:29:02] TINYDRAW_POWER battery=100 voltage_mv=4090 charging=0 vbus=1
[18:29:03] TINYDRAW_POWER battery=100 voltage_mv=4091 charging=0 vbus=1
[18:29:05] TINYDRAW_POWER battery=100 voltage_mv=4090 charging=0 vbus=1
[18:29:07] TINYDRAW_POWER battery=100 voltage_mv=4091 charging=0 vbus=1
[18:29:09] TINYDRAW_POWER battery=100 voltage_mv=4092 charging=0 vbus=1
[18:29:10] TINYDRAW_POWER battery=100 voltage_mv=4090 charging=0 vbus=1
[18:29:11] TINYDRAW_POWER battery=100 voltage_mv=4091 charging=0 vbus=1
[18:29:13] TINYDRAW_POWER battery=100 voltage_mv=4090 charging=0 vbus=1
[18:29:14] TINYDRAW_POWER battery=100 voltage_mv=4092 charging=0 vbus=1
[18:29:15] TINYDRAW_POWER battery=100 voltage_mv=4089 charging=0 vbus=1
[18:29:16] TINYDRAW_POWER battery=100 voltage_mv=4092 charging=0 vbus=1
[18:29:17] TINYDRAW_POWER battery=100 voltage_mv=4090 charging=0 vbus=1
[18:29:18] TINYDRAW_POWER battery=100 voltage_mv=4091 charging=0 vbus=1
[18:29:19] TINYDRAW_POWER battery=100 voltage_mv=4092 charging=0 vbus=1
[18:29:20] TINYDRAW_POWER battery=100 voltage_mv=4089 charging=0 vbus=1
[18:29:21] TINYDRAW_POWER battery=100 voltage_mv=4091 charging=0 vbus=1
[18:29:22] TINYDRAW_POWER battery=100 voltage_mv=4090 charging=0 vbus=1
[18:29:24] TINYDRAW_POWER battery=100 voltage_mv=4093 charging=0 vbus=1
[18:29:25] TINYDRAW_POWER battery=100 voltage_mv=4091 charging=0 vbus=1
[18:29:30] TINYDRAW_POWER battery=100 voltage_mv=4092 charging=0 vbus=1
[18:29:31] TINYDRAW_POWER battery=100 voltage_mv=4091 charging=0 vbus=1
[18:29:32] TINYDRAW_POWER battery=100 voltage_mv=4092 charging=0 vbus=1
[18:29:33] TINYDRAW_POWER battery=100 voltage_mv=4091 charging=0 vbus=1
[18:29:34] TINYDRAW_POWER battery=100 voltage_mv=4089 charging=0 vbus=1
[18:29:35] TINYDRAW_POWER battery=100 voltage_mv=4090 charging=0 vbus=1
[18:29:36] TINYDRAW_POWER battery=100 voltage_mv=4091 charging=0 vbus=1
[18:29:38] TINYDRAW_POWER battery=100 voltage_mv=4088 charging=0 vbus=1
[18:29:39] TINYDRAW_POWER battery=100 voltage_mv=4092 charging=0 vbus=1
[18:29:40] TINYDRAW_POWER battery=100 voltage_mv=4093 charging=0 vbus=1
[18:29:41] TINYDRAW_POWER battery=100 voltage_mv=4091 charging=0 vbus=1
[18:29:42] TINYDRAW_POWER battery=100 voltage_mv=4092 charging=0 vbus=1
[18:29:44] TINYDRAW_POWER battery=100 voltage_mv=4090 charging=0 vbus=1
[18:29:45] TINYDRAW_POWER battery=100 voltage_mv=4091 charging=0 vbus=1
[18:29:46] TINYDRAW_POWER battery=100 voltage_mv=4090 charging=0 vbus=1
[18:29:47] TINYDRAW_POWER battery=100 voltage_mv=4091 charging=0 vbus=1
[18:29:48] TINYDRAW_POWER battery=100 voltage_mv=4090 charging=0 vbus=1
[18:29:50] TINYDRAW_POWER battery=100 voltage_mv=4092 charging=0 vbus=1
[18:29:51] TINYDRAW_POWER battery=100 voltage_mv=4089 charging=0 vbus=1
[18:29:53] TINYDRAW_POWER battery=100 voltage_mv=4090 charging=0 vbus=1
[18:29:54] TINYDRAW_POWER battery=100 voltage_mv=4092 charging=0 vbus=1
[18:29:55] TINYDRAW_POWER battery=100 voltage_mv=4090 charging=0 vbus=1
[18:29:56] TINYDRAW_POWER battery=100 voltage_mv=4091 charging=0 vbus=1
[18:29:57] TINYDRAW_POWER battery=100 voltage_mv=4090 charging=0 vbus=1
[18:29:58] TINYDRAW_POWER battery=100 voltage_mv=4091 charging=0 vbus=1
[18:29:59] TINYDRAW_POWER battery=100 voltage_mv=4089 charging=0 vbus=1
[18:30:01] TINYDRAW_POWER battery=100 voltage_mv=4090 charging=0 vbus=1
[18:30:03] TINYDRAW_POWER battery=100 voltage_mv=4091 charging=0 vbus=1
[18:30:04] TINYDRAW_POWER battery=100 voltage_mv=4088 charging=0 vbus=1
[18:30:05] TINYDRAW_POWER battery=100 voltage_mv=4091 charging=0 vbus=1
[18:30:07] TINYDRAW_POWER battery=100 voltage_mv=4089 charging=0 vbus=1
[18:30:09] TINYDRAW_POWER battery=100 voltage_mv=4092 charging=0 vbus=1
[18:30:10] TINYDRAW_POWER battery=100 voltage_mv=4091 charging=0 vbus=1
[18:30:11] TINYDRAW_POWER battery=100 voltage_mv=4092 charging=0 vbus=1
[18:30:12] TINYDRAW_POWER battery=100 voltage_mv=4090 charging=0 vbus=1
[18:30:13] TINYDRAW_POWER battery=100 voltage_mv=4091 charging=0 vbus=1
[18:30:15] TINYDRAW_POWER battery=100 voltage_mv=4090 charging=0 vbus=1
[18:30:16] TINYDRAW_POWER battery=100 voltage_mv=4091 charging=0 vbus=1
[18:30:17] TINYDRAW_POWER battery=100 voltage_mv=4088 charging=0 vbus=1
[18:30:18] TINYDRAW_POWER battery=100 voltage_mv=4090 charging=0 vbus=1
[18:30:20] TINYDRAW_POWER battery=100 voltage_mv=4091 charging=0 vbus=1
[18:30:21] TINYDRAW_POWER battery=100 voltage_mv=4090 charging=0 vbus=1
[18:30:24] TINYDRAW_POWER battery=100 voltage_mv=4091 charging=0 vbus=1
[18:30:25] TINYDRAW_POWER battery=100 voltage_mv=4092 charging=0 vbus=1
[18:30:26] TINYDRAW_POWER battery=100 voltage_mv=4091 charging=0 vbus=1
[18:30:27] TINYDRAW_POWER battery=100 voltage_mv=4089 charging=0 vbus=1
[18:30:28] TINYDRAW_POWER battery=100 voltage_mv=4091 charging=0 vbus=1
[18:30:30] TINYDRAW_POWER battery=100 voltage_mv=4089 charging=0 vbus=1
[18:30:31] TINYDRAW_POWER battery=100 voltage_mv=4090 charging=0 vbus=1
[18:30:32] TINYDRAW_POWER battery=100 voltage_mv=4092 charging=0 vbus=1
[18:30:33] TINYDRAW_POWER battery=100 voltage_mv=4090 charging=0 vbus=1
[18:30:35] TINYDRAW_POWER battery=100 voltage_mv=4091 charging=0 vbus=1
[18:30:36] TINYDRAW_POWER battery=100 voltage_mv=4089 charging=0 vbus=1
[18:30:37] TINYDRAW_POWER battery=100 voltage_mv=4090 charging=0 vbus=1
[18:30:38] TINYDRAW_POWER battery=100 voltage_mv=4093 charging=0 vbus=1
[18:30:39] TINYDRAW_POWER battery=100 voltage_mv=4091 charging=0 vbus=1
[18:30:40] TINYDRAW_POWER battery=100 voltage_mv=4089 charging=0 vbus=1
[18:30:41] TINYDRAW_POWER battery=100 voltage_mv=4090 charging=0 vbus=1
[18:30:42] TINYDRAW_POWER battery=100 voltage_mv=4092 charging=0 vbus=1
[18:30:43] TINYDRAW_POWER battery=100 voltage_mv=4090 charging=0 vbus=1
[18:30:44] TINYDRAW_POWER battery=100 voltage_mv=4091 charging=0 vbus=1
[18:30:45] TINYDRAW_POWER battery=100 voltage_mv=4090 charging=0 vbus=1
[18:30:46] TINYDRAW_POWER battery=100 voltage_mv=4091 charging=0 vbus=1
[18:30:47] TINYDRAW_POWER battery=100 voltage_mv=4092 charging=0 vbus=1
[18:30:48] TINYDRAW_POWER battery=100 voltage_mv=4093 charging=0 vbus=1
[18:30:49] TINYDRAW_POWER battery=100 voltage_mv=4090 charging=0 vbus=1
[18:30:50] TINYDRAW_POWER battery=100 voltage_mv=4089 charging=0 vbus=1
[18:30:51] TINYDRAW_POWER battery=100 voltage_mv=4092 charging=0 vbus=1
[18:30:52] TINYDRAW_POWER battery=100 voltage_mv=4091 charging=0 vbus=1
[18:30:53] TINYDRAW_POWER battery=100 voltage_mv=4088 charging=0 vbus=1
[18:30:54] TINYDRAW_POWER battery=100 voltage_mv=4087 charging=0 vbus=1
[18:30:55] TINYDRAW_POWER battery=100 voltage_mv=4090 charging=0 vbus=1
[18:30:56] TINYDRAW_POWER battery=100 voltage_mv=4089 charging=0 vbus=1
[18:30:59] TINYDRAW_POWER battery=100 voltage_mv=4092 charging=0 vbus=1
[18:31:00] TINYDRAW_POWER battery=100 voltage_mv=4089 charging=0 vbus=1
[18:31:01] TINYDRAW_POWER battery=100 voltage_mv=4091 charging=0 vbus=1
[18:31:02] TINYDRAW_POWER battery=100 voltage_mv=4089 charging=0 vbus=1
[18:31:03] TINYDRAW_POWER battery=100 voltage_mv=4091 charging=0 vbus=1
[18:31:04] TINYDRAW_POWER battery=100 voltage_mv=4089 charging=0 vbus=1
[18:31:05] TINYDRAW_POWER battery=100 voltage_mv=4090 charging=0 vbus=1
[18:31:06] TINYDRAW_POWER battery=100 voltage_mv=4089 charging=0 vbus=1
[18:31:07] TINYDRAW_POWER battery=100 voltage_mv=4090 charging=0 vbus=1
[18:31:08] TINYDRAW_POWER battery=100 voltage_mv=4089 charging=0 vbus=1
[18:31:09] TINYDRAW_POWER battery=100 voltage_mv=4092 charging=0 vbus=1
[18:31:10] TINYDRAW_POWER battery=100 voltage_mv=4087 charging=0 vbus=1
[18:31:11] TINYDRAW_POWER battery=100 voltage_mv=4091 charging=0 vbus=1
[18:31:13] TINYDRAW_POWER battery=100 voltage_mv=4092 charging=0 vbus=1
[18:31:15] TINYDRAW_POWER battery=100 voltage_mv=4091 charging=0 vbus=1
[18:31:16] TINYDRAW_POWER battery=100 voltage_mv=4090 charging=0 vbus=1
[18:31:17] TINYDRAW_POWER battery=100 voltage_mv=4092 charging=0 vbus=1
[18:31:18] TINYDRAW_POWER battery=100 voltage_mv=4089 charging=0 vbus=1
[18:31:19] TINYDRAW_POWER battery=100 voltage_mv=4090 charging=0 vbus=1
[18:31:20] TINYDRAW_POWER battery=99 voltage_mv=4089 charging=0 vbus=1
[18:31:21] TINYDRAW_POWER battery=100 voltage_mv=4090 charging=0 vbus=1
[18:31:24] TINYDRAW_POWER battery=100 voltage_mv=4089 charging=0 vbus=1
[18:31:25] TINYDRAW_POWER battery=100 voltage_mv=4091 charging=0 vbus=1
[18:31:26] TINYDRAW_POWER battery=100 voltage_mv=4090 charging=0 vbus=1
[18:31:27] TINYDRAW_POWER battery=100 voltage_mv=4091 charging=0 vbus=1
[18:31:28] TINYDRAW_POWER battery=100 voltage_mv=4090 charging=0 vbus=1
[18:31:29] TINYDRAW_POWER battery=100 voltage_mv=4092 charging=0 vbus=1
[18:31:30] TINYDRAW_POWER battery=100 voltage_mv=4088 charging=0 vbus=1
[18:31:31] TINYDRAW_POWER battery=100 voltage_mv=4092 charging=0 vbus=1
[18:31:32] TINYDRAW_POWER battery=100 voltage_mv=4089 charging=0 vbus=1
[18:31:33] TINYDRAW_POWER battery=100 voltage_mv=4090 charging=0 vbus=1
[18:31:34] TINYDRAW_POWER battery=100 voltage_mv=4091 charging=0 vbus=1
[18:31:36] TINYDRAW_POWER battery=100 voltage_mv=4090 charging=0 vbus=1
[18:31:37] TINYDRAW_POWER battery=100 voltage_mv=4089 charging=0 vbus=1
[18:31:38] TINYDRAW_POWER battery=100 voltage_mv=4091 charging=0 vbus=1
[18:31:39] TINYDRAW_POWER battery=100 voltage_mv=4090 charging=0 vbus=1
[18:31:41] TINYDRAW_POWER battery=100 voltage_mv=4092 charging=0 vbus=1
[18:31:43] TINYDRAW_POWER battery=100 voltage_mv=4090 charging=0 vbus=1
[18:31:44] TINYDRAW_POWER battery=100 voltage_mv=4091 charging=0 vbus=1
[18:31:45] TINYDRAW_POWER battery=100 voltage_mv=4090 charging=0 vbus=1
[18:31:46] TINYDRAW_POWER battery=100 voltage_mv=4092 charging=0 vbus=1
[18:31:48] TINYDRAW_POWER battery=100 voltage_mv=4091 charging=0 vbus=1
[18:31:49] TINYDRAW_POWER battery=100 voltage_mv=4090 charging=0 vbus=1
[18:31:50] TINYDRAW_POWER battery=100 voltage_mv=4088 charging=0 vbus=1
[18:31:51] TINYDRAW_POWER battery=100 voltage_mv=4090 charging=0 vbus=1
[18:31:52] TINYDRAW_POWER battery=100 voltage_mv=4093 charging=0 vbus=1
[18:31:53] TINYDRAW_POWER battery=100 voltage_mv=4090 charging=0 vbus=1
[18:31:54] TINYDRAW_POWER battery=100 voltage_mv=4092 charging=0 vbus=1
[18:31:56] TINYDRAW_POWER battery=100 voltage_mv=4091 charging=0 vbus=1
[18:31:57] TINYDRAW_POWER battery=100 voltage_mv=4090 charging=0 vbus=1
[18:31:59] TINYDRAW_POWER battery=100 voltage_mv=4091 charging=0 vbus=1
[18:32:01] TINYDRAW_POWER battery=100 voltage_mv=4090 charging=0 vbus=1
[18:32:03] TINYDRAW_POWER battery=100 voltage_mv=4091 charging=0 vbus=1
[18:32:04] TINYDRAW_POWER battery=100 voltage_mv=4092 charging=0 vbus=1
[18:32:05] TINYDRAW_POWER battery=100 voltage_mv=4091 charging=0 vbus=1
[18:32:07] TINYDRAW_POWER battery=100 voltage_mv=4089 charging=0 vbus=1
[18:32:09] TINYDRAW_POWER battery=100 voltage_mv=4091 charging=0 vbus=1
[18:32:10] TINYDRAW_POWER battery=100 voltage_mv=4089 charging=0 vbus=1
[18:32:11] TINYDRAW_POWER battery=100 voltage_mv=4091 charging=0 vbus=1
[18:32:13] TINYDRAW_POWER battery=100 voltage_mv=4092 charging=0 vbus=1
[18:32:14] TINYDRAW_POWER battery=100 voltage_mv=4090 charging=0 vbus=1
[18:32:15] TINYDRAW_POWER battery=100 voltage_mv=4091 charging=0 vbus=1
[18:32:16] TINYDRAW_POWER battery=100 voltage_mv=4090 charging=0 vbus=1
[18:32:17] TINYDRAW_POWER battery=100 voltage_mv=4091 charging=0 vbus=1
[18:32:19] TINYDRAW_POWER battery=100 voltage_mv=4093 charging=0 vbus=1
[18:32:20] TINYDRAW_POWER battery=100 voltage_mv=4092 charging=0 vbus=1
[18:32:21] TINYDRAW_POWER battery=100 voltage_mv=4088 charging=0 vbus=1
[18:32:22] TINYDRAW_POWER battery=100 voltage_mv=4089 charging=0 vbus=1
[18:32:23] TINYDRAW_POWER battery=100 voltage_mv=4090 charging=0 vbus=1
[18:32:24] TINYDRAW_POWER battery=100 voltage_mv=4088 charging=0 vbus=1
[18:32:25] TINYDRAW_POWER battery=100 voltage_mv=4092 charging=0 vbus=1
[18:32:26] TINYDRAW_POWER battery=100 voltage_mv=4090 charging=0 vbus=1
[18:32:27] TINYDRAW_POWER battery=100 voltage_mv=4087 charging=0 vbus=1
[18:32:28] TINYDRAW_POWER battery=100 voltage_mv=4090 charging=0 vbus=1
[18:32:29] TINYDRAW_POWER battery=100 voltage_mv=4092 charging=0 vbus=1
[18:32:30] TINYDRAW_POWER battery=100 voltage_mv=4089 charging=0 vbus=1
[18:32:31] TINYDRAW_POWER battery=100 voltage_mv=4090 charging=0 vbus=1
[18:32:32] TINYDRAW_POWER battery=100 voltage_mv=4092 charging=0 vbus=1
[18:32:33] TINYDRAW_POWER battery=100 voltage_mv=4091 charging=0 vbus=1
[18:32:34] TINYDRAW_POWER battery=100 voltage_mv=4089 charging=0 vbus=1
[18:32:35] TINYDRAW_POWER battery=100 voltage_mv=4091 charging=0 vbus=1
[18:32:37] TINYDRAW_POWER battery=100 voltage_mv=4088 charging=0 vbus=1
[18:32:38] TINYDRAW_POWER battery=100 voltage_mv=4092 charging=0 vbus=1
[18:32:39] TINYDRAW_POWER battery=100 voltage_mv=4091 charging=0 vbus=1
[18:32:40] TINYDRAW_POWER battery=100 voltage_mv=4090 charging=0 vbus=1
[18:32:45] TINYDRAW_POWER battery=100 voltage_mv=4089 charging=0 vbus=1
[18:32:46] TINYDRAW_POWER battery=100 voltage_mv=4090 charging=0 vbus=1
[18:32:46] [DEBUG-hw1] down x=97 y=447
[18:32:46] [DEBUG-hw1] up x=97 y=447 active=0
[18:32:47] TINYDRAW_POWER battery=100 voltage_mv=4093 charging=0 vbus=1
[18:32:47] [DEBUG-hw1] down x=58 y=347
[18:32:47] [DEBUG-hw1] up x=58 y=345 active=0
[18:32:48] [DEBUG-hw1] down x=55 y=367
[18:32:49] [DEBUG-hw1] up x=347 y=49 active=0
[18:32:49] TINYDRAW_POWER battery=100 voltage_mv=4090 charging=0 vbus=1
[18:32:50] TINYDRAW_POWER battery=100 voltage_mv=4092 charging=0 vbus=1
[18:32:51] TINYDRAW_POWER battery=100 voltage_mv=4091 charging=0 vbus=1
[18:32:52] TINYDRAW_POWER battery=100 voltage_mv=4089 charging=0 vbus=1
[18:32:52] [DEBUG-hw1] down x=30 y=403
[18:32:53] [DEBUG-hw1] up x=346 y=52 active=0
[18:32:53] TINYDRAW_POWER battery=100 voltage_mv=4093 charging=0 vbus=1
[18:32:54] TINYDRAW_POWER battery=100 voltage_mv=4091 charging=0 vbus=1
[18:32:55] TINYDRAW_POWER battery=100 voltage_mv=4089 charging=0 vbus=1
[18:32:56] TINYDRAW_POWER battery=100 voltage_mv=4091 charging=0 vbus=1
[18:32:57] TINYDRAW_POWER battery=100 voltage_mv=4092 charging=0 vbus=1
[18:32:58] TINYDRAW_POWER battery=100 voltage_mv=4091 charging=0 vbus=1
[18:33:00] TINYDRAW_POWER battery=100 voltage_mv=4088 charging=0 vbus=1
[18:33:01] TINYDRAW_POWER battery=100 voltage_mv=4090 charging=0 vbus=1
[18:33:02] TINYDRAW_POWER battery=100 voltage_mv=4091 charging=0 vbus=1
[18:33:05] TINYDRAW_POWER battery=100 voltage_mv=4090 charging=0 vbus=1
[18:33:06] TINYDRAW_POWER battery=100 voltage_mv=4089 charging=0 vbus=1
[18:33:08] TINYDRAW_POWER battery=100 voltage_mv=4093 charging=0 vbus=1
[18:33:09] TINYDRAW_POWER battery=100 voltage_mv=4090 charging=0 vbus=1
[18:33:10] TINYDRAW_POWER battery=100 voltage_mv=4091 charging=0 vbus=1
[18:33:11] TINYDRAW_POWER battery=100 voltage_mv=4090 charging=0 vbus=1
[18:33:13] TINYDRAW_POWER battery=100 voltage_mv=4091 charging=0 vbus=1
[18:33:14] TINYDRAW_POWER battery=100 voltage_mv=4090 charging=0 vbus=1
[18:33:15] TINYDRAW_POWER battery=100 voltage_mv=4091 charging=0 vbus=1
[18:33:16] TINYDRAW_POWER battery=100 voltage_mv=4092 charging=0 vbus=1
[18:33:17] TINYDRAW_POWER battery=100 voltage_mv=4091 charging=0 vbus=1
[18:33:18] TINYDRAW_POWER battery=100 voltage_mv=4090 charging=0 vbus=1
[18:33:19] TINYDRAW_POWER battery=100 voltage_mv=4089 charging=0 vbus=1
[18:33:20] TINYDRAW_POWER battery=100 voltage_mv=4092 charging=0 vbus=1
[18:33:22] TINYDRAW_POWER battery=100 voltage_mv=4091 charging=0 vbus=1
[18:33:23] TINYDRAW_POWER battery=100 voltage_mv=4090 charging=0 vbus=1
[18:33:23] [DEBUG-hw1] down x=94 y=447
[18:33:24] [DEBUG-hw1] up x=94 y=447 active=0
[18:33:24] [DEBUG-hw1] down x=83 y=443
[18:33:24] [DEBUG-hw1] up x=83 y=443 active=0
[18:33:25] TINYDRAW_POWER battery=100 voltage_mv=4091 charging=0 vbus=1
[18:33:25] [DEBUG-hw1] down x=51 y=334
[18:33:26] [DEBUG-hw1] up x=337 y=8 active=1
[18:33:26] TINYDRAW_VECTOR_STROKE strokes=1002 samples=19902
[18:33:26] [DEBUG-perf1] samples=55 updates_us=91575 average_us=1665 max_us=2346 finish_us=36800 display_prepare_us=6040 display_transfer_us=12319 pushes=56 stroke_us=761997 touch_average_us=13555 touch_max_us=40013 max_input_lag_us=10125 max_queue=0
[18:33:26] TINYDRAW_POWER battery=100 voltage_mv=4088 charging=0 vbus=1
[18:33:27] [DEBUG-hw1] down x=2 y=336
[18:33:27] [DEBUG-hw1] up x=2 y=336 active=1
[18:33:27] TINYDRAW_VECTOR_STROKE strokes=1003 samples=19904
[18:33:27] [DEBUG-perf1] samples=1 updates_us=750 average_us=750 max_us=750 finish_us=27698 display_prepare_us=44 display_transfer_us=485 pushes=2 stroke_us=31008 touch_average_us=0 touch_max_us=0 max_input_lag_us=56 max_queue=0
[18:33:27] [DEBUG-hw1] down x=16 y=334
[18:33:27] [DEBUG-hw1] up x=16 y=334 active=1
[18:33:27] TINYDRAW_VECTOR_STROKE strokes=1004 samples=19906
[18:33:27] [DEBUG-perf1] samples=1 updates_us=785 average_us=785 max_us=785 finish_us=27723 display_prepare_us=51 display_transfer_us=450 pushes=2 stroke_us=82003 touch_average_us=0 touch_max_us=0 max_input_lag_us=54419 max_queue=0
[18:33:27] TINYDRAW_POWER battery=100 voltage_mv=4091 charging=0 vbus=1
[18:33:28] TINYDRAW_POWER battery=100 voltage_mv=4090 charging=0 vbus=1
[18:33:30] [DEBUG-hw1] down x=80 y=441
[18:33:31] [DEBUG-hw1] up x=80 y=441 active=0
[18:33:31] TINYDRAW_POWER battery=100 voltage_mv=4091 charging=0 vbus=1
[18:33:31] TINYDRAW_FALLBACK_REPAIRED revision=5
[18:33:31] [DEBUG-hw1] down x=197 y=354
[18:33:31] [DEBUG-hw1] up x=197 y=354 active=0
[18:33:33] TINYDRAW_POWER battery=100 voltage_mv=4092 charging=0 vbus=1
[18:33:34] [DEBUG-hw1] down x=114 y=151
[18:33:36] [DEBUG-hw1] up x=100 y=129 active=0
[18:33:36] TINYDRAW_PAN_PERF frames=98 bytes=26831616 average_us=25970 max_us=26076 settle_us=0 prepare_us=1852109 transfer_us=682488 pushes=1666
[18:33:36] TINYDRAW_POWER battery=100 voltage_mv=4090 charging=0 vbus=1
[18:33:37] [DEBUG-hw1] down x=83 y=441
[18:33:37] [DEBUG-hw1] up x=87 y=441 active=0
[18:33:37] TINYDRAW_POWER battery=100 voltage_mv=4093 charging=0 vbus=1
[18:33:37] [DEBUG-hw1] down x=40 y=347
[18:33:38] [DEBUG-hw1] up x=40 y=346 active=0
[18:33:38] TINYDRAW_POWER battery=100 voltage_mv=4092 charging=0 vbus=1
[18:33:38] [DEBUG-hw1] down x=53 y=132
[18:33:41] [DEBUG-hw1] up x=223 y=310 active=1
[18:33:41] TINYDRAW_VECTOR_STROKE strokes=1005 samples=20083
[18:33:41] [DEBUG-perf1] samples=176 updates_us=328653 average_us=1867 max_us=4338 finish_us=57135 display_prepare_us=8334 display_transfer_us=38621 pushes=177 stroke_us=2380996 touch_average_us=13434 touch_max_us=39011 max_input_lag_us=14409 max_queue=1
[18:33:41] TINYDRAW_POWER battery=100 voltage_mv=4090 charging=0 vbus=1
[18:33:41] [DEBUG-hw1] down x=80 y=424
[18:33:41] [DEBUG-hw1] up x=80 y=424 active=0
[18:33:42] TINYDRAW_POWER battery=100 voltage_mv=4092 charging=0 vbus=1
[18:33:42] [DEBUG-hw1] down x=206 y=336
[18:33:42] [DEBUG-hw1] up x=206 y=336 active=0
[18:33:42] [DEBUG-hw1] down x=302 y=117
[18:33:44] [DEBUG-hw1] up x=321 y=266 active=0
[18:33:44] TINYDRAW_PAN_PERF frames=0 bytes=0 average_us=0 max_us=0 settle_us=0 prepare_us=0 transfer_us=0 pushes=0
[18:33:44] TINYDRAW_POWER battery=100 voltage_mv=4090 charging=0 vbus=1
[18:33:44] [DEBUG-hw1] down x=40 y=190
[18:33:44] [DEBUG-hw1] up x=304 y=234 active=0
[18:33:44] TINYDRAW_PAN_PERF frames=0 bytes=0 average_us=0 max_us=0 settle_us=0 prepare_us=0 transfer_us=0 pushes=0
[18:33:45] [DEBUG-hw1] down x=257 y=31
[18:33:45] [DEBUG-hw1] up x=236 y=380 active=0
[18:33:45] TINYDRAW_PAN_PERF frames=2 bytes=547584 average_us=26001 max_us=26061 settle_us=0 prepare_us=37868 transfer_us=13941 pushes=34
[18:33:45] TINYDRAW_POWER battery=100 voltage_mv=4089 charging=0 vbus=1
[18:33:45] [DEBUG-hw1] down x=59 y=153
[18:33:46] [DEBUG-hw1] up x=116 y=70 active=0
[18:33:46] TINYDRAW_PAN_PERF frames=16 bytes=4380672 average_us=25972 max_us=26069 settle_us=0 prepare_us=302081 transfer_us=111797 pushes=272
[18:33:46] [DEBUG-hw1] down x=318 y=227
[18:33:46] [DEBUG-hw1] up x=99 y=129 active=0
[18:33:46] TINYDRAW_PAN_PERF frames=4 bytes=1095168 average_us=25985 max_us=26066 settle_us=0 prepare_us=75753 transfer_us=27765 pushes=68
[18:33:46] TINYDRAW_POWER battery=100 voltage_mv=4090 charging=0 vbus=1
[18:33:46] [DEBUG-hw1] down x=269 y=282
[18:33:47] [DEBUG-hw1] up x=258 y=54 active=0
[18:33:47] TINYDRAW_PAN_PERF frames=0 bytes=0 average_us=0 max_us=0 settle_us=0 prepare_us=0 transfer_us=0 pushes=0
[18:33:47] [DEBUG-hw1] down x=228 y=109
[18:33:47] [DEBUG-hw1] up x=332 y=387 active=0
[18:33:47] TINYDRAW_PAN_PERF frames=10 bytes=2737920 average_us=25978 max_us=26083 settle_us=0 prepare_us=189139 transfer_us=69613 pushes=170
[18:33:47] TINYDRAW_POWER battery=100 voltage_mv=4091 charging=0 vbus=1
[18:33:47] [DEBUG-hw1] down x=98 y=188
[18:33:47] [DEBUG-hw1] up x=324 y=229 active=0
[18:33:47] TINYDRAW_PAN_PERF frames=6 bytes=1642752 average_us=25972 max_us=26071 settle_us=0 prepare_us=113447 transfer_us=41770 pushes=102
[18:33:48] [DEBUG-hw1] down x=325 y=188
[18:33:48] [DEBUG-hw1] up x=158 y=170 active=0
[18:33:48] TINYDRAW_PAN_PERF frames=7 bytes=1916544 average_us=25972 max_us=26061 settle_us=0 prepare_us=132338 transfer_us=48747 pushes=119
[18:33:48] [DEBUG-hw1] down x=313 y=121
[18:33:48] [DEBUG-hw1] up x=144 y=153 active=0
[18:33:48] TINYDRAW_PAN_PERF frames=7 bytes=1916544 average_us=25971 max_us=26060 settle_us=0 prepare_us=132350 transfer_us=48727 pushes=119
[18:33:48] TINYDRAW_POWER battery=100 voltage_mv=4090 charging=0 vbus=1
[18:33:49] [DEBUG-hw1] down x=97 y=272
[18:33:49] [DEBUG-hw1] up x=271 y=145 active=0
[18:33:49] TINYDRAW_PAN_PERF frames=8 bytes=2190336 average_us=25978 max_us=26081 settle_us=0 prepare_us=151454 transfer_us=55564 pushes=136
[18:33:49] [DEBUG-hw1] down x=85 y=282
[18:33:50] [DEBUG-hw1] up x=77 y=163 active=0
[18:33:50] TINYDRAW_PAN_PERF frames=23 bytes=6297216 average_us=25953 max_us=26068 settle_us=0 prepare_us=432882 transfer_us=161604 pushes=391
[18:33:50] [DEBUG-hw1] down x=288 y=298
[18:33:51] [DEBUG-hw1] up x=169 y=111 active=0
[18:33:51] TINYDRAW_PAN_PERF frames=2 bytes=547584 average_us=26020 max_us=26077 settle_us=0 prepare_us=37893 transfer_us=13927 pushes=34
[18:33:51] [DEBUG-hw1] down x=246 y=283
[18:33:51] [DEBUG-hw1] up x=254 y=190 active=0
[18:33:51] TINYDRAW_PAN_PERF frames=1 bytes=273792 average_us=26087 max_us=26087 settle_us=0 prepare_us=18994 transfer_us=6976 pushes=17
[18:33:52] [DEBUG-hw1] down x=307 y=425
[18:33:52] [DEBUG-hw1] up x=307 y=425 active=0
[18:33:52] TINYDRAW_POWER battery=100 voltage_mv=4089 charging=0 vbus=1
[18:33:53] [DEBUG-hw1] down x=281 y=446
[18:33:53] [DEBUG-hw1] up x=281 y=446 active=0
[18:33:53] TINYDRAW_POWER battery=100 voltage_mv=4092 charging=0 vbus=1
[18:33:53] [DEBUG-hw1] down x=274 y=358
[18:33:54] [DEBUG-hw1] up x=274 y=358 active=0
[18:33:54] TINYDRAW_INTERACTIVE_PAN_FAIL zoom=200
[18:33:54] [DEBUG-hw1] down x=312 y=447
[18:33:54] [DEBUG-hw1] up x=312 y=447 active=0
[18:33:54] TINYDRAW_POWER battery=100 voltage_mv=4089 charging=0 vbus=1
[18:33:55] [DEBUG-hw1] down x=292 y=445
[18:33:55] [DEBUG-hw1] up x=292 y=445 active=0
[18:33:56] TINYDRAW_FALLBACK_REPAIRED revision=6
[18:33:56] [DEBUG-hw1] down x=39 y=382
[18:33:56] [DEBUG-hw1] up x=39 y=378 active=0
[18:33:57] TINYDRAW_POWER battery=100 voltage_mv=4093 charging=0 vbus=1
[18:33:57] [DEBUG-hw1] down x=29 y=351
[18:33:57] [DEBUG-hw1] up x=30 y=347 active=0
[18:33:57] TINYDRAW_SETTLED_PROFILE zoom=50 generation=77 bands=12 segments=126 clear_us=13123 raster_us=944 composite_us=18 publish_us=52059 complete=1
[18:33:57] TINYDRAW_POWER battery=100 voltage_mv=4091 charging=0 vbus=1
[18:33:58] [DEBUG-hw1] down x=250 y=325
[18:33:59] [DEBUG-hw1] up x=15 y=200 active=0
[18:33:59] TINYDRAW_PAN_PERF frames=45 bytes=12320640 average_us=25969 max_us=26061 settle_us=0 prepare_us=850094 transfer_us=313823 pushes=765
[18:33:59] TINYDRAW_POWER battery=100 voltage_mv=4090 charging=0 vbus=1
[18:34:00] TINYDRAW_SETTLED_PROFILE zoom=50 generation=79 bands=3 segments=3359 clear_us=3952 raster_us=103156 composite_us=18169 publish_us=33501 complete=1
[18:34:00] [DEBUG-hw1] down x=323 y=293
[18:34:03] [DEBUG-hw1] up x=280 y=106 active=0
[18:34:03] TINYDRAW_PAN_PERF frames=108 bytes=29569536 average_us=25968 max_us=26074 settle_us=0 prepare_us=2041397 transfer_us=751642 pushes=1836
[18:34:03] TINYDRAW_SETTLED_PROFILE zoom=50 generation=81 bands=14 segments=6697 clear_us=17521 raster_us=232398 composite_us=49968 publish_us=56652 complete=1
[18:34:03] [DEBUG-hw1] down x=312 y=431
[18:34:04] [DEBUG-hw1] up x=312 y=431 active=0
[18:34:04] TINYDRAW_POWER battery=100 voltage_mv=4091 charging=0 vbus=1
[18:34:04] [DEBUG-hw1] down x=264 y=431
[18:34:04] [DEBUG-hw1] up x=264 y=431 active=0
[18:34:05] [DEBUG-hw1] down x=134 y=347
[18:34:05] [DEBUG-hw1] up x=137 y=347 active=0
[18:34:06] TINYDRAW_POWER battery=100 voltage_mv=4090 charging=0 vbus=1
[18:34:06] [DEBUG-hw1] down x=204 y=187
[18:34:17] [DEBUG-hw1] up x=67 y=105 active=0
[18:34:17] TINYDRAW_PAN_PERF frames=165 bytes=45175680 average_us=25958 max_us=26057 settle_us=0 prepare_us=3119465 transfer_us=1146965 pushes=2805
[18:34:17] TINYDRAW_POWER battery=100 voltage_mv=4091 charging=0 vbus=1
[18:34:17] [DEBUG-hw1] down x=248 y=98
[18:34:17] TINYDRAW_SETTLED_PROFILE zoom=100 generation=85 bands=12 segments=1453 clear_us=22049 raster_us=39195 composite_us=12556 publish_us=24733 complete=0
[18:34:19] [DEBUG-hw1] up x=101 y=63 active=0
[18:34:19] TINYDRAW_PAN_PERF frames=23 bytes=6297216 average_us=25953 max_us=26080 settle_us=0 prepare_us=434345 transfer_us=160304 pushes=391
[18:34:19] TINYDRAW_POWER battery=100 voltage_mv=4089 charging=0 vbus=1
[18:34:19] TINYDRAW_SETTLED_PROFILE zoom=100 generation=87 bands=24 segments=6725 clear_us=35514 raster_us=534662 composite_us=151161 publish_us=77478 complete=1
[18:34:20] TINYDRAW_POWER battery=100 voltage_mv=4091 charging=0 vbus=1
[18:34:22] TINYDRAW_POWER battery=100 voltage_mv=4090 charging=0 vbus=1
[18:34:23] TINYDRAW_POWER battery=100 voltage_mv=4091 charging=0 vbus=1
[18:34:25] TINYDRAW_POWER battery=100 voltage_mv=4090 charging=0 vbus=1
[18:34:26] TINYDRAW_POWER battery=100 voltage_mv=4092 charging=0 vbus=1
[18:34:27] TINYDRAW_POWER battery=100 voltage_mv=4090 charging=0 vbus=1
[18:34:29] TINYDRAW_POWER battery=100 voltage_mv=4092 charging=0 vbus=1
[18:34:30] TINYDRAW_POWER battery=100 voltage_mv=4091 charging=0 vbus=1
[18:34:31] TINYDRAW_POWER battery=100 voltage_mv=4090 charging=0 vbus=1
[18:34:32] TINYDRAW_POWER battery=100 voltage_mv=4091 charging=0 vbus=1
[18:34:33] TINYDRAW_POWER battery=100 voltage_mv=4089 charging=0 vbus=1
[18:34:34] TINYDRAW_POWER battery=100 voltage_mv=4091 charging=0 vbus=1
[18:34:36] TINYDRAW_POWER battery=100 voltage_mv=4089 charging=0 vbus=1
[18:34:38] TINYDRAW_POWER battery=100 voltage_mv=4090 charging=0 vbus=1
[18:34:39] TINYDRAW_POWER battery=100 voltage_mv=4091 charging=0 vbus=1
[18:34:40] TINYDRAW_POWER battery=100 voltage_mv=4090 charging=0 vbus=1
[18:34:41] TINYDRAW_POWER battery=100 voltage_mv=4091 charging=0 vbus=1
[18:34:42] TINYDRAW_POWER battery=100 voltage_mv=4089 charging=0 vbus=1
[18:34:43] TINYDRAW_POWER battery=100 voltage_mv=4092 charging=0 vbus=1
[18:34:45] TINYDRAW_POWER battery=100 voltage_mv=4091 charging=0 vbus=1
[18:34:46] TINYDRAW_POWER battery=100 voltage_mv=4092 charging=0 vbus=1
[18:34:47] TINYDRAW_POWER battery=100 voltage_mv=4089 charging=0 vbus=1
[18:34:48] TINYDRAW_POWER battery=100 voltage_mv=4090 charging=0 vbus=1
[18:34:48] [DEBUG-hw1] down x=1 y=417
[18:34:49] [DEBUG-hw1] up x=248 y=247 active=0
[18:34:49] [DEBUG-hw1] down x=126 y=205
[18:34:58] [DEBUG-hw1] up x=111 y=196 active=0
[18:34:58] TINYDRAW_PAN_PERF frames=328 bytes=89803776 average_us=25965 max_us=26022 settle_us=0 prepare_us=6198750 transfer_us=2283849 pushes=5576
[18:34:58] TINYDRAW_POWER battery=100 voltage_mv=4091 charging=0 vbus=1
[18:35:00] TINYDRAW_POWER battery=100 voltage_mv=4089 charging=0 vbus=1
[18:35:02] TINYDRAW_POWER battery=100 voltage_mv=4091 charging=0 vbus=1
[18:35:03] TINYDRAW_POWER battery=100 voltage_mv=4090 charging=0 vbus=1
[18:35:04] TINYDRAW_POWER battery=100 voltage_mv=4091 charging=0 vbus=1
[18:35:07] TINYDRAW_POWER battery=100 voltage_mv=4090 charging=0 vbus=1
[18:35:08] TINYDRAW_POWER battery=100 voltage_mv=4089 charging=0 vbus=1
[18:35:09] TINYDRAW_POWER battery=100 voltage_mv=4090 charging=0 vbus=1
[18:35:10] TINYDRAW_POWER battery=100 voltage_mv=4091 charging=0 vbus=1
[18:35:12] TINYDRAW_POWER battery=100 voltage_mv=4090 charging=0 vbus=1
[18:35:14] TINYDRAW_POWER battery=100 voltage_mv=4091 charging=0 vbus=1
[18:35:15] TINYDRAW_POWER battery=100 voltage_mv=4092 charging=0 vbus=1
[18:35:16] TINYDRAW_POWER battery=100 voltage_mv=4090 charging=0 vbus=1
[18:35:18] TINYDRAW_POWER battery=100 voltage_mv=4089 charging=0 vbus=1
[18:35:19] TINYDRAW_POWER battery=100 voltage_mv=4090 charging=0 vbus=1
[18:35:20] TINYDRAW_POWER battery=100 voltage_mv=4091 charging=0 vbus=1
[18:35:21] TINYDRAW_POWER battery=100 voltage_mv=4092 charging=0 vbus=1
[18:35:22] TINYDRAW_POWER battery=100 voltage_mv=4090 charging=0 vbus=1
[18:35:23] TINYDRAW_POWER battery=100 voltage_mv=4091 charging=0 vbus=1
[18:35:24] TINYDRAW_POWER battery=100 voltage_mv=4088 charging=0 vbus=1
[18:35:25] TINYDRAW_POWER battery=100 voltage_mv=4090 charging=0 vbus=1
[18:35:28] TINYDRAW_POWER battery=100 voltage_mv=4091 charging=0 vbus=1
[18:35:30] TINYDRAW_POWER battery=100 voltage_mv=4092 charging=0 vbus=1
[18:35:31] TINYDRAW_POWER battery=100 voltage_mv=4090 charging=0 vbus=1
[18:35:32] TINYDRAW_POWER battery=100 voltage_mv=4089 charging=0 vbus=1
[18:35:33] TINYDRAW_POWER battery=100 voltage_mv=4090 charging=0 vbus=1
[18:35:34] TINYDRAW_POWER battery=100 voltage_mv=4091 charging=0 vbus=1
[18:35:36] TINYDRAW_POWER battery=100 voltage_mv=4090 charging=0 vbus=1
[18:35:39] TINYDRAW_POWER battery=100 voltage_mv=4091 charging=0 vbus=1
[18:35:40] TINYDRAW_POWER battery=100 voltage_mv=4092 charging=0 vbus=1
[18:35:41] TINYDRAW_POWER battery=100 voltage_mv=4093 charging=0 vbus=1
[18:35:42] TINYDRAW_POWER battery=100 voltage_mv=4089 charging=0 vbus=1
[18:35:43] TINYDRAW_POWER battery=100 voltage_mv=4090 charging=0 vbus=1
[18:35:44] TINYDRAW_POWER battery=100 voltage_mv=4091 charging=0 vbus=1
[18:35:46] TINYDRAW_POWER battery=100 voltage_mv=4090 charging=0 vbus=1
[18:35:48] TINYDRAW_POWER battery=100 voltage_mv=4091 charging=0 vbus=1
[18:35:49] TINYDRAW_POWER battery=100 voltage_mv=4092 charging=0 vbus=1
[18:35:50] TINYDRAW_POWER battery=100 voltage_mv=4091 charging=0 vbus=1
[18:35:51] TINYDRAW_POWER battery=100 voltage_mv=4090 charging=0 vbus=1
[18:35:52] TINYDRAW_POWER battery=100 voltage_mv=4089 charging=0 vbus=1
[18:35:53] TINYDRAW_POWER battery=100 voltage_mv=4090 charging=0 vbus=1
[18:35:54] TINYDRAW_POWER battery=100 voltage_mv=4089 charging=0 vbus=1
[18:35:55] TINYDRAW_POWER battery=100 voltage_mv=4090 charging=0 vbus=1
[18:35:56] TINYDRAW_POWER battery=100 voltage_mv=4089 charging=0 vbus=1
[18:35:57] TINYDRAW_POWER battery=100 voltage_mv=4091 charging=0 vbus=1
[18:35:59] TINYDRAW_POWER battery=100 voltage_mv=4090 charging=0 vbus=1
[18:36:00] TINYDRAW_POWER battery=100 voltage_mv=4089 charging=0 vbus=1
[18:36:01] TINYDRAW_POWER battery=100 voltage_mv=4090 charging=0 vbus=1
[18:36:03] TINYDRAW_POWER battery=100 voltage_mv=4088 charging=0 vbus=1
[18:36:04] TINYDRAW_POWER battery=100 voltage_mv=4092 charging=0 vbus=1
[18:36:05] TINYDRAW_POWER battery=100 voltage_mv=4090 charging=0 vbus=1
[18:36:06] TINYDRAW_POWER battery=100 voltage_mv=4091 charging=0 vbus=1
[18:36:07] TINYDRAW_POWER battery=100 voltage_mv=4090 charging=0 vbus=1
[18:36:08] TINYDRAW_POWER battery=100 voltage_mv=4091 charging=0 vbus=1
[18:36:09] TINYDRAW_POWER battery=100 voltage_mv=4090 charging=0 vbus=1
[18:36:11] TINYDRAW_POWER battery=100 voltage_mv=4089 charging=0 vbus=1
[18:36:12] TINYDRAW_POWER battery=100 voltage_mv=4088 charging=0 vbus=1
[18:36:13] TINYDRAW_POWER battery=100 voltage_mv=4090 charging=0 vbus=1
[18:36:15] TINYDRAW_POWER battery=100 voltage_mv=4091 charging=0 vbus=1
[18:36:16] TINYDRAW_POWER battery=100 voltage_mv=4088 charging=0 vbus=1
[18:36:17] TINYDRAW_POWER battery=100 voltage_mv=4092 charging=0 vbus=1
[18:36:18] TINYDRAW_POWER battery=100 voltage_mv=4089 charging=0 vbus=1
[18:36:20] TINYDRAW_POWER battery=100 voltage_mv=4090 charging=0 vbus=1
[18:36:23] TINYDRAW_POWER battery=100 voltage_mv=4092 charging=0 vbus=1
[18:36:24] TINYDRAW_POWER battery=100 voltage_mv=4088 charging=0 vbus=1
[18:36:25] TINYDRAW_POWER battery=100 voltage_mv=4089 charging=0 vbus=1
[18:36:26] TINYDRAW_POWER battery=100 voltage_mv=4088 charging=0 vbus=1
[18:36:27] TINYDRAW_POWER battery=100 voltage_mv=4090 charging=0 vbus=1
[18:36:28] TINYDRAW_POWER battery=100 voltage_mv=4089 charging=0 vbus=1
[18:36:29] TINYDRAW_POWER battery=100 voltage_mv=4090 charging=0 vbus=1
[18:36:31] TINYDRAW_POWER battery=100 voltage_mv=4092 charging=0 vbus=1
[18:36:32] TINYDRAW_POWER battery=100 voltage_mv=4090 charging=0 vbus=1
[18:36:33] TINYDRAW_POWER battery=100 voltage_mv=4091 charging=0 vbus=1
[18:36:34] TINYDRAW_POWER battery=100 voltage_mv=4090 charging=0 vbus=1
[18:36:36] TINYDRAW_POWER battery=100 voltage_mv=4089 charging=0 vbus=1
[18:36:37] TINYDRAW_POWER battery=100 voltage_mv=4091 charging=0 vbus=1
[18:36:38] TINYDRAW_POWER battery=100 voltage_mv=4090 charging=0 vbus=1
[18:36:42] TINYDRAW_POWER battery=100 voltage_mv=4091 charging=0 vbus=1
[18:36:43] TINYDRAW_POWER battery=100 voltage_mv=4089 charging=0 vbus=1
[18:36:44] TINYDRAW_POWER battery=100 voltage_mv=4088 charging=0 vbus=1
[18:36:45] TINYDRAW_POWER battery=100 voltage_mv=4089 charging=0 vbus=1
[18:36:46] TINYDRAW_POWER battery=100 voltage_mv=4091 charging=0 vbus=1
[18:36:47] TINYDRAW_POWER battery=100 voltage_mv=4089 charging=0 vbus=1
[18:36:48] TINYDRAW_POWER battery=100 voltage_mv=4090 charging=0 vbus=1
[18:36:49] TINYDRAW_POWER battery=100 voltage_mv=4089 charging=0 vbus=1
[18:36:51] TINYDRAW_POWER battery=99 voltage_mv=4089 charging=0 vbus=1
[18:36:52] TINYDRAW_POWER battery=100 voltage_mv=4089 charging=0 vbus=1
[18:36:53] TINYDRAW_POWER battery=100 voltage_mv=4088 charging=0 vbus=1
[18:36:54] TINYDRAW_POWER battery=100 voltage_mv=4091 charging=0 vbus=1
[18:36:55] TINYDRAW_POWER battery=100 voltage_mv=4089 charging=0 vbus=1
[18:36:56] TINYDRAW_POWER battery=100 voltage_mv=4090 charging=0 vbus=1
[18:36:57] TINYDRAW_POWER battery=100 voltage_mv=4088 charging=0 vbus=1
[18:36:58] TINYDRAW_POWER battery=100 voltage_mv=4090 charging=0 vbus=1
[18:37:00] TINYDRAW_POWER battery=100 voltage_mv=4091 charging=0 vbus=1
[18:37:01] TINYDRAW_POWER battery=100 voltage_mv=4090 charging=0 vbus=1
[18:37:03] TINYDRAW_POWER battery=100 voltage_mv=4089 charging=0 vbus=1
[18:37:04] TINYDRAW_POWER battery=100 voltage_mv=4090 charging=0 vbus=1
[18:37:05] TINYDRAW_POWER battery=100 voltage_mv=4092 charging=0 vbus=1
[18:37:06] TINYDRAW_POWER battery=100 voltage_mv=4091 charging=0 vbus=1
[18:37:07] TINYDRAW_POWER battery=100 voltage_mv=4089 charging=0 vbus=1
[18:37:08] TINYDRAW_POWER battery=100 voltage_mv=4091 charging=0 vbus=1
[18:37:09] TINYDRAW_POWER battery=100 voltage_mv=4090 charging=0 vbus=1
[18:37:10] TINYDRAW_POWER battery=100 voltage_mv=4091 charging=0 vbus=1
[18:37:11] TINYDRAW_POWER battery=100 voltage_mv=4090 charging=0 vbus=1
[18:37:13] TINYDRAW_POWER battery=100 voltage_mv=4089 charging=0 vbus=1
[18:37:14] TINYDRAW_POWER battery=100 voltage_mv=4091 charging=0 vbus=1
[18:37:15] TINYDRAW_POWER battery=100 voltage_mv=4089 charging=0 vbus=1
[18:37:16] TINYDRAW_POWER battery=100 voltage_mv=4091 charging=0 vbus=1
[18:37:17] TINYDRAW_POWER battery=100 voltage_mv=4089 charging=0 vbus=1
[18:37:18] TINYDRAW_POWER battery=100 voltage_mv=4092 charging=0 vbus=1
[18:37:19] TINYDRAW_POWER battery=100 voltage_mv=4091 charging=0 vbus=1
[18:37:20] TINYDRAW_POWER battery=100 voltage_mv=4092 charging=0 vbus=1
[18:37:21] TINYDRAW_POWER battery=100 voltage_mv=4091 charging=0 vbus=1
[18:37:22] TINYDRAW_POWER battery=100 voltage_mv=4090 charging=0 vbus=1
[18:37:23] TINYDRAW_POWER battery=100 voltage_mv=4091 charging=0 vbus=1
[18:37:25] TINYDRAW_POWER battery=100 voltage_mv=4089 charging=0 vbus=1
[18:37:26] TINYDRAW_POWER battery=100 voltage_mv=4088 charging=0 vbus=1
[18:37:27] TINYDRAW_POWER battery=100 voltage_mv=4090 charging=0 vbus=1
[18:37:28] TINYDRAW_POWER battery=100 voltage_mv=4091 charging=0 vbus=1
[18:37:29] TINYDRAW_POWER battery=100 voltage_mv=4090 charging=0 vbus=1
[18:37:31] TINYDRAW_POWER battery=100 voltage_mv=4092 charging=0 vbus=1
[18:37:32] TINYDRAW_POWER battery=100 voltage_mv=4091 charging=0 vbus=1
[18:37:33] TINYDRAW_POWER battery=100 voltage_mv=4089 charging=0 vbus=1
[18:37:34] TINYDRAW_POWER battery=100 voltage_mv=4090 charging=0 vbus=1
[18:37:36] TINYDRAW_POWER battery=100 voltage_mv=4092 charging=0 vbus=1
[18:37:37] TINYDRAW_POWER battery=100 voltage_mv=4091 charging=0 vbus=1
[18:37:38] TINYDRAW_POWER battery=100 voltage_mv=4088 charging=0 vbus=1
[18:37:39] TINYDRAW_POWER battery=100 voltage_mv=4090 charging=0 vbus=1
[18:37:41] TINYDRAW_POWER battery=100 voltage_mv=4092 charging=0 vbus=1
[18:37:42] TINYDRAW_POWER battery=100 voltage_mv=4090 charging=0 vbus=1
[18:37:43] TINYDRAW_POWER battery=100 voltage_mv=4088 charging=0 vbus=1
[18:37:44] TINYDRAW_POWER battery=100 voltage_mv=4092 charging=0 vbus=1
[18:37:45] TINYDRAW_POWER battery=100 voltage_mv=4090 charging=0 vbus=1
[18:37:46] TINYDRAW_POWER battery=100 voltage_mv=4091 charging=0 vbus=1
[18:37:47] TINYDRAW_POWER battery=100 voltage_mv=4090 charging=0 vbus=1
[18:37:50] TINYDRAW_POWER battery=100 voltage_mv=4092 charging=0 vbus=1
[18:37:51] TINYDRAW_POWER battery=100 voltage_mv=4089 charging=0 vbus=1
[18:37:52] TINYDRAW_POWER battery=100 voltage_mv=4091 charging=0 vbus=1
[18:37:53] TINYDRAW_POWER battery=100 voltage_mv=4089 charging=0 vbus=1
[18:37:54] TINYDRAW_POWER battery=100 voltage_mv=4090 charging=0 vbus=1
[18:37:55] TINYDRAW_POWER battery=100 voltage_mv=4093 charging=0 vbus=1
[18:37:56] TINYDRAW_POWER battery=100 voltage_mv=4090 charging=0 vbus=1
[18:37:57] TINYDRAW_POWER battery=100 voltage_mv=4091 charging=0 vbus=1
[18:37:58] TINYDRAW_POWER battery=100 voltage_mv=4089 charging=0 vbus=1
[18:37:59] TINYDRAW_POWER battery=100 voltage_mv=4090 charging=0 vbus=1
[18:38:04] TINYDRAW_POWER battery=100 voltage_mv=4089 charging=0 vbus=1
[18:38:05] TINYDRAW_POWER battery=100 voltage_mv=4090 charging=0 vbus=1
[18:38:06] TINYDRAW_POWER battery=100 voltage_mv=4091 charging=0 vbus=1
[18:38:07] TINYDRAW_POWER battery=100 voltage_mv=4090 charging=0 vbus=1
[18:38:08] TINYDRAW_POWER battery=100 voltage_mv=4089 charging=0 vbus=1
[18:38:11] TINYDRAW_POWER battery=100 voltage_mv=4090 charging=0 vbus=1
[18:38:12] TINYDRAW_POWER battery=100 voltage_mv=4089 charging=0 vbus=1
[18:38:14] TINYDRAW_POWER battery=100 voltage_mv=4090 charging=0 vbus=1
[18:38:18] TINYDRAW_POWER battery=100 voltage_mv=4091 charging=0 vbus=1
[18:38:19] TINYDRAW_POWER battery=100 voltage_mv=4090 charging=0 vbus=1
[18:38:20] TINYDRAW_POWER battery=100 voltage_mv=4091 charging=0 vbus=1
[18:38:21] TINYDRAW_POWER battery=100 voltage_mv=4090 charging=0 vbus=1
[18:38:22] TINYDRAW_POWER battery=100 voltage_mv=4091 charging=0 vbus=1
[18:38:30] TINYDRAW_POWER battery=100 voltage_mv=4092 charging=0 vbus=1
[18:38:31] TINYDRAW_POWER battery=100 voltage_mv=4090 charging=0 vbus=1
[18:38:33] TINYDRAW_POWER battery=100 voltage_mv=4091 charging=0 vbus=1
[18:38:34] TINYDRAW_POWER battery=100 voltage_mv=4090 charging=0 vbus=1
[18:38:36] TINYDRAW_POWER battery=100 voltage_mv=4091 charging=0 vbus=1
[18:38:37] TINYDRAW_POWER battery=100 voltage_mv=4089 charging=0 vbus=1
[18:38:38] TINYDRAW_POWER battery=100 voltage_mv=4091 charging=0 vbus=1
[18:38:40] TINYDRAW_POWER battery=100 voltage_mv=4090 charging=0 vbus=1
[18:38:42] TINYDRAW_POWER battery=100 voltage_mv=4091 charging=0 vbus=1
[18:38:43] TINYDRAW_POWER battery=100 voltage_mv=4090 charging=0 vbus=1
[18:38:46] TINYDRAW_POWER battery=100 voltage_mv=4089 charging=0 vbus=1
[18:38:47] TINYDRAW_POWER battery=100 voltage_mv=4090 charging=0 vbus=1
[18:38:48] TINYDRAW_POWER battery=100 voltage_mv=4092 charging=0 vbus=1
[18:38:49] TINYDRAW_POWER battery=100 voltage_mv=4089 charging=0 vbus=1
[18:38:50] TINYDRAW_POWER battery=100 voltage_mv=4091 charging=0 vbus=1
[18:38:51] TINYDRAW_POWER battery=100 voltage_mv=4090 charging=0 vbus=1
[18:38:54] TINYDRAW_POWER battery=100 voltage_mv=4089 charging=0 vbus=1
[18:38:55] TINYDRAW_POWER battery=100 voltage_mv=4091 charging=0 vbus=1
[18:38:57] TINYDRAW_POWER battery=100 voltage_mv=4090 charging=0 vbus=1
[18:38:58] TINYDRAW_POWER battery=100 voltage_mv=4089 charging=0 vbus=1
[18:38:59] TINYDRAW_POWER battery=100 voltage_mv=4092 charging=0 vbus=1
[18:39:00] TINYDRAW_POWER battery=100 voltage_mv=4091 charging=0 vbus=1
[18:39:01] TINYDRAW_POWER battery=100 voltage_mv=4090 charging=0 vbus=1
[18:39:02] TINYDRAW_POWER battery=100 voltage_mv=4091 charging=0 vbus=1
[18:39:03] TINYDRAW_POWER battery=100 voltage_mv=4094 charging=0 vbus=1
[18:39:04] TINYDRAW_POWER battery=100 voltage_mv=4091 charging=0 vbus=1
[18:39:05] TINYDRAW_POWER battery=100 voltage_mv=4090 charging=0 vbus=1
[18:39:06] TINYDRAW_POWER battery=100 voltage_mv=4091 charging=0 vbus=1
[18:39:09] TINYDRAW_POWER battery=100 voltage_mv=4090 charging=0 vbus=1
[18:39:11] TINYDRAW_POWER battery=100 voltage_mv=4091 charging=0 vbus=1
[18:39:12] TINYDRAW_POWER battery=100 voltage_mv=4092 charging=0 vbus=1
[18:39:13] TINYDRAW_POWER battery=100 voltage_mv=4091 charging=0 vbus=1
[18:39:14] TINYDRAW_POWER battery=100 voltage_mv=4090 charging=0 vbus=1
[18:39:15] TINYDRAW_POWER battery=100 voltage_mv=4089 charging=0 vbus=1
[18:39:16] TINYDRAW_POWER battery=100 voltage_mv=4090 charging=0 vbus=1
[18:39:18] TINYDRAW_POWER battery=100 voltage_mv=4091 charging=0 vbus=1
[18:39:19] TINYDRAW_POWER battery=100 voltage_mv=4092 charging=0 vbus=1
[18:39:20] TINYDRAW_POWER battery=100 voltage_mv=4091 charging=0 vbus=1
[18:39:21] TINYDRAW_POWER battery=100 voltage_mv=4090 charging=0 vbus=1
[18:39:23] TINYDRAW_POWER battery=100 voltage_mv=4093 charging=0 vbus=1
[18:39:24] TINYDRAW_POWER battery=100 voltage_mv=4090 charging=0 vbus=1
[18:39:26] TINYDRAW_POWER battery=100 voltage_mv=4091 charging=0 vbus=1
[18:39:28] TINYDRAW_POWER battery=100 voltage_mv=4090 charging=0 vbus=1
[18:39:29] TINYDRAW_POWER battery=100 voltage_mv=4089 charging=0 vbus=1
[18:39:30] TINYDRAW_POWER battery=100 voltage_mv=4092 charging=0 vbus=1
[18:39:31] TINYDRAW_POWER battery=100 voltage_mv=4091 charging=0 vbus=1
[18:39:34] TINYDRAW_POWER battery=100 voltage_mv=4089 charging=0 vbus=1
[18:39:35] TINYDRAW_POWER battery=100 voltage_mv=4091 charging=0 vbus=1
[18:39:36] TINYDRAW_POWER battery=99 voltage_mv=4091 charging=0 vbus=1
[18:39:37] TINYDRAW_POWER battery=100 voltage_mv=4091 charging=0 vbus=1
[18:39:38] TINYDRAW_POWER battery=100 voltage_mv=4089 charging=0 vbus=1
[18:39:39] TINYDRAW_POWER battery=100 voltage_mv=4091 charging=0 vbus=1
[18:39:40] TINYDRAW_POWER battery=100 voltage_mv=4092 charging=0 vbus=1
[18:39:41] TINYDRAW_POWER battery=100 voltage_mv=4090 charging=0 vbus=1
[18:39:42] TINYDRAW_POWER battery=100 voltage_mv=4089 charging=0 vbus=1
[18:39:43] TINYDRAW_POWER battery=100 voltage_mv=4090 charging=0 vbus=1
[18:39:44] TINYDRAW_POWER battery=100 voltage_mv=4091 charging=0 vbus=1
[18:39:47] TINYDRAW_POWER battery=100 voltage_mv=4090 charging=0 vbus=1
[18:39:48] TINYDRAW_POWER battery=100 voltage_mv=4092 charging=0 vbus=1
[18:39:49] TINYDRAW_POWER battery=100 voltage_mv=4088 charging=0 vbus=1
[18:39:50] TINYDRAW_POWER battery=100 voltage_mv=4090 charging=0 vbus=1
[18:39:51] TINYDRAW_POWER battery=100 voltage_mv=4091 charging=0 vbus=1
[18:39:52] TINYDRAW_POWER battery=100 voltage_mv=4092 charging=0 vbus=1
[18:39:53] TINYDRAW_POWER battery=100 voltage_mv=4090 charging=0 vbus=1
[18:39:54] TINYDRAW_POWER battery=100 voltage_mv=4091 charging=0 vbus=1
[18:39:55] TINYDRAW_POWER battery=100 voltage_mv=4090 charging=0 vbus=1
[18:39:56] TINYDRAW_POWER battery=100 voltage_mv=4091 charging=0 vbus=1
[18:39:57] TINYDRAW_POWER battery=100 voltage_mv=4092 charging=0 vbus=1
[18:39:58] TINYDRAW_POWER battery=100 voltage_mv=4090 charging=0 vbus=1
[18:39:59] TINYDRAW_POWER battery=100 voltage_mv=4091 charging=0 vbus=1
[18:40:00] TINYDRAW_POWER battery=100 voltage_mv=4089 charging=0 vbus=1
[18:40:01] TINYDRAW_POWER battery=100 voltage_mv=4092 charging=0 vbus=1
[18:40:02] TINYDRAW_POWER battery=100 voltage_mv=4090 charging=0 vbus=1
[18:40:03] TINYDRAW_POWER battery=100 voltage_mv=4089 charging=0 vbus=1
[18:40:04] TINYDRAW_POWER battery=100 voltage_mv=4092 charging=0 vbus=1
[18:40:05] TINYDRAW_POWER battery=100 voltage_mv=4091 charging=0 vbus=1
[18:40:06] TINYDRAW_POWER battery=100 voltage_mv=4090 charging=0 vbus=1
[18:40:07] TINYDRAW_POWER battery=100 voltage_mv=4091 charging=0 vbus=1
[18:40:09] TINYDRAW_POWER battery=100 voltage_mv=4092 charging=0 vbus=1
[18:40:10] TINYDRAW_POWER battery=100 voltage_mv=4091 charging=0 vbus=1
[18:40:11] TINYDRAW_POWER battery=100 voltage_mv=4092 charging=0 vbus=1
[18:40:12] TINYDRAW_POWER battery=100 voltage_mv=4090 charging=0 vbus=1
[18:40:13] TINYDRAW_POWER battery=100 voltage_mv=4091 charging=0 vbus=1
[18:40:14] TINYDRAW_POWER battery=100 voltage_mv=4092 charging=0 vbus=1
[18:40:15] TINYDRAW_POWER battery=100 voltage_mv=4090 charging=0 vbus=1
[18:40:17] TINYDRAW_POWER battery=100 voltage_mv=4089 charging=0 vbus=1
[18:40:18] TINYDRAW_POWER battery=100 voltage_mv=4090 charging=0 vbus=1
[18:40:19] TINYDRAW_POWER battery=100 voltage_mv=4089 charging=0 vbus=1
[18:40:20] TINYDRAW_POWER battery=100 voltage_mv=4091 charging=0 vbus=1
[18:40:21] TINYDRAW_POWER battery=100 voltage_mv=4092 charging=0 vbus=1
[18:40:22] TINYDRAW_POWER battery=100 voltage_mv=4091 charging=0 vbus=1
[18:40:24] TINYDRAW_POWER battery=100 voltage_mv=4090 charging=0 vbus=1
[18:40:25] TINYDRAW_POWER battery=100 voltage_mv=4091 charging=0 vbus=1
[18:40:26] TINYDRAW_POWER battery=100 voltage_mv=4089 charging=0 vbus=1
[18:40:27] TINYDRAW_POWER battery=100 voltage_mv=4091 charging=0 vbus=1
[18:40:29] TINYDRAW_POWER battery=100 voltage_mv=4090 charging=0 vbus=1
[18:40:31] TINYDRAW_POWER battery=100 voltage_mv=4091 charging=0 vbus=1
[18:40:32] TINYDRAW_POWER battery=100 voltage_mv=4092 charging=0 vbus=1
[18:40:33] TINYDRAW_POWER battery=100 voltage_mv=4090 charging=0 vbus=1
[18:40:34] TINYDRAW_POWER battery=100 voltage_mv=4091 charging=0 vbus=1
[18:40:35] TINYDRAW_POWER battery=100 voltage_mv=4090 charging=0 vbus=1
[18:40:36] TINYDRAW_POWER battery=100 voltage_mv=4089 charging=0 vbus=1
[18:40:38] TINYDRAW_POWER battery=100 voltage_mv=4090 charging=0 vbus=1
[18:40:39] TINYDRAW_POWER battery=100 voltage_mv=4091 charging=0 vbus=1
[18:40:41] TINYDRAW_POWER battery=100 voltage_mv=4092 charging=0 vbus=1
[18:40:42] TINYDRAW_POWER battery=100 voltage_mv=4089 charging=0 vbus=1
[18:40:44] TINYDRAW_POWER battery=100 voltage_mv=4092 charging=0 vbus=1
[18:40:45] TINYDRAW_POWER battery=100 voltage_mv=4091 charging=0 vbus=1
[18:40:46] TINYDRAW_POWER battery=100 voltage_mv=4090 charging=0 vbus=1
[18:40:48] TINYDRAW_POWER battery=100 voltage_mv=4092 charging=0 vbus=1
[18:40:49] TINYDRAW_POWER battery=100 voltage_mv=4090 charging=0 vbus=1
[18:40:50] TINYDRAW_POWER battery=100 voltage_mv=4091 charging=0 vbus=1
[18:40:53] TINYDRAW_POWER battery=100 voltage_mv=4089 charging=0 vbus=1
[18:40:54] TINYDRAW_POWER battery=100 voltage_mv=4092 charging=0 vbus=1
[18:40:56] TINYDRAW_POWER battery=100 voltage_mv=4091 charging=0 vbus=1
[18:40:57] TINYDRAW_POWER battery=100 voltage_mv=4092 charging=0 vbus=1
[18:40:58] TINYDRAW_POWER battery=100 voltage_mv=4090 charging=0 vbus=1
[18:41:01] TINYDRAW_POWER battery=100 voltage_mv=4091 charging=0 vbus=1
[18:41:03] TINYDRAW_POWER battery=100 voltage_mv=4090 charging=0 vbus=1
[18:41:05] TINYDRAW_POWER battery=100 voltage_mv=4091 charging=0 vbus=1
[18:41:07] TINYDRAW_POWER battery=100 voltage_mv=4089 charging=0 vbus=1
[18:41:08] TINYDRAW_POWER battery=100 voltage_mv=4091 charging=0 vbus=1
[18:41:09] TINYDRAW_POWER battery=100 voltage_mv=4093 charging=0 vbus=1
[18:41:10] TINYDRAW_POWER battery=100 voltage_mv=4090 charging=0 vbus=1
[18:41:12] TINYDRAW_POWER battery=100 voltage_mv=4089 charging=0 vbus=1
[18:41:13] TINYDRAW_POWER battery=100 voltage_mv=4091 charging=0 vbus=1
[18:41:15] TINYDRAW_POWER battery=100 voltage_mv=4090 charging=0 vbus=1
[18:41:19] TINYDRAW_POWER battery=100 voltage_mv=4092 charging=0 vbus=1
[18:41:20] TINYDRAW_POWER battery=100 voltage_mv=4091 charging=0 vbus=1
[18:41:21] TINYDRAW_POWER battery=100 voltage_mv=4089 charging=0 vbus=1
[18:41:22] TINYDRAW_POWER battery=100 voltage_mv=4091 charging=0 vbus=1
[18:41:26] TINYDRAW_POWER battery=100 voltage_mv=4093 charging=0 vbus=1
[18:41:27] TINYDRAW_POWER battery=100 voltage_mv=4090 charging=0 vbus=1
[18:41:28] TINYDRAW_POWER battery=100 voltage_mv=4091 charging=0 vbus=1
[18:41:29] TINYDRAW_POWER battery=100 voltage_mv=4092 charging=0 vbus=1
[18:41:30] TINYDRAW_POWER battery=100 voltage_mv=4090 charging=0 vbus=1
[18:41:32] TINYDRAW_POWER battery=100 voltage_mv=4092 charging=0 vbus=1
[18:41:34] TINYDRAW_POWER battery=100 voltage_mv=4093 charging=0 vbus=1
[18:41:35] TINYDRAW_POWER battery=100 voltage_mv=4092 charging=0 vbus=1
[18:41:38] TINYDRAW_POWER battery=100 voltage_mv=4091 charging=0 vbus=1
[18:41:39] TINYDRAW_POWER battery=100 voltage_mv=4090 charging=0 vbus=1
[18:41:40] TINYDRAW_POWER battery=100 voltage_mv=4091 charging=0 vbus=1
[18:41:43] TINYDRAW_POWER battery=100 voltage_mv=4090 charging=0 vbus=1
[18:41:45] TINYDRAW_POWER battery=100 voltage_mv=4091 charging=0 vbus=1
[18:41:46] TINYDRAW_POWER battery=100 voltage_mv=4090 charging=0 vbus=1
[18:41:47] TINYDRAW_POWER battery=100 voltage_mv=4089 charging=0 vbus=1
[18:41:48] TINYDRAW_POWER battery=100 voltage_mv=4091 charging=0 vbus=1
[18:41:49] TINYDRAW_POWER battery=100 voltage_mv=4092 charging=0 vbus=1
[18:41:50] TINYDRAW_POWER battery=100 voltage_mv=4091 charging=0 vbus=1
[18:41:51] TINYDRAW_POWER battery=100 voltage_mv=4092 charging=0 vbus=1
[18:41:52] TINYDRAW_POWER battery=100 voltage_mv=4091 charging=0 vbus=1
[18:41:53] TINYDRAW_POWER battery=100 voltage_mv=4092 charging=0 vbus=1
[18:41:54] TINYDRAW_POWER battery=100 voltage_mv=4090 charging=0 vbus=1
[18:41:55] TINYDRAW_POWER battery=100 voltage_mv=4089 charging=0 vbus=1
[18:41:56] TINYDRAW_POWER battery=100 voltage_mv=4090 charging=0 vbus=1
[18:41:57] TINYDRAW_POWER battery=100 voltage_mv=4091 charging=0 vbus=1
[18:41:59] TINYDRAW_POWER battery=100 voltage_mv=4089 charging=0 vbus=1
[18:42:01] TINYDRAW_POWER battery=100 voltage_mv=4091 charging=0 vbus=1
[18:42:02] TINYDRAW_POWER battery=100 voltage_mv=4092 charging=0 vbus=1
[18:42:05] TINYDRAW_POWER battery=100 voltage_mv=4089 charging=0 vbus=1
[18:42:06] TINYDRAW_POWER battery=100 voltage_mv=4091 charging=0 vbus=1
[18:42:07] TINYDRAW_POWER battery=100 voltage_mv=4089 charging=0 vbus=1
[18:42:09] TINYDRAW_POWER battery=100 voltage_mv=4090 charging=0 vbus=1
[18:42:11] TINYDRAW_POWER battery=100 voltage_mv=4091 charging=0 vbus=1
[18:42:13] TINYDRAW_POWER battery=100 voltage_mv=4092 charging=0 vbus=1
[18:42:14] TINYDRAW_POWER battery=100 voltage_mv=4091 charging=0 vbus=1
[18:42:16] TINYDRAW_POWER battery=100 voltage_mv=4089 charging=0 vbus=1
[18:42:17] TINYDRAW_POWER battery=100 voltage_mv=4091 charging=0 vbus=1
[18:42:18] TINYDRAW_POWER battery=100 voltage_mv=4089 charging=0 vbus=1
[18:42:19] TINYDRAW_POWER battery=100 voltage_mv=4090 charging=0 vbus=1
[18:42:22] TINYDRAW_POWER battery=100 voltage_mv=4091 charging=0 vbus=1
[18:42:25] TINYDRAW_POWER battery=100 voltage_mv=4090 charging=0 vbus=1
[18:42:26] TINYDRAW_POWER battery=100 voltage_mv=4089 charging=0 vbus=1
[18:42:28] TINYDRAW_POWER battery=99 voltage_mv=4090 charging=0 vbus=1
[18:42:29] TINYDRAW_POWER battery=100 voltage_mv=4090 charging=0 vbus=1
[18:42:30] TINYDRAW_POWER battery=100 voltage_mv=4091 charging=0 vbus=1
[18:42:32] TINYDRAW_POWER battery=100 voltage_mv=4089 charging=0 vbus=1
[18:42:33] TINYDRAW_POWER battery=100 voltage_mv=4091 charging=0 vbus=1
[18:42:35] TINYDRAW_POWER battery=100 voltage_mv=4090 charging=0 vbus=1
[18:42:36] TINYDRAW_POWER battery=100 voltage_mv=4088 charging=0 vbus=1
[18:42:37] TINYDRAW_POWER battery=100 voltage_mv=4089 charging=0 vbus=1
[18:42:38] TINYDRAW_POWER battery=100 voltage_mv=4091 charging=0 vbus=1
[18:42:40] TINYDRAW_POWER battery=100 voltage_mv=4089 charging=0 vbus=1
[18:42:41] TINYDRAW_POWER battery=100 voltage_mv=4092 charging=0 vbus=1
[18:42:42] TINYDRAW_POWER battery=100 voltage_mv=4089 charging=0 vbus=1
[18:42:43] TINYDRAW_POWER battery=100 voltage_mv=4092 charging=0 vbus=1
[18:42:44] TINYDRAW_POWER battery=100 voltage_mv=4090 charging=0 vbus=1
[18:42:45] TINYDRAW_POWER battery=100 voltage_mv=4091 charging=0 vbus=1
[18:42:46] TINYDRAW_POWER battery=100 voltage_mv=4090 charging=0 vbus=1
[18:42:47] TINYDRAW_POWER battery=100 voltage_mv=4092 charging=0 vbus=1
[18:42:48] TINYDRAW_POWER battery=100 voltage_mv=4090 charging=0 vbus=1
[18:42:50] TINYDRAW_POWER battery=100 voltage_mv=4092 charging=0 vbus=1
[18:42:51] TINYDRAW_POWER battery=100 voltage_mv=4093 charging=0 vbus=1
[18:42:52] TINYDRAW_POWER battery=100 voltage_mv=4091 charging=0 vbus=1
[18:42:53] TINYDRAW_POWER battery=100 voltage_mv=4090 charging=0 vbus=1
[18:42:54] TINYDRAW_POWER battery=100 voltage_mv=4091 charging=0 vbus=1
[18:42:56] TINYDRAW_POWER battery=100 voltage_mv=4089 charging=0 vbus=1
[18:42:57] TINYDRAW_POWER battery=100 voltage_mv=4091 charging=0 vbus=1
[18:42:58] TINYDRAW_POWER battery=100 voltage_mv=4090 charging=0 vbus=1
[18:43:00] TINYDRAW_POWER battery=100 voltage_mv=4091 charging=0 vbus=1
[18:43:01] TINYDRAW_POWER battery=100 voltage_mv=4088 charging=0 vbus=1
[18:43:02] TINYDRAW_POWER battery=100 voltage_mv=4091 charging=0 vbus=1
[18:43:03] TINYDRAW_POWER battery=100 voltage_mv=4089 charging=0 vbus=1
[18:43:04] TINYDRAW_POWER battery=100 voltage_mv=4090 charging=0 vbus=1
[18:43:06] TINYDRAW_POWER battery=100 voltage_mv=4089 charging=0 vbus=1
[18:43:07] TINYDRAW_POWER battery=100 voltage_mv=4092 charging=0 vbus=1
[18:43:08] TINYDRAW_POWER battery=100 voltage_mv=4090 charging=0 vbus=1
[18:43:09] TINYDRAW_POWER battery=100 voltage_mv=4091 charging=0 vbus=1
[18:43:10] TINYDRAW_POWER battery=100 voltage_mv=4090 charging=0 vbus=1
[18:43:11] TINYDRAW_POWER battery=100 voltage_mv=4091 charging=0 vbus=1
[18:43:12] TINYDRAW_POWER battery=100 voltage_mv=4090 charging=0 vbus=1
[18:43:14] TINYDRAW_POWER battery=100 voltage_mv=4091 charging=0 vbus=1
[18:43:15] TINYDRAW_POWER battery=100 voltage_mv=4090 charging=0 vbus=1
[18:43:18] TINYDRAW_POWER battery=100 voltage_mv=4091 charging=0 vbus=1
[18:43:19] TINYDRAW_POWER battery=100 voltage_mv=4090 charging=0 vbus=1
[18:43:20] TINYDRAW_POWER battery=100 voltage_mv=4092 charging=0 vbus=1
[18:43:21] TINYDRAW_POWER battery=100 voltage_mv=4090 charging=0 vbus=1
[18:43:23] TINYDRAW_POWER battery=100 voltage_mv=4091 charging=0 vbus=1
[18:43:25] TINYDRAW_POWER battery=100 voltage_mv=4092 charging=0 vbus=1
[18:43:27] TINYDRAW_POWER battery=100 voltage_mv=4091 charging=0 vbus=1
[18:43:29] TINYDRAW_POWER battery=100 voltage_mv=4090 charging=0 vbus=1
[18:43:31] TINYDRAW_POWER battery=100 voltage_mv=4091 charging=0 vbus=1
[18:43:32] TINYDRAW_POWER battery=100 voltage_mv=4089 charging=0 vbus=1
[18:43:33] TINYDRAW_POWER battery=100 voltage_mv=4092 charging=0 vbus=1
[18:43:34] TINYDRAW_POWER battery=100 voltage_mv=4090 charging=0 vbus=1
[18:43:35] TINYDRAW_POWER battery=100 voltage_mv=4092 charging=0 vbus=1
[18:43:36] TINYDRAW_POWER battery=100 voltage_mv=4091 charging=0 vbus=1
[18:43:37] TINYDRAW_POWER battery=100 voltage_mv=4092 charging=0 vbus=1
[18:43:39] TINYDRAW_POWER battery=100 voltage_mv=4091 charging=0 vbus=1
[18:43:41] TINYDRAW_POWER battery=100 voltage_mv=4092 charging=0 vbus=1
[18:43:42] TINYDRAW_POWER battery=100 voltage_mv=4091 charging=0 vbus=1
[18:43:44] TINYDRAW_POWER battery=100 voltage_mv=4093 charging=0 vbus=1
[18:43:45] TINYDRAW_POWER battery=100 voltage_mv=4091 charging=0 vbus=1
[18:43:47] TINYDRAW_POWER battery=100 voltage_mv=4090 charging=0 vbus=1
[18:43:48] TINYDRAW_POWER battery=100 voltage_mv=4092 charging=0 vbus=1
[18:43:49] TINYDRAW_POWER battery=100 voltage_mv=4091 charging=0 vbus=1
[18:43:52] TINYDRAW_POWER battery=100 voltage_mv=4092 charging=0 vbus=1
[18:43:54] TINYDRAW_POWER battery=100 voltage_mv=4091 charging=0 vbus=1
[18:43:55] TINYDRAW_POWER battery=100 voltage_mv=4090 charging=0 vbus=1
[18:43:57] TINYDRAW_POWER battery=100 voltage_mv=4089 charging=0 vbus=1
[18:43:58] TINYDRAW_POWER battery=100 voltage_mv=4090 charging=0 vbus=1
[18:43:59] TINYDRAW_POWER battery=100 voltage_mv=4091 charging=0 vbus=1
[18:44:00] TINYDRAW_POWER battery=100 voltage_mv=4089 charging=0 vbus=1
[18:44:01] TINYDRAW_POWER battery=100 voltage_mv=4090 charging=0 vbus=1
[18:44:03] TINYDRAW_POWER battery=100 voltage_mv=4089 charging=0 vbus=1
[18:44:04] TINYDRAW_POWER battery=100 voltage_mv=4090 charging=0 vbus=1
[18:44:08] TINYDRAW_POWER battery=100 voltage_mv=4092 charging=0 vbus=1
[18:44:09] TINYDRAW_POWER battery=100 voltage_mv=4090 charging=0 vbus=1
[18:44:10] TINYDRAW_POWER battery=100 voltage_mv=4091 charging=0 vbus=1
[18:44:11] TINYDRAW_POWER battery=100 voltage_mv=4089 charging=0 vbus=1
[18:44:12] TINYDRAW_POWER battery=100 voltage_mv=4092 charging=0 vbus=1
[18:44:14] TINYDRAW_POWER battery=100 voltage_mv=4090 charging=0 vbus=1
[18:44:15] TINYDRAW_POWER battery=100 voltage_mv=4089 charging=0 vbus=1
[18:44:17] TINYDRAW_POWER battery=100 voltage_mv=4091 charging=0 vbus=1
[18:44:19] TINYDRAW_POWER battery=100 voltage_mv=4090 charging=0 vbus=1
[18:44:21] TINYDRAW_POWER battery=100 voltage_mv=4092 charging=0 vbus=1
[18:44:22] TINYDRAW_POWER battery=100 voltage_mv=4090 charging=0 vbus=1
[18:44:29] TINYDRAW_POWER battery=100 voltage_mv=4092 charging=0 vbus=1
[18:44:30] TINYDRAW_POWER battery=100 voltage_mv=4089 charging=0 vbus=1
[18:44:31] TINYDRAW_POWER battery=100 voltage_mv=4090 charging=0 vbus=1
[18:44:32] TINYDRAW_POWER battery=100 voltage_mv=4091 charging=0 vbus=1
[18:44:34] TINYDRAW_POWER battery=100 voltage_mv=4090 charging=0 vbus=1
[18:44:35] TINYDRAW_POWER battery=100 voltage_mv=4092 charging=0 vbus=1
[18:44:36] TINYDRAW_POWER battery=100 voltage_mv=4091 charging=0 vbus=1
[18:44:39] TINYDRAW_POWER battery=100 voltage_mv=4089 charging=0 vbus=1
[18:44:40] TINYDRAW_POWER battery=100 voltage_mv=4090 charging=0 vbus=1
[18:44:43] TINYDRAW_POWER battery=100 voltage_mv=4091 charging=0 vbus=1
[18:44:45] TINYDRAW_POWER battery=100 voltage_mv=4090 charging=0 vbus=1
[18:44:48] TINYDRAW_POWER battery=100 voltage_mv=4089 charging=0 vbus=1
[18:44:49] TINYDRAW_POWER battery=100 voltage_mv=4092 charging=0 vbus=1
[18:44:50] TINYDRAW_POWER battery=100 voltage_mv=4091 charging=0 vbus=1
[18:44:51] TINYDRAW_POWER battery=100 voltage_mv=4092 charging=0 vbus=1
[18:44:52] TINYDRAW_POWER battery=100 voltage_mv=4089 charging=0 vbus=1
[18:44:53] TINYDRAW_POWER battery=100 voltage_mv=4090 charging=0 vbus=1
[18:44:54] TINYDRAW_POWER battery=100 voltage_mv=4091 charging=0 vbus=1
[18:44:56] TINYDRAW_POWER battery=100 voltage_mv=4092 charging=0 vbus=1
[18:44:57] TINYDRAW_POWER battery=100 voltage_mv=4090 charging=0 vbus=1
[18:44:58] TINYDRAW_POWER battery=100 voltage_mv=4092 charging=0 vbus=1
[18:44:59] TINYDRAW_POWER battery=100 voltage_mv=4090 charging=0 vbus=1
[18:45:01] TINYDRAW_POWER battery=100 voltage_mv=4089 charging=0 vbus=1
[18:45:03] TINYDRAW_POWER battery=100 voltage_mv=4090 charging=0 vbus=1
[18:45:04] TINYDRAW_POWER battery=100 voltage_mv=4091 charging=0 vbus=1
[18:45:05] TINYDRAW_POWER battery=100 voltage_mv=4090 charging=0 vbus=1
[18:45:08] TINYDRAW_POWER battery=100 voltage_mv=4091 charging=0 vbus=1
[18:45:10] TINYDRAW_POWER battery=100 voltage_mv=4090 charging=0 vbus=1
[18:45:12] TINYDRAW_POWER battery=100 voltage_mv=4091 charging=0 vbus=1
[18:45:13] TINYDRAW_POWER battery=100 voltage_mv=4092 charging=0 vbus=1
[18:45:14] TINYDRAW_POWER battery=100 voltage_mv=4090 charging=0 vbus=1
[18:45:16] TINYDRAW_POWER battery=100 voltage_mv=4091 charging=0 vbus=1
[18:45:17] TINYDRAW_POWER battery=100 voltage_mv=4090 charging=0 vbus=1
[18:45:18] TINYDRAW_POWER battery=100 voltage_mv=4091 charging=0 vbus=1
[18:45:20] TINYDRAW_POWER battery=99 voltage_mv=4090 charging=0 vbus=1
[18:45:21] TINYDRAW_POWER battery=100 voltage_mv=4090 charging=0 vbus=1
[18:45:26] TINYDRAW_POWER battery=100 voltage_mv=4089 charging=0 vbus=1
[18:45:28] TINYDRAW_POWER battery=100 voltage_mv=4091 charging=0 vbus=1
[18:45:29] TINYDRAW_POWER battery=100 voltage_mv=4092 charging=0 vbus=1
[18:45:30] TINYDRAW_POWER battery=100 voltage_mv=4091 charging=0 vbus=1
[18:45:31] TINYDRAW_POWER battery=100 voltage_mv=4090 charging=0 vbus=1
[18:45:32] TINYDRAW_POWER battery=100 voltage_mv=4091 charging=0 vbus=1
[18:45:33] TINYDRAW_POWER battery=100 voltage_mv=4089 charging=0 vbus=1
[18:45:37] TINYDRAW_POWER battery=100 voltage_mv=4091 charging=0 vbus=1
[18:45:38] TINYDRAW_POWER battery=100 voltage_mv=4090 charging=0 vbus=1
[18:45:39] TINYDRAW_POWER battery=100 voltage_mv=4092 charging=0 vbus=1
[18:45:40] TINYDRAW_POWER battery=100 voltage_mv=4091 charging=0 vbus=1
[18:45:43] TINYDRAW_POWER battery=100 voltage_mv=4089 charging=0 vbus=1
[18:45:44] TINYDRAW_POWER battery=100 voltage_mv=4091 charging=0 vbus=1
[18:45:45] TINYDRAW_POWER battery=100 voltage_mv=4089 charging=0 vbus=1
[18:45:47] TINYDRAW_POWER battery=100 voltage_mv=4092 charging=0 vbus=1
[18:45:48] TINYDRAW_POWER battery=100 voltage_mv=4090 charging=0 vbus=1
[18:45:50] TINYDRAW_POWER battery=100 voltage_mv=4088 charging=0 vbus=1
[18:45:51] TINYDRAW_POWER battery=100 voltage_mv=4090 charging=0 vbus=1
[18:45:52] TINYDRAW_POWER battery=100 voltage_mv=4092 charging=0 vbus=1
[18:45:53] TINYDRAW_POWER battery=100 voltage_mv=4091 charging=0 vbus=1
[18:45:54] TINYDRAW_POWER battery=100 voltage_mv=4092 charging=0 vbus=1
[18:45:55] TINYDRAW_POWER battery=100 voltage_mv=4089 charging=0 vbus=1
[18:45:56] TINYDRAW_POWER battery=100 voltage_mv=4090 charging=0 vbus=1
[18:45:58] TINYDRAW_POWER battery=100 voltage_mv=4092 charging=0 vbus=1
[18:46:00] TINYDRAW_POWER battery=100 voltage_mv=4090 charging=0 vbus=1
[18:46:01] TINYDRAW_POWER battery=100 voltage_mv=4091 charging=0 vbus=1
[18:46:03] TINYDRAW_POWER battery=100 voltage_mv=4090 charging=0 vbus=1
[18:46:05] TINYDRAW_POWER battery=100 voltage_mv=4091 charging=0 vbus=1
[18:46:08] TINYDRAW_POWER battery=100 voltage_mv=4090 charging=0 vbus=1
[18:46:09] TINYDRAW_POWER battery=100 voltage_mv=4089 charging=0 vbus=1
[18:46:10] TINYDRAW_POWER battery=100 voltage_mv=4090 charging=0 vbus=1
[18:46:11] TINYDRAW_POWER battery=100 voltage_mv=4092 charging=0 vbus=1
[18:46:14] TINYDRAW_POWER battery=100 voltage_mv=4091 charging=0 vbus=1
[18:46:15] TINYDRAW_POWER battery=100 voltage_mv=4089 charging=0 vbus=1
[18:46:16] TINYDRAW_POWER battery=100 voltage_mv=4090 charging=0 vbus=1
[18:46:18] TINYDRAW_POWER battery=100 voltage_mv=4091 charging=0 vbus=1
[18:46:20] TINYDRAW_POWER battery=100 voltage_mv=4092 charging=0 vbus=1
[18:46:21] TINYDRAW_POWER battery=100 voltage_mv=4091 charging=0 vbus=1
[18:46:22] TINYDRAW_POWER battery=100 voltage_mv=4092 charging=0 vbus=1
[18:46:23] TINYDRAW_POWER battery=100 voltage_mv=4091 charging=0 vbus=1
[18:46:25] TINYDRAW_POWER battery=100 voltage_mv=4090 charging=0 vbus=1
[18:46:26] TINYDRAW_POWER battery=100 voltage_mv=4091 charging=0 vbus=1
[18:46:27] TINYDRAW_POWER battery=100 voltage_mv=4092 charging=0 vbus=1
[18:46:28] TINYDRAW_POWER battery=100 voltage_mv=4091 charging=0 vbus=1
[18:46:29] TINYDRAW_POWER battery=100 voltage_mv=4092 charging=0 vbus=1
[18:46:30] TINYDRAW_POWER battery=100 voltage_mv=4091 charging=0 vbus=1
[18:46:32] TINYDRAW_POWER battery=100 voltage_mv=4090 charging=0 vbus=1
[18:46:33] TINYDRAW_POWER battery=100 voltage_mv=4091 charging=0 vbus=1
[18:46:34] TINYDRAW_POWER battery=100 voltage_mv=4093 charging=0 vbus=1
[18:46:36] TINYDRAW_POWER battery=100 voltage_mv=4090 charging=0 vbus=1
[18:46:39] TINYDRAW_POWER battery=100 voltage_mv=4091 charging=0 vbus=1
[18:46:41] TINYDRAW_POWER battery=100 voltage_mv=4090 charging=0 vbus=1
[18:46:42] TINYDRAW_POWER battery=100 voltage_mv=4091 charging=0 vbus=1
[18:46:43] TINYDRAW_POWER battery=100 voltage_mv=4090 charging=0 vbus=1
[18:46:45] TINYDRAW_POWER battery=100 voltage_mv=4091 charging=0 vbus=1
[18:46:47] TINYDRAW_POWER battery=100 voltage_mv=4090 charging=0 vbus=1
[18:46:48] TINYDRAW_POWER battery=100 voltage_mv=4091 charging=0 vbus=1
[18:46:49] TINYDRAW_POWER battery=100 voltage_mv=4092 charging=0 vbus=1
[18:46:50] TINYDRAW_POWER battery=100 voltage_mv=4091 charging=0 vbus=1
[18:46:52] TINYDRAW_POWER battery=100 voltage_mv=4092 charging=0 vbus=1
[18:46:53] TINYDRAW_POWER battery=100 voltage_mv=4090 charging=0 vbus=1
[18:46:55] TINYDRAW_POWER battery=100 voltage_mv=4092 charging=0 vbus=1
[18:46:57] TINYDRAW_POWER battery=100 voltage_mv=4091 charging=0 vbus=1
[18:46:58] TINYDRAW_POWER battery=100 voltage_mv=4090 charging=0 vbus=1
[18:46:59] TINYDRAW_POWER battery=100 voltage_mv=4092 charging=0 vbus=1
[18:47:00] TINYDRAW_POWER battery=100 voltage_mv=4090 charging=0 vbus=1
[18:47:01] TINYDRAW_POWER battery=100 voltage_mv=4091 charging=0 vbus=1
[18:47:03] TINYDRAW_POWER battery=100 voltage_mv=4092 charging=0 vbus=1
[18:47:06] TINYDRAW_POWER battery=100 voltage_mv=4090 charging=0 vbus=1
[18:47:08] TINYDRAW_POWER battery=100 voltage_mv=4089 charging=0 vbus=1
[18:47:09] TINYDRAW_POWER battery=100 voltage_mv=4091 charging=0 vbus=1
[18:47:10] TINYDRAW_POWER battery=100 voltage_mv=4092 charging=0 vbus=1
[18:47:11] TINYDRAW_POWER battery=100 voltage_mv=4091 charging=0 vbus=1
[18:47:13] TINYDRAW_POWER battery=100 voltage_mv=4090 charging=0 vbus=1
[18:47:14] TINYDRAW_POWER battery=100 voltage_mv=4091 charging=0 vbus=1
[18:47:15] TINYDRAW_POWER battery=100 voltage_mv=4090 charging=0 vbus=1
[18:47:17] TINYDRAW_POWER battery=100 voltage_mv=4091 charging=0 vbus=1
[18:47:20] TINYDRAW_POWER battery=100 voltage_mv=4092 charging=0 vbus=1
[18:47:22] TINYDRAW_POWER battery=100 voltage_mv=4090 charging=0 vbus=1
[18:47:24] TINYDRAW_POWER battery=100 voltage_mv=4091 charging=0 vbus=1
[18:47:26] TINYDRAW_POWER battery=100 voltage_mv=4092 charging=0 vbus=1
[18:47:27] TINYDRAW_POWER battery=100 voltage_mv=4091 charging=0 vbus=1
[18:47:28] TINYDRAW_POWER battery=100 voltage_mv=4089 charging=0 vbus=1
[18:47:29] TINYDRAW_POWER battery=100 voltage_mv=4090 charging=0 vbus=1
[18:47:30] TINYDRAW_POWER battery=100 voltage_mv=4091 charging=0 vbus=1
[18:47:31] TINYDRAW_POWER battery=100 voltage_mv=4093 charging=0 vbus=1
[18:47:32] TINYDRAW_POWER battery=100 voltage_mv=4091 charging=0 vbus=1
[18:47:33] TINYDRAW_POWER battery=100 voltage_mv=4090 charging=0 vbus=1
[18:47:36] TINYDRAW_POWER battery=100 voltage_mv=4091 charging=0 vbus=1
[18:47:37] TINYDRAW_POWER battery=100 voltage_mv=4092 charging=0 vbus=1
[18:47:38] TINYDRAW_POWER battery=100 voltage_mv=4091 charging=0 vbus=1
[18:47:39] TINYDRAW_POWER battery=100 voltage_mv=4090 charging=0 vbus=1
[18:47:40] TINYDRAW_POWER battery=100 voltage_mv=4092 charging=0 vbus=1
[18:47:42] TINYDRAW_POWER battery=100 voltage_mv=4090 charging=0 vbus=1
[18:47:43] TINYDRAW_POWER battery=100 voltage_mv=4091 charging=0 vbus=1
[18:47:45] TINYDRAW_POWER battery=100 voltage_mv=4090 charging=0 vbus=1
[18:47:46] TINYDRAW_POWER battery=100 voltage_mv=4091 charging=0 vbus=1
[18:47:47] TINYDRAW_POWER battery=100 voltage_mv=4090 charging=0 vbus=1
[18:47:48] TINYDRAW_POWER battery=100 voltage_mv=4093 charging=0 vbus=1
[18:47:49] TINYDRAW_POWER battery=100 voltage_mv=4092 charging=0 vbus=1
[18:47:50] TINYDRAW_POWER battery=100 voltage_mv=4090 charging=0 vbus=1
[18:47:53] TINYDRAW_POWER battery=100 voltage_mv=4092 charging=0 vbus=1
[18:47:54] TINYDRAW_POWER battery=100 voltage_mv=4090 charging=0 vbus=1
[18:47:55] TINYDRAW_POWER battery=100 voltage_mv=4091 charging=0 vbus=1
[18:47:56] TINYDRAW_POWER battery=100 voltage_mv=4093 charging=0 vbus=1
[18:47:57] TINYDRAW_POWER battery=100 voltage_mv=4091 charging=0 vbus=1
[18:48:00] TINYDRAW_POWER battery=100 voltage_mv=4090 charging=0 vbus=1
[18:48:02] TINYDRAW_POWER battery=100 voltage_mv=4092 charging=0 vbus=1
[18:48:03] TINYDRAW_POWER battery=100 voltage_mv=4093 charging=0 vbus=1
[18:48:04] TINYDRAW_POWER battery=100 voltage_mv=4091 charging=0 vbus=1
[18:48:06] TINYDRAW_POWER battery=100 voltage_mv=4090 charging=0 vbus=1
[18:48:07] TINYDRAW_POWER battery=100 voltage_mv=4089 charging=0 vbus=1
[18:48:08] TINYDRAW_POWER battery=100 voltage_mv=4090 charging=0 vbus=1
[18:48:09] TINYDRAW_POWER battery=100 voltage_mv=4089 charging=0 vbus=1
[18:48:10] TINYDRAW_POWER battery=100 voltage_mv=4091 charging=0 vbus=1
[18:48:11] TINYDRAW_POWER battery=99 voltage_mv=4092 charging=0 vbus=1
[18:48:12] TINYDRAW_POWER battery=100 voltage_mv=4090 charging=0 vbus=1
[18:48:14] TINYDRAW_POWER battery=100 voltage_mv=4091 charging=0 vbus=1
[18:48:15] TINYDRAW_POWER battery=100 voltage_mv=4089 charging=0 vbus=1
[18:48:17] TINYDRAW_POWER battery=100 voltage_mv=4090 charging=0 vbus=1
[18:48:19] TINYDRAW_POWER battery=100 voltage_mv=4092 charging=0 vbus=1
[18:48:20] TINYDRAW_POWER battery=100 voltage_mv=4090 charging=0 vbus=1
[18:48:21] TINYDRAW_POWER battery=100 voltage_mv=4091 charging=0 vbus=1
[18:48:23] TINYDRAW_POWER battery=100 voltage_mv=4090 charging=0 vbus=1
[18:48:27] TINYDRAW_POWER battery=100 voltage_mv=4091 charging=0 vbus=1
[18:48:28] TINYDRAW_POWER battery=100 voltage_mv=4090 charging=0 vbus=1
[18:48:30] TINYDRAW_POWER battery=100 voltage_mv=4091 charging=0 vbus=1
[18:48:31] TINYDRAW_POWER battery=100 voltage_mv=4090 charging=0 vbus=1
[18:48:33] TINYDRAW_POWER battery=100 voltage_mv=4091 charging=0 vbus=1
[18:48:35] TINYDRAW_POWER battery=100 voltage_mv=4090 charging=0 vbus=1
[18:48:36] TINYDRAW_POWER battery=100 voltage_mv=4089 charging=0 vbus=1
[18:48:37] TINYDRAW_POWER battery=100 voltage_mv=4091 charging=0 vbus=1
[18:48:38] TINYDRAW_POWER battery=100 voltage_mv=4090 charging=0 vbus=1
[18:48:40] TINYDRAW_POWER battery=100 voltage_mv=4091 charging=0 vbus=1
[18:48:41] TINYDRAW_POWER battery=100 voltage_mv=4090 charging=0 vbus=1
[18:48:42] TINYDRAW_POWER battery=100 voltage_mv=4091 charging=0 vbus=1
[18:48:43] TINYDRAW_POWER battery=100 voltage_mv=4090 charging=0 vbus=1
[18:48:44] TINYDRAW_POWER battery=100 voltage_mv=4093 charging=0 vbus=1
[18:48:45] TINYDRAW_POWER battery=100 voltage_mv=4092 charging=0 vbus=1
[18:48:46] TINYDRAW_POWER battery=100 voltage_mv=4089 charging=0 vbus=1
[18:48:47] TINYDRAW_POWER battery=100 voltage_mv=4091 charging=0 vbus=1
[18:48:48] TINYDRAW_POWER battery=100 voltage_mv=4090 charging=0 vbus=1
[18:48:49] TINYDRAW_POWER battery=100 voltage_mv=4092 charging=0 vbus=1
[18:48:50] TINYDRAW_POWER battery=100 voltage_mv=4090 charging=0 vbus=1
[18:48:52] TINYDRAW_POWER battery=100 voltage_mv=4092 charging=0 vbus=1
[18:48:54] TINYDRAW_POWER battery=100 voltage_mv=4091 charging=0 vbus=1
[18:48:56] TINYDRAW_POWER battery=100 voltage_mv=4088 charging=0 vbus=1
[18:48:57] TINYDRAW_POWER battery=100 voltage_mv=4090 charging=0 vbus=1
[18:48:58] TINYDRAW_POWER battery=100 voltage_mv=4089 charging=0 vbus=1
[18:48:59] TINYDRAW_POWER battery=100 voltage_mv=4090 charging=0 vbus=1
[18:49:00] TINYDRAW_POWER battery=100 voltage_mv=4091 charging=0 vbus=1
[18:49:01] TINYDRAW_POWER battery=100 voltage_mv=4089 charging=0 vbus=1
[18:49:02] TINYDRAW_POWER battery=100 voltage_mv=4091 charging=0 vbus=1
[18:49:03] TINYDRAW_POWER battery=100 voltage_mv=4092 charging=0 vbus=1
[18:49:04] TINYDRAW_POWER battery=100 voltage_mv=4089 charging=0 vbus=1
[18:49:05] TINYDRAW_POWER battery=100 voltage_mv=4090 charging=0 vbus=1
[18:49:06] TINYDRAW_POWER battery=100 voltage_mv=4091 charging=0 vbus=1
[18:49:09] TINYDRAW_POWER battery=100 voltage_mv=4090 charging=0 vbus=1
[18:49:10] TINYDRAW_POWER battery=100 voltage_mv=4092 charging=0 vbus=1
[18:49:11] TINYDRAW_POWER battery=100 voltage_mv=4090 charging=0 vbus=1
[18:49:13] TINYDRAW_POWER battery=100 voltage_mv=4091 charging=0 vbus=1
[18:49:14] TINYDRAW_POWER battery=100 voltage_mv=4090 charging=0 vbus=1
[18:49:15] TINYDRAW_POWER battery=100 voltage_mv=4092 charging=0 vbus=1
[18:49:17] TINYDRAW_POWER battery=100 voltage_mv=4091 charging=0 vbus=1
[18:49:18] TINYDRAW_POWER battery=100 voltage_mv=4090 charging=0 vbus=1
[18:49:19] TINYDRAW_POWER battery=100 voltage_mv=4091 charging=0 vbus=1
[18:49:21] TINYDRAW_POWER battery=100 voltage_mv=4090 charging=0 vbus=1
[18:49:22] TINYDRAW_POWER battery=100 voltage_mv=4091 charging=0 vbus=1
[18:49:23] TINYDRAW_POWER battery=100 voltage_mv=4089 charging=0 vbus=1
[18:49:24] TINYDRAW_POWER battery=100 voltage_mv=4091 charging=0 vbus=1
[18:49:25] TINYDRAW_POWER battery=100 voltage_mv=4090 charging=0 vbus=1
[18:49:27] TINYDRAW_POWER battery=100 voltage_mv=4091 charging=0 vbus=1
[18:49:28] TINYDRAW_POWER battery=100 voltage_mv=4090 charging=0 vbus=1
[18:49:31] TINYDRAW_POWER battery=100 voltage_mv=4091 charging=0 vbus=1
[18:49:32] TINYDRAW_POWER battery=100 voltage_mv=4092 charging=0 vbus=1
[18:49:33] TINYDRAW_POWER battery=100 voltage_mv=4091 charging=0 vbus=1
[18:49:36] TINYDRAW_POWER battery=100 voltage_mv=4092 charging=0 vbus=1
[18:49:37] TINYDRAW_POWER battery=100 voltage_mv=4089 charging=0 vbus=1
[18:49:38] TINYDRAW_POWER battery=100 voltage_mv=4090 charging=0 vbus=1
[18:49:39] TINYDRAW_POWER battery=100 voltage_mv=4091 charging=0 vbus=1
[18:49:43] TINYDRAW_POWER battery=100 voltage_mv=4090 charging=0 vbus=1
[18:49:47] TINYDRAW_POWER battery=100 voltage_mv=4092 charging=0 vbus=1
[18:49:48] TINYDRAW_POWER battery=100 voltage_mv=4091 charging=0 vbus=1
[18:49:50] TINYDRAW_POWER battery=100 voltage_mv=4090 charging=0 vbus=1
[18:49:51] TINYDRAW_POWER battery=100 voltage_mv=4091 charging=0 vbus=1
[18:49:52] TINYDRAW_POWER battery=100 voltage_mv=4092 charging=0 vbus=1
[18:49:53] TINYDRAW_POWER battery=100 voltage_mv=4093 charging=0 vbus=1
[18:49:54] TINYDRAW_POWER battery=100 voltage_mv=4091 charging=0 vbus=1
[18:49:55] TINYDRAW_POWER battery=100 voltage_mv=4093 charging=0 vbus=1
[18:49:56] TINYDRAW_POWER battery=100 voltage_mv=4089 charging=0 vbus=1
[18:49:57] TINYDRAW_POWER battery=100 voltage_mv=4091 charging=0 vbus=1
[18:49:58] TINYDRAW_POWER battery=100 voltage_mv=4090 charging=0 vbus=1
[18:49:59] TINYDRAW_POWER battery=100 voltage_mv=4093 charging=0 vbus=1
[18:50:00] TINYDRAW_POWER battery=100 voltage_mv=4090 charging=0 vbus=1
[18:50:01] TINYDRAW_POWER battery=100 voltage_mv=4091 charging=0 vbus=1
[18:50:02] TINYDRAW_POWER battery=100 voltage_mv=4090 charging=0 vbus=1
[18:50:03] TINYDRAW_POWER battery=100 voltage_mv=4091 charging=0 vbus=1
[18:50:04] TINYDRAW_POWER battery=100 voltage_mv=4092 charging=0 vbus=1
[18:50:05] TINYDRAW_POWER battery=100 voltage_mv=4090 charging=0 vbus=1
[18:50:06] TINYDRAW_POWER battery=100 voltage_mv=4091 charging=0 vbus=1
[18:50:07] TINYDRAW_POWER battery=100 voltage_mv=4090 charging=0 vbus=1
[18:50:08] TINYDRAW_POWER battery=100 voltage_mv=4091 charging=0 vbus=1
[18:50:09] TINYDRAW_POWER battery=100 voltage_mv=4090 charging=0 vbus=1
[18:50:11] TINYDRAW_POWER battery=100 voltage_mv=4091 charging=0 vbus=1
[18:50:12] TINYDRAW_POWER battery=100 voltage_mv=4090 charging=0 vbus=1
[18:50:13] TINYDRAW_POWER battery=100 voltage_mv=4091 charging=0 vbus=1
[18:50:14] TINYDRAW_POWER battery=100 voltage_mv=4093 charging=0 vbus=1
[18:50:15] TINYDRAW_POWER battery=100 voltage_mv=4089 charging=0 vbus=1
[18:50:16] TINYDRAW_POWER battery=100 voltage_mv=4090 charging=0 vbus=1
[18:50:17] TINYDRAW_POWER battery=100 voltage_mv=4092 charging=0 vbus=1
[18:50:18] TINYDRAW_POWER battery=100 voltage_mv=4090 charging=0 vbus=1
[18:50:19] TINYDRAW_POWER battery=100 voltage_mv=4091 charging=0 vbus=1
[18:50:20] TINYDRAW_POWER battery=100 voltage_mv=4088 charging=0 vbus=1
[18:50:21] TINYDRAW_POWER battery=100 voltage_mv=4091 charging=0 vbus=1
[18:50:22] TINYDRAW_POWER battery=100 voltage_mv=4090 charging=0 vbus=1
[18:50:24] TINYDRAW_POWER battery=100 voltage_mv=4091 charging=0 vbus=1
[18:50:26] TINYDRAW_POWER battery=100 voltage_mv=4090 charging=0 vbus=1
[18:50:27] TINYDRAW_POWER battery=100 voltage_mv=4091 charging=0 vbus=1
[18:50:28] TINYDRAW_POWER battery=100 voltage_mv=4089 charging=0 vbus=1
[18:50:29] TINYDRAW_POWER battery=100 voltage_mv=4091 charging=0 vbus=1
[18:50:30] TINYDRAW_POWER battery=100 voltage_mv=4090 charging=0 vbus=1
[18:50:32] TINYDRAW_POWER battery=100 voltage_mv=4092 charging=0 vbus=1
[18:50:33] TINYDRAW_POWER battery=100 voltage_mv=4090 charging=0 vbus=1
[18:50:34] TINYDRAW_POWER battery=100 voltage_mv=4091 charging=0 vbus=1
[18:50:36] TINYDRAW_POWER battery=100 voltage_mv=4090 charging=0 vbus=1
[18:50:37] TINYDRAW_POWER battery=100 voltage_mv=4092 charging=0 vbus=1
[18:50:38] TINYDRAW_POWER battery=100 voltage_mv=4090 charging=0 vbus=1
[18:50:39] TINYDRAW_POWER battery=100 voltage_mv=4089 charging=0 vbus=1
[18:50:40] TINYDRAW_POWER battery=100 voltage_mv=4092 charging=0 vbus=1
[18:50:41] TINYDRAW_POWER battery=100 voltage_mv=4090 charging=0 vbus=1
[18:50:42] TINYDRAW_POWER battery=100 voltage_mv=4091 charging=0 vbus=1
[18:50:43] TINYDRAW_POWER battery=100 voltage_mv=4090 charging=0 vbus=1
[18:50:44] TINYDRAW_POWER battery=100 voltage_mv=4089 charging=0 vbus=1
[18:50:45] TINYDRAW_POWER battery=100 voltage_mv=4092 charging=0 vbus=1
[18:50:46] TINYDRAW_POWER battery=100 voltage_mv=4091 charging=0 vbus=1
[18:50:47] TINYDRAW_POWER battery=100 voltage_mv=4092 charging=0 vbus=1
[18:50:48] TINYDRAW_POWER battery=100 voltage_mv=4091 charging=0 vbus=1
[18:50:49] TINYDRAW_POWER battery=100 voltage_mv=4092 charging=0 vbus=1
[18:50:50] TINYDRAW_POWER battery=100 voltage_mv=4091 charging=0 vbus=1
[18:50:51] TINYDRAW_POWER battery=100 voltage_mv=4090 charging=0 vbus=1
[18:50:52] TINYDRAW_POWER battery=100 voltage_mv=4091 charging=0 vbus=1
[18:50:53] TINYDRAW_POWER battery=100 voltage_mv=4090 charging=0 vbus=1
[18:50:55] TINYDRAW_POWER battery=100 voltage_mv=4092 charging=0 vbus=1
[18:50:56] TINYDRAW_POWER battery=100 voltage_mv=4088 charging=0 vbus=1
[18:50:57] TINYDRAW_POWER battery=100 voltage_mv=4091 charging=0 vbus=1
[18:50:58] TINYDRAW_POWER battery=100 voltage_mv=4090 charging=0 vbus=1
[18:50:59] TINYDRAW_POWER battery=100 voltage_mv=4092 charging=0 vbus=1
[18:51:00] TINYDRAW_POWER battery=100 voltage_mv=4091 charging=0 vbus=1
[18:51:01] TINYDRAW_POWER battery=100 voltage_mv=4090 charging=0 vbus=1
[18:51:02] TINYDRAW_POWER battery=99 voltage_mv=4089 charging=0 vbus=1
[18:51:03] TINYDRAW_POWER battery=100 voltage_mv=4090 charging=0 vbus=1
[18:51:04] TINYDRAW_POWER battery=100 voltage_mv=4091 charging=0 vbus=1
[18:51:05] TINYDRAW_POWER battery=100 voltage_mv=4090 charging=0 vbus=1
[18:51:06] TINYDRAW_POWER battery=100 voltage_mv=4091 charging=0 vbus=1
[18:51:08] TINYDRAW_POWER battery=100 voltage_mv=4092 charging=0 vbus=1
[18:51:09] TINYDRAW_POWER battery=100 voltage_mv=4091 charging=0 vbus=1
[18:51:11] TINYDRAW_POWER battery=100 voltage_mv=4090 charging=0 vbus=1
[18:51:12] TINYDRAW_POWER battery=100 voltage_mv=4091 charging=0 vbus=1
[18:51:13] TINYDRAW_POWER battery=100 voltage_mv=4089 charging=0 vbus=1
[18:51:14] TINYDRAW_POWER battery=100 voltage_mv=4091 charging=0 vbus=1
[18:51:18] TINYDRAW_POWER battery=100 voltage_mv=4090 charging=0 vbus=1
[18:51:19] TINYDRAW_POWER battery=100 voltage_mv=4092 charging=0 vbus=1
[18:51:20] TINYDRAW_POWER battery=100 voltage_mv=4091 charging=0 vbus=1
[18:51:21] TINYDRAW_POWER battery=100 voltage_mv=4089 charging=0 vbus=1
[18:51:22] TINYDRAW_POWER battery=100 voltage_mv=4091 charging=0 vbus=1
[18:51:23] TINYDRAW_POWER battery=100 voltage_mv=4092 charging=0 vbus=1
[18:51:24] TINYDRAW_POWER battery=100 voltage_mv=4089 charging=0 vbus=1
[18:51:25] TINYDRAW_POWER battery=100 voltage_mv=4090 charging=0 vbus=1
[18:51:26] TINYDRAW_POWER battery=100 voltage_mv=4092 charging=0 vbus=1
[18:51:27] TINYDRAW_POWER battery=100 voltage_mv=4090 charging=0 vbus=1
[18:51:29] TINYDRAW_POWER battery=100 voltage_mv=4091 charging=0 vbus=1
[18:51:30] TINYDRAW_POWER battery=100 voltage_mv=4088 charging=0 vbus=1
[18:51:31] TINYDRAW_POWER battery=100 voltage_mv=4090 charging=0 vbus=1
[18:51:32] TINYDRAW_POWER battery=100 voltage_mv=4089 charging=0 vbus=1
[18:51:33] TINYDRAW_POWER battery=100 voltage_mv=4092 charging=0 vbus=1
[18:51:34] TINYDRAW_POWER battery=100 voltage_mv=4090 charging=0 vbus=1
[18:51:35] TINYDRAW_POWER battery=100 voltage_mv=4091 charging=0 vbus=1
[18:51:36] TINYDRAW_POWER battery=100 voltage_mv=4090 charging=0 vbus=1
[18:51:39] TINYDRAW_POWER battery=100 voltage_mv=4092 charging=0 vbus=1
[18:51:40] TINYDRAW_POWER battery=100 voltage_mv=4090 charging=0 vbus=1
[18:51:41] TINYDRAW_POWER battery=100 voltage_mv=4091 charging=0 vbus=1
[18:51:42] TINYDRAW_POWER battery=100 voltage_mv=4089 charging=0 vbus=1
[18:51:44] TINYDRAW_POWER battery=100 voltage_mv=4090 charging=0 vbus=1
[18:51:46] TINYDRAW_POWER battery=100 voltage_mv=4091 charging=0 vbus=1
[18:51:47] TINYDRAW_POWER battery=100 voltage_mv=4092 charging=0 vbus=1
[18:51:48] TINYDRAW_POWER battery=100 voltage_mv=4090 charging=0 vbus=1
[18:51:49] TINYDRAW_POWER battery=100 voltage_mv=4089 charging=0 vbus=1
[18:51:50] TINYDRAW_POWER battery=100 voltage_mv=4090 charging=0 vbus=1
[18:51:51] TINYDRAW_POWER battery=100 voltage_mv=4089 charging=0 vbus=1
[18:51:52] TINYDRAW_POWER battery=100 voltage_mv=4091 charging=0 vbus=1
[18:51:53] TINYDRAW_POWER battery=100 voltage_mv=4090 charging=0 vbus=1
[18:51:55] TINYDRAW_POWER battery=100 voltage_mv=4091 charging=0 vbus=1
[18:51:56] TINYDRAW_POWER battery=100 voltage_mv=4090 charging=0 vbus=1
[18:51:57] TINYDRAW_POWER battery=100 voltage_mv=4093 charging=0 vbus=1
[18:51:58] TINYDRAW_POWER battery=100 voltage_mv=4091 charging=0 vbus=1
[18:51:59] TINYDRAW_POWER battery=100 voltage_mv=4090 charging=0 vbus=1
[18:52:00] TINYDRAW_POWER battery=100 voltage_mv=4092 charging=0 vbus=1
[18:52:01] TINYDRAW_POWER battery=100 voltage_mv=4090 charging=0 vbus=1
[18:52:04] TINYDRAW_POWER battery=100 voltage_mv=4091 charging=0 vbus=1
[18:52:05] TINYDRAW_POWER battery=100 voltage_mv=4090 charging=0 vbus=1
[18:52:06] TINYDRAW_POWER battery=100 voltage_mv=4089 charging=0 vbus=1
[18:52:07] TINYDRAW_POWER battery=100 voltage_mv=4090 charging=0 vbus=1
[18:52:08] TINYDRAW_POWER battery=100 voltage_mv=4091 charging=0 vbus=1
[18:52:09] TINYDRAW_POWER battery=100 voltage_mv=4089 charging=0 vbus=1
[18:52:11] TINYDRAW_POWER battery=100 voltage_mv=4091 charging=0 vbus=1
[18:52:12] TINYDRAW_POWER battery=100 voltage_mv=4092 charging=0 vbus=1
[18:52:13] TINYDRAW_POWER battery=100 voltage_mv=4090 charging=0 vbus=1
[18:52:14] TINYDRAW_POWER battery=100 voltage_mv=4091 charging=0 vbus=1
[18:52:15] TINYDRAW_POWER battery=100 voltage_mv=4090 charging=0 vbus=1
[18:52:16] TINYDRAW_POWER battery=100 voltage_mv=4092 charging=0 vbus=1
[18:52:17] TINYDRAW_POWER battery=100 voltage_mv=4089 charging=0 vbus=1
[18:52:19] TINYDRAW_POWER battery=100 voltage_mv=4090 charging=0 vbus=1
[18:52:21] TINYDRAW_POWER battery=100 voltage_mv=4092 charging=0 vbus=1
[18:52:22] TINYDRAW_POWER battery=100 voltage_mv=4091 charging=0 vbus=1
[18:52:23] TINYDRAW_POWER battery=100 voltage_mv=4090 charging=0 vbus=1
[18:52:24] TINYDRAW_POWER battery=100 voltage_mv=4091 charging=0 vbus=1
[18:52:25] TINYDRAW_POWER battery=100 voltage_mv=4090 charging=0 vbus=1
[18:52:27] TINYDRAW_POWER battery=100 voltage_mv=4089 charging=0 vbus=1
[18:52:28] TINYDRAW_POWER battery=100 voltage_mv=4090 charging=0 vbus=1
[18:52:29] TINYDRAW_POWER battery=100 voltage_mv=4091 charging=0 vbus=1
[18:52:31] TINYDRAW_POWER battery=100 voltage_mv=4089 charging=0 vbus=1
[18:52:33] TINYDRAW_POWER battery=100 voltage_mv=4090 charging=0 vbus=1
[18:52:34] TINYDRAW_POWER battery=100 voltage_mv=4091 charging=0 vbus=1
[18:52:35] TINYDRAW_POWER battery=100 voltage_mv=4090 charging=0 vbus=1
[18:52:36] TINYDRAW_POWER battery=100 voltage_mv=4089 charging=0 vbus=1
[18:52:38] TINYDRAW_POWER battery=100 voltage_mv=4090 charging=0 vbus=1
[18:52:40] TINYDRAW_POWER battery=100 voltage_mv=4089 charging=0 vbus=1
[18:52:42] TINYDRAW_POWER battery=100 voltage_mv=4090 charging=0 vbus=1
[18:52:47] TINYDRAW_POWER battery=100 voltage_mv=4089 charging=0 vbus=1
[18:52:48] TINYDRAW_POWER battery=100 voltage_mv=4090 charging=0 vbus=1
[18:52:50] TINYDRAW_POWER battery=100 voltage_mv=4091 charging=0 vbus=1
[18:52:51] TINYDRAW_POWER battery=100 voltage_mv=4089 charging=0 vbus=1
[18:52:52] TINYDRAW_POWER battery=100 voltage_mv=4091 charging=0 vbus=1
[18:52:53] TINYDRAW_POWER battery=100 voltage_mv=4090 charging=0 vbus=1
[18:52:54] TINYDRAW_POWER battery=100 voltage_mv=4091 charging=0 vbus=1
[18:52:57] TINYDRAW_POWER battery=100 voltage_mv=4090 charging=0 vbus=1
[18:52:58] TINYDRAW_POWER battery=100 voltage_mv=4089 charging=0 vbus=1
[18:52:59] TINYDRAW_POWER battery=100 voltage_mv=4090 charging=0 vbus=1
[18:53:00] TINYDRAW_POWER battery=100 voltage_mv=4091 charging=0 vbus=1
[18:53:01] TINYDRAW_POWER battery=100 voltage_mv=4090 charging=0 vbus=1
[18:53:03] TINYDRAW_POWER battery=100 voltage_mv=4089 charging=0 vbus=1
[18:53:04] TINYDRAW_POWER battery=100 voltage_mv=4091 charging=0 vbus=1
[18:53:06] TINYDRAW_POWER battery=100 voltage_mv=4090 charging=0 vbus=1
[18:53:07] TINYDRAW_POWER battery=100 voltage_mv=4091 charging=0 vbus=1
[18:53:08] TINYDRAW_POWER battery=100 voltage_mv=4088 charging=0 vbus=1
[18:53:09] TINYDRAW_POWER battery=100 voltage_mv=4090 charging=0 vbus=1
[18:53:11] TINYDRAW_POWER battery=100 voltage_mv=4091 charging=0 vbus=1
[18:53:13] TINYDRAW_POWER battery=100 voltage_mv=4092 charging=0 vbus=1
[18:53:14] TINYDRAW_POWER battery=100 voltage_mv=4091 charging=0 vbus=1
[18:53:15] TINYDRAW_POWER battery=100 voltage_mv=4089 charging=0 vbus=1
[18:53:16] TINYDRAW_POWER battery=100 voltage_mv=4092 charging=0 vbus=1
[18:53:19] TINYDRAW_POWER battery=100 voltage_mv=4091 charging=0 vbus=1
[18:53:20] TINYDRAW_POWER battery=100 voltage_mv=4090 charging=0 vbus=1
[18:53:22] TINYDRAW_POWER battery=100 voltage_mv=4091 charging=0 vbus=1
[18:53:24] TINYDRAW_POWER battery=100 voltage_mv=4090 charging=0 vbus=1
[18:53:25] TINYDRAW_POWER battery=100 voltage_mv=4091 charging=0 vbus=1
[18:53:26] TINYDRAW_POWER battery=100 voltage_mv=4092 charging=0 vbus=1
[18:53:27] TINYDRAW_POWER battery=100 voltage_mv=4088 charging=0 vbus=1
[18:53:28] TINYDRAW_POWER battery=100 voltage_mv=4091 charging=0 vbus=1
[18:53:30] TINYDRAW_POWER battery=100 voltage_mv=4093 charging=0 vbus=1
[18:53:31] TINYDRAW_POWER battery=100 voltage_mv=4090 charging=0 vbus=1
[18:53:32] TINYDRAW_POWER battery=100 voltage_mv=4091 charging=0 vbus=1
[18:53:33] TINYDRAW_POWER battery=100 voltage_mv=4090 charging=0 vbus=1
[18:53:34] TINYDRAW_POWER battery=100 voltage_mv=4089 charging=0 vbus=1
[18:53:35] TINYDRAW_POWER battery=100 voltage_mv=4092 charging=0 vbus=1
[18:53:36] TINYDRAW_POWER battery=100 voltage_mv=4090 charging=0 vbus=1
[18:53:38] TINYDRAW_POWER battery=100 voltage_mv=4091 charging=0 vbus=1
[18:53:39] TINYDRAW_POWER battery=100 voltage_mv=4090 charging=0 vbus=1
[18:53:40] TINYDRAW_POWER battery=100 voltage_mv=4091 charging=0 vbus=1
[18:53:41] TINYDRAW_POWER battery=100 voltage_mv=4090 charging=0 vbus=1
[18:53:42] TINYDRAW_POWER battery=100 voltage_mv=4091 charging=0 vbus=1
[18:53:43] TINYDRAW_POWER battery=100 voltage_mv=4089 charging=0 vbus=1
[18:53:45] TINYDRAW_POWER battery=100 voltage_mv=4090 charging=0 vbus=1
[18:53:46] TINYDRAW_POWER battery=100 voltage_mv=4089 charging=0 vbus=1
[18:53:47] TINYDRAW_POWER battery=100 voltage_mv=4090 charging=0 vbus=1
[18:53:48] TINYDRAW_POWER battery=100 voltage_mv=4088 charging=0 vbus=1
[18:53:49] TINYDRAW_POWER battery=100 voltage_mv=4089 charging=0 vbus=1
[18:53:50] TINYDRAW_POWER battery=99 voltage_mv=4091 charging=0 vbus=1
[18:53:51] TINYDRAW_POWER battery=100 voltage_mv=4089 charging=0 vbus=1
[18:53:52] TINYDRAW_POWER battery=100 voltage_mv=4091 charging=0 vbus=1
[18:53:53] TINYDRAW_POWER battery=100 voltage_mv=4090 charging=0 vbus=1
[18:53:56] TINYDRAW_POWER battery=100 voltage_mv=4091 charging=0 vbus=1
[18:53:59] TINYDRAW_POWER battery=100 voltage_mv=4090 charging=0 vbus=1
[18:54:02] TINYDRAW_POWER battery=100 voltage_mv=4089 charging=0 vbus=1
[18:54:03] TINYDRAW_POWER battery=100 voltage_mv=4091 charging=0 vbus=1
[18:54:04] TINYDRAW_POWER battery=100 voltage_mv=4092 charging=0 vbus=1
[18:54:05] TINYDRAW_POWER battery=100 voltage_mv=4090 charging=0 vbus=1
[18:54:06] TINYDRAW_POWER battery=100 voltage_mv=4089 charging=0 vbus=1
[18:54:07] TINYDRAW_POWER battery=100 voltage_mv=4091 charging=0 vbus=1
[18:54:08] TINYDRAW_POWER battery=100 voltage_mv=4090 charging=0 vbus=1
[18:54:09] TINYDRAW_POWER battery=100 voltage_mv=4091 charging=0 vbus=1
[18:54:11] TINYDRAW_POWER battery=100 voltage_mv=4092 charging=0 vbus=1
[18:54:12] TINYDRAW_POWER battery=100 voltage_mv=4091 charging=0 vbus=1
[18:54:13] TINYDRAW_POWER battery=100 voltage_mv=4090 charging=0 vbus=1
[18:54:14] TINYDRAW_POWER battery=100 voltage_mv=4091 charging=0 vbus=1
[18:54:15] TINYDRAW_POWER battery=100 voltage_mv=4090 charging=0 vbus=1
[18:54:16] TINYDRAW_POWER battery=100 voltage_mv=4089 charging=0 vbus=1
[18:54:17] TINYDRAW_POWER battery=100 voltage_mv=4090 charging=0 vbus=1
[18:54:20] TINYDRAW_POWER battery=100 voltage_mv=4092 charging=0 vbus=1
[18:54:21] TINYDRAW_POWER battery=100 voltage_mv=4090 charging=0 vbus=1
[18:54:24] TINYDRAW_POWER battery=100 voltage_mv=4089 charging=0 vbus=1
[18:54:25] TINYDRAW_POWER battery=100 voltage_mv=4090 charging=0 vbus=1
[18:54:27] TINYDRAW_POWER battery=100 voltage_mv=4089 charging=0 vbus=1
[18:54:28] TINYDRAW_POWER battery=100 voltage_mv=4091 charging=0 vbus=1
[18:54:29] TINYDRAW_POWER battery=100 voltage_mv=4090 charging=0 vbus=1
[18:54:30] TINYDRAW_POWER battery=100 voltage_mv=4092 charging=0 vbus=1
[18:54:31] TINYDRAW_POWER battery=100 voltage_mv=4091 charging=0 vbus=1
[18:54:32] TINYDRAW_POWER battery=100 voltage_mv=4090 charging=0 vbus=1
[18:54:33] TINYDRAW_POWER battery=100 voltage_mv=4091 charging=0 vbus=1
[18:54:34] TINYDRAW_POWER battery=100 voltage_mv=4092 charging=0 vbus=1
[18:54:35] TINYDRAW_POWER battery=100 voltage_mv=4090 charging=0 vbus=1
[18:54:36] TINYDRAW_POWER battery=100 voltage_mv=4093 charging=0 vbus=1
[18:54:37] TINYDRAW_POWER battery=100 voltage_mv=4089 charging=0 vbus=1
[18:54:38] TINYDRAW_POWER battery=100 voltage_mv=4092 charging=0 vbus=1
[18:54:39] TINYDRAW_POWER battery=100 voltage_mv=4090 charging=0 vbus=1
[18:54:41] TINYDRAW_POWER battery=100 voltage_mv=4091 charging=0 vbus=1
[18:54:42] TINYDRAW_POWER battery=100 voltage_mv=4090 charging=0 vbus=1
[18:54:43] TINYDRAW_POWER battery=100 voltage_mv=4091 charging=0 vbus=1
[18:54:44] TINYDRAW_POWER battery=100 voltage_mv=4090 charging=0 vbus=1
[18:54:45] TINYDRAW_POWER battery=100 voltage_mv=4092 charging=0 vbus=1
[18:54:46] TINYDRAW_POWER battery=100 voltage_mv=4090 charging=0 vbus=1
[18:54:47] TINYDRAW_POWER battery=100 voltage_mv=4091 charging=0 vbus=1
[18:54:48] TINYDRAW_POWER battery=100 voltage_mv=4089 charging=0 vbus=1
[18:54:49] TINYDRAW_POWER battery=100 voltage_mv=4090 charging=0 vbus=1
[18:54:50] TINYDRAW_POWER battery=100 voltage_mv=4092 charging=0 vbus=1
[18:54:51] TINYDRAW_POWER battery=100 voltage_mv=4091 charging=0 vbus=1
[18:54:52] TINYDRAW_POWER battery=100 voltage_mv=4090 charging=0 vbus=1
[18:54:53] TINYDRAW_POWER battery=100 voltage_mv=4091 charging=0 vbus=1
[18:54:55] TINYDRAW_POWER battery=100 voltage_mv=4090 charging=0 vbus=1
[18:54:56] TINYDRAW_POWER battery=100 voltage_mv=4089 charging=0 vbus=1
[18:54:57] TINYDRAW_POWER battery=100 voltage_mv=4091 charging=0 vbus=1
[18:54:59] TINYDRAW_POWER battery=100 voltage_mv=4090 charging=0 vbus=1
[18:55:01] TINYDRAW_POWER battery=100 voltage_mv=4089 charging=0 vbus=1
[18:55:04] TINYDRAW_POWER battery=100 voltage_mv=4090 charging=0 vbus=1
[18:55:05] TINYDRAW_POWER battery=100 voltage_mv=4091 charging=0 vbus=1
[18:55:06] TINYDRAW_POWER battery=100 voltage_mv=4090 charging=0 vbus=1
[18:55:07] TINYDRAW_POWER battery=100 voltage_mv=4091 charging=0 vbus=1
[18:55:08] TINYDRAW_POWER battery=100 voltage_mv=4090 charging=0 vbus=1
[18:55:09] TINYDRAW_POWER battery=100 voltage_mv=4091 charging=0 vbus=1
[18:55:10] TINYDRAW_POWER battery=100 voltage_mv=4090 charging=0 vbus=1
[18:55:11] TINYDRAW_POWER battery=100 voltage_mv=4089 charging=0 vbus=1
[18:55:12] TINYDRAW_POWER battery=100 voltage_mv=4091 charging=0 vbus=1
[18:55:13] TINYDRAW_POWER battery=100 voltage_mv=4092 charging=0 vbus=1
[18:55:14] TINYDRAW_POWER battery=100 voltage_mv=4091 charging=0 vbus=1
[18:55:15] TINYDRAW_POWER battery=100 voltage_mv=4092 charging=0 vbus=1
[18:55:16] TINYDRAW_POWER battery=100 voltage_mv=4091 charging=0 vbus=1
[18:55:17] TINYDRAW_POWER battery=100 voltage_mv=4090 charging=0 vbus=1
[18:55:18] TINYDRAW_POWER battery=100 voltage_mv=4092 charging=0 vbus=1
[18:55:19] TINYDRAW_POWER battery=100 voltage_mv=4090 charging=0 vbus=1
[18:55:20] TINYDRAW_POWER battery=100 voltage_mv=4091 charging=0 vbus=1
[18:55:22] TINYDRAW_POWER battery=100 voltage_mv=4089 charging=0 vbus=1
[18:55:23] TINYDRAW_POWER battery=100 voltage_mv=4092 charging=0 vbus=1
[18:55:24] TINYDRAW_POWER battery=100 voltage_mv=4091 charging=0 vbus=1
[18:55:25] TINYDRAW_POWER battery=100 voltage_mv=4090 charging=0 vbus=1
[18:55:28] TINYDRAW_POWER battery=100 voltage_mv=4092 charging=0 vbus=1
[18:55:29] TINYDRAW_POWER battery=100 voltage_mv=4091 charging=0 vbus=1
[18:55:31] TINYDRAW_POWER battery=100 voltage_mv=4090 charging=0 vbus=1
[18:55:33] TINYDRAW_POWER battery=100 voltage_mv=4091 charging=0 vbus=1
[18:55:37] TINYDRAW_POWER battery=100 voltage_mv=4090 charging=0 vbus=1
[18:55:38] TINYDRAW_POWER battery=100 voltage_mv=4091 charging=0 vbus=1
[18:55:39] TINYDRAW_POWER battery=100 voltage_mv=4093 charging=0 vbus=1
[18:55:40] TINYDRAW_POWER battery=100 voltage_mv=4091 charging=0 vbus=1
[18:55:43] TINYDRAW_POWER battery=100 voltage_mv=4090 charging=0 vbus=1
[18:55:44] TINYDRAW_POWER battery=100 voltage_mv=4089 charging=0 vbus=1
[18:55:45] TINYDRAW_POWER battery=100 voltage_mv=4090 charging=0 vbus=1
[18:55:47] TINYDRAW_POWER battery=100 voltage_mv=4089 charging=0 vbus=1
[18:55:49] TINYDRAW_POWER battery=100 voltage_mv=4092 charging=0 vbus=1
[18:55:50] TINYDRAW_POWER battery=100 voltage_mv=4091 charging=0 vbus=1
[18:55:51] TINYDRAW_POWER battery=100 voltage_mv=4092 charging=0 vbus=1
[18:55:53] TINYDRAW_POWER battery=100 voltage_mv=4088 charging=0 vbus=1
[18:55:54] TINYDRAW_POWER battery=100 voltage_mv=4089 charging=0 vbus=1
[18:55:55] TINYDRAW_POWER battery=100 voltage_mv=4091 charging=0 vbus=1
[18:55:57] TINYDRAW_POWER battery=100 voltage_mv=4089 charging=0 vbus=1
[18:55:58] TINYDRAW_POWER battery=100 voltage_mv=4090 charging=0 vbus=1
[18:56:02] TINYDRAW_POWER battery=100 voltage_mv=4092 charging=0 vbus=1
[18:56:03] TINYDRAW_POWER battery=100 voltage_mv=4091 charging=0 vbus=1
[18:56:05] TINYDRAW_POWER battery=100 voltage_mv=4090 charging=0 vbus=1
[18:56:07] TINYDRAW_POWER battery=100 voltage_mv=4091 charging=0 vbus=1
[18:56:08] TINYDRAW_POWER battery=100 voltage_mv=4092 charging=0 vbus=1
[18:56:09] TINYDRAW_POWER battery=100 voltage_mv=4089 charging=0 vbus=1
[18:56:10] TINYDRAW_POWER battery=100 voltage_mv=4091 charging=0 vbus=1
[18:56:12] TINYDRAW_POWER battery=100 voltage_mv=4093 charging=0 vbus=1
[18:56:13] TINYDRAW_POWER battery=100 voltage_mv=4089 charging=0 vbus=1
[18:56:14] TINYDRAW_POWER battery=100 voltage_mv=4092 charging=0 vbus=1
[18:56:15] TINYDRAW_POWER battery=100 voltage_mv=4090 charging=0 vbus=1
[18:56:17] TINYDRAW_POWER battery=100 voltage_mv=4089 charging=0 vbus=1
[18:56:18] TINYDRAW_POWER battery=100 voltage_mv=4090 charging=0 vbus=1
[18:56:19] TINYDRAW_POWER battery=100 voltage_mv=4089 charging=0 vbus=1
[18:56:20] TINYDRAW_POWER battery=100 voltage_mv=4092 charging=0 vbus=1
[18:56:22] TINYDRAW_POWER battery=100 voltage_mv=4090 charging=0 vbus=1
[18:56:24] TINYDRAW_POWER battery=100 voltage_mv=4091 charging=0 vbus=1
[18:56:25] TINYDRAW_POWER battery=100 voltage_mv=4090 charging=0 vbus=1
[18:56:28] TINYDRAW_POWER battery=100 voltage_mv=4091 charging=0 vbus=1
[18:56:29] TINYDRAW_POWER battery=100 voltage_mv=4093 charging=0 vbus=1
[18:56:30] TINYDRAW_POWER battery=100 voltage_mv=4090 charging=0 vbus=1
[18:56:33] TINYDRAW_POWER battery=100 voltage_mv=4091 charging=0 vbus=1
[18:56:34] TINYDRAW_POWER battery=100 voltage_mv=4090 charging=0 vbus=1
[18:56:35] TINYDRAW_POWER battery=100 voltage_mv=4091 charging=0 vbus=1
[18:56:38] TINYDRAW_POWER battery=100 voltage_mv=4090 charging=0 vbus=1
[18:56:39] TINYDRAW_POWER battery=99 voltage_mv=4091 charging=0 vbus=1
[18:56:40] TINYDRAW_POWER battery=100 voltage_mv=4091 charging=0 vbus=1
[18:56:42] TINYDRAW_POWER battery=100 voltage_mv=4089 charging=0 vbus=1
[18:56:47] TINYDRAW_POWER battery=100 voltage_mv=4092 charging=0 vbus=1
[18:56:49] TINYDRAW_POWER battery=100 voltage_mv=4089 charging=0 vbus=1
[18:56:50] TINYDRAW_POWER battery=100 voltage_mv=4091 charging=0 vbus=1
[18:56:51] TINYDRAW_POWER battery=100 voltage_mv=4089 charging=0 vbus=1
[18:56:53] TINYDRAW_POWER battery=100 voltage_mv=4091 charging=0 vbus=1
[18:56:55] TINYDRAW_POWER battery=100 voltage_mv=4092 charging=0 vbus=1
[18:56:56] TINYDRAW_POWER battery=100 voltage_mv=4091 charging=0 vbus=1
[18:56:57] TINYDRAW_POWER battery=100 voltage_mv=4090 charging=0 vbus=1
[18:57:00] TINYDRAW_POWER battery=100 voltage_mv=4091 charging=0 vbus=1
[18:57:02] TINYDRAW_POWER battery=100 voltage_mv=4090 charging=0 vbus=1
[18:57:04] TINYDRAW_POWER battery=100 voltage_mv=4092 charging=0 vbus=1
[18:57:05] TINYDRAW_POWER battery=100 voltage_mv=4090 charging=0 vbus=1
[18:57:06] TINYDRAW_POWER battery=100 voltage_mv=4091 charging=0 vbus=1
[18:57:07] TINYDRAW_POWER battery=100 voltage_mv=4090 charging=0 vbus=1
[18:57:09] TINYDRAW_POWER battery=100 voltage_mv=4091 charging=0 vbus=1
[18:57:10] TINYDRAW_POWER battery=100 voltage_mv=4092 charging=0 vbus=1
[18:57:11] TINYDRAW_POWER battery=100 voltage_mv=4091 charging=0 vbus=1
[18:57:15] TINYDRAW_POWER battery=100 voltage_mv=4090 charging=0 vbus=1
[18:57:17] TINYDRAW_POWER battery=100 voltage_mv=4088 charging=0 vbus=1
[18:57:18] TINYDRAW_POWER battery=100 voltage_mv=4091 charging=0 vbus=1
[18:57:19] TINYDRAW_POWER battery=100 voltage_mv=4092 charging=0 vbus=1
[18:57:21] TINYDRAW_POWER battery=100 voltage_mv=4091 charging=0 vbus=1
[18:57:23] TINYDRAW_POWER battery=100 voltage_mv=4090 charging=0 vbus=1
[18:57:24] TINYDRAW_POWER battery=100 voltage_mv=4091 charging=0 vbus=1
[18:57:25] TINYDRAW_POWER battery=100 voltage_mv=4092 charging=0 vbus=1
[18:57:26] TINYDRAW_POWER battery=100 voltage_mv=4091 charging=0 vbus=1
[18:57:27] TINYDRAW_POWER battery=100 voltage_mv=4090 charging=0 vbus=1
[18:57:28] TINYDRAW_POWER battery=100 voltage_mv=4091 charging=0 vbus=1
[18:57:31] TINYDRAW_POWER battery=100 voltage_mv=4090 charging=0 vbus=1
[18:57:35] TINYDRAW_POWER battery=100 voltage_mv=4091 charging=0 vbus=1
[18:57:36] TINYDRAW_POWER battery=100 voltage_mv=4092 charging=0 vbus=1
[18:57:37] TINYDRAW_POWER battery=100 voltage_mv=4089 charging=0 vbus=1
[18:57:39] TINYDRAW_POWER battery=100 voltage_mv=4091 charging=0 vbus=1
[18:57:40] TINYDRAW_POWER battery=100 voltage_mv=4089 charging=0 vbus=1
[18:57:41] TINYDRAW_POWER battery=100 voltage_mv=4090 charging=0 vbus=1
[18:57:43] TINYDRAW_POWER battery=100 voltage_mv=4089 charging=0 vbus=1
[18:57:44] TINYDRAW_POWER battery=100 voltage_mv=4091 charging=0 vbus=1
[18:57:45] TINYDRAW_POWER battery=100 voltage_mv=4090 charging=0 vbus=1
[18:57:47] TINYDRAW_POWER battery=100 voltage_mv=4091 charging=0 vbus=1
[18:57:50] TINYDRAW_POWER battery=100 voltage_mv=4089 charging=0 vbus=1
[18:57:53] TINYDRAW_POWER battery=100 voltage_mv=4090 charging=0 vbus=1
[18:57:54] TINYDRAW_POWER battery=100 voltage_mv=4091 charging=0 vbus=1
[18:57:59] TINYDRAW_POWER battery=100 voltage_mv=4090 charging=0 vbus=1
[18:58:00] TINYDRAW_POWER battery=100 voltage_mv=4093 charging=0 vbus=1
[18:58:01] TINYDRAW_POWER battery=100 voltage_mv=4091 charging=0 vbus=1
[18:58:02] TINYDRAW_POWER battery=100 voltage_mv=4090 charging=0 vbus=1
[18:58:04] TINYDRAW_POWER battery=100 voltage_mv=4089 charging=0 vbus=1
[18:58:05] TINYDRAW_POWER battery=100 voltage_mv=4091 charging=0 vbus=1
[18:58:06] TINYDRAW_POWER battery=100 voltage_mv=4090 charging=0 vbus=1
[18:58:07] TINYDRAW_POWER battery=100 voltage_mv=4092 charging=0 vbus=1
[18:58:08] TINYDRAW_POWER battery=100 voltage_mv=4091 charging=0 vbus=1
[18:58:09] TINYDRAW_POWER battery=100 voltage_mv=4090 charging=0 vbus=1
[18:58:11] TINYDRAW_POWER battery=100 voltage_mv=4093 charging=0 vbus=1
[18:58:12] TINYDRAW_POWER battery=100 voltage_mv=4091 charging=0 vbus=1
[18:58:13] TINYDRAW_POWER battery=100 voltage_mv=4089 charging=0 vbus=1
[18:58:14] TINYDRAW_POWER battery=100 voltage_mv=4090 charging=0 vbus=1
[18:58:15] TINYDRAW_POWER battery=100 voltage_mv=4091 charging=0 vbus=1
[18:58:16] TINYDRAW_POWER battery=100 voltage_mv=4090 charging=0 vbus=1
[18:58:18] TINYDRAW_POWER battery=100 voltage_mv=4091 charging=0 vbus=1
[18:58:19] TINYDRAW_POWER battery=100 voltage_mv=4088 charging=0 vbus=1
[18:58:20] TINYDRAW_POWER battery=100 voltage_mv=4093 charging=0 vbus=1
[18:58:21] TINYDRAW_POWER battery=100 voltage_mv=4091 charging=0 vbus=1
[18:58:25] TINYDRAW_POWER battery=100 voltage_mv=4092 charging=0 vbus=1
[18:58:27] TINYDRAW_POWER battery=100 voltage_mv=4090 charging=0 vbus=1
[18:58:28] TINYDRAW_POWER battery=100 voltage_mv=4091 charging=0 vbus=1
[18:58:29] TINYDRAW_POWER battery=100 voltage_mv=4089 charging=0 vbus=1
[18:58:30] TINYDRAW_POWER battery=100 voltage_mv=4091 charging=0 vbus=1
[18:58:34] TINYDRAW_POWER battery=100 voltage_mv=4092 charging=0 vbus=1
[18:58:35] TINYDRAW_POWER battery=100 voltage_mv=4090 charging=0 vbus=1
[18:58:37] TINYDRAW_POWER battery=100 voltage_mv=4091 charging=0 vbus=1
[18:58:38] TINYDRAW_POWER battery=100 voltage_mv=4092 charging=0 vbus=1
[18:58:39] TINYDRAW_POWER battery=100 voltage_mv=4091 charging=0 vbus=1
[18:58:41] TINYDRAW_POWER battery=100 voltage_mv=4089 charging=0 vbus=1
[18:58:42] TINYDRAW_POWER battery=100 voltage_mv=4090 charging=0 vbus=1
[18:58:44] TINYDRAW_POWER battery=100 voltage_mv=4089 charging=0 vbus=1
[18:58:45] TINYDRAW_POWER battery=100 voltage_mv=4092 charging=0 vbus=1
[18:58:46] TINYDRAW_POWER battery=100 voltage_mv=4088 charging=0 vbus=1
[18:58:47] TINYDRAW_POWER battery=100 voltage_mv=4090 charging=0 vbus=1
[18:58:48] TINYDRAW_POWER battery=100 voltage_mv=4088 charging=0 vbus=1
[18:58:49] TINYDRAW_POWER battery=100 voltage_mv=4091 charging=0 vbus=1
[18:58:50] TINYDRAW_POWER battery=100 voltage_mv=4090 charging=0 vbus=1
[18:58:51] TINYDRAW_POWER battery=100 voltage_mv=4089 charging=0 vbus=1
[18:58:52] TINYDRAW_POWER battery=100 voltage_mv=4092 charging=0 vbus=1
[18:58:53] TINYDRAW_POWER battery=100 voltage_mv=4090 charging=0 vbus=1
[18:58:55] TINYDRAW_POWER battery=100 voltage_mv=4089 charging=0 vbus=1
[18:58:57] TINYDRAW_POWER battery=100 voltage_mv=4091 charging=0 vbus=1
[18:58:59] TINYDRAW_POWER battery=100 voltage_mv=4090 charging=0 vbus=1
[18:59:00] TINYDRAW_POWER battery=100 voltage_mv=4089 charging=0 vbus=1
[18:59:01] TINYDRAW_POWER battery=100 voltage_mv=4090 charging=0 vbus=1
[18:59:02] TINYDRAW_POWER battery=100 voltage_mv=4091 charging=0 vbus=1
[18:59:03] TINYDRAW_POWER battery=100 voltage_mv=4090 charging=0 vbus=1
[18:59:04] TINYDRAW_POWER battery=100 voltage_mv=4091 charging=0 vbus=1
[18:59:05] TINYDRAW_POWER battery=100 voltage_mv=4092 charging=0 vbus=1
[18:59:06] TINYDRAW_POWER battery=100 voltage_mv=4089 charging=0 vbus=1
[18:59:07] TINYDRAW_POWER battery=100 voltage_mv=4090 charging=0 vbus=1
[18:59:09] TINYDRAW_POWER battery=100 voltage_mv=4089 charging=0 vbus=1
[18:59:10] TINYDRAW_POWER battery=100 voltage_mv=4091 charging=0 vbus=1
[18:59:11] TINYDRAW_POWER battery=100 voltage_mv=4090 charging=0 vbus=1
[18:59:12] TINYDRAW_POWER battery=100 voltage_mv=4092 charging=0 vbus=1
[18:59:13] TINYDRAW_POWER battery=100 voltage_mv=4091 charging=0 vbus=1
[18:59:15] TINYDRAW_POWER battery=100 voltage_mv=4090 charging=0 vbus=1
[18:59:16] TINYDRAW_POWER battery=100 voltage_mv=4091 charging=0 vbus=1
[18:59:17] TINYDRAW_POWER battery=100 voltage_mv=4089 charging=0 vbus=1
[18:59:18] TINYDRAW_POWER battery=100 voltage_mv=4092 charging=0 vbus=1
[18:59:19] TINYDRAW_POWER battery=100 voltage_mv=4091 charging=0 vbus=1
[18:59:23] TINYDRAW_POWER battery=100 voltage_mv=4092 charging=0 vbus=1
[18:59:24] TINYDRAW_POWER battery=100 voltage_mv=4091 charging=0 vbus=1
[18:59:25] TINYDRAW_POWER battery=100 voltage_mv=4090 charging=0 vbus=1
[18:59:26] TINYDRAW_POWER battery=100 voltage_mv=4091 charging=0 vbus=1
[18:59:27] TINYDRAW_POWER battery=99 voltage_mv=4089 charging=0 vbus=1
[18:59:28] TINYDRAW_POWER battery=100 voltage_mv=4089 charging=0 vbus=1
[18:59:29] TINYDRAW_POWER battery=100 voltage_mv=4091 charging=0 vbus=1
[18:59:30] TINYDRAW_POWER battery=100 voltage_mv=4090 charging=0 vbus=1
[18:59:31] TINYDRAW_POWER battery=100 voltage_mv=4091 charging=0 vbus=1
[18:59:32] TINYDRAW_POWER battery=100 voltage_mv=4090 charging=0 vbus=1
[18:59:38] TINYDRAW_POWER battery=100 voltage_mv=4091 charging=0 vbus=1
[18:59:39] TINYDRAW_POWER battery=100 voltage_mv=4090 charging=0 vbus=1
[18:59:41] TINYDRAW_POWER battery=100 voltage_mv=4089 charging=0 vbus=1
[18:59:44] TINYDRAW_POWER battery=100 voltage_mv=4090 charging=0 vbus=1
[18:59:48] TINYDRAW_POWER battery=100 voltage_mv=4092 charging=0 vbus=1
[18:59:49] TINYDRAW_POWER battery=100 voltage_mv=4090 charging=0 vbus=1
[18:59:52] TINYDRAW_POWER battery=100 voltage_mv=4089 charging=0 vbus=1
[18:59:53] TINYDRAW_POWER battery=100 voltage_mv=4091 charging=0 vbus=1
[18:59:56] TINYDRAW_POWER battery=100 voltage_mv=4093 charging=0 vbus=1
[18:59:57] TINYDRAW_POWER battery=100 voltage_mv=4090 charging=0 vbus=1
[18:59:58] TINYDRAW_POWER battery=100 voltage_mv=4091 charging=0 vbus=1
[18:59:59] TINYDRAW_POWER battery=100 voltage_mv=4090 charging=0 vbus=1
[19:00:00] TINYDRAW_POWER battery=100 voltage_mv=4088 charging=0 vbus=1
[19:00:01] TINYDRAW_POWER battery=100 voltage_mv=4091 charging=0 vbus=1
[19:00:02] TINYDRAW_POWER battery=100 voltage_mv=4092 charging=0 vbus=1
[19:00:04] TINYDRAW_POWER battery=100 voltage_mv=4091 charging=0 vbus=1
[19:00:06] TINYDRAW_POWER battery=100 voltage_mv=4092 charging=0 vbus=1
[19:00:08] TINYDRAW_POWER battery=100 voltage_mv=4089 charging=0 vbus=1
[19:00:09] TINYDRAW_POWER battery=100 voltage_mv=4090 charging=0 vbus=1
[19:00:10] TINYDRAW_POWER battery=100 voltage_mv=4091 charging=0 vbus=1
[19:00:11] TINYDRAW_POWER battery=100 voltage_mv=4092 charging=0 vbus=1
[19:00:13] TINYDRAW_POWER battery=100 voltage_mv=4091 charging=0 vbus=1
[19:00:15] TINYDRAW_POWER battery=100 voltage_mv=4090 charging=0 vbus=1
[19:00:19] TINYDRAW_POWER battery=100 voltage_mv=4089 charging=0 vbus=1
[19:00:20] TINYDRAW_POWER battery=100 voltage_mv=4091 charging=0 vbus=1
[19:00:21] TINYDRAW_POWER battery=100 voltage_mv=4093 charging=0 vbus=1
[19:00:22] TINYDRAW_POWER battery=100 voltage_mv=4092 charging=0 vbus=1
[19:00:23] TINYDRAW_POWER battery=100 voltage_mv=4089 charging=0 vbus=1
[19:00:24] TINYDRAW_POWER battery=100 voltage_mv=4092 charging=0 vbus=1
[19:00:25] TINYDRAW_POWER battery=100 voltage_mv=4090 charging=0 vbus=1
[19:00:27] TINYDRAW_POWER battery=100 voltage_mv=4092 charging=0 vbus=1
[19:00:28] TINYDRAW_POWER battery=100 voltage_mv=4090 charging=0 vbus=1
[19:00:32] TINYDRAW_POWER battery=100 voltage_mv=4091 charging=0 vbus=1
[19:00:34] TINYDRAW_POWER battery=100 voltage_mv=4090 charging=0 vbus=1
[19:00:37] TINYDRAW_POWER battery=100 voltage_mv=4091 charging=0 vbus=1
[19:00:39] TINYDRAW_POWER battery=100 voltage_mv=4090 charging=0 vbus=1
[19:00:40] TINYDRAW_POWER battery=100 voltage_mv=4091 charging=0 vbus=1
[19:00:41] TINYDRAW_POWER battery=100 voltage_mv=4090 charging=0 vbus=1
[19:00:44] TINYDRAW_POWER battery=100 voltage_mv=4091 charging=0 vbus=1
[19:00:45] TINYDRAW_POWER battery=100 voltage_mv=4089 charging=0 vbus=1
[19:00:46] TINYDRAW_POWER battery=100 voltage_mv=4091 charging=0 vbus=1
[19:00:48] TINYDRAW_POWER battery=100 voltage_mv=4089 charging=0 vbus=1
[19:00:49] TINYDRAW_POWER battery=100 voltage_mv=4092 charging=0 vbus=1
[19:00:50] TINYDRAW_POWER battery=100 voltage_mv=4090 charging=0 vbus=1
[19:00:51] TINYDRAW_POWER battery=100 voltage_mv=4091 charging=0 vbus=1
[19:00:52] TINYDRAW_POWER battery=100 voltage_mv=4089 charging=0 vbus=1
[19:00:55] TINYDRAW_POWER battery=100 voltage_mv=4092 charging=0 vbus=1
[19:00:56] TINYDRAW_POWER battery=100 voltage_mv=4093 charging=0 vbus=1
[19:00:57] TINYDRAW_POWER battery=100 voltage_mv=4090 charging=0 vbus=1
[19:00:59] TINYDRAW_POWER battery=100 voltage_mv=4091 charging=0 vbus=1
[19:01:00] TINYDRAW_POWER battery=100 voltage_mv=4090 charging=0 vbus=1
[19:01:02] TINYDRAW_POWER battery=100 voltage_mv=4092 charging=0 vbus=1
[19:01:03] TINYDRAW_POWER battery=100 voltage_mv=4091 charging=0 vbus=1
[19:01:06] TINYDRAW_POWER battery=100 voltage_mv=4093 charging=0 vbus=1
[19:01:07] TINYDRAW_POWER battery=100 voltage_mv=4090 charging=0 vbus=1
[19:01:08] TINYDRAW_POWER battery=100 voltage_mv=4091 charging=0 vbus=1
[19:01:09] TINYDRAW_POWER battery=100 voltage_mv=4089 charging=0 vbus=1
[19:01:10] TINYDRAW_POWER battery=100 voltage_mv=4090 charging=0 vbus=1
[19:01:11] TINYDRAW_POWER battery=100 voltage_mv=4091 charging=0 vbus=1
[19:01:12] TINYDRAW_POWER battery=100 voltage_mv=4090 charging=0 vbus=1
[19:01:13] TINYDRAW_POWER battery=100 voltage_mv=4092 charging=0 vbus=1
[19:01:14] TINYDRAW_POWER battery=100 voltage_mv=4093 charging=0 vbus=1
[19:01:15] TINYDRAW_POWER battery=100 voltage_mv=4090 charging=0 vbus=1
[19:01:16] TINYDRAW_POWER battery=100 voltage_mv=4093 charging=0 vbus=1
[19:01:17] TINYDRAW_POWER battery=100 voltage_mv=4090 charging=0 vbus=1
[19:01:18] TINYDRAW_POWER battery=100 voltage_mv=4091 charging=0 vbus=1
[19:01:19] TINYDRAW_POWER battery=100 voltage_mv=4090 charging=0 vbus=1
[19:01:20] TINYDRAW_POWER battery=100 voltage_mv=4091 charging=0 vbus=1
[19:01:22] TINYDRAW_POWER battery=100 voltage_mv=4089 charging=0 vbus=1
[19:01:23] TINYDRAW_POWER battery=100 voltage_mv=4091 charging=0 vbus=1
[19:01:25] TINYDRAW_POWER battery=100 voltage_mv=4093 charging=0 vbus=1
[19:01:26] TINYDRAW_POWER battery=100 voltage_mv=4090 charging=0 vbus=1
[19:01:27] TINYDRAW_POWER battery=100 voltage_mv=4091 charging=0 vbus=1
[19:01:28] TINYDRAW_POWER battery=100 voltage_mv=4092 charging=0 vbus=1
[19:01:30] TINYDRAW_POWER battery=100 voltage_mv=4091 charging=0 vbus=1
[19:01:31] TINYDRAW_POWER battery=100 voltage_mv=4089 charging=0 vbus=1
[19:01:32] TINYDRAW_POWER battery=100 voltage_mv=4090 charging=0 vbus=1
[19:01:33] TINYDRAW_POWER battery=100 voltage_mv=4091 charging=0 vbus=1
[19:01:34] TINYDRAW_POWER battery=100 voltage_mv=4089 charging=0 vbus=1
[19:01:35] TINYDRAW_POWER battery=100 voltage_mv=4090 charging=0 vbus=1
[19:01:36] TINYDRAW_POWER battery=100 voltage_mv=4091 charging=0 vbus=1
[19:01:38] TINYDRAW_POWER battery=100 voltage_mv=4090 charging=0 vbus=1
[19:01:39] TINYDRAW_POWER battery=100 voltage_mv=4091 charging=0 vbus=1
[19:01:40] TINYDRAW_POWER battery=100 voltage_mv=4090 charging=0 vbus=1
[19:01:41] TINYDRAW_POWER battery=100 voltage_mv=4092 charging=0 vbus=1
[19:01:42] TINYDRAW_POWER battery=100 voltage_mv=4089 charging=0 vbus=1
[19:01:43] TINYDRAW_POWER battery=100 voltage_mv=4091 charging=0 vbus=1
[19:01:44] TINYDRAW_POWER battery=100 voltage_mv=4090 charging=0 vbus=1
[19:01:48] TINYDRAW_POWER battery=100 voltage_mv=4091 charging=0 vbus=1
[19:01:49] TINYDRAW_POWER battery=100 voltage_mv=4090 charging=0 vbus=1
[19:01:51] TINYDRAW_POWER battery=100 voltage_mv=4091 charging=0 vbus=1
[19:01:52] TINYDRAW_POWER battery=100 voltage_mv=4092 charging=0 vbus=1
[19:01:55] TINYDRAW_POWER battery=100 voltage_mv=4091 charging=0 vbus=1
[19:01:57] TINYDRAW_POWER battery=100 voltage_mv=4093 charging=0 vbus=1
[19:01:58] TINYDRAW_POWER battery=100 voltage_mv=4089 charging=0 vbus=1
[19:02:00] TINYDRAW_POWER battery=100 voltage_mv=4091 charging=0 vbus=1
[19:02:01] TINYDRAW_POWER battery=100 voltage_mv=4090 charging=0 vbus=1
[19:02:02] TINYDRAW_POWER battery=100 voltage_mv=4091 charging=0 vbus=1
[19:02:03] TINYDRAW_POWER battery=100 voltage_mv=4092 charging=0 vbus=1
[19:02:04] TINYDRAW_POWER battery=100 voltage_mv=4093 charging=0 vbus=1
[19:02:05] TINYDRAW_POWER battery=100 voltage_mv=4091 charging=0 vbus=1
[19:02:12] TINYDRAW_POWER battery=100 voltage_mv=4090 charging=0 vbus=1
[19:02:13] TINYDRAW_POWER battery=100 voltage_mv=4089 charging=0 vbus=1
[19:02:14] TINYDRAW_POWER battery=100 voltage_mv=4090 charging=0 vbus=1
[19:02:15] TINYDRAW_POWER battery=99 voltage_mv=4091 charging=0 vbus=1
[19:02:16] TINYDRAW_POWER battery=100 voltage_mv=4090 charging=0 vbus=1
[19:02:17] TINYDRAW_POWER battery=100 voltage_mv=4089 charging=0 vbus=1
[19:02:18] TINYDRAW_POWER battery=100 voltage_mv=4091 charging=0 vbus=1
[19:02:19] TINYDRAW_POWER battery=100 voltage_mv=4090 charging=0 vbus=1
[19:02:21] TINYDRAW_POWER battery=100 voltage_mv=4091 charging=0 vbus=1
[19:02:22] TINYDRAW_POWER battery=100 voltage_mv=4093 charging=0 vbus=1
[19:02:23] TINYDRAW_POWER battery=100 voltage_mv=4092 charging=0 vbus=1
[19:02:24] TINYDRAW_POWER battery=100 voltage_mv=4090 charging=0 vbus=1
[19:02:26] TINYDRAW_POWER battery=100 voltage_mv=4091 charging=0 vbus=1
[19:02:27] TINYDRAW_POWER battery=100 voltage_mv=4090 charging=0 vbus=1
[19:02:28] TINYDRAW_POWER battery=100 voltage_mv=4089 charging=0 vbus=1
[19:02:29] TINYDRAW_POWER battery=100 voltage_mv=4092 charging=0 vbus=1
[19:02:30] TINYDRAW_POWER battery=100 voltage_mv=4090 charging=0 vbus=1
[19:02:31] TINYDRAW_POWER battery=100 voltage_mv=4091 charging=0 vbus=1
[19:02:33] TINYDRAW_POWER battery=100 voltage_mv=4089 charging=0 vbus=1
[19:02:34] TINYDRAW_POWER battery=100 voltage_mv=4092 charging=0 vbus=1
[19:02:35] TINYDRAW_POWER battery=100 voltage_mv=4090 charging=0 vbus=1
[19:02:39] TINYDRAW_POWER battery=100 voltage_mv=4092 charging=0 vbus=1
[19:02:40] TINYDRAW_POWER battery=100 voltage_mv=4090 charging=0 vbus=1
[19:02:41] TINYDRAW_POWER battery=100 voltage_mv=4089 charging=0 vbus=1
[19:02:43] TINYDRAW_POWER battery=100 voltage_mv=4090 charging=0 vbus=1
[19:02:48] TINYDRAW_POWER battery=100 voltage_mv=4091 charging=0 vbus=1
[19:02:49] TINYDRAW_POWER battery=100 voltage_mv=4089 charging=0 vbus=1
[19:02:50] TINYDRAW_POWER battery=100 voltage_mv=4091 charging=0 vbus=1
[19:02:53] TINYDRAW_POWER battery=100 voltage_mv=4090 charging=0 vbus=1
[19:02:55] TINYDRAW_POWER battery=100 voltage_mv=4089 charging=0 vbus=1
[19:02:56] TINYDRAW_POWER battery=100 voltage_mv=4091 charging=0 vbus=1
[19:02:57] TINYDRAW_POWER battery=100 voltage_mv=4090 charging=0 vbus=1
[19:02:58] TINYDRAW_POWER battery=100 voltage_mv=4091 charging=0 vbus=1
[19:02:59] TINYDRAW_POWER battery=100 voltage_mv=4089 charging=0 vbus=1
[19:03:00] TINYDRAW_POWER battery=100 voltage_mv=4092 charging=0 vbus=1
[19:03:01] TINYDRAW_POWER battery=100 voltage_mv=4090 charging=0 vbus=1
[19:03:02] TINYDRAW_POWER battery=100 voltage_mv=4092 charging=0 vbus=1
[19:03:03] TINYDRAW_POWER battery=100 voltage_mv=4090 charging=0 vbus=1
[19:03:04] TINYDRAW_POWER battery=100 voltage_mv=4091 charging=0 vbus=1
[19:03:05] TINYDRAW_POWER battery=100 voltage_mv=4092 charging=0 vbus=1
[19:03:06] TINYDRAW_POWER battery=100 voltage_mv=4091 charging=0 vbus=1
[19:03:07] TINYDRAW_POWER battery=100 voltage_mv=4089 charging=0 vbus=1
[19:03:08] TINYDRAW_POWER battery=100 voltage_mv=4090 charging=0 vbus=1
[19:03:10] TINYDRAW_POWER battery=100 voltage_mv=4091 charging=0 vbus=1
[19:03:11] TINYDRAW_POWER battery=100 voltage_mv=4090 charging=0 vbus=1
[19:03:13] TINYDRAW_POWER battery=100 voltage_mv=4089 charging=0 vbus=1
[19:03:14] TINYDRAW_POWER battery=100 voltage_mv=4091 charging=0 vbus=1
[19:03:17] TINYDRAW_POWER battery=100 voltage_mv=4090 charging=0 vbus=1
[19:03:18] TINYDRAW_POWER battery=100 voltage_mv=4091 charging=0 vbus=1
[19:03:19] TINYDRAW_POWER battery=100 voltage_mv=4089 charging=0 vbus=1
[19:03:20] TINYDRAW_POWER battery=100 voltage_mv=4091 charging=0 vbus=1
[19:03:21] TINYDRAW_POWER battery=100 voltage_mv=4090 charging=0 vbus=1
[19:03:24] TINYDRAW_POWER battery=100 voltage_mv=4091 charging=0 vbus=1
[19:03:25] TINYDRAW_POWER battery=100 voltage_mv=4090 charging=0 vbus=1
[19:03:28] TINYDRAW_POWER battery=100 voltage_mv=4091 charging=0 vbus=1
[19:03:30] TINYDRAW_POWER battery=100 voltage_mv=4089 charging=0 vbus=1
[19:03:31] TINYDRAW_POWER battery=100 voltage_mv=4091 charging=0 vbus=1
[19:03:32] TINYDRAW_POWER battery=100 voltage_mv=4089 charging=0 vbus=1
[19:03:33] TINYDRAW_POWER battery=100 voltage_mv=4092 charging=0 vbus=1
[19:03:34] TINYDRAW_POWER battery=100 voltage_mv=4090 charging=0 vbus=1
[19:03:38] TINYDRAW_POWER battery=100 voltage_mv=4091 charging=0 vbus=1
[19:03:40] TINYDRAW_POWER battery=100 voltage_mv=4090 charging=0 vbus=1
[19:03:44] TINYDRAW_POWER battery=100 voltage_mv=4089 charging=0 vbus=1
[19:03:46] TINYDRAW_POWER battery=100 voltage_mv=4091 charging=0 vbus=1
[19:03:48] TINYDRAW_POWER battery=100 voltage_mv=4092 charging=0 vbus=1
[19:03:50] TINYDRAW_POWER battery=100 voltage_mv=4090 charging=0 vbus=1
[19:03:52] TINYDRAW_POWER battery=100 voltage_mv=4091 charging=0 vbus=1
[19:03:53] TINYDRAW_POWER battery=100 voltage_mv=4092 charging=0 vbus=1
[19:03:54] TINYDRAW_POWER battery=100 voltage_mv=4090 charging=0 vbus=1
[19:03:55] TINYDRAW_POWER battery=100 voltage_mv=4091 charging=0 vbus=1
[19:03:58] TINYDRAW_POWER battery=100 voltage_mv=4090 charging=0 vbus=1
[19:03:59] TINYDRAW_POWER battery=100 voltage_mv=4089 charging=0 vbus=1
[19:04:03] TINYDRAW_POWER battery=100 voltage_mv=4092 charging=0 vbus=1
[19:04:04] TINYDRAW_POWER battery=100 voltage_mv=4091 charging=0 vbus=1
[19:04:06] TINYDRAW_POWER battery=100 voltage_mv=4090 charging=0 vbus=1
[19:04:07] TINYDRAW_POWER battery=100 voltage_mv=4093 charging=0 vbus=1
[19:04:08] TINYDRAW_POWER battery=100 voltage_mv=4090 charging=0 vbus=1
[19:04:09] TINYDRAW_POWER battery=100 voltage_mv=4092 charging=0 vbus=1
[19:04:10] TINYDRAW_POWER battery=100 voltage_mv=4091 charging=0 vbus=1
[19:04:12] TINYDRAW_POWER battery=100 voltage_mv=4090 charging=0 vbus=1
[19:04:13] TINYDRAW_POWER battery=100 voltage_mv=4091 charging=0 vbus=1
[19:04:15] TINYDRAW_POWER battery=100 voltage_mv=4088 charging=0 vbus=1
[19:04:16] TINYDRAW_POWER battery=100 voltage_mv=4091 charging=0 vbus=1
[19:04:17] TINYDRAW_POWER battery=100 voltage_mv=4090 charging=0 vbus=1
[19:04:18] TINYDRAW_POWER battery=100 voltage_mv=4092 charging=0 vbus=1
[19:04:19] TINYDRAW_POWER battery=100 voltage_mv=4091 charging=0 vbus=1
[19:04:20] TINYDRAW_POWER battery=100 voltage_mv=4092 charging=0 vbus=1
[19:04:21] TINYDRAW_POWER battery=100 voltage_mv=4090 charging=0 vbus=1
[19:04:23] TINYDRAW_POWER battery=100 voltage_mv=4091 charging=0 vbus=1
[19:04:24] TINYDRAW_POWER battery=100 voltage_mv=4089 charging=0 vbus=1
[19:04:25] TINYDRAW_POWER battery=100 voltage_mv=4090 charging=0 vbus=1
[19:04:26] TINYDRAW_POWER battery=100 voltage_mv=4091 charging=0 vbus=1
[19:04:27] TINYDRAW_POWER battery=100 voltage_mv=4090 charging=0 vbus=1
[19:04:28] TINYDRAW_POWER battery=100 voltage_mv=4091 charging=0 vbus=1
[19:04:29] TINYDRAW_POWER battery=100 voltage_mv=4092 charging=0 vbus=1
[19:04:30] TINYDRAW_POWER battery=100 voltage_mv=4091 charging=0 vbus=1
[19:04:33] TINYDRAW_POWER battery=100 voltage_mv=4089 charging=0 vbus=1
[19:04:34] TINYDRAW_POWER battery=100 voltage_mv=4091 charging=0 vbus=1
[19:04:35] TINYDRAW_POWER battery=100 voltage_mv=4090 charging=0 vbus=1
[19:04:36] TINYDRAW_POWER battery=100 voltage_mv=4091 charging=0 vbus=1
[19:04:39] TINYDRAW_POWER battery=100 voltage_mv=4089 charging=0 vbus=1
[19:04:40] TINYDRAW_POWER battery=100 voltage_mv=4092 charging=0 vbus=1
[19:04:41] TINYDRAW_POWER battery=100 voltage_mv=4091 charging=0 vbus=1
[19:04:44] TINYDRAW_POWER battery=100 voltage_mv=4090 charging=0 vbus=1
[19:04:45] TINYDRAW_POWER battery=100 voltage_mv=4091 charging=0 vbus=1
[19:04:47] TINYDRAW_POWER battery=100 voltage_mv=4090 charging=0 vbus=1
[19:04:48] TINYDRAW_POWER battery=100 voltage_mv=4092 charging=0 vbus=1
[19:04:49] TINYDRAW_POWER battery=100 voltage_mv=4091 charging=0 vbus=1
[19:04:52] TINYDRAW_POWER battery=100 voltage_mv=4090 charging=0 vbus=1
[19:04:54] TINYDRAW_POWER battery=100 voltage_mv=4091 charging=0 vbus=1
[19:04:56] TINYDRAW_POWER battery=100 voltage_mv=4090 charging=0 vbus=1
[19:04:57] TINYDRAW_POWER battery=100 voltage_mv=4091 charging=0 vbus=1
[19:04:59] TINYDRAW_POWER battery=100 voltage_mv=4092 charging=0 vbus=1
[19:05:00] TINYDRAW_POWER battery=100 voltage_mv=4091 charging=0 vbus=1
[19:05:01] TINYDRAW_POWER battery=99 voltage_mv=4089 charging=0 vbus=1
[19:05:02] TINYDRAW_POWER battery=100 voltage_mv=4089 charging=0 vbus=1
[19:05:03] TINYDRAW_POWER battery=100 voltage_mv=4090 charging=0 vbus=1
[19:05:04] TINYDRAW_POWER battery=100 voltage_mv=4092 charging=0 vbus=1
[19:05:05] TINYDRAW_POWER battery=100 voltage_mv=4091 charging=0 vbus=1
[19:05:06] TINYDRAW_POWER battery=100 voltage_mv=4090 charging=0 vbus=1
[19:05:07] TINYDRAW_POWER battery=100 voltage_mv=4091 charging=0 vbus=1
[19:05:08] TINYDRAW_POWER battery=100 voltage_mv=4090 charging=0 vbus=1
[19:05:09] TINYDRAW_POWER battery=100 voltage_mv=4091 charging=0 vbus=1
[19:05:11] TINYDRAW_POWER battery=100 voltage_mv=4090 charging=0 vbus=1
[19:05:12] TINYDRAW_POWER battery=100 voltage_mv=4091 charging=0 vbus=1
[19:05:17] TINYDRAW_POWER battery=100 voltage_mv=4092 charging=0 vbus=1
[19:05:18] TINYDRAW_POWER battery=100 voltage_mv=4091 charging=0 vbus=1
[19:05:21] TINYDRAW_POWER battery=100 voltage_mv=4089 charging=0 vbus=1
[19:05:22] TINYDRAW_POWER battery=100 voltage_mv=4091 charging=0 vbus=1
[19:05:25] TINYDRAW_POWER battery=100 voltage_mv=4090 charging=0 vbus=1
[19:05:27] TINYDRAW_POWER battery=100 voltage_mv=4092 charging=0 vbus=1
[19:05:28] TINYDRAW_POWER battery=100 voltage_mv=4091 charging=0 vbus=1
[19:05:29] TINYDRAW_POWER battery=100 voltage_mv=4092 charging=0 vbus=1
[19:05:30] TINYDRAW_POWER battery=100 voltage_mv=4089 charging=0 vbus=1
[19:05:31] TINYDRAW_POWER battery=100 voltage_mv=4091 charging=0 vbus=1
[19:05:32] TINYDRAW_POWER battery=100 voltage_mv=4090 charging=0 vbus=1
[19:05:33] TINYDRAW_POWER battery=100 voltage_mv=4091 charging=0 vbus=1
[19:05:34] TINYDRAW_POWER battery=100 voltage_mv=4090 charging=0 vbus=1
[19:05:35] TINYDRAW_POWER battery=100 voltage_mv=4091 charging=0 vbus=1
[19:05:37] TINYDRAW_POWER battery=100 voltage_mv=4092 charging=0 vbus=1
[19:05:38] TINYDRAW_POWER battery=100 voltage_mv=4091 charging=0 vbus=1
[19:05:39] TINYDRAW_POWER battery=100 voltage_mv=4088 charging=0 vbus=1
[19:05:40] TINYDRAW_POWER battery=100 voltage_mv=4089 charging=0 vbus=1
[19:05:41] TINYDRAW_POWER battery=100 voltage_mv=4091 charging=0 vbus=1
[19:05:43] TINYDRAW_POWER battery=100 voltage_mv=4090 charging=0 vbus=1
[19:05:44] TINYDRAW_POWER battery=100 voltage_mv=4089 charging=0 vbus=1
[19:05:45] TINYDRAW_POWER battery=100 voltage_mv=4090 charging=0 vbus=1
[19:05:46] TINYDRAW_POWER battery=100 voltage_mv=4089 charging=0 vbus=1
[19:05:47] TINYDRAW_POWER battery=100 voltage_mv=4090 charging=0 vbus=1
[19:05:48] TINYDRAW_POWER battery=100 voltage_mv=4091 charging=0 vbus=1
[19:05:51] TINYDRAW_POWER battery=100 voltage_mv=4092 charging=0 vbus=1
[19:05:52] TINYDRAW_POWER battery=100 voltage_mv=4091 charging=0 vbus=1
[19:05:55] TINYDRAW_POWER battery=100 voltage_mv=4088 charging=0 vbus=1
[19:05:56] TINYDRAW_POWER battery=100 voltage_mv=4091 charging=0 vbus=1
[19:05:57] TINYDRAW_POWER battery=100 voltage_mv=4089 charging=0 vbus=1
[19:05:59] TINYDRAW_POWER battery=100 voltage_mv=4091 charging=0 vbus=1
[19:06:02] TINYDRAW_POWER battery=100 voltage_mv=4092 charging=0 vbus=1
[19:06:03] TINYDRAW_POWER battery=100 voltage_mv=4091 charging=0 vbus=1
[19:06:04] TINYDRAW_POWER battery=100 voltage_mv=4092 charging=0 vbus=1
[19:06:05] TINYDRAW_POWER battery=100 voltage_mv=4091 charging=0 vbus=1
[19:06:07] TINYDRAW_POWER battery=100 voltage_mv=4090 charging=0 vbus=1
[19:06:08] TINYDRAW_POWER battery=100 voltage_mv=4091 charging=0 vbus=1
[19:06:09] TINYDRAW_POWER battery=100 voltage_mv=4090 charging=0 vbus=1
[19:06:10] TINYDRAW_POWER battery=100 voltage_mv=4091 charging=0 vbus=1
[19:06:11] TINYDRAW_POWER battery=100 voltage_mv=4090 charging=0 vbus=1
[19:06:12] TINYDRAW_POWER battery=100 voltage_mv=4091 charging=0 vbus=1
[19:06:13] TINYDRAW_POWER battery=100 voltage_mv=4090 charging=0 vbus=1
[19:06:14] TINYDRAW_POWER battery=100 voltage_mv=4089 charging=0 vbus=1
[19:06:15] TINYDRAW_POWER battery=100 voltage_mv=4090 charging=0 vbus=1
[19:06:16] TINYDRAW_POWER battery=100 voltage_mv=4092 charging=0 vbus=1
[19:06:18] TINYDRAW_POWER battery=100 voltage_mv=4091 charging=0 vbus=1
[19:06:19] TINYDRAW_POWER battery=100 voltage_mv=4089 charging=0 vbus=1
[19:06:20] TINYDRAW_POWER battery=100 voltage_mv=4090 charging=0 vbus=1
[19:06:21] TINYDRAW_POWER battery=100 voltage_mv=4091 charging=0 vbus=1
[19:06:22] TINYDRAW_POWER battery=100 voltage_mv=4090 charging=0 vbus=1
[19:06:23] TINYDRAW_POWER battery=100 voltage_mv=4092 charging=0 vbus=1
[19:06:25] TINYDRAW_POWER battery=100 voltage_mv=4091 charging=0 vbus=1
[19:06:27] TINYDRAW_POWER battery=100 voltage_mv=4090 charging=0 vbus=1
[19:06:28] TINYDRAW_POWER battery=100 voltage_mv=4092 charging=0 vbus=1
[19:06:29] TINYDRAW_POWER battery=100 voltage_mv=4091 charging=0 vbus=1
[19:06:30] TINYDRAW_POWER battery=100 voltage_mv=4090 charging=0 vbus=1
[19:06:32] TINYDRAW_POWER battery=100 voltage_mv=4092 charging=0 vbus=1
[19:06:33] TINYDRAW_POWER battery=100 voltage_mv=4091 charging=0 vbus=1
[19:06:34] TINYDRAW_POWER battery=100 voltage_mv=4090 charging=0 vbus=1
[19:06:35] TINYDRAW_POWER battery=100 voltage_mv=4091 charging=0 vbus=1
[19:06:36] TINYDRAW_POWER battery=100 voltage_mv=4092 charging=0 vbus=1
[19:06:37] TINYDRAW_POWER battery=100 voltage_mv=4090 charging=0 vbus=1
[19:06:38] TINYDRAW_POWER battery=100 voltage_mv=4091 charging=0 vbus=1
[19:06:40] TINYDRAW_POWER battery=100 voltage_mv=4090 charging=0 vbus=1
[19:06:41] TINYDRAW_POWER battery=100 voltage_mv=4091 charging=0 vbus=1
[19:06:42] TINYDRAW_POWER battery=100 voltage_mv=4092 charging=0 vbus=1
[19:06:43] TINYDRAW_POWER battery=100 voltage_mv=4091 charging=0 vbus=1
[19:06:44] TINYDRAW_POWER battery=100 voltage_mv=4090 charging=0 vbus=1
[19:06:46] TINYDRAW_POWER battery=100 voltage_mv=4091 charging=0 vbus=1
[19:06:48] TINYDRAW_POWER battery=100 voltage_mv=4090 charging=0 vbus=1
[19:06:49] TINYDRAW_POWER battery=100 voltage_mv=4091 charging=0 vbus=1
[19:06:51] TINYDRAW_POWER battery=100 voltage_mv=4090 charging=0 vbus=1
[19:06:52] TINYDRAW_POWER battery=100 voltage_mv=4091 charging=0 vbus=1
[19:06:53] TINYDRAW_POWER battery=100 voltage_mv=4092 charging=0 vbus=1
[19:06:56] TINYDRAW_POWER battery=100 voltage_mv=4090 charging=0 vbus=1
[19:06:57] TINYDRAW_POWER battery=100 voltage_mv=4091 charging=0 vbus=1
[19:06:59] TINYDRAW_POWER battery=100 voltage_mv=4092 charging=0 vbus=1
[19:07:00] TINYDRAW_POWER battery=100 voltage_mv=4091 charging=0 vbus=1
[19:07:01] TINYDRAW_POWER battery=100 voltage_mv=4090 charging=0 vbus=1
[19:07:03] TINYDRAW_POWER battery=100 voltage_mv=4091 charging=0 vbus=1
[19:07:04] TINYDRAW_POWER battery=100 voltage_mv=4090 charging=0 vbus=1
[19:07:05] TINYDRAW_POWER battery=100 voltage_mv=4092 charging=0 vbus=1
[19:07:06] TINYDRAW_POWER battery=100 voltage_mv=4091 charging=0 vbus=1
[19:07:08] TINYDRAW_POWER battery=100 voltage_mv=4090 charging=0 vbus=1
[19:07:10] TINYDRAW_POWER battery=100 voltage_mv=4091 charging=0 vbus=1
[19:07:11] TINYDRAW_POWER battery=100 voltage_mv=4090 charging=0 vbus=1
[19:07:12] TINYDRAW_POWER battery=100 voltage_mv=4092 charging=0 vbus=1
[19:07:13] TINYDRAW_POWER battery=100 voltage_mv=4090 charging=0 vbus=1
[19:07:14] TINYDRAW_POWER battery=100 voltage_mv=4092 charging=0 vbus=1
[19:07:16] TINYDRAW_POWER battery=100 voltage_mv=4091 charging=0 vbus=1
[19:07:17] TINYDRAW_POWER battery=100 voltage_mv=4092 charging=0 vbus=1
[19:07:18] TINYDRAW_POWER battery=100 voltage_mv=4091 charging=0 vbus=1
[19:07:19] TINYDRAW_POWER battery=100 voltage_mv=4090 charging=0 vbus=1
[19:07:20] TINYDRAW_POWER battery=100 voltage_mv=4091 charging=0 vbus=1
[19:07:22] TINYDRAW_POWER battery=100 voltage_mv=4090 charging=0 vbus=1
[19:07:23] TINYDRAW_POWER battery=100 voltage_mv=4091 charging=0 vbus=1
[19:07:24] TINYDRAW_POWER battery=100 voltage_mv=4090 charging=0 vbus=1
[19:07:25] TINYDRAW_POWER battery=100 voltage_mv=4092 charging=0 vbus=1
[19:07:26] TINYDRAW_POWER battery=100 voltage_mv=4093 charging=0 vbus=1
[19:07:27] TINYDRAW_POWER battery=100 voltage_mv=4091 charging=0 vbus=1
[19:07:28] TINYDRAW_POWER battery=100 voltage_mv=4092 charging=0 vbus=1
[19:07:29] TINYDRAW_POWER battery=100 voltage_mv=4090 charging=0 vbus=1
[19:07:30] TINYDRAW_POWER battery=100 voltage_mv=4092 charging=0 vbus=1
[19:07:31] TINYDRAW_POWER battery=100 voltage_mv=4091 charging=0 vbus=1
[19:07:33] TINYDRAW_POWER battery=100 voltage_mv=4092 charging=0 vbus=1
[19:07:34] TINYDRAW_POWER battery=100 voltage_mv=4091 charging=0 vbus=1
[19:07:35] TINYDRAW_POWER battery=100 voltage_mv=4090 charging=0 vbus=1
[19:07:36] TINYDRAW_POWER battery=100 voltage_mv=4091 charging=0 vbus=1
[19:07:37] TINYDRAW_POWER battery=100 voltage_mv=4090 charging=0 vbus=1
[19:07:38] TINYDRAW_POWER battery=100 voltage_mv=4092 charging=0 vbus=1
[19:07:40] TINYDRAW_POWER battery=100 voltage_mv=4091 charging=0 vbus=1
[19:07:41] TINYDRAW_POWER battery=100 voltage_mv=4090 charging=0 vbus=1
[19:07:42] TINYDRAW_POWER battery=100 voltage_mv=4091 charging=0 vbus=1
[19:07:43] TINYDRAW_POWER battery=100 voltage_mv=4092 charging=0 vbus=1
[19:07:44] TINYDRAW_POWER battery=100 voltage_mv=4091 charging=0 vbus=1
[19:07:45] TINYDRAW_POWER battery=100 voltage_mv=4092 charging=0 vbus=1
[19:07:46] TINYDRAW_POWER battery=100 voltage_mv=4093 charging=0 vbus=1
[19:07:47] TINYDRAW_POWER battery=100 voltage_mv=4091 charging=0 vbus=1
[19:07:49] TINYDRAW_POWER battery=99 voltage_mv=4091 charging=0 vbus=1
[19:07:50] TINYDRAW_POWER battery=100 voltage_mv=4091 charging=0 vbus=1
[19:07:51] TINYDRAW_POWER battery=100 voltage_mv=4090 charging=0 vbus=1
[19:07:52] TINYDRAW_POWER battery=100 voltage_mv=4091 charging=0 vbus=1
[19:07:53] TINYDRAW_POWER battery=100 voltage_mv=4090 charging=0 vbus=1
[19:07:54] TINYDRAW_POWER battery=100 voltage_mv=4091 charging=0 vbus=1
[19:07:55] TINYDRAW_POWER battery=100 voltage_mv=4092 charging=0 vbus=1
[19:07:56] TINYDRAW_POWER battery=100 voltage_mv=4091 charging=0 vbus=1
[19:07:57] TINYDRAW_POWER battery=100 voltage_mv=4089 charging=0 vbus=1
[19:07:59] TINYDRAW_POWER battery=100 voltage_mv=4091 charging=0 vbus=1
[19:08:01] TINYDRAW_POWER battery=100 voltage_mv=4092 charging=0 vbus=1
[19:08:03] TINYDRAW_POWER battery=100 voltage_mv=4090 charging=0 vbus=1
[19:08:04] TINYDRAW_POWER battery=100 voltage_mv=4091 charging=0 vbus=1
[19:08:07] TINYDRAW_POWER battery=100 voltage_mv=4089 charging=0 vbus=1
[19:08:08] TINYDRAW_POWER battery=100 voltage_mv=4092 charging=0 vbus=1
[19:08:10] TINYDRAW_POWER battery=100 voltage_mv=4091 charging=0 vbus=1
[19:08:11] TINYDRAW_POWER battery=100 voltage_mv=4092 charging=0 vbus=1
[19:08:15] TINYDRAW_POWER battery=100 voltage_mv=4091 charging=0 vbus=1
[19:08:16] TINYDRAW_POWER battery=100 voltage_mv=4090 charging=0 vbus=1
[19:08:18] TINYDRAW_POWER battery=100 voltage_mv=4091 charging=0 vbus=1
[19:08:19] TINYDRAW_POWER battery=100 voltage_mv=4089 charging=0 vbus=1
[19:08:20] TINYDRAW_POWER battery=100 voltage_mv=4091 charging=0 vbus=1
[19:08:21] TINYDRAW_POWER battery=100 voltage_mv=4089 charging=0 vbus=1
[19:08:22] TINYDRAW_POWER battery=100 voltage_mv=4092 charging=0 vbus=1
[19:08:23] TINYDRAW_POWER battery=100 voltage_mv=4090 charging=0 vbus=1
[19:08:26] TINYDRAW_POWER battery=100 voltage_mv=4091 charging=0 vbus=1
[19:08:27] TINYDRAW_POWER battery=100 voltage_mv=4090 charging=0 vbus=1
[19:08:28] TINYDRAW_POWER battery=100 voltage_mv=4089 charging=0 vbus=1
[19:08:29] TINYDRAW_POWER battery=100 voltage_mv=4090 charging=0 vbus=1
[19:08:34] TINYDRAW_POWER battery=100 voltage_mv=4091 charging=0 vbus=1
[19:08:36] TINYDRAW_POWER battery=100 voltage_mv=4092 charging=0 vbus=1
[19:08:38] TINYDRAW_POWER battery=100 voltage_mv=4091 charging=0 vbus=1
[19:08:40] TINYDRAW_POWER battery=100 voltage_mv=4092 charging=0 vbus=1
[19:08:41] TINYDRAW_POWER battery=100 voltage_mv=4093 charging=0 vbus=1
[19:08:42] TINYDRAW_POWER battery=100 voltage_mv=4091 charging=0 vbus=1
[19:08:43] TINYDRAW_POWER battery=100 voltage_mv=4089 charging=0 vbus=1
[19:08:44] TINYDRAW_POWER battery=100 voltage_mv=4091 charging=0 vbus=1
[19:08:46] TINYDRAW_POWER battery=100 voltage_mv=4090 charging=0 vbus=1
[19:08:47] TINYDRAW_POWER battery=100 voltage_mv=4091 charging=0 vbus=1
[19:08:48] TINYDRAW_POWER battery=100 voltage_mv=4090 charging=0 vbus=1
[19:08:49] TINYDRAW_POWER battery=100 voltage_mv=4089 charging=0 vbus=1
[19:08:50] TINYDRAW_POWER battery=100 voltage_mv=4090 charging=0 vbus=1
[19:08:52] TINYDRAW_POWER battery=100 voltage_mv=4091 charging=0 vbus=1
[19:08:52] [DEBUG-hw1] down x=238 y=120
[19:08:52] [DEBUG-hw1] up x=244 y=120 active=0
[19:08:52] TINYDRAW_PAN_PERF frames=6 bytes=1642752 average_us=25955 max_us=26012 settle_us=0 prepare_us=113436 transfer_us=41681 pushes=102
[19:08:53] [DEBUG-hw1] down x=361 y=367
[19:08:53] [DEBUG-hw1] up x=346 y=131 active=0
[19:08:53] [DEBUG-hw1] down x=353 y=143
[19:08:54] [DEBUG-hw1] up x=353 y=143 active=0
[19:08:54] TINYDRAW_PAN_PERF frames=0 bytes=0 average_us=0 max_us=0 settle_us=0 prepare_us=0 transfer_us=0 pushes=0
[19:08:54] TINYDRAW_POWER battery=100 voltage_mv=4090 charging=0 vbus=1
[19:08:54] [DEBUG-hw1] down x=367 y=3
[19:08:54] [DEBUG-hw1] up x=363 y=8 active=0
[19:08:54] TINYDRAW_PAN_PERF frames=5 bytes=1368960 average_us=25965 max_us=26010 settle_us=0 prepare_us=94533 transfer_us=34773 pushes=85
[19:08:55] TINYDRAW_POWER battery=100 voltage_mv=4088 charging=0 vbus=1
[19:08:56] TINYDRAW_POWER battery=100 voltage_mv=4093 charging=0 vbus=1
[19:08:57] TINYDRAW_POWER battery=100 voltage_mv=4091 charging=0 vbus=1
[19:08:57] [DEBUG-hw1] down x=93 y=416
[19:09:02] [DEBUG-hw1] up x=126 y=423 active=0
[19:09:02] TINYDRAW_POWER battery=100 voltage_mv=4089 charging=0 vbus=1
[19:09:03] TINYDRAW_POWER battery=100 voltage_mv=4091 charging=0 vbus=1
[19:09:04] TINYDRAW_POWER battery=100 voltage_mv=4093 charging=0 vbus=1
[19:09:05] TINYDRAW_POWER battery=100 voltage_mv=4092 charging=0 vbus=1
[19:09:06] TINYDRAW_POWER battery=100 voltage_mv=4089 charging=0 vbus=1
[19:09:07] TINYDRAW_POWER battery=100 voltage_mv=4090 charging=0 vbus=1
[19:09:08] TINYDRAW_POWER battery=100 voltage_mv=4091 charging=0 vbus=1
[19:09:09] TINYDRAW_POWER battery=100 voltage_mv=4092 charging=0 vbus=1
[19:09:10] TINYDRAW_POWER battery=100 voltage_mv=4090 charging=0 vbus=1
[19:09:14] TINYDRAW_POWER battery=100 voltage_mv=4089 charging=0 vbus=1
[19:09:15] TINYDRAW_POWER battery=100 voltage_mv=4091 charging=0 vbus=1
[19:09:16] TINYDRAW_POWER battery=100 voltage_mv=4088 charging=0 vbus=1
[19:09:17] TINYDRAW_POWER battery=100 voltage_mv=4089 charging=0 vbus=1
[19:09:18] TINYDRAW_POWER battery=100 voltage_mv=4090 charging=0 vbus=1
[19:09:22] TINYDRAW_POWER battery=100 voltage_mv=4088 charging=0 vbus=1
[19:09:23] TINYDRAW_POWER battery=100 voltage_mv=4090 charging=0 vbus=1
[19:09:26] TINYDRAW_POWER battery=100 voltage_mv=4092 charging=0 vbus=1
[19:09:27] TINYDRAW_POWER battery=100 voltage_mv=4090 charging=0 vbus=1
[19:09:28] TINYDRAW_POWER battery=100 voltage_mv=4091 charging=0 vbus=1
[19:09:29] TINYDRAW_POWER battery=100 voltage_mv=4090 charging=0 vbus=1
[19:09:33] TINYDRAW_POWER battery=100 voltage_mv=4089 charging=0 vbus=1
[19:09:34] TINYDRAW_POWER battery=100 voltage_mv=4091 charging=0 vbus=1
[19:09:37] TINYDRAW_POWER battery=100 voltage_mv=4090 charging=0 vbus=1
[19:09:40] TINYDRAW_POWER battery=100 voltage_mv=4091 charging=0 vbus=1
[19:09:41] TINYDRAW_POWER battery=100 voltage_mv=4089 charging=0 vbus=1
[19:09:42] TINYDRAW_POWER battery=100 voltage_mv=4090 charging=0 vbus=1
[19:09:43] TINYDRAW_POWER battery=100 voltage_mv=4091 charging=0 vbus=1
[19:09:44] TINYDRAW_POWER battery=100 voltage_mv=4092 charging=0 vbus=1
[19:09:45] TINYDRAW_POWER battery=100 voltage_mv=4090 charging=0 vbus=1
[19:09:46] TINYDRAW_POWER battery=100 voltage_mv=4088 charging=0 vbus=1
[19:09:47] TINYDRAW_POWER battery=100 voltage_mv=4090 charging=0 vbus=1
[19:09:48] TINYDRAW_POWER battery=100 voltage_mv=4091 charging=0 vbus=1
[19:09:49] TINYDRAW_POWER battery=100 voltage_mv=4092 charging=0 vbus=1
[19:09:50] TINYDRAW_POWER battery=100 voltage_mv=4089 charging=0 vbus=1
[19:09:51] TINYDRAW_POWER battery=100 voltage_mv=4092 charging=0 vbus=1
[19:09:52] TINYDRAW_POWER battery=100 voltage_mv=4089 charging=0 vbus=1
[19:09:53] TINYDRAW_POWER battery=100 voltage_mv=4091 charging=0 vbus=1
[19:09:54] TINYDRAW_POWER battery=100 voltage_mv=4093 charging=0 vbus=1
[19:09:56] TINYDRAW_POWER battery=100 voltage_mv=4091 charging=0 vbus=1
[19:10:02] TINYDRAW_POWER battery=100 voltage_mv=4090 charging=0 vbus=1
[19:10:03] TINYDRAW_POWER battery=100 voltage_mv=4092 charging=0 vbus=1
[19:10:04] TINYDRAW_POWER battery=100 voltage_mv=4090 charging=0 vbus=1
[19:10:06] TINYDRAW_POWER battery=100 voltage_mv=4091 charging=0 vbus=1
[19:10:07] TINYDRAW_POWER battery=100 voltage_mv=4089 charging=0 vbus=1
[19:10:08] TINYDRAW_POWER battery=100 voltage_mv=4091 charging=0 vbus=1
[19:10:10] TINYDRAW_POWER battery=100 voltage_mv=4092 charging=0 vbus=1
[19:10:11] TINYDRAW_POWER battery=100 voltage_mv=4091 charging=0 vbus=1
[19:10:13] TINYDRAW_POWER battery=100 voltage_mv=4092 charging=0 vbus=1
[19:10:14] TINYDRAW_POWER battery=100 voltage_mv=4090 charging=0 vbus=1
[19:10:15] TINYDRAW_POWER battery=100 voltage_mv=4093 charging=0 vbus=1
[19:10:16] TINYDRAW_POWER battery=100 voltage_mv=4091 charging=0 vbus=1
[19:10:17] TINYDRAW_POWER battery=100 voltage_mv=4092 charging=0 vbus=1
[19:10:18] TINYDRAW_POWER battery=100 voltage_mv=4090 charging=0 vbus=1
[19:10:19] TINYDRAW_POWER battery=100 voltage_mv=4091 charging=0 vbus=1
[19:10:20] TINYDRAW_POWER battery=100 voltage_mv=4089 charging=0 vbus=1
[19:10:21] TINYDRAW_POWER battery=100 voltage_mv=4090 charging=0 vbus=1
[19:10:23] TINYDRAW_POWER battery=100 voltage_mv=4092 charging=0 vbus=1
[19:10:25] TINYDRAW_POWER battery=100 voltage_mv=4090 charging=0 vbus=1
[19:10:26] TINYDRAW_POWER battery=100 voltage_mv=4092 charging=0 vbus=1
[19:10:27] TINYDRAW_POWER battery=100 voltage_mv=4091 charging=0 vbus=1
[19:10:29] TINYDRAW_POWER battery=100 voltage_mv=4090 charging=0 vbus=1
[19:10:30] TINYDRAW_POWER battery=100 voltage_mv=4092 charging=0 vbus=1
[19:10:31] TINYDRAW_POWER battery=100 voltage_mv=4090 charging=0 vbus=1
[19:10:32] TINYDRAW_POWER battery=100 voltage_mv=4093 charging=0 vbus=1
[19:10:33] TINYDRAW_POWER battery=100 voltage_mv=4090 charging=0 vbus=1
[19:10:34] TINYDRAW_POWER battery=99 voltage_mv=4090 charging=0 vbus=1
[19:10:35] TINYDRAW_POWER battery=100 voltage_mv=4091 charging=0 vbus=1
[19:10:36] TINYDRAW_POWER battery=100 voltage_mv=4090 charging=0 vbus=1
[19:10:37] TINYDRAW_POWER battery=100 voltage_mv=4091 charging=0 vbus=1
[19:10:38] TINYDRAW_POWER battery=100 voltage_mv=4090 charging=0 vbus=1
[19:10:39] TINYDRAW_POWER battery=100 voltage_mv=4092 charging=0 vbus=1
[19:10:42] TINYDRAW_POWER battery=100 voltage_mv=4091 charging=0 vbus=1
[19:10:43] TINYDRAW_POWER battery=100 voltage_mv=4090 charging=0 vbus=1
[19:10:44] TINYDRAW_POWER battery=100 voltage_mv=4092 charging=0 vbus=1
[19:10:45] TINYDRAW_POWER battery=100 voltage_mv=4091 charging=0 vbus=1
[19:10:46] TINYDRAW_POWER battery=100 voltage_mv=4092 charging=0 vbus=1
[19:10:47] TINYDRAW_POWER battery=100 voltage_mv=4093 charging=0 vbus=1
[19:10:48] TINYDRAW_POWER battery=100 voltage_mv=4092 charging=0 vbus=1
[19:10:50] TINYDRAW_POWER battery=100 voltage_mv=4090 charging=0 vbus=1
[19:10:51] TINYDRAW_POWER battery=100 voltage_mv=4091 charging=0 vbus=1
[19:10:54] TINYDRAW_POWER battery=100 voltage_mv=4092 charging=0 vbus=1
[19:10:55] TINYDRAW_POWER battery=100 voltage_mv=4090 charging=0 vbus=1
[19:10:56] TINYDRAW_POWER battery=100 voltage_mv=4092 charging=0 vbus=1
[19:10:57] TINYDRAW_POWER battery=100 voltage_mv=4090 charging=0 vbus=1
[19:10:59] TINYDRAW_POWER battery=100 voltage_mv=4091 charging=0 vbus=1
[19:11:00] TINYDRAW_POWER battery=100 voltage_mv=4090 charging=0 vbus=1
[19:11:02] TINYDRAW_POWER battery=100 voltage_mv=4091 charging=0 vbus=1
[19:11:03] TINYDRAW_POWER battery=100 voltage_mv=4090 charging=0 vbus=1
[19:11:05] TINYDRAW_POWER battery=100 voltage_mv=4092 charging=0 vbus=1
[19:11:06] TINYDRAW_POWER battery=100 voltage_mv=4091 charging=0 vbus=1
[19:11:13] TINYDRAW_POWER battery=100 voltage_mv=4092 charging=0 vbus=1
[19:11:14] TINYDRAW_POWER battery=100 voltage_mv=4091 charging=0 vbus=1
[19:11:17] TINYDRAW_POWER battery=100 voltage_mv=4089 charging=0 vbus=1
[19:11:18] TINYDRAW_POWER battery=100 voltage_mv=4092 charging=0 vbus=1
[19:11:21] TINYDRAW_POWER battery=100 voltage_mv=4091 charging=0 vbus=1
[19:11:22] TINYDRAW_POWER battery=100 voltage_mv=4092 charging=0 vbus=1
[19:11:23] TINYDRAW_POWER battery=100 voltage_mv=4090 charging=0 vbus=1
[19:11:24] TINYDRAW_POWER battery=100 voltage_mv=4092 charging=0 vbus=1
[19:11:25] TINYDRAW_POWER battery=100 voltage_mv=4090 charging=0 vbus=1
[19:11:26] TINYDRAW_POWER battery=100 voltage_mv=4092 charging=0 vbus=1
[19:11:27] TINYDRAW_POWER battery=100 voltage_mv=4090 charging=0 vbus=1
[19:11:28] TINYDRAW_POWER battery=100 voltage_mv=4092 charging=0 vbus=1
[19:11:29] TINYDRAW_POWER battery=100 voltage_mv=4093 charging=0 vbus=1
[19:11:31] TINYDRAW_POWER battery=100 voltage_mv=4090 charging=0 vbus=1
[19:11:32] TINYDRAW_POWER battery=100 voltage_mv=4091 charging=0 vbus=1
[19:11:33] TINYDRAW_POWER battery=100 voltage_mv=4092 charging=0 vbus=1
[19:11:35] TINYDRAW_POWER battery=100 voltage_mv=4091 charging=0 vbus=1
[19:11:36] TINYDRAW_POWER battery=100 voltage_mv=4090 charging=0 vbus=1
[19:11:37] TINYDRAW_POWER battery=100 voltage_mv=4091 charging=0 vbus=1
[19:11:38] TINYDRAW_POWER battery=100 voltage_mv=4093 charging=0 vbus=1
[19:11:39] TINYDRAW_POWER battery=100 voltage_mv=4092 charging=0 vbus=1
[19:11:43] TINYDRAW_POWER battery=100 voltage_mv=4091 charging=0 vbus=1
[19:11:44] TINYDRAW_POWER battery=100 voltage_mv=4090 charging=0 vbus=1
[19:11:45] TINYDRAW_POWER battery=100 voltage_mv=4092 charging=0 vbus=1
[19:11:47] TINYDRAW_POWER battery=100 voltage_mv=4091 charging=0 vbus=1
[19:11:49] TINYDRAW_POWER battery=100 voltage_mv=4090 charging=0 vbus=1
[19:11:51] TINYDRAW_POWER battery=100 voltage_mv=4093 charging=0 vbus=1
[19:11:52] TINYDRAW_POWER battery=100 voltage_mv=4090 charging=0 vbus=1
[19:11:53] TINYDRAW_POWER battery=100 voltage_mv=4092 charging=0 vbus=1
[19:11:54] TINYDRAW_POWER battery=100 voltage_mv=4091 charging=0 vbus=1
[19:11:55] TINYDRAW_POWER battery=100 voltage_mv=4090 charging=0 vbus=1
[19:11:56] TINYDRAW_POWER battery=100 voltage_mv=4091 charging=0 vbus=1
[19:11:57] TINYDRAW_POWER battery=100 voltage_mv=4090 charging=0 vbus=1
[19:11:58] TINYDRAW_POWER battery=100 voltage_mv=4092 charging=0 vbus=1
[19:11:59] TINYDRAW_POWER battery=100 voltage_mv=4089 charging=0 vbus=1
[19:12:00] TINYDRAW_POWER battery=100 voltage_mv=4092 charging=0 vbus=1
[19:12:02] TINYDRAW_POWER battery=100 voltage_mv=4090 charging=0 vbus=1
[19:12:03] TINYDRAW_POWER battery=100 voltage_mv=4091 charging=0 vbus=1
[19:12:04] TINYDRAW_POWER battery=100 voltage_mv=4089 charging=0 vbus=1
[19:12:05] TINYDRAW_POWER battery=100 voltage_mv=4090 charging=0 vbus=1
[19:12:07] TINYDRAW_POWER battery=100 voltage_mv=4092 charging=0 vbus=1
[19:12:08] TINYDRAW_POWER battery=100 voltage_mv=4091 charging=0 vbus=1
[19:12:13] TINYDRAW_POWER battery=100 voltage_mv=4092 charging=0 vbus=1
[19:12:14] TINYDRAW_POWER battery=100 voltage_mv=4091 charging=0 vbus=1
[19:12:15] TINYDRAW_POWER battery=100 voltage_mv=4090 charging=0 vbus=1
[19:12:17] TINYDRAW_POWER battery=100 voltage_mv=4092 charging=0 vbus=1
[19:12:18] TINYDRAW_POWER battery=100 voltage_mv=4091 charging=0 vbus=1
[19:12:21] TINYDRAW_POWER battery=100 voltage_mv=4094 charging=0 vbus=1
[19:12:22] TINYDRAW_POWER battery=100 voltage_mv=4091 charging=0 vbus=1
[19:12:23] TINYDRAW_POWER battery=100 voltage_mv=4089 charging=0 vbus=1
[19:12:24] TINYDRAW_POWER battery=100 voltage_mv=4091 charging=0 vbus=1
[19:12:26] TINYDRAW_POWER battery=100 voltage_mv=4092 charging=0 vbus=1
[19:12:27] TINYDRAW_POWER battery=100 voltage_mv=4089 charging=0 vbus=1
[19:12:29] TINYDRAW_POWER battery=100 voltage_mv=4092 charging=0 vbus=1
[19:12:30] TINYDRAW_POWER battery=100 voltage_mv=4089 charging=0 vbus=1
[19:12:31] TINYDRAW_POWER battery=100 voltage_mv=4091 charging=0 vbus=1
[19:12:33] TINYDRAW_POWER battery=100 voltage_mv=4090 charging=0 vbus=1
[19:12:34] TINYDRAW_POWER battery=100 voltage_mv=4092 charging=0 vbus=1
[19:12:35] TINYDRAW_POWER battery=100 voltage_mv=4091 charging=0 vbus=1
[19:12:36] TINYDRAW_POWER battery=100 voltage_mv=4090 charging=0 vbus=1
[19:12:37] TINYDRAW_POWER battery=100 voltage_mv=4091 charging=0 vbus=1
[19:12:39] TINYDRAW_POWER battery=100 voltage_mv=4090 charging=0 vbus=1
[19:12:40] TINYDRAW_POWER battery=100 voltage_mv=4091 charging=0 vbus=1
[19:12:42] TINYDRAW_POWER battery=100 voltage_mv=4090 charging=0 vbus=1
[19:12:45] TINYDRAW_POWER battery=100 voltage_mv=4091 charging=0 vbus=1
[19:12:46] TINYDRAW_POWER battery=100 voltage_mv=4090 charging=0 vbus=1
[19:12:47] TINYDRAW_POWER battery=100 voltage_mv=4092 charging=0 vbus=1
[19:12:48] TINYDRAW_POWER battery=100 voltage_mv=4090 charging=0 vbus=1
[19:12:49] TINYDRAW_POWER battery=100 voltage_mv=4091 charging=0 vbus=1
[19:12:50] TINYDRAW_POWER battery=100 voltage_mv=4092 charging=0 vbus=1
[19:12:51] TINYDRAW_POWER battery=100 voltage_mv=4089 charging=0 vbus=1
[19:12:52] TINYDRAW_POWER battery=100 voltage_mv=4093 charging=0 vbus=1
[19:12:53] TINYDRAW_POWER battery=100 voltage_mv=4092 charging=0 vbus=1
[19:12:54] [DEBUG-hw1] down x=234 y=185
[19:12:54] [DEBUG-hw1] up x=46 y=65 active=0
[19:12:54] TINYDRAW_PAN_PERF frames=4 bytes=1095168 average_us=39530 max_us=39630 settle_us=0 prepare_us=135053 transfer_us=22563 pushes=68
[19:12:56] TINYDRAW_POWER battery=100 voltage_mv=4090 charging=0 vbus=1
[19:12:56] [DEBUG-hw1] down x=1 y=259
[19:12:56] [DEBUG-hw1] up x=1 y=259 active=0
[19:12:56] TINYDRAW_PAN_PERF frames=0 bytes=0 average_us=0 max_us=0 settle_us=0 prepare_us=0 transfer_us=0 pushes=0
[19:12:56] [DEBUG-hw1] down x=2 y=1
[19:12:56] [DEBUG-hw1] up x=7 y=425 active=0
[19:12:56] TINYDRAW_PAN_PERF frames=3 bytes=821376 average_us=25963 max_us=26016 settle_us=0 prepare_us=56752 transfer_us=20811 pushes=51
[19:12:56] [DEBUG-hw1] down x=250 y=428
[19:12:57] [DEBUG-hw1] up x=130 y=321 active=0
[19:12:57] TINYDRAW_POWER battery=100 voltage_mv=4092 charging=0 vbus=1
[19:12:58] TINYDRAW_POWER battery=100 voltage_mv=4090 charging=0 vbus=1
[19:12:59] TINYDRAW_POWER battery=100 voltage_mv=4088 charging=0 vbus=1
[19:13:00] TINYDRAW_POWER battery=100 voltage_mv=4089 charging=0 vbus=1
[19:13:01] TINYDRAW_POWER battery=100 voltage_mv=4091 charging=0 vbus=1
[19:13:02] TINYDRAW_POWER battery=100 voltage_mv=4090 charging=0 vbus=1
[19:13:05] TINYDRAW_POWER battery=100 voltage_mv=4091 charging=0 vbus=1
[19:13:06] TINYDRAW_POWER battery=100 voltage_mv=4090 charging=0 vbus=1
[19:13:08] TINYDRAW_POWER battery=100 voltage_mv=4089 charging=0 vbus=1
[19:13:10] TINYDRAW_POWER battery=100 voltage_mv=4091 charging=0 vbus=1
[19:13:11] TINYDRAW_POWER battery=100 voltage_mv=4094 charging=0 vbus=1
[19:13:12] TINYDRAW_POWER battery=100 voltage_mv=4090 charging=0 vbus=1
[19:13:14] TINYDRAW_POWER battery=100 voltage_mv=4093 charging=0 vbus=1
[19:13:15] TINYDRAW_POWER battery=100 voltage_mv=4089 charging=0 vbus=1
[19:13:17] TINYDRAW_POWER battery=100 voltage_mv=4092 charging=0 vbus=1
[19:13:18] TINYDRAW_POWER battery=100 voltage_mv=4091 charging=0 vbus=1
[19:13:19] TINYDRAW_POWER battery=100 voltage_mv=4092 charging=0 vbus=1
[19:13:20] TINYDRAW_POWER battery=100 voltage_mv=4090 charging=0 vbus=1
[19:13:21] TINYDRAW_POWER battery=99 voltage_mv=4091 charging=0 vbus=1
[19:13:22] TINYDRAW_POWER battery=100 voltage_mv=4092 charging=0 vbus=1
[19:13:23] TINYDRAW_POWER battery=100 voltage_mv=4090 charging=0 vbus=1
[19:13:27] TINYDRAW_POWER battery=100 voltage_mv=4089 charging=0 vbus=1
[19:13:28] TINYDRAW_POWER battery=100 voltage_mv=4090 charging=0 vbus=1
[19:13:30] TINYDRAW_POWER battery=100 voltage_mv=4089 charging=0 vbus=1
[19:13:31] TINYDRAW_POWER battery=100 voltage_mv=4091 charging=0 vbus=1
[19:13:32] TINYDRAW_POWER battery=100 voltage_mv=4089 charging=0 vbus=1
[19:13:33] TINYDRAW_POWER battery=100 voltage_mv=4091 charging=0 vbus=1
[19:13:35] TINYDRAW_POWER battery=100 voltage_mv=4090 charging=0 vbus=1
[19:13:36] TINYDRAW_POWER battery=100 voltage_mv=4089 charging=0 vbus=1
[19:13:37] TINYDRAW_POWER battery=100 voltage_mv=4090 charging=0 vbus=1
[19:13:38] TINYDRAW_POWER battery=100 voltage_mv=4093 charging=0 vbus=1
[19:13:39] TINYDRAW_POWER battery=100 voltage_mv=4090 charging=0 vbus=1
[19:13:40] TINYDRAW_POWER battery=100 voltage_mv=4093 charging=0 vbus=1
[19:13:41] TINYDRAW_POWER battery=100 voltage_mv=4088 charging=0 vbus=1
[19:13:42] TINYDRAW_POWER battery=100 voltage_mv=4092 charging=0 vbus=1
[19:13:43] TINYDRAW_POWER battery=100 voltage_mv=4091 charging=0 vbus=1
[19:13:47] TINYDRAW_POWER battery=100 voltage_mv=4093 charging=0 vbus=1
[19:13:48] TINYDRAW_POWER battery=100 voltage_mv=4091 charging=0 vbus=1
[19:13:49] TINYDRAW_POWER battery=100 voltage_mv=4092 charging=0 vbus=1
[19:13:50] TINYDRAW_POWER battery=100 voltage_mv=4091 charging=0 vbus=1
[19:13:51] TINYDRAW_POWER battery=100 voltage_mv=4092 charging=0 vbus=1
[19:13:52] TINYDRAW_POWER battery=100 voltage_mv=4091 charging=0 vbus=1
[19:13:54] TINYDRAW_POWER battery=100 voltage_mv=4090 charging=0 vbus=1
[19:13:55] TINYDRAW_POWER battery=100 voltage_mv=4091 charging=0 vbus=1
[19:13:56] TINYDRAW_POWER battery=100 voltage_mv=4090 charging=0 vbus=1
[19:14:01] TINYDRAW_POWER battery=100 voltage_mv=4091 charging=0 vbus=1
[19:14:02] TINYDRAW_POWER battery=100 voltage_mv=4089 charging=0 vbus=1
[19:14:03] TINYDRAW_POWER battery=100 voltage_mv=4091 charging=0 vbus=1
[19:14:04] TINYDRAW_POWER battery=100 voltage_mv=4089 charging=0 vbus=1
[19:14:05] TINYDRAW_POWER battery=100 voltage_mv=4091 charging=0 vbus=1
[19:14:06] TINYDRAW_POWER battery=100 voltage_mv=4092 charging=0 vbus=1
[19:14:07] TINYDRAW_POWER battery=100 voltage_mv=4091 charging=0 vbus=1
[19:14:08] TINYDRAW_POWER battery=100 voltage_mv=4092 charging=0 vbus=1
[19:14:09] TINYDRAW_POWER battery=100 voltage_mv=4090 charging=0 vbus=1
[19:14:10] TINYDRAW_POWER battery=100 voltage_mv=4091 charging=0 vbus=1
[19:14:11] TINYDRAW_POWER battery=100 voltage_mv=4090 charging=0 vbus=1
[19:14:12] TINYDRAW_POWER battery=100 voltage_mv=4093 charging=0 vbus=1
[19:14:14] TINYDRAW_POWER battery=100 voltage_mv=4090 charging=0 vbus=1
[19:14:15] TINYDRAW_POWER battery=100 voltage_mv=4092 charging=0 vbus=1
[19:14:16] TINYDRAW_POWER battery=100 voltage_mv=4091 charging=0 vbus=1
[19:14:17] TINYDRAW_POWER battery=100 voltage_mv=4092 charging=0 vbus=1
[19:14:18] TINYDRAW_POWER battery=100 voltage_mv=4090 charging=0 vbus=1
[19:14:19] TINYDRAW_POWER battery=100 voltage_mv=4089 charging=0 vbus=1
[19:14:20] TINYDRAW_POWER battery=100 voltage_mv=4091 charging=0 vbus=1
[19:14:21] TINYDRAW_POWER battery=100 voltage_mv=4092 charging=0 vbus=1
[19:14:22] TINYDRAW_POWER battery=100 voltage_mv=4090 charging=0 vbus=1
[19:14:23] TINYDRAW_POWER battery=100 voltage_mv=4091 charging=0 vbus=1
[19:14:24] TINYDRAW_POWER battery=100 voltage_mv=4092 charging=0 vbus=1
[19:14:25] TINYDRAW_POWER battery=100 voltage_mv=4091 charging=0 vbus=1
[19:14:26] TINYDRAW_POWER battery=100 voltage_mv=4090 charging=0 vbus=1
[19:14:30] TINYDRAW_POWER battery=100 voltage_mv=4091 charging=0 vbus=1
[19:14:31] TINYDRAW_POWER battery=100 voltage_mv=4090 charging=0 vbus=1
[19:14:33] TINYDRAW_POWER battery=100 voltage_mv=4091 charging=0 vbus=1
[19:14:34] TINYDRAW_POWER battery=100 voltage_mv=4089 charging=0 vbus=1
[19:14:35] TINYDRAW_POWER battery=100 voltage_mv=4090 charging=0 vbus=1
[19:14:38] TINYDRAW_POWER battery=100 voltage_mv=4091 charging=0 vbus=1
[19:14:40] TINYDRAW_POWER battery=100 voltage_mv=4090 charging=0 vbus=1
[19:14:41] TINYDRAW_POWER battery=100 voltage_mv=4092 charging=0 vbus=1
[19:14:43] TINYDRAW_POWER battery=100 voltage_mv=4090 charging=0 vbus=1
[19:14:44] TINYDRAW_POWER battery=100 voltage_mv=4089 charging=0 vbus=1
[19:14:45] TINYDRAW_POWER battery=100 voltage_mv=4090 charging=0 vbus=1
[19:14:47] TINYDRAW_POWER battery=100 voltage_mv=4093 charging=0 vbus=1
[19:14:48] TINYDRAW_POWER battery=100 voltage_mv=4090 charging=0 vbus=1
[19:14:50] TINYDRAW_POWER battery=100 voltage_mv=4091 charging=0 vbus=1
[19:14:51] TINYDRAW_POWER battery=100 voltage_mv=4090 charging=0 vbus=1
[19:14:52] TINYDRAW_POWER battery=100 voltage_mv=4092 charging=0 vbus=1
[19:14:53] TINYDRAW_POWER battery=100 voltage_mv=4090 charging=0 vbus=1
[19:14:54] TINYDRAW_POWER battery=100 voltage_mv=4091 charging=0 vbus=1
[19:14:55] TINYDRAW_POWER battery=100 voltage_mv=4090 charging=0 vbus=1
[19:14:58] TINYDRAW_POWER battery=100 voltage_mv=4091 charging=0 vbus=1
[19:14:59] TINYDRAW_POWER battery=100 voltage_mv=4090 charging=0 vbus=1
[19:15:00] TINYDRAW_POWER battery=100 voltage_mv=4091 charging=0 vbus=1
[19:15:02] TINYDRAW_POWER battery=100 voltage_mv=4090 charging=0 vbus=1
[19:15:03] TINYDRAW_POWER battery=100 voltage_mv=4093 charging=0 vbus=1
[19:15:04] TINYDRAW_POWER battery=100 voltage_mv=4091 charging=0 vbus=1
[19:15:05] TINYDRAW_POWER battery=100 voltage_mv=4092 charging=0 vbus=1
[19:15:06] TINYDRAW_POWER battery=100 voltage_mv=4090 charging=0 vbus=1
[19:15:07] TINYDRAW_POWER battery=100 voltage_mv=4093 charging=0 vbus=1
[19:15:08] TINYDRAW_POWER battery=100 voltage_mv=4091 charging=0 vbus=1
[19:15:09] TINYDRAW_POWER battery=100 voltage_mv=4090 charging=0 vbus=1
[19:15:10] TINYDRAW_POWER battery=100 voltage_mv=4092 charging=0 vbus=1
[19:15:11] TINYDRAW_POWER battery=100 voltage_mv=4090 charging=0 vbus=1
[19:15:12] TINYDRAW_POWER battery=100 voltage_mv=4092 charging=0 vbus=1
[19:15:14] TINYDRAW_POWER battery=100 voltage_mv=4090 charging=0 vbus=1
[19:15:15] TINYDRAW_POWER battery=100 voltage_mv=4091 charging=0 vbus=1
[19:15:16] TINYDRAW_POWER battery=100 voltage_mv=4092 charging=0 vbus=1
[19:15:17] TINYDRAW_POWER battery=100 voltage_mv=4091 charging=0 vbus=1
[19:15:18] TINYDRAW_POWER battery=100 voltage_mv=4093 charging=0 vbus=1
[19:15:19] TINYDRAW_POWER battery=100 voltage_mv=4092 charging=0 vbus=1
[19:15:20] TINYDRAW_POWER battery=100 voltage_mv=4091 charging=0 vbus=1
[19:15:21] TINYDRAW_POWER battery=100 voltage_mv=4090 charging=0 vbus=1
[19:15:22] TINYDRAW_POWER battery=100 voltage_mv=4091 charging=0 vbus=1
[19:15:25] TINYDRAW_POWER battery=100 voltage_mv=4093 charging=0 vbus=1
[19:15:27] TINYDRAW_POWER battery=100 voltage_mv=4092 charging=0 vbus=1
[19:15:28] TINYDRAW_POWER battery=100 voltage_mv=4093 charging=0 vbus=1
[19:15:29] TINYDRAW_POWER battery=100 voltage_mv=4090 charging=0 vbus=1
[19:15:30] TINYDRAW_POWER battery=100 voltage_mv=4089 charging=0 vbus=1
[19:15:31] TINYDRAW_POWER battery=100 voltage_mv=4090 charging=0 vbus=1
[19:15:32] TINYDRAW_POWER battery=100 voltage_mv=4093 charging=0 vbus=1
[19:15:33] TINYDRAW_POWER battery=100 voltage_mv=4092 charging=0 vbus=1
[19:15:34] TINYDRAW_POWER battery=100 voltage_mv=4091 charging=0 vbus=1
[19:15:35] TINYDRAW_POWER battery=100 voltage_mv=4090 charging=0 vbus=1
[19:15:36] TINYDRAW_POWER battery=100 voltage_mv=4091 charging=0 vbus=1
[19:15:39] TINYDRAW_POWER battery=100 voltage_mv=4089 charging=0 vbus=1
[19:15:40] TINYDRAW_POWER battery=100 voltage_mv=4090 charging=0 vbus=1
[19:15:41] TINYDRAW_POWER battery=100 voltage_mv=4092 charging=0 vbus=1
[19:15:42] TINYDRAW_POWER battery=100 voltage_mv=4093 charging=0 vbus=1
[19:15:43] TINYDRAW_POWER battery=100 voltage_mv=4092 charging=0 vbus=1
[19:15:44] TINYDRAW_POWER battery=100 voltage_mv=4091 charging=0 vbus=1
[19:15:45] TINYDRAW_POWER battery=100 voltage_mv=4088 charging=0 vbus=1
[19:15:46] TINYDRAW_POWER battery=100 voltage_mv=4089 charging=0 vbus=1
[19:15:47] TINYDRAW_POWER battery=100 voltage_mv=4091 charging=0 vbus=1
[19:15:48] TINYDRAW_POWER battery=100 voltage_mv=4090 charging=0 vbus=1
[19:15:49] TINYDRAW_POWER battery=100 voltage_mv=4091 charging=0 vbus=1
[19:15:50] TINYDRAW_POWER battery=100 voltage_mv=4090 charging=0 vbus=1
[19:15:51] TINYDRAW_POWER battery=100 voltage_mv=4091 charging=0 vbus=1
[19:15:54] TINYDRAW_POWER battery=100 voltage_mv=4092 charging=0 vbus=1
[19:15:55] TINYDRAW_POWER battery=100 voltage_mv=4089 charging=0 vbus=1
[19:15:58] TINYDRAW_POWER battery=100 voltage_mv=4092 charging=0 vbus=1
[19:15:59] TINYDRAW_POWER battery=100 voltage_mv=4091 charging=0 vbus=1
[19:16:01] TINYDRAW_POWER battery=100 voltage_mv=4090 charging=0 vbus=1
[19:16:03] TINYDRAW_POWER battery=100 voltage_mv=4091 charging=0 vbus=1
[19:16:04] TINYDRAW_POWER battery=100 voltage_mv=4090 charging=0 vbus=1
[19:16:05] TINYDRAW_POWER battery=100 voltage_mv=4091 charging=0 vbus=1
[19:16:06] TINYDRAW_POWER battery=100 voltage_mv=4089 charging=0 vbus=1
[19:16:07] TINYDRAW_POWER battery=100 voltage_mv=4090 charging=0 vbus=1
[19:16:08] TINYDRAW_POWER battery=100 voltage_mv=4091 charging=0 vbus=1
[19:16:09] TINYDRAW_POWER battery=100 voltage_mv=4092 charging=0 vbus=1
[19:16:10] TINYDRAW_POWER battery=100 voltage_mv=4091 charging=0 vbus=1
[19:16:11] TINYDRAW_POWER battery=100 voltage_mv=4092 charging=0 vbus=1
[19:16:12] TINYDRAW_POWER battery=100 voltage_mv=4091 charging=0 vbus=1
[19:16:13] TINYDRAW_POWER battery=100 voltage_mv=4092 charging=0 vbus=1
[19:16:14] TINYDRAW_POWER battery=99 voltage_mv=4090 charging=0 vbus=1
[19:16:15] TINYDRAW_POWER battery=100 voltage_mv=4094 charging=0 vbus=1
[19:16:16] TINYDRAW_POWER battery=100 voltage_mv=4092 charging=0 vbus=1
[19:16:17] TINYDRAW_POWER battery=100 voltage_mv=4091 charging=0 vbus=1
[19:16:18] TINYDRAW_POWER battery=100 voltage_mv=4090 charging=0 vbus=1
[19:16:19] TINYDRAW_POWER battery=100 voltage_mv=4091 charging=0 vbus=1
[19:16:20] TINYDRAW_POWER battery=100 voltage_mv=4090 charging=0 vbus=1
[19:16:21] TINYDRAW_POWER battery=100 voltage_mv=4091 charging=0 vbus=1
[19:16:23] TINYDRAW_POWER battery=100 voltage_mv=4090 charging=0 vbus=1
[19:16:24] TINYDRAW_POWER battery=100 voltage_mv=4093 charging=0 vbus=1
[19:16:25] TINYDRAW_POWER battery=100 voltage_mv=4090 charging=0 vbus=1
[19:16:26] TINYDRAW_POWER battery=100 voltage_mv=4091 charging=0 vbus=1
[19:16:29] TINYDRAW_POWER battery=100 voltage_mv=4089 charging=0 vbus=1
[19:16:30] TINYDRAW_POWER battery=100 voltage_mv=4091 charging=0 vbus=1
[19:16:31] TINYDRAW_POWER battery=100 voltage_mv=4092 charging=0 vbus=1
[19:16:32] TINYDRAW_POWER battery=100 voltage_mv=4091 charging=0 vbus=1
[19:16:33] TINYDRAW_POWER battery=100 voltage_mv=4090 charging=0 vbus=1
[19:16:34] TINYDRAW_POWER battery=100 voltage_mv=4092 charging=0 vbus=1
[19:16:35] TINYDRAW_POWER battery=100 voltage_mv=4089 charging=0 vbus=1
[19:16:36] TINYDRAW_POWER battery=100 voltage_mv=4090 charging=0 vbus=1
[19:16:38] TINYDRAW_POWER battery=100 voltage_mv=4092 charging=0 vbus=1
[19:16:39] TINYDRAW_POWER battery=100 voltage_mv=4091 charging=0 vbus=1
[19:16:42] TINYDRAW_POWER battery=100 voltage_mv=4090 charging=0 vbus=1
[19:16:43] TINYDRAW_POWER battery=100 voltage_mv=4093 charging=0 vbus=1
[19:16:46] TINYDRAW_POWER battery=100 voltage_mv=4091 charging=0 vbus=1
[19:16:47] TINYDRAW_POWER battery=100 voltage_mv=4090 charging=0 vbus=1
[19:16:48] TINYDRAW_POWER battery=100 voltage_mv=4093 charging=0 vbus=1
[19:16:49] TINYDRAW_POWER battery=100 voltage_mv=4090 charging=0 vbus=1
[19:16:50] TINYDRAW_POWER battery=100 voltage_mv=4091 charging=0 vbus=1
[19:16:54] TINYDRAW_POWER battery=100 voltage_mv=4090 charging=0 vbus=1
[19:16:55] TINYDRAW_POWER battery=100 voltage_mv=4092 charging=0 vbus=1
[19:16:58] TINYDRAW_POWER battery=100 voltage_mv=4091 charging=0 vbus=1
[19:16:59] TINYDRAW_POWER battery=100 voltage_mv=4092 charging=0 vbus=1
[19:17:00] TINYDRAW_POWER battery=100 voltage_mv=4089 charging=0 vbus=1
[19:17:01] TINYDRAW_POWER battery=100 voltage_mv=4091 charging=0 vbus=1
[19:17:02] TINYDRAW_POWER battery=100 voltage_mv=4092 charging=0 vbus=1
[19:17:03] TINYDRAW_POWER battery=100 voltage_mv=4091 charging=0 vbus=1
[19:17:04] TINYDRAW_POWER battery=100 voltage_mv=4093 charging=0 vbus=1
[19:17:05] TINYDRAW_POWER battery=100 voltage_mv=4091 charging=0 vbus=1
[19:17:09] TINYDRAW_POWER battery=100 voltage_mv=4092 charging=0 vbus=1
[19:17:10] TINYDRAW_POWER battery=100 voltage_mv=4090 charging=0 vbus=1
[19:17:12] TINYDRAW_POWER battery=100 voltage_mv=4089 charging=0 vbus=1
[19:17:13] TINYDRAW_POWER battery=100 voltage_mv=4092 charging=0 vbus=1
[19:17:14] TINYDRAW_POWER battery=100 voltage_mv=4091 charging=0 vbus=1
[19:17:15] TINYDRAW_POWER battery=100 voltage_mv=4089 charging=0 vbus=1
[19:17:16] TINYDRAW_POWER battery=100 voltage_mv=4091 charging=0 vbus=1
[19:17:17] TINYDRAW_POWER battery=100 voltage_mv=4090 charging=0 vbus=1
[19:17:18] TINYDRAW_POWER battery=100 voltage_mv=4091 charging=0 vbus=1
[19:17:22] TINYDRAW_POWER battery=100 voltage_mv=4093 charging=0 vbus=1
[19:17:24] TINYDRAW_POWER battery=100 voltage_mv=4091 charging=0 vbus=1
[19:17:26] TINYDRAW_POWER battery=100 voltage_mv=4092 charging=0 vbus=1
[19:17:27] TINYDRAW_POWER battery=100 voltage_mv=4093 charging=0 vbus=1
[19:17:28] TINYDRAW_POWER battery=100 voltage_mv=4090 charging=0 vbus=1
[19:17:29] TINYDRAW_POWER battery=100 voltage_mv=4091 charging=0 vbus=1
[19:17:31] TINYDRAW_POWER battery=100 voltage_mv=4090 charging=0 vbus=1
[19:17:32] TINYDRAW_POWER battery=100 voltage_mv=4091 charging=0 vbus=1
[19:17:33] TINYDRAW_POWER battery=100 voltage_mv=4092 charging=0 vbus=1
[19:17:35] TINYDRAW_POWER battery=100 voltage_mv=4093 charging=0 vbus=1
[19:17:36] TINYDRAW_POWER battery=100 voltage_mv=4091 charging=0 vbus=1
[19:17:40] TINYDRAW_POWER battery=100 voltage_mv=4090 charging=0 vbus=1
[19:17:42] TINYDRAW_POWER battery=100 voltage_mv=4091 charging=0 vbus=1
[19:17:43] TINYDRAW_POWER battery=100 voltage_mv=4094 charging=0 vbus=1
[19:17:44] TINYDRAW_POWER battery=100 voltage_mv=4092 charging=0 vbus=1
[19:17:48] TINYDRAW_POWER battery=100 voltage_mv=4091 charging=0 vbus=1
[19:17:49] TINYDRAW_POWER battery=100 voltage_mv=4089 charging=0 vbus=1
[19:17:50] TINYDRAW_POWER battery=100 voltage_mv=4092 charging=0 vbus=1
[19:17:51] TINYDRAW_POWER battery=100 voltage_mv=4091 charging=0 vbus=1
[19:17:52] TINYDRAW_POWER battery=100 voltage_mv=4093 charging=0 vbus=1
[19:17:53] TINYDRAW_POWER battery=100 voltage_mv=4090 charging=0 vbus=1
[19:17:54] TINYDRAW_POWER battery=100 voltage_mv=4091 charging=0 vbus=1
[19:17:55] TINYDRAW_POWER battery=100 voltage_mv=4092 charging=0 vbus=1
[19:17:57] TINYDRAW_POWER battery=100 voltage_mv=4091 charging=0 vbus=1
[19:17:59] TINYDRAW_POWER battery=100 voltage_mv=4090 charging=0 vbus=1
[19:18:00] TINYDRAW_POWER battery=100 voltage_mv=4092 charging=0 vbus=1
[19:18:01] TINYDRAW_POWER battery=100 voltage_mv=4091 charging=0 vbus=1
[19:18:02] TINYDRAW_POWER battery=100 voltage_mv=4092 charging=0 vbus=1
[19:18:03] TINYDRAW_POWER battery=100 voltage_mv=4093 charging=0 vbus=1
[19:18:04] TINYDRAW_POWER battery=100 voltage_mv=4092 charging=0 vbus=1
[19:18:05] TINYDRAW_POWER battery=100 voltage_mv=4090 charging=0 vbus=1
[19:18:06] TINYDRAW_POWER battery=100 voltage_mv=4089 charging=0 vbus=1
[19:18:07] TINYDRAW_POWER battery=100 voltage_mv=4093 charging=0 vbus=1
[19:18:08] TINYDRAW_POWER battery=100 voltage_mv=4091 charging=0 vbus=1
[19:18:10] TINYDRAW_POWER battery=100 voltage_mv=4092 charging=0 vbus=1
[19:18:11] TINYDRAW_POWER battery=100 voltage_mv=4091 charging=0 vbus=1
[19:18:13] TINYDRAW_POWER battery=100 voltage_mv=4092 charging=0 vbus=1
[19:18:14] TINYDRAW_POWER battery=100 voltage_mv=4090 charging=0 vbus=1
[19:18:15] TINYDRAW_POWER battery=100 voltage_mv=4094 charging=0 vbus=1
[19:18:16] TINYDRAW_POWER battery=100 voltage_mv=4090 charging=0 vbus=1
[19:18:17] TINYDRAW_POWER battery=100 voltage_mv=4092 charging=0 vbus=1
[19:18:18] TINYDRAW_POWER battery=100 voltage_mv=4090 charging=0 vbus=1
[19:18:19] TINYDRAW_POWER battery=100 voltage_mv=4092 charging=0 vbus=1
[19:18:21] TINYDRAW_POWER battery=100 voltage_mv=4093 charging=0 vbus=1
[19:18:22] TINYDRAW_POWER battery=100 voltage_mv=4092 charging=0 vbus=1
[19:18:23] TINYDRAW_POWER battery=100 voltage_mv=4091 charging=0 vbus=1
[19:18:24] TINYDRAW_POWER battery=100 voltage_mv=4090 charging=0 vbus=1
[19:18:25] TINYDRAW_POWER battery=100 voltage_mv=4092 charging=0 vbus=1
[19:18:28] TINYDRAW_POWER battery=100 voltage_mv=4090 charging=0 vbus=1
[19:18:30] TINYDRAW_POWER battery=100 voltage_mv=4091 charging=0 vbus=1
[19:18:31] TINYDRAW_POWER battery=100 voltage_mv=4089 charging=0 vbus=1
[19:18:32] TINYDRAW_POWER battery=100 voltage_mv=4091 charging=0 vbus=1
[19:18:33] TINYDRAW_POWER battery=100 voltage_mv=4094 charging=0 vbus=1
[19:18:34] TINYDRAW_POWER battery=100 voltage_mv=4092 charging=0 vbus=1
[19:18:35] TINYDRAW_POWER battery=100 voltage_mv=4090 charging=0 vbus=1
[19:18:37] TINYDRAW_POWER battery=100 voltage_mv=4092 charging=0 vbus=1
[19:18:38] TINYDRAW_POWER battery=100 voltage_mv=4091 charging=0 vbus=1
[19:18:39] TINYDRAW_POWER battery=100 voltage_mv=4090 charging=0 vbus=1
[19:18:40] TINYDRAW_POWER battery=100 voltage_mv=4091 charging=0 vbus=1
[19:18:42] TINYDRAW_POWER battery=100 voltage_mv=4090 charging=0 vbus=1
[19:18:44] TINYDRAW_POWER battery=100 voltage_mv=4091 charging=0 vbus=1
[19:18:46] TINYDRAW_POWER battery=100 voltage_mv=4090 charging=0 vbus=1
[19:18:47] TINYDRAW_POWER battery=100 voltage_mv=4092 charging=0 vbus=1
[19:18:48] TINYDRAW_POWER battery=100 voltage_mv=4091 charging=0 vbus=1
[19:18:52] TINYDRAW_POWER battery=100 voltage_mv=4090 charging=0 vbus=1
[19:18:53] TINYDRAW_POWER battery=100 voltage_mv=4092 charging=0 vbus=1
[19:18:54] TINYDRAW_POWER battery=100 voltage_mv=4091 charging=0 vbus=1
[19:18:55] TINYDRAW_POWER battery=100 voltage_mv=4093 charging=0 vbus=1
[19:18:56] TINYDRAW_POWER battery=100 voltage_mv=4090 charging=0 vbus=1
[19:18:57] TINYDRAW_POWER battery=100 voltage_mv=4091 charging=0 vbus=1
[19:18:59] TINYDRAW_POWER battery=100 voltage_mv=4093 charging=0 vbus=1
[19:19:00] TINYDRAW_POWER battery=100 voltage_mv=4091 charging=0 vbus=1
[19:19:01] TINYDRAW_POWER battery=100 voltage_mv=4093 charging=0 vbus=1
[19:19:02] TINYDRAW_POWER battery=100 voltage_mv=4092 charging=0 vbus=1
[19:19:03] TINYDRAW_POWER battery=100 voltage_mv=4094 charging=0 vbus=1
[19:19:04] TINYDRAW_POWER battery=100 voltage_mv=4092 charging=0 vbus=1
[19:19:05] TINYDRAW_POWER battery=100 voltage_mv=4091 charging=0 vbus=1
[19:19:06] TINYDRAW_POWER battery=100 voltage_mv=4093 charging=0 vbus=1
[19:19:08] TINYDRAW_POWER battery=99 voltage_mv=4088 charging=0 vbus=1
[19:19:09] TINYDRAW_POWER battery=100 voltage_mv=4093 charging=0 vbus=1
[19:19:10] TINYDRAW_POWER battery=100 voltage_mv=4091 charging=0 vbus=1
[19:19:13] TINYDRAW_POWER battery=100 voltage_mv=4092 charging=0 vbus=1
[19:19:16] TINYDRAW_POWER battery=100 voltage_mv=4091 charging=0 vbus=1
[19:19:17] TINYDRAW_POWER battery=100 voltage_mv=4093 charging=0 vbus=1
[19:19:18] TINYDRAW_POWER battery=100 voltage_mv=4092 charging=0 vbus=1
[19:19:19] TINYDRAW_POWER battery=100 voltage_mv=4093 charging=0 vbus=1
[19:19:20] TINYDRAW_POWER battery=100 voltage_mv=4091 charging=0 vbus=1
[19:19:22] TINYDRAW_POWER battery=100 voltage_mv=4092 charging=0 vbus=1
[19:19:24] TINYDRAW_POWER battery=100 voltage_mv=4090 charging=0 vbus=1
[19:19:25] TINYDRAW_POWER battery=100 voltage_mv=4092 charging=0 vbus=1
[19:19:26] TINYDRAW_POWER battery=100 voltage_mv=4091 charging=0 vbus=1
[19:19:27] TINYDRAW_POWER battery=100 voltage_mv=4090 charging=0 vbus=1
[19:19:28] TINYDRAW_POWER battery=100 voltage_mv=4092 charging=0 vbus=1
[19:19:29] TINYDRAW_POWER battery=100 voltage_mv=4093 charging=0 vbus=1
[19:19:31] TINYDRAW_POWER battery=100 voltage_mv=4092 charging=0 vbus=1
[19:19:32] TINYDRAW_POWER battery=100 voltage_mv=4091 charging=0 vbus=1
[19:19:34] TINYDRAW_POWER battery=100 voltage_mv=4093 charging=0 vbus=1
[19:19:35] TINYDRAW_POWER battery=100 voltage_mv=4092 charging=0 vbus=1
[19:19:36] TINYDRAW_POWER battery=100 voltage_mv=4091 charging=0 vbus=1
[19:19:38] TINYDRAW_POWER battery=100 voltage_mv=4092 charging=0 vbus=1
[19:19:39] TINYDRAW_POWER battery=100 voltage_mv=4091 charging=0 vbus=1
[19:19:42] TINYDRAW_POWER battery=100 voltage_mv=4093 charging=0 vbus=1
[19:19:43] TINYDRAW_POWER battery=100 voltage_mv=4090 charging=0 vbus=1
[19:19:44] TINYDRAW_POWER battery=100 voltage_mv=4093 charging=0 vbus=1
[19:19:46] TINYDRAW_POWER battery=100 voltage_mv=4094 charging=0 vbus=1
[19:19:47] TINYDRAW_POWER battery=100 voltage_mv=4091 charging=0 vbus=1
[19:19:48] TINYDRAW_POWER battery=100 voltage_mv=4094 charging=0 vbus=1
[19:19:49] TINYDRAW_POWER battery=100 voltage_mv=4089 charging=0 vbus=1
[19:19:50] TINYDRAW_POWER battery=100 voltage_mv=4091 charging=0 vbus=1
[19:19:51] TINYDRAW_POWER battery=100 voltage_mv=4090 charging=0 vbus=1
[19:19:53] TINYDRAW_POWER battery=100 voltage_mv=4092 charging=0 vbus=1
[19:19:54] TINYDRAW_POWER battery=100 voltage_mv=4093 charging=0 vbus=1
[19:19:55] TINYDRAW_POWER battery=100 voltage_mv=4091 charging=0 vbus=1
[19:19:56] TINYDRAW_POWER battery=100 voltage_mv=4093 charging=0 vbus=1
[19:19:57] TINYDRAW_POWER battery=100 voltage_mv=4092 charging=0 vbus=1
[19:20:00] TINYDRAW_POWER battery=100 voltage_mv=4091 charging=0 vbus=1
[19:20:01] TINYDRAW_POWER battery=100 voltage_mv=4092 charging=0 vbus=1
[19:20:02] TINYDRAW_POWER battery=100 voltage_mv=4089 charging=0 vbus=1
[19:20:03] TINYDRAW_POWER battery=100 voltage_mv=4090 charging=0 vbus=1
[19:20:04] TINYDRAW_POWER battery=100 voltage_mv=4093 charging=0 vbus=1
[19:20:05] TINYDRAW_POWER battery=100 voltage_mv=4092 charging=0 vbus=1
[19:20:06] TINYDRAW_POWER battery=100 voltage_mv=4089 charging=0 vbus=1
[19:20:07] TINYDRAW_POWER battery=100 voltage_mv=4090 charging=0 vbus=1
[19:20:08] TINYDRAW_POWER battery=100 voltage_mv=4094 charging=0 vbus=1
[19:20:09] TINYDRAW_POWER battery=100 voltage_mv=4092 charging=0 vbus=1
[19:20:10] TINYDRAW_POWER battery=100 voltage_mv=4091 charging=0 vbus=1
[19:20:11] TINYDRAW_POWER battery=100 voltage_mv=4092 charging=0 vbus=1
[19:20:13] TINYDRAW_POWER battery=100 voltage_mv=4090 charging=0 vbus=1
[19:20:14] TINYDRAW_POWER battery=100 voltage_mv=4092 charging=0 vbus=1
[19:20:15] TINYDRAW_POWER battery=100 voltage_mv=4093 charging=0 vbus=1
[19:20:16] TINYDRAW_POWER battery=100 voltage_mv=4090 charging=0 vbus=1
[19:20:17] TINYDRAW_POWER battery=100 voltage_mv=4092 charging=0 vbus=1
[19:20:18] TINYDRAW_POWER battery=100 voltage_mv=4093 charging=0 vbus=1
[19:20:19] TINYDRAW_POWER battery=100 voltage_mv=4090 charging=0 vbus=1
[19:20:20] TINYDRAW_POWER battery=100 voltage_mv=4089 charging=0 vbus=1
[19:20:21] TINYDRAW_POWER battery=100 voltage_mv=4091 charging=0 vbus=1
[19:20:23] TINYDRAW_POWER battery=100 voltage_mv=4092 charging=0 vbus=1
[19:20:24] TINYDRAW_POWER battery=100 voltage_mv=4089 charging=0 vbus=1
[19:20:26] TINYDRAW_POWER battery=100 voltage_mv=4092 charging=0 vbus=1
[19:20:27] TINYDRAW_POWER battery=100 voltage_mv=4093 charging=0 vbus=1
[19:20:29] TINYDRAW_POWER battery=100 voltage_mv=4090 charging=0 vbus=1
[19:20:30] TINYDRAW_POWER battery=100 voltage_mv=4092 charging=0 vbus=1
[19:20:31] TINYDRAW_POWER battery=100 voltage_mv=4091 charging=0 vbus=1
[19:20:32] TINYDRAW_POWER battery=100 voltage_mv=4092 charging=0 vbus=1
[19:20:34] TINYDRAW_POWER battery=100 voltage_mv=4093 charging=0 vbus=1
[19:20:35] TINYDRAW_POWER battery=100 voltage_mv=4090 charging=0 vbus=1
[19:20:36] TINYDRAW_POWER battery=100 voltage_mv=4092 charging=0 vbus=1
[19:20:37] TINYDRAW_POWER battery=100 voltage_mv=4091 charging=0 vbus=1
[19:20:41] TINYDRAW_POWER battery=100 voltage_mv=4090 charging=0 vbus=1
[19:20:42] TINYDRAW_POWER battery=100 voltage_mv=4091 charging=0 vbus=1
[19:20:43] TINYDRAW_POWER battery=100 voltage_mv=4090 charging=0 vbus=1
[19:20:44] TINYDRAW_POWER battery=100 voltage_mv=4092 charging=0 vbus=1
[19:20:45] TINYDRAW_POWER battery=100 voltage_mv=4094 charging=0 vbus=1
[19:20:46] TINYDRAW_POWER battery=100 voltage_mv=4090 charging=0 vbus=1
[19:20:47] TINYDRAW_POWER battery=100 voltage_mv=4091 charging=0 vbus=1
[19:20:48] TINYDRAW_POWER battery=100 voltage_mv=4093 charging=0 vbus=1
[19:20:49] TINYDRAW_POWER battery=100 voltage_mv=4090 charging=0 vbus=1
[19:20:50] TINYDRAW_POWER battery=100 voltage_mv=4092 charging=0 vbus=1
[19:20:51] TINYDRAW_POWER battery=100 voltage_mv=4090 charging=0 vbus=1
[19:20:52] TINYDRAW_POWER battery=100 voltage_mv=4092 charging=0 vbus=1
[19:20:53] TINYDRAW_POWER battery=100 voltage_mv=4090 charging=0 vbus=1
[19:20:54] TINYDRAW_POWER battery=100 voltage_mv=4092 charging=0 vbus=1
[19:20:55] TINYDRAW_POWER battery=100 voltage_mv=4091 charging=0 vbus=1
[19:20:57] TINYDRAW_POWER battery=100 voltage_mv=4092 charging=0 vbus=1
[19:20:58] TINYDRAW_POWER battery=100 voltage_mv=4091 charging=0 vbus=1
[19:20:59] TINYDRAW_POWER battery=100 voltage_mv=4089 charging=0 vbus=1
[19:21:01] TINYDRAW_POWER battery=100 voltage_mv=4090 charging=0 vbus=1
[19:21:02] TINYDRAW_POWER battery=100 voltage_mv=4092 charging=0 vbus=1
[19:21:04] TINYDRAW_POWER battery=100 voltage_mv=4090 charging=0 vbus=1
[19:21:05] TINYDRAW_POWER battery=100 voltage_mv=4091 charging=0 vbus=1
[19:21:07] TINYDRAW_POWER battery=100 voltage_mv=4092 charging=0 vbus=1
[19:21:09] TINYDRAW_POWER battery=100 voltage_mv=4088 charging=0 vbus=1
[19:21:10] TINYDRAW_POWER battery=100 voltage_mv=4090 charging=0 vbus=1
[19:21:13] TINYDRAW_POWER battery=100 voltage_mv=4091 charging=0 vbus=1
[19:21:15] TINYDRAW_POWER battery=100 voltage_mv=4092 charging=0 vbus=1
[19:21:16] TINYDRAW_POWER battery=100 voltage_mv=4089 charging=0 vbus=1
[19:21:17] TINYDRAW_POWER battery=100 voltage_mv=4090 charging=0 vbus=1
[19:21:18] TINYDRAW_POWER battery=100 voltage_mv=4092 charging=0 vbus=1
[19:21:20] TINYDRAW_POWER battery=100 voltage_mv=4091 charging=0 vbus=1
[19:21:22] TINYDRAW_POWER battery=100 voltage_mv=4090 charging=0 vbus=1
[19:21:23] TINYDRAW_POWER battery=100 voltage_mv=4091 charging=0 vbus=1
[19:21:24] TINYDRAW_POWER battery=100 voltage_mv=4092 charging=0 vbus=1
[19:21:26] TINYDRAW_POWER battery=100 voltage_mv=4090 charging=0 vbus=1
[19:21:27] TINYDRAW_POWER battery=100 voltage_mv=4092 charging=0 vbus=1
[19:21:28] TINYDRAW_POWER battery=100 voltage_mv=4093 charging=0 vbus=1
[19:21:30] TINYDRAW_POWER battery=100 voltage_mv=4091 charging=0 vbus=1
[19:21:31] TINYDRAW_POWER battery=100 voltage_mv=4094 charging=0 vbus=1
[19:21:32] TINYDRAW_POWER battery=100 voltage_mv=4093 charging=0 vbus=1
[19:21:33] TINYDRAW_POWER battery=100 voltage_mv=4092 charging=0 vbus=1
[19:21:34] TINYDRAW_POWER battery=100 voltage_mv=4093 charging=0 vbus=1
[19:21:35] TINYDRAW_POWER battery=100 voltage_mv=4094 charging=0 vbus=1
[19:21:36] TINYDRAW_POWER battery=100 voltage_mv=4093 charging=0 vbus=1
[19:21:37] TINYDRAW_POWER battery=100 voltage_mv=4090 charging=0 vbus=1
[19:21:39] TINYDRAW_POWER battery=100 voltage_mv=4091 charging=0 vbus=1
[19:21:40] TINYDRAW_POWER battery=100 voltage_mv=4093 charging=0 vbus=1
[19:21:41] TINYDRAW_POWER battery=100 voltage_mv=4090 charging=0 vbus=1
[19:21:42] TINYDRAW_POWER battery=100 voltage_mv=4092 charging=0 vbus=1
[19:21:45] TINYDRAW_POWER battery=100 voltage_mv=4090 charging=0 vbus=1
[19:21:46] TINYDRAW_POWER battery=100 voltage_mv=4095 charging=0 vbus=1
[19:21:47] TINYDRAW_POWER battery=100 voltage_mv=4091 charging=0 vbus=1
[19:21:48] TINYDRAW_POWER battery=100 voltage_mv=4092 charging=0 vbus=1
[19:21:49] TINYDRAW_POWER battery=100 voltage_mv=4090 charging=0 vbus=1
[19:21:50] TINYDRAW_POWER battery=100 voltage_mv=4094 charging=0 vbus=1
[19:21:51] TINYDRAW_POWER battery=100 voltage_mv=4091 charging=0 vbus=1
[19:21:52] TINYDRAW_POWER battery=100 voltage_mv=4092 charging=0 vbus=1
[19:21:54] TINYDRAW_POWER battery=100 voltage_mv=4093 charging=0 vbus=1
[19:21:55] TINYDRAW_POWER battery=100 voltage_mv=4090 charging=0 vbus=1
[19:21:57] TINYDRAW_POWER battery=100 voltage_mv=4093 charging=0 vbus=1
[19:21:58] TINYDRAW_POWER battery=100 voltage_mv=4090 charging=0 vbus=1
[19:21:59] TINYDRAW_POWER battery=100 voltage_mv=4091 charging=0 vbus=1
[19:22:00] TINYDRAW_POWER battery=100 voltage_mv=4092 charging=0 vbus=1
[19:22:01] TINYDRAW_POWER battery=100 voltage_mv=4093 charging=0 vbus=1
[19:22:02] TINYDRAW_POWER battery=99 voltage_mv=4091 charging=0 vbus=1
[19:22:03] TINYDRAW_POWER battery=100 voltage_mv=4092 charging=0 vbus=1
[19:22:04] TINYDRAW_POWER battery=100 voltage_mv=4091 charging=0 vbus=1
[19:22:05] TINYDRAW_POWER battery=100 voltage_mv=4090 charging=0 vbus=1
[19:22:06] TINYDRAW_POWER battery=100 voltage_mv=4092 charging=0 vbus=1
[19:22:07] TINYDRAW_POWER battery=100 voltage_mv=4090 charging=0 vbus=1
[19:22:08] TINYDRAW_POWER battery=100 voltage_mv=4092 charging=0 vbus=1
[19:22:11] TINYDRAW_POWER battery=100 voltage_mv=4091 charging=0 vbus=1
[19:22:12] TINYDRAW_POWER battery=100 voltage_mv=4094 charging=0 vbus=1
[19:22:13] TINYDRAW_POWER battery=100 voltage_mv=4092 charging=0 vbus=1
[19:22:14] TINYDRAW_POWER battery=100 voltage_mv=4091 charging=0 vbus=1
[19:22:15] TINYDRAW_POWER battery=100 voltage_mv=4092 charging=0 vbus=1
[19:22:16] TINYDRAW_POWER battery=100 voltage_mv=4091 charging=0 vbus=1
[19:22:17] TINYDRAW_POWER battery=100 voltage_mv=4090 charging=0 vbus=1
[19:22:18] TINYDRAW_POWER battery=100 voltage_mv=4089 charging=0 vbus=1
[19:22:19] TINYDRAW_POWER battery=100 voltage_mv=4092 charging=0 vbus=1
[19:22:20] TINYDRAW_POWER battery=100 voltage_mv=4091 charging=0 vbus=1
[19:22:21] TINYDRAW_POWER battery=100 voltage_mv=4092 charging=0 vbus=1
[19:22:23] TINYDRAW_POWER battery=100 voltage_mv=4093 charging=0 vbus=1
[19:22:24] TINYDRAW_POWER battery=100 voltage_mv=4092 charging=0 vbus=1
[19:22:26] TINYDRAW_POWER battery=100 voltage_mv=4091 charging=0 vbus=1
[19:22:27] TINYDRAW_POWER battery=100 voltage_mv=4090 charging=0 vbus=1
[19:22:28] TINYDRAW_POWER battery=100 voltage_mv=4092 charging=0 vbus=1
[19:22:29] TINYDRAW_POWER battery=100 voltage_mv=4093 charging=0 vbus=1
[19:22:30] TINYDRAW_POWER battery=100 voltage_mv=4092 charging=0 vbus=1
[19:22:32] TINYDRAW_POWER battery=100 voltage_mv=4090 charging=0 vbus=1
[19:22:34] TINYDRAW_POWER battery=100 voltage_mv=4092 charging=0 vbus=1
[19:22:37] TINYDRAW_POWER battery=100 voltage_mv=4093 charging=0 vbus=1
[19:22:38] TINYDRAW_POWER battery=100 voltage_mv=4091 charging=0 vbus=1
[19:22:39] TINYDRAW_POWER battery=100 voltage_mv=4092 charging=0 vbus=1
[19:22:41] TINYDRAW_POWER battery=100 voltage_mv=4090 charging=0 vbus=1
[19:22:42] TINYDRAW_POWER battery=100 voltage_mv=4091 charging=0 vbus=1
[19:22:43] TINYDRAW_POWER battery=100 voltage_mv=4090 charging=0 vbus=1
[19:22:44] TINYDRAW_POWER battery=100 voltage_mv=4091 charging=0 vbus=1
[19:22:46] TINYDRAW_POWER battery=100 voltage_mv=4090 charging=0 vbus=1
[19:22:47] TINYDRAW_POWER battery=100 voltage_mv=4093 charging=0 vbus=1
[19:22:49] TINYDRAW_POWER battery=100 voltage_mv=4092 charging=0 vbus=1
[19:22:51] TINYDRAW_POWER battery=100 voltage_mv=4089 charging=0 vbus=1
[19:22:52] TINYDRAW_POWER battery=100 voltage_mv=4090 charging=0 vbus=1
[19:22:53] TINYDRAW_POWER battery=100 voltage_mv=4089 charging=0 vbus=1
[19:22:54] TINYDRAW_POWER battery=100 voltage_mv=4090 charging=0 vbus=1
[19:22:55] TINYDRAW_POWER battery=100 voltage_mv=4093 charging=0 vbus=1
[19:22:56] TINYDRAW_POWER battery=100 voltage_mv=4090 charging=0 vbus=1
[19:22:57] TINYDRAW_POWER battery=100 voltage_mv=4093 charging=0 vbus=1
[19:22:58] TINYDRAW_POWER battery=100 voltage_mv=4090 charging=0 vbus=1
[19:23:00] TINYDRAW_POWER battery=100 voltage_mv=4091 charging=0 vbus=1
[19:23:02] TINYDRAW_POWER battery=100 voltage_mv=4089 charging=0 vbus=1
[19:23:04] TINYDRAW_POWER battery=100 voltage_mv=4092 charging=0 vbus=1
[19:23:05] TINYDRAW_POWER battery=100 voltage_mv=4090 charging=0 vbus=1
[19:23:07] TINYDRAW_POWER battery=100 voltage_mv=4092 charging=0 vbus=1
[19:23:08] TINYDRAW_POWER battery=100 voltage_mv=4090 charging=0 vbus=1
[19:23:09] TINYDRAW_POWER battery=100 voltage_mv=4092 charging=0 vbus=1
[19:23:10] TINYDRAW_POWER battery=100 voltage_mv=4091 charging=0 vbus=1
[19:23:11] TINYDRAW_POWER battery=100 voltage_mv=4092 charging=0 vbus=1
[19:23:12] TINYDRAW_POWER battery=100 voltage_mv=4091 charging=0 vbus=1
[19:23:13] TINYDRAW_POWER battery=100 voltage_mv=4090 charging=0 vbus=1
[19:23:14] TINYDRAW_POWER battery=100 voltage_mv=4092 charging=0 vbus=1
[19:23:15] TINYDRAW_POWER battery=100 voltage_mv=4091 charging=0 vbus=1
[19:23:17] TINYDRAW_POWER battery=100 voltage_mv=4090 charging=0 vbus=1
[19:23:18] TINYDRAW_POWER battery=100 voltage_mv=4088 charging=0 vbus=1
[19:23:19] TINYDRAW_POWER battery=100 voltage_mv=4092 charging=0 vbus=1
[19:23:20] TINYDRAW_POWER battery=100 voltage_mv=4090 charging=0 vbus=1
[19:23:21] TINYDRAW_POWER battery=100 voltage_mv=4091 charging=0 vbus=1
[19:23:22] TINYDRAW_POWER battery=100 voltage_mv=4092 charging=0 vbus=1
[19:23:23] TINYDRAW_POWER battery=100 voltage_mv=4091 charging=0 vbus=1
[19:23:24] TINYDRAW_POWER battery=100 voltage_mv=4093 charging=0 vbus=1
[19:23:25] TINYDRAW_POWER battery=100 voltage_mv=4092 charging=0 vbus=1
[19:23:26] TINYDRAW_POWER battery=100 voltage_mv=4091 charging=0 vbus=1
[19:23:27] TINYDRAW_POWER battery=100 voltage_mv=4090 charging=0 vbus=1
[19:23:31] TINYDRAW_POWER battery=100 voltage_mv=4092 charging=0 vbus=1
[19:23:33] TINYDRAW_POWER battery=100 voltage_mv=4091 charging=0 vbus=1
[19:23:34] TINYDRAW_POWER battery=100 voltage_mv=4093 charging=0 vbus=1
[19:23:36] TINYDRAW_POWER battery=100 voltage_mv=4092 charging=0 vbus=1
[19:23:37] TINYDRAW_POWER battery=100 voltage_mv=4090 charging=0 vbus=1
[19:23:38] TINYDRAW_POWER battery=100 voltage_mv=4092 charging=0 vbus=1
[19:23:39] TINYDRAW_POWER battery=100 voltage_mv=4091 charging=0 vbus=1
[19:23:40] TINYDRAW_POWER battery=100 voltage_mv=4089 charging=0 vbus=1
[19:23:41] TINYDRAW_POWER battery=100 voltage_mv=4091 charging=0 vbus=1
[19:23:42] TINYDRAW_POWER battery=100 voltage_mv=4093 charging=0 vbus=1
[19:23:43] TINYDRAW_POWER battery=100 voltage_mv=4091 charging=0 vbus=1
[19:23:48] TINYDRAW_POWER battery=100 voltage_mv=4093 charging=0 vbus=1
[19:23:49] TINYDRAW_POWER battery=100 voltage_mv=4091 charging=0 vbus=1
[19:23:51] TINYDRAW_POWER battery=100 voltage_mv=4092 charging=0 vbus=1
[19:23:53] TINYDRAW_POWER battery=100 voltage_mv=4091 charging=0 vbus=1
[19:23:54] TINYDRAW_POWER battery=100 voltage_mv=4092 charging=0 vbus=1
[19:23:55] TINYDRAW_POWER battery=100 voltage_mv=4093 charging=0 vbus=1
[19:23:56] TINYDRAW_POWER battery=100 voltage_mv=4091 charging=0 vbus=1
[19:23:57] TINYDRAW_POWER battery=100 voltage_mv=4095 charging=0 vbus=1
[19:23:58] TINYDRAW_POWER battery=100 voltage_mv=4091 charging=0 vbus=1
[19:23:59] TINYDRAW_POWER battery=100 voltage_mv=4090 charging=0 vbus=1
[19:24:00] TINYDRAW_POWER battery=100 voltage_mv=4093 charging=0 vbus=1
[19:24:02] TINYDRAW_POWER battery=100 voltage_mv=4091 charging=0 vbus=1
[19:24:03] TINYDRAW_POWER battery=100 voltage_mv=4092 charging=0 vbus=1
[19:24:04] TINYDRAW_POWER battery=100 voltage_mv=4093 charging=0 vbus=1
[19:24:05] TINYDRAW_POWER battery=100 voltage_mv=4091 charging=0 vbus=1
[19:24:06] TINYDRAW_POWER battery=100 voltage_mv=4090 charging=0 vbus=1
[19:24:07] TINYDRAW_POWER battery=100 voltage_mv=4092 charging=0 vbus=1
[19:24:10] TINYDRAW_POWER battery=100 voltage_mv=4091 charging=0 vbus=1
[19:24:11] TINYDRAW_POWER battery=100 voltage_mv=4090 charging=0 vbus=1
[19:24:12] TINYDRAW_POWER battery=100 voltage_mv=4089 charging=0 vbus=1
[19:24:13] TINYDRAW_POWER battery=100 voltage_mv=4093 charging=0 vbus=1
[19:24:14] TINYDRAW_POWER battery=100 voltage_mv=4092 charging=0 vbus=1
[19:24:17] TINYDRAW_POWER battery=100 voltage_mv=4089 charging=0 vbus=1
[19:24:18] TINYDRAW_POWER battery=100 voltage_mv=4092 charging=0 vbus=1
[19:24:19] TINYDRAW_POWER battery=100 voltage_mv=4091 charging=0 vbus=1
[19:24:20] TINYDRAW_POWER battery=100 voltage_mv=4092 charging=0 vbus=1
[19:24:21] TINYDRAW_POWER battery=100 voltage_mv=4090 charging=0 vbus=1
[19:24:22] TINYDRAW_POWER battery=100 voltage_mv=4091 charging=0 vbus=1
[19:24:24] TINYDRAW_POWER battery=100 voltage_mv=4092 charging=0 vbus=1
[19:24:25] TINYDRAW_POWER battery=100 voltage_mv=4091 charging=0 vbus=1
[19:24:27] TINYDRAW_POWER battery=100 voltage_mv=4093 charging=0 vbus=1
[19:24:28] TINYDRAW_POWER battery=100 voltage_mv=4094 charging=0 vbus=1
[19:24:30] TINYDRAW_POWER battery=100 voltage_mv=4091 charging=0 vbus=1
[19:24:31] TINYDRAW_POWER battery=100 voltage_mv=4092 charging=0 vbus=1
[19:24:33] TINYDRAW_POWER battery=100 voltage_mv=4091 charging=0 vbus=1
[19:24:36] TINYDRAW_POWER battery=100 voltage_mv=4089 charging=0 vbus=1
[19:24:37] TINYDRAW_POWER battery=100 voltage_mv=4093 charging=0 vbus=1
[19:24:39] TINYDRAW_POWER battery=100 voltage_mv=4092 charging=0 vbus=1
[19:24:40] TINYDRAW_POWER battery=100 voltage_mv=4091 charging=0 vbus=1
[19:24:41] TINYDRAW_POWER battery=100 voltage_mv=4094 charging=0 vbus=1
[19:24:43] TINYDRAW_POWER battery=100 voltage_mv=4092 charging=0 vbus=1
[19:24:44] TINYDRAW_POWER battery=100 voltage_mv=4091 charging=0 vbus=1
[19:24:45] TINYDRAW_POWER battery=100 voltage_mv=4092 charging=0 vbus=1
[19:24:47] TINYDRAW_POWER battery=100 voltage_mv=4091 charging=0 vbus=1
[19:24:48] TINYDRAW_POWER battery=100 voltage_mv=4094 charging=0 vbus=1
[19:24:49] TINYDRAW_POWER battery=100 voltage_mv=4091 charging=0 vbus=1
[19:24:50] TINYDRAW_POWER battery=100 voltage_mv=4093 charging=0 vbus=1
[19:24:51] TINYDRAW_POWER battery=100 voltage_mv=4091 charging=0 vbus=1
[19:24:52] TINYDRAW_POWER battery=100 voltage_mv=4093 charging=0 vbus=1
[19:24:53] TINYDRAW_POWER battery=100 voltage_mv=4091 charging=0 vbus=1
[19:24:55] TINYDRAW_POWER battery=99 voltage_mv=4092 charging=0 vbus=1
[19:24:56] TINYDRAW_POWER battery=100 voltage_mv=4093 charging=0 vbus=1
[19:24:57] TINYDRAW_POWER battery=100 voltage_mv=4091 charging=0 vbus=1
[19:24:58] TINYDRAW_POWER battery=100 voltage_mv=4089 charging=0 vbus=1
[19:24:59] TINYDRAW_POWER battery=100 voltage_mv=4092 charging=0 vbus=1
[19:25:01] TINYDRAW_POWER battery=100 voltage_mv=4091 charging=0 vbus=1
[19:25:04] TINYDRAW_POWER battery=100 voltage_mv=4090 charging=0 vbus=1
[19:25:05] TINYDRAW_POWER battery=100 voltage_mv=4091 charging=0 vbus=1
[19:25:06] TINYDRAW_POWER battery=100 voltage_mv=4092 charging=0 vbus=1
[19:25:08] TINYDRAW_POWER battery=100 voltage_mv=4091 charging=0 vbus=1
[19:25:10] TINYDRAW_POWER battery=100 voltage_mv=4092 charging=0 vbus=1
[19:25:11] TINYDRAW_POWER battery=100 voltage_mv=4090 charging=0 vbus=1
[19:25:12] TINYDRAW_POWER battery=100 voltage_mv=4091 charging=0 vbus=1
[19:25:13] TINYDRAW_POWER battery=100 voltage_mv=4093 charging=0 vbus=1
[19:25:14] TINYDRAW_POWER battery=100 voltage_mv=4092 charging=0 vbus=1
[19:25:16] TINYDRAW_POWER battery=100 voltage_mv=4094 charging=0 vbus=1
[19:25:17] TINYDRAW_POWER battery=100 voltage_mv=4092 charging=0 vbus=1
[19:25:18] TINYDRAW_POWER battery=100 voltage_mv=4090 charging=0 vbus=1
[19:25:19] TINYDRAW_POWER battery=100 voltage_mv=4092 charging=0 vbus=1
[19:25:20] TINYDRAW_POWER battery=100 voltage_mv=4091 charging=0 vbus=1
[19:25:21] TINYDRAW_POWER battery=100 voltage_mv=4090 charging=0 vbus=1
[19:25:22] TINYDRAW_POWER battery=100 voltage_mv=4091 charging=0 vbus=1
[19:25:23] TINYDRAW_POWER battery=100 voltage_mv=4089 charging=0 vbus=1
[19:25:24] TINYDRAW_POWER battery=100 voltage_mv=4092 charging=0 vbus=1
[19:25:25] TINYDRAW_POWER battery=100 voltage_mv=4091 charging=0 vbus=1
[19:25:26] TINYDRAW_POWER battery=100 voltage_mv=4094 charging=0 vbus=1
[19:25:27] TINYDRAW_POWER battery=100 voltage_mv=4091 charging=0 vbus=1
[19:25:28] TINYDRAW_POWER battery=100 voltage_mv=4090 charging=0 vbus=1
[19:25:29] TINYDRAW_POWER battery=100 voltage_mv=4092 charging=0 vbus=1
[19:25:31] TINYDRAW_POWER battery=100 voltage_mv=4091 charging=0 vbus=1
[19:25:33] TINYDRAW_POWER battery=100 voltage_mv=4090 charging=0 vbus=1
[19:25:34] TINYDRAW_POWER battery=100 voltage_mv=4092 charging=0 vbus=1
[19:25:35] TINYDRAW_POWER battery=100 voltage_mv=4093 charging=0 vbus=1
[19:25:36] TINYDRAW_POWER battery=100 voltage_mv=4090 charging=0 vbus=1
[19:25:37] TINYDRAW_POWER battery=100 voltage_mv=4092 charging=0 vbus=1
[19:25:40] TINYDRAW_POWER battery=100 voltage_mv=4090 charging=0 vbus=1
[19:25:41] TINYDRAW_POWER battery=100 voltage_mv=4092 charging=0 vbus=1
[19:25:43] TINYDRAW_POWER battery=100 voltage_mv=4090 charging=0 vbus=1
[19:25:44] TINYDRAW_POWER battery=100 voltage_mv=4093 charging=0 vbus=1
[19:25:45] TINYDRAW_POWER battery=100 voltage_mv=4091 charging=0 vbus=1
[19:25:48] TINYDRAW_POWER battery=100 voltage_mv=4090 charging=0 vbus=1
[19:25:49] TINYDRAW_POWER battery=100 voltage_mv=4092 charging=0 vbus=1
[19:25:50] TINYDRAW_POWER battery=100 voltage_mv=4090 charging=0 vbus=1
[19:25:53] TINYDRAW_POWER battery=100 voltage_mv=4093 charging=0 vbus=1
[19:25:54] TINYDRAW_POWER battery=100 voltage_mv=4092 charging=0 vbus=1
[19:25:55] TINYDRAW_POWER battery=100 voltage_mv=4091 charging=0 vbus=1
[19:25:58] TINYDRAW_POWER battery=100 voltage_mv=4092 charging=0 vbus=1
[19:25:59] TINYDRAW_POWER battery=100 voltage_mv=4093 charging=0 vbus=1
[19:26:01] TINYDRAW_POWER battery=100 voltage_mv=4090 charging=0 vbus=1
[19:26:02] TINYDRAW_POWER battery=100 voltage_mv=4093 charging=0 vbus=1
[19:26:03] TINYDRAW_POWER battery=100 voltage_mv=4092 charging=0 vbus=1
[19:26:04] TINYDRAW_POWER battery=100 voltage_mv=4090 charging=0 vbus=1
[19:26:05] TINYDRAW_POWER battery=100 voltage_mv=4089 charging=0 vbus=1
[19:26:06] TINYDRAW_POWER battery=100 voltage_mv=4091 charging=0 vbus=1
[19:26:08] TINYDRAW_POWER battery=100 voltage_mv=4090 charging=0 vbus=1
[19:26:09] TINYDRAW_POWER battery=100 voltage_mv=4092 charging=0 vbus=1
[19:26:10] TINYDRAW_POWER battery=100 voltage_mv=4091 charging=0 vbus=1
[19:26:12] TINYDRAW_POWER battery=100 voltage_mv=4090 charging=0 vbus=1
[19:26:14] TINYDRAW_POWER battery=100 voltage_mv=4092 charging=0 vbus=1
[19:26:15] TINYDRAW_POWER battery=100 voltage_mv=4091 charging=0 vbus=1
[19:26:16] TINYDRAW_POWER battery=100 voltage_mv=4089 charging=0 vbus=1
[19:26:17] TINYDRAW_POWER battery=100 voltage_mv=4092 charging=0 vbus=1
[19:26:18] TINYDRAW_POWER battery=100 voltage_mv=4090 charging=0 vbus=1
[19:26:19] TINYDRAW_POWER battery=100 voltage_mv=4091 charging=0 vbus=1
[19:26:20] TINYDRAW_POWER battery=100 voltage_mv=4089 charging=0 vbus=1
[19:26:21] TINYDRAW_POWER battery=100 voltage_mv=4093 charging=0 vbus=1
[19:26:22] TINYDRAW_POWER battery=100 voltage_mv=4091 charging=0 vbus=1
[19:26:23] TINYDRAW_POWER battery=100 voltage_mv=4093 charging=0 vbus=1
[19:26:24] TINYDRAW_POWER battery=100 voltage_mv=4090 charging=0 vbus=1
[19:26:25] TINYDRAW_POWER battery=100 voltage_mv=4092 charging=0 vbus=1
[19:26:26] TINYDRAW_POWER battery=100 voltage_mv=4091 charging=0 vbus=1
[19:26:27] TINYDRAW_POWER battery=100 voltage_mv=4092 charging=0 vbus=1
[19:26:28] TINYDRAW_POWER battery=100 voltage_mv=4091 charging=0 vbus=1
[19:26:29] TINYDRAW_POWER battery=100 voltage_mv=4094 charging=0 vbus=1
[19:26:30] TINYDRAW_POWER battery=100 voltage_mv=4093 charging=0 vbus=1
[19:26:31] TINYDRAW_POWER battery=100 voltage_mv=4091 charging=0 vbus=1
[19:26:33] TINYDRAW_POWER battery=100 voltage_mv=4092 charging=0 vbus=1
[19:26:34] TINYDRAW_POWER battery=100 voltage_mv=4091 charging=0 vbus=1
[19:26:35] TINYDRAW_POWER battery=100 voltage_mv=4092 charging=0 vbus=1
[19:26:36] TINYDRAW_POWER battery=100 voltage_mv=4091 charging=0 vbus=1
[19:26:37] TINYDRAW_POWER battery=100 voltage_mv=4090 charging=0 vbus=1
[19:26:39] TINYDRAW_POWER battery=100 voltage_mv=4092 charging=0 vbus=1
[19:26:41] TINYDRAW_POWER battery=100 voltage_mv=4091 charging=0 vbus=1
[19:26:42] TINYDRAW_POWER battery=100 voltage_mv=4093 charging=0 vbus=1
[19:26:43] TINYDRAW_POWER battery=100 voltage_mv=4094 charging=0 vbus=1
[19:26:44] TINYDRAW_POWER battery=100 voltage_mv=4092 charging=0 vbus=1
[19:26:45] TINYDRAW_POWER battery=100 voltage_mv=4090 charging=0 vbus=1
[19:26:46] TINYDRAW_POWER battery=100 voltage_mv=4092 charging=0 vbus=1
[19:26:47] TINYDRAW_POWER battery=100 voltage_mv=4091 charging=0 vbus=1
[19:26:48] TINYDRAW_POWER battery=100 voltage_mv=4089 charging=0 vbus=1
[19:26:49] TINYDRAW_POWER battery=100 voltage_mv=4093 charging=0 vbus=1
[19:26:50] TINYDRAW_POWER battery=100 voltage_mv=4092 charging=0 vbus=1
[19:26:51] TINYDRAW_POWER battery=100 voltage_mv=4089 charging=0 vbus=1
[19:26:52] TINYDRAW_POWER battery=100 voltage_mv=4091 charging=0 vbus=1
[19:26:53] TINYDRAW_POWER battery=100 voltage_mv=4089 charging=0 vbus=1
[19:26:54] TINYDRAW_POWER battery=100 voltage_mv=4091 charging=0 vbus=1
[19:26:55] TINYDRAW_POWER battery=100 voltage_mv=4092 charging=0 vbus=1
[19:26:56] TINYDRAW_POWER battery=100 voltage_mv=4090 charging=0 vbus=1
[19:26:57] TINYDRAW_POWER battery=100 voltage_mv=4093 charging=0 vbus=1
[19:26:59] TINYDRAW_POWER battery=100 voltage_mv=4094 charging=0 vbus=1
[19:27:00] TINYDRAW_POWER battery=100 voltage_mv=4092 charging=0 vbus=1
[19:27:01] TINYDRAW_POWER battery=100 voltage_mv=4091 charging=0 vbus=1
[19:27:02] TINYDRAW_POWER battery=100 voltage_mv=4093 charging=0 vbus=1
[19:27:03] TINYDRAW_POWER battery=100 voltage_mv=4092 charging=0 vbus=1
[19:27:05] TINYDRAW_POWER battery=100 voltage_mv=4090 charging=0 vbus=1
[19:27:06] TINYDRAW_POWER battery=100 voltage_mv=4091 charging=0 vbus=1
[19:27:07] TINYDRAW_POWER battery=100 voltage_mv=4090 charging=0 vbus=1
[19:27:08] TINYDRAW_POWER battery=100 voltage_mv=4091 charging=0 vbus=1
[19:27:10] TINYDRAW_POWER battery=100 voltage_mv=4092 charging=0 vbus=1
[19:27:11] TINYDRAW_POWER battery=100 voltage_mv=4090 charging=0 vbus=1
[19:27:12] TINYDRAW_POWER battery=100 voltage_mv=4092 charging=0 vbus=1
[19:27:13] TINYDRAW_POWER battery=100 voltage_mv=4091 charging=0 vbus=1
[19:27:15] TINYDRAW_POWER battery=100 voltage_mv=4090 charging=0 vbus=1
[19:27:16] TINYDRAW_POWER battery=100 voltage_mv=4091 charging=0 vbus=1
[19:27:17] TINYDRAW_POWER battery=100 voltage_mv=4092 charging=0 vbus=1
[19:27:19] TINYDRAW_POWER battery=100 voltage_mv=4091 charging=0 vbus=1
[19:27:20] TINYDRAW_POWER battery=100 voltage_mv=4092 charging=0 vbus=1
[19:27:21] TINYDRAW_POWER battery=100 voltage_mv=4090 charging=0 vbus=1
[19:27:22] TINYDRAW_POWER battery=100 voltage_mv=4093 charging=0 vbus=1
[19:27:23] TINYDRAW_POWER battery=100 voltage_mv=4090 charging=0 vbus=1
[19:27:25] TINYDRAW_POWER battery=100 voltage_mv=4094 charging=0 vbus=1
[19:27:26] TINYDRAW_POWER battery=100 voltage_mv=4092 charging=0 vbus=1
[19:27:27] TINYDRAW_POWER battery=100 voltage_mv=4091 charging=0 vbus=1
[19:27:30] TINYDRAW_POWER battery=100 voltage_mv=4090 charging=0 vbus=1
[19:27:32] TINYDRAW_POWER battery=100 voltage_mv=4091 charging=0 vbus=1
[19:27:33] TINYDRAW_POWER battery=100 voltage_mv=4090 charging=0 vbus=1
[19:27:34] TINYDRAW_POWER battery=100 voltage_mv=4091 charging=0 vbus=1
[19:27:35] TINYDRAW_POWER battery=100 voltage_mv=4092 charging=0 vbus=1
[19:27:36] TINYDRAW_POWER battery=100 voltage_mv=4088 charging=0 vbus=1
[19:27:37] TINYDRAW_POWER battery=100 voltage_mv=4093 charging=0 vbus=1
[19:27:38] TINYDRAW_POWER battery=100 voltage_mv=4094 charging=0 vbus=1
[19:27:39] TINYDRAW_POWER battery=100 voltage_mv=4092 charging=0 vbus=1
[19:27:40] TINYDRAW_POWER battery=100 voltage_mv=4094 charging=0 vbus=1
[19:27:41] TINYDRAW_POWER battery=100 voltage_mv=4091 charging=0 vbus=1
[19:27:42] TINYDRAW_POWER battery=100 voltage_mv=4090 charging=0 vbus=1
[19:27:43] TINYDRAW_POWER battery=100 voltage_mv=4091 charging=0 vbus=1
[19:27:44] TINYDRAW_POWER battery=100 voltage_mv=4090 charging=0 vbus=1
[19:27:45] TINYDRAW_POWER battery=100 voltage_mv=4093 charging=0 vbus=1
[19:27:46] TINYDRAW_POWER battery=100 voltage_mv=4089 charging=0 vbus=1
[19:27:47] TINYDRAW_POWER battery=99 voltage_mv=4092 charging=0 vbus=1
[19:27:48] TINYDRAW_POWER battery=100 voltage_mv=4090 charging=0 vbus=1
[19:27:50] TINYDRAW_POWER battery=100 voltage_mv=4091 charging=0 vbus=1
[19:27:51] TINYDRAW_POWER battery=100 voltage_mv=4089 charging=0 vbus=1
[19:27:52] TINYDRAW_POWER battery=100 voltage_mv=4093 charging=0 vbus=1
[19:27:53] TINYDRAW_POWER battery=100 voltage_mv=4091 charging=0 vbus=1
[19:27:55] TINYDRAW_POWER battery=100 voltage_mv=4092 charging=0 vbus=1
[19:27:56] TINYDRAW_POWER battery=100 voltage_mv=4089 charging=0 vbus=1
[19:27:57] TINYDRAW_POWER battery=100 voltage_mv=4091 charging=0 vbus=1
[19:27:58] TINYDRAW_POWER battery=100 voltage_mv=4092 charging=0 vbus=1
[19:27:59] TINYDRAW_POWER battery=100 voltage_mv=4094 charging=0 vbus=1
[19:28:01] TINYDRAW_POWER battery=100 voltage_mv=4091 charging=0 vbus=1
[19:28:02] TINYDRAW_POWER battery=100 voltage_mv=4092 charging=0 vbus=1
[19:28:04] TINYDRAW_POWER battery=100 voltage_mv=4091 charging=0 vbus=1
[19:28:08] TINYDRAW_POWER battery=100 voltage_mv=4090 charging=0 vbus=1
[19:28:11] TINYDRAW_POWER battery=100 voltage_mv=4091 charging=0 vbus=1
[19:28:12] TINYDRAW_POWER battery=100 voltage_mv=4093 charging=0 vbus=1
[19:28:15] TINYDRAW_POWER battery=100 voltage_mv=4090 charging=0 vbus=1
[19:28:16] TINYDRAW_POWER battery=100 voltage_mv=4091 charging=0 vbus=1
[19:28:17] TINYDRAW_POWER battery=100 voltage_mv=4092 charging=0 vbus=1
[19:28:18] TINYDRAW_POWER battery=100 voltage_mv=4091 charging=0 vbus=1
[19:28:19] TINYDRAW_POWER battery=100 voltage_mv=4093 charging=0 vbus=1
[19:28:20] TINYDRAW_POWER battery=100 voltage_mv=4091 charging=0 vbus=1
[19:28:22] TINYDRAW_POWER battery=100 voltage_mv=4093 charging=0 vbus=1
[19:28:23] TINYDRAW_POWER battery=100 voltage_mv=4090 charging=0 vbus=1
[19:28:24] TINYDRAW_POWER battery=100 voltage_mv=4091 charging=0 vbus=1
[19:28:28] TINYDRAW_POWER battery=100 voltage_mv=4090 charging=0 vbus=1
[19:28:30] TINYDRAW_POWER battery=100 voltage_mv=4093 charging=0 vbus=1
[19:28:31] TINYDRAW_POWER battery=100 voltage_mv=4092 charging=0 vbus=1
[19:28:32] TINYDRAW_POWER battery=100 voltage_mv=4090 charging=0 vbus=1
[19:28:33] TINYDRAW_POWER battery=100 voltage_mv=4093 charging=0 vbus=1
[19:28:34] TINYDRAW_POWER battery=100 voltage_mv=4090 charging=0 vbus=1
[19:28:35] TINYDRAW_POWER battery=100 voltage_mv=4089 charging=0 vbus=1
[19:28:36] TINYDRAW_POWER battery=100 voltage_mv=4091 charging=0 vbus=1
[19:28:37] TINYDRAW_POWER battery=100 voltage_mv=4092 charging=0 vbus=1
[19:28:38] TINYDRAW_POWER battery=100 voltage_mv=4090 charging=0 vbus=1
[19:28:39] TINYDRAW_POWER battery=100 voltage_mv=4093 charging=0 vbus=1
[19:28:40] TINYDRAW_POWER battery=100 voltage_mv=4090 charging=0 vbus=1
[19:28:42] TINYDRAW_POWER battery=100 voltage_mv=4091 charging=0 vbus=1
[19:28:43] TINYDRAW_POWER battery=100 voltage_mv=4090 charging=0 vbus=1
[19:28:44] TINYDRAW_POWER battery=100 voltage_mv=4092 charging=0 vbus=1
[19:28:45] TINYDRAW_POWER battery=100 voltage_mv=4090 charging=0 vbus=1
[19:28:46] TINYDRAW_POWER battery=100 voltage_mv=4091 charging=0 vbus=1
[19:28:47] TINYDRAW_POWER battery=100 voltage_mv=4092 charging=0 vbus=1
[19:28:48] TINYDRAW_POWER battery=100 voltage_mv=4091 charging=0 vbus=1
[19:28:49] TINYDRAW_POWER battery=100 voltage_mv=4092 charging=0 vbus=1
[19:28:51] TINYDRAW_POWER battery=100 voltage_mv=4090 charging=0 vbus=1
[19:28:52] TINYDRAW_POWER battery=100 voltage_mv=4093 charging=0 vbus=1
[19:28:54] TINYDRAW_POWER battery=100 voltage_mv=4094 charging=0 vbus=1
[19:28:55] TINYDRAW_POWER battery=100 voltage_mv=4090 charging=0 vbus=1
[19:28:56] TINYDRAW_POWER battery=100 voltage_mv=4091 charging=0 vbus=1
[19:28:58] TINYDRAW_POWER battery=100 voltage_mv=4089 charging=0 vbus=1
[19:28:59] TINYDRAW_POWER battery=100 voltage_mv=4092 charging=0 vbus=1
[19:29:00] TINYDRAW_POWER battery=100 voltage_mv=4093 charging=0 vbus=1
[19:29:01] TINYDRAW_POWER battery=100 voltage_mv=4090 charging=0 vbus=1
[19:29:02] TINYDRAW_POWER battery=100 voltage_mv=4091 charging=0 vbus=1
[19:29:03] TINYDRAW_POWER battery=100 voltage_mv=4090 charging=0 vbus=1
[19:29:04] TINYDRAW_POWER battery=100 voltage_mv=4091 charging=0 vbus=1
[19:29:05] TINYDRAW_POWER battery=100 voltage_mv=4088 charging=0 vbus=1
[19:29:06] TINYDRAW_POWER battery=100 voltage_mv=4089 charging=0 vbus=1
[19:29:07] TINYDRAW_POWER battery=100 voltage_mv=4091 charging=0 vbus=1
[19:29:08] TINYDRAW_POWER battery=100 voltage_mv=4092 charging=0 vbus=1
[19:29:09] TINYDRAW_POWER battery=100 voltage_mv=4090 charging=0 vbus=1
[19:29:10] TINYDRAW_POWER battery=100 voltage_mv=4092 charging=0 vbus=1
[19:29:12] TINYDRAW_POWER battery=100 voltage_mv=4089 charging=0 vbus=1
[19:29:13] TINYDRAW_POWER battery=100 voltage_mv=4090 charging=0 vbus=1
[19:29:14] TINYDRAW_POWER battery=100 voltage_mv=4092 charging=0 vbus=1
[19:29:15] TINYDRAW_POWER battery=100 voltage_mv=4090 charging=0 vbus=1
[19:29:17] TINYDRAW_POWER battery=100 voltage_mv=4091 charging=0 vbus=1
[19:29:18] TINYDRAW_POWER battery=100 voltage_mv=4092 charging=0 vbus=1
[19:29:20] TINYDRAW_POWER battery=100 voltage_mv=4091 charging=0 vbus=1
[19:29:21] TINYDRAW_POWER battery=100 voltage_mv=4092 charging=0 vbus=1
[19:29:22] TINYDRAW_POWER battery=100 voltage_mv=4090 charging=0 vbus=1
[19:29:23] TINYDRAW_POWER battery=100 voltage_mv=4091 charging=0 vbus=1
[19:29:25] TINYDRAW_POWER battery=100 voltage_mv=4093 charging=0 vbus=1
[19:29:26] TINYDRAW_POWER battery=100 voltage_mv=4092 charging=0 vbus=1
[19:29:27] TINYDRAW_POWER battery=100 voltage_mv=4090 charging=0 vbus=1
[19:29:29] TINYDRAW_POWER battery=100 voltage_mv=4089 charging=0 vbus=1
[19:29:30] TINYDRAW_POWER battery=100 voltage_mv=4091 charging=0 vbus=1
[19:29:31] TINYDRAW_POWER battery=100 voltage_mv=4093 charging=0 vbus=1
[19:29:33] TINYDRAW_POWER battery=100 voltage_mv=4091 charging=0 vbus=1
[19:29:34] TINYDRAW_POWER battery=100 voltage_mv=4090 charging=0 vbus=1
[19:29:35] TINYDRAW_POWER battery=100 voltage_mv=4092 charging=0 vbus=1
[19:29:36] TINYDRAW_POWER battery=100 voltage_mv=4091 charging=0 vbus=1
[19:29:37] TINYDRAW_POWER battery=100 voltage_mv=4092 charging=0 vbus=1
[19:29:38] TINYDRAW_POWER battery=100 voltage_mv=4094 charging=0 vbus=1
[19:29:39] TINYDRAW_POWER battery=100 voltage_mv=4090 charging=0 vbus=1
[19:29:40] TINYDRAW_POWER battery=100 voltage_mv=4091 charging=0 vbus=1
[19:29:41] TINYDRAW_POWER battery=100 voltage_mv=4090 charging=0 vbus=1
[19:29:42] TINYDRAW_POWER battery=100 voltage_mv=4089 charging=0 vbus=1
[19:29:43] TINYDRAW_POWER battery=100 voltage_mv=4091 charging=0 vbus=1
[19:29:44] TINYDRAW_POWER battery=100 voltage_mv=4090 charging=0 vbus=1
[19:29:46] TINYDRAW_POWER battery=100 voltage_mv=4091 charging=0 vbus=1
[19:29:47] TINYDRAW_POWER battery=100 voltage_mv=4092 charging=0 vbus=1
[19:29:52] TINYDRAW_POWER battery=100 voltage_mv=4093 charging=0 vbus=1
[19:29:53] TINYDRAW_POWER battery=100 voltage_mv=4092 charging=0 vbus=1
[19:29:54] TINYDRAW_POWER battery=100 voltage_mv=4091 charging=0 vbus=1
[19:29:56] TINYDRAW_POWER battery=100 voltage_mv=4089 charging=0 vbus=1
[19:29:57] TINYDRAW_POWER battery=100 voltage_mv=4091 charging=0 vbus=1
[19:29:58] TINYDRAW_POWER battery=100 voltage_mv=4093 charging=0 vbus=1
[19:29:59] TINYDRAW_POWER battery=100 voltage_mv=4090 charging=0 vbus=1
[19:30:00] TINYDRAW_POWER battery=100 voltage_mv=4092 charging=0 vbus=1
[19:30:02] TINYDRAW_POWER battery=100 voltage_mv=4090 charging=0 vbus=1
[19:30:03] TINYDRAW_POWER battery=100 voltage_mv=4093 charging=0 vbus=1
[19:30:04] TINYDRAW_POWER battery=100 voltage_mv=4092 charging=0 vbus=1
[19:30:05] TINYDRAW_POWER battery=100 voltage_mv=4093 charging=0 vbus=1
[19:30:06] TINYDRAW_POWER battery=100 voltage_mv=4092 charging=0 vbus=1
[19:30:07] TINYDRAW_POWER battery=100 voltage_mv=4091 charging=0 vbus=1
[19:30:08] TINYDRAW_POWER battery=100 voltage_mv=4090 charging=0 vbus=1
[19:30:09] TINYDRAW_POWER battery=100 voltage_mv=4093 charging=0 vbus=1
[19:30:10] TINYDRAW_POWER battery=100 voltage_mv=4091 charging=0 vbus=1
[19:30:12] TINYDRAW_POWER battery=100 voltage_mv=4089 charging=0 vbus=1
[19:30:13] TINYDRAW_POWER battery=100 voltage_mv=4091 charging=0 vbus=1
[19:30:16] TINYDRAW_POWER battery=100 voltage_mv=4092 charging=0 vbus=1
[19:30:17] TINYDRAW_POWER battery=100 voltage_mv=4089 charging=0 vbus=1
[19:30:18] TINYDRAW_POWER battery=100 voltage_mv=4090 charging=0 vbus=1
[19:30:19] TINYDRAW_POWER battery=100 voltage_mv=4091 charging=0 vbus=1
[19:30:20] TINYDRAW_POWER battery=100 voltage_mv=4092 charging=0 vbus=1
[19:30:21] TINYDRAW_POWER battery=100 voltage_mv=4091 charging=0 vbus=1
[19:30:22] TINYDRAW_POWER battery=100 voltage_mv=4090 charging=0 vbus=1
[19:30:23] TINYDRAW_POWER battery=100 voltage_mv=4093 charging=0 vbus=1
[19:30:24] TINYDRAW_POWER battery=100 voltage_mv=4091 charging=0 vbus=1
[19:30:28] TINYDRAW_POWER battery=100 voltage_mv=4090 charging=0 vbus=1
[19:30:29] TINYDRAW_POWER battery=100 voltage_mv=4092 charging=0 vbus=1
[19:30:30] TINYDRAW_POWER battery=100 voltage_mv=4093 charging=0 vbus=1
[19:30:31] TINYDRAW_POWER battery=100 voltage_mv=4090 charging=0 vbus=1
[19:30:32] TINYDRAW_POWER battery=100 voltage_mv=4092 charging=0 vbus=1
[19:30:33] TINYDRAW_POWER battery=100 voltage_mv=4093 charging=0 vbus=1
[19:30:34] TINYDRAW_POWER battery=100 voltage_mv=4090 charging=0 vbus=1
[19:30:35] TINYDRAW_POWER battery=100 voltage_mv=4092 charging=0 vbus=1
[19:30:36] TINYDRAW_POWER battery=100 voltage_mv=4089 charging=0 vbus=1
[19:30:37] TINYDRAW_POWER battery=100 voltage_mv=4090 charging=0 vbus=1
[19:30:38] TINYDRAW_POWER battery=99 voltage_mv=4091 charging=0 vbus=1
[19:30:39] TINYDRAW_POWER battery=100 voltage_mv=4090 charging=0 vbus=1
[19:30:40] TINYDRAW_POWER battery=100 voltage_mv=4091 charging=0 vbus=1
[19:30:41] TINYDRAW_POWER battery=100 voltage_mv=4092 charging=0 vbus=1
[19:30:42] TINYDRAW_POWER battery=100 voltage_mv=4093 charging=0 vbus=1
[19:30:43] TINYDRAW_POWER battery=100 voltage_mv=4092 charging=0 vbus=1
[19:30:45] TINYDRAW_POWER battery=100 voltage_mv=4091 charging=0 vbus=1
[19:30:46] TINYDRAW_POWER battery=100 voltage_mv=4090 charging=0 vbus=1
[19:30:47] TINYDRAW_POWER battery=100 voltage_mv=4092 charging=0 vbus=1
[19:30:48] TINYDRAW_POWER battery=100 voltage_mv=4090 charging=0 vbus=1
[19:30:49] TINYDRAW_POWER battery=100 voltage_mv=4089 charging=0 vbus=1
[19:30:51] TINYDRAW_POWER battery=100 voltage_mv=4090 charging=0 vbus=1
[19:30:52] TINYDRAW_POWER battery=100 voltage_mv=4092 charging=0 vbus=1
[19:30:53] TINYDRAW_POWER battery=100 voltage_mv=4093 charging=0 vbus=1
[19:30:54] TINYDRAW_POWER battery=100 voltage_mv=4089 charging=0 vbus=1
[19:30:55] TINYDRAW_POWER battery=100 voltage_mv=4091 charging=0 vbus=1
[19:30:56] TINYDRAW_POWER battery=100 voltage_mv=4092 charging=0 vbus=1
[19:30:57] TINYDRAW_POWER battery=100 voltage_mv=4091 charging=0 vbus=1
[19:30:58] TINYDRAW_POWER battery=100 voltage_mv=4090 charging=0 vbus=1
[19:30:59] TINYDRAW_POWER battery=100 voltage_mv=4091 charging=0 vbus=1
[19:31:03] TINYDRAW_POWER battery=100 voltage_mv=4093 charging=0 vbus=1
[19:31:04] TINYDRAW_POWER battery=100 voltage_mv=4091 charging=0 vbus=1
[19:31:07] TINYDRAW_POWER battery=100 voltage_mv=4087 charging=0 vbus=1
[19:31:08] TINYDRAW_POWER battery=100 voltage_mv=4092 charging=0 vbus=1
[19:31:09] TINYDRAW_POWER battery=100 voltage_mv=4090 charging=0 vbus=1
[19:31:10] TINYDRAW_POWER battery=100 voltage_mv=4091 charging=0 vbus=1
[19:31:12] TINYDRAW_POWER battery=100 voltage_mv=4092 charging=0 vbus=1
[19:31:14] TINYDRAW_POWER battery=100 voltage_mv=4090 charging=0 vbus=1
[19:31:15] TINYDRAW_POWER battery=100 voltage_mv=4093 charging=0 vbus=1
[19:31:17] TINYDRAW_POWER battery=100 voltage_mv=4091 charging=0 vbus=1
[19:31:19] TINYDRAW_POWER battery=100 voltage_mv=4093 charging=0 vbus=1
[19:31:20] TINYDRAW_POWER battery=100 voltage_mv=4091 charging=0 vbus=1
[19:31:21] TINYDRAW_POWER battery=100 voltage_mv=4090 charging=0 vbus=1
[19:31:22] TINYDRAW_POWER battery=100 voltage_mv=4093 charging=0 vbus=1
[19:31:23] TINYDRAW_POWER battery=100 voltage_mv=4091 charging=0 vbus=1
[19:31:27] TINYDRAW_POWER battery=100 voltage_mv=4089 charging=0 vbus=1
[19:31:28] TINYDRAW_POWER battery=100 voltage_mv=4091 charging=0 vbus=1
[19:31:30] TINYDRAW_POWER battery=100 voltage_mv=4092 charging=0 vbus=1
[19:31:31] TINYDRAW_POWER battery=100 voltage_mv=4090 charging=0 vbus=1
[19:31:32] TINYDRAW_POWER battery=100 voltage_mv=4091 charging=0 vbus=1
[19:31:33] TINYDRAW_POWER battery=100 voltage_mv=4092 charging=0 vbus=1
[19:31:35] TINYDRAW_POWER battery=100 voltage_mv=4091 charging=0 vbus=1
[19:31:37] TINYDRAW_POWER battery=100 voltage_mv=4089 charging=0 vbus=1
[19:31:38] TINYDRAW_POWER battery=100 voltage_mv=4092 charging=0 vbus=1
[19:31:40] TINYDRAW_POWER battery=100 voltage_mv=4091 charging=0 vbus=1
[19:31:41] TINYDRAW_POWER battery=100 voltage_mv=4090 charging=0 vbus=1
[19:31:43] TINYDRAW_POWER battery=100 voltage_mv=4091 charging=0 vbus=1
[19:31:44] TINYDRAW_POWER battery=100 voltage_mv=4095 charging=0 vbus=1
[19:31:45] TINYDRAW_POWER battery=100 voltage_mv=4091 charging=0 vbus=1
[19:31:46] TINYDRAW_POWER battery=100 voltage_mv=4092 charging=0 vbus=1
[19:31:47] TINYDRAW_POWER battery=100 voltage_mv=4091 charging=0 vbus=1
[19:31:48] TINYDRAW_POWER battery=100 voltage_mv=4089 charging=0 vbus=1
[19:31:50] TINYDRAW_POWER battery=100 voltage_mv=4093 charging=0 vbus=1
[19:31:51] TINYDRAW_POWER battery=100 voltage_mv=4091 charging=0 vbus=1
[19:31:54] TINYDRAW_POWER battery=100 voltage_mv=4090 charging=0 vbus=1
[19:31:56] TINYDRAW_POWER battery=100 voltage_mv=4092 charging=0 vbus=1
[19:31:58] TINYDRAW_POWER battery=100 voltage_mv=4091 charging=0 vbus=1
[19:32:00] TINYDRAW_POWER battery=100 voltage_mv=4090 charging=0 vbus=1
[19:32:01] TINYDRAW_POWER battery=100 voltage_mv=4091 charging=0 vbus=1
[19:32:02] TINYDRAW_POWER battery=100 voltage_mv=4092 charging=0 vbus=1
[19:32:03] TINYDRAW_POWER battery=100 voltage_mv=4094 charging=0 vbus=1
[19:32:04] TINYDRAW_POWER battery=100 voltage_mv=4091 charging=0 vbus=1
[19:32:05] TINYDRAW_POWER battery=100 voltage_mv=4092 charging=0 vbus=1
[19:32:06] TINYDRAW_POWER battery=100 voltage_mv=4090 charging=0 vbus=1
[19:32:07] TINYDRAW_POWER battery=100 voltage_mv=4091 charging=0 vbus=1
[19:32:08] TINYDRAW_POWER battery=100 voltage_mv=4090 charging=0 vbus=1
[19:32:09] TINYDRAW_POWER battery=100 voltage_mv=4089 charging=0 vbus=1
[19:32:10] TINYDRAW_POWER battery=100 voltage_mv=4091 charging=0 vbus=1
[19:32:11] TINYDRAW_POWER battery=100 voltage_mv=4092 charging=0 vbus=1
[19:32:14] TINYDRAW_POWER battery=100 voltage_mv=4091 charging=0 vbus=1
[19:32:15] TINYDRAW_POWER battery=100 voltage_mv=4092 charging=0 vbus=1
[19:32:16] TINYDRAW_POWER battery=100 voltage_mv=4091 charging=0 vbus=1
[19:32:18] TINYDRAW_POWER battery=100 voltage_mv=4089 charging=0 vbus=1
[19:32:19] TINYDRAW_POWER battery=100 voltage_mv=4090 charging=0 vbus=1
[19:32:20] TINYDRAW_POWER battery=100 voltage_mv=4092 charging=0 vbus=1
[19:32:21] TINYDRAW_POWER battery=100 voltage_mv=4093 charging=0 vbus=1
[19:32:22] TINYDRAW_POWER battery=100 voltage_mv=4090 charging=0 vbus=1
[19:32:24] TINYDRAW_POWER battery=100 voltage_mv=4093 charging=0 vbus=1
[19:32:25] TINYDRAW_POWER battery=100 voltage_mv=4091 charging=0 vbus=1
[19:32:26] TINYDRAW_POWER battery=100 voltage_mv=4092 charging=0 vbus=1
[19:32:27] TINYDRAW_POWER battery=100 voltage_mv=4091 charging=0 vbus=1
[19:32:28] TINYDRAW_POWER battery=100 voltage_mv=4093 charging=0 vbus=1
[19:32:29] TINYDRAW_POWER battery=100 voltage_mv=4092 charging=0 vbus=1
[19:32:30] TINYDRAW_POWER battery=100 voltage_mv=4091 charging=0 vbus=1
[19:32:31] TINYDRAW_POWER battery=100 voltage_mv=4092 charging=0 vbus=1
[19:32:32] TINYDRAW_POWER battery=100 voltage_mv=4091 charging=0 vbus=1
[19:32:33] TINYDRAW_POWER battery=100 voltage_mv=4092 charging=0 vbus=1
[19:32:35] TINYDRAW_POWER battery=100 voltage_mv=4091 charging=0 vbus=1
[19:32:36] TINYDRAW_POWER battery=100 voltage_mv=4093 charging=0 vbus=1
[19:32:37] TINYDRAW_POWER battery=100 voltage_mv=4092 charging=0 vbus=1
[19:32:38] TINYDRAW_POWER battery=100 voltage_mv=4089 charging=0 vbus=1
[19:32:40] TINYDRAW_POWER battery=100 voltage_mv=4090 charging=0 vbus=1
[19:32:41] TINYDRAW_POWER battery=100 voltage_mv=4092 charging=0 vbus=1
[19:32:42] TINYDRAW_POWER battery=100 voltage_mv=4091 charging=0 vbus=1
[19:32:43] TINYDRAW_POWER battery=100 voltage_mv=4090 charging=0 vbus=1
[19:32:44] TINYDRAW_POWER battery=100 voltage_mv=4092 charging=0 vbus=1
[19:32:45] TINYDRAW_POWER battery=100 voltage_mv=4089 charging=0 vbus=1
[19:32:46] TINYDRAW_POWER battery=100 voltage_mv=4090 charging=0 vbus=1
[19:32:47] TINYDRAW_POWER battery=100 voltage_mv=4093 charging=0 vbus=1
[19:32:48] TINYDRAW_POWER battery=100 voltage_mv=4092 charging=0 vbus=1
[19:32:49] TINYDRAW_POWER battery=100 voltage_mv=4091 charging=0 vbus=1
[19:32:51] TINYDRAW_POWER battery=100 voltage_mv=4090 charging=0 vbus=1
[19:32:52] TINYDRAW_POWER battery=100 voltage_mv=4092 charging=0 vbus=1
[19:32:53] TINYDRAW_POWER battery=100 voltage_mv=4093 charging=0 vbus=1
[19:32:54] TINYDRAW_POWER battery=100 voltage_mv=4090 charging=0 vbus=1
[19:32:55] TINYDRAW_POWER battery=100 voltage_mv=4091 charging=0 vbus=1
[19:32:56] TINYDRAW_POWER battery=100 voltage_mv=4093 charging=0 vbus=1
[19:32:57] TINYDRAW_POWER battery=100 voltage_mv=4090 charging=0 vbus=1
[19:32:58] TINYDRAW_POWER battery=100 voltage_mv=4093 charging=0 vbus=1
[19:32:59] TINYDRAW_POWER battery=100 voltage_mv=4092 charging=0 vbus=1
[19:33:01] TINYDRAW_POWER battery=100 voltage_mv=4091 charging=0 vbus=1
[19:33:02] TINYDRAW_POWER battery=100 voltage_mv=4094 charging=0 vbus=1
[19:33:03] TINYDRAW_POWER battery=100 voltage_mv=4092 charging=0 vbus=1
[19:33:04] TINYDRAW_POWER battery=100 voltage_mv=4094 charging=0 vbus=1
[19:33:05] TINYDRAW_POWER battery=100 voltage_mv=4091 charging=0 vbus=1
[19:33:06] TINYDRAW_POWER battery=100 voltage_mv=4093 charging=0 vbus=1
[19:33:07] TINYDRAW_POWER battery=100 voltage_mv=4094 charging=0 vbus=1
[19:33:08] TINYDRAW_POWER battery=100 voltage_mv=4092 charging=0 vbus=1
[19:33:11] TINYDRAW_POWER battery=100 voltage_mv=4090 charging=0 vbus=1
[19:33:12] TINYDRAW_POWER battery=100 voltage_mv=4092 charging=0 vbus=1
[19:33:13] TINYDRAW_POWER battery=100 voltage_mv=4093 charging=0 vbus=1
[19:33:14] TINYDRAW_POWER battery=100 voltage_mv=4091 charging=0 vbus=1
[19:33:15] TINYDRAW_POWER battery=100 voltage_mv=4092 charging=0 vbus=1
[19:33:16] TINYDRAW_POWER battery=100 voltage_mv=4093 charging=0 vbus=1
[19:33:17] TINYDRAW_POWER battery=100 voltage_mv=4090 charging=0 vbus=1
[19:33:18] TINYDRAW_POWER battery=100 voltage_mv=4089 charging=0 vbus=1
[19:33:19] TINYDRAW_POWER battery=100 voltage_mv=4090 charging=0 vbus=1
[19:33:20] TINYDRAW_POWER battery=100 voltage_mv=4092 charging=0 vbus=1
[19:33:21] TINYDRAW_POWER battery=100 voltage_mv=4091 charging=0 vbus=1
[19:33:22] TINYDRAW_POWER battery=100 voltage_mv=4090 charging=0 vbus=1
[19:33:23] TINYDRAW_POWER battery=100 voltage_mv=4091 charging=0 vbus=1
[19:33:24] TINYDRAW_POWER battery=100 voltage_mv=4090 charging=0 vbus=1
[19:33:25] TINYDRAW_POWER battery=100 voltage_mv=4091 charging=0 vbus=1
[19:33:27] TINYDRAW_POWER battery=100 voltage_mv=4090 charging=0 vbus=1
[19:33:28] TINYDRAW_POWER battery=99 voltage_mv=4090 charging=0 vbus=1
[19:33:29] TINYDRAW_POWER battery=100 voltage_mv=4092 charging=0 vbus=1
[19:33:30] TINYDRAW_POWER battery=100 voltage_mv=4090 charging=0 vbus=1
[19:33:31] TINYDRAW_POWER battery=100 voltage_mv=4092 charging=0 vbus=1
[19:33:33] TINYDRAW_POWER battery=100 voltage_mv=4091 charging=0 vbus=1
[19:33:34] TINYDRAW_POWER battery=100 voltage_mv=4090 charging=0 vbus=1
[19:33:36] TINYDRAW_POWER battery=100 voltage_mv=4089 charging=0 vbus=1
[19:33:37] TINYDRAW_POWER battery=100 voltage_mv=4092 charging=0 vbus=1
[19:33:39] TINYDRAW_POWER battery=100 voltage_mv=4094 charging=0 vbus=1
[19:33:40] TINYDRAW_POWER battery=100 voltage_mv=4092 charging=0 vbus=1
[19:33:42] TINYDRAW_POWER battery=100 voltage_mv=4089 charging=0 vbus=1
[19:33:43] TINYDRAW_POWER battery=100 voltage_mv=4092 charging=0 vbus=1
[19:33:44] TINYDRAW_POWER battery=100 voltage_mv=4091 charging=0 vbus=1
[19:33:45] TINYDRAW_POWER battery=100 voltage_mv=4093 charging=0 vbus=1
[19:33:47] TINYDRAW_POWER battery=100 voltage_mv=4091 charging=0 vbus=1
[19:33:48] TINYDRAW_POWER battery=100 voltage_mv=4090 charging=0 vbus=1
[19:33:49] TINYDRAW_POWER battery=100 voltage_mv=4091 charging=0 vbus=1
[19:33:54] TINYDRAW_POWER battery=100 voltage_mv=4092 charging=0 vbus=1
[19:33:57] TINYDRAW_POWER battery=100 voltage_mv=4090 charging=0 vbus=1
[19:33:58] TINYDRAW_POWER battery=100 voltage_mv=4091 charging=0 vbus=1
[19:33:59] TINYDRAW_POWER battery=100 voltage_mv=4092 charging=0 vbus=1
[19:34:00] TINYDRAW_POWER battery=100 voltage_mv=4090 charging=0 vbus=1
[19:34:02] TINYDRAW_POWER battery=100 voltage_mv=4092 charging=0 vbus=1
[19:34:03] TINYDRAW_POWER battery=100 voltage_mv=4088 charging=0 vbus=1
[19:34:04] TINYDRAW_POWER battery=100 voltage_mv=4091 charging=0 vbus=1
[19:34:05] TINYDRAW_POWER battery=100 voltage_mv=4092 charging=0 vbus=1
[19:34:06] TINYDRAW_POWER battery=100 voltage_mv=4091 charging=0 vbus=1
[19:34:08] TINYDRAW_POWER battery=100 voltage_mv=4094 charging=0 vbus=1
[19:34:09] TINYDRAW_POWER battery=100 voltage_mv=4091 charging=0 vbus=1
[19:34:10] TINYDRAW_POWER battery=100 voltage_mv=4094 charging=0 vbus=1
[19:34:11] TINYDRAW_POWER battery=100 voltage_mv=4092 charging=0 vbus=1
[19:34:12] TINYDRAW_POWER battery=100 voltage_mv=4091 charging=0 vbus=1
[19:34:13] TINYDRAW_POWER battery=100 voltage_mv=4090 charging=0 vbus=1
[19:34:14] TINYDRAW_POWER battery=100 voltage_mv=4092 charging=0 vbus=1
[19:34:16] TINYDRAW_POWER battery=100 voltage_mv=4091 charging=0 vbus=1
[19:34:18] TINYDRAW_POWER battery=100 voltage_mv=4094 charging=0 vbus=1
[19:34:19] TINYDRAW_POWER battery=100 voltage_mv=4091 charging=0 vbus=1
[19:34:20] TINYDRAW_POWER battery=100 voltage_mv=4090 charging=0 vbus=1
[19:34:21] TINYDRAW_POWER battery=100 voltage_mv=4091 charging=0 vbus=1
[19:34:22] TINYDRAW_POWER battery=100 voltage_mv=4093 charging=0 vbus=1
[19:34:23] TINYDRAW_POWER battery=100 voltage_mv=4090 charging=0 vbus=1
[19:34:24] TINYDRAW_POWER battery=100 voltage_mv=4091 charging=0 vbus=1
[19:34:27] TINYDRAW_POWER battery=100 voltage_mv=4093 charging=0 vbus=1
[19:34:28] TINYDRAW_POWER battery=100 voltage_mv=4089 charging=0 vbus=1
[19:34:29] TINYDRAW_POWER battery=100 voltage_mv=4091 charging=0 vbus=1
[19:34:30] TINYDRAW_POWER battery=100 voltage_mv=4092 charging=0 vbus=1
[19:34:31] TINYDRAW_POWER battery=100 voltage_mv=4089 charging=0 vbus=1
[19:34:32] TINYDRAW_POWER battery=100 voltage_mv=4093 charging=0 vbus=1
[19:34:33] TINYDRAW_POWER battery=100 voltage_mv=4092 charging=0 vbus=1
[19:34:34] TINYDRAW_POWER battery=100 voltage_mv=4091 charging=0 vbus=1
[19:34:35] TINYDRAW_POWER battery=100 voltage_mv=4090 charging=0 vbus=1
[19:34:36] TINYDRAW_POWER battery=100 voltage_mv=4092 charging=0 vbus=1
[19:34:37] TINYDRAW_POWER battery=100 voltage_mv=4089 charging=0 vbus=1
[19:34:38] TINYDRAW_POWER battery=100 voltage_mv=4090 charging=0 vbus=1
[19:34:39] TINYDRAW_POWER battery=100 voltage_mv=4091 charging=0 vbus=1
[19:34:41] TINYDRAW_POWER battery=100 voltage_mv=4090 charging=0 vbus=1
[19:34:42] TINYDRAW_POWER battery=100 voltage_mv=4091 charging=0 vbus=1
[19:34:45] TINYDRAW_POWER battery=100 voltage_mv=4090 charging=0 vbus=1
[19:34:46] TINYDRAW_POWER battery=100 voltage_mv=4091 charging=0 vbus=1
[19:34:47] TINYDRAW_POWER battery=100 voltage_mv=4092 charging=0 vbus=1
[19:34:49] TINYDRAW_POWER battery=100 voltage_mv=4093 charging=0 vbus=1
[19:34:50] TINYDRAW_POWER battery=100 voltage_mv=4091 charging=0 vbus=1
[19:34:51] TINYDRAW_POWER battery=100 voltage_mv=4090 charging=0 vbus=1
[19:34:52] TINYDRAW_POWER battery=100 voltage_mv=4091 charging=0 vbus=1
[19:34:57] TINYDRAW_POWER battery=100 voltage_mv=4089 charging=0 vbus=1
[19:34:58] TINYDRAW_POWER battery=100 voltage_mv=4090 charging=0 vbus=1
[19:35:01] TINYDRAW_POWER battery=100 voltage_mv=4091 charging=0 vbus=1
[19:35:09] TINYDRAW_POWER battery=100 voltage_mv=4092 charging=0 vbus=1
[19:35:10] TINYDRAW_POWER battery=100 voltage_mv=4091 charging=0 vbus=1
[19:35:11] TINYDRAW_POWER battery=100 voltage_mv=4092 charging=0 vbus=1
[19:35:12] TINYDRAW_POWER battery=100 voltage_mv=4091 charging=0 vbus=1
[19:35:16] TINYDRAW_POWER battery=100 voltage_mv=4092 charging=0 vbus=1
[19:35:18] TINYDRAW_POWER battery=100 voltage_mv=4090 charging=0 vbus=1
[19:35:19] TINYDRAW_POWER battery=100 voltage_mv=4091 charging=0 vbus=1
[19:35:20] TINYDRAW_POWER battery=100 voltage_mv=4090 charging=0 vbus=1
[19:35:21] TINYDRAW_POWER battery=100 voltage_mv=4093 charging=0 vbus=1
[19:35:22] TINYDRAW_POWER battery=100 voltage_mv=4091 charging=0 vbus=1
[19:35:23] TINYDRAW_POWER battery=100 voltage_mv=4090 charging=0 vbus=1
[19:35:24] TINYDRAW_POWER battery=100 voltage_mv=4092 charging=0 vbus=1
[19:35:25] TINYDRAW_POWER battery=100 voltage_mv=4091 charging=0 vbus=1
[19:35:26] TINYDRAW_POWER battery=100 voltage_mv=4090 charging=0 vbus=1
[19:35:27] TINYDRAW_POWER battery=100 voltage_mv=4088 charging=0 vbus=1
[19:35:28] TINYDRAW_POWER battery=100 voltage_mv=4090 charging=0 vbus=1
[19:35:29] TINYDRAW_POWER battery=100 voltage_mv=4089 charging=0 vbus=1
[19:35:30] TINYDRAW_POWER battery=100 voltage_mv=4093 charging=0 vbus=1
[19:35:32] TINYDRAW_POWER battery=100 voltage_mv=4091 charging=0 vbus=1
[19:35:34] TINYDRAW_POWER battery=100 voltage_mv=4090 charging=0 vbus=1
[19:35:35] TINYDRAW_POWER battery=100 voltage_mv=4093 charging=0 vbus=1
[19:35:36] TINYDRAW_POWER battery=100 voltage_mv=4091 charging=0 vbus=1
[19:35:37] TINYDRAW_POWER battery=100 voltage_mv=4090 charging=0 vbus=1
[19:35:38] TINYDRAW_POWER battery=100 voltage_mv=4092 charging=0 vbus=1
[19:35:40] TINYDRAW_POWER battery=100 voltage_mv=4090 charging=0 vbus=1
[19:35:41] TINYDRAW_POWER battery=100 voltage_mv=4093 charging=0 vbus=1
[19:35:42] TINYDRAW_POWER battery=100 voltage_mv=4090 charging=0 vbus=1
[19:35:43] TINYDRAW_POWER battery=100 voltage_mv=4089 charging=0 vbus=1
[19:35:44] TINYDRAW_POWER battery=100 voltage_mv=4091 charging=0 vbus=1
[19:35:45] TINYDRAW_POWER battery=100 voltage_mv=4090 charging=0 vbus=1
[19:35:46] TINYDRAW_POWER battery=100 voltage_mv=4092 charging=0 vbus=1
[19:35:47] TINYDRAW_POWER battery=100 voltage_mv=4090 charging=0 vbus=1
[19:35:48] TINYDRAW_POWER battery=100 voltage_mv=4093 charging=0 vbus=1
[19:35:49] TINYDRAW_POWER battery=100 voltage_mv=4091 charging=0 vbus=1
[19:35:50] TINYDRAW_POWER battery=100 voltage_mv=4090 charging=0 vbus=1
[19:35:51] TINYDRAW_POWER battery=100 voltage_mv=4094 charging=0 vbus=1
[19:35:52] TINYDRAW_POWER battery=100 voltage_mv=4090 charging=0 vbus=1
[19:35:53] TINYDRAW_POWER battery=100 voltage_mv=4091 charging=0 vbus=1
[19:35:54] TINYDRAW_POWER battery=100 voltage_mv=4090 charging=0 vbus=1
[19:35:55] TINYDRAW_POWER battery=100 voltage_mv=4092 charging=0 vbus=1
[19:35:57] TINYDRAW_POWER battery=100 voltage_mv=4090 charging=0 vbus=1
[19:35:59] TINYDRAW_POWER battery=100 voltage_mv=4089 charging=0 vbus=1
[19:36:00] TINYDRAW_POWER battery=100 voltage_mv=4091 charging=0 vbus=1
[19:36:03] TINYDRAW_POWER battery=100 voltage_mv=4088 charging=0 vbus=1
[19:36:04] TINYDRAW_POWER battery=100 voltage_mv=4090 charging=0 vbus=1
[19:36:06] TINYDRAW_POWER battery=100 voltage_mv=4092 charging=0 vbus=1
[19:36:07] TINYDRAW_POWER battery=100 voltage_mv=4091 charging=0 vbus=1
[19:36:08] TINYDRAW_POWER battery=100 voltage_mv=4089 charging=0 vbus=1
[19:36:09] TINYDRAW_POWER battery=100 voltage_mv=4092 charging=0 vbus=1
[19:36:10] TINYDRAW_POWER battery=100 voltage_mv=4091 charging=0 vbus=1
[19:36:11] TINYDRAW_POWER battery=100 voltage_mv=4092 charging=0 vbus=1
[19:36:13] TINYDRAW_POWER battery=100 voltage_mv=4090 charging=0 vbus=1
[19:36:14] TINYDRAW_POWER battery=100 voltage_mv=4093 charging=0 vbus=1
[19:36:16] TINYDRAW_POWER battery=100 voltage_mv=4091 charging=0 vbus=1
[19:36:17] TINYDRAW_POWER battery=100 voltage_mv=4095 charging=0 vbus=1
[19:36:18] TINYDRAW_POWER battery=99 voltage_mv=4090 charging=0 vbus=1
[19:36:19] TINYDRAW_POWER battery=100 voltage_mv=4091 charging=0 vbus=1
[19:36:20] TINYDRAW_POWER battery=100 voltage_mv=4089 charging=0 vbus=1
[19:36:21] TINYDRAW_POWER battery=100 voltage_mv=4091 charging=0 vbus=1
[19:36:24] TINYDRAW_POWER battery=100 voltage_mv=4092 charging=0 vbus=1
[19:36:25] TINYDRAW_POWER battery=100 voltage_mv=4091 charging=0 vbus=1
[19:36:27] TINYDRAW_POWER battery=100 voltage_mv=4092 charging=0 vbus=1
[19:36:28] TINYDRAW_POWER battery=100 voltage_mv=4091 charging=0 vbus=1
[19:36:29] TINYDRAW_POWER battery=100 voltage_mv=4093 charging=0 vbus=1
[19:36:30] TINYDRAW_POWER battery=100 voltage_mv=4092 charging=0 vbus=1
[19:36:32] TINYDRAW_POWER battery=100 voltage_mv=4091 charging=0 vbus=1
[19:36:33] TINYDRAW_POWER battery=100 voltage_mv=4093 charging=0 vbus=1
[19:36:34] TINYDRAW_POWER battery=100 voltage_mv=4091 charging=0 vbus=1
[19:36:35] TINYDRAW_POWER battery=100 voltage_mv=4088 charging=0 vbus=1
[19:36:36] TINYDRAW_POWER battery=100 voltage_mv=4092 charging=0 vbus=1
[19:36:37] TINYDRAW_POWER battery=100 voltage_mv=4090 charging=0 vbus=1
[19:36:38] TINYDRAW_POWER battery=100 voltage_mv=4092 charging=0 vbus=1
[19:36:40] TINYDRAW_POWER battery=100 voltage_mv=4094 charging=0 vbus=1
[19:36:41] TINYDRAW_POWER battery=100 voltage_mv=4090 charging=0 vbus=1
[19:36:42] TINYDRAW_POWER battery=100 voltage_mv=4093 charging=0 vbus=1
[19:36:43] TINYDRAW_POWER battery=100 voltage_mv=4092 charging=0 vbus=1
[19:36:44] TINYDRAW_POWER battery=100 voltage_mv=4091 charging=0 vbus=1
[19:36:45] TINYDRAW_POWER battery=100 voltage_mv=4089 charging=0 vbus=1
[19:36:46] TINYDRAW_POWER battery=100 voltage_mv=4091 charging=0 vbus=1
[19:36:47] TINYDRAW_POWER battery=100 voltage_mv=4090 charging=0 vbus=1
[19:36:48] TINYDRAW_POWER battery=100 voltage_mv=4091 charging=0 vbus=1
[19:36:49] TINYDRAW_POWER battery=100 voltage_mv=4092 charging=0 vbus=1
[19:36:50] TINYDRAW_POWER battery=100 voltage_mv=4090 charging=0 vbus=1
[19:36:51] TINYDRAW_POWER battery=100 voltage_mv=4092 charging=0 vbus=1
[19:36:53] TINYDRAW_POWER battery=100 voltage_mv=4091 charging=0 vbus=1
[19:36:54] TINYDRAW_POWER battery=100 voltage_mv=4093 charging=0 vbus=1
[19:36:55] TINYDRAW_POWER battery=100 voltage_mv=4090 charging=0 vbus=1
[19:36:56] TINYDRAW_POWER battery=100 voltage_mv=4091 charging=0 vbus=1
[19:36:57] TINYDRAW_POWER battery=100 voltage_mv=4089 charging=0 vbus=1
[19:36:58] TINYDRAW_POWER battery=100 voltage_mv=4090 charging=0 vbus=1
[19:36:59] TINYDRAW_POWER battery=100 voltage_mv=4091 charging=0 vbus=1
[19:37:00] TINYDRAW_POWER battery=100 voltage_mv=4093 charging=0 vbus=1
[19:37:01] TINYDRAW_POWER battery=100 voltage_mv=4091 charging=0 vbus=1
[19:37:02] TINYDRAW_POWER battery=100 voltage_mv=4092 charging=0 vbus=1
[19:37:03] TINYDRAW_POWER battery=100 voltage_mv=4093 charging=0 vbus=1
[19:37:04] TINYDRAW_POWER battery=100 voltage_mv=4088 charging=0 vbus=1
[19:37:05] TINYDRAW_POWER battery=100 voltage_mv=4091 charging=0 vbus=1
[19:37:06] TINYDRAW_POWER battery=100 voltage_mv=4088 charging=0 vbus=1
[19:37:07] TINYDRAW_POWER battery=100 voltage_mv=4091 charging=0 vbus=1
[19:37:09] TINYDRAW_POWER battery=100 voltage_mv=4093 charging=0 vbus=1
[19:37:10] TINYDRAW_POWER battery=100 voltage_mv=4090 charging=0 vbus=1
[19:37:11] TINYDRAW_POWER battery=100 voltage_mv=4089 charging=0 vbus=1
[19:37:14] TINYDRAW_POWER battery=100 voltage_mv=4090 charging=0 vbus=1
[19:37:15] TINYDRAW_POWER battery=100 voltage_mv=4091 charging=0 vbus=1
[19:37:18] TINYDRAW_POWER battery=100 voltage_mv=4092 charging=0 vbus=1
[19:37:19] TINYDRAW_POWER battery=100 voltage_mv=4090 charging=0 vbus=1
[19:37:21] TINYDRAW_POWER battery=100 voltage_mv=4092 charging=0 vbus=1
[19:37:23] TINYDRAW_POWER battery=100 voltage_mv=4090 charging=0 vbus=1
[19:37:24] TINYDRAW_POWER battery=100 voltage_mv=4093 charging=0 vbus=1
[19:37:25] TINYDRAW_POWER battery=100 voltage_mv=4089 charging=0 vbus=1
[19:37:26] TINYDRAW_POWER battery=100 voltage_mv=4090 charging=0 vbus=1
[19:37:28] TINYDRAW_POWER battery=100 voltage_mv=4091 charging=0 vbus=1
[19:37:29] TINYDRAW_POWER battery=100 voltage_mv=4093 charging=0 vbus=1
[19:37:30] TINYDRAW_POWER battery=100 voltage_mv=4092 charging=0 vbus=1
[19:37:31] TINYDRAW_POWER battery=100 voltage_mv=4093 charging=0 vbus=1
[19:37:32] TINYDRAW_POWER battery=100 voltage_mv=4090 charging=0 vbus=1
[19:37:33] TINYDRAW_POWER battery=100 voltage_mv=4093 charging=0 vbus=1
[19:37:34] TINYDRAW_POWER battery=100 voltage_mv=4092 charging=0 vbus=1
[19:37:35] TINYDRAW_POWER battery=100 voltage_mv=4093 charging=0 vbus=1
[19:37:37] TINYDRAW_POWER battery=100 voltage_mv=4092 charging=0 vbus=1
[19:37:38] TINYDRAW_POWER battery=100 voltage_mv=4090 charging=0 vbus=1
[19:37:39] TINYDRAW_POWER battery=100 voltage_mv=4091 charging=0 vbus=1
[19:37:40] TINYDRAW_POWER battery=100 voltage_mv=4088 charging=0 vbus=1
[19:37:41] TINYDRAW_POWER battery=100 voltage_mv=4090 charging=0 vbus=1
[19:37:42] TINYDRAW_POWER battery=100 voltage_mv=4093 charging=0 vbus=1
[19:37:43] TINYDRAW_POWER battery=100 voltage_mv=4090 charging=0 vbus=1
[19:37:44] TINYDRAW_POWER battery=100 voltage_mv=4092 charging=0 vbus=1
[19:37:45] TINYDRAW_POWER battery=100 voltage_mv=4091 charging=0 vbus=1
[19:37:48] TINYDRAW_POWER battery=100 voltage_mv=4089 charging=0 vbus=1
[19:37:50] TINYDRAW_POWER battery=100 voltage_mv=4091 charging=0 vbus=1
[19:37:51] TINYDRAW_POWER battery=100 voltage_mv=4089 charging=0 vbus=1
[19:37:52] TINYDRAW_POWER battery=100 voltage_mv=4091 charging=0 vbus=1
[19:37:54] TINYDRAW_POWER battery=100 voltage_mv=4092 charging=0 vbus=1
[19:37:56] TINYDRAW_POWER battery=100 voltage_mv=4088 charging=0 vbus=1
[19:37:57] TINYDRAW_POWER battery=100 voltage_mv=4089 charging=0 vbus=1
[19:37:58] TINYDRAW_POWER battery=100 voltage_mv=4090 charging=0 vbus=1
[19:37:59] TINYDRAW_POWER battery=100 voltage_mv=4091 charging=0 vbus=1
[19:38:01] TINYDRAW_POWER battery=100 voltage_mv=4090 charging=0 vbus=1
[19:38:03] TINYDRAW_POWER battery=100 voltage_mv=4091 charging=0 vbus=1
[19:38:05] TINYDRAW_POWER battery=100 voltage_mv=4092 charging=0 vbus=1
[19:38:06] TINYDRAW_POWER battery=100 voltage_mv=4093 charging=0 vbus=1
[19:38:07] TINYDRAW_POWER battery=100 voltage_mv=4092 charging=0 vbus=1
[19:38:08] TINYDRAW_POWER battery=100 voltage_mv=4090 charging=0 vbus=1
[19:38:09] TINYDRAW_POWER battery=100 voltage_mv=4091 charging=0 vbus=1
[19:38:10] TINYDRAW_POWER battery=100 voltage_mv=4090 charging=0 vbus=1
[19:38:11] TINYDRAW_POWER battery=100 voltage_mv=4091 charging=0 vbus=1
[19:38:16] TINYDRAW_POWER battery=100 voltage_mv=4089 charging=0 vbus=1
[19:38:17] TINYDRAW_POWER battery=100 voltage_mv=4091 charging=0 vbus=1
[19:38:18] TINYDRAW_POWER battery=100 voltage_mv=4092 charging=0 vbus=1
[19:38:19] TINYDRAW_POWER battery=100 voltage_mv=4090 charging=0 vbus=1
[19:38:21] TINYDRAW_POWER battery=100 voltage_mv=4089 charging=0 vbus=1
[19:38:22] TINYDRAW_POWER battery=100 voltage_mv=4088 charging=0 vbus=1
[19:38:23] TINYDRAW_POWER battery=100 voltage_mv=4091 charging=0 vbus=1
[19:38:24] TINYDRAW_POWER battery=100 voltage_mv=4092 charging=0 vbus=1
[19:38:25] TINYDRAW_POWER battery=100 voltage_mv=4091 charging=0 vbus=1
[19:38:26] TINYDRAW_POWER battery=100 voltage_mv=4090 charging=0 vbus=1
[19:38:27] TINYDRAW_POWER battery=100 voltage_mv=4089 charging=0 vbus=1
[19:38:28] TINYDRAW_POWER battery=100 voltage_mv=4093 charging=0 vbus=1
[19:38:30] TINYDRAW_POWER battery=100 voltage_mv=4091 charging=0 vbus=1
[19:38:31] TINYDRAW_POWER battery=100 voltage_mv=4093 charging=0 vbus=1
[19:38:32] TINYDRAW_POWER battery=100 voltage_mv=4092 charging=0 vbus=1
[19:38:33] TINYDRAW_POWER battery=100 voltage_mv=4091 charging=0 vbus=1
[19:38:34] TINYDRAW_POWER battery=100 voltage_mv=4093 charging=0 vbus=1
[19:38:35] TINYDRAW_POWER battery=100 voltage_mv=4090 charging=0 vbus=1
[19:38:37] TINYDRAW_POWER battery=100 voltage_mv=4092 charging=0 vbus=1
[19:38:38] TINYDRAW_POWER battery=100 voltage_mv=4090 charging=0 vbus=1
[19:38:39] TINYDRAW_POWER battery=100 voltage_mv=4092 charging=0 vbus=1
[19:38:40] TINYDRAW_POWER battery=100 voltage_mv=4091 charging=0 vbus=1
[19:38:41] TINYDRAW_POWER battery=100 voltage_mv=4089 charging=0 vbus=1
[19:38:42] TINYDRAW_POWER battery=100 voltage_mv=4090 charging=0 vbus=1
[19:38:43] TINYDRAW_POWER battery=100 voltage_mv=4089 charging=0 vbus=1
[19:38:44] TINYDRAW_POWER battery=100 voltage_mv=4090 charging=0 vbus=1
[19:38:45] TINYDRAW_POWER battery=100 voltage_mv=4092 charging=0 vbus=1
[19:38:46] TINYDRAW_POWER battery=100 voltage_mv=4091 charging=0 vbus=1
[19:38:47] TINYDRAW_POWER battery=100 voltage_mv=4088 charging=0 vbus=1
[19:38:48] TINYDRAW_POWER battery=100 voltage_mv=4090 charging=0 vbus=1
[19:38:49] TINYDRAW_POWER battery=100 voltage_mv=4089 charging=0 vbus=1
[19:38:50] TINYDRAW_POWER battery=100 voltage_mv=4091 charging=0 vbus=1
[19:38:51] TINYDRAW_POWER battery=100 voltage_mv=4092 charging=0 vbus=1
[19:38:52] TINYDRAW_POWER battery=100 voltage_mv=4090 charging=0 vbus=1
[19:38:53] TINYDRAW_POWER battery=100 voltage_mv=4089 charging=0 vbus=1
[19:38:54] TINYDRAW_POWER battery=100 voltage_mv=4088 charging=0 vbus=1
[19:38:55] TINYDRAW_POWER battery=100 voltage_mv=4089 charging=0 vbus=1
[19:38:56] TINYDRAW_POWER battery=100 voltage_mv=4091 charging=0 vbus=1
[19:38:58] TINYDRAW_POWER battery=100 voltage_mv=4093 charging=0 vbus=1
[19:38:59] TINYDRAW_POWER battery=100 voltage_mv=4092 charging=0 vbus=1
[19:39:02] TINYDRAW_POWER battery=100 voltage_mv=4090 charging=0 vbus=1
[19:39:03] TINYDRAW_POWER battery=100 voltage_mv=4092 charging=0 vbus=1
[19:39:04] TINYDRAW_POWER battery=100 voltage_mv=4091 charging=0 vbus=1
[19:39:06] TINYDRAW_POWER battery=99 voltage_mv=4091 charging=0 vbus=1
[19:39:07] TINYDRAW_POWER battery=100 voltage_mv=4092 charging=0 vbus=1
[19:39:08] TINYDRAW_POWER battery=100 voltage_mv=4091 charging=0 vbus=1
[19:39:10] TINYDRAW_POWER battery=100 voltage_mv=4093 charging=0 vbus=1
[19:39:12] TINYDRAW_POWER battery=100 voltage_mv=4090 charging=0 vbus=1
[19:39:13] TINYDRAW_POWER battery=100 voltage_mv=4091 charging=0 vbus=1
[19:39:15] TINYDRAW_POWER battery=100 voltage_mv=4093 charging=0 vbus=1
[19:39:16] TINYDRAW_POWER battery=100 voltage_mv=4091 charging=0 vbus=1
[19:39:17] TINYDRAW_POWER battery=100 voltage_mv=4090 charging=0 vbus=1
[19:39:18] TINYDRAW_POWER battery=100 voltage_mv=4093 charging=0 vbus=1
[19:39:19] TINYDRAW_POWER battery=100 voltage_mv=4091 charging=0 vbus=1
[19:39:20] TINYDRAW_POWER battery=100 voltage_mv=4092 charging=0 vbus=1
[19:39:21] TINYDRAW_POWER battery=100 voltage_mv=4091 charging=0 vbus=1
[19:39:22] TINYDRAW_POWER battery=100 voltage_mv=4090 charging=0 vbus=1
[19:39:23] TINYDRAW_POWER battery=100 voltage_mv=4094 charging=0 vbus=1
[19:39:24] TINYDRAW_POWER battery=100 voltage_mv=4091 charging=0 vbus=1
[19:39:25] TINYDRAW_POWER battery=100 voltage_mv=4089 charging=0 vbus=1
[19:39:27] TINYDRAW_POWER battery=100 voltage_mv=4092 charging=0 vbus=1
[19:39:29] TINYDRAW_POWER battery=100 voltage_mv=4090 charging=0 vbus=1
[19:39:30] TINYDRAW_POWER battery=100 voltage_mv=4092 charging=0 vbus=1
[19:39:31] TINYDRAW_POWER battery=100 voltage_mv=4091 charging=0 vbus=1
[19:39:35] TINYDRAW_POWER battery=100 voltage_mv=4090 charging=0 vbus=1
[19:39:37] TINYDRAW_POWER battery=100 voltage_mv=4091 charging=0 vbus=1
[19:39:39] TINYDRAW_POWER battery=100 voltage_mv=4090 charging=0 vbus=1
[19:39:42] TINYDRAW_POWER battery=100 voltage_mv=4091 charging=0 vbus=1
[19:39:43] TINYDRAW_POWER battery=100 voltage_mv=4090 charging=0 vbus=1
[19:39:45] TINYDRAW_POWER battery=100 voltage_mv=4094 charging=0 vbus=1
[19:39:46] TINYDRAW_POWER battery=100 voltage_mv=4091 charging=0 vbus=1
[19:39:49] TINYDRAW_POWER battery=100 voltage_mv=4092 charging=0 vbus=1
[19:39:50] TINYDRAW_POWER battery=100 voltage_mv=4091 charging=0 vbus=1
[19:39:51] TINYDRAW_POWER battery=100 voltage_mv=4089 charging=0 vbus=1
[19:39:52] TINYDRAW_POWER battery=100 voltage_mv=4090 charging=0 vbus=1
[19:39:54] TINYDRAW_POWER battery=100 voltage_mv=4091 charging=0 vbus=1
[19:39:55] TINYDRAW_POWER battery=100 voltage_mv=4089 charging=0 vbus=1
[19:39:56] TINYDRAW_POWER battery=100 voltage_mv=4090 charging=0 vbus=1
[19:39:57] TINYDRAW_POWER battery=100 voltage_mv=4091 charging=0 vbus=1
[19:39:59] TINYDRAW_POWER battery=100 voltage_mv=4094 charging=0 vbus=1
[19:40:00] TINYDRAW_POWER battery=100 voltage_mv=4092 charging=0 vbus=1
[19:40:01] TINYDRAW_POWER battery=100 voltage_mv=4093 charging=0 vbus=1
[19:40:02] TINYDRAW_POWER battery=100 voltage_mv=4090 charging=0 vbus=1
[19:40:04] TINYDRAW_POWER battery=100 voltage_mv=4093 charging=0 vbus=1
[19:40:05] TINYDRAW_POWER battery=100 voltage_mv=4091 charging=0 vbus=1
[19:40:08] TINYDRAW_POWER battery=100 voltage_mv=4093 charging=0 vbus=1
[19:40:09] TINYDRAW_POWER battery=100 voltage_mv=4092 charging=0 vbus=1
[19:40:10] TINYDRAW_POWER battery=100 voltage_mv=4090 charging=0 vbus=1
[19:40:11] TINYDRAW_POWER battery=100 voltage_mv=4092 charging=0 vbus=1
[19:40:12] TINYDRAW_POWER battery=100 voltage_mv=4089 charging=0 vbus=1
[19:40:13] TINYDRAW_POWER battery=100 voltage_mv=4093 charging=0 vbus=1
[19:40:15] TINYDRAW_POWER battery=100 voltage_mv=4091 charging=0 vbus=1
[19:40:16] TINYDRAW_POWER battery=100 voltage_mv=4089 charging=0 vbus=1
[19:40:18] TINYDRAW_POWER battery=100 voltage_mv=4094 charging=0 vbus=1
[19:40:19] TINYDRAW_POWER battery=100 voltage_mv=4090 charging=0 vbus=1
[19:40:21] TINYDRAW_POWER battery=100 voltage_mv=4089 charging=0 vbus=1
[19:40:22] TINYDRAW_POWER battery=100 voltage_mv=4092 charging=0 vbus=1
[19:40:23] TINYDRAW_POWER battery=100 voltage_mv=4091 charging=0 vbus=1
[19:40:24] TINYDRAW_POWER battery=100 voltage_mv=4093 charging=0 vbus=1
[19:40:25] TINYDRAW_POWER battery=100 voltage_mv=4092 charging=0 vbus=1
[19:40:26] TINYDRAW_POWER battery=100 voltage_mv=4090 charging=0 vbus=1
[19:40:30] TINYDRAW_POWER battery=100 voltage_mv=4092 charging=0 vbus=1
[19:40:31] TINYDRAW_POWER battery=100 voltage_mv=4091 charging=0 vbus=1
[19:40:32] TINYDRAW_POWER battery=100 voltage_mv=4092 charging=0 vbus=1
[19:40:34] TINYDRAW_POWER battery=100 voltage_mv=4089 charging=0 vbus=1
[19:40:35] TINYDRAW_POWER battery=100 voltage_mv=4091 charging=0 vbus=1
[19:40:36] TINYDRAW_POWER battery=100 voltage_mv=4093 charging=0 vbus=1
[19:40:37] TINYDRAW_POWER battery=100 voltage_mv=4090 charging=0 vbus=1
[19:40:38] TINYDRAW_POWER battery=100 voltage_mv=4091 charging=0 vbus=1
[19:40:39] TINYDRAW_POWER battery=100 voltage_mv=4092 charging=0 vbus=1
[19:40:42] TINYDRAW_POWER battery=100 voltage_mv=4089 charging=0 vbus=1
[19:40:43] TINYDRAW_POWER battery=100 voltage_mv=4090 charging=0 vbus=1
[19:40:45] TINYDRAW_POWER battery=100 voltage_mv=4089 charging=0 vbus=1
[19:40:46] TINYDRAW_POWER battery=100 voltage_mv=4090 charging=0 vbus=1
[19:40:48] TINYDRAW_POWER battery=100 voltage_mv=4089 charging=0 vbus=1
[19:40:49] TINYDRAW_POWER battery=100 voltage_mv=4090 charging=0 vbus=1
[19:40:50] TINYDRAW_POWER battery=100 voltage_mv=4092 charging=0 vbus=1
[19:40:51] TINYDRAW_POWER battery=100 voltage_mv=4091 charging=0 vbus=1
[19:40:54] TINYDRAW_POWER battery=100 voltage_mv=4092 charging=0 vbus=1
[19:40:55] TINYDRAW_POWER battery=100 voltage_mv=4090 charging=0 vbus=1
[19:40:56] TINYDRAW_POWER battery=100 voltage_mv=4091 charging=0 vbus=1
[19:40:57] TINYDRAW_POWER battery=100 voltage_mv=4090 charging=0 vbus=1
[19:40:59] TINYDRAW_POWER battery=100 voltage_mv=4091 charging=0 vbus=1
[19:41:00] TINYDRAW_POWER battery=100 voltage_mv=4089 charging=0 vbus=1
[19:41:01] TINYDRAW_POWER battery=100 voltage_mv=4092 charging=0 vbus=1
[19:41:04] TINYDRAW_POWER battery=100 voltage_mv=4090 charging=0 vbus=1
[19:41:06] TINYDRAW_POWER battery=100 voltage_mv=4092 charging=0 vbus=1
[19:41:09] TINYDRAW_POWER battery=100 voltage_mv=4090 charging=0 vbus=1
[19:41:10] TINYDRAW_POWER battery=100 voltage_mv=4092 charging=0 vbus=1
[19:41:12] TINYDRAW_POWER battery=100 voltage_mv=4091 charging=0 vbus=1
[19:41:13] TINYDRAW_POWER battery=100 voltage_mv=4092 charging=0 vbus=1
[19:41:14] TINYDRAW_POWER battery=100 voltage_mv=4093 charging=0 vbus=1
[19:41:16] TINYDRAW_POWER battery=100 voltage_mv=4091 charging=0 vbus=1
[19:41:17] TINYDRAW_POWER battery=100 voltage_mv=4092 charging=0 vbus=1
[19:41:18] TINYDRAW_POWER battery=100 voltage_mv=4091 charging=0 vbus=1
[19:41:20] TINYDRAW_POWER battery=100 voltage_mv=4093 charging=0 vbus=1
[19:41:22] TINYDRAW_POWER battery=100 voltage_mv=4091 charging=0 vbus=1
[19:41:24] TINYDRAW_POWER battery=100 voltage_mv=4095 charging=0 vbus=1
[19:41:25] TINYDRAW_POWER battery=100 voltage_mv=4090 charging=0 vbus=1
[19:41:27] TINYDRAW_POWER battery=100 voltage_mv=4091 charging=0 vbus=1
[19:41:28] TINYDRAW_POWER battery=100 voltage_mv=4090 charging=0 vbus=1
[19:41:29] TINYDRAW_POWER battery=100 voltage_mv=4091 charging=0 vbus=1
[19:41:31] TINYDRAW_POWER battery=100 voltage_mv=4093 charging=0 vbus=1
[19:41:32] TINYDRAW_POWER battery=100 voltage_mv=4092 charging=0 vbus=1
[19:41:33] TINYDRAW_POWER battery=100 voltage_mv=4093 charging=0 vbus=1
[19:41:34] TINYDRAW_POWER battery=100 voltage_mv=4091 charging=0 vbus=1
[19:41:35] TINYDRAW_POWER battery=100 voltage_mv=4089 charging=0 vbus=1
[19:41:36] TINYDRAW_POWER battery=100 voltage_mv=4091 charging=0 vbus=1
[19:41:39] TINYDRAW_POWER battery=100 voltage_mv=4090 charging=0 vbus=1
[19:41:40] TINYDRAW_POWER battery=100 voltage_mv=4093 charging=0 vbus=1
[19:41:42] TINYDRAW_POWER battery=100 voltage_mv=4092 charging=0 vbus=1
[19:41:43] TINYDRAW_POWER battery=100 voltage_mv=4091 charging=0 vbus=1
[19:41:45] TINYDRAW_POWER battery=100 voltage_mv=4090 charging=0 vbus=1
[19:41:46] TINYDRAW_POWER battery=100 voltage_mv=4093 charging=0 vbus=1
[19:41:47] TINYDRAW_POWER battery=100 voltage_mv=4091 charging=0 vbus=1
[19:41:53] TINYDRAW_POWER battery=100 voltage_mv=4092 charging=0 vbus=1
[19:41:54] TINYDRAW_POWER battery=99 voltage_mv=4090 charging=0 vbus=1
[19:41:55] TINYDRAW_POWER battery=100 voltage_mv=4090 charging=0 vbus=1
[19:41:56] TINYDRAW_POWER battery=100 voltage_mv=4091 charging=0 vbus=1
[19:41:57] TINYDRAW_POWER battery=100 voltage_mv=4094 charging=0 vbus=1
[19:41:58] TINYDRAW_POWER battery=100 voltage_mv=4091 charging=0 vbus=1
[19:41:59] TINYDRAW_POWER battery=100 voltage_mv=4090 charging=0 vbus=1
[19:42:01] TINYDRAW_POWER battery=100 voltage_mv=4091 charging=0 vbus=1
[19:42:02] TINYDRAW_POWER battery=100 voltage_mv=4093 charging=0 vbus=1
[19:42:03] TINYDRAW_POWER battery=100 voltage_mv=4090 charging=0 vbus=1
[19:42:05] TINYDRAW_POWER battery=100 voltage_mv=4092 charging=0 vbus=1
[19:42:06] TINYDRAW_POWER battery=100 voltage_mv=4089 charging=0 vbus=1
[19:42:07] TINYDRAW_POWER battery=100 voltage_mv=4090 charging=0 vbus=1
[19:42:08] TINYDRAW_POWER battery=100 voltage_mv=4094 charging=0 vbus=1
[19:42:09] TINYDRAW_POWER battery=100 voltage_mv=4093 charging=0 vbus=1
[19:42:10] TINYDRAW_POWER battery=100 voltage_mv=4089 charging=0 vbus=1
[19:42:11] TINYDRAW_POWER battery=100 voltage_mv=4090 charging=0 vbus=1
[19:42:12] TINYDRAW_POWER battery=100 voltage_mv=4091 charging=0 vbus=1
[19:42:13] TINYDRAW_POWER battery=100 voltage_mv=4093 charging=0 vbus=1
[19:42:14] TINYDRAW_POWER battery=100 voltage_mv=4092 charging=0 vbus=1
[19:42:16] TINYDRAW_POWER battery=100 voltage_mv=4089 charging=0 vbus=1
[19:42:17] TINYDRAW_POWER battery=100 voltage_mv=4092 charging=0 vbus=1
[19:42:18] TINYDRAW_POWER battery=100 voltage_mv=4091 charging=0 vbus=1
[19:42:19] TINYDRAW_POWER battery=100 voltage_mv=4092 charging=0 vbus=1
[19:42:21] TINYDRAW_POWER battery=100 voltage_mv=4091 charging=0 vbus=1
[19:42:24] TINYDRAW_POWER battery=100 voltage_mv=4090 charging=0 vbus=1
[19:42:25] TINYDRAW_POWER battery=100 voltage_mv=4092 charging=0 vbus=1
[19:42:26] TINYDRAW_POWER battery=100 voltage_mv=4089 charging=0 vbus=1
[19:42:27] TINYDRAW_POWER battery=100 voltage_mv=4090 charging=0 vbus=1
[19:42:28] TINYDRAW_POWER battery=100 voltage_mv=4088 charging=0 vbus=1
[19:42:29] TINYDRAW_POWER battery=100 voltage_mv=4092 charging=0 vbus=1
[19:42:31] TINYDRAW_POWER battery=100 voltage_mv=4090 charging=0 vbus=1
[19:42:33] TINYDRAW_POWER battery=100 voltage_mv=4092 charging=0 vbus=1
[19:42:34] TINYDRAW_POWER battery=100 voltage_mv=4093 charging=0 vbus=1
[19:42:35] TINYDRAW_POWER battery=100 voltage_mv=4091 charging=0 vbus=1
[19:42:36] TINYDRAW_POWER battery=100 voltage_mv=4093 charging=0 vbus=1
[19:42:37] TINYDRAW_POWER battery=100 voltage_mv=4092 charging=0 vbus=1
[19:42:40] TINYDRAW_POWER battery=100 voltage_mv=4090 charging=0 vbus=1
[19:42:41] TINYDRAW_POWER battery=100 voltage_mv=4091 charging=0 vbus=1
[19:42:44] TINYDRAW_POWER battery=100 voltage_mv=4092 charging=0 vbus=1
[19:42:46] TINYDRAW_POWER battery=100 voltage_mv=4090 charging=0 vbus=1
[19:42:49] TINYDRAW_POWER battery=100 voltage_mv=4091 charging=0 vbus=1
[19:42:52] TINYDRAW_POWER battery=100 voltage_mv=4090 charging=0 vbus=1
[19:42:53] TINYDRAW_POWER battery=100 voltage_mv=4092 charging=0 vbus=1
[19:42:54] TINYDRAW_POWER battery=100 voltage_mv=4090 charging=0 vbus=1
[19:42:55] TINYDRAW_POWER battery=100 voltage_mv=4091 charging=0 vbus=1
[19:42:57] TINYDRAW_POWER battery=100 voltage_mv=4090 charging=0 vbus=1
[19:42:58] TINYDRAW_POWER battery=100 voltage_mv=4091 charging=0 vbus=1
[19:42:59] TINYDRAW_POWER battery=100 voltage_mv=4090 charging=0 vbus=1
[19:43:00] TINYDRAW_POWER battery=100 voltage_mv=4091 charging=0 vbus=1
[19:43:01] TINYDRAW_POWER battery=100 voltage_mv=4092 charging=0 vbus=1
[19:43:02] TINYDRAW_POWER battery=100 voltage_mv=4090 charging=0 vbus=1
[19:43:04] TINYDRAW_POWER battery=100 voltage_mv=4095 charging=0 vbus=1
[19:43:05] TINYDRAW_POWER battery=100 voltage_mv=4091 charging=0 vbus=1
[19:43:08] TINYDRAW_POWER battery=100 voltage_mv=4090 charging=0 vbus=1
[19:43:10] TINYDRAW_POWER battery=100 voltage_mv=4092 charging=0 vbus=1
[19:43:12] TINYDRAW_POWER battery=100 voltage_mv=4089 charging=0 vbus=1
[19:43:13] TINYDRAW_POWER battery=100 voltage_mv=4093 charging=0 vbus=1
[19:43:14] TINYDRAW_POWER battery=100 voltage_mv=4090 charging=0 vbus=1
[19:43:15] TINYDRAW_POWER battery=100 voltage_mv=4092 charging=0 vbus=1
[19:43:17] TINYDRAW_POWER battery=100 voltage_mv=4091 charging=0 vbus=1
[19:43:19] TINYDRAW_POWER battery=100 voltage_mv=4090 charging=0 vbus=1
[19:43:21] TINYDRAW_POWER battery=100 voltage_mv=4089 charging=0 vbus=1
[19:43:23] TINYDRAW_POWER battery=100 voltage_mv=4090 charging=0 vbus=1
[19:43:24] TINYDRAW_POWER battery=100 voltage_mv=4091 charging=0 vbus=1
[19:43:26] TINYDRAW_POWER battery=100 voltage_mv=4089 charging=0 vbus=1
[19:43:27] TINYDRAW_POWER battery=100 voltage_mv=4091 charging=0 vbus=1
[19:43:28] TINYDRAW_POWER battery=100 voltage_mv=4092 charging=0 vbus=1
[19:43:32] TINYDRAW_POWER battery=100 voltage_mv=4090 charging=0 vbus=1
[19:43:33] TINYDRAW_POWER battery=100 voltage_mv=4091 charging=0 vbus=1
[19:43:34] TINYDRAW_POWER battery=100 voltage_mv=4090 charging=0 vbus=1
[19:43:38] TINYDRAW_POWER battery=100 voltage_mv=4092 charging=0 vbus=1
[19:43:40] TINYDRAW_POWER battery=100 voltage_mv=4091 charging=0 vbus=1
[19:43:41] TINYDRAW_POWER battery=100 voltage_mv=4092 charging=0 vbus=1
[19:43:43] TINYDRAW_POWER battery=100 voltage_mv=4090 charging=0 vbus=1
[19:43:44] TINYDRAW_POWER battery=100 voltage_mv=4091 charging=0 vbus=1
[19:43:46] TINYDRAW_POWER battery=100 voltage_mv=4090 charging=0 vbus=1
[19:43:47] TINYDRAW_POWER battery=100 voltage_mv=4089 charging=0 vbus=1
[19:43:48] TINYDRAW_POWER battery=100 voltage_mv=4090 charging=0 vbus=1
[19:43:49] TINYDRAW_POWER battery=100 voltage_mv=4091 charging=0 vbus=1
[19:43:50] TINYDRAW_POWER battery=100 voltage_mv=4088 charging=0 vbus=1
[19:43:51] TINYDRAW_POWER battery=100 voltage_mv=4091 charging=0 vbus=1
[19:43:52] TINYDRAW_POWER battery=100 voltage_mv=4092 charging=0 vbus=1
[19:43:53] TINYDRAW_POWER battery=100 voltage_mv=4091 charging=0 vbus=1
[19:43:54] TINYDRAW_POWER battery=100 voltage_mv=4090 charging=0 vbus=1
[19:43:55] TINYDRAW_POWER battery=100 voltage_mv=4092 charging=0 vbus=1
[19:43:56] TINYDRAW_POWER battery=100 voltage_mv=4091 charging=0 vbus=1
[19:43:57] TINYDRAW_POWER battery=100 voltage_mv=4092 charging=0 vbus=1
[19:43:58] TINYDRAW_POWER battery=100 voltage_mv=4090 charging=0 vbus=1
[19:43:59] TINYDRAW_POWER battery=100 voltage_mv=4089 charging=0 vbus=1
[19:44:00] TINYDRAW_POWER battery=100 voltage_mv=4091 charging=0 vbus=1
[19:44:01] TINYDRAW_POWER battery=100 voltage_mv=4090 charging=0 vbus=1
[19:44:03] TINYDRAW_POWER battery=100 voltage_mv=4091 charging=0 vbus=1
[19:44:04] TINYDRAW_POWER battery=100 voltage_mv=4089 charging=0 vbus=1
[19:44:05] TINYDRAW_POWER battery=100 voltage_mv=4091 charging=0 vbus=1
[19:44:08] TINYDRAW_POWER battery=100 voltage_mv=4090 charging=0 vbus=1
[19:44:09] TINYDRAW_POWER battery=100 voltage_mv=4091 charging=0 vbus=1
[19:44:10] TINYDRAW_POWER battery=100 voltage_mv=4090 charging=0 vbus=1
[19:44:11] TINYDRAW_POWER battery=100 voltage_mv=4092 charging=0 vbus=1
[19:44:12] TINYDRAW_POWER battery=100 voltage_mv=4090 charging=0 vbus=1
[19:44:13] TINYDRAW_POWER battery=100 voltage_mv=4088 charging=0 vbus=1
[19:44:14] TINYDRAW_POWER battery=100 voltage_mv=4090 charging=0 vbus=1
[19:44:15] TINYDRAW_POWER battery=100 voltage_mv=4092 charging=0 vbus=1
[19:44:16] TINYDRAW_POWER battery=100 voltage_mv=4091 charging=0 vbus=1
[19:44:17] TINYDRAW_POWER battery=100 voltage_mv=4094 charging=0 vbus=1
[19:44:18] TINYDRAW_POWER battery=100 voltage_mv=4091 charging=0 vbus=1
[19:44:21] TINYDRAW_POWER battery=100 voltage_mv=4090 charging=0 vbus=1
[19:44:22] TINYDRAW_POWER battery=100 voltage_mv=4091 charging=0 vbus=1
[19:44:23] TINYDRAW_POWER battery=100 voltage_mv=4092 charging=0 vbus=1
[19:44:24] TINYDRAW_POWER battery=100 voltage_mv=4091 charging=0 vbus=1
[19:44:27] TINYDRAW_POWER battery=100 voltage_mv=4092 charging=0 vbus=1
[19:44:29] TINYDRAW_POWER battery=100 voltage_mv=4091 charging=0 vbus=1
[19:44:30] TINYDRAW_POWER battery=100 voltage_mv=4090 charging=0 vbus=1
[19:44:31] TINYDRAW_POWER battery=100 voltage_mv=4092 charging=0 vbus=1
[19:44:33] TINYDRAW_POWER battery=100 voltage_mv=4091 charging=0 vbus=1
[19:44:34] TINYDRAW_POWER battery=100 voltage_mv=4090 charging=0 vbus=1
[19:44:35] TINYDRAW_POWER battery=100 voltage_mv=4091 charging=0 vbus=1
[19:44:37] TINYDRAW_POWER battery=100 voltage_mv=4090 charging=0 vbus=1
[19:44:38] TINYDRAW_POWER battery=100 voltage_mv=4088 charging=0 vbus=1
[19:44:39] TINYDRAW_POWER battery=100 voltage_mv=4091 charging=0 vbus=1
[19:44:40] [DEBUG-hw1] down x=186 y=195
[19:44:40] [DEBUG-hw1] up x=192 y=147 active=0
[19:44:40] TINYDRAW_POWER battery=100 voltage_mv=4092 charging=0 vbus=1
[19:44:40] [DEBUG-hw1] down x=196 y=91
[19:44:40] [DEBUG-hw1] up x=190 y=97 active=1
[19:44:40] TINYDRAW_VECTOR_STROKE strokes=1006 samples=20092
[19:44:40] [DEBUG-perf1] samples=8 updates_us=13769 average_us=1721 max_us=2044 finish_us=32299 display_prepare_us=225 display_transfer_us=1963 pushes=9 stroke_us=265964 touch_average_us=22423 touch_max_us=77986 max_input_lag_us=45840 max_queue=0
[19:44:40] TINYDRAW_FALLBACK_REPAIRED revision=7
[19:44:40] TINYDRAW_SETTLED_PROFILE zoom=100 generation=104 bands=1 segments=127 clear_us=9917 raster_us=3329 composite_us=2666 publish_us=29700 complete=1
[19:44:40] [DEBUG-hw1] down x=184 y=133
[19:44:41] [DEBUG-hw1] up x=183 y=145 active=1
[19:44:41] TINYDRAW_VECTOR_STROKE strokes=1007 samples=20099
[19:44:41] [DEBUG-perf1] samples=6 updates_us=6104 average_us=1017 max_us=1174 finish_us=31017 display_prepare_us=172 display_transfer_us=1666 pushes=7 stroke_us=107993 touch_average_us=12998 touch_max_us=13010 max_input_lag_us=42343 max_queue=3
[19:44:41] TINYDRAW_FALLBACK_REPAIRED revision=8
[19:44:41] TINYDRAW_SETTLED_PROFILE zoom=100 generation=107 bands=2 segments=128 clear_us=9889 raster_us=3378 composite_us=2750 publish_us=31519 complete=1
[19:44:41] TINYDRAW_POWER battery=99 voltage_mv=4091 charging=0 vbus=1
[19:44:42] TINYDRAW_POWER battery=100 voltage_mv=4094 charging=0 vbus=1
[19:44:43] TINYDRAW_POWER battery=100 voltage_mv=4091 charging=0 vbus=1
[19:44:44] TINYDRAW_POWER battery=100 voltage_mv=4090 charging=0 vbus=1
[19:44:45] TINYDRAW_POWER battery=100 voltage_mv=4093 charging=0 vbus=1
[19:44:46] TINYDRAW_POWER battery=100 voltage_mv=4092 charging=0 vbus=1
[19:44:47] TINYDRAW_POWER battery=100 voltage_mv=4090 charging=0 vbus=1
[19:44:48] TINYDRAW_POWER battery=100 voltage_mv=4092 charging=0 vbus=1
[19:44:49] TINYDRAW_POWER battery=100 voltage_mv=4091 charging=0 vbus=1
[19:44:50] [DEBUG-hw1] down x=11 y=392
[19:44:50] [DEBUG-hw1] up x=13 y=400 active=0
[19:44:51] TINYDRAW_POWER battery=100 voltage_mv=4090 charging=0 vbus=1
[19:44:52] TINYDRAW_POWER battery=100 voltage_mv=4092 charging=0 vbus=1
[19:44:53] TINYDRAW_POWER battery=100 voltage_mv=4089 charging=0 vbus=1
[19:44:54] TINYDRAW_POWER battery=100 voltage_mv=4091 charging=0 vbus=1
[19:44:55] TINYDRAW_POWER battery=100 voltage_mv=4090 charging=0 vbus=1
[19:44:56] TINYDRAW_POWER battery=100 voltage_mv=4092 charging=0 vbus=1
[19:44:57] TINYDRAW_POWER battery=100 voltage_mv=4093 charging=0 vbus=1
[19:44:58] TINYDRAW_POWER battery=100 voltage_mv=4091 charging=0 vbus=1
[19:44:59] TINYDRAW_POWER battery=100 voltage_mv=4090 charging=0 vbus=1
[19:45:00] TINYDRAW_POWER battery=100 voltage_mv=4091 charging=0 vbus=1
[19:45:01] TINYDRAW_POWER battery=100 voltage_mv=4093 charging=0 vbus=1
[19:45:02] TINYDRAW_POWER battery=100 voltage_mv=4091 charging=0 vbus=1
[19:45:03] TINYDRAW_POWER battery=100 voltage_mv=4092 charging=0 vbus=1
[19:45:04] TINYDRAW_POWER battery=100 voltage_mv=4091 charging=0 vbus=1
[19:45:06] TINYDRAW_POWER battery=100 voltage_mv=4090 charging=0 vbus=1
[19:45:08] TINYDRAW_POWER battery=100 voltage_mv=4091 charging=0 vbus=1
[19:45:09] TINYDRAW_POWER battery=100 voltage_mv=4090 charging=0 vbus=1
[19:45:10] TINYDRAW_POWER battery=100 voltage_mv=4091 charging=0 vbus=1
[19:45:11] TINYDRAW_POWER battery=100 voltage_mv=4089 charging=0 vbus=1
[19:45:12] TINYDRAW_POWER battery=100 voltage_mv=4094 charging=0 vbus=1
[19:45:13] TINYDRAW_POWER battery=100 voltage_mv=4091 charging=0 vbus=1
[19:45:14] TINYDRAW_POWER battery=100 voltage_mv=4093 charging=0 vbus=1
[19:45:15] TINYDRAW_POWER battery=100 voltage_mv=4091 charging=0 vbus=1
[19:45:17] TINYDRAW_POWER battery=100 voltage_mv=4092 charging=0 vbus=1
[19:45:18] TINYDRAW_POWER battery=100 voltage_mv=4093 charging=0 vbus=1
[19:45:19] TINYDRAW_POWER battery=100 voltage_mv=4092 charging=0 vbus=1
[19:45:20] TINYDRAW_POWER battery=100 voltage_mv=4091 charging=0 vbus=1
[19:45:21] TINYDRAW_POWER battery=100 voltage_mv=4090 charging=0 vbus=1
[19:45:22] TINYDRAW_POWER battery=100 voltage_mv=4089 charging=0 vbus=1
[19:45:23] TINYDRAW_POWER battery=100 voltage_mv=4090 charging=0 vbus=1
[19:45:25] TINYDRAW_POWER battery=100 voltage_mv=4092 charging=0 vbus=1
[19:45:27] TINYDRAW_POWER battery=100 voltage_mv=4091 charging=0 vbus=1
[19:45:28] TINYDRAW_POWER battery=100 voltage_mv=4089 charging=0 vbus=1
[19:45:29] TINYDRAW_POWER battery=100 voltage_mv=4090 charging=0 vbus=1
[19:45:30] TINYDRAW_POWER battery=100 voltage_mv=4092 charging=0 vbus=1
[19:45:33] TINYDRAW_POWER battery=100 voltage_mv=4091 charging=0 vbus=1
[19:45:34] TINYDRAW_POWER battery=100 voltage_mv=4092 charging=0 vbus=1
[19:45:35] TINYDRAW_POWER battery=100 voltage_mv=4090 charging=0 vbus=1
[19:45:36] TINYDRAW_POWER battery=100 voltage_mv=4093 charging=0 vbus=1
[19:45:37] TINYDRAW_POWER battery=100 voltage_mv=4092 charging=0 vbus=1
[19:45:38] TINYDRAW_POWER battery=100 voltage_mv=4091 charging=0 vbus=1
[19:45:40] TINYDRAW_POWER battery=100 voltage_mv=4092 charging=0 vbus=1
[19:45:41] TINYDRAW_POWER battery=100 voltage_mv=4091 charging=0 vbus=1
[19:45:44] TINYDRAW_POWER battery=100 voltage_mv=4092 charging=0 vbus=1
[19:45:45] TINYDRAW_POWER battery=100 voltage_mv=4090 charging=0 vbus=1
[19:45:46] TINYDRAW_POWER battery=100 voltage_mv=4093 charging=0 vbus=1
[19:45:47] TINYDRAW_POWER battery=100 voltage_mv=4092 charging=0 vbus=1
[19:45:50] TINYDRAW_POWER battery=100 voltage_mv=4090 charging=0 vbus=1
[19:45:51] TINYDRAW_POWER battery=100 voltage_mv=4089 charging=0 vbus=1
[19:45:52] TINYDRAW_POWER battery=100 voltage_mv=4091 charging=0 vbus=1
[19:45:53] TINYDRAW_POWER battery=100 voltage_mv=4090 charging=0 vbus=1
[19:45:54] TINYDRAW_POWER battery=100 voltage_mv=4091 charging=0 vbus=1
[19:45:55] TINYDRAW_POWER battery=100 voltage_mv=4093 charging=0 vbus=1
[19:45:56] TINYDRAW_POWER battery=100 voltage_mv=4090 charging=0 vbus=1
[19:45:58] TINYDRAW_POWER battery=100 voltage_mv=4091 charging=0 vbus=1
[19:46:01] TINYDRAW_POWER battery=100 voltage_mv=4090 charging=0 vbus=1
[19:46:02] TINYDRAW_POWER battery=100 voltage_mv=4092 charging=0 vbus=1
[19:46:03] TINYDRAW_POWER battery=100 voltage_mv=4090 charging=0 vbus=1
[19:46:04] TINYDRAW_POWER battery=100 voltage_mv=4092 charging=0 vbus=1
[19:46:06] TINYDRAW_POWER battery=100 voltage_mv=4090 charging=0 vbus=1
[19:46:09] TINYDRAW_POWER battery=100 voltage_mv=4091 charging=0 vbus=1
[19:46:10] TINYDRAW_POWER battery=100 voltage_mv=4090 charging=0 vbus=1
[19:46:11] TINYDRAW_POWER battery=100 voltage_mv=4089 charging=0 vbus=1
[19:46:12] TINYDRAW_POWER battery=100 voltage_mv=4093 charging=0 vbus=1
[19:46:13] TINYDRAW_POWER battery=100 voltage_mv=4092 charging=0 vbus=1
[19:46:18] TINYDRAW_POWER battery=100 voltage_mv=4090 charging=0 vbus=1
[19:46:19] TINYDRAW_POWER battery=100 voltage_mv=4089 charging=0 vbus=1
[19:46:20] TINYDRAW_POWER battery=100 voltage_mv=4095 charging=0 vbus=1
[19:46:21] TINYDRAW_POWER battery=100 voltage_mv=4092 charging=0 vbus=1
[19:46:22] TINYDRAW_POWER battery=100 voltage_mv=4091 charging=0 vbus=1
[19:46:23] TINYDRAW_POWER battery=100 voltage_mv=4092 charging=0 vbus=1
[19:46:25] TINYDRAW_POWER battery=100 voltage_mv=4094 charging=0 vbus=1
[19:46:26] TINYDRAW_POWER battery=100 voltage_mv=4093 charging=0 vbus=1
[19:46:28] TINYDRAW_POWER battery=100 voltage_mv=4092 charging=0 vbus=1
[19:46:30] TINYDRAW_POWER battery=100 voltage_mv=4091 charging=0 vbus=1
[19:46:34] TINYDRAW_POWER battery=100 voltage_mv=4092 charging=0 vbus=1
[19:46:35] TINYDRAW_POWER battery=100 voltage_mv=4091 charging=0 vbus=1
[19:46:36] TINYDRAW_POWER battery=100 voltage_mv=4092 charging=0 vbus=1
[19:46:39] TINYDRAW_POWER battery=100 voltage_mv=4093 charging=0 vbus=1
[19:46:40] TINYDRAW_POWER battery=100 voltage_mv=4092 charging=0 vbus=1
[19:46:42] TINYDRAW_POWER battery=100 voltage_mv=4091 charging=0 vbus=1
[19:46:43] TINYDRAW_POWER battery=100 voltage_mv=4090 charging=0 vbus=1
[19:46:44] TINYDRAW_POWER battery=100 voltage_mv=4093 charging=0 vbus=1
[19:46:46] TINYDRAW_POWER battery=100 voltage_mv=4090 charging=0 vbus=1
[19:46:47] TINYDRAW_POWER battery=100 voltage_mv=4092 charging=0 vbus=1
[19:46:49] TINYDRAW_POWER battery=100 voltage_mv=4093 charging=0 vbus=1
[19:46:50] TINYDRAW_POWER battery=100 voltage_mv=4090 charging=0 vbus=1
[19:46:51] TINYDRAW_POWER battery=100 voltage_mv=4093 charging=0 vbus=1
[19:46:52] TINYDRAW_POWER battery=100 voltage_mv=4092 charging=0 vbus=1
[19:46:54] TINYDRAW_POWER battery=100 voltage_mv=4091 charging=0 vbus=1
[19:46:55] TINYDRAW_POWER battery=100 voltage_mv=4092 charging=0 vbus=1
[19:46:57] TINYDRAW_POWER battery=100 voltage_mv=4091 charging=0 vbus=1
[19:46:58] TINYDRAW_POWER battery=100 voltage_mv=4092 charging=0 vbus=1
[19:46:59] TINYDRAW_POWER battery=100 voltage_mv=4089 charging=0 vbus=1
[19:47:00] TINYDRAW_POWER battery=100 voltage_mv=4093 charging=0 vbus=1
[19:47:01] TINYDRAW_POWER battery=100 voltage_mv=4091 charging=0 vbus=1
[19:47:04] TINYDRAW_POWER battery=100 voltage_mv=4092 charging=0 vbus=1
[19:47:05] TINYDRAW_POWER battery=100 voltage_mv=4091 charging=0 vbus=1
[19:47:07] TINYDRAW_POWER battery=100 voltage_mv=4093 charging=0 vbus=1
[19:47:08] TINYDRAW_POWER battery=100 voltage_mv=4092 charging=0 vbus=1
[19:47:10] TINYDRAW_POWER battery=100 voltage_mv=4090 charging=0 vbus=1
[19:47:11] TINYDRAW_POWER battery=100 voltage_mv=4091 charging=0 vbus=1
[19:47:12] TINYDRAW_POWER battery=100 voltage_mv=4090 charging=0 vbus=1
[19:47:13] TINYDRAW_POWER battery=100 voltage_mv=4091 charging=0 vbus=1
[19:47:14] TINYDRAW_POWER battery=100 voltage_mv=4092 charging=0 vbus=1
[19:47:16] TINYDRAW_POWER battery=100 voltage_mv=4090 charging=0 vbus=1
[19:47:17] TINYDRAW_POWER battery=100 voltage_mv=4093 charging=0 vbus=1
[19:47:18] TINYDRAW_POWER battery=100 voltage_mv=4092 charging=0 vbus=1
[19:47:19] TINYDRAW_POWER battery=100 voltage_mv=4090 charging=0 vbus=1
[19:47:20] TINYDRAW_POWER battery=100 voltage_mv=4094 charging=0 vbus=1
[19:47:21] TINYDRAW_POWER battery=100 voltage_mv=4092 charging=0 vbus=1
[19:47:22] TINYDRAW_POWER battery=100 voltage_mv=4090 charging=0 vbus=1
[19:47:23] TINYDRAW_POWER battery=100 voltage_mv=4089 charging=0 vbus=1
[19:47:24] TINYDRAW_POWER battery=100 voltage_mv=4092 charging=0 vbus=1
[19:47:25] TINYDRAW_POWER battery=100 voltage_mv=4091 charging=0 vbus=1
[19:47:27] TINYDRAW_POWER battery=100 voltage_mv=4092 charging=0 vbus=1
[19:47:28] TINYDRAW_POWER battery=100 voltage_mv=4093 charging=0 vbus=1
[19:47:29] TINYDRAW_POWER battery=99 voltage_mv=4090 charging=0 vbus=1
[19:47:30] TINYDRAW_POWER battery=100 voltage_mv=4091 charging=0 vbus=1
[19:47:31] TINYDRAW_POWER battery=100 voltage_mv=4092 charging=0 vbus=1
[19:47:32] TINYDRAW_POWER battery=100 voltage_mv=4091 charging=0 vbus=1
[19:47:33] TINYDRAW_POWER battery=100 voltage_mv=4092 charging=0 vbus=1
[19:47:34] TINYDRAW_POWER battery=100 voltage_mv=4091 charging=0 vbus=1
[19:47:36] TINYDRAW_POWER battery=100 voltage_mv=4093 charging=0 vbus=1
[19:47:37] TINYDRAW_POWER battery=100 voltage_mv=4090 charging=0 vbus=1
[19:47:39] TINYDRAW_POWER battery=100 voltage_mv=4092 charging=0 vbus=1
[19:47:40] TINYDRAW_POWER battery=100 voltage_mv=4090 charging=0 vbus=1
[19:47:41] TINYDRAW_POWER battery=100 voltage_mv=4092 charging=0 vbus=1
[19:47:43] TINYDRAW_POWER battery=100 voltage_mv=4093 charging=0 vbus=1
[19:47:44] TINYDRAW_POWER battery=100 voltage_mv=4091 charging=0 vbus=1
[19:47:45] TINYDRAW_POWER battery=100 voltage_mv=4093 charging=0 vbus=1
[19:47:46] TINYDRAW_POWER battery=100 voltage_mv=4090 charging=0 vbus=1
[19:47:47] TINYDRAW_POWER battery=100 voltage_mv=4092 charging=0 vbus=1
[19:47:48] TINYDRAW_POWER battery=100 voltage_mv=4090 charging=0 vbus=1
[19:47:49] TINYDRAW_POWER battery=100 voltage_mv=4091 charging=0 vbus=1
[19:47:51] TINYDRAW_POWER battery=100 voltage_mv=4092 charging=0 vbus=1
[19:47:55] TINYDRAW_POWER battery=100 voltage_mv=4091 charging=0 vbus=1
[19:47:56] TINYDRAW_POWER battery=100 voltage_mv=4090 charging=0 vbus=1
[19:47:57] TINYDRAW_POWER battery=100 voltage_mv=4089 charging=0 vbus=1
[19:47:58] TINYDRAW_POWER battery=100 voltage_mv=4091 charging=0 vbus=1
[19:47:59] TINYDRAW_POWER battery=100 voltage_mv=4093 charging=0 vbus=1
[19:48:00] TINYDRAW_POWER battery=100 voltage_mv=4092 charging=0 vbus=1
[19:48:02] TINYDRAW_POWER battery=100 voltage_mv=4091 charging=0 vbus=1
[19:48:03] TINYDRAW_POWER battery=100 voltage_mv=4090 charging=0 vbus=1
[19:48:04] TINYDRAW_POWER battery=100 voltage_mv=4091 charging=0 vbus=1
[19:48:06] TINYDRAW_POWER battery=100 voltage_mv=4090 charging=0 vbus=1
[19:48:07] TINYDRAW_POWER battery=100 voltage_mv=4092 charging=0 vbus=1
[19:48:08] TINYDRAW_POWER battery=100 voltage_mv=4091 charging=0 vbus=1
[19:48:11] TINYDRAW_POWER battery=100 voltage_mv=4092 charging=0 vbus=1
[19:48:12] TINYDRAW_POWER battery=100 voltage_mv=4090 charging=0 vbus=1
[19:48:13] TINYDRAW_POWER battery=100 voltage_mv=4092 charging=0 vbus=1
[19:48:14] TINYDRAW_POWER battery=100 voltage_mv=4090 charging=0 vbus=1
[19:48:15] TINYDRAW_POWER battery=100 voltage_mv=4091 charging=0 vbus=1
[19:48:16] TINYDRAW_POWER battery=100 voltage_mv=4093 charging=0 vbus=1
[19:48:17] TINYDRAW_POWER battery=100 voltage_mv=4092 charging=0 vbus=1
[19:48:18] TINYDRAW_POWER battery=100 voltage_mv=4089 charging=0 vbus=1
[19:48:19] TINYDRAW_POWER battery=100 voltage_mv=4090 charging=0 vbus=1
[19:48:20] TINYDRAW_POWER battery=100 voltage_mv=4092 charging=0 vbus=1
[19:48:22] TINYDRAW_POWER battery=100 voltage_mv=4090 charging=0 vbus=1
[19:48:23] TINYDRAW_POWER battery=100 voltage_mv=4093 charging=0 vbus=1
[19:48:24] TINYDRAW_POWER battery=100 voltage_mv=4091 charging=0 vbus=1
[19:48:25] TINYDRAW_POWER battery=100 voltage_mv=4090 charging=0 vbus=1
[19:48:28] TINYDRAW_POWER battery=100 voltage_mv=4092 charging=0 vbus=1
[19:48:29] TINYDRAW_POWER battery=100 voltage_mv=4093 charging=0 vbus=1
[19:48:30] TINYDRAW_POWER battery=100 voltage_mv=4092 charging=0 vbus=1
[19:48:31] TINYDRAW_POWER battery=100 voltage_mv=4091 charging=0 vbus=1
[19:48:33] TINYDRAW_POWER battery=100 voltage_mv=4092 charging=0 vbus=1
[19:48:34] TINYDRAW_POWER battery=100 voltage_mv=4090 charging=0 vbus=1
[19:48:35] TINYDRAW_POWER battery=100 voltage_mv=4091 charging=0 vbus=1
[19:48:36] TINYDRAW_POWER battery=100 voltage_mv=4090 charging=0 vbus=1
[19:48:37] TINYDRAW_POWER battery=100 voltage_mv=4092 charging=0 vbus=1
[19:48:38] TINYDRAW_POWER battery=100 voltage_mv=4091 charging=0 vbus=1
[19:48:39] TINYDRAW_POWER battery=100 voltage_mv=4093 charging=0 vbus=1
[19:48:41] TINYDRAW_POWER battery=100 voltage_mv=4092 charging=0 vbus=1
[19:48:42] TINYDRAW_POWER battery=100 voltage_mv=4093 charging=0 vbus=1
[19:48:43] TINYDRAW_POWER battery=100 voltage_mv=4089 charging=0 vbus=1
[19:48:44] TINYDRAW_POWER battery=100 voltage_mv=4092 charging=0 vbus=1
[19:48:45] TINYDRAW_POWER battery=100 voltage_mv=4093 charging=0 vbus=1
[19:48:46] TINYDRAW_POWER battery=100 voltage_mv=4091 charging=0 vbus=1
[19:48:47] TINYDRAW_POWER battery=100 voltage_mv=4092 charging=0 vbus=1
[19:48:49] TINYDRAW_POWER battery=100 voltage_mv=4090 charging=0 vbus=1
[19:48:50] TINYDRAW_POWER battery=100 voltage_mv=4093 charging=0 vbus=1
[19:48:51] TINYDRAW_POWER battery=100 voltage_mv=4091 charging=0 vbus=1
[19:48:52] TINYDRAW_POWER battery=100 voltage_mv=4089 charging=0 vbus=1
[19:48:53] TINYDRAW_POWER battery=100 voltage_mv=4093 charging=0 vbus=1
[19:48:54] TINYDRAW_POWER battery=100 voltage_mv=4091 charging=0 vbus=1
[19:48:56] TINYDRAW_POWER battery=100 voltage_mv=4089 charging=0 vbus=1
[19:48:57] TINYDRAW_POWER battery=100 voltage_mv=4091 charging=0 vbus=1
[19:48:59] TINYDRAW_POWER battery=100 voltage_mv=4089 charging=0 vbus=1
[19:49:00] TINYDRAW_POWER battery=100 voltage_mv=4090 charging=0 vbus=1
[19:49:01] TINYDRAW_POWER battery=100 voltage_mv=4091 charging=0 vbus=1
[19:49:02] TINYDRAW_POWER battery=100 voltage_mv=4090 charging=0 vbus=1
[19:49:03] TINYDRAW_POWER battery=100 voltage_mv=4094 charging=0 vbus=1
[19:49:04] TINYDRAW_POWER battery=100 voltage_mv=4092 charging=0 vbus=1
[19:49:06] TINYDRAW_POWER battery=100 voltage_mv=4091 charging=0 vbus=1
[19:49:07] TINYDRAW_POWER battery=100 voltage_mv=4089 charging=0 vbus=1
[19:49:09] TINYDRAW_POWER battery=100 voltage_mv=4092 charging=0 vbus=1
[19:49:10] TINYDRAW_POWER battery=100 voltage_mv=4091 charging=0 vbus=1
[19:49:13] TINYDRAW_POWER battery=100 voltage_mv=4092 charging=0 vbus=1
[19:49:14] TINYDRAW_POWER battery=100 voltage_mv=4091 charging=0 vbus=1
[19:49:15] TINYDRAW_POWER battery=100 voltage_mv=4093 charging=0 vbus=1
[19:49:16] TINYDRAW_POWER battery=100 voltage_mv=4091 charging=0 vbus=1
[19:49:17] TINYDRAW_POWER battery=100 voltage_mv=4092 charging=0 vbus=1
[19:49:18] TINYDRAW_POWER battery=100 voltage_mv=4090 charging=0 vbus=1
[19:49:19] TINYDRAW_POWER battery=100 voltage_mv=4092 charging=0 vbus=1
[19:49:20] TINYDRAW_POWER battery=100 voltage_mv=4093 charging=0 vbus=1
[19:49:21] TINYDRAW_POWER battery=100 voltage_mv=4092 charging=0 vbus=1
[19:49:23] TINYDRAW_POWER battery=100 voltage_mv=4090 charging=0 vbus=1
[19:49:24] TINYDRAW_POWER battery=100 voltage_mv=4092 charging=0 vbus=1
[19:49:25] TINYDRAW_POWER battery=100 voltage_mv=4090 charging=0 vbus=1
[19:49:26] TINYDRAW_POWER battery=100 voltage_mv=4091 charging=0 vbus=1
[19:49:27] TINYDRAW_POWER battery=100 voltage_mv=4090 charging=0 vbus=1
[19:49:29] TINYDRAW_POWER battery=100 voltage_mv=4093 charging=0 vbus=1
[19:49:30] TINYDRAW_POWER battery=100 voltage_mv=4091 charging=0 vbus=1
[19:49:31] TINYDRAW_POWER battery=100 voltage_mv=4093 charging=0 vbus=1
[19:49:32] TINYDRAW_POWER battery=100 voltage_mv=4091 charging=0 vbus=1
[19:49:34] TINYDRAW_POWER battery=100 voltage_mv=4092 charging=0 vbus=1
[19:49:35] TINYDRAW_POWER battery=100 voltage_mv=4093 charging=0 vbus=1
[19:49:36] TINYDRAW_POWER battery=100 voltage_mv=4091 charging=0 vbus=1
[19:49:38] TINYDRAW_POWER battery=100 voltage_mv=4090 charging=0 vbus=1
[19:49:41] TINYDRAW_POWER battery=100 voltage_mv=4091 charging=0 vbus=1
[19:49:45] TINYDRAW_POWER battery=100 voltage_mv=4090 charging=0 vbus=1
[19:49:46] TINYDRAW_POWER battery=100 voltage_mv=4092 charging=0 vbus=1
[19:49:48] TINYDRAW_POWER battery=100 voltage_mv=4093 charging=0 vbus=1
[19:49:49] TINYDRAW_POWER battery=100 voltage_mv=4092 charging=0 vbus=1
[19:49:51] TINYDRAW_POWER battery=100 voltage_mv=4090 charging=0 vbus=1
[19:49:54] TINYDRAW_POWER battery=100 voltage_mv=4092 charging=0 vbus=1
[19:49:55] TINYDRAW_POWER battery=100 voltage_mv=4090 charging=0 vbus=1
[19:49:56] TINYDRAW_POWER battery=100 voltage_mv=4091 charging=0 vbus=1
[19:49:57] TINYDRAW_POWER battery=100 voltage_mv=4090 charging=0 vbus=1
[19:49:58] TINYDRAW_POWER battery=100 voltage_mv=4093 charging=0 vbus=1
[19:49:59] TINYDRAW_POWER battery=100 voltage_mv=4090 charging=0 vbus=1
[19:50:00] TINYDRAW_POWER battery=100 voltage_mv=4092 charging=0 vbus=1
[19:50:01] TINYDRAW_POWER battery=100 voltage_mv=4094 charging=0 vbus=1
[19:50:02] TINYDRAW_POWER battery=100 voltage_mv=4091 charging=0 vbus=1
[19:50:03] TINYDRAW_POWER battery=100 voltage_mv=4092 charging=0 vbus=1
[19:50:04] TINYDRAW_POWER battery=100 voltage_mv=4091 charging=0 vbus=1
[19:50:05] TINYDRAW_POWER battery=100 voltage_mv=4093 charging=0 vbus=1
[19:50:06] TINYDRAW_POWER battery=100 voltage_mv=4092 charging=0 vbus=1
[19:50:08] TINYDRAW_POWER battery=100 voltage_mv=4093 charging=0 vbus=1
[19:50:09] TINYDRAW_POWER battery=100 voltage_mv=4089 charging=0 vbus=1
[19:50:10] TINYDRAW_POWER battery=100 voltage_mv=4092 charging=0 vbus=1
[19:50:11] TINYDRAW_POWER battery=100 voltage_mv=4091 charging=0 vbus=1
[19:50:12] TINYDRAW_POWER battery=100 voltage_mv=4092 charging=0 vbus=1
[19:50:13] TINYDRAW_POWER battery=100 voltage_mv=4094 charging=0 vbus=1
[19:50:14] TINYDRAW_POWER battery=100 voltage_mv=4092 charging=0 vbus=1
[19:50:16] TINYDRAW_POWER battery=99 voltage_mv=4090 charging=0 vbus=1
[19:50:17] TINYDRAW_POWER battery=100 voltage_mv=4092 charging=0 vbus=1
[19:50:20] TINYDRAW_POWER battery=100 voltage_mv=4091 charging=0 vbus=1
[19:50:21] TINYDRAW_POWER battery=100 voltage_mv=4090 charging=0 vbus=1
[19:50:22] TINYDRAW_POWER battery=100 voltage_mv=4092 charging=0 vbus=1
[19:50:23] TINYDRAW_POWER battery=100 voltage_mv=4093 charging=0 vbus=1
[19:50:24] TINYDRAW_POWER battery=100 voltage_mv=4091 charging=0 vbus=1
[19:50:27] TINYDRAW_POWER battery=100 voltage_mv=4092 charging=0 vbus=1
[19:50:30] TINYDRAW_POWER battery=100 voltage_mv=4093 charging=0 vbus=1
[19:50:31] TINYDRAW_POWER battery=100 voltage_mv=4092 charging=0 vbus=1
[19:50:33] TINYDRAW_POWER battery=100 voltage_mv=4091 charging=0 vbus=1
[19:50:36] TINYDRAW_POWER battery=100 voltage_mv=4092 charging=0 vbus=1
[19:50:37] TINYDRAW_POWER battery=100 voltage_mv=4093 charging=0 vbus=1
[19:50:38] TINYDRAW_POWER battery=100 voltage_mv=4092 charging=0 vbus=1
[19:50:41] TINYDRAW_POWER battery=100 voltage_mv=4090 charging=0 vbus=1
[19:50:42] TINYDRAW_POWER battery=100 voltage_mv=4092 charging=0 vbus=1
[19:50:43] TINYDRAW_POWER battery=100 voltage_mv=4089 charging=0 vbus=1
[19:50:44] TINYDRAW_POWER battery=100 voltage_mv=4090 charging=0 vbus=1
[19:50:45] TINYDRAW_POWER battery=100 voltage_mv=4093 charging=0 vbus=1
[19:50:46] TINYDRAW_POWER battery=100 voltage_mv=4091 charging=0 vbus=1
[19:50:47] TINYDRAW_POWER battery=100 voltage_mv=4089 charging=0 vbus=1
[19:50:48] TINYDRAW_POWER battery=100 voltage_mv=4090 charging=0 vbus=1
[19:50:49] TINYDRAW_POWER battery=100 voltage_mv=4091 charging=0 vbus=1
[19:50:50] TINYDRAW_POWER battery=100 voltage_mv=4092 charging=0 vbus=1
[19:50:51] TINYDRAW_POWER battery=100 voltage_mv=4090 charging=0 vbus=1
[19:50:52] TINYDRAW_POWER battery=100 voltage_mv=4092 charging=0 vbus=1
[19:50:53] TINYDRAW_POWER battery=100 voltage_mv=4091 charging=0 vbus=1
[19:50:55] TINYDRAW_POWER battery=100 voltage_mv=4092 charging=0 vbus=1
[19:50:56] TINYDRAW_POWER battery=100 voltage_mv=4091 charging=0 vbus=1
[19:50:57] TINYDRAW_POWER battery=100 voltage_mv=4093 charging=0 vbus=1
[19:50:59] TINYDRAW_POWER battery=100 voltage_mv=4091 charging=0 vbus=1
[19:51:01] TINYDRAW_POWER battery=100 voltage_mv=4090 charging=0 vbus=1
[19:51:02] TINYDRAW_POWER battery=100 voltage_mv=4095 charging=0 vbus=1
[19:51:03] TINYDRAW_POWER battery=100 voltage_mv=4092 charging=0 vbus=1
[19:51:04] TINYDRAW_POWER battery=100 voltage_mv=4091 charging=0 vbus=1
[19:51:07] TINYDRAW_POWER battery=100 voltage_mv=4090 charging=0 vbus=1
[19:51:08] TINYDRAW_POWER battery=100 voltage_mv=4091 charging=0 vbus=1
[19:51:09] TINYDRAW_POWER battery=100 voltage_mv=4094 charging=0 vbus=1
[19:51:10] TINYDRAW_POWER battery=100 voltage_mv=4090 charging=0 vbus=1
[19:51:11] TINYDRAW_POWER battery=100 voltage_mv=4091 charging=0 vbus=1
[19:51:12] TINYDRAW_POWER battery=100 voltage_mv=4092 charging=0 vbus=1
[19:51:13] TINYDRAW_POWER battery=100 voltage_mv=4093 charging=0 vbus=1
[19:51:14] TINYDRAW_POWER battery=100 voltage_mv=4089 charging=0 vbus=1
[19:51:15] TINYDRAW_POWER battery=100 voltage_mv=4090 charging=0 vbus=1
[19:51:16] TINYDRAW_POWER battery=100 voltage_mv=4088 charging=0 vbus=1
[19:51:17] TINYDRAW_POWER battery=100 voltage_mv=4092 charging=0 vbus=1
[19:51:18] TINYDRAW_POWER battery=100 voltage_mv=4091 charging=0 vbus=1
[19:51:20] TINYDRAW_POWER battery=100 voltage_mv=4095 charging=0 vbus=1
[19:51:21] TINYDRAW_POWER battery=100 voltage_mv=4093 charging=0 vbus=1
[19:51:22] TINYDRAW_POWER battery=100 voltage_mv=4090 charging=0 vbus=1
[19:51:25] TINYDRAW_POWER battery=100 voltage_mv=4091 charging=0 vbus=1
[19:51:26] TINYDRAW_POWER battery=100 voltage_mv=4090 charging=0 vbus=1
[19:51:27] TINYDRAW_POWER battery=100 voltage_mv=4092 charging=0 vbus=1
[19:51:28] TINYDRAW_POWER battery=100 voltage_mv=4091 charging=0 vbus=1
[19:51:30] TINYDRAW_POWER battery=100 voltage_mv=4090 charging=0 vbus=1
[19:51:31] TINYDRAW_POWER battery=100 voltage_mv=4091 charging=0 vbus=1
[19:51:32] TINYDRAW_POWER battery=100 voltage_mv=4092 charging=0 vbus=1
[19:51:33] TINYDRAW_POWER battery=100 voltage_mv=4090 charging=0 vbus=1
[19:51:34] TINYDRAW_POWER battery=100 voltage_mv=4093 charging=0 vbus=1
[19:51:35] TINYDRAW_POWER battery=100 voltage_mv=4090 charging=0 vbus=1
[19:51:36] TINYDRAW_POWER battery=100 voltage_mv=4092 charging=0 vbus=1
[19:51:37] TINYDRAW_POWER battery=100 voltage_mv=4091 charging=0 vbus=1
[19:51:39] TINYDRAW_POWER battery=100 voltage_mv=4090 charging=0 vbus=1
[19:51:40] TINYDRAW_POWER battery=100 voltage_mv=4093 charging=0 vbus=1
[19:51:41] TINYDRAW_POWER battery=100 voltage_mv=4092 charging=0 vbus=1
[19:51:42] TINYDRAW_POWER battery=100 voltage_mv=4089 charging=0 vbus=1
[19:51:43] TINYDRAW_POWER battery=100 voltage_mv=4093 charging=0 vbus=1
[19:51:45] TINYDRAW_POWER battery=100 voltage_mv=4090 charging=0 vbus=1
[19:51:46] TINYDRAW_POWER battery=100 voltage_mv=4091 charging=0 vbus=1
[19:51:47] TINYDRAW_POWER battery=100 voltage_mv=4092 charging=0 vbus=1
[19:51:51] TINYDRAW_POWER battery=100 voltage_mv=4091 charging=0 vbus=1
[19:51:53] TINYDRAW_POWER battery=100 voltage_mv=4092 charging=0 vbus=1
[19:51:54] TINYDRAW_POWER battery=100 voltage_mv=4090 charging=0 vbus=1
[19:51:55] TINYDRAW_POWER battery=100 voltage_mv=4089 charging=0 vbus=1
[19:51:56] TINYDRAW_POWER battery=100 voltage_mv=4094 charging=0 vbus=1
[19:51:57] TINYDRAW_POWER battery=100 voltage_mv=4091 charging=0 vbus=1
[19:51:58] TINYDRAW_POWER battery=100 voltage_mv=4090 charging=0 vbus=1
[19:51:59] TINYDRAW_POWER battery=100 voltage_mv=4093 charging=0 vbus=1
[19:52:00] TINYDRAW_POWER battery=100 voltage_mv=4092 charging=0 vbus=1
[19:52:01] TINYDRAW_POWER battery=100 voltage_mv=4093 charging=0 vbus=1
[19:52:02] TINYDRAW_POWER battery=100 voltage_mv=4090 charging=0 vbus=1
[19:52:05] TINYDRAW_POWER battery=100 voltage_mv=4091 charging=0 vbus=1
[19:52:06] TINYDRAW_POWER battery=100 voltage_mv=4093 charging=0 vbus=1
[19:52:07] TINYDRAW_POWER battery=100 voltage_mv=4092 charging=0 vbus=1
[19:52:08] TINYDRAW_POWER battery=100 voltage_mv=4091 charging=0 vbus=1
[19:52:09] TINYDRAW_POWER battery=100 voltage_mv=4093 charging=0 vbus=1
[19:52:11] TINYDRAW_POWER battery=100 voltage_mv=4091 charging=0 vbus=1
[19:52:12] TINYDRAW_POWER battery=100 voltage_mv=4093 charging=0 vbus=1
[19:52:13] TINYDRAW_POWER battery=100 voltage_mv=4089 charging=0 vbus=1
[19:52:14] TINYDRAW_POWER battery=100 voltage_mv=4095 charging=0 vbus=1
[19:52:15] TINYDRAW_POWER battery=100 voltage_mv=4093 charging=0 vbus=1
[19:52:16] TINYDRAW_POWER battery=100 voltage_mv=4091 charging=0 vbus=1
[19:52:17] TINYDRAW_POWER battery=100 voltage_mv=4092 charging=0 vbus=1
[19:52:18] TINYDRAW_POWER battery=100 voltage_mv=4091 charging=0 vbus=1
[19:52:20] TINYDRAW_POWER battery=100 voltage_mv=4092 charging=0 vbus=1
[19:52:21] TINYDRAW_POWER battery=100 voltage_mv=4090 charging=0 vbus=1
[19:52:22] TINYDRAW_POWER battery=100 voltage_mv=4093 charging=0 vbus=1
[19:52:23] TINYDRAW_POWER battery=100 voltage_mv=4094 charging=0 vbus=1
[19:52:24] TINYDRAW_POWER battery=100 voltage_mv=4092 charging=0 vbus=1
[19:52:27] TINYDRAW_POWER battery=100 voltage_mv=4091 charging=0 vbus=1
[19:52:28] TINYDRAW_POWER battery=100 voltage_mv=4093 charging=0 vbus=1
[19:52:29] TINYDRAW_POWER battery=100 voltage_mv=4092 charging=0 vbus=1
[19:52:30] TINYDRAW_POWER battery=100 voltage_mv=4091 charging=0 vbus=1
[19:52:31] TINYDRAW_POWER battery=100 voltage_mv=4090 charging=0 vbus=1
[19:52:33] TINYDRAW_POWER battery=100 voltage_mv=4091 charging=0 vbus=1
[19:52:37] TINYDRAW_POWER battery=100 voltage_mv=4092 charging=0 vbus=1
[19:52:38] TINYDRAW_POWER battery=100 voltage_mv=4091 charging=0 vbus=1
[19:52:39] TINYDRAW_POWER battery=100 voltage_mv=4090 charging=0 vbus=1
[19:52:40] TINYDRAW_POWER battery=100 voltage_mv=4091 charging=0 vbus=1
[19:52:41] TINYDRAW_POWER battery=100 voltage_mv=4093 charging=0 vbus=1
[19:52:42] TINYDRAW_POWER battery=100 voltage_mv=4091 charging=0 vbus=1
[19:52:44] TINYDRAW_POWER battery=100 voltage_mv=4090 charging=0 vbus=1
[19:52:45] TINYDRAW_POWER battery=100 voltage_mv=4092 charging=0 vbus=1
[19:52:46] TINYDRAW_POWER battery=100 voltage_mv=4091 charging=0 vbus=1
[19:52:48] TINYDRAW_POWER battery=100 voltage_mv=4090 charging=0 vbus=1
[19:52:48] [DEBUG-hw1] down x=295 y=22
[19:52:49] [DEBUG-hw1] up x=271 y=19 active=1
[19:52:49] TINYDRAW_VECTOR_STROKE strokes=1008 samples=20106
[19:52:49] [DEBUG-perf1] samples=6 updates_us=8218 average_us=1369 max_us=1728 finish_us=31437 display_prepare_us=1040 display_transfer_us=1550 pushes=7 stroke_us=95996 touch_average_us=12999 touch_max_us=14008 max_input_lag_us=41370 max_queue=3
[19:52:49] TINYDRAW_FALLBACK_REPAIRED revision=9
[19:52:49] TINYDRAW_SETTLED_PROFILE zoom=100 generation=110 bands=1 segments=129 clear_us=9913 raster_us=3618 composite_us=2817 publish_us=29831 complete=1
[19:52:49] TINYDRAW_POWER battery=100 voltage_mv=4092 charging=0 vbus=1
[19:52:50] TINYDRAW_POWER battery=100 voltage_mv=4091 charging=0 vbus=1
[19:52:51] TINYDRAW_POWER battery=100 voltage_mv=4090 charging=0 vbus=1
[19:52:52] TINYDRAW_POWER battery=100 voltage_mv=4094 charging=0 vbus=1
[19:52:53] TINYDRAW_POWER battery=100 voltage_mv=4091 charging=0 vbus=1
[19:52:54] TINYDRAW_POWER battery=100 voltage_mv=4090 charging=0 vbus=1
[19:52:55] TINYDRAW_POWER battery=100 voltage_mv=4092 charging=0 vbus=1
[19:52:56] TINYDRAW_POWER battery=100 voltage_mv=4091 charging=0 vbus=1
[19:52:59] TINYDRAW_POWER battery=100 voltage_mv=4090 charging=0 vbus=1
[19:53:00] TINYDRAW_POWER battery=100 voltage_mv=4092 charging=0 vbus=1
[19:53:01] TINYDRAW_POWER battery=100 voltage_mv=4089 charging=0 vbus=1
[19:53:02] TINYDRAW_POWER battery=100 voltage_mv=4090 charging=0 vbus=1
[19:53:03] TINYDRAW_POWER battery=100 voltage_mv=4091 charging=0 vbus=1
[19:53:04] TINYDRAW_POWER battery=100 voltage_mv=4090 charging=0 vbus=1
[19:53:05] TINYDRAW_POWER battery=100 voltage_mv=4091 charging=0 vbus=1
[19:53:08] TINYDRAW_POWER battery=100 voltage_mv=4092 charging=0 vbus=1
[19:53:09] TINYDRAW_POWER battery=100 voltage_mv=4091 charging=0 vbus=1
[19:53:10] TINYDRAW_POWER battery=100 voltage_mv=4092 charging=0 vbus=1
[19:53:11] TINYDRAW_POWER battery=99 voltage_mv=4090 charging=0 vbus=1
[19:53:12] TINYDRAW_POWER battery=100 voltage_mv=4092 charging=0 vbus=1
[19:53:14] TINYDRAW_POWER battery=100 voltage_mv=4089 charging=0 vbus=1
[19:53:15] TINYDRAW_POWER battery=100 voltage_mv=4092 charging=0 vbus=1
[19:53:17] TINYDRAW_POWER battery=100 voltage_mv=4090 charging=0 vbus=1
[19:53:18] TINYDRAW_POWER battery=100 voltage_mv=4092 charging=0 vbus=1
[19:53:19] TINYDRAW_POWER battery=100 voltage_mv=4090 charging=0 vbus=1
[19:53:20] TINYDRAW_POWER battery=100 voltage_mv=4092 charging=0 vbus=1
[19:53:21] TINYDRAW_POWER battery=100 voltage_mv=4091 charging=0 vbus=1
[19:53:22] TINYDRAW_POWER battery=100 voltage_mv=4092 charging=0 vbus=1
[19:53:23] TINYDRAW_POWER battery=100 voltage_mv=4091 charging=0 vbus=1
[19:53:24] TINYDRAW_POWER battery=100 voltage_mv=4092 charging=0 vbus=1
[19:53:25] TINYDRAW_POWER battery=100 voltage_mv=4091 charging=0 vbus=1
[19:53:26] TINYDRAW_POWER battery=100 voltage_mv=4092 charging=0 vbus=1
[19:53:30] TINYDRAW_POWER battery=100 voltage_mv=4089 charging=0 vbus=1
[19:53:31] TINYDRAW_POWER battery=100 voltage_mv=4092 charging=0 vbus=1
[19:53:33] TINYDRAW_POWER battery=100 voltage_mv=4091 charging=0 vbus=1
[19:53:34] TINYDRAW_POWER battery=100 voltage_mv=4092 charging=0 vbus=1
[19:53:35] TINYDRAW_POWER battery=100 voltage_mv=4091 charging=0 vbus=1
[19:53:37] TINYDRAW_POWER battery=100 voltage_mv=4092 charging=0 vbus=1
[19:53:38] TINYDRAW_POWER battery=100 voltage_mv=4090 charging=0 vbus=1
[19:53:41] TINYDRAW_POWER battery=100 voltage_mv=4092 charging=0 vbus=1
[19:53:42] TINYDRAW_POWER battery=100 voltage_mv=4090 charging=0 vbus=1
[19:53:43] TINYDRAW_POWER battery=100 voltage_mv=4089 charging=0 vbus=1
[19:53:44] TINYDRAW_POWER battery=100 voltage_mv=4093 charging=0 vbus=1
[19:53:45] TINYDRAW_POWER battery=100 voltage_mv=4090 charging=0 vbus=1
[19:53:47] TINYDRAW_POWER battery=100 voltage_mv=4092 charging=0 vbus=1
[19:53:48] TINYDRAW_POWER battery=100 voltage_mv=4090 charging=0 vbus=1
[19:53:49] TINYDRAW_POWER battery=100 voltage_mv=4092 charging=0 vbus=1
[19:53:50] TINYDRAW_POWER battery=100 voltage_mv=4091 charging=0 vbus=1
[19:53:51] TINYDRAW_POWER battery=100 voltage_mv=4090 charging=0 vbus=1
[19:53:53] TINYDRAW_POWER battery=100 voltage_mv=4091 charging=0 vbus=1
[19:53:54] TINYDRAW_POWER battery=100 voltage_mv=4092 charging=0 vbus=1
[19:53:55] TINYDRAW_POWER battery=100 voltage_mv=4091 charging=0 vbus=1
[19:53:57] TINYDRAW_POWER battery=100 voltage_mv=4089 charging=0 vbus=1
[19:53:58] TINYDRAW_POWER battery=100 voltage_mv=4091 charging=0 vbus=1
[19:53:59] TINYDRAW_POWER battery=100 voltage_mv=4090 charging=0 vbus=1
[19:54:00] TINYDRAW_POWER battery=100 voltage_mv=4091 charging=0 vbus=1
[19:54:01] TINYDRAW_POWER battery=100 voltage_mv=4090 charging=0 vbus=1
[19:54:02] TINYDRAW_POWER battery=100 voltage_mv=4092 charging=0 vbus=1
[19:54:03] TINYDRAW_POWER battery=100 voltage_mv=4093 charging=0 vbus=1
[19:54:04] TINYDRAW_POWER battery=100 voltage_mv=4090 charging=0 vbus=1
[19:54:05] TINYDRAW_POWER battery=100 voltage_mv=4093 charging=0 vbus=1
[19:54:06] TINYDRAW_POWER battery=100 voltage_mv=4092 charging=0 vbus=1
[19:54:08] TINYDRAW_POWER battery=100 voltage_mv=4089 charging=0 vbus=1
[19:54:09] TINYDRAW_POWER battery=100 voltage_mv=4092 charging=0 vbus=1
[19:54:12] TINYDRAW_POWER battery=100 voltage_mv=4089 charging=0 vbus=1
[19:54:13] TINYDRAW_POWER battery=100 voltage_mv=4093 charging=0 vbus=1
[19:54:14] TINYDRAW_POWER battery=100 voltage_mv=4091 charging=0 vbus=1
[19:54:15] TINYDRAW_POWER battery=100 voltage_mv=4092 charging=0 vbus=1
[19:54:16] TINYDRAW_POWER battery=100 voltage_mv=4089 charging=0 vbus=1
[19:54:17] TINYDRAW_POWER battery=100 voltage_mv=4090 charging=0 vbus=1
[19:54:18] TINYDRAW_POWER battery=100 voltage_mv=4091 charging=0 vbus=1
[19:54:19] TINYDRAW_POWER battery=100 voltage_mv=4090 charging=0 vbus=1
[19:54:20] TINYDRAW_POWER battery=100 voltage_mv=4091 charging=0 vbus=1
[19:54:21] TINYDRAW_POWER battery=100 voltage_mv=4090 charging=0 vbus=1
[19:54:23] TINYDRAW_POWER battery=100 voltage_mv=4092 charging=0 vbus=1
[19:54:24] TINYDRAW_POWER battery=100 voltage_mv=4091 charging=0 vbus=1
[19:54:25] TINYDRAW_POWER battery=100 voltage_mv=4093 charging=0 vbus=1
[19:54:27] TINYDRAW_POWER battery=100 voltage_mv=4091 charging=0 vbus=1
[19:54:29] TINYDRAW_POWER battery=100 voltage_mv=4090 charging=0 vbus=1
[19:54:30] TINYDRAW_POWER battery=100 voltage_mv=4091 charging=0 vbus=1
[19:54:31] TINYDRAW_POWER battery=100 voltage_mv=4090 charging=0 vbus=1
[19:54:32] TINYDRAW_POWER battery=100 voltage_mv=4091 charging=0 vbus=1
[19:54:33] TINYDRAW_POWER battery=100 voltage_mv=4089 charging=0 vbus=1
[19:54:34] TINYDRAW_POWER battery=100 voltage_mv=4090 charging=0 vbus=1
[19:54:35] TINYDRAW_POWER battery=100 voltage_mv=4092 charging=0 vbus=1
[19:54:36] TINYDRAW_POWER battery=100 voltage_mv=4091 charging=0 vbus=1
[19:54:38] TINYDRAW_POWER battery=100 voltage_mv=4090 charging=0 vbus=1
[19:54:40] TINYDRAW_POWER battery=100 voltage_mv=4091 charging=0 vbus=1
[19:54:41] TINYDRAW_POWER battery=100 voltage_mv=4089 charging=0 vbus=1
[19:54:43] TINYDRAW_POWER battery=100 voltage_mv=4092 charging=0 vbus=1
[19:54:44] TINYDRAW_POWER battery=100 voltage_mv=4091 charging=0 vbus=1
[19:54:45] TINYDRAW_POWER battery=100 voltage_mv=4092 charging=0 vbus=1
[19:54:47] TINYDRAW_POWER battery=100 voltage_mv=4091 charging=0 vbus=1
[19:54:48] TINYDRAW_POWER battery=100 voltage_mv=4092 charging=0 vbus=1
[19:54:50] TINYDRAW_POWER battery=100 voltage_mv=4091 charging=0 vbus=1
[19:54:53] TINYDRAW_POWER battery=100 voltage_mv=4092 charging=0 vbus=1
[19:54:54] TINYDRAW_POWER battery=100 voltage_mv=4091 charging=0 vbus=1
[19:54:55] TINYDRAW_POWER battery=100 voltage_mv=4094 charging=0 vbus=1
[19:54:56] TINYDRAW_POWER battery=100 voltage_mv=4092 charging=0 vbus=1
[19:54:57] TINYDRAW_POWER battery=100 voltage_mv=4091 charging=0 vbus=1
[19:55:00] TINYDRAW_POWER battery=100 voltage_mv=4090 charging=0 vbus=1
[19:55:01] TINYDRAW_POWER battery=100 voltage_mv=4091 charging=0 vbus=1
[19:55:02] TINYDRAW_POWER battery=100 voltage_mv=4093 charging=0 vbus=1
[19:55:03] TINYDRAW_POWER battery=100 voltage_mv=4091 charging=0 vbus=1
[19:55:05] TINYDRAW_POWER battery=100 voltage_mv=4090 charging=0 vbus=1
[19:55:06] TINYDRAW_POWER battery=100 voltage_mv=4091 charging=0 vbus=1
[19:55:08] TINYDRAW_POWER battery=100 voltage_mv=4092 charging=0 vbus=1
[19:55:09] TINYDRAW_POWER battery=100 voltage_mv=4093 charging=0 vbus=1
[19:55:10] TINYDRAW_POWER battery=100 voltage_mv=4091 charging=0 vbus=1
[19:55:11] TINYDRAW_POWER battery=100 voltage_mv=4090 charging=0 vbus=1
[19:55:13] TINYDRAW_POWER battery=100 voltage_mv=4088 charging=0 vbus=1
[19:55:14] TINYDRAW_POWER battery=100 voltage_mv=4091 charging=0 vbus=1
[19:55:15] TINYDRAW_POWER battery=100 voltage_mv=4090 charging=0 vbus=1
[19:55:16] TINYDRAW_POWER battery=100 voltage_mv=4092 charging=0 vbus=1
[19:55:17] TINYDRAW_POWER battery=100 voltage_mv=4091 charging=0 vbus=1
[19:55:18] TINYDRAW_POWER battery=100 voltage_mv=4090 charging=0 vbus=1
[19:55:19] TINYDRAW_POWER battery=100 voltage_mv=4092 charging=0 vbus=1
[19:55:20] TINYDRAW_POWER battery=100 voltage_mv=4091 charging=0 vbus=1
[19:55:21] TINYDRAW_POWER battery=100 voltage_mv=4092 charging=0 vbus=1
[19:55:23] TINYDRAW_POWER battery=100 voltage_mv=4090 charging=0 vbus=1
[19:55:24] TINYDRAW_POWER battery=100 voltage_mv=4091 charging=0 vbus=1
[19:55:25] TINYDRAW_POWER battery=100 voltage_mv=4093 charging=0 vbus=1
[19:55:26] TINYDRAW_POWER battery=100 voltage_mv=4090 charging=0 vbus=1
[19:55:27] TINYDRAW_POWER battery=100 voltage_mv=4091 charging=0 vbus=1
[19:55:28] TINYDRAW_POWER battery=100 voltage_mv=4093 charging=0 vbus=1
[19:55:29] TINYDRAW_POWER battery=100 voltage_mv=4091 charging=0 vbus=1
[19:55:30] TINYDRAW_POWER battery=100 voltage_mv=4089 charging=0 vbus=1
[19:55:31] TINYDRAW_POWER battery=100 voltage_mv=4092 charging=0 vbus=1
[19:55:32] TINYDRAW_POWER battery=100 voltage_mv=4091 charging=0 vbus=1
[19:55:34] TINYDRAW_POWER battery=100 voltage_mv=4092 charging=0 vbus=1
[19:55:35] TINYDRAW_POWER battery=100 voltage_mv=4091 charging=0 vbus=1
[19:55:36] TINYDRAW_POWER battery=100 voltage_mv=4092 charging=0 vbus=1
[19:55:37] TINYDRAW_POWER battery=100 voltage_mv=4091 charging=0 vbus=1
[19:55:38] TINYDRAW_POWER battery=100 voltage_mv=4090 charging=0 vbus=1
[19:55:39] TINYDRAW_POWER battery=100 voltage_mv=4092 charging=0 vbus=1
[19:55:40] TINYDRAW_POWER battery=100 voltage_mv=4090 charging=0 vbus=1
[19:55:41] TINYDRAW_POWER battery=100 voltage_mv=4092 charging=0 vbus=1
[19:55:42] TINYDRAW_POWER battery=100 voltage_mv=4093 charging=0 vbus=1
[19:55:43] TINYDRAW_POWER battery=100 voltage_mv=4092 charging=0 vbus=1
[19:55:44] TINYDRAW_POWER battery=100 voltage_mv=4094 charging=0 vbus=1
[19:55:45] TINYDRAW_POWER battery=100 voltage_mv=4093 charging=0 vbus=1
[19:55:46] TINYDRAW_POWER battery=100 voltage_mv=4092 charging=0 vbus=1
[19:55:47] TINYDRAW_POWER battery=100 voltage_mv=4090 charging=0 vbus=1
[19:55:48] TINYDRAW_POWER battery=100 voltage_mv=4092 charging=0 vbus=1
[19:55:49] TINYDRAW_POWER battery=100 voltage_mv=4091 charging=0 vbus=1
[19:55:50] TINYDRAW_POWER battery=100 voltage_mv=4090 charging=0 vbus=1
[19:55:51] TINYDRAW_POWER battery=100 voltage_mv=4091 charging=0 vbus=1
[19:55:52] TINYDRAW_POWER battery=100 voltage_mv=4093 charging=0 vbus=1
[19:55:54] TINYDRAW_POWER battery=100 voltage_mv=4092 charging=0 vbus=1
[19:55:55] TINYDRAW_POWER battery=100 voltage_mv=4091 charging=0 vbus=1
[19:55:56] TINYDRAW_POWER battery=100 voltage_mv=4090 charging=0 vbus=1
[19:55:57] TINYDRAW_POWER battery=100 voltage_mv=4089 charging=0 vbus=1
[19:55:58] TINYDRAW_POWER battery=100 voltage_mv=4091 charging=0 vbus=1
[19:55:59] TINYDRAW_POWER battery=100 voltage_mv=4090 charging=0 vbus=1
[19:56:00] TINYDRAW_POWER battery=100 voltage_mv=4092 charging=0 vbus=1
[19:56:01] TINYDRAW_POWER battery=100 voltage_mv=4091 charging=0 vbus=1
[19:56:02] TINYDRAW_POWER battery=100 voltage_mv=4090 charging=0 vbus=1
[19:56:04] TINYDRAW_POWER battery=99 voltage_mv=4091 charging=0 vbus=1
[19:56:05] TINYDRAW_POWER battery=100 voltage_mv=4093 charging=0 vbus=1
[19:56:06] TINYDRAW_POWER battery=100 voltage_mv=4092 charging=0 vbus=1
[19:56:07] TINYDRAW_POWER battery=100 voltage_mv=4089 charging=0 vbus=1
[19:56:08] TINYDRAW_POWER battery=100 voltage_mv=4092 charging=0 vbus=1
[19:56:09] TINYDRAW_POWER battery=100 voltage_mv=4091 charging=0 vbus=1
[19:56:10] TINYDRAW_POWER battery=100 voltage_mv=4090 charging=0 vbus=1
[19:56:11] TINYDRAW_POWER battery=100 voltage_mv=4091 charging=0 vbus=1
[19:56:14] TINYDRAW_POWER battery=100 voltage_mv=4092 charging=0 vbus=1
[19:56:15] TINYDRAW_POWER battery=100 voltage_mv=4091 charging=0 vbus=1
[19:56:16] TINYDRAW_POWER battery=100 voltage_mv=4090 charging=0 vbus=1
[19:56:17] TINYDRAW_POWER battery=100 voltage_mv=4091 charging=0 vbus=1
[19:56:18] TINYDRAW_POWER battery=100 voltage_mv=4089 charging=0 vbus=1
[19:56:19] TINYDRAW_POWER battery=100 voltage_mv=4092 charging=0 vbus=1
[19:56:20] TINYDRAW_POWER battery=100 voltage_mv=4091 charging=0 vbus=1
[19:56:21] TINYDRAW_POWER battery=100 voltage_mv=4093 charging=0 vbus=1
[19:56:22] TINYDRAW_POWER battery=100 voltage_mv=4091 charging=0 vbus=1
[19:56:24] TINYDRAW_POWER battery=100 voltage_mv=4092 charging=0 vbus=1
[19:56:28] TINYDRAW_POWER battery=100 voltage_mv=4091 charging=0 vbus=1
[19:56:29] TINYDRAW_POWER battery=100 voltage_mv=4092 charging=0 vbus=1
[19:56:30] TINYDRAW_POWER battery=100 voltage_mv=4091 charging=0 vbus=1
[19:56:31] TINYDRAW_POWER battery=100 voltage_mv=4092 charging=0 vbus=1
[19:56:33] TINYDRAW_POWER battery=100 voltage_mv=4091 charging=0 vbus=1
[19:56:35] TINYDRAW_POWER battery=100 voltage_mv=4093 charging=0 vbus=1
[19:56:36] TINYDRAW_POWER battery=100 voltage_mv=4090 charging=0 vbus=1
[19:56:37] TINYDRAW_POWER battery=100 voltage_mv=4089 charging=0 vbus=1
[19:56:38] TINYDRAW_POWER battery=100 voltage_mv=4091 charging=0 vbus=1
[19:56:39] TINYDRAW_POWER battery=100 voltage_mv=4090 charging=0 vbus=1
[19:56:40] TINYDRAW_POWER battery=100 voltage_mv=4091 charging=0 vbus=1
[19:56:42] TINYDRAW_POWER battery=100 voltage_mv=4093 charging=0 vbus=1
[19:56:43] TINYDRAW_POWER battery=100 voltage_mv=4091 charging=0 vbus=1
[19:56:44] TINYDRAW_POWER battery=100 voltage_mv=4090 charging=0 vbus=1
[19:56:45] TINYDRAW_POWER battery=100 voltage_mv=4091 charging=0 vbus=1
[19:56:46] TINYDRAW_POWER battery=100 voltage_mv=4090 charging=0 vbus=1
[19:56:47] TINYDRAW_POWER battery=100 voltage_mv=4093 charging=0 vbus=1
[19:56:48] TINYDRAW_POWER battery=100 voltage_mv=4091 charging=0 vbus=1
[19:56:51] TINYDRAW_POWER battery=100 voltage_mv=4093 charging=0 vbus=1
[19:56:52] TINYDRAW_POWER battery=100 voltage_mv=4092 charging=0 vbus=1
[19:56:53] TINYDRAW_POWER battery=100 voltage_mv=4090 charging=0 vbus=1
[19:56:54] TINYDRAW_POWER battery=100 voltage_mv=4091 charging=0 vbus=1
[19:56:58] TINYDRAW_POWER battery=100 voltage_mv=4092 charging=0 vbus=1
[19:56:59] TINYDRAW_POWER battery=100 voltage_mv=4090 charging=0 vbus=1
[19:57:01] TINYDRAW_POWER battery=100 voltage_mv=4092 charging=0 vbus=1
[19:57:02] TINYDRAW_POWER battery=100 voltage_mv=4089 charging=0 vbus=1
[19:57:03] TINYDRAW_POWER battery=100 voltage_mv=4090 charging=0 vbus=1
[19:57:04] TINYDRAW_POWER battery=100 voltage_mv=4088 charging=0 vbus=1
[19:57:05] TINYDRAW_POWER battery=100 voltage_mv=4092 charging=0 vbus=1
[19:57:07] TINYDRAW_POWER battery=100 voltage_mv=4091 charging=0 vbus=1
[19:57:09] TINYDRAW_POWER battery=100 voltage_mv=4090 charging=0 vbus=1
[19:57:12] TINYDRAW_POWER battery=100 voltage_mv=4089 charging=0 vbus=1
[19:57:13] TINYDRAW_POWER battery=100 voltage_mv=4091 charging=0 vbus=1
[19:57:14] TINYDRAW_POWER battery=100 voltage_mv=4092 charging=0 vbus=1
[19:57:15] TINYDRAW_POWER battery=100 voltage_mv=4090 charging=0 vbus=1
[19:57:16] TINYDRAW_POWER battery=100 voltage_mv=4093 charging=0 vbus=1
[19:57:17] TINYDRAW_POWER battery=100 voltage_mv=4092 charging=0 vbus=1
[19:57:19] TINYDRAW_POWER battery=100 voltage_mv=4089 charging=0 vbus=1
[19:57:20] TINYDRAW_POWER battery=100 voltage_mv=4090 charging=0 vbus=1
[19:57:21] TINYDRAW_POWER battery=100 voltage_mv=4093 charging=0 vbus=1
[19:57:22] TINYDRAW_POWER battery=100 voltage_mv=4090 charging=0 vbus=1
[19:57:23] TINYDRAW_POWER battery=100 voltage_mv=4091 charging=0 vbus=1
[19:57:24] TINYDRAW_POWER battery=100 voltage_mv=4089 charging=0 vbus=1
[19:57:25] TINYDRAW_POWER battery=100 voltage_mv=4090 charging=0 vbus=1
[19:57:26] TINYDRAW_POWER battery=100 voltage_mv=4091 charging=0 vbus=1
[19:57:27] TINYDRAW_POWER battery=100 voltage_mv=4093 charging=0 vbus=1
[19:57:28] TINYDRAW_POWER battery=100 voltage_mv=4094 charging=0 vbus=1
[19:57:29] TINYDRAW_POWER battery=100 voltage_mv=4091 charging=0 vbus=1
[19:57:31] TINYDRAW_POWER battery=100 voltage_mv=4090 charging=0 vbus=1
[19:57:34] TINYDRAW_POWER battery=100 voltage_mv=4091 charging=0 vbus=1
[19:57:36] TINYDRAW_POWER battery=100 voltage_mv=4093 charging=0 vbus=1
[19:57:38] TINYDRAW_POWER battery=100 voltage_mv=4092 charging=0 vbus=1
[19:57:39] TINYDRAW_POWER battery=100 voltage_mv=4090 charging=0 vbus=1
[19:57:40] TINYDRAW_POWER battery=100 voltage_mv=4092 charging=0 vbus=1
[19:57:42] TINYDRAW_POWER battery=100 voltage_mv=4093 charging=0 vbus=1
[19:57:43] TINYDRAW_POWER battery=100 voltage_mv=4091 charging=0 vbus=1
[19:57:47] TINYDRAW_POWER battery=100 voltage_mv=4089 charging=0 vbus=1
[19:57:50] TINYDRAW_POWER battery=100 voltage_mv=4091 charging=0 vbus=1
[19:57:51] TINYDRAW_POWER battery=100 voltage_mv=4092 charging=0 vbus=1
[19:57:52] TINYDRAW_POWER battery=100 voltage_mv=4090 charging=0 vbus=1
[19:57:53] TINYDRAW_POWER battery=100 voltage_mv=4092 charging=0 vbus=1
[19:57:54] TINYDRAW_POWER battery=100 voltage_mv=4091 charging=0 vbus=1
[19:57:55] TINYDRAW_POWER battery=100 voltage_mv=4093 charging=0 vbus=1
[19:57:56] TINYDRAW_POWER battery=100 voltage_mv=4090 charging=0 vbus=1
[19:57:57] TINYDRAW_POWER battery=100 voltage_mv=4093 charging=0 vbus=1
[19:57:58] TINYDRAW_POWER battery=100 voltage_mv=4094 charging=0 vbus=1
[19:57:59] TINYDRAW_POWER battery=100 voltage_mv=4090 charging=0 vbus=1
[19:58:01] TINYDRAW_POWER battery=100 voltage_mv=4092 charging=0 vbus=1
[19:58:02] TINYDRAW_POWER battery=100 voltage_mv=4093 charging=0 vbus=1
[19:58:03] TINYDRAW_POWER battery=100 voltage_mv=4091 charging=0 vbus=1
[19:58:04] TINYDRAW_POWER battery=100 voltage_mv=4092 charging=0 vbus=1
[19:58:05] TINYDRAW_POWER battery=100 voltage_mv=4091 charging=0 vbus=1
[19:58:06] TINYDRAW_POWER battery=100 voltage_mv=4092 charging=0 vbus=1
[19:58:07] TINYDRAW_POWER battery=100 voltage_mv=4093 charging=0 vbus=1
[19:58:08] TINYDRAW_POWER battery=100 voltage_mv=4091 charging=0 vbus=1
[19:58:09] TINYDRAW_POWER battery=100 voltage_mv=4090 charging=0 vbus=1
[19:58:10] TINYDRAW_POWER battery=100 voltage_mv=4092 charging=0 vbus=1
[19:58:11] TINYDRAW_POWER battery=100 voltage_mv=4090 charging=0 vbus=1
[19:58:12] TINYDRAW_POWER battery=100 voltage_mv=4092 charging=0 vbus=1
[19:58:13] TINYDRAW_POWER battery=100 voltage_mv=4089 charging=0 vbus=1
[19:58:14] TINYDRAW_POWER battery=100 voltage_mv=4090 charging=0 vbus=1
[19:58:15] TINYDRAW_POWER battery=100 voltage_mv=4089 charging=0 vbus=1
[19:58:16] TINYDRAW_POWER battery=100 voltage_mv=4093 charging=0 vbus=1
[19:58:17] TINYDRAW_POWER battery=100 voltage_mv=4088 charging=0 vbus=1
[19:58:18] TINYDRAW_POWER battery=100 voltage_mv=4089 charging=0 vbus=1
[19:58:19] TINYDRAW_POWER battery=100 voltage_mv=4091 charging=0 vbus=1
[19:58:21] TINYDRAW_POWER battery=100 voltage_mv=4090 charging=0 vbus=1
[19:58:23] TINYDRAW_POWER battery=100 voltage_mv=4091 charging=0 vbus=1
[19:58:24] TINYDRAW_POWER battery=100 voltage_mv=4093 charging=0 vbus=1
[19:58:25] TINYDRAW_POWER battery=100 voltage_mv=4091 charging=0 vbus=1
[19:58:26] TINYDRAW_POWER battery=100 voltage_mv=4090 charging=0 vbus=1
[19:58:27] TINYDRAW_POWER battery=100 voltage_mv=4093 charging=0 vbus=1
[19:58:28] TINYDRAW_POWER battery=100 voltage_mv=4089 charging=0 vbus=1
[19:58:29] TINYDRAW_POWER battery=100 voltage_mv=4090 charging=0 vbus=1
[19:58:30] TINYDRAW_POWER battery=100 voltage_mv=4091 charging=0 vbus=1
[19:58:33] TINYDRAW_POWER battery=100 voltage_mv=4092 charging=0 vbus=1
[19:58:34] TINYDRAW_POWER battery=100 voltage_mv=4090 charging=0 vbus=1
[19:58:35] TINYDRAW_POWER battery=100 voltage_mv=4094 charging=0 vbus=1
[19:58:36] TINYDRAW_POWER battery=100 voltage_mv=4091 charging=0 vbus=1
[19:58:37] TINYDRAW_POWER battery=100 voltage_mv=4092 charging=0 vbus=1
[19:58:38] TINYDRAW_POWER battery=100 voltage_mv=4091 charging=0 vbus=1
[19:58:39] TINYDRAW_POWER battery=100 voltage_mv=4092 charging=0 vbus=1
[19:58:40] TINYDRAW_POWER battery=100 voltage_mv=4093 charging=0 vbus=1
[19:58:41] TINYDRAW_POWER battery=100 voltage_mv=4091 charging=0 vbus=1
[19:58:42] TINYDRAW_POWER battery=100 voltage_mv=4090 charging=0 vbus=1
[19:58:44] TINYDRAW_POWER battery=100 voltage_mv=4092 charging=0 vbus=1
[19:58:45] TINYDRAW_POWER battery=100 voltage_mv=4090 charging=0 vbus=1
[19:58:46] TINYDRAW_POWER battery=100 voltage_mv=4092 charging=0 vbus=1
[19:58:47] TINYDRAW_POWER battery=100 voltage_mv=4088 charging=0 vbus=1
[19:58:48] TINYDRAW_POWER battery=100 voltage_mv=4090 charging=0 vbus=1
[19:58:50] TINYDRAW_POWER battery=100 voltage_mv=4092 charging=0 vbus=1
[19:58:51] TINYDRAW_POWER battery=100 voltage_mv=4091 charging=0 vbus=1
[19:58:52] TINYDRAW_POWER battery=100 voltage_mv=4092 charging=0 vbus=1
[19:58:53] TINYDRAW_POWER battery=100 voltage_mv=4090 charging=0 vbus=1
[19:58:56] TINYDRAW_POWER battery=100 voltage_mv=4091 charging=0 vbus=1
[19:58:57] TINYDRAW_POWER battery=99 voltage_mv=4089 charging=0 vbus=1
[19:58:58] TINYDRAW_POWER battery=100 voltage_mv=4090 charging=0 vbus=1
[19:58:59] TINYDRAW_POWER battery=100 voltage_mv=4093 charging=0 vbus=1
[19:59:01] TINYDRAW_POWER battery=100 voltage_mv=4091 charging=0 vbus=1
[19:59:05] TINYDRAW_POWER battery=100 voltage_mv=4093 charging=0 vbus=1
[19:59:06] TINYDRAW_POWER battery=100 voltage_mv=4091 charging=0 vbus=1
[19:59:09] TINYDRAW_POWER battery=100 voltage_mv=4092 charging=0 vbus=1
[19:59:10] TINYDRAW_POWER battery=100 voltage_mv=4091 charging=0 vbus=1
[19:59:15] TINYDRAW_POWER battery=100 voltage_mv=4092 charging=0 vbus=1
[19:59:16] TINYDRAW_POWER battery=100 voltage_mv=4091 charging=0 vbus=1
[19:59:17] TINYDRAW_POWER battery=100 voltage_mv=4092 charging=0 vbus=1
[19:59:18] TINYDRAW_POWER battery=100 voltage_mv=4091 charging=0 vbus=1
[19:59:19] TINYDRAW_POWER battery=100 voltage_mv=4089 charging=0 vbus=1
[19:59:20] TINYDRAW_POWER battery=100 voltage_mv=4094 charging=0 vbus=1
[19:59:21] TINYDRAW_POWER battery=100 voltage_mv=4092 charging=0 vbus=1
[19:59:22] TINYDRAW_POWER battery=100 voltage_mv=4094 charging=0 vbus=1
[19:59:23] TINYDRAW_POWER battery=100 voltage_mv=4091 charging=0 vbus=1
[19:59:24] TINYDRAW_POWER battery=100 voltage_mv=4090 charging=0 vbus=1
[19:59:25] TINYDRAW_POWER battery=100 voltage_mv=4094 charging=0 vbus=1
[19:59:26] TINYDRAW_POWER battery=100 voltage_mv=4093 charging=0 vbus=1
[19:59:27] TINYDRAW_POWER battery=100 voltage_mv=4091 charging=0 vbus=1
[19:59:29] TINYDRAW_POWER battery=100 voltage_mv=4092 charging=0 vbus=1
[19:59:31] TINYDRAW_POWER battery=100 voltage_mv=4091 charging=0 vbus=1
[19:59:32] TINYDRAW_POWER battery=100 voltage_mv=4093 charging=0 vbus=1
[19:59:33] TINYDRAW_POWER battery=100 voltage_mv=4091 charging=0 vbus=1
[19:59:34] TINYDRAW_POWER battery=100 voltage_mv=4090 charging=0 vbus=1
[19:59:35] TINYDRAW_POWER battery=100 voltage_mv=4089 charging=0 vbus=1
[19:59:36] TINYDRAW_POWER battery=100 voltage_mv=4091 charging=0 vbus=1
[19:59:38] TINYDRAW_POWER battery=100 voltage_mv=4092 charging=0 vbus=1
[19:59:39] TINYDRAW_POWER battery=100 voltage_mv=4090 charging=0 vbus=1
[19:59:41] TINYDRAW_POWER battery=100 voltage_mv=4092 charging=0 vbus=1
[19:59:42] TINYDRAW_POWER battery=100 voltage_mv=4089 charging=0 vbus=1
[19:59:43] TINYDRAW_POWER battery=100 voltage_mv=4090 charging=0 vbus=1
[19:59:44] TINYDRAW_POWER battery=100 voltage_mv=4091 charging=0 vbus=1
[19:59:46] TINYDRAW_POWER battery=100 voltage_mv=4090 charging=0 vbus=1
[19:59:49] TINYDRAW_POWER battery=100 voltage_mv=4091 charging=0 vbus=1
[19:59:50] TINYDRAW_POWER battery=100 voltage_mv=4092 charging=0 vbus=1
[19:59:51] TINYDRAW_POWER battery=100 voltage_mv=4089 charging=0 vbus=1
[19:59:53] TINYDRAW_POWER battery=100 voltage_mv=4093 charging=0 vbus=1
[19:59:54] TINYDRAW_POWER battery=100 voltage_mv=4090 charging=0 vbus=1
[19:59:55] TINYDRAW_POWER battery=100 voltage_mv=4091 charging=0 vbus=1
[19:59:56] TINYDRAW_POWER battery=100 voltage_mv=4092 charging=0 vbus=1
[19:59:57] TINYDRAW_POWER battery=100 voltage_mv=4093 charging=0 vbus=1
[19:59:59] TINYDRAW_POWER battery=100 voltage_mv=4090 charging=0 vbus=1
[20:00:00] TINYDRAW_POWER battery=100 voltage_mv=4093 charging=0 vbus=1
[20:00:01] TINYDRAW_POWER battery=100 voltage_mv=4088 charging=0 vbus=1
[20:00:02] TINYDRAW_POWER battery=100 voltage_mv=4092 charging=0 vbus=1
[20:00:03] TINYDRAW_POWER battery=100 voltage_mv=4091 charging=0 vbus=1
[20:00:04] TINYDRAW_POWER battery=100 voltage_mv=4089 charging=0 vbus=1
[20:00:06] TINYDRAW_POWER battery=100 voltage_mv=4091 charging=0 vbus=1
[20:00:09] TINYDRAW_POWER battery=100 voltage_mv=4089 charging=0 vbus=1
[20:00:10] TINYDRAW_POWER battery=100 voltage_mv=4092 charging=0 vbus=1
[20:00:11] TINYDRAW_POWER battery=100 voltage_mv=4091 charging=0 vbus=1
[20:00:12] TINYDRAW_POWER battery=100 voltage_mv=4092 charging=0 vbus=1
[20:00:15] TINYDRAW_POWER battery=100 voltage_mv=4091 charging=0 vbus=1
[20:00:16] TINYDRAW_POWER battery=100 voltage_mv=4090 charging=0 vbus=1
[20:00:18] TINYDRAW_POWER battery=100 voltage_mv=4092 charging=0 vbus=1
[20:00:19] TINYDRAW_POWER battery=100 voltage_mv=4090 charging=0 vbus=1
[20:00:20] TINYDRAW_POWER battery=100 voltage_mv=4092 charging=0 vbus=1
[20:00:21] TINYDRAW_POWER battery=100 voltage_mv=4089 charging=0 vbus=1
[20:00:22] TINYDRAW_POWER battery=100 voltage_mv=4092 charging=0 vbus=1
[20:00:24] TINYDRAW_POWER battery=100 voltage_mv=4091 charging=0 vbus=1
[20:00:25] TINYDRAW_POWER battery=100 voltage_mv=4088 charging=0 vbus=1
[20:00:26] TINYDRAW_POWER battery=100 voltage_mv=4090 charging=0 vbus=1
[20:00:27] TINYDRAW_POWER battery=100 voltage_mv=4091 charging=0 vbus=1
[20:00:28] TINYDRAW_POWER battery=100 voltage_mv=4094 charging=0 vbus=1
[20:00:29] TINYDRAW_POWER battery=100 voltage_mv=4091 charging=0 vbus=1
[20:00:30] TINYDRAW_POWER battery=100 voltage_mv=4090 charging=0 vbus=1
[20:00:31] TINYDRAW_POWER battery=100 voltage_mv=4091 charging=0 vbus=1
[20:00:32] TINYDRAW_POWER battery=100 voltage_mv=4090 charging=0 vbus=1
[20:00:33] TINYDRAW_POWER battery=100 voltage_mv=4093 charging=0 vbus=1
[20:00:34] TINYDRAW_POWER battery=100 voltage_mv=4090 charging=0 vbus=1
[20:00:36] TINYDRAW_POWER battery=100 voltage_mv=4091 charging=0 vbus=1
[20:00:39] TINYDRAW_POWER battery=100 voltage_mv=4092 charging=0 vbus=1
[20:00:40] TINYDRAW_POWER battery=100 voltage_mv=4091 charging=0 vbus=1
[20:00:44] TINYDRAW_POWER battery=100 voltage_mv=4089 charging=0 vbus=1
[20:00:45] TINYDRAW_POWER battery=100 voltage_mv=4091 charging=0 vbus=1
[20:00:47] TINYDRAW_POWER battery=100 voltage_mv=4093 charging=0 vbus=1
[20:00:48] TINYDRAW_POWER battery=100 voltage_mv=4091 charging=0 vbus=1
[20:00:51] TINYDRAW_POWER battery=100 voltage_mv=4092 charging=0 vbus=1
[20:00:52] TINYDRAW_POWER battery=100 voltage_mv=4090 charging=0 vbus=1
[20:00:53] TINYDRAW_POWER battery=100 voltage_mv=4092 charging=0 vbus=1
[20:00:54] TINYDRAW_POWER battery=100 voltage_mv=4090 charging=0 vbus=1
[20:00:55] TINYDRAW_POWER battery=100 voltage_mv=4092 charging=0 vbus=1
[20:00:56] TINYDRAW_POWER battery=100 voltage_mv=4088 charging=0 vbus=1
[20:00:57] TINYDRAW_POWER battery=100 voltage_mv=4090 charging=0 vbus=1
[20:00:58] TINYDRAW_POWER battery=100 voltage_mv=4092 charging=0 vbus=1
[20:01:00] TINYDRAW_POWER battery=100 voltage_mv=4090 charging=0 vbus=1
[20:01:01] TINYDRAW_POWER battery=100 voltage_mv=4092 charging=0 vbus=1
[20:01:02] TINYDRAW_POWER battery=100 voltage_mv=4091 charging=0 vbus=1
[20:01:03] TINYDRAW_POWER battery=100 voltage_mv=4089 charging=0 vbus=1
[20:01:04] TINYDRAW_POWER battery=100 voltage_mv=4090 charging=0 vbus=1
[20:01:05] TINYDRAW_POWER battery=100 voltage_mv=4089 charging=0 vbus=1
[20:01:06] TINYDRAW_POWER battery=100 voltage_mv=4092 charging=0 vbus=1
[20:01:08] TINYDRAW_POWER battery=100 voltage_mv=4090 charging=0 vbus=1
[20:01:10] TINYDRAW_POWER battery=100 voltage_mv=4092 charging=0 vbus=1
[20:01:11] TINYDRAW_POWER battery=100 voltage_mv=4090 charging=0 vbus=1
[20:01:12] TINYDRAW_POWER battery=100 voltage_mv=4091 charging=0 vbus=1
[20:01:13] TINYDRAW_POWER battery=100 voltage_mv=4090 charging=0 vbus=1
[20:01:14] TINYDRAW_POWER battery=100 voltage_mv=4091 charging=0 vbus=1
[20:01:15] TINYDRAW_POWER battery=100 voltage_mv=4092 charging=0 vbus=1
[20:01:16] TINYDRAW_POWER battery=100 voltage_mv=4091 charging=0 vbus=1
[20:01:20] TINYDRAW_POWER battery=100 voltage_mv=4090 charging=0 vbus=1
[20:01:21] TINYDRAW_POWER battery=100 voltage_mv=4089 charging=0 vbus=1
[20:01:22] TINYDRAW_POWER battery=100 voltage_mv=4091 charging=0 vbus=1
[20:01:23] TINYDRAW_POWER battery=100 voltage_mv=4092 charging=0 vbus=1
[20:01:24] TINYDRAW_POWER battery=100 voltage_mv=4090 charging=0 vbus=1
[20:01:25] TINYDRAW_POWER battery=100 voltage_mv=4092 charging=0 vbus=1
[20:01:26] TINYDRAW_POWER battery=100 voltage_mv=4090 charging=0 vbus=1
[20:01:28] TINYDRAW_POWER battery=100 voltage_mv=4091 charging=0 vbus=1
[20:01:29] TINYDRAW_POWER battery=100 voltage_mv=4092 charging=0 vbus=1
[20:01:30] TINYDRAW_POWER battery=100 voltage_mv=4091 charging=0 vbus=1
[20:01:31] TINYDRAW_POWER battery=100 voltage_mv=4090 charging=0 vbus=1
[20:01:33] TINYDRAW_POWER battery=100 voltage_mv=4091 charging=0 vbus=1
[20:01:34] TINYDRAW_POWER battery=100 voltage_mv=4090 charging=0 vbus=1
[20:01:35] TINYDRAW_POWER battery=100 voltage_mv=4092 charging=0 vbus=1
[20:01:36] TINYDRAW_POWER battery=100 voltage_mv=4088 charging=0 vbus=1
[20:01:38] TINYDRAW_POWER battery=100 voltage_mv=4092 charging=0 vbus=1
[20:01:39] TINYDRAW_POWER battery=100 voltage_mv=4093 charging=0 vbus=1
[20:01:40] TINYDRAW_POWER battery=100 voltage_mv=4090 charging=0 vbus=1
[20:01:41] TINYDRAW_POWER battery=100 voltage_mv=4091 charging=0 vbus=1
[20:01:43] TINYDRAW_POWER battery=100 voltage_mv=4089 charging=0 vbus=1
[20:01:44] TINYDRAW_POWER battery=100 voltage_mv=4092 charging=0 vbus=1
[20:01:45] TINYDRAW_POWER battery=100 voltage_mv=4093 charging=0 vbus=1
[20:01:46] TINYDRAW_POWER battery=100 voltage_mv=4090 charging=0 vbus=1
[20:01:47] TINYDRAW_POWER battery=100 voltage_mv=4093 charging=0 vbus=1
[20:01:48] TINYDRAW_POWER battery=99 voltage_mv=4090 charging=0 vbus=1
[20:01:49] TINYDRAW_POWER battery=100 voltage_mv=4093 charging=0 vbus=1
[20:01:50] TINYDRAW_POWER battery=100 voltage_mv=4092 charging=0 vbus=1
[20:01:51] TINYDRAW_POWER battery=100 voltage_mv=4094 charging=0 vbus=1
[20:01:52] TINYDRAW_POWER battery=100 voltage_mv=4091 charging=0 vbus=1
[20:01:54] TINYDRAW_POWER battery=100 voltage_mv=4090 charging=0 vbus=1
[20:01:55] TINYDRAW_POWER battery=100 voltage_mv=4092 charging=0 vbus=1
[20:01:56] TINYDRAW_POWER battery=100 voltage_mv=4093 charging=0 vbus=1
[20:01:57] TINYDRAW_POWER battery=100 voltage_mv=4092 charging=0 vbus=1
[20:01:58] TINYDRAW_POWER battery=100 voltage_mv=4091 charging=0 vbus=1
[20:01:59] TINYDRAW_POWER battery=100 voltage_mv=4092 charging=0 vbus=1
[20:02:00] TINYDRAW_POWER battery=100 voltage_mv=4090 charging=0 vbus=1
[20:02:01] TINYDRAW_POWER battery=100 voltage_mv=4093 charging=0 vbus=1
[20:02:02] TINYDRAW_POWER battery=100 voltage_mv=4091 charging=0 vbus=1
[20:02:03] TINYDRAW_POWER battery=100 voltage_mv=4092 charging=0 vbus=1
[20:02:04] TINYDRAW_POWER battery=100 voltage_mv=4093 charging=0 vbus=1
[20:02:05] TINYDRAW_POWER battery=100 voltage_mv=4091 charging=0 vbus=1
[20:02:07] TINYDRAW_POWER battery=100 voltage_mv=4092 charging=0 vbus=1
[20:02:08] TINYDRAW_POWER battery=100 voltage_mv=4091 charging=0 vbus=1
[20:02:11] TINYDRAW_POWER battery=100 voltage_mv=4092 charging=0 vbus=1
[20:02:12] TINYDRAW_POWER battery=100 voltage_mv=4091 charging=0 vbus=1
[20:02:13] TINYDRAW_POWER battery=100 voltage_mv=4094 charging=0 vbus=1
[20:02:14] TINYDRAW_POWER battery=100 voltage_mv=4090 charging=0 vbus=1
[20:02:15] TINYDRAW_POWER battery=100 voltage_mv=4094 charging=0 vbus=1
[20:02:16] TINYDRAW_POWER battery=100 voltage_mv=4091 charging=0 vbus=1
[20:02:17] TINYDRAW_POWER battery=100 voltage_mv=4089 charging=0 vbus=1
[20:02:18] TINYDRAW_POWER battery=100 voltage_mv=4090 charging=0 vbus=1
[20:02:20] TINYDRAW_POWER battery=100 voltage_mv=4091 charging=0 vbus=1
[20:02:23] TINYDRAW_POWER battery=100 voltage_mv=4090 charging=0 vbus=1
[20:02:24] TINYDRAW_POWER battery=100 voltage_mv=4091 charging=0 vbus=1
[20:02:26] TINYDRAW_POWER battery=100 voltage_mv=4092 charging=0 vbus=1
[20:02:27] TINYDRAW_POWER battery=100 voltage_mv=4090 charging=0 vbus=1
[20:02:28] TINYDRAW_POWER battery=100 voltage_mv=4092 charging=0 vbus=1
[20:02:29] TINYDRAW_POWER battery=100 voltage_mv=4094 charging=0 vbus=1
[20:02:30] TINYDRAW_POWER battery=100 voltage_mv=4092 charging=0 vbus=1
[20:02:31] TINYDRAW_POWER battery=100 voltage_mv=4090 charging=0 vbus=1
[20:02:32] TINYDRAW_POWER battery=100 voltage_mv=4092 charging=0 vbus=1
[20:02:33] TINYDRAW_POWER battery=100 voltage_mv=4091 charging=0 vbus=1
[20:02:34] TINYDRAW_POWER battery=100 voltage_mv=4089 charging=0 vbus=1
[20:02:35] TINYDRAW_POWER battery=100 voltage_mv=4094 charging=0 vbus=1
[20:02:36] TINYDRAW_POWER battery=100 voltage_mv=4090 charging=0 vbus=1
[20:02:37] TINYDRAW_POWER battery=100 voltage_mv=4091 charging=0 vbus=1
[20:02:39] TINYDRAW_POWER battery=100 voltage_mv=4092 charging=0 vbus=1
[20:02:40] TINYDRAW_POWER battery=100 voltage_mv=4090 charging=0 vbus=1
[20:02:41] TINYDRAW_POWER battery=100 voltage_mv=4093 charging=0 vbus=1
[20:02:43] TINYDRAW_POWER battery=100 voltage_mv=4091 charging=0 vbus=1
[20:02:45] TINYDRAW_POWER battery=100 voltage_mv=4090 charging=0 vbus=1
[20:02:47] TINYDRAW_POWER battery=100 voltage_mv=4092 charging=0 vbus=1
[20:02:48] TINYDRAW_POWER battery=100 voltage_mv=4093 charging=0 vbus=1
[20:02:49] TINYDRAW_POWER battery=100 voltage_mv=4091 charging=0 vbus=1
[20:02:50] TINYDRAW_POWER battery=100 voltage_mv=4092 charging=0 vbus=1
[20:02:51] TINYDRAW_POWER battery=100 voltage_mv=4091 charging=0 vbus=1
[20:02:52] TINYDRAW_POWER battery=100 voltage_mv=4092 charging=0 vbus=1
[20:02:53] TINYDRAW_POWER battery=100 voltage_mv=4091 charging=0 vbus=1
[20:02:54] TINYDRAW_POWER battery=100 voltage_mv=4094 charging=0 vbus=1
[20:02:55] TINYDRAW_POWER battery=100 voltage_mv=4088 charging=0 vbus=1
[20:02:56] TINYDRAW_POWER battery=100 voltage_mv=4089 charging=0 vbus=1
[20:02:59] TINYDRAW_POWER battery=100 voltage_mv=4092 charging=0 vbus=1
[20:03:00] TINYDRAW_POWER battery=100 voltage_mv=4091 charging=0 vbus=1
[20:03:02] TINYDRAW_POWER battery=100 voltage_mv=4089 charging=0 vbus=1
[20:03:03] TINYDRAW_POWER battery=100 voltage_mv=4092 charging=0 vbus=1
[20:03:04] TINYDRAW_POWER battery=100 voltage_mv=4090 charging=0 vbus=1
[20:03:05] TINYDRAW_POWER battery=100 voltage_mv=4091 charging=0 vbus=1
[20:03:08] TINYDRAW_POWER battery=100 voltage_mv=4092 charging=0 vbus=1
[20:03:09] TINYDRAW_POWER battery=100 voltage_mv=4093 charging=0 vbus=1
[20:03:10] TINYDRAW_POWER battery=100 voltage_mv=4090 charging=0 vbus=1
[20:03:12] TINYDRAW_POWER battery=100 voltage_mv=4092 charging=0 vbus=1
[20:03:13] TINYDRAW_POWER battery=100 voltage_mv=4091 charging=0 vbus=1
[20:03:14] TINYDRAW_POWER battery=100 voltage_mv=4092 charging=0 vbus=1
[20:03:15] TINYDRAW_POWER battery=100 voltage_mv=4090 charging=0 vbus=1
[20:03:16] TINYDRAW_POWER battery=100 voltage_mv=4091 charging=0 vbus=1
[20:03:17] TINYDRAW_POWER battery=100 voltage_mv=4090 charging=0 vbus=1
[20:03:18] TINYDRAW_POWER battery=100 voltage_mv=4091 charging=0 vbus=1
[20:03:20] TINYDRAW_POWER battery=100 voltage_mv=4090 charging=0 vbus=1
[20:03:21] TINYDRAW_POWER battery=100 voltage_mv=4091 charging=0 vbus=1
[20:03:22] TINYDRAW_POWER battery=100 voltage_mv=4092 charging=0 vbus=1
[20:03:24] TINYDRAW_POWER battery=100 voltage_mv=4093 charging=0 vbus=1
[20:03:25] TINYDRAW_POWER battery=100 voltage_mv=4091 charging=0 vbus=1
[20:03:26] TINYDRAW_POWER battery=100 voltage_mv=4089 charging=0 vbus=1
[20:03:27] TINYDRAW_POWER battery=100 voltage_mv=4090 charging=0 vbus=1
[20:03:28] TINYDRAW_POWER battery=100 voltage_mv=4092 charging=0 vbus=1
[20:03:29] TINYDRAW_POWER battery=100 voltage_mv=4090 charging=0 vbus=1
[20:03:31] TINYDRAW_POWER battery=100 voltage_mv=4092 charging=0 vbus=1
[20:03:32] TINYDRAW_POWER battery=100 voltage_mv=4090 charging=0 vbus=1
[20:03:33] TINYDRAW_POWER battery=100 voltage_mv=4094 charging=0 vbus=1
[20:03:34] TINYDRAW_POWER battery=100 voltage_mv=4091 charging=0 vbus=1
[20:03:35] TINYDRAW_POWER battery=100 voltage_mv=4090 charging=0 vbus=1
[20:03:36] TINYDRAW_POWER battery=100 voltage_mv=4092 charging=0 vbus=1
[20:03:37] TINYDRAW_POWER battery=100 voltage_mv=4091 charging=0 vbus=1
[20:03:39] TINYDRAW_POWER battery=100 voltage_mv=4094 charging=0 vbus=1
[20:03:40] TINYDRAW_POWER battery=100 voltage_mv=4091 charging=0 vbus=1
[20:03:42] TINYDRAW_POWER battery=100 voltage_mv=4089 charging=0 vbus=1
[20:03:43] TINYDRAW_POWER battery=100 voltage_mv=4092 charging=0 vbus=1
[20:03:44] TINYDRAW_POWER battery=100 voltage_mv=4094 charging=0 vbus=1
[20:03:45] TINYDRAW_POWER battery=100 voltage_mv=4088 charging=0 vbus=1
[20:03:46] TINYDRAW_POWER battery=100 voltage_mv=4091 charging=0 vbus=1
[20:03:47] TINYDRAW_POWER battery=100 voltage_mv=4090 charging=0 vbus=1
[20:03:48] TINYDRAW_POWER battery=100 voltage_mv=4091 charging=0 vbus=1
[20:03:49] TINYDRAW_POWER battery=100 voltage_mv=4090 charging=0 vbus=1
[20:03:50] TINYDRAW_POWER battery=100 voltage_mv=4092 charging=0 vbus=1
[20:03:51] TINYDRAW_POWER battery=100 voltage_mv=4093 charging=0 vbus=1
[20:03:52] TINYDRAW_POWER battery=100 voltage_mv=4091 charging=0 vbus=1
[20:03:53] TINYDRAW_POWER battery=100 voltage_mv=4092 charging=0 vbus=1
[20:03:54] TINYDRAW_POWER battery=100 voltage_mv=4091 charging=0 vbus=1
[20:03:55] TINYDRAW_POWER battery=100 voltage_mv=4093 charging=0 vbus=1
[20:03:56] TINYDRAW_POWER battery=100 voltage_mv=4091 charging=0 vbus=1
[20:03:57] TINYDRAW_POWER battery=100 voltage_mv=4089 charging=0 vbus=1
[20:03:58] TINYDRAW_POWER battery=100 voltage_mv=4091 charging=0 vbus=1
[20:04:00] TINYDRAW_POWER battery=100 voltage_mv=4090 charging=0 vbus=1
[20:04:01] TINYDRAW_POWER battery=100 voltage_mv=4091 charging=0 vbus=1
[20:04:02] TINYDRAW_POWER battery=100 voltage_mv=4090 charging=0 vbus=1
[20:04:03] TINYDRAW_POWER battery=100 voltage_mv=4089 charging=0 vbus=1
[20:04:04] TINYDRAW_POWER battery=100 voltage_mv=4091 charging=0 vbus=1
[20:04:05] TINYDRAW_POWER battery=100 voltage_mv=4093 charging=0 vbus=1
[20:04:06] TINYDRAW_POWER battery=100 voltage_mv=4090 charging=0 vbus=1
[20:04:07] TINYDRAW_POWER battery=100 voltage_mv=4091 charging=0 vbus=1
[20:04:12] TINYDRAW_POWER battery=100 voltage_mv=4092 charging=0 vbus=1
[20:04:13] TINYDRAW_POWER battery=100 voltage_mv=4091 charging=0 vbus=1
[20:04:17] TINYDRAW_POWER battery=100 voltage_mv=4093 charging=0 vbus=1
[20:04:18] TINYDRAW_POWER battery=100 voltage_mv=4092 charging=0 vbus=1
[20:04:19] TINYDRAW_POWER battery=100 voltage_mv=4091 charging=0 vbus=1
[20:04:20] TINYDRAW_POWER battery=100 voltage_mv=4089 charging=0 vbus=1
[20:04:21] TINYDRAW_POWER battery=100 voltage_mv=4090 charging=0 vbus=1
[20:04:22] TINYDRAW_POWER battery=100 voltage_mv=4091 charging=0 vbus=1
[20:04:24] TINYDRAW_POWER battery=100 voltage_mv=4092 charging=0 vbus=1
[20:04:25] TINYDRAW_POWER battery=100 voltage_mv=4091 charging=0 vbus=1
[20:04:26] TINYDRAW_POWER battery=100 voltage_mv=4093 charging=0 vbus=1
[20:04:28] TINYDRAW_POWER battery=100 voltage_mv=4091 charging=0 vbus=1
[20:04:29] TINYDRAW_POWER battery=100 voltage_mv=4090 charging=0 vbus=1
[20:04:30] TINYDRAW_POWER battery=100 voltage_mv=4089 charging=0 vbus=1
[20:04:31] TINYDRAW_POWER battery=100 voltage_mv=4091 charging=0 vbus=1
[20:04:32] TINYDRAW_POWER battery=100 voltage_mv=4093 charging=0 vbus=1
[20:04:33] TINYDRAW_POWER battery=100 voltage_mv=4091 charging=0 vbus=1
[20:04:34] TINYDRAW_POWER battery=100 voltage_mv=4089 charging=0 vbus=1
[20:04:35] TINYDRAW_POWER battery=100 voltage_mv=4091 charging=0 vbus=1
[20:04:36] TINYDRAW_POWER battery=100 voltage_mv=4090 charging=0 vbus=1
[20:04:37] TINYDRAW_POWER battery=100 voltage_mv=4091 charging=0 vbus=1
[20:04:39] TINYDRAW_POWER battery=100 voltage_mv=4090 charging=0 vbus=1
[20:04:40] TINYDRAW_POWER battery=99 voltage_mv=4089 charging=0 vbus=1
[20:04:41] TINYDRAW_POWER battery=100 voltage_mv=4091 charging=0 vbus=1
[20:04:42] TINYDRAW_POWER battery=100 voltage_mv=4094 charging=0 vbus=1
[20:04:43] TINYDRAW_POWER battery=100 voltage_mv=4091 charging=0 vbus=1
[20:04:44] TINYDRAW_POWER battery=100 voltage_mv=4090 charging=0 vbus=1
[20:04:45] TINYDRAW_POWER battery=100 voltage_mv=4093 charging=0 vbus=1
[20:04:46] TINYDRAW_POWER battery=100 voltage_mv=4090 charging=0 vbus=1
[20:04:47] TINYDRAW_POWER battery=100 voltage_mv=4091 charging=0 vbus=1
[20:04:50] TINYDRAW_POWER battery=100 voltage_mv=4090 charging=0 vbus=1
[20:04:51] TINYDRAW_POWER battery=100 voltage_mv=4092 charging=0 vbus=1
[20:04:52] TINYDRAW_POWER battery=100 voltage_mv=4090 charging=0 vbus=1
[20:04:53] TINYDRAW_POWER battery=100 voltage_mv=4091 charging=0 vbus=1
[20:04:55] TINYDRAW_POWER battery=100 voltage_mv=4090 charging=0 vbus=1
[20:04:56] TINYDRAW_POWER battery=100 voltage_mv=4091 charging=0 vbus=1
[20:04:57] TINYDRAW_POWER battery=100 voltage_mv=4089 charging=0 vbus=1
[20:04:58] TINYDRAW_POWER battery=100 voltage_mv=4093 charging=0 vbus=1
[20:04:59] TINYDRAW_POWER battery=100 voltage_mv=4089 charging=0 vbus=1
[20:05:02] TINYDRAW_POWER battery=100 voltage_mv=4090 charging=0 vbus=1
[20:05:04] TINYDRAW_POWER battery=100 voltage_mv=4091 charging=0 vbus=1
[20:05:06] TINYDRAW_POWER battery=100 voltage_mv=4090 charging=0 vbus=1
[20:05:08] TINYDRAW_POWER battery=100 voltage_mv=4089 charging=0 vbus=1
[20:05:09] TINYDRAW_POWER battery=100 voltage_mv=4092 charging=0 vbus=1
[20:05:10] TINYDRAW_POWER battery=100 voltage_mv=4090 charging=0 vbus=1
[20:05:11] TINYDRAW_POWER battery=100 voltage_mv=4089 charging=0 vbus=1
[20:05:12] TINYDRAW_POWER battery=100 voltage_mv=4092 charging=0 vbus=1
[20:05:13] TINYDRAW_POWER battery=100 voltage_mv=4089 charging=0 vbus=1
[20:05:14] TINYDRAW_POWER battery=100 voltage_mv=4091 charging=0 vbus=1
[20:05:15] TINYDRAW_POWER battery=100 voltage_mv=4089 charging=0 vbus=1
[20:05:16] TINYDRAW_POWER battery=100 voltage_mv=4091 charging=0 vbus=1
[20:05:17] TINYDRAW_POWER battery=100 voltage_mv=4090 charging=0 vbus=1
[20:05:20] TINYDRAW_POWER battery=100 voltage_mv=4091 charging=0 vbus=1
[20:05:22] TINYDRAW_POWER battery=100 voltage_mv=4092 charging=0 vbus=1
[20:05:26] TINYDRAW_POWER battery=100 voltage_mv=4089 charging=0 vbus=1
[20:05:27] TINYDRAW_POWER battery=100 voltage_mv=4090 charging=0 vbus=1
[20:05:28] TINYDRAW_POWER battery=100 voltage_mv=4091 charging=0 vbus=1
[20:05:29] TINYDRAW_POWER battery=100 voltage_mv=4088 charging=0 vbus=1
[20:05:30] TINYDRAW_POWER battery=100 voltage_mv=4092 charging=0 vbus=1
[20:05:31] TINYDRAW_POWER battery=100 voltage_mv=4090 charging=0 vbus=1
[20:05:32] TINYDRAW_POWER battery=100 voltage_mv=4088 charging=0 vbus=1
[20:05:33] TINYDRAW_POWER battery=100 voltage_mv=4092 charging=0 vbus=1
[20:05:34] TINYDRAW_POWER battery=100 voltage_mv=4090 charging=0 vbus=1
[20:05:35] TINYDRAW_POWER battery=100 voltage_mv=4091 charging=0 vbus=1
[20:05:36] TINYDRAW_POWER battery=100 voltage_mv=4093 charging=0 vbus=1
[20:05:37] TINYDRAW_POWER battery=100 voltage_mv=4091 charging=0 vbus=1
[20:05:38] TINYDRAW_POWER battery=100 voltage_mv=4090 charging=0 vbus=1
[20:05:40] TINYDRAW_POWER battery=100 voltage_mv=4091 charging=0 vbus=1
[20:05:41] TINYDRAW_POWER battery=100 voltage_mv=4090 charging=0 vbus=1
[20:05:42] TINYDRAW_POWER battery=100 voltage_mv=4091 charging=0 vbus=1
[20:05:43] TINYDRAW_POWER battery=100 voltage_mv=4089 charging=0 vbus=1
[20:05:44] TINYDRAW_POWER battery=100 voltage_mv=4092 charging=0 vbus=1
[20:05:45] TINYDRAW_POWER battery=100 voltage_mv=4091 charging=0 vbus=1
[20:05:46] TINYDRAW_POWER battery=100 voltage_mv=4090 charging=0 vbus=1
[20:05:48] TINYDRAW_POWER battery=100 voltage_mv=4091 charging=0 vbus=1
[20:05:49] TINYDRAW_POWER battery=100 voltage_mv=4092 charging=0 vbus=1
[20:05:51] TINYDRAW_POWER battery=100 voltage_mv=4090 charging=0 vbus=1
[20:05:53] TINYDRAW_POWER battery=100 voltage_mv=4092 charging=0 vbus=1
[20:05:55] TINYDRAW_POWER battery=100 voltage_mv=4088 charging=0 vbus=1
[20:05:56] TINYDRAW_POWER battery=100 voltage_mv=4089 charging=0 vbus=1
[20:05:57] TINYDRAW_POWER battery=100 voltage_mv=4091 charging=0 vbus=1
[20:05:58] TINYDRAW_POWER battery=100 voltage_mv=4090 charging=0 vbus=1
[20:05:59] TINYDRAW_POWER battery=100 voltage_mv=4091 charging=0 vbus=1
[20:06:00] TINYDRAW_POWER battery=100 voltage_mv=4090 charging=0 vbus=1
[20:06:02] TINYDRAW_POWER battery=100 voltage_mv=4091 charging=0 vbus=1
[20:06:03] TINYDRAW_POWER battery=100 voltage_mv=4090 charging=0 vbus=1
[20:06:04] TINYDRAW_POWER battery=100 voltage_mv=4092 charging=0 vbus=1
[20:06:05] TINYDRAW_POWER battery=100 voltage_mv=4089 charging=0 vbus=1
[20:06:06] TINYDRAW_POWER battery=100 voltage_mv=4092 charging=0 vbus=1
[20:06:07] TINYDRAW_POWER battery=100 voltage_mv=4089 charging=0 vbus=1
[20:06:08] TINYDRAW_POWER battery=100 voltage_mv=4090 charging=0 vbus=1
[20:06:10] TINYDRAW_POWER battery=100 voltage_mv=4092 charging=0 vbus=1
[20:06:11] TINYDRAW_POWER battery=100 voltage_mv=4091 charging=0 vbus=1
[20:06:13] TINYDRAW_POWER battery=100 voltage_mv=4092 charging=0 vbus=1
[20:06:14] TINYDRAW_POWER battery=100 voltage_mv=4090 charging=0 vbus=1
[20:06:17] TINYDRAW_POWER battery=100 voltage_mv=4093 charging=0 vbus=1
[20:06:18] TINYDRAW_POWER battery=100 voltage_mv=4092 charging=0 vbus=1
[20:06:19] TINYDRAW_POWER battery=100 voltage_mv=4090 charging=0 vbus=1
[20:06:20] TINYDRAW_POWER battery=100 voltage_mv=4092 charging=0 vbus=1
[20:06:21] TINYDRAW_POWER battery=100 voltage_mv=4090 charging=0 vbus=1
[20:06:22] TINYDRAW_POWER battery=100 voltage_mv=4091 charging=0 vbus=1
[20:06:23] TINYDRAW_POWER battery=100 voltage_mv=4094 charging=0 vbus=1
[20:06:24] TINYDRAW_POWER battery=100 voltage_mv=4090 charging=0 vbus=1
[20:06:25] TINYDRAW_POWER battery=100 voltage_mv=4091 charging=0 vbus=1
[20:06:26] TINYDRAW_POWER battery=100 voltage_mv=4090 charging=0 vbus=1
[20:06:27] TINYDRAW_POWER battery=100 voltage_mv=4089 charging=0 vbus=1
[20:06:28] TINYDRAW_POWER battery=100 voltage_mv=4090 charging=0 vbus=1
[20:06:29] TINYDRAW_POWER battery=100 voltage_mv=4089 charging=0 vbus=1
[20:06:30] TINYDRAW_POWER battery=100 voltage_mv=4091 charging=0 vbus=1
[20:06:31] TINYDRAW_POWER battery=100 voltage_mv=4092 charging=0 vbus=1
[20:06:32] TINYDRAW_POWER battery=100 voltage_mv=4091 charging=0 vbus=1
[20:06:33] TINYDRAW_POWER battery=100 voltage_mv=4093 charging=0 vbus=1
[20:06:34] TINYDRAW_POWER battery=100 voltage_mv=4091 charging=0 vbus=1
[20:06:35] TINYDRAW_POWER battery=100 voltage_mv=4090 charging=0 vbus=1
[20:06:37] TINYDRAW_POWER battery=100 voltage_mv=4091 charging=0 vbus=1
[20:06:39] TINYDRAW_POWER battery=100 voltage_mv=4090 charging=0 vbus=1
[20:06:41] TINYDRAW_POWER battery=100 voltage_mv=4091 charging=0 vbus=1
[20:06:42] TINYDRAW_POWER battery=100 voltage_mv=4089 charging=0 vbus=1
[20:06:43] TINYDRAW_POWER battery=100 voltage_mv=4090 charging=0 vbus=1
[20:06:45] TINYDRAW_POWER battery=100 voltage_mv=4088 charging=0 vbus=1
[20:06:46] TINYDRAW_POWER battery=100 voltage_mv=4090 charging=0 vbus=1
[20:06:47] TINYDRAW_POWER battery=100 voltage_mv=4091 charging=0 vbus=1
[20:06:49] TINYDRAW_POWER battery=100 voltage_mv=4090 charging=0 vbus=1
[20:06:50] TINYDRAW_POWER battery=100 voltage_mv=4092 charging=0 vbus=1
[20:06:51] TINYDRAW_POWER battery=100 voltage_mv=4091 charging=0 vbus=1
[20:06:52] TINYDRAW_POWER battery=100 voltage_mv=4090 charging=0 vbus=1
[20:06:53] TINYDRAW_POWER battery=100 voltage_mv=4088 charging=0 vbus=1
[20:06:54] TINYDRAW_POWER battery=100 voltage_mv=4092 charging=0 vbus=1
[20:06:55] TINYDRAW_POWER battery=100 voltage_mv=4089 charging=0 vbus=1
[20:06:57] TINYDRAW_POWER battery=100 voltage_mv=4090 charging=0 vbus=1
[20:06:58] TINYDRAW_POWER battery=100 voltage_mv=4091 charging=0 vbus=1
[20:06:59] TINYDRAW_POWER battery=100 voltage_mv=4089 charging=0 vbus=1
[20:07:03] TINYDRAW_POWER battery=100 voltage_mv=4090 charging=0 vbus=1
[20:07:05] TINYDRAW_POWER battery=100 voltage_mv=4091 charging=0 vbus=1
[20:07:06] TINYDRAW_POWER battery=100 voltage_mv=4092 charging=0 vbus=1
[20:07:07] TINYDRAW_POWER battery=100 voltage_mv=4091 charging=0 vbus=1
[20:07:08] TINYDRAW_POWER battery=100 voltage_mv=4092 charging=0 vbus=1
[20:07:09] TINYDRAW_POWER battery=100 voltage_mv=4089 charging=0 vbus=1
[20:07:10] TINYDRAW_POWER battery=100 voltage_mv=4090 charging=0 vbus=1
[20:07:11] TINYDRAW_POWER battery=100 voltage_mv=4089 charging=0 vbus=1
[20:07:13] TINYDRAW_POWER battery=100 voltage_mv=4090 charging=0 vbus=1
[20:07:14] TINYDRAW_POWER battery=100 voltage_mv=4089 charging=0 vbus=1
[20:07:15] TINYDRAW_POWER battery=100 voltage_mv=4091 charging=0 vbus=1
[20:07:16] TINYDRAW_POWER battery=100 voltage_mv=4090 charging=0 vbus=1
[20:07:17] TINYDRAW_POWER battery=100 voltage_mv=4089 charging=0 vbus=1
[20:07:19] TINYDRAW_POWER battery=100 voltage_mv=4090 charging=0 vbus=1
[20:07:21] TINYDRAW_POWER battery=100 voltage_mv=4089 charging=0 vbus=1
[20:07:22] TINYDRAW_POWER battery=100 voltage_mv=4090 charging=0 vbus=1
[20:07:23] TINYDRAW_POWER battery=100 voltage_mv=4091 charging=0 vbus=1
[20:07:24] TINYDRAW_POWER battery=100 voltage_mv=4092 charging=0 vbus=1
[20:07:25] TINYDRAW_POWER battery=100 voltage_mv=4089 charging=0 vbus=1
[20:07:27] TINYDRAW_POWER battery=100 voltage_mv=4090 charging=0 vbus=1
[20:07:28] TINYDRAW_POWER battery=99 voltage_mv=4091 charging=0 vbus=1
[20:07:29] TINYDRAW_POWER battery=100 voltage_mv=4089 charging=0 vbus=1
[20:07:30] TINYDRAW_POWER battery=100 voltage_mv=4091 charging=0 vbus=1
[20:07:34] TINYDRAW_POWER battery=100 voltage_mv=4090 charging=0 vbus=1
[20:07:35] TINYDRAW_POWER battery=100 voltage_mv=4089 charging=0 vbus=1
[20:07:36] TINYDRAW_POWER battery=100 voltage_mv=4088 charging=0 vbus=1
[20:07:37] TINYDRAW_POWER battery=100 voltage_mv=4089 charging=0 vbus=1
[20:07:38] TINYDRAW_POWER battery=100 voltage_mv=4088 charging=0 vbus=1
[20:07:39] TINYDRAW_POWER battery=100 voltage_mv=4090 charging=0 vbus=1
[20:07:41] TINYDRAW_POWER battery=100 voltage_mv=4091 charging=0 vbus=1
[20:07:43] TINYDRAW_POWER battery=100 voltage_mv=4089 charging=0 vbus=1
[20:07:44] TINYDRAW_POWER battery=100 voltage_mv=4092 charging=0 vbus=1
[20:07:45] TINYDRAW_POWER battery=100 voltage_mv=4090 charging=0 vbus=1
[20:07:46] TINYDRAW_POWER battery=100 voltage_mv=4092 charging=0 vbus=1
[20:07:47] TINYDRAW_POWER battery=100 voltage_mv=4089 charging=0 vbus=1
[20:07:48] TINYDRAW_POWER battery=100 voltage_mv=4090 charging=0 vbus=1
[20:07:49] TINYDRAW_POWER battery=100 voltage_mv=4091 charging=0 vbus=1
[20:07:51] TINYDRAW_POWER battery=100 voltage_mv=4090 charging=0 vbus=1
[20:07:53] TINYDRAW_POWER battery=100 voltage_mv=4091 charging=0 vbus=1
[20:07:54] TINYDRAW_POWER battery=100 voltage_mv=4089 charging=0 vbus=1
[20:07:55] TINYDRAW_POWER battery=100 voltage_mv=4091 charging=0 vbus=1
[20:07:58] TINYDRAW_POWER battery=100 voltage_mv=4088 charging=0 vbus=1
[20:07:59] TINYDRAW_POWER battery=100 voltage_mv=4092 charging=0 vbus=1
[20:08:01] TINYDRAW_POWER battery=100 voltage_mv=4089 charging=0 vbus=1
[20:08:03] TINYDRAW_POWER battery=100 voltage_mv=4091 charging=0 vbus=1
[20:08:04] TINYDRAW_POWER battery=100 voltage_mv=4090 charging=0 vbus=1
[20:08:05] TINYDRAW_POWER battery=100 voltage_mv=4089 charging=0 vbus=1
[20:08:06] TINYDRAW_POWER battery=100 voltage_mv=4091 charging=0 vbus=1
[20:08:07] TINYDRAW_POWER battery=100 voltage_mv=4090 charging=0 vbus=1
[20:08:08] TINYDRAW_POWER battery=100 voltage_mv=4091 charging=0 vbus=1
[20:08:09] TINYDRAW_POWER battery=100 voltage_mv=4090 charging=0 vbus=1
[20:08:12] TINYDRAW_POWER battery=100 voltage_mv=4091 charging=0 vbus=1
[20:08:13] TINYDRAW_POWER battery=100 voltage_mv=4090 charging=0 vbus=1
[20:08:14] TINYDRAW_POWER battery=100 voltage_mv=4091 charging=0 vbus=1
[20:08:15] TINYDRAW_POWER battery=100 voltage_mv=4090 charging=0 vbus=1
[20:08:16] TINYDRAW_POWER battery=100 voltage_mv=4089 charging=0 vbus=1
[20:08:19] TINYDRAW_POWER battery=100 voltage_mv=4090 charging=0 vbus=1
[20:08:20] TINYDRAW_POWER battery=100 voltage_mv=4091 charging=0 vbus=1
[20:08:23] TINYDRAW_POWER battery=100 voltage_mv=4089 charging=0 vbus=1
[20:08:24] TINYDRAW_POWER battery=100 voltage_mv=4091 charging=0 vbus=1
[20:08:25] TINYDRAW_POWER battery=100 voltage_mv=4092 charging=0 vbus=1
[20:08:26] TINYDRAW_POWER battery=100 voltage_mv=4091 charging=0 vbus=1
[20:08:27] TINYDRAW_POWER battery=100 voltage_mv=4087 charging=0 vbus=1
[20:08:28] TINYDRAW_POWER battery=100 voltage_mv=4091 charging=0 vbus=1
[20:08:29] TINYDRAW_POWER battery=100 voltage_mv=4089 charging=0 vbus=1
[20:08:30] TINYDRAW_POWER battery=100 voltage_mv=4090 charging=0 vbus=1
[20:08:31] TINYDRAW_POWER battery=100 voltage_mv=4092 charging=0 vbus=1
[20:08:33] TINYDRAW_POWER battery=100 voltage_mv=4091 charging=0 vbus=1
[20:08:35] TINYDRAW_POWER battery=100 voltage_mv=4090 charging=0 vbus=1
[20:08:36] TINYDRAW_POWER battery=100 voltage_mv=4089 charging=0 vbus=1
[20:08:38] TINYDRAW_POWER battery=100 voltage_mv=4090 charging=0 vbus=1
[20:08:39] TINYDRAW_POWER battery=100 voltage_mv=4088 charging=0 vbus=1
[20:08:40] TINYDRAW_POWER battery=100 voltage_mv=4090 charging=0 vbus=1
[20:08:41] TINYDRAW_POWER battery=100 voltage_mv=4091 charging=0 vbus=1
[20:08:42] TINYDRAW_POWER battery=100 voltage_mv=4090 charging=0 vbus=1
[20:08:45] TINYDRAW_POWER battery=100 voltage_mv=4092 charging=0 vbus=1
[20:08:46] TINYDRAW_POWER battery=100 voltage_mv=4089 charging=0 vbus=1
[20:08:48] TINYDRAW_POWER battery=100 voltage_mv=4090 charging=0 vbus=1
[20:08:49] TINYDRAW_POWER battery=100 voltage_mv=4089 charging=0 vbus=1
[20:08:50] TINYDRAW_POWER battery=100 voltage_mv=4092 charging=0 vbus=1
[20:08:51] TINYDRAW_POWER battery=100 voltage_mv=4089 charging=0 vbus=1
[20:08:53] TINYDRAW_POWER battery=100 voltage_mv=4090 charging=0 vbus=1
[20:08:54] TINYDRAW_POWER battery=100 voltage_mv=4091 charging=0 vbus=1
[20:08:55] TINYDRAW_POWER battery=100 voltage_mv=4089 charging=0 vbus=1
[20:08:59] TINYDRAW_POWER battery=100 voltage_mv=4091 charging=0 vbus=1
[20:09:01] TINYDRAW_POWER battery=100 voltage_mv=4090 charging=0 vbus=1
[20:09:03] TINYDRAW_POWER battery=100 voltage_mv=4092 charging=0 vbus=1
[20:09:06] TINYDRAW_POWER battery=100 voltage_mv=4089 charging=0 vbus=1
[20:09:07] TINYDRAW_POWER battery=100 voltage_mv=4091 charging=0 vbus=1
[20:09:08] TINYDRAW_POWER battery=100 voltage_mv=4092 charging=0 vbus=1
[20:09:09] TINYDRAW_POWER battery=100 voltage_mv=4090 charging=0 vbus=1
[20:09:10] TINYDRAW_POWER battery=100 voltage_mv=4091 charging=0 vbus=1
[20:09:11] TINYDRAW_POWER battery=100 voltage_mv=4090 charging=0 vbus=1
[20:09:12] TINYDRAW_POWER battery=100 voltage_mv=4088 charging=0 vbus=1
[20:09:13] TINYDRAW_POWER battery=100 voltage_mv=4090 charging=0 vbus=1
[20:09:14] TINYDRAW_POWER battery=100 voltage_mv=4091 charging=0 vbus=1
[20:09:15] TINYDRAW_POWER battery=100 voltage_mv=4090 charging=0 vbus=1
[20:09:16] TINYDRAW_POWER battery=100 voltage_mv=4089 charging=0 vbus=1
[20:09:18] TINYDRAW_POWER battery=100 voltage_mv=4092 charging=0 vbus=1
[20:09:19] TINYDRAW_POWER battery=100 voltage_mv=4090 charging=0 vbus=1
[20:09:20] TINYDRAW_POWER battery=100 voltage_mv=4092 charging=0 vbus=1
[20:09:21] TINYDRAW_POWER battery=100 voltage_mv=4093 charging=0 vbus=1
[20:09:22] TINYDRAW_POWER battery=100 voltage_mv=4088 charging=0 vbus=1
[20:09:23] TINYDRAW_POWER battery=100 voltage_mv=4091 charging=0 vbus=1
[20:09:24] TINYDRAW_POWER battery=100 voltage_mv=4090 charging=0 vbus=1
[20:09:25] TINYDRAW_POWER battery=100 voltage_mv=4092 charging=0 vbus=1
[20:09:28] TINYDRAW_POWER battery=100 voltage_mv=4091 charging=0 vbus=1
[20:09:29] TINYDRAW_POWER battery=100 voltage_mv=4088 charging=0 vbus=1
[20:09:30] TINYDRAW_POWER battery=100 voltage_mv=4090 charging=0 vbus=1
[20:09:31] TINYDRAW_POWER battery=100 voltage_mv=4091 charging=0 vbus=1
[20:09:33] TINYDRAW_POWER battery=100 voltage_mv=4092 charging=0 vbus=1
[20:09:34] TINYDRAW_POWER battery=100 voltage_mv=4091 charging=0 vbus=1
[20:09:35] TINYDRAW_POWER battery=100 voltage_mv=4092 charging=0 vbus=1
[20:09:36] TINYDRAW_POWER battery=100 voltage_mv=4090 charging=0 vbus=1
[20:09:37] TINYDRAW_POWER battery=100 voltage_mv=4091 charging=0 vbus=1
[20:09:38] TINYDRAW_POWER battery=100 voltage_mv=4090 charging=0 vbus=1
[20:09:39] TINYDRAW_POWER battery=100 voltage_mv=4091 charging=0 vbus=1
[20:09:40] TINYDRAW_POWER battery=100 voltage_mv=4090 charging=0 vbus=1
[20:09:41] TINYDRAW_POWER battery=100 voltage_mv=4091 charging=0 vbus=1
[20:09:43] TINYDRAW_POWER battery=100 voltage_mv=4090 charging=0 vbus=1
[20:09:45] TINYDRAW_POWER battery=100 voltage_mv=4091 charging=0 vbus=1
[20:09:47] TINYDRAW_POWER battery=100 voltage_mv=4088 charging=0 vbus=1
[20:09:48] TINYDRAW_POWER battery=100 voltage_mv=4089 charging=0 vbus=1
[20:09:49] TINYDRAW_POWER battery=100 voltage_mv=4090 charging=0 vbus=1
[20:09:50] TINYDRAW_POWER battery=100 voltage_mv=4089 charging=0 vbus=1
[20:09:51] TINYDRAW_POWER battery=100 voltage_mv=4090 charging=0 vbus=1
[20:09:52] TINYDRAW_POWER battery=100 voltage_mv=4092 charging=0 vbus=1
[20:09:54] TINYDRAW_POWER battery=100 voltage_mv=4091 charging=0 vbus=1
[20:09:55] TINYDRAW_POWER battery=100 voltage_mv=4089 charging=0 vbus=1
[20:09:57] TINYDRAW_POWER battery=100 voltage_mv=4091 charging=0 vbus=1
[20:09:58] TINYDRAW_POWER battery=100 voltage_mv=4092 charging=0 vbus=1
[20:09:59] TINYDRAW_POWER battery=100 voltage_mv=4090 charging=0 vbus=1
[20:10:00] TINYDRAW_POWER battery=100 voltage_mv=4091 charging=0 vbus=1
[20:10:01] TINYDRAW_POWER battery=100 voltage_mv=4092 charging=0 vbus=1
[20:10:02] TINYDRAW_POWER battery=100 voltage_mv=4093 charging=0 vbus=1
[20:10:03] TINYDRAW_POWER battery=100 voltage_mv=4091 charging=0 vbus=1
[20:10:04] TINYDRAW_POWER battery=100 voltage_mv=4089 charging=0 vbus=1
[20:10:05] TINYDRAW_POWER battery=100 voltage_mv=4091 charging=0 vbus=1
[20:10:06] TINYDRAW_POWER battery=100 voltage_mv=4090 charging=0 vbus=1
[20:10:07] TINYDRAW_POWER battery=100 voltage_mv=4091 charging=0 vbus=1
[20:10:08] TINYDRAW_POWER battery=100 voltage_mv=4090 charging=0 vbus=1
[20:10:09] TINYDRAW_POWER battery=100 voltage_mv=4094 charging=0 vbus=1
[20:10:10] TINYDRAW_POWER battery=100 voltage_mv=4092 charging=0 vbus=1
[20:10:11] TINYDRAW_POWER battery=100 voltage_mv=4093 charging=0 vbus=1
[20:10:13] TINYDRAW_POWER battery=100 voltage_mv=4089 charging=0 vbus=1
[20:10:14] TINYDRAW_POWER battery=100 voltage_mv=4092 charging=0 vbus=1
[20:10:15] TINYDRAW_POWER battery=100 voltage_mv=4091 charging=0 vbus=1
[20:10:16] TINYDRAW_POWER battery=100 voltage_mv=4089 charging=0 vbus=1
[20:10:17] TINYDRAW_POWER battery=99 voltage_mv=4090 charging=0 vbus=1
[20:10:18] TINYDRAW_POWER battery=100 voltage_mv=4092 charging=0 vbus=1
[20:10:19] TINYDRAW_POWER battery=100 voltage_mv=4091 charging=0 vbus=1
[20:10:22] TINYDRAW_POWER battery=100 voltage_mv=4093 charging=0 vbus=1
[20:10:23] TINYDRAW_POWER battery=100 voltage_mv=4090 charging=0 vbus=1
[20:10:24] TINYDRAW_POWER battery=100 voltage_mv=4088 charging=0 vbus=1
[20:10:26] TINYDRAW_POWER battery=100 voltage_mv=4091 charging=0 vbus=1
[20:10:27] TINYDRAW_POWER battery=100 voltage_mv=4093 charging=0 vbus=1
[20:10:29] TINYDRAW_POWER battery=100 voltage_mv=4089 charging=0 vbus=1
[20:10:30] TINYDRAW_POWER battery=100 voltage_mv=4092 charging=0 vbus=1
[20:10:31] TINYDRAW_POWER battery=100 voltage_mv=4090 charging=0 vbus=1
[20:10:33] TINYDRAW_POWER battery=100 voltage_mv=4092 charging=0 vbus=1
[20:10:34] TINYDRAW_POWER battery=100 voltage_mv=4089 charging=0 vbus=1
[20:10:35] TINYDRAW_POWER battery=100 voltage_mv=4090 charging=0 vbus=1
[20:10:37] TINYDRAW_POWER battery=100 voltage_mv=4091 charging=0 vbus=1
[20:10:38] TINYDRAW_POWER battery=100 voltage_mv=4089 charging=0 vbus=1
[20:10:39] TINYDRAW_POWER battery=100 voltage_mv=4092 charging=0 vbus=1
[20:10:40] TINYDRAW_POWER battery=100 voltage_mv=4090 charging=0 vbus=1
[20:10:41] TINYDRAW_POWER battery=100 voltage_mv=4088 charging=0 vbus=1
[20:10:42] TINYDRAW_POWER battery=100 voltage_mv=4090 charging=0 vbus=1
[20:10:43] TINYDRAW_POWER battery=100 voltage_mv=4091 charging=0 vbus=1
[20:10:44] TINYDRAW_POWER battery=100 voltage_mv=4092 charging=0 vbus=1
[20:10:45] TINYDRAW_POWER battery=100 voltage_mv=4090 charging=0 vbus=1
[20:10:46] TINYDRAW_POWER battery=100 voltage_mv=4091 charging=0 vbus=1
[20:10:50] TINYDRAW_POWER battery=100 voltage_mv=4092 charging=0 vbus=1
[20:10:51] TINYDRAW_POWER battery=100 voltage_mv=4089 charging=0 vbus=1
[20:10:52] TINYDRAW_POWER battery=100 voltage_mv=4090 charging=0 vbus=1
[20:10:54] TINYDRAW_POWER battery=100 voltage_mv=4091 charging=0 vbus=1
[20:10:55] TINYDRAW_POWER battery=100 voltage_mv=4092 charging=0 vbus=1
[20:10:56] TINYDRAW_POWER battery=100 voltage_mv=4091 charging=0 vbus=1
[20:10:57] TINYDRAW_POWER battery=100 voltage_mv=4089 charging=0 vbus=1
[20:10:58] TINYDRAW_POWER battery=100 voltage_mv=4092 charging=0 vbus=1
[20:10:59] TINYDRAW_POWER battery=100 voltage_mv=4090 charging=0 vbus=1
[20:11:00] TINYDRAW_POWER battery=100 voltage_mv=4089 charging=0 vbus=1
[20:11:02] TINYDRAW_POWER battery=100 voltage_mv=4093 charging=0 vbus=1
[20:11:03] TINYDRAW_POWER battery=100 voltage_mv=4090 charging=0 vbus=1
[20:11:08] TINYDRAW_POWER battery=100 voltage_mv=4089 charging=0 vbus=1
[20:11:09] TINYDRAW_POWER battery=100 voltage_mv=4091 charging=0 vbus=1
[20:11:12] TINYDRAW_POWER battery=100 voltage_mv=4090 charging=0 vbus=1
[20:11:13] TINYDRAW_POWER battery=100 voltage_mv=4089 charging=0 vbus=1
[20:11:14] TINYDRAW_POWER battery=100 voltage_mv=4091 charging=0 vbus=1
[20:11:15] TINYDRAW_POWER battery=100 voltage_mv=4090 charging=0 vbus=1
[20:11:16] TINYDRAW_POWER battery=100 voltage_mv=4089 charging=0 vbus=1
[20:11:17] TINYDRAW_POWER battery=100 voltage_mv=4091 charging=0 vbus=1
[20:11:20] TINYDRAW_POWER battery=100 voltage_mv=4092 charging=0 vbus=1
[20:11:21] TINYDRAW_POWER battery=100 voltage_mv=4090 charging=0 vbus=1
[20:11:25] TINYDRAW_POWER battery=100 voltage_mv=4092 charging=0 vbus=1
[20:11:26] TINYDRAW_POWER battery=100 voltage_mv=4093 charging=0 vbus=1
[20:11:27] TINYDRAW_POWER battery=100 voltage_mv=4090 charging=0 vbus=1
[20:11:28] TINYDRAW_POWER battery=100 voltage_mv=4089 charging=0 vbus=1
[20:11:29] TINYDRAW_POWER battery=100 voltage_mv=4091 charging=0 vbus=1
[20:11:31] TINYDRAW_POWER battery=100 voltage_mv=4092 charging=0 vbus=1
[20:11:32] TINYDRAW_POWER battery=100 voltage_mv=4090 charging=0 vbus=1
[20:11:33] TINYDRAW_POWER battery=100 voltage_mv=4089 charging=0 vbus=1
[20:11:34] TINYDRAW_POWER battery=100 voltage_mv=4092 charging=0 vbus=1
[20:11:35] TINYDRAW_POWER battery=100 voltage_mv=4090 charging=0 vbus=1
[20:11:36] TINYDRAW_POWER battery=100 voltage_mv=4091 charging=0 vbus=1
[20:11:37] TINYDRAW_POWER battery=100 voltage_mv=4089 charging=0 vbus=1
[20:11:38] TINYDRAW_POWER battery=100 voltage_mv=4091 charging=0 vbus=1
[20:11:39] TINYDRAW_POWER battery=100 voltage_mv=4088 charging=0 vbus=1
[20:11:41] TINYDRAW_POWER battery=100 voltage_mv=4091 charging=0 vbus=1
[20:11:42] TINYDRAW_POWER battery=100 voltage_mv=4092 charging=0 vbus=1
[20:11:43] TINYDRAW_POWER battery=100 voltage_mv=4088 charging=0 vbus=1
[20:11:44] TINYDRAW_POWER battery=100 voltage_mv=4090 charging=0 vbus=1
[20:11:45] TINYDRAW_POWER battery=100 voltage_mv=4092 charging=0 vbus=1
[20:11:46] TINYDRAW_POWER battery=100 voltage_mv=4091 charging=0 vbus=1
[20:11:48] TINYDRAW_POWER battery=100 voltage_mv=4089 charging=0 vbus=1
[20:11:49] TINYDRAW_POWER battery=100 voltage_mv=4091 charging=0 vbus=1
[20:11:50] TINYDRAW_POWER battery=100 voltage_mv=4090 charging=0 vbus=1
[20:11:51] TINYDRAW_POWER battery=100 voltage_mv=4091 charging=0 vbus=1
[20:11:52] TINYDRAW_POWER battery=100 voltage_mv=4090 charging=0 vbus=1
[20:11:54] TINYDRAW_POWER battery=100 voltage_mv=4091 charging=0 vbus=1
[20:11:55] TINYDRAW_POWER battery=100 voltage_mv=4090 charging=0 vbus=1
[20:11:56] TINYDRAW_POWER battery=100 voltage_mv=4092 charging=0 vbus=1
[20:11:57] TINYDRAW_POWER battery=100 voltage_mv=4090 charging=0 vbus=1
[20:11:58] TINYDRAW_POWER battery=100 voltage_mv=4093 charging=0 vbus=1
[20:11:59] TINYDRAW_POWER battery=100 voltage_mv=4090 charging=0 vbus=1
[20:12:00] TINYDRAW_POWER battery=100 voltage_mv=4089 charging=0 vbus=1
[20:12:01] TINYDRAW_POWER battery=100 voltage_mv=4091 charging=0 vbus=1
[20:12:02] TINYDRAW_POWER battery=100 voltage_mv=4090 charging=0 vbus=1
[20:12:03] TINYDRAW_POWER battery=100 voltage_mv=4089 charging=0 vbus=1
[20:12:04] TINYDRAW_POWER battery=100 voltage_mv=4093 charging=0 vbus=1
[20:12:05] TINYDRAW_POWER battery=100 voltage_mv=4092 charging=0 vbus=1
[20:12:08] TINYDRAW_POWER battery=100 voltage_mv=4090 charging=0 vbus=1
[20:12:09] TINYDRAW_POWER battery=100 voltage_mv=4089 charging=0 vbus=1
[20:12:10] TINYDRAW_POWER battery=100 voltage_mv=4092 charging=0 vbus=1
[20:12:11] TINYDRAW_POWER battery=100 voltage_mv=4090 charging=0 vbus=1
[20:12:13] TINYDRAW_POWER battery=100 voltage_mv=4091 charging=0 vbus=1
[20:12:14] TINYDRAW_POWER battery=100 voltage_mv=4092 charging=0 vbus=1
[20:12:15] TINYDRAW_POWER battery=100 voltage_mv=4088 charging=0 vbus=1
[20:12:16] TINYDRAW_POWER battery=100 voltage_mv=4090 charging=0 vbus=1
[20:12:17] TINYDRAW_POWER battery=100 voltage_mv=4091 charging=0 vbus=1
[20:12:18] TINYDRAW_POWER battery=100 voltage_mv=4092 charging=0 vbus=1
[20:12:19] TINYDRAW_POWER battery=100 voltage_mv=4089 charging=0 vbus=1
[20:12:20] TINYDRAW_POWER battery=100 voltage_mv=4090 charging=0 vbus=1
[20:12:21] TINYDRAW_POWER battery=100 voltage_mv=4091 charging=0 vbus=1
[20:12:22] TINYDRAW_POWER battery=100 voltage_mv=4090 charging=0 vbus=1
[20:12:23] TINYDRAW_POWER battery=100 voltage_mv=4092 charging=0 vbus=1
[20:12:24] TINYDRAW_POWER battery=100 voltage_mv=4091 charging=0 vbus=1
[20:12:25] TINYDRAW_POWER battery=100 voltage_mv=4090 charging=0 vbus=1
[20:12:26] TINYDRAW_POWER battery=100 voltage_mv=4092 charging=0 vbus=1
[20:12:27] TINYDRAW_POWER battery=100 voltage_mv=4091 charging=0 vbus=1
[20:12:30] TINYDRAW_POWER battery=100 voltage_mv=4089 charging=0 vbus=1
[20:12:32] TINYDRAW_POWER battery=100 voltage_mv=4092 charging=0 vbus=1
[20:12:34] TINYDRAW_POWER battery=100 voltage_mv=4090 charging=0 vbus=1
[20:12:35] TINYDRAW_POWER battery=100 voltage_mv=4093 charging=0 vbus=1
[20:12:36] TINYDRAW_POWER battery=100 voltage_mv=4092 charging=0 vbus=1
[20:12:37] TINYDRAW_POWER battery=100 voltage_mv=4089 charging=0 vbus=1
[20:12:38] TINYDRAW_POWER battery=100 voltage_mv=4091 charging=0 vbus=1
[20:12:39] TINYDRAW_POWER battery=100 voltage_mv=4090 charging=0 vbus=1
[20:12:41] TINYDRAW_POWER battery=100 voltage_mv=4091 charging=0 vbus=1
[20:12:43] TINYDRAW_POWER battery=100 voltage_mv=4090 charging=0 vbus=1
[20:12:44] TINYDRAW_POWER battery=100 voltage_mv=4091 charging=0 vbus=1
[20:12:45] TINYDRAW_POWER battery=100 voltage_mv=4089 charging=0 vbus=1
[20:12:46] TINYDRAW_POWER battery=100 voltage_mv=4091 charging=0 vbus=1
[20:12:47] TINYDRAW_POWER battery=100 voltage_mv=4090 charging=0 vbus=1
[20:12:49] TINYDRAW_POWER battery=100 voltage_mv=4091 charging=0 vbus=1
[20:12:50] TINYDRAW_POWER battery=100 voltage_mv=4090 charging=0 vbus=1
[20:12:51] TINYDRAW_POWER battery=100 voltage_mv=4093 charging=0 vbus=1
[20:12:52] TINYDRAW_POWER battery=100 voltage_mv=4090 charging=0 vbus=1
[20:12:55] TINYDRAW_POWER battery=100 voltage_mv=4092 charging=0 vbus=1
[20:12:56] TINYDRAW_POWER battery=100 voltage_mv=4091 charging=0 vbus=1
[20:12:57] TINYDRAW_POWER battery=100 voltage_mv=4092 charging=0 vbus=1
[20:12:58] TINYDRAW_POWER battery=100 voltage_mv=4091 charging=0 vbus=1
[20:12:59] TINYDRAW_POWER battery=100 voltage_mv=4093 charging=0 vbus=1
[20:13:00] TINYDRAW_POWER battery=100 voltage_mv=4091 charging=0 vbus=1
[20:13:01] TINYDRAW_POWER battery=100 voltage_mv=4093 charging=0 vbus=1
[20:13:02] TINYDRAW_POWER battery=100 voltage_mv=4089 charging=0 vbus=1
[20:13:03] TINYDRAW_POWER battery=100 voltage_mv=4091 charging=0 vbus=1
[20:13:04] TINYDRAW_POWER battery=99 voltage_mv=4090 charging=0 vbus=1
[20:13:05] TINYDRAW_POWER battery=100 voltage_mv=4090 charging=0 vbus=1
[20:13:06] TINYDRAW_POWER battery=100 voltage_mv=4091 charging=0 vbus=1
[20:13:07] TINYDRAW_POWER battery=100 voltage_mv=4090 charging=0 vbus=1
[20:13:10] TINYDRAW_POWER battery=100 voltage_mv=4092 charging=0 vbus=1
[20:13:11] TINYDRAW_POWER battery=100 voltage_mv=4090 charging=0 vbus=1
[20:13:15] TINYDRAW_POWER battery=100 voltage_mv=4091 charging=0 vbus=1
[20:13:16] TINYDRAW_POWER battery=100 voltage_mv=4092 charging=0 vbus=1
[20:13:17] TINYDRAW_POWER battery=100 voltage_mv=4090 charging=0 vbus=1
[20:13:18] TINYDRAW_POWER battery=100 voltage_mv=4089 charging=0 vbus=1
[20:13:19] TINYDRAW_POWER battery=100 voltage_mv=4091 charging=0 vbus=1
[20:13:21] TINYDRAW_POWER battery=100 voltage_mv=4089 charging=0 vbus=1
[20:13:22] TINYDRAW_POWER battery=100 voltage_mv=4092 charging=0 vbus=1
[20:13:23] TINYDRAW_POWER battery=100 voltage_mv=4090 charging=0 vbus=1
[20:13:25] TINYDRAW_POWER battery=100 voltage_mv=4089 charging=0 vbus=1
[20:13:26] TINYDRAW_POWER battery=100 voltage_mv=4092 charging=0 vbus=1
[20:13:27] TINYDRAW_POWER battery=100 voltage_mv=4090 charging=0 vbus=1
[20:13:28] TINYDRAW_POWER battery=100 voltage_mv=4091 charging=0 vbus=1
[20:13:29] TINYDRAW_POWER battery=100 voltage_mv=4092 charging=0 vbus=1
[20:13:30] TINYDRAW_POWER battery=100 voltage_mv=4091 charging=0 vbus=1
[20:13:31] TINYDRAW_POWER battery=100 voltage_mv=4090 charging=0 vbus=1
[20:13:32] TINYDRAW_POWER battery=100 voltage_mv=4089 charging=0 vbus=1
[20:13:33] TINYDRAW_POWER battery=100 voltage_mv=4092 charging=0 vbus=1
[20:13:34] TINYDRAW_POWER battery=100 voltage_mv=4090 charging=0 vbus=1
[20:13:37] TINYDRAW_POWER battery=100 voltage_mv=4089 charging=0 vbus=1
[20:13:38] TINYDRAW_POWER battery=100 voltage_mv=4090 charging=0 vbus=1
[20:13:39] TINYDRAW_POWER battery=100 voltage_mv=4092 charging=0 vbus=1
[20:13:40] TINYDRAW_POWER battery=100 voltage_mv=4091 charging=0 vbus=1
[20:13:44] TINYDRAW_POWER battery=100 voltage_mv=4090 charging=0 vbus=1
[20:13:46] TINYDRAW_POWER battery=100 voltage_mv=4089 charging=0 vbus=1
[20:13:47] TINYDRAW_POWER battery=100 voltage_mv=4090 charging=0 vbus=1
[20:13:48] TINYDRAW_POWER battery=100 voltage_mv=4091 charging=0 vbus=1
[20:13:49] TINYDRAW_POWER battery=100 voltage_mv=4088 charging=0 vbus=1
[20:13:50] TINYDRAW_POWER battery=100 voltage_mv=4090 charging=0 vbus=1
[20:13:51] TINYDRAW_POWER battery=100 voltage_mv=4089 charging=0 vbus=1
[20:13:52] TINYDRAW_POWER battery=100 voltage_mv=4088 charging=0 vbus=1
[20:13:53] TINYDRAW_POWER battery=100 voltage_mv=4090 charging=0 vbus=1
[20:13:55] TINYDRAW_POWER battery=100 voltage_mv=4091 charging=0 vbus=1
[20:13:56] TINYDRAW_POWER battery=100 voltage_mv=4092 charging=0 vbus=1
[20:13:58] TINYDRAW_POWER battery=100 voltage_mv=4089 charging=0 vbus=1
[20:13:59] TINYDRAW_POWER battery=100 voltage_mv=4091 charging=0 vbus=1
[20:14:01] TINYDRAW_POWER battery=100 voltage_mv=4090 charging=0 vbus=1
[20:14:03] TINYDRAW_POWER battery=100 voltage_mv=4091 charging=0 vbus=1
[20:14:04] TINYDRAW_POWER battery=100 voltage_mv=4090 charging=0 vbus=1
[20:14:06] TINYDRAW_POWER battery=100 voltage_mv=4091 charging=0 vbus=1
[20:14:07] TINYDRAW_POWER battery=100 voltage_mv=4090 charging=0 vbus=1
[20:14:08] TINYDRAW_POWER battery=100 voltage_mv=4092 charging=0 vbus=1
[20:14:09] TINYDRAW_POWER battery=100 voltage_mv=4089 charging=0 vbus=1
[20:14:10] TINYDRAW_POWER battery=100 voltage_mv=4090 charging=0 vbus=1
[20:14:11] TINYDRAW_POWER battery=100 voltage_mv=4091 charging=0 vbus=1
[20:14:12] TINYDRAW_POWER battery=100 voltage_mv=4089 charging=0 vbus=1
[20:14:13] TINYDRAW_POWER battery=100 voltage_mv=4090 charging=0 vbus=1
[20:14:15] TINYDRAW_POWER battery=100 voltage_mv=4091 charging=0 vbus=1
[20:14:17] TINYDRAW_POWER battery=100 voltage_mv=4090 charging=0 vbus=1
[20:14:19] TINYDRAW_POWER battery=100 voltage_mv=4091 charging=0 vbus=1
[20:14:20] TINYDRAW_POWER battery=100 voltage_mv=4092 charging=0 vbus=1
[20:14:23] TINYDRAW_POWER battery=100 voltage_mv=4091 charging=0 vbus=1
[20:14:26] TINYDRAW_POWER battery=100 voltage_mv=4093 charging=0 vbus=1
[20:14:27] TINYDRAW_POWER battery=100 voltage_mv=4089 charging=0 vbus=1
[20:14:28] TINYDRAW_POWER battery=100 voltage_mv=4090 charging=0 vbus=1
[20:14:29] TINYDRAW_POWER battery=100 voltage_mv=4091 charging=0 vbus=1
[20:14:31] TINYDRAW_POWER battery=100 voltage_mv=4089 charging=0 vbus=1
[20:14:32] TINYDRAW_POWER battery=100 voltage_mv=4093 charging=0 vbus=1
[20:14:33] TINYDRAW_POWER battery=100 voltage_mv=4092 charging=0 vbus=1
[20:14:34] TINYDRAW_POWER battery=100 voltage_mv=4090 charging=0 vbus=1
[20:14:35] TINYDRAW_POWER battery=100 voltage_mv=4089 charging=0 vbus=1
[20:14:37] TINYDRAW_POWER battery=100 voltage_mv=4091 charging=0 vbus=1
[20:14:38] TINYDRAW_POWER battery=100 voltage_mv=4089 charging=0 vbus=1
[20:14:39] TINYDRAW_POWER battery=100 voltage_mv=4092 charging=0 vbus=1
[20:14:40] TINYDRAW_POWER battery=100 voltage_mv=4091 charging=0 vbus=1
[20:14:41] TINYDRAW_POWER battery=100 voltage_mv=4089 charging=0 vbus=1
[20:14:42] TINYDRAW_POWER battery=100 voltage_mv=4090 charging=0 vbus=1
[20:14:43] TINYDRAW_POWER battery=100 voltage_mv=4092 charging=0 vbus=1
[20:14:44] TINYDRAW_POWER battery=100 voltage_mv=4091 charging=0 vbus=1
[20:14:46] TINYDRAW_POWER battery=100 voltage_mv=4088 charging=0 vbus=1
[20:14:47] TINYDRAW_POWER battery=100 voltage_mv=4089 charging=0 vbus=1
[20:14:48] TINYDRAW_POWER battery=100 voltage_mv=4092 charging=0 vbus=1
[20:14:49] TINYDRAW_POWER battery=100 voltage_mv=4093 charging=0 vbus=1
[20:14:50] TINYDRAW_POWER battery=100 voltage_mv=4090 charging=0 vbus=1
[20:14:51] TINYDRAW_POWER battery=100 voltage_mv=4089 charging=0 vbus=1
[20:14:53] TINYDRAW_POWER battery=100 voltage_mv=4092 charging=0 vbus=1
[20:14:55] TINYDRAW_POWER battery=100 voltage_mv=4091 charging=0 vbus=1
[20:14:56] TINYDRAW_POWER battery=100 voltage_mv=4089 charging=0 vbus=1
[20:14:57] TINYDRAW_POWER battery=100 voltage_mv=4090 charging=0 vbus=1
[20:14:58] TINYDRAW_POWER battery=100 voltage_mv=4089 charging=0 vbus=1
[20:14:59] TINYDRAW_POWER battery=100 voltage_mv=4091 charging=0 vbus=1
[20:15:00] TINYDRAW_POWER battery=100 voltage_mv=4089 charging=0 vbus=1
[20:15:01] TINYDRAW_POWER battery=100 voltage_mv=4092 charging=0 vbus=1
[20:15:02] TINYDRAW_POWER battery=100 voltage_mv=4090 charging=0 vbus=1
[20:15:03] TINYDRAW_POWER battery=100 voltage_mv=4092 charging=0 vbus=1
[20:15:04] TINYDRAW_POWER battery=100 voltage_mv=4091 charging=0 vbus=1
[20:15:06] TINYDRAW_POWER battery=100 voltage_mv=4092 charging=0 vbus=1
[20:15:07] TINYDRAW_POWER battery=100 voltage_mv=4090 charging=0 vbus=1
[20:15:08] TINYDRAW_POWER battery=100 voltage_mv=4091 charging=0 vbus=1
[20:15:09] TINYDRAW_POWER battery=100 voltage_mv=4090 charging=0 vbus=1
[20:15:11] TINYDRAW_POWER battery=100 voltage_mv=4091 charging=0 vbus=1
[20:15:13] TINYDRAW_POWER battery=100 voltage_mv=4090 charging=0 vbus=1
[20:15:15] TINYDRAW_POWER battery=100 voltage_mv=4089 charging=0 vbus=1
[20:15:16] TINYDRAW_POWER battery=100 voltage_mv=4091 charging=0 vbus=1
[20:15:18] TINYDRAW_POWER battery=100 voltage_mv=4088 charging=0 vbus=1
[20:15:19] TINYDRAW_POWER battery=100 voltage_mv=4090 charging=0 vbus=1
[20:15:20] TINYDRAW_POWER battery=100 voltage_mv=4089 charging=0 vbus=1
[20:15:21] TINYDRAW_POWER battery=100 voltage_mv=4091 charging=0 vbus=1
[20:15:22] TINYDRAW_POWER battery=100 voltage_mv=4092 charging=0 vbus=1
[20:15:23] TINYDRAW_POWER battery=100 voltage_mv=4089 charging=0 vbus=1
[20:15:24] TINYDRAW_POWER battery=100 voltage_mv=4090 charging=0 vbus=1
[20:15:26] TINYDRAW_POWER battery=100 voltage_mv=4092 charging=0 vbus=1
[20:15:27] TINYDRAW_POWER battery=100 voltage_mv=4091 charging=0 vbus=1
[20:15:32] TINYDRAW_POWER battery=100 voltage_mv=4089 charging=0 vbus=1
[20:15:33] TINYDRAW_POWER battery=100 voltage_mv=4093 charging=0 vbus=1
[20:15:34] TINYDRAW_POWER battery=100 voltage_mv=4090 charging=0 vbus=1
[20:15:35] TINYDRAW_POWER battery=100 voltage_mv=4092 charging=0 vbus=1
[20:15:36] TINYDRAW_POWER battery=100 voltage_mv=4088 charging=0 vbus=1
[20:15:37] TINYDRAW_POWER battery=100 voltage_mv=4090 charging=0 vbus=1
[20:15:39] TINYDRAW_POWER battery=100 voltage_mv=4091 charging=0 vbus=1
[20:15:43] TINYDRAW_POWER battery=100 voltage_mv=4090 charging=0 vbus=1
[20:15:44] TINYDRAW_POWER battery=100 voltage_mv=4093 charging=0 vbus=1
[20:15:46] TINYDRAW_POWER battery=100 voltage_mv=4090 charging=0 vbus=1
[20:15:47] TINYDRAW_POWER battery=100 voltage_mv=4089 charging=0 vbus=1
[20:15:48] TINYDRAW_POWER battery=100 voltage_mv=4092 charging=0 vbus=1
[20:15:50] TINYDRAW_POWER battery=100 voltage_mv=4091 charging=0 vbus=1
[20:15:52] TINYDRAW_POWER battery=99 voltage_mv=4091 charging=0 vbus=1
[20:15:53] TINYDRAW_POWER battery=100 voltage_mv=4089 charging=0 vbus=1
[20:15:54] TINYDRAW_POWER battery=100 voltage_mv=4091 charging=0 vbus=1
[20:15:56] TINYDRAW_POWER battery=100 voltage_mv=4090 charging=0 vbus=1
[20:15:58] TINYDRAW_POWER battery=100 voltage_mv=4091 charging=0 vbus=1
[20:15:59] TINYDRAW_POWER battery=100 voltage_mv=4087 charging=0 vbus=1
[20:16:00] TINYDRAW_POWER battery=100 voltage_mv=4088 charging=0 vbus=1
[20:16:01] TINYDRAW_POWER battery=100 voltage_mv=4092 charging=0 vbus=1
[20:16:02] TINYDRAW_POWER battery=100 voltage_mv=4090 charging=0 vbus=1
[20:16:03] TINYDRAW_POWER battery=100 voltage_mv=4092 charging=0 vbus=1
[20:16:04] TINYDRAW_POWER battery=100 voltage_mv=4091 charging=0 vbus=1
[20:16:05] TINYDRAW_POWER battery=100 voltage_mv=4092 charging=0 vbus=1
[20:16:06] TINYDRAW_POWER battery=100 voltage_mv=4090 charging=0 vbus=1
[20:16:07] TINYDRAW_POWER battery=100 voltage_mv=4092 charging=0 vbus=1
[20:16:08] TINYDRAW_POWER battery=100 voltage_mv=4091 charging=0 vbus=1
[20:16:09] TINYDRAW_POWER battery=100 voltage_mv=4092 charging=0 vbus=1
[20:16:10] TINYDRAW_POWER battery=100 voltage_mv=4093 charging=0 vbus=1
[20:16:11] TINYDRAW_POWER battery=100 voltage_mv=4092 charging=0 vbus=1
[20:16:13] TINYDRAW_POWER battery=100 voltage_mv=4091 charging=0 vbus=1
[20:16:14] TINYDRAW_POWER battery=100 voltage_mv=4090 charging=0 vbus=1
[20:16:16] TINYDRAW_POWER battery=100 voltage_mv=4092 charging=0 vbus=1
[20:16:17] TINYDRAW_POWER battery=100 voltage_mv=4093 charging=0 vbus=1
[20:16:18] TINYDRAW_POWER battery=100 voltage_mv=4091 charging=0 vbus=1
[20:16:19] TINYDRAW_POWER battery=100 voltage_mv=4090 charging=0 vbus=1
[20:16:20] TINYDRAW_POWER battery=100 voltage_mv=4092 charging=0 vbus=1
[20:16:22] TINYDRAW_POWER battery=100 voltage_mv=4093 charging=0 vbus=1
[20:16:23] TINYDRAW_POWER battery=100 voltage_mv=4091 charging=0 vbus=1
[20:16:25] TINYDRAW_POWER battery=100 voltage_mv=4092 charging=0 vbus=1
[20:16:26] TINYDRAW_POWER battery=100 voltage_mv=4089 charging=0 vbus=1
[20:16:27] TINYDRAW_POWER battery=100 voltage_mv=4090 charging=0 vbus=1
[20:16:28] TINYDRAW_POWER battery=100 voltage_mv=4091 charging=0 vbus=1
[20:16:29] TINYDRAW_POWER battery=100 voltage_mv=4092 charging=0 vbus=1
[20:16:30] TINYDRAW_POWER battery=100 voltage_mv=4090 charging=0 vbus=1
[20:16:32] TINYDRAW_POWER battery=100 voltage_mv=4091 charging=0 vbus=1
[20:16:33] TINYDRAW_POWER battery=100 voltage_mv=4092 charging=0 vbus=1
[20:16:34] TINYDRAW_POWER battery=100 voltage_mv=4091 charging=0 vbus=1
[20:16:35] TINYDRAW_POWER battery=100 voltage_mv=4090 charging=0 vbus=1
[20:16:37] TINYDRAW_POWER battery=100 voltage_mv=4091 charging=0 vbus=1
[20:16:38] TINYDRAW_POWER battery=100 voltage_mv=4092 charging=0 vbus=1
[20:16:40] TINYDRAW_POWER battery=100 voltage_mv=4089 charging=0 vbus=1
[20:16:41] TINYDRAW_POWER battery=100 voltage_mv=4092 charging=0 vbus=1
[20:16:43] TINYDRAW_POWER battery=100 voltage_mv=4090 charging=0 vbus=1
[20:16:45] TINYDRAW_POWER battery=100 voltage_mv=4091 charging=0 vbus=1
[20:16:46] TINYDRAW_POWER battery=100 voltage_mv=4089 charging=0 vbus=1
[20:16:47] TINYDRAW_POWER battery=100 voltage_mv=4090 charging=0 vbus=1
[20:16:48] TINYDRAW_POWER battery=100 voltage_mv=4092 charging=0 vbus=1
[20:16:49] TINYDRAW_POWER battery=100 voltage_mv=4090 charging=0 vbus=1
[20:16:52] TINYDRAW_POWER battery=100 voltage_mv=4092 charging=0 vbus=1
[20:16:53] TINYDRAW_POWER battery=100 voltage_mv=4091 charging=0 vbus=1
[20:16:54] TINYDRAW_POWER battery=100 voltage_mv=4092 charging=0 vbus=1
[20:16:55] TINYDRAW_POWER battery=100 voltage_mv=4089 charging=0 vbus=1
[20:16:56] TINYDRAW_POWER battery=100 voltage_mv=4092 charging=0 vbus=1
[20:16:57] TINYDRAW_POWER battery=100 voltage_mv=4089 charging=0 vbus=1
[20:16:59] TINYDRAW_POWER battery=100 voltage_mv=4091 charging=0 vbus=1
[20:17:00] TINYDRAW_POWER battery=100 voltage_mv=4089 charging=0 vbus=1
[20:17:01] TINYDRAW_POWER battery=100 voltage_mv=4090 charging=0 vbus=1
[20:17:02] TINYDRAW_POWER battery=100 voltage_mv=4091 charging=0 vbus=1
[20:17:04] TINYDRAW_POWER battery=100 voltage_mv=4092 charging=0 vbus=1
[20:17:05] TINYDRAW_POWER battery=100 voltage_mv=4091 charging=0 vbus=1
[20:17:06] TINYDRAW_POWER battery=100 voltage_mv=4090 charging=0 vbus=1
[20:17:07] TINYDRAW_POWER battery=100 voltage_mv=4091 charging=0 vbus=1
[20:17:08] TINYDRAW_POWER battery=100 voltage_mv=4092 charging=0 vbus=1
[20:17:09] TINYDRAW_POWER battery=100 voltage_mv=4091 charging=0 vbus=1
[20:17:10] TINYDRAW_POWER battery=100 voltage_mv=4092 charging=0 vbus=1
[20:17:12] TINYDRAW_POWER battery=100 voltage_mv=4091 charging=0 vbus=1
[20:17:13] TINYDRAW_POWER battery=100 voltage_mv=4092 charging=0 vbus=1
[20:17:14] TINYDRAW_POWER battery=100 voltage_mv=4093 charging=0 vbus=1
[20:17:15] TINYDRAW_POWER battery=100 voltage_mv=4089 charging=0 vbus=1
[20:17:16] TINYDRAW_POWER battery=100 voltage_mv=4091 charging=0 vbus=1
[20:17:19] TINYDRAW_POWER battery=100 voltage_mv=4092 charging=0 vbus=1
[20:17:20] TINYDRAW_POWER battery=100 voltage_mv=4091 charging=0 vbus=1
[20:17:21] TINYDRAW_POWER battery=100 voltage_mv=4092 charging=0 vbus=1
[20:17:23] TINYDRAW_POWER battery=100 voltage_mv=4090 charging=0 vbus=1
[20:17:24] TINYDRAW_POWER battery=100 voltage_mv=4093 charging=0 vbus=1
[20:17:25] TINYDRAW_POWER battery=100 voltage_mv=4092 charging=0 vbus=1
[20:17:28] TINYDRAW_POWER battery=100 voltage_mv=4093 charging=0 vbus=1
[20:17:29] TINYDRAW_POWER battery=100 voltage_mv=4090 charging=0 vbus=1
[20:17:31] TINYDRAW_POWER battery=100 voltage_mv=4089 charging=0 vbus=1
[20:17:32] TINYDRAW_POWER battery=100 voltage_mv=4091 charging=0 vbus=1
[20:17:33] TINYDRAW_POWER battery=100 voltage_mv=4090 charging=0 vbus=1
[20:17:34] TINYDRAW_POWER battery=100 voltage_mv=4089 charging=0 vbus=1
[20:17:35] TINYDRAW_POWER battery=100 voltage_mv=4091 charging=0 vbus=1
[20:17:36] TINYDRAW_POWER battery=100 voltage_mv=4092 charging=0 vbus=1
[20:17:37] TINYDRAW_POWER battery=100 voltage_mv=4089 charging=0 vbus=1
[20:17:38] TINYDRAW_POWER battery=100 voltage_mv=4091 charging=0 vbus=1
[20:17:40] TINYDRAW_POWER battery=100 voltage_mv=4090 charging=0 vbus=1
[20:17:41] TINYDRAW_POWER battery=100 voltage_mv=4092 charging=0 vbus=1
[20:17:42] TINYDRAW_POWER battery=100 voltage_mv=4089 charging=0 vbus=1
[20:17:43] TINYDRAW_POWER battery=100 voltage_mv=4091 charging=0 vbus=1
[20:17:44] TINYDRAW_POWER battery=100 voltage_mv=4092 charging=0 vbus=1
[20:17:45] TINYDRAW_POWER battery=100 voltage_mv=4090 charging=0 vbus=1
[20:17:46] TINYDRAW_POWER battery=100 voltage_mv=4093 charging=0 vbus=1
[20:17:47] TINYDRAW_POWER battery=100 voltage_mv=4089 charging=0 vbus=1
[20:17:49] TINYDRAW_POWER battery=100 voltage_mv=4091 charging=0 vbus=1
[20:17:50] TINYDRAW_POWER battery=100 voltage_mv=4090 charging=0 vbus=1
[20:17:51] TINYDRAW_POWER battery=100 voltage_mv=4092 charging=0 vbus=1
[20:17:52] TINYDRAW_POWER battery=100 voltage_mv=4091 charging=0 vbus=1
[20:17:53] TINYDRAW_POWER battery=100 voltage_mv=4090 charging=0 vbus=1
[20:17:54] TINYDRAW_POWER battery=100 voltage_mv=4091 charging=0 vbus=1
[20:17:55] TINYDRAW_POWER battery=100 voltage_mv=4089 charging=0 vbus=1
[20:17:56] TINYDRAW_POWER battery=100 voltage_mv=4090 charging=0 vbus=1
[20:17:57] TINYDRAW_POWER battery=100 voltage_mv=4092 charging=0 vbus=1
[20:17:58] TINYDRAW_POWER battery=100 voltage_mv=4090 charging=0 vbus=1
[20:17:59] TINYDRAW_POWER battery=100 voltage_mv=4091 charging=0 vbus=1
[20:18:00] TINYDRAW_POWER battery=100 voltage_mv=4089 charging=0 vbus=1
[20:18:01] TINYDRAW_POWER battery=100 voltage_mv=4092 charging=0 vbus=1
[20:18:02] TINYDRAW_POWER battery=100 voltage_mv=4089 charging=0 vbus=1
[20:18:03] TINYDRAW_POWER battery=100 voltage_mv=4092 charging=0 vbus=1
[20:18:04] TINYDRAW_POWER battery=100 voltage_mv=4091 charging=0 vbus=1
[20:18:05] TINYDRAW_POWER battery=100 voltage_mv=4089 charging=0 vbus=1
[20:18:06] TINYDRAW_POWER battery=100 voltage_mv=4091 charging=0 vbus=1
[20:18:07] TINYDRAW_POWER battery=100 voltage_mv=4090 charging=0 vbus=1
[20:18:09] TINYDRAW_POWER battery=100 voltage_mv=4093 charging=0 vbus=1
[20:18:10] TINYDRAW_POWER battery=100 voltage_mv=4090 charging=0 vbus=1
[20:18:11] TINYDRAW_POWER battery=100 voltage_mv=4092 charging=0 vbus=1
[20:18:12] TINYDRAW_POWER battery=100 voltage_mv=4093 charging=0 vbus=1
[20:18:13] TINYDRAW_POWER battery=100 voltage_mv=4089 charging=0 vbus=1
[20:18:14] TINYDRAW_POWER battery=100 voltage_mv=4091 charging=0 vbus=1
[20:18:15] TINYDRAW_POWER battery=100 voltage_mv=4092 charging=0 vbus=1
[20:18:16] TINYDRAW_POWER battery=100 voltage_mv=4090 charging=0 vbus=1
[20:18:17] TINYDRAW_POWER battery=100 voltage_mv=4091 charging=0 vbus=1
[20:18:19] TINYDRAW_POWER battery=100 voltage_mv=4090 charging=0 vbus=1
[20:18:20] TINYDRAW_POWER battery=100 voltage_mv=4089 charging=0 vbus=1
[20:18:21] TINYDRAW_POWER battery=100 voltage_mv=4091 charging=0 vbus=1
[20:18:23] TINYDRAW_POWER battery=100 voltage_mv=4092 charging=0 vbus=1
[20:18:24] TINYDRAW_POWER battery=100 voltage_mv=4091 charging=0 vbus=1
[20:18:25] TINYDRAW_POWER battery=100 voltage_mv=4090 charging=0 vbus=1
[20:18:26] TINYDRAW_POWER battery=100 voltage_mv=4093 charging=0 vbus=1
[20:18:27] TINYDRAW_POWER battery=100 voltage_mv=4090 charging=0 vbus=1
[20:18:29] TINYDRAW_POWER battery=100 voltage_mv=4093 charging=0 vbus=1
[20:18:30] TINYDRAW_POWER battery=100 voltage_mv=4091 charging=0 vbus=1
[20:18:32] TINYDRAW_POWER battery=100 voltage_mv=4090 charging=0 vbus=1
[20:18:33] TINYDRAW_POWER battery=100 voltage_mv=4091 charging=0 vbus=1
[20:18:35] TINYDRAW_POWER battery=100 voltage_mv=4092 charging=0 vbus=1
[20:18:36] TINYDRAW_POWER battery=100 voltage_mv=4090 charging=0 vbus=1
[20:18:37] TINYDRAW_POWER battery=100 voltage_mv=4091 charging=0 vbus=1
[20:18:38] TINYDRAW_POWER battery=100 voltage_mv=4090 charging=0 vbus=1
[20:18:40] TINYDRAW_POWER battery=99 voltage_mv=4091 charging=0 vbus=1
[20:18:41] TINYDRAW_POWER battery=100 voltage_mv=4090 charging=0 vbus=1
[20:18:44] TINYDRAW_POWER battery=100 voltage_mv=4089 charging=0 vbus=1
[20:18:45] TINYDRAW_POWER battery=100 voltage_mv=4092 charging=0 vbus=1
[20:18:46] TINYDRAW_POWER battery=100 voltage_mv=4094 charging=0 vbus=1
[20:18:47] TINYDRAW_POWER battery=100 voltage_mv=4092 charging=0 vbus=1
[20:18:48] TINYDRAW_POWER battery=100 voltage_mv=4091 charging=0 vbus=1
[20:18:49] TINYDRAW_POWER battery=100 voltage_mv=4089 charging=0 vbus=1
[20:18:50] TINYDRAW_POWER battery=100 voltage_mv=4093 charging=0 vbus=1
[20:18:51] TINYDRAW_POWER battery=100 voltage_mv=4090 charging=0 vbus=1
[20:18:54] TINYDRAW_POWER battery=100 voltage_mv=4091 charging=0 vbus=1
[20:18:56] TINYDRAW_POWER battery=100 voltage_mv=4090 charging=0 vbus=1
[20:18:57] TINYDRAW_POWER battery=100 voltage_mv=4091 charging=0 vbus=1
[20:18:58] TINYDRAW_POWER battery=100 voltage_mv=4090 charging=0 vbus=1
[20:19:03] TINYDRAW_POWER battery=100 voltage_mv=4093 charging=0 vbus=1
[20:19:04] TINYDRAW_POWER battery=100 voltage_mv=4091 charging=0 vbus=1
[20:19:05] TINYDRAW_POWER battery=100 voltage_mv=4090 charging=0 vbus=1
[20:19:06] TINYDRAW_POWER battery=100 voltage_mv=4091 charging=0 vbus=1
[20:19:07] TINYDRAW_POWER battery=100 voltage_mv=4092 charging=0 vbus=1
[20:19:08] TINYDRAW_POWER battery=100 voltage_mv=4089 charging=0 vbus=1
[20:19:09] TINYDRAW_POWER battery=100 voltage_mv=4090 charging=0 vbus=1
[20:19:10] TINYDRAW_POWER battery=100 voltage_mv=4091 charging=0 vbus=1
[20:19:12] TINYDRAW_POWER battery=100 voltage_mv=4089 charging=0 vbus=1
[20:19:13] TINYDRAW_POWER battery=100 voltage_mv=4093 charging=0 vbus=1
[20:19:14] TINYDRAW_POWER battery=100 voltage_mv=4091 charging=0 vbus=1
[20:19:15] TINYDRAW_POWER battery=100 voltage_mv=4092 charging=0 vbus=1
[20:19:16] TINYDRAW_POWER battery=100 voltage_mv=4091 charging=0 vbus=1
[20:19:19] TINYDRAW_POWER battery=100 voltage_mv=4088 charging=0 vbus=1
[20:19:20] TINYDRAW_POWER battery=100 voltage_mv=4090 charging=0 vbus=1
[20:19:21] TINYDRAW_POWER battery=100 voltage_mv=4091 charging=0 vbus=1
[20:19:22] TINYDRAW_POWER battery=100 voltage_mv=4093 charging=0 vbus=1
[20:19:23] TINYDRAW_POWER battery=100 voltage_mv=4092 charging=0 vbus=1
[20:19:24] TINYDRAW_POWER battery=100 voltage_mv=4089 charging=0 vbus=1
[20:19:25] TINYDRAW_POWER battery=100 voltage_mv=4090 charging=0 vbus=1
[20:19:26] TINYDRAW_POWER battery=100 voltage_mv=4092 charging=0 vbus=1
[20:19:29] TINYDRAW_POWER battery=100 voltage_mv=4091 charging=0 vbus=1
[20:19:30] TINYDRAW_POWER battery=100 voltage_mv=4092 charging=0 vbus=1
[20:19:32] TINYDRAW_POWER battery=100 voltage_mv=4090 charging=0 vbus=1
[20:19:34] TINYDRAW_POWER battery=100 voltage_mv=4093 charging=0 vbus=1
[20:19:35] TINYDRAW_POWER battery=100 voltage_mv=4091 charging=0 vbus=1
[20:19:37] TINYDRAW_POWER battery=100 voltage_mv=4090 charging=0 vbus=1
[20:19:38] TINYDRAW_POWER battery=100 voltage_mv=4091 charging=0 vbus=1
[20:19:39] TINYDRAW_POWER battery=100 voltage_mv=4090 charging=0 vbus=1
[20:19:40] TINYDRAW_POWER battery=100 voltage_mv=4093 charging=0 vbus=1
[20:19:41] TINYDRAW_POWER battery=100 voltage_mv=4090 charging=0 vbus=1
[20:19:42] TINYDRAW_POWER battery=100 voltage_mv=4091 charging=0 vbus=1
[20:19:43] TINYDRAW_POWER battery=100 voltage_mv=4092 charging=0 vbus=1
[20:19:44] TINYDRAW_POWER battery=100 voltage_mv=4091 charging=0 vbus=1
[20:19:45] TINYDRAW_POWER battery=100 voltage_mv=4093 charging=0 vbus=1
[20:19:46] TINYDRAW_POWER battery=100 voltage_mv=4091 charging=0 vbus=1
[20:19:47] TINYDRAW_POWER battery=100 voltage_mv=4092 charging=0 vbus=1
[20:19:48] TINYDRAW_POWER battery=100 voltage_mv=4091 charging=0 vbus=1
[20:19:52] TINYDRAW_POWER battery=100 voltage_mv=4090 charging=0 vbus=1
[20:19:55] TINYDRAW_POWER battery=100 voltage_mv=4094 charging=0 vbus=1
[20:19:56] TINYDRAW_POWER battery=100 voltage_mv=4091 charging=0 vbus=1
[20:19:57] TINYDRAW_POWER battery=100 voltage_mv=4090 charging=0 vbus=1
[20:19:59] TINYDRAW_POWER battery=100 voltage_mv=4091 charging=0 vbus=1
[20:20:00] TINYDRAW_POWER battery=100 voltage_mv=4090 charging=0 vbus=1
[20:20:01] TINYDRAW_POWER battery=100 voltage_mv=4089 charging=0 vbus=1
[20:20:02] TINYDRAW_POWER battery=100 voltage_mv=4090 charging=0 vbus=1
[20:20:04] TINYDRAW_POWER battery=100 voltage_mv=4091 charging=0 vbus=1
[20:20:06] TINYDRAW_POWER battery=100 voltage_mv=4090 charging=0 vbus=1
[20:20:07] TINYDRAW_POWER battery=100 voltage_mv=4088 charging=0 vbus=1
[20:20:08] TINYDRAW_POWER battery=100 voltage_mv=4091 charging=0 vbus=1
[20:20:10] TINYDRAW_POWER battery=100 voltage_mv=4090 charging=0 vbus=1
[20:20:11] TINYDRAW_POWER battery=100 voltage_mv=4091 charging=0 vbus=1
[20:20:12] TINYDRAW_POWER battery=100 voltage_mv=4092 charging=0 vbus=1
[20:20:13] TINYDRAW_POWER battery=100 voltage_mv=4091 charging=0 vbus=1
[20:20:15] TINYDRAW_POWER battery=100 voltage_mv=4090 charging=0 vbus=1
[20:20:16] TINYDRAW_POWER battery=100 voltage_mv=4093 charging=0 vbus=1
[20:20:17] TINYDRAW_POWER battery=100 voltage_mv=4091 charging=0 vbus=1
[20:20:18] TINYDRAW_POWER battery=100 voltage_mv=4089 charging=0 vbus=1
[20:20:19] TINYDRAW_POWER battery=100 voltage_mv=4091 charging=0 vbus=1
[20:20:21] TINYDRAW_POWER battery=100 voltage_mv=4092 charging=0 vbus=1
[20:20:22] TINYDRAW_POWER battery=100 voltage_mv=4089 charging=0 vbus=1
[20:20:23] TINYDRAW_POWER battery=100 voltage_mv=4090 charging=0 vbus=1
[20:20:24] TINYDRAW_POWER battery=100 voltage_mv=4088 charging=0 vbus=1
[20:20:25] TINYDRAW_POWER battery=100 voltage_mv=4092 charging=0 vbus=1
[20:20:26] TINYDRAW_POWER battery=100 voltage_mv=4090 charging=0 vbus=1
[20:20:27] TINYDRAW_POWER battery=100 voltage_mv=4091 charging=0 vbus=1
[20:20:28] TINYDRAW_POWER battery=100 voltage_mv=4090 charging=0 vbus=1
[20:20:30] TINYDRAW_POWER battery=100 voltage_mv=4091 charging=0 vbus=1
[20:20:31] TINYDRAW_POWER battery=100 voltage_mv=4089 charging=0 vbus=1
[20:20:32] TINYDRAW_POWER battery=100 voltage_mv=4091 charging=0 vbus=1
[20:20:33] TINYDRAW_POWER battery=100 voltage_mv=4088 charging=0 vbus=1
[20:20:34] TINYDRAW_POWER battery=100 voltage_mv=4091 charging=0 vbus=1
[20:20:35] TINYDRAW_POWER battery=100 voltage_mv=4088 charging=0 vbus=1
[20:20:37] TINYDRAW_POWER battery=100 voltage_mv=4090 charging=0 vbus=1
[20:20:38] TINYDRAW_POWER battery=100 voltage_mv=4093 charging=0 vbus=1
[20:20:39] TINYDRAW_POWER battery=100 voltage_mv=4092 charging=0 vbus=1
[20:20:40] TINYDRAW_POWER battery=100 voltage_mv=4089 charging=0 vbus=1
[20:20:41] TINYDRAW_POWER battery=100 voltage_mv=4092 charging=0 vbus=1
[20:20:43] TINYDRAW_POWER battery=100 voltage_mv=4090 charging=0 vbus=1
[20:20:44] TINYDRAW_POWER battery=100 voltage_mv=4091 charging=0 vbus=1
[20:20:45] TINYDRAW_POWER battery=100 voltage_mv=4090 charging=0 vbus=1
[20:20:48] TINYDRAW_POWER battery=100 voltage_mv=4091 charging=0 vbus=1
[20:20:50] TINYDRAW_POWER battery=100 voltage_mv=4090 charging=0 vbus=1
[20:20:51] TINYDRAW_POWER battery=100 voltage_mv=4089 charging=0 vbus=1
[20:20:52] TINYDRAW_POWER battery=100 voltage_mv=4091 charging=0 vbus=1
[20:20:53] TINYDRAW_POWER battery=100 voltage_mv=4089 charging=0 vbus=1
[20:20:54] TINYDRAW_POWER battery=100 voltage_mv=4091 charging=0 vbus=1
[20:20:55] TINYDRAW_POWER battery=100 voltage_mv=4089 charging=0 vbus=1
[20:20:56] TINYDRAW_POWER battery=100 voltage_mv=4090 charging=0 vbus=1
[20:20:57] TINYDRAW_POWER battery=100 voltage_mv=4091 charging=0 vbus=1
[20:20:59] TINYDRAW_POWER battery=100 voltage_mv=4092 charging=0 vbus=1
[20:21:00] TINYDRAW_POWER battery=100 voltage_mv=4090 charging=0 vbus=1
[20:21:01] TINYDRAW_POWER battery=100 voltage_mv=4091 charging=0 vbus=1
[20:21:04] TINYDRAW_POWER battery=100 voltage_mv=4090 charging=0 vbus=1
[20:21:05] TINYDRAW_POWER battery=100 voltage_mv=4089 charging=0 vbus=1
[20:21:06] TINYDRAW_POWER battery=100 voltage_mv=4091 charging=0 vbus=1
[20:21:07] TINYDRAW_POWER battery=100 voltage_mv=4089 charging=0 vbus=1
[20:21:08] TINYDRAW_POWER battery=100 voltage_mv=4092 charging=0 vbus=1
[20:21:09] TINYDRAW_POWER battery=100 voltage_mv=4091 charging=0 vbus=1
[20:21:12] TINYDRAW_POWER battery=100 voltage_mv=4090 charging=0 vbus=1
[20:21:14] TINYDRAW_POWER battery=100 voltage_mv=4091 charging=0 vbus=1
[20:21:16] TINYDRAW_POWER battery=100 voltage_mv=4092 charging=0 vbus=1
[20:21:17] TINYDRAW_POWER battery=100 voltage_mv=4089 charging=0 vbus=1
[20:21:18] TINYDRAW_POWER battery=100 voltage_mv=4092 charging=0 vbus=1
[20:21:19] TINYDRAW_POWER battery=100 voltage_mv=4091 charging=0 vbus=1
[20:21:20] TINYDRAW_POWER battery=100 voltage_mv=4093 charging=0 vbus=1
[20:21:21] TINYDRAW_POWER battery=100 voltage_mv=4092 charging=0 vbus=1
[20:21:22] TINYDRAW_POWER battery=100 voltage_mv=4090 charging=0 vbus=1
[20:21:23] TINYDRAW_POWER battery=100 voltage_mv=4091 charging=0 vbus=1
[20:21:25] TINYDRAW_POWER battery=99 voltage_mv=4089 charging=0 vbus=1
[20:21:26] TINYDRAW_POWER battery=100 voltage_mv=4090 charging=0 vbus=1
[20:21:27] TINYDRAW_POWER battery=100 voltage_mv=4091 charging=0 vbus=1
[20:21:28] TINYDRAW_POWER battery=100 voltage_mv=4092 charging=0 vbus=1
[20:21:29] TINYDRAW_POWER battery=100 voltage_mv=4091 charging=0 vbus=1
[20:21:30] TINYDRAW_POWER battery=100 voltage_mv=4092 charging=0 vbus=1
[20:21:33] TINYDRAW_POWER battery=100 voltage_mv=4090 charging=0 vbus=1
[20:21:35] TINYDRAW_POWER battery=100 voltage_mv=4089 charging=0 vbus=1
[20:21:36] TINYDRAW_POWER battery=100 voltage_mv=4092 charging=0 vbus=1
[20:21:37] TINYDRAW_POWER battery=100 voltage_mv=4091 charging=0 vbus=1
[20:21:39] TINYDRAW_POWER battery=100 voltage_mv=4090 charging=0 vbus=1
[20:21:40] TINYDRAW_POWER battery=100 voltage_mv=4091 charging=0 vbus=1
[20:21:42] TINYDRAW_POWER battery=100 voltage_mv=4089 charging=0 vbus=1
[20:21:43] TINYDRAW_POWER battery=100 voltage_mv=4092 charging=0 vbus=1
[20:21:44] TINYDRAW_POWER battery=100 voltage_mv=4089 charging=0 vbus=1
[20:21:45] TINYDRAW_POWER battery=100 voltage_mv=4090 charging=0 vbus=1
[20:21:46] TINYDRAW_POWER battery=100 voltage_mv=4092 charging=0 vbus=1
[20:21:47] TINYDRAW_POWER battery=100 voltage_mv=4090 charging=0 vbus=1
[20:21:49] TINYDRAW_POWER battery=100 voltage_mv=4091 charging=0 vbus=1
[20:21:51] TINYDRAW_POWER battery=100 voltage_mv=4092 charging=0 vbus=1
[20:21:52] TINYDRAW_POWER battery=100 voltage_mv=4093 charging=0 vbus=1
[20:21:54] TINYDRAW_POWER battery=100 voltage_mv=4091 charging=0 vbus=1
[20:21:55] TINYDRAW_POWER battery=100 voltage_mv=4090 charging=0 vbus=1
[20:21:56] TINYDRAW_POWER battery=100 voltage_mv=4091 charging=0 vbus=1
[20:21:57] TINYDRAW_POWER battery=100 voltage_mv=4093 charging=0 vbus=1
[20:21:58] TINYDRAW_POWER battery=100 voltage_mv=4092 charging=0 vbus=1
[20:22:00] TINYDRAW_POWER battery=100 voltage_mv=4094 charging=0 vbus=1
[20:22:01] TINYDRAW_POWER battery=100 voltage_mv=4092 charging=0 vbus=1
[20:22:02] TINYDRAW_POWER battery=100 voltage_mv=4091 charging=0 vbus=1
[20:22:03] TINYDRAW_POWER battery=100 voltage_mv=4092 charging=0 vbus=1
[20:22:04] TINYDRAW_POWER battery=100 voltage_mv=4093 charging=0 vbus=1
[20:22:05] TINYDRAW_POWER battery=100 voltage_mv=4090 charging=0 vbus=1
[20:22:06] TINYDRAW_POWER battery=100 voltage_mv=4089 charging=0 vbus=1
[20:22:07] TINYDRAW_POWER battery=100 voltage_mv=4090 charging=0 vbus=1
[20:22:08] TINYDRAW_POWER battery=100 voltage_mv=4092 charging=0 vbus=1
[20:22:09] TINYDRAW_POWER battery=100 voltage_mv=4094 charging=0 vbus=1
[20:22:10] TINYDRAW_POWER battery=100 voltage_mv=4092 charging=0 vbus=1
[20:22:11] TINYDRAW_POWER battery=100 voltage_mv=4091 charging=0 vbus=1
[20:22:14] TINYDRAW_POWER battery=100 voltage_mv=4092 charging=0 vbus=1
[20:22:16] TINYDRAW_POWER battery=100 voltage_mv=4093 charging=0 vbus=1
[20:22:18] TINYDRAW_POWER battery=100 voltage_mv=4091 charging=0 vbus=1
[20:22:19] TINYDRAW_POWER battery=100 voltage_mv=4092 charging=0 vbus=1
[20:22:20] TINYDRAW_POWER battery=100 voltage_mv=4089 charging=0 vbus=1
[20:22:21] TINYDRAW_POWER battery=100 voltage_mv=4092 charging=0 vbus=1
[20:22:22] TINYDRAW_POWER battery=100 voltage_mv=4093 charging=0 vbus=1
[20:22:23] TINYDRAW_POWER battery=100 voltage_mv=4090 charging=0 vbus=1
[20:22:25] TINYDRAW_POWER battery=100 voltage_mv=4091 charging=0 vbus=1
[20:22:26] TINYDRAW_POWER battery=100 voltage_mv=4092 charging=0 vbus=1
[20:22:27] TINYDRAW_POWER battery=100 voltage_mv=4091 charging=0 vbus=1
[20:22:29] TINYDRAW_POWER battery=100 voltage_mv=4090 charging=0 vbus=1
[20:22:30] TINYDRAW_POWER battery=100 voltage_mv=4091 charging=0 vbus=1
[20:22:32] TINYDRAW_POWER battery=100 voltage_mv=4092 charging=0 vbus=1
[20:22:33] TINYDRAW_POWER battery=100 voltage_mv=4093 charging=0 vbus=1
[20:22:34] TINYDRAW_POWER battery=100 voltage_mv=4092 charging=0 vbus=1
[20:22:35] TINYDRAW_POWER battery=100 voltage_mv=4090 charging=0 vbus=1
[20:22:36] TINYDRAW_POWER battery=100 voltage_mv=4091 charging=0 vbus=1
[20:22:39] TINYDRAW_POWER battery=100 voltage_mv=4094 charging=0 vbus=1
[20:22:40] TINYDRAW_POWER battery=100 voltage_mv=4090 charging=0 vbus=1
[20:22:41] TINYDRAW_POWER battery=100 voltage_mv=4091 charging=0 vbus=1
[20:22:42] TINYDRAW_POWER battery=100 voltage_mv=4092 charging=0 vbus=1
[20:22:44] TINYDRAW_POWER battery=100 voltage_mv=4091 charging=0 vbus=1
[20:22:46] TINYDRAW_POWER battery=100 voltage_mv=4090 charging=0 vbus=1
[20:22:47] TINYDRAW_POWER battery=100 voltage_mv=4093 charging=0 vbus=1
[20:22:48] TINYDRAW_POWER battery=100 voltage_mv=4090 charging=0 vbus=1
[20:22:49] TINYDRAW_POWER battery=100 voltage_mv=4093 charging=0 vbus=1
[20:22:50] TINYDRAW_POWER battery=100 voltage_mv=4090 charging=0 vbus=1
[20:22:52] TINYDRAW_POWER battery=100 voltage_mv=4092 charging=0 vbus=1
[20:22:53] TINYDRAW_POWER battery=100 voltage_mv=4089 charging=0 vbus=1
[20:22:54] TINYDRAW_POWER battery=100 voltage_mv=4091 charging=0 vbus=1
[20:22:55] TINYDRAW_POWER battery=100 voltage_mv=4093 charging=0 vbus=1
[20:22:56] TINYDRAW_POWER battery=100 voltage_mv=4089 charging=0 vbus=1
[20:22:57] TINYDRAW_POWER battery=100 voltage_mv=4090 charging=0 vbus=1
[20:22:58] TINYDRAW_POWER battery=100 voltage_mv=4092 charging=0 vbus=1
[20:22:59] TINYDRAW_POWER battery=100 voltage_mv=4091 charging=0 vbus=1
[20:23:00] TINYDRAW_POWER battery=100 voltage_mv=4092 charging=0 vbus=1
[20:23:01] TINYDRAW_POWER battery=100 voltage_mv=4093 charging=0 vbus=1
[20:23:02] TINYDRAW_POWER battery=100 voltage_mv=4090 charging=0 vbus=1
[20:23:03] TINYDRAW_POWER battery=100 voltage_mv=4091 charging=0 vbus=1
[20:23:04] TINYDRAW_POWER battery=100 voltage_mv=4093 charging=0 vbus=1
[20:23:05] TINYDRAW_POWER battery=100 voltage_mv=4094 charging=0 vbus=1
[20:23:06] TINYDRAW_POWER battery=100 voltage_mv=4092 charging=0 vbus=1
[20:23:07] TINYDRAW_POWER battery=100 voltage_mv=4089 charging=0 vbus=1
[20:23:08] TINYDRAW_POWER battery=100 voltage_mv=4090 charging=0 vbus=1
[20:23:09] TINYDRAW_POWER battery=100 voltage_mv=4088 charging=0 vbus=1
[20:23:10] TINYDRAW_POWER battery=100 voltage_mv=4091 charging=0 vbus=1
[20:23:11] TINYDRAW_POWER battery=100 voltage_mv=4093 charging=0 vbus=1
[20:23:13] TINYDRAW_POWER battery=100 voltage_mv=4089 charging=0 vbus=1
[20:23:14] TINYDRAW_POWER battery=100 voltage_mv=4091 charging=0 vbus=1
[20:23:15] TINYDRAW_POWER battery=100 voltage_mv=4090 charging=0 vbus=1
[20:23:16] TINYDRAW_POWER battery=100 voltage_mv=4089 charging=0 vbus=1
[20:23:17] TINYDRAW_POWER battery=100 voltage_mv=4091 charging=0 vbus=1
[20:23:18] TINYDRAW_POWER battery=100 voltage_mv=4089 charging=0 vbus=1
[20:23:19] TINYDRAW_POWER battery=100 voltage_mv=4092 charging=0 vbus=1
[20:23:20] TINYDRAW_POWER battery=100 voltage_mv=4090 charging=0 vbus=1
[20:23:21] TINYDRAW_POWER battery=100 voltage_mv=4089 charging=0 vbus=1
[20:23:22] TINYDRAW_POWER battery=100 voltage_mv=4090 charging=0 vbus=1
[20:23:23] TINYDRAW_POWER battery=100 voltage_mv=4093 charging=0 vbus=1
[20:23:25] TINYDRAW_POWER battery=100 voltage_mv=4089 charging=0 vbus=1
[20:23:26] TINYDRAW_POWER battery=100 voltage_mv=4090 charging=0 vbus=1
[20:23:27] TINYDRAW_POWER battery=100 voltage_mv=4092 charging=0 vbus=1
[20:23:28] TINYDRAW_POWER battery=100 voltage_mv=4089 charging=0 vbus=1
[20:23:29] TINYDRAW_POWER battery=100 voltage_mv=4091 charging=0 vbus=1
[20:23:30] TINYDRAW_POWER battery=100 voltage_mv=4093 charging=0 vbus=1
[20:23:31] TINYDRAW_POWER battery=100 voltage_mv=4090 charging=0 vbus=1
[20:23:32] TINYDRAW_POWER battery=100 voltage_mv=4091 charging=0 vbus=1
[20:23:33] TINYDRAW_POWER battery=100 voltage_mv=4092 charging=0 vbus=1
[20:23:34] TINYDRAW_POWER battery=100 voltage_mv=4091 charging=0 vbus=1
[20:23:35] TINYDRAW_POWER battery=100 voltage_mv=4094 charging=0 vbus=1
[20:23:36] TINYDRAW_POWER battery=100 voltage_mv=4090 charging=0 vbus=1
[20:23:37] TINYDRAW_POWER battery=100 voltage_mv=4092 charging=0 vbus=1
[20:23:40] TINYDRAW_POWER battery=100 voltage_mv=4091 charging=0 vbus=1
[20:23:41] TINYDRAW_POWER battery=100 voltage_mv=4092 charging=0 vbus=1
[20:23:42] TINYDRAW_POWER battery=100 voltage_mv=4091 charging=0 vbus=1
[20:23:43] TINYDRAW_POWER battery=100 voltage_mv=4093 charging=0 vbus=1
[20:23:44] TINYDRAW_POWER battery=100 voltage_mv=4091 charging=0 vbus=1
[20:23:46] TINYDRAW_POWER battery=100 voltage_mv=4092 charging=0 vbus=1
[20:23:47] TINYDRAW_POWER battery=100 voltage_mv=4090 charging=0 vbus=1
[20:23:48] TINYDRAW_POWER battery=100 voltage_mv=4091 charging=0 vbus=1
[20:23:49] TINYDRAW_POWER battery=100 voltage_mv=4093 charging=0 vbus=1
[20:23:50] TINYDRAW_POWER battery=100 voltage_mv=4092 charging=0 vbus=1
[20:23:54] TINYDRAW_POWER battery=100 voltage_mv=4089 charging=0 vbus=1
[20:23:55] TINYDRAW_POWER battery=100 voltage_mv=4091 charging=0 vbus=1
[20:23:56] TINYDRAW_POWER battery=100 voltage_mv=4089 charging=0 vbus=1
[20:23:57] TINYDRAW_POWER battery=100 voltage_mv=4091 charging=0 vbus=1
[20:23:58] TINYDRAW_POWER battery=100 voltage_mv=4093 charging=0 vbus=1
[20:24:00] TINYDRAW_POWER battery=100 voltage_mv=4091 charging=0 vbus=1
[20:24:01] TINYDRAW_POWER battery=100 voltage_mv=4092 charging=0 vbus=1
[20:24:02] TINYDRAW_POWER battery=100 voltage_mv=4091 charging=0 vbus=1
[20:24:04] TINYDRAW_POWER battery=100 voltage_mv=4089 charging=0 vbus=1
[20:24:05] TINYDRAW_POWER battery=100 voltage_mv=4090 charging=0 vbus=1
[20:24:06] TINYDRAW_POWER battery=100 voltage_mv=4089 charging=0 vbus=1
[20:24:07] TINYDRAW_POWER battery=100 voltage_mv=4088 charging=0 vbus=1
[20:24:08] TINYDRAW_POWER battery=100 voltage_mv=4092 charging=0 vbus=1
[20:24:09] TINYDRAW_POWER battery=100 voltage_mv=4091 charging=0 vbus=1
[20:24:10] TINYDRAW_POWER battery=100 voltage_mv=4090 charging=0 vbus=1
[20:24:11] TINYDRAW_POWER battery=100 voltage_mv=4092 charging=0 vbus=1
[20:24:12] TINYDRAW_POWER battery=100 voltage_mv=4090 charging=0 vbus=1
[20:24:13] TINYDRAW_POWER battery=99 voltage_mv=4090 charging=0 vbus=1
[20:24:14] TINYDRAW_POWER battery=100 voltage_mv=4089 charging=0 vbus=1
[20:24:15] TINYDRAW_POWER battery=100 voltage_mv=4092 charging=0 vbus=1
[20:24:16] TINYDRAW_POWER battery=100 voltage_mv=4091 charging=0 vbus=1
[20:24:18] TINYDRAW_POWER battery=100 voltage_mv=4093 charging=0 vbus=1
[20:24:19] TINYDRAW_POWER battery=100 voltage_mv=4091 charging=0 vbus=1
[20:24:20] TINYDRAW_POWER battery=100 voltage_mv=4089 charging=0 vbus=1
[20:24:21] TINYDRAW_POWER battery=100 voltage_mv=4092 charging=0 vbus=1
[20:24:22] TINYDRAW_POWER battery=100 voltage_mv=4093 charging=0 vbus=1
[20:24:23] TINYDRAW_POWER battery=100 voltage_mv=4089 charging=0 vbus=1
[20:24:24] TINYDRAW_POWER battery=100 voltage_mv=4091 charging=0 vbus=1
[20:24:28] TINYDRAW_POWER battery=100 voltage_mv=4092 charging=0 vbus=1
[20:24:31] TINYDRAW_POWER battery=100 voltage_mv=4090 charging=0 vbus=1
[20:24:32] TINYDRAW_POWER battery=100 voltage_mv=4091 charging=0 vbus=1
[20:24:35] TINYDRAW_POWER battery=100 voltage_mv=4093 charging=0 vbus=1
[20:24:36] TINYDRAW_POWER battery=100 voltage_mv=4095 charging=0 vbus=1
[20:24:37] TINYDRAW_POWER battery=100 voltage_mv=4090 charging=0 vbus=1
[20:24:38] TINYDRAW_POWER battery=100 voltage_mv=4091 charging=0 vbus=1
[20:24:39] TINYDRAW_POWER battery=100 voltage_mv=4092 charging=0 vbus=1
[20:24:40] TINYDRAW_POWER battery=100 voltage_mv=4091 charging=0 vbus=1
[20:24:41] TINYDRAW_POWER battery=100 voltage_mv=4089 charging=0 vbus=1
[20:24:42] TINYDRAW_POWER battery=100 voltage_mv=4093 charging=0 vbus=1
[20:24:43] TINYDRAW_POWER battery=100 voltage_mv=4089 charging=0 vbus=1
[20:24:44] TINYDRAW_POWER battery=100 voltage_mv=4091 charging=0 vbus=1
[20:24:45] TINYDRAW_POWER battery=100 voltage_mv=4092 charging=0 vbus=1
[20:24:46] TINYDRAW_POWER battery=100 voltage_mv=4091 charging=0 vbus=1
[20:24:49] TINYDRAW_POWER battery=100 voltage_mv=4092 charging=0 vbus=1
[20:24:50] TINYDRAW_POWER battery=100 voltage_mv=4089 charging=0 vbus=1
[20:24:51] TINYDRAW_POWER battery=100 voltage_mv=4091 charging=0 vbus=1
[20:24:52] TINYDRAW_POWER battery=100 voltage_mv=4093 charging=0 vbus=1
[20:24:53] TINYDRAW_POWER battery=100 voltage_mv=4092 charging=0 vbus=1
[20:24:54] TINYDRAW_POWER battery=100 voltage_mv=4091 charging=0 vbus=1
[20:24:55] TINYDRAW_POWER battery=100 voltage_mv=4092 charging=0 vbus=1
[20:24:56] TINYDRAW_POWER battery=100 voltage_mv=4094 charging=0 vbus=1
[20:24:57] TINYDRAW_POWER battery=100 voltage_mv=4092 charging=0 vbus=1
[20:24:58] TINYDRAW_POWER battery=100 voltage_mv=4090 charging=0 vbus=1
[20:24:59] TINYDRAW_POWER battery=100 voltage_mv=4089 charging=0 vbus=1
[20:25:00] TINYDRAW_POWER battery=100 voltage_mv=4091 charging=0 vbus=1
[20:25:01] TINYDRAW_POWER battery=100 voltage_mv=4092 charging=0 vbus=1
[20:25:04] TINYDRAW_POWER battery=100 voltage_mv=4091 charging=0 vbus=1
[20:25:07] TINYDRAW_POWER battery=100 voltage_mv=4090 charging=0 vbus=1
[20:25:08] TINYDRAW_POWER battery=100 voltage_mv=4091 charging=0 vbus=1
[20:25:09] TINYDRAW_POWER battery=100 voltage_mv=4092 charging=0 vbus=1
[20:25:10] TINYDRAW_POWER battery=100 voltage_mv=4090 charging=0 vbus=1
[20:25:11] TINYDRAW_POWER battery=100 voltage_mv=4094 charging=0 vbus=1
[20:25:12] TINYDRAW_POWER battery=100 voltage_mv=4091 charging=0 vbus=1
[20:25:13] TINYDRAW_POWER battery=100 voltage_mv=4092 charging=0 vbus=1
[20:25:14] TINYDRAW_POWER battery=100 voltage_mv=4091 charging=0 vbus=1
[20:25:15] TINYDRAW_POWER battery=100 voltage_mv=4089 charging=0 vbus=1
[20:25:16] TINYDRAW_POWER battery=100 voltage_mv=4092 charging=0 vbus=1
[20:25:17] TINYDRAW_POWER battery=100 voltage_mv=4093 charging=0 vbus=1
[20:25:18] TINYDRAW_POWER battery=100 voltage_mv=4091 charging=0 vbus=1
[20:25:19] TINYDRAW_POWER battery=100 voltage_mv=4092 charging=0 vbus=1
[20:25:20] TINYDRAW_POWER battery=100 voltage_mv=4089 charging=0 vbus=1
[20:25:21] TINYDRAW_POWER battery=100 voltage_mv=4092 charging=0 vbus=1
[20:25:22] TINYDRAW_POWER battery=100 voltage_mv=4091 charging=0 vbus=1
[20:25:23] TINYDRAW_POWER battery=100 voltage_mv=4090 charging=0 vbus=1
[20:25:25] TINYDRAW_POWER battery=100 voltage_mv=4092 charging=0 vbus=1
[20:25:26] TINYDRAW_POWER battery=100 voltage_mv=4090 charging=0 vbus=1
[20:25:27] TINYDRAW_POWER battery=100 voltage_mv=4091 charging=0 vbus=1
[20:25:28] TINYDRAW_POWER battery=100 voltage_mv=4092 charging=0 vbus=1
[20:25:29] TINYDRAW_POWER battery=100 voltage_mv=4091 charging=0 vbus=1
[20:25:31] TINYDRAW_POWER battery=100 voltage_mv=4089 charging=0 vbus=1
[20:25:32] TINYDRAW_POWER battery=100 voltage_mv=4091 charging=0 vbus=1
[20:25:33] TINYDRAW_POWER battery=100 voltage_mv=4092 charging=0 vbus=1
[20:25:35] TINYDRAW_POWER battery=100 voltage_mv=4094 charging=0 vbus=1
[20:25:36] TINYDRAW_POWER battery=100 voltage_mv=4089 charging=0 vbus=1
[20:25:37] TINYDRAW_POWER battery=100 voltage_mv=4091 charging=0 vbus=1
[20:25:38] TINYDRAW_POWER battery=100 voltage_mv=4093 charging=0 vbus=1
[20:25:39] TINYDRAW_POWER battery=100 voltage_mv=4094 charging=0 vbus=1
[20:25:40] TINYDRAW_POWER battery=100 voltage_mv=4091 charging=0 vbus=1
[20:25:42] TINYDRAW_POWER battery=100 voltage_mv=4093 charging=0 vbus=1
[20:25:43] TINYDRAW_POWER battery=100 voltage_mv=4091 charging=0 vbus=1
[20:25:44] TINYDRAW_POWER battery=100 voltage_mv=4094 charging=0 vbus=1
[20:25:45] TINYDRAW_POWER battery=100 voltage_mv=4089 charging=0 vbus=1
[20:25:46] TINYDRAW_POWER battery=100 voltage_mv=4091 charging=0 vbus=1
[20:25:47] TINYDRAW_POWER battery=100 voltage_mv=4092 charging=0 vbus=1
[20:25:48] TINYDRAW_POWER battery=100 voltage_mv=4091 charging=0 vbus=1
[20:25:49] TINYDRAW_POWER battery=100 voltage_mv=4092 charging=0 vbus=1
[20:25:50] TINYDRAW_POWER battery=100 voltage_mv=4091 charging=0 vbus=1
[20:25:51] TINYDRAW_POWER battery=100 voltage_mv=4092 charging=0 vbus=1
[20:25:52] TINYDRAW_POWER battery=100 voltage_mv=4093 charging=0 vbus=1
[20:25:53] TINYDRAW_POWER battery=100 voltage_mv=4089 charging=0 vbus=1
[20:25:54] TINYDRAW_POWER battery=100 voltage_mv=4091 charging=0 vbus=1
[20:25:55] TINYDRAW_POWER battery=100 voltage_mv=4092 charging=0 vbus=1
[20:25:57] TINYDRAW_POWER battery=100 voltage_mv=4091 charging=0 vbus=1
[20:25:58] TINYDRAW_POWER battery=100 voltage_mv=4090 charging=0 vbus=1
[20:26:00] TINYDRAW_POWER battery=100 voltage_mv=4092 charging=0 vbus=1
[20:26:02] TINYDRAW_POWER battery=100 voltage_mv=4091 charging=0 vbus=1
[20:26:03] TINYDRAW_POWER battery=100 voltage_mv=4092 charging=0 vbus=1
[20:26:05] TINYDRAW_POWER battery=100 voltage_mv=4091 charging=0 vbus=1
[20:26:07] TINYDRAW_POWER battery=100 voltage_mv=4092 charging=0 vbus=1
[20:26:09] TINYDRAW_POWER battery=100 voltage_mv=4091 charging=0 vbus=1
[20:26:10] TINYDRAW_POWER battery=100 voltage_mv=4088 charging=0 vbus=1
[20:26:11] TINYDRAW_POWER battery=100 voltage_mv=4090 charging=0 vbus=1
[20:26:13] TINYDRAW_POWER battery=100 voltage_mv=4091 charging=0 vbus=1
[20:26:15] TINYDRAW_POWER battery=100 voltage_mv=4095 charging=0 vbus=1
[20:26:16] TINYDRAW_POWER battery=100 voltage_mv=4094 charging=0 vbus=1
[20:26:17] TINYDRAW_POWER battery=100 voltage_mv=4091 charging=0 vbus=1
[20:26:18] TINYDRAW_POWER battery=100 voltage_mv=4093 charging=0 vbus=1
[20:26:19] TINYDRAW_POWER battery=100 voltage_mv=4091 charging=0 vbus=1
[20:26:20] TINYDRAW_POWER battery=100 voltage_mv=4090 charging=0 vbus=1
[20:26:21] TINYDRAW_POWER battery=100 voltage_mv=4093 charging=0 vbus=1
[20:26:22] TINYDRAW_POWER battery=100 voltage_mv=4092 charging=0 vbus=1
[20:26:24] TINYDRAW_POWER battery=100 voltage_mv=4091 charging=0 vbus=1
[20:26:25] TINYDRAW_POWER battery=100 voltage_mv=4092 charging=0 vbus=1
[20:26:27] TINYDRAW_POWER battery=100 voltage_mv=4091 charging=0 vbus=1
[20:26:34] TINYDRAW_POWER battery=100 voltage_mv=4092 charging=0 vbus=1
[20:26:35] TINYDRAW_POWER battery=100 voltage_mv=4091 charging=0 vbus=1
[20:26:37] TINYDRAW_POWER battery=100 voltage_mv=4092 charging=0 vbus=1
[20:26:38] TINYDRAW_POWER battery=100 voltage_mv=4093 charging=0 vbus=1
[20:26:39] TINYDRAW_POWER battery=100 voltage_mv=4090 charging=0 vbus=1
[20:26:40] TINYDRAW_POWER battery=100 voltage_mv=4091 charging=0 vbus=1
[20:26:42] TINYDRAW_POWER battery=100 voltage_mv=4092 charging=0 vbus=1
[20:26:43] TINYDRAW_POWER battery=100 voltage_mv=4093 charging=0 vbus=1
[20:26:45] TINYDRAW_POWER battery=100 voltage_mv=4089 charging=0 vbus=1
[20:26:46] TINYDRAW_POWER battery=100 voltage_mv=4093 charging=0 vbus=1
[20:26:47] TINYDRAW_POWER battery=100 voltage_mv=4089 charging=0 vbus=1
[20:26:48] TINYDRAW_POWER battery=100 voltage_mv=4090 charging=0 vbus=1
[20:26:49] TINYDRAW_POWER battery=100 voltage_mv=4091 charging=0 vbus=1
[20:26:50] TINYDRAW_POWER battery=100 voltage_mv=4093 charging=0 vbus=1
[20:26:51] TINYDRAW_POWER battery=100 voltage_mv=4091 charging=0 vbus=1
[20:26:52] TINYDRAW_POWER battery=100 voltage_mv=4090 charging=0 vbus=1
[20:26:53] TINYDRAW_POWER battery=100 voltage_mv=4091 charging=0 vbus=1
[20:26:54] TINYDRAW_POWER battery=100 voltage_mv=4090 charging=0 vbus=1
[20:26:55] TINYDRAW_POWER battery=100 voltage_mv=4092 charging=0 vbus=1
[20:26:56] TINYDRAW_POWER battery=100 voltage_mv=4090 charging=0 vbus=1
[20:26:57] TINYDRAW_POWER battery=100 voltage_mv=4092 charging=0 vbus=1
[20:26:58] TINYDRAW_POWER battery=100 voltage_mv=4091 charging=0 vbus=1
[20:26:59] TINYDRAW_POWER battery=100 voltage_mv=4090 charging=0 vbus=1
[20:27:00] TINYDRAW_POWER battery=99 voltage_mv=4090 charging=0 vbus=1
[20:27:01] TINYDRAW_POWER battery=100 voltage_mv=4088 charging=0 vbus=1
[20:27:02] TINYDRAW_POWER battery=100 voltage_mv=4091 charging=0 vbus=1
[20:27:03] TINYDRAW_POWER battery=100 voltage_mv=4090 charging=0 vbus=1
[20:27:04] TINYDRAW_POWER battery=100 voltage_mv=4091 charging=0 vbus=1
[20:27:05] TINYDRAW_POWER battery=100 voltage_mv=4090 charging=0 vbus=1
[20:27:08] TINYDRAW_POWER battery=100 voltage_mv=4092 charging=0 vbus=1
[20:27:09] TINYDRAW_POWER battery=100 voltage_mv=4091 charging=0 vbus=1
[20:27:10] TINYDRAW_POWER battery=100 voltage_mv=4090 charging=0 vbus=1
[20:27:11] TINYDRAW_POWER battery=100 voltage_mv=4091 charging=0 vbus=1
[20:27:13] TINYDRAW_POWER battery=100 voltage_mv=4093 charging=0 vbus=1
[20:27:15] TINYDRAW_POWER battery=100 voltage_mv=4090 charging=0 vbus=1
[20:27:16] TINYDRAW_POWER battery=100 voltage_mv=4091 charging=0 vbus=1
[20:27:17] TINYDRAW_POWER battery=100 voltage_mv=4092 charging=0 vbus=1
[20:27:18] TINYDRAW_POWER battery=100 voltage_mv=4089 charging=0 vbus=1
[20:27:19] TINYDRAW_POWER battery=100 voltage_mv=4090 charging=0 vbus=1
[20:27:20] TINYDRAW_POWER battery=100 voltage_mv=4093 charging=0 vbus=1
[20:27:21] TINYDRAW_POWER battery=100 voltage_mv=4091 charging=0 vbus=1
[20:27:22] TINYDRAW_POWER battery=100 voltage_mv=4092 charging=0 vbus=1
[20:27:23] TINYDRAW_POWER battery=100 voltage_mv=4091 charging=0 vbus=1
[20:27:26] TINYDRAW_POWER battery=100 voltage_mv=4090 charging=0 vbus=1
[20:27:27] TINYDRAW_POWER battery=100 voltage_mv=4091 charging=0 vbus=1
[20:27:28] TINYDRAW_POWER battery=100 voltage_mv=4093 charging=0 vbus=1
[20:27:29] TINYDRAW_POWER battery=100 voltage_mv=4092 charging=0 vbus=1
[20:27:30] TINYDRAW_POWER battery=100 voltage_mv=4093 charging=0 vbus=1
[20:27:31] TINYDRAW_POWER battery=100 voltage_mv=4091 charging=0 vbus=1
[20:27:33] TINYDRAW_POWER battery=100 voltage_mv=4092 charging=0 vbus=1
[20:27:34] TINYDRAW_POWER battery=100 voltage_mv=4091 charging=0 vbus=1
[20:27:35] TINYDRAW_POWER battery=100 voltage_mv=4093 charging=0 vbus=1
[20:27:37] TINYDRAW_POWER battery=100 voltage_mv=4091 charging=0 vbus=1
[20:27:38] TINYDRAW_POWER battery=100 voltage_mv=4092 charging=0 vbus=1
[20:27:39] TINYDRAW_POWER battery=100 voltage_mv=4093 charging=0 vbus=1
[20:27:40] TINYDRAW_POWER battery=100 voltage_mv=4092 charging=0 vbus=1
[20:27:42] TINYDRAW_POWER battery=100 voltage_mv=4091 charging=0 vbus=1
[20:27:43] TINYDRAW_POWER battery=100 voltage_mv=4092 charging=0 vbus=1
[20:27:44] TINYDRAW_POWER battery=100 voltage_mv=4091 charging=0 vbus=1
[20:27:45] TINYDRAW_POWER battery=100 voltage_mv=4092 charging=0 vbus=1
[20:27:46] TINYDRAW_POWER battery=100 voltage_mv=4091 charging=0 vbus=1
[20:27:47] TINYDRAW_POWER battery=100 voltage_mv=4092 charging=0 vbus=1
[20:27:49] TINYDRAW_POWER battery=100 voltage_mv=4091 charging=0 vbus=1
[20:27:50] TINYDRAW_POWER battery=100 voltage_mv=4093 charging=0 vbus=1
[20:27:51] TINYDRAW_POWER battery=100 voltage_mv=4090 charging=0 vbus=1
[20:27:52] TINYDRAW_POWER battery=100 voltage_mv=4095 charging=0 vbus=1
[20:27:53] TINYDRAW_POWER battery=100 voltage_mv=4091 charging=0 vbus=1
[20:27:54] TINYDRAW_POWER battery=100 voltage_mv=4092 charging=0 vbus=1
[20:27:55] TINYDRAW_POWER battery=100 voltage_mv=4093 charging=0 vbus=1
[20:27:56] TINYDRAW_POWER battery=100 voltage_mv=4088 charging=0 vbus=1
[20:27:57] TINYDRAW_POWER battery=100 voltage_mv=4091 charging=0 vbus=1
[20:27:58] TINYDRAW_POWER battery=100 voltage_mv=4090 charging=0 vbus=1
[20:27:59] TINYDRAW_POWER battery=100 voltage_mv=4093 charging=0 vbus=1
[20:28:00] TINYDRAW_POWER battery=100 voltage_mv=4091 charging=0 vbus=1
[20:28:01] TINYDRAW_POWER battery=100 voltage_mv=4092 charging=0 vbus=1
[20:28:02] TINYDRAW_POWER battery=100 voltage_mv=4090 charging=0 vbus=1
[20:28:05] TINYDRAW_POWER battery=100 voltage_mv=4091 charging=0 vbus=1
[20:28:06] TINYDRAW_POWER battery=100 voltage_mv=4094 charging=0 vbus=1
[20:28:07] TINYDRAW_POWER battery=100 voltage_mv=4090 charging=0 vbus=1
[20:28:08] TINYDRAW_POWER battery=100 voltage_mv=4091 charging=0 vbus=1
[20:28:12] TINYDRAW_POWER battery=100 voltage_mv=4089 charging=0 vbus=1
[20:28:13] TINYDRAW_POWER battery=100 voltage_mv=4092 charging=0 vbus=1
[20:28:14] TINYDRAW_POWER battery=100 voltage_mv=4091 charging=0 vbus=1
[20:28:16] TINYDRAW_POWER battery=100 voltage_mv=4092 charging=0 vbus=1
[20:28:17] TINYDRAW_POWER battery=100 voltage_mv=4093 charging=0 vbus=1
[20:28:18] TINYDRAW_POWER battery=100 voltage_mv=4090 charging=0 vbus=1
[20:28:19] TINYDRAW_POWER battery=100 voltage_mv=4091 charging=0 vbus=1
[20:28:20] TINYDRAW_POWER battery=100 voltage_mv=4090 charging=0 vbus=1
[20:28:21] TINYDRAW_POWER battery=100 voltage_mv=4093 charging=0 vbus=1
[20:28:22] TINYDRAW_POWER battery=100 voltage_mv=4090 charging=0 vbus=1
[20:28:23] TINYDRAW_POWER battery=100 voltage_mv=4092 charging=0 vbus=1
[20:28:25] TINYDRAW_POWER battery=100 voltage_mv=4089 charging=0 vbus=1
[20:28:26] TINYDRAW_POWER battery=100 voltage_mv=4090 charging=0 vbus=1
[20:28:27] TINYDRAW_POWER battery=100 voltage_mv=4091 charging=0 vbus=1
[20:28:28] TINYDRAW_POWER battery=100 voltage_mv=4087 charging=0 vbus=1
[20:28:29] TINYDRAW_POWER battery=100 voltage_mv=4092 charging=0 vbus=1
[20:28:30] TINYDRAW_POWER battery=100 voltage_mv=4091 charging=0 vbus=1
[20:28:31] TINYDRAW_POWER battery=100 voltage_mv=4092 charging=0 vbus=1
[20:28:33] TINYDRAW_POWER battery=100 voltage_mv=4093 charging=0 vbus=1
[20:28:34] TINYDRAW_POWER battery=100 voltage_mv=4092 charging=0 vbus=1
[20:28:35] TINYDRAW_POWER battery=100 voltage_mv=4090 charging=0 vbus=1
[20:28:36] TINYDRAW_POWER battery=100 voltage_mv=4091 charging=0 vbus=1
[20:28:37] TINYDRAW_POWER battery=100 voltage_mv=4093 charging=0 vbus=1
[20:28:38] TINYDRAW_POWER battery=100 voltage_mv=4091 charging=0 vbus=1
[20:28:40] TINYDRAW_POWER battery=100 voltage_mv=4092 charging=0 vbus=1
[20:28:41] TINYDRAW_POWER battery=100 voltage_mv=4091 charging=0 vbus=1
[20:28:42] TINYDRAW_POWER battery=100 voltage_mv=4089 charging=0 vbus=1
[20:28:43] TINYDRAW_POWER battery=100 voltage_mv=4088 charging=0 vbus=1
[20:28:44] TINYDRAW_POWER battery=100 voltage_mv=4089 charging=0 vbus=1
[20:28:45] TINYDRAW_POWER battery=100 voltage_mv=4092 charging=0 vbus=1
[20:28:48] TINYDRAW_POWER battery=100 voltage_mv=4090 charging=0 vbus=1
[20:28:49] TINYDRAW_POWER battery=100 voltage_mv=4092 charging=0 vbus=1
[20:28:52] TINYDRAW_POWER battery=100 voltage_mv=4090 charging=0 vbus=1
[20:28:53] TINYDRAW_POWER battery=100 voltage_mv=4089 charging=0 vbus=1
[20:28:54] TINYDRAW_POWER battery=100 voltage_mv=4091 charging=0 vbus=1
[20:28:56] TINYDRAW_POWER battery=100 voltage_mv=4089 charging=0 vbus=1
[20:28:57] TINYDRAW_POWER battery=100 voltage_mv=4090 charging=0 vbus=1
[20:28:59] TINYDRAW_POWER battery=100 voltage_mv=4092 charging=0 vbus=1
[20:29:00] TINYDRAW_POWER battery=100 voltage_mv=4090 charging=0 vbus=1
[20:29:01] TINYDRAW_POWER battery=100 voltage_mv=4092 charging=0 vbus=1
[20:29:02] TINYDRAW_POWER battery=100 voltage_mv=4091 charging=0 vbus=1
[20:29:04] TINYDRAW_POWER battery=100 voltage_mv=4090 charging=0 vbus=1
[20:29:05] TINYDRAW_POWER battery=100 voltage_mv=4092 charging=0 vbus=1
[20:29:06] TINYDRAW_POWER battery=100 voltage_mv=4093 charging=0 vbus=1
[20:29:07] TINYDRAW_POWER battery=100 voltage_mv=4092 charging=0 vbus=1
[20:29:08] TINYDRAW_POWER battery=100 voltage_mv=4093 charging=0 vbus=1
[20:29:10] TINYDRAW_POWER battery=100 voltage_mv=4092 charging=0 vbus=1
[20:29:11] TINYDRAW_POWER battery=100 voltage_mv=4089 charging=0 vbus=1
[20:29:12] TINYDRAW_POWER battery=100 voltage_mv=4092 charging=0 vbus=1
[20:29:13] TINYDRAW_POWER battery=100 voltage_mv=4091 charging=0 vbus=1
[20:29:15] TINYDRAW_POWER battery=100 voltage_mv=4094 charging=0 vbus=1
[20:29:16] TINYDRAW_POWER battery=100 voltage_mv=4091 charging=0 vbus=1
[20:29:17] TINYDRAW_POWER battery=100 voltage_mv=4089 charging=0 vbus=1
[20:29:18] TINYDRAW_POWER battery=100 voltage_mv=4090 charging=0 vbus=1
[20:29:19] TINYDRAW_POWER battery=100 voltage_mv=4092 charging=0 vbus=1
[20:29:20] TINYDRAW_POWER battery=100 voltage_mv=4090 charging=0 vbus=1
[20:29:22] TINYDRAW_POWER battery=100 voltage_mv=4089 charging=0 vbus=1
[20:29:23] TINYDRAW_POWER battery=100 voltage_mv=4092 charging=0 vbus=1
[20:29:25] TINYDRAW_POWER battery=100 voltage_mv=4093 charging=0 vbus=1
[20:29:27] TINYDRAW_POWER battery=100 voltage_mv=4091 charging=0 vbus=1
[20:29:28] TINYDRAW_POWER battery=100 voltage_mv=4093 charging=0 vbus=1
[20:29:29] TINYDRAW_POWER battery=100 voltage_mv=4092 charging=0 vbus=1
[20:29:30] TINYDRAW_POWER battery=100 voltage_mv=4091 charging=0 vbus=1
[20:29:32] TINYDRAW_POWER battery=100 voltage_mv=4092 charging=0 vbus=1
[20:29:33] TINYDRAW_POWER battery=100 voltage_mv=4091 charging=0 vbus=1
[20:29:34] TINYDRAW_POWER battery=100 voltage_mv=4090 charging=0 vbus=1
[20:29:36] TINYDRAW_POWER battery=100 voltage_mv=4091 charging=0 vbus=1
[20:29:38] TINYDRAW_POWER battery=100 voltage_mv=4092 charging=0 vbus=1
[20:29:39] TINYDRAW_POWER battery=100 voltage_mv=4091 charging=0 vbus=1
[20:29:40] TINYDRAW_POWER battery=100 voltage_mv=4092 charging=0 vbus=1
[20:29:41] TINYDRAW_POWER battery=100 voltage_mv=4091 charging=0 vbus=1
[20:29:42] TINYDRAW_POWER battery=100 voltage_mv=4090 charging=0 vbus=1
[20:29:43] TINYDRAW_POWER battery=100 voltage_mv=4089 charging=0 vbus=1
[20:29:44] TINYDRAW_POWER battery=100 voltage_mv=4090 charging=0 vbus=1
[20:29:46] TINYDRAW_POWER battery=100 voltage_mv=4093 charging=0 vbus=1
[20:29:47] TINYDRAW_POWER battery=100 voltage_mv=4090 charging=0 vbus=1
[20:29:48] TINYDRAW_POWER battery=100 voltage_mv=4089 charging=0 vbus=1
[20:29:49] TINYDRAW_POWER battery=100 voltage_mv=4090 charging=0 vbus=1
[20:29:50] TINYDRAW_POWER battery=100 voltage_mv=4091 charging=0 vbus=1
[20:29:51] TINYDRAW_POWER battery=100 voltage_mv=4094 charging=0 vbus=1
[20:29:52] TINYDRAW_POWER battery=100 voltage_mv=4089 charging=0 vbus=1
[20:29:53] TINYDRAW_POWER battery=100 voltage_mv=4092 charging=0 vbus=1
[20:29:54] TINYDRAW_POWER battery=99 voltage_mv=4091 charging=0 vbus=1
[20:29:55] TINYDRAW_POWER battery=100 voltage_mv=4093 charging=0 vbus=1
[20:29:56] TINYDRAW_POWER battery=100 voltage_mv=4091 charging=0 vbus=1
[20:29:57] TINYDRAW_POWER battery=100 voltage_mv=4090 charging=0 vbus=1
[20:29:58] TINYDRAW_POWER battery=100 voltage_mv=4091 charging=0 vbus=1
[20:29:59] TINYDRAW_POWER battery=100 voltage_mv=4090 charging=0 vbus=1
[20:30:00] TINYDRAW_POWER battery=100 voltage_mv=4093 charging=0 vbus=1
[20:30:01] TINYDRAW_POWER battery=100 voltage_mv=4090 charging=0 vbus=1
[20:30:02] TINYDRAW_POWER battery=100 voltage_mv=4092 charging=0 vbus=1
[20:30:03] TINYDRAW_POWER battery=100 voltage_mv=4091 charging=0 vbus=1
[20:30:04] TINYDRAW_POWER battery=100 voltage_mv=4092 charging=0 vbus=1
[20:30:06] TINYDRAW_POWER battery=100 voltage_mv=4090 charging=0 vbus=1
[20:30:07] TINYDRAW_POWER battery=100 voltage_mv=4091 charging=0 vbus=1
[20:30:08] TINYDRAW_POWER battery=100 voltage_mv=4090 charging=0 vbus=1
[20:30:09] TINYDRAW_POWER battery=100 voltage_mv=4091 charging=0 vbus=1
[20:30:11] TINYDRAW_POWER battery=100 voltage_mv=4090 charging=0 vbus=1
[20:30:12] TINYDRAW_POWER battery=100 voltage_mv=4091 charging=0 vbus=1
[20:30:13] TINYDRAW_POWER battery=100 voltage_mv=4093 charging=0 vbus=1
[20:30:14] TINYDRAW_POWER battery=100 voltage_mv=4092 charging=0 vbus=1
[20:30:16] TINYDRAW_POWER battery=100 voltage_mv=4091 charging=0 vbus=1
[20:30:19] TINYDRAW_POWER battery=100 voltage_mv=4092 charging=0 vbus=1
[20:30:22] TINYDRAW_POWER battery=100 voltage_mv=4091 charging=0 vbus=1
[20:30:24] TINYDRAW_POWER battery=100 voltage_mv=4093 charging=0 vbus=1
[20:30:25] TINYDRAW_POWER battery=100 voltage_mv=4089 charging=0 vbus=1
[20:30:26] TINYDRAW_POWER battery=100 voltage_mv=4091 charging=0 vbus=1
[20:30:27] TINYDRAW_POWER battery=100 voltage_mv=4094 charging=0 vbus=1
[20:30:28] TINYDRAW_POWER battery=100 voltage_mv=4089 charging=0 vbus=1
[20:30:29] TINYDRAW_POWER battery=100 voltage_mv=4090 charging=0 vbus=1
[20:30:30] TINYDRAW_POWER battery=100 voltage_mv=4091 charging=0 vbus=1
[20:30:32] TINYDRAW_POWER battery=100 voltage_mv=4092 charging=0 vbus=1
[20:30:33] TINYDRAW_POWER battery=100 voltage_mv=4091 charging=0 vbus=1
[20:30:34] TINYDRAW_POWER battery=100 voltage_mv=4089 charging=0 vbus=1
[20:30:35] TINYDRAW_POWER battery=100 voltage_mv=4088 charging=0 vbus=1
[20:30:36] TINYDRAW_POWER battery=100 voltage_mv=4092 charging=0 vbus=1
[20:30:37] TINYDRAW_POWER battery=100 voltage_mv=4091 charging=0 vbus=1
[20:30:38] TINYDRAW_POWER battery=100 voltage_mv=4092 charging=0 vbus=1
[20:30:39] TINYDRAW_POWER battery=100 voltage_mv=4091 charging=0 vbus=1
[20:30:41] TINYDRAW_POWER battery=100 voltage_mv=4090 charging=0 vbus=1
[20:30:43] TINYDRAW_POWER battery=100 voltage_mv=4092 charging=0 vbus=1
[20:30:44] TINYDRAW_POWER battery=100 voltage_mv=4089 charging=0 vbus=1
[20:30:45] TINYDRAW_POWER battery=100 voltage_mv=4091 charging=0 vbus=1
[20:30:46] TINYDRAW_POWER battery=100 voltage_mv=4089 charging=0 vbus=1
[20:30:47] TINYDRAW_POWER battery=100 voltage_mv=4090 charging=0 vbus=1
[20:30:48] TINYDRAW_POWER battery=100 voltage_mv=4091 charging=0 vbus=1
[20:30:49] TINYDRAW_POWER battery=100 voltage_mv=4092 charging=0 vbus=1
[20:30:52] TINYDRAW_POWER battery=100 voltage_mv=4091 charging=0 vbus=1
[20:30:53] TINYDRAW_POWER battery=100 voltage_mv=4089 charging=0 vbus=1
[20:30:54] TINYDRAW_POWER battery=100 voltage_mv=4092 charging=0 vbus=1
[20:30:55] TINYDRAW_POWER battery=100 voltage_mv=4090 charging=0 vbus=1
[20:30:56] TINYDRAW_POWER battery=100 voltage_mv=4091 charging=0 vbus=1
[20:30:58] TINYDRAW_POWER battery=100 voltage_mv=4090 charging=0 vbus=1
[20:31:00] TINYDRAW_POWER battery=100 voltage_mv=4091 charging=0 vbus=1
[20:31:01] TINYDRAW_POWER battery=100 voltage_mv=4095 charging=0 vbus=1
[20:31:02] TINYDRAW_POWER battery=100 voltage_mv=4092 charging=0 vbus=1
[20:31:03] TINYDRAW_POWER battery=100 voltage_mv=4091 charging=0 vbus=1
[20:31:04] TINYDRAW_POWER battery=100 voltage_mv=4089 charging=0 vbus=1
[20:31:05] TINYDRAW_POWER battery=100 voltage_mv=4091 charging=0 vbus=1
[20:31:08] TINYDRAW_POWER battery=100 voltage_mv=4090 charging=0 vbus=1
[20:31:09] TINYDRAW_POWER battery=100 voltage_mv=4091 charging=0 vbus=1
[20:31:10] TINYDRAW_POWER battery=100 voltage_mv=4092 charging=0 vbus=1
[20:31:11] TINYDRAW_POWER battery=100 voltage_mv=4089 charging=0 vbus=1
[20:31:12] TINYDRAW_POWER battery=100 voltage_mv=4091 charging=0 vbus=1
[20:31:13] TINYDRAW_POWER battery=100 voltage_mv=4090 charging=0 vbus=1
[20:31:14] TINYDRAW_POWER battery=100 voltage_mv=4089 charging=0 vbus=1
[20:31:16] TINYDRAW_POWER battery=100 voltage_mv=4092 charging=0 vbus=1
[20:31:17] TINYDRAW_POWER battery=100 voltage_mv=4091 charging=0 vbus=1
[20:31:19] TINYDRAW_POWER battery=100 voltage_mv=4089 charging=0 vbus=1
[20:31:20] TINYDRAW_POWER battery=100 voltage_mv=4090 charging=0 vbus=1
[20:31:21] TINYDRAW_POWER battery=100 voltage_mv=4091 charging=0 vbus=1
[20:31:22] TINYDRAW_POWER battery=100 voltage_mv=4092 charging=0 vbus=1
[20:31:23] TINYDRAW_POWER battery=100 voltage_mv=4091 charging=0 vbus=1
[20:31:24] TINYDRAW_POWER battery=100 voltage_mv=4090 charging=0 vbus=1
[20:31:25] TINYDRAW_POWER battery=100 voltage_mv=4091 charging=0 vbus=1
[20:31:26] TINYDRAW_POWER battery=100 voltage_mv=4092 charging=0 vbus=1
[20:31:27] TINYDRAW_POWER battery=100 voltage_mv=4093 charging=0 vbus=1
[20:31:28] TINYDRAW_POWER battery=100 voltage_mv=4090 charging=0 vbus=1
[20:31:29] TINYDRAW_POWER battery=100 voltage_mv=4091 charging=0 vbus=1
[20:31:31] TINYDRAW_POWER battery=100 voltage_mv=4089 charging=0 vbus=1
[20:31:32] TINYDRAW_POWER battery=100 voltage_mv=4091 charging=0 vbus=1
[20:31:34] TINYDRAW_POWER battery=100 voltage_mv=4090 charging=0 vbus=1
[20:31:35] TINYDRAW_POWER battery=100 voltage_mv=4091 charging=0 vbus=1
[20:31:36] TINYDRAW_POWER battery=100 voltage_mv=4090 charging=0 vbus=1
[20:31:37] TINYDRAW_POWER battery=100 voltage_mv=4092 charging=0 vbus=1
[20:31:38] TINYDRAW_POWER battery=100 voltage_mv=4091 charging=0 vbus=1
[20:31:39] TINYDRAW_POWER battery=100 voltage_mv=4092 charging=0 vbus=1
[20:31:40] TINYDRAW_POWER battery=100 voltage_mv=4091 charging=0 vbus=1
[20:31:41] TINYDRAW_POWER battery=100 voltage_mv=4092 charging=0 vbus=1
[20:31:42] TINYDRAW_POWER battery=100 voltage_mv=4090 charging=0 vbus=1
[20:31:43] TINYDRAW_POWER battery=100 voltage_mv=4089 charging=0 vbus=1
[20:31:44] TINYDRAW_POWER battery=100 voltage_mv=4093 charging=0 vbus=1
[20:31:45] TINYDRAW_POWER battery=100 voltage_mv=4090 charging=0 vbus=1
[20:31:46] TINYDRAW_POWER battery=100 voltage_mv=4091 charging=0 vbus=1
[20:31:47] TINYDRAW_POWER battery=100 voltage_mv=4094 charging=0 vbus=1
[20:31:48] TINYDRAW_POWER battery=100 voltage_mv=4091 charging=0 vbus=1
[20:31:49] TINYDRAW_POWER battery=100 voltage_mv=4090 charging=0 vbus=1
[20:31:50] TINYDRAW_POWER battery=100 voltage_mv=4089 charging=0 vbus=1
[20:31:51] TINYDRAW_POWER battery=100 voltage_mv=4092 charging=0 vbus=1
[20:31:52] TINYDRAW_POWER battery=100 voltage_mv=4090 charging=0 vbus=1
[20:31:55] TINYDRAW_POWER battery=100 voltage_mv=4091 charging=0 vbus=1
[20:31:56] TINYDRAW_POWER battery=100 voltage_mv=4092 charging=0 vbus=1
[20:31:57] TINYDRAW_POWER battery=100 voltage_mv=4091 charging=0 vbus=1
[20:31:58] TINYDRAW_POWER battery=100 voltage_mv=4089 charging=0 vbus=1
[20:31:59] TINYDRAW_POWER battery=100 voltage_mv=4092 charging=0 vbus=1
[20:32:00] TINYDRAW_POWER battery=100 voltage_mv=4091 charging=0 vbus=1
[20:32:01] TINYDRAW_POWER battery=100 voltage_mv=4090 charging=0 vbus=1
[20:32:03] TINYDRAW_POWER battery=100 voltage_mv=4089 charging=0 vbus=1
[20:32:04] TINYDRAW_POWER battery=100 voltage_mv=4091 charging=0 vbus=1
[20:32:05] TINYDRAW_POWER battery=100 voltage_mv=4089 charging=0 vbus=1
[20:32:06] TINYDRAW_POWER battery=100 voltage_mv=4091 charging=0 vbus=1
[20:32:08] TINYDRAW_POWER battery=100 voltage_mv=4089 charging=0 vbus=1
[20:32:09] TINYDRAW_POWER battery=100 voltage_mv=4090 charging=0 vbus=1
[20:32:10] TINYDRAW_POWER battery=100 voltage_mv=4092 charging=0 vbus=1
[20:32:11] TINYDRAW_POWER battery=100 voltage_mv=4091 charging=0 vbus=1
[20:32:12] TINYDRAW_POWER battery=100 voltage_mv=4092 charging=0 vbus=1
[20:32:13] TINYDRAW_POWER battery=100 voltage_mv=4090 charging=0 vbus=1
[20:32:14] TINYDRAW_POWER battery=100 voltage_mv=4092 charging=0 vbus=1
[20:32:15] TINYDRAW_POWER battery=100 voltage_mv=4090 charging=0 vbus=1
[20:32:17] TINYDRAW_POWER battery=100 voltage_mv=4092 charging=0 vbus=1
[20:32:18] TINYDRAW_POWER battery=100 voltage_mv=4091 charging=0 vbus=1
[20:32:19] TINYDRAW_POWER battery=100 voltage_mv=4090 charging=0 vbus=1
[20:32:20] TINYDRAW_POWER battery=100 voltage_mv=4091 charging=0 vbus=1
[20:32:22] TINYDRAW_POWER battery=100 voltage_mv=4090 charging=0 vbus=1
[20:32:23] TINYDRAW_POWER battery=100 voltage_mv=4091 charging=0 vbus=1
[20:32:24] TINYDRAW_POWER battery=100 voltage_mv=4088 charging=0 vbus=1
[20:32:25] TINYDRAW_POWER battery=100 voltage_mv=4093 charging=0 vbus=1
[20:32:26] TINYDRAW_POWER battery=100 voltage_mv=4092 charging=0 vbus=1
[20:32:27] TINYDRAW_POWER battery=100 voltage_mv=4090 charging=0 vbus=1
[20:32:28] TINYDRAW_POWER battery=100 voltage_mv=4091 charging=0 vbus=1
[20:32:29] TINYDRAW_POWER battery=100 voltage_mv=4092 charging=0 vbus=1
[20:32:30] TINYDRAW_POWER battery=100 voltage_mv=4091 charging=0 vbus=1
[20:32:31] TINYDRAW_POWER battery=100 voltage_mv=4092 charging=0 vbus=1
[20:32:32] TINYDRAW_POWER battery=100 voltage_mv=4090 charging=0 vbus=1
[20:32:33] TINYDRAW_POWER battery=100 voltage_mv=4092 charging=0 vbus=1
[20:32:34] TINYDRAW_POWER battery=100 voltage_mv=4091 charging=0 vbus=1
[20:32:35] TINYDRAW_POWER battery=100 voltage_mv=4090 charging=0 vbus=1
[20:32:39] TINYDRAW_POWER battery=100 voltage_mv=4089 charging=0 vbus=1
[20:32:40] TINYDRAW_POWER battery=100 voltage_mv=4092 charging=0 vbus=1
[20:32:42] TINYDRAW_POWER battery=100 voltage_mv=4090 charging=0 vbus=1
[20:32:43] TINYDRAW_POWER battery=100 voltage_mv=4092 charging=0 vbus=1
[20:32:44] TINYDRAW_POWER battery=100 voltage_mv=4090 charging=0 vbus=1
[20:32:45] TINYDRAW_POWER battery=100 voltage_mv=4091 charging=0 vbus=1
[20:32:46] TINYDRAW_POWER battery=99 voltage_mv=4093 charging=0 vbus=1
[20:32:47] TINYDRAW_POWER battery=100 voltage_mv=4093 charging=0 vbus=1
[20:32:48] TINYDRAW_POWER battery=100 voltage_mv=4090 charging=0 vbus=1
[20:32:49] TINYDRAW_POWER battery=100 voltage_mv=4089 charging=0 vbus=1
[20:32:50] TINYDRAW_POWER battery=100 voltage_mv=4091 charging=0 vbus=1
[20:32:51] TINYDRAW_POWER battery=100 voltage_mv=4094 charging=0 vbus=1
[20:32:52] TINYDRAW_POWER battery=100 voltage_mv=4090 charging=0 vbus=1
[20:32:54] TINYDRAW_POWER battery=100 voltage_mv=4092 charging=0 vbus=1
[20:32:56] TINYDRAW_POWER battery=100 voltage_mv=4090 charging=0 vbus=1
[20:32:58] TINYDRAW_POWER battery=100 voltage_mv=4092 charging=0 vbus=1
[20:32:59] TINYDRAW_POWER battery=100 voltage_mv=4090 charging=0 vbus=1
[20:33:00] TINYDRAW_POWER battery=100 voltage_mv=4092 charging=0 vbus=1
[20:33:01] TINYDRAW_POWER battery=100 voltage_mv=4089 charging=0 vbus=1
[20:33:02] TINYDRAW_POWER battery=100 voltage_mv=4093 charging=0 vbus=1
[20:33:03] TINYDRAW_POWER battery=100 voltage_mv=4089 charging=0 vbus=1
[20:33:04] TINYDRAW_POWER battery=100 voltage_mv=4090 charging=0 vbus=1
[20:33:05] TINYDRAW_POWER battery=100 voltage_mv=4092 charging=0 vbus=1
[20:33:06] TINYDRAW_POWER battery=100 voltage_mv=4091 charging=0 vbus=1
[20:33:10] TINYDRAW_POWER battery=100 voltage_mv=4090 charging=0 vbus=1
[20:33:11] TINYDRAW_POWER battery=100 voltage_mv=4093 charging=0 vbus=1
[20:33:12] TINYDRAW_POWER battery=100 voltage_mv=4091 charging=0 vbus=1
[20:33:13] TINYDRAW_POWER battery=100 voltage_mv=4089 charging=0 vbus=1
[20:33:14] TINYDRAW_POWER battery=100 voltage_mv=4093 charging=0 vbus=1
[20:33:15] TINYDRAW_POWER battery=100 voltage_mv=4091 charging=0 vbus=1
[20:33:16] TINYDRAW_POWER battery=100 voltage_mv=4089 charging=0 vbus=1
[20:33:17] TINYDRAW_POWER battery=100 voltage_mv=4090 charging=0 vbus=1
[20:33:18] TINYDRAW_POWER battery=100 voltage_mv=4089 charging=0 vbus=1
[20:33:20] TINYDRAW_POWER battery=100 voltage_mv=4091 charging=0 vbus=1
[20:33:21] TINYDRAW_POWER battery=100 voltage_mv=4089 charging=0 vbus=1
[20:33:22] TINYDRAW_POWER battery=100 voltage_mv=4092 charging=0 vbus=1
[20:33:23] TINYDRAW_POWER battery=100 voltage_mv=4091 charging=0 vbus=1
[20:33:25] TINYDRAW_POWER battery=100 voltage_mv=4090 charging=0 vbus=1
[20:33:26] TINYDRAW_POWER battery=100 voltage_mv=4093 charging=0 vbus=1
[20:33:27] TINYDRAW_POWER battery=100 voltage_mv=4090 charging=0 vbus=1
[20:33:28] TINYDRAW_POWER battery=100 voltage_mv=4092 charging=0 vbus=1
[20:33:29] TINYDRAW_POWER battery=100 voltage_mv=4091 charging=0 vbus=1
[20:33:30] TINYDRAW_POWER battery=100 voltage_mv=4089 charging=0 vbus=1
[20:33:31] TINYDRAW_POWER battery=100 voltage_mv=4090 charging=0 vbus=1
[20:33:32] TINYDRAW_POWER battery=100 voltage_mv=4092 charging=0 vbus=1
[20:33:34] TINYDRAW_POWER battery=100 voltage_mv=4091 charging=0 vbus=1
[20:33:35] TINYDRAW_POWER battery=100 voltage_mv=4090 charging=0 vbus=1
[20:33:36] TINYDRAW_POWER battery=100 voltage_mv=4089 charging=0 vbus=1
[20:33:37] TINYDRAW_POWER battery=100 voltage_mv=4090 charging=0 vbus=1
[20:33:38] TINYDRAW_POWER battery=100 voltage_mv=4091 charging=0 vbus=1
[20:33:39] TINYDRAW_POWER battery=100 voltage_mv=4088 charging=0 vbus=1
[20:33:40] TINYDRAW_POWER battery=100 voltage_mv=4090 charging=0 vbus=1
[20:33:41] TINYDRAW_POWER battery=100 voltage_mv=4091 charging=0 vbus=1
[20:33:43] TINYDRAW_POWER battery=100 voltage_mv=4092 charging=0 vbus=1
[20:33:44] TINYDRAW_POWER battery=100 voltage_mv=4090 charging=0 vbus=1
[20:33:46] TINYDRAW_POWER battery=100 voltage_mv=4089 charging=0 vbus=1
[20:33:47] TINYDRAW_POWER battery=100 voltage_mv=4090 charging=0 vbus=1
[20:33:50] TINYDRAW_POWER battery=100 voltage_mv=4089 charging=0 vbus=1
[20:33:51] TINYDRAW_POWER battery=100 voltage_mv=4091 charging=0 vbus=1
[20:33:52] TINYDRAW_POWER battery=100 voltage_mv=4089 charging=0 vbus=1
[20:33:53] TINYDRAW_POWER battery=100 voltage_mv=4091 charging=0 vbus=1
[20:33:55] TINYDRAW_POWER battery=100 voltage_mv=4093 charging=0 vbus=1
[20:33:56] TINYDRAW_POWER battery=100 voltage_mv=4090 charging=0 vbus=1
[20:33:57] TINYDRAW_POWER battery=100 voltage_mv=4091 charging=0 vbus=1
[20:33:58] TINYDRAW_POWER battery=100 voltage_mv=4088 charging=0 vbus=1
[20:33:59] TINYDRAW_POWER battery=100 voltage_mv=4091 charging=0 vbus=1
[20:34:00] TINYDRAW_POWER battery=100 voltage_mv=4092 charging=0 vbus=1
[20:34:01] TINYDRAW_POWER battery=100 voltage_mv=4089 charging=0 vbus=1
[20:34:02] TINYDRAW_POWER battery=100 voltage_mv=4091 charging=0 vbus=1
[20:34:03] TINYDRAW_POWER battery=100 voltage_mv=4090 charging=0 vbus=1
[20:34:05] TINYDRAW_POWER battery=100 voltage_mv=4092 charging=0 vbus=1
[20:34:06] TINYDRAW_POWER battery=100 voltage_mv=4089 charging=0 vbus=1
[20:34:07] TINYDRAW_POWER battery=100 voltage_mv=4088 charging=0 vbus=1
[20:34:08] TINYDRAW_POWER battery=100 voltage_mv=4090 charging=0 vbus=1
[20:34:09] TINYDRAW_POWER battery=100 voltage_mv=4093 charging=0 vbus=1
[20:34:10] TINYDRAW_POWER battery=100 voltage_mv=4089 charging=0 vbus=1
[20:34:12] TINYDRAW_POWER battery=100 voltage_mv=4092 charging=0 vbus=1
[20:34:13] TINYDRAW_POWER battery=100 voltage_mv=4090 charging=0 vbus=1
[20:34:15] TINYDRAW_POWER battery=100 voltage_mv=4093 charging=0 vbus=1
[20:34:16] TINYDRAW_POWER battery=100 voltage_mv=4089 charging=0 vbus=1
[20:34:17] TINYDRAW_POWER battery=100 voltage_mv=4091 charging=0 vbus=1
[20:34:19] TINYDRAW_POWER battery=100 voltage_mv=4090 charging=0 vbus=1
[20:34:20] TINYDRAW_POWER battery=100 voltage_mv=4088 charging=0 vbus=1
[20:34:21] TINYDRAW_POWER battery=100 voltage_mv=4092 charging=0 vbus=1
[20:34:22] TINYDRAW_POWER battery=100 voltage_mv=4091 charging=0 vbus=1
[20:34:23] TINYDRAW_POWER battery=100 voltage_mv=4090 charging=0 vbus=1
[20:34:24] TINYDRAW_POWER battery=100 voltage_mv=4088 charging=0 vbus=1
[20:34:26] TINYDRAW_POWER battery=100 voltage_mv=4091 charging=0 vbus=1
[20:34:27] TINYDRAW_POWER battery=100 voltage_mv=4089 charging=0 vbus=1
[20:34:28] TINYDRAW_POWER battery=100 voltage_mv=4090 charging=0 vbus=1
[20:34:29] TINYDRAW_POWER battery=100 voltage_mv=4092 charging=0 vbus=1
[20:34:30] TINYDRAW_POWER battery=100 voltage_mv=4090 charging=0 vbus=1
[20:34:31] TINYDRAW_POWER battery=100 voltage_mv=4093 charging=0 vbus=1
[20:34:32] TINYDRAW_POWER battery=100 voltage_mv=4091 charging=0 vbus=1
[20:34:34] TINYDRAW_POWER battery=100 voltage_mv=4093 charging=0 vbus=1
[20:34:35] TINYDRAW_POWER battery=100 voltage_mv=4089 charging=0 vbus=1
[20:34:36] TINYDRAW_POWER battery=100 voltage_mv=4090 charging=0 vbus=1
[20:34:38] TINYDRAW_POWER battery=100 voltage_mv=4091 charging=0 vbus=1
[20:34:41] TINYDRAW_POWER battery=100 voltage_mv=4093 charging=0 vbus=1
[20:34:42] TINYDRAW_POWER battery=100 voltage_mv=4090 charging=0 vbus=1
[20:34:43] TINYDRAW_POWER battery=100 voltage_mv=4089 charging=0 vbus=1
[20:34:44] TINYDRAW_POWER battery=100 voltage_mv=4091 charging=0 vbus=1
[20:34:45] TINYDRAW_POWER battery=100 voltage_mv=4090 charging=0 vbus=1
[20:34:46] TINYDRAW_POWER battery=100 voltage_mv=4092 charging=0 vbus=1
[20:34:48] TINYDRAW_POWER battery=100 voltage_mv=4093 charging=0 vbus=1
[20:34:49] TINYDRAW_POWER battery=100 voltage_mv=4090 charging=0 vbus=1
[20:34:50] TINYDRAW_POWER battery=100 voltage_mv=4091 charging=0 vbus=1
[20:34:53] TINYDRAW_POWER battery=100 voltage_mv=4090 charging=0 vbus=1
[20:34:55] TINYDRAW_POWER battery=100 voltage_mv=4091 charging=0 vbus=1
[20:34:57] TINYDRAW_POWER battery=100 voltage_mv=4093 charging=0 vbus=1
[20:34:58] TINYDRAW_POWER battery=100 voltage_mv=4091 charging=0 vbus=1
[20:34:59] TINYDRAW_POWER battery=100 voltage_mv=4093 charging=0 vbus=1
[20:35:00] TINYDRAW_POWER battery=100 voltage_mv=4089 charging=0 vbus=1
[20:35:01] TINYDRAW_POWER battery=100 voltage_mv=4091 charging=0 vbus=1
[20:35:03] TINYDRAW_POWER battery=100 voltage_mv=4090 charging=0 vbus=1
[20:35:04] TINYDRAW_POWER battery=100 voltage_mv=4091 charging=0 vbus=1
[20:35:05] TINYDRAW_POWER battery=100 voltage_mv=4090 charging=0 vbus=1
[20:35:08] TINYDRAW_POWER battery=100 voltage_mv=4091 charging=0 vbus=1
[20:35:09] TINYDRAW_POWER battery=100 voltage_mv=4090 charging=0 vbus=1
[20:35:10] TINYDRAW_POWER battery=100 voltage_mv=4092 charging=0 vbus=1
[20:35:11] TINYDRAW_POWER battery=100 voltage_mv=4091 charging=0 vbus=1
[20:35:12] TINYDRAW_POWER battery=100 voltage_mv=4089 charging=0 vbus=1
[20:35:13] TINYDRAW_POWER battery=100 voltage_mv=4092 charging=0 vbus=1
[20:35:14] TINYDRAW_POWER battery=100 voltage_mv=4090 charging=0 vbus=1
[20:35:15] TINYDRAW_POWER battery=100 voltage_mv=4091 charging=0 vbus=1
[20:35:16] TINYDRAW_POWER battery=100 voltage_mv=4092 charging=0 vbus=1
[20:35:17] TINYDRAW_POWER battery=100 voltage_mv=4091 charging=0 vbus=1
[20:35:19] TINYDRAW_POWER battery=100 voltage_mv=4092 charging=0 vbus=1
[20:35:20] TINYDRAW_POWER battery=100 voltage_mv=4091 charging=0 vbus=1
[20:35:22] TINYDRAW_POWER battery=100 voltage_mv=4089 charging=0 vbus=1
[20:35:23] TINYDRAW_POWER battery=100 voltage_mv=4092 charging=0 vbus=1
[20:35:24] TINYDRAW_POWER battery=100 voltage_mv=4089 charging=0 vbus=1
[20:35:25] TINYDRAW_POWER battery=100 voltage_mv=4092 charging=0 vbus=1
[20:35:26] TINYDRAW_POWER battery=100 voltage_mv=4090 charging=0 vbus=1
[20:35:27] TINYDRAW_POWER battery=100 voltage_mv=4092 charging=0 vbus=1
[20:35:28] TINYDRAW_POWER battery=100 voltage_mv=4091 charging=0 vbus=1
[20:35:29] TINYDRAW_POWER battery=100 voltage_mv=4089 charging=0 vbus=1
[20:35:30] TINYDRAW_POWER battery=100 voltage_mv=4090 charging=0 vbus=1
[20:35:31] TINYDRAW_POWER battery=100 voltage_mv=4091 charging=0 vbus=1
[20:35:33] TINYDRAW_POWER battery=100 voltage_mv=4090 charging=0 vbus=1
[20:35:36] TINYDRAW_POWER battery=100 voltage_mv=4091 charging=0 vbus=1
[20:35:37] TINYDRAW_POWER battery=100 voltage_mv=4092 charging=0 vbus=1
[20:35:38] TINYDRAW_POWER battery=99 voltage_mv=4091 charging=0 vbus=1
[20:35:39] TINYDRAW_POWER battery=100 voltage_mv=4093 charging=0 vbus=1
[20:35:40] TINYDRAW_POWER battery=100 voltage_mv=4090 charging=0 vbus=1
[20:35:41] TINYDRAW_POWER battery=100 voltage_mv=4093 charging=0 vbus=1
[20:35:42] TINYDRAW_POWER battery=100 voltage_mv=4091 charging=0 vbus=1
[20:35:45] TINYDRAW_POWER battery=100 voltage_mv=4089 charging=0 vbus=1
[20:35:46] TINYDRAW_POWER battery=100 voltage_mv=4091 charging=0 vbus=1
[20:35:47] TINYDRAW_POWER battery=100 voltage_mv=4094 charging=0 vbus=1
[20:35:48] TINYDRAW_POWER battery=100 voltage_mv=4089 charging=0 vbus=1
[20:35:49] TINYDRAW_POWER battery=100 voltage_mv=4091 charging=0 vbus=1
[20:35:50] TINYDRAW_POWER battery=100 voltage_mv=4092 charging=0 vbus=1
[20:35:51] TINYDRAW_POWER battery=100 voltage_mv=4090 charging=0 vbus=1
[20:35:52] TINYDRAW_POWER battery=100 voltage_mv=4091 charging=0 vbus=1
[20:35:54] TINYDRAW_POWER battery=100 voltage_mv=4090 charging=0 vbus=1
[20:35:55] TINYDRAW_POWER battery=100 voltage_mv=4091 charging=0 vbus=1
[20:35:58] TINYDRAW_POWER battery=100 voltage_mv=4089 charging=0 vbus=1
[20:36:01] TINYDRAW_POWER battery=100 voltage_mv=4092 charging=0 vbus=1
[20:36:03] TINYDRAW_POWER battery=100 voltage_mv=4091 charging=0 vbus=1
[20:36:04] TINYDRAW_POWER battery=100 voltage_mv=4090 charging=0 vbus=1
[20:36:05] TINYDRAW_POWER battery=100 voltage_mv=4091 charging=0 vbus=1
[20:36:07] TINYDRAW_POWER battery=100 voltage_mv=4092 charging=0 vbus=1
[20:36:08] TINYDRAW_POWER battery=100 voltage_mv=4090 charging=0 vbus=1
[20:36:10] TINYDRAW_POWER battery=100 voltage_mv=4092 charging=0 vbus=1
[20:36:11] TINYDRAW_POWER battery=100 voltage_mv=4093 charging=0 vbus=1
[20:36:12] TINYDRAW_POWER battery=100 voltage_mv=4091 charging=0 vbus=1
[20:36:13] TINYDRAW_POWER battery=100 voltage_mv=4092 charging=0 vbus=1
[20:36:14] TINYDRAW_POWER battery=100 voltage_mv=4089 charging=0 vbus=1
[20:36:15] TINYDRAW_POWER battery=100 voltage_mv=4092 charging=0 vbus=1
[20:36:16] TINYDRAW_POWER battery=100 voltage_mv=4091 charging=0 vbus=1
[20:36:19] TINYDRAW_POWER battery=100 voltage_mv=4090 charging=0 vbus=1
[20:36:20] TINYDRAW_POWER battery=100 voltage_mv=4092 charging=0 vbus=1
[20:36:21] TINYDRAW_POWER battery=100 voltage_mv=4093 charging=0 vbus=1
[20:36:22] TINYDRAW_POWER battery=100 voltage_mv=4091 charging=0 vbus=1
[20:36:23] TINYDRAW_POWER battery=100 voltage_mv=4090 charging=0 vbus=1
[20:36:24] TINYDRAW_POWER battery=100 voltage_mv=4091 charging=0 vbus=1
[20:36:26] TINYDRAW_POWER battery=100 voltage_mv=4090 charging=0 vbus=1
[20:36:27] TINYDRAW_POWER battery=100 voltage_mv=4093 charging=0 vbus=1
[20:36:28] TINYDRAW_POWER battery=100 voltage_mv=4091 charging=0 vbus=1
[20:36:29] TINYDRAW_POWER battery=100 voltage_mv=4092 charging=0 vbus=1
[20:36:30] TINYDRAW_POWER battery=100 voltage_mv=4089 charging=0 vbus=1
[20:36:31] TINYDRAW_POWER battery=100 voltage_mv=4094 charging=0 vbus=1
[20:36:32] TINYDRAW_POWER battery=100 voltage_mv=4090 charging=0 vbus=1
[20:36:33] TINYDRAW_POWER battery=100 voltage_mv=4087 charging=0 vbus=1
[20:36:34] TINYDRAW_POWER battery=100 voltage_mv=4092 charging=0 vbus=1
[20:36:35] TINYDRAW_POWER battery=100 voltage_mv=4091 charging=0 vbus=1
[20:36:36] TINYDRAW_POWER battery=100 voltage_mv=4090 charging=0 vbus=1
[20:36:37] TINYDRAW_POWER battery=100 voltage_mv=4091 charging=0 vbus=1
[20:36:38] TINYDRAW_POWER battery=100 voltage_mv=4092 charging=0 vbus=1
[20:36:39] TINYDRAW_POWER battery=100 voltage_mv=4091 charging=0 vbus=1
[20:36:40] TINYDRAW_POWER battery=100 voltage_mv=4093 charging=0 vbus=1
[20:36:42] TINYDRAW_POWER battery=100 voltage_mv=4092 charging=0 vbus=1
[20:36:43] TINYDRAW_POWER battery=100 voltage_mv=4089 charging=0 vbus=1
[20:36:44] TINYDRAW_POWER battery=100 voltage_mv=4091 charging=0 vbus=1
[20:36:46] TINYDRAW_POWER battery=100 voltage_mv=4089 charging=0 vbus=1
[20:36:48] TINYDRAW_POWER battery=100 voltage_mv=4090 charging=0 vbus=1
[20:36:49] TINYDRAW_POWER battery=100 voltage_mv=4089 charging=0 vbus=1
[20:36:50] TINYDRAW_POWER battery=100 voltage_mv=4090 charging=0 vbus=1
[20:36:51] TINYDRAW_POWER battery=100 voltage_mv=4091 charging=0 vbus=1
[20:36:52] TINYDRAW_POWER battery=100 voltage_mv=4090 charging=0 vbus=1
[20:36:53] TINYDRAW_POWER battery=100 voltage_mv=4089 charging=0 vbus=1
[20:36:54] TINYDRAW_POWER battery=100 voltage_mv=4092 charging=0 vbus=1
[20:36:55] TINYDRAW_POWER battery=100 voltage_mv=4091 charging=0 vbus=1
[20:36:56] TINYDRAW_POWER battery=100 voltage_mv=4089 charging=0 vbus=1
[20:36:57] TINYDRAW_POWER battery=100 voltage_mv=4091 charging=0 vbus=1
[20:36:58] TINYDRAW_POWER battery=100 voltage_mv=4093 charging=0 vbus=1
[20:36:59] TINYDRAW_POWER battery=100 voltage_mv=4091 charging=0 vbus=1
[20:37:00] TINYDRAW_POWER battery=100 voltage_mv=4090 charging=0 vbus=1
[20:37:05] TINYDRAW_POWER battery=100 voltage_mv=4091 charging=0 vbus=1
[20:37:06] TINYDRAW_POWER battery=100 voltage_mv=4093 charging=0 vbus=1
[20:37:07] TINYDRAW_POWER battery=100 voltage_mv=4089 charging=0 vbus=1
[20:37:08] TINYDRAW_POWER battery=100 voltage_mv=4091 charging=0 vbus=1
[20:37:09] TINYDRAW_POWER battery=100 voltage_mv=4092 charging=0 vbus=1
[20:37:10] TINYDRAW_POWER battery=100 voltage_mv=4091 charging=0 vbus=1
[20:37:11] TINYDRAW_POWER battery=100 voltage_mv=4089 charging=0 vbus=1
[20:37:12] TINYDRAW_POWER battery=100 voltage_mv=4091 charging=0 vbus=1
[20:37:14] TINYDRAW_POWER battery=100 voltage_mv=4093 charging=0 vbus=1
[20:37:16] TINYDRAW_POWER battery=100 voltage_mv=4092 charging=0 vbus=1
[20:37:17] TINYDRAW_POWER battery=100 voltage_mv=4089 charging=0 vbus=1
[20:37:18] TINYDRAW_POWER battery=100 voltage_mv=4090 charging=0 vbus=1
[20:37:20] TINYDRAW_POWER battery=100 voltage_mv=4091 charging=0 vbus=1
[20:37:22] TINYDRAW_POWER battery=100 voltage_mv=4090 charging=0 vbus=1
[20:37:25] TINYDRAW_POWER battery=100 voltage_mv=4091 charging=0 vbus=1
[20:37:26] TINYDRAW_POWER battery=100 voltage_mv=4090 charging=0 vbus=1
[20:37:27] TINYDRAW_POWER battery=100 voltage_mv=4091 charging=0 vbus=1
[20:37:29] TINYDRAW_POWER battery=100 voltage_mv=4089 charging=0 vbus=1
[20:37:30] TINYDRAW_POWER battery=100 voltage_mv=4091 charging=0 vbus=1
[20:37:32] TINYDRAW_POWER battery=100 voltage_mv=4090 charging=0 vbus=1
[20:37:33] TINYDRAW_POWER battery=100 voltage_mv=4088 charging=0 vbus=1
[20:37:34] TINYDRAW_POWER battery=100 voltage_mv=4092 charging=0 vbus=1
[20:37:35] TINYDRAW_POWER battery=100 voltage_mv=4089 charging=0 vbus=1
[20:37:36] TINYDRAW_POWER battery=100 voltage_mv=4090 charging=0 vbus=1
[20:37:37] TINYDRAW_POWER battery=100 voltage_mv=4092 charging=0 vbus=1
[20:37:38] TINYDRAW_POWER battery=100 voltage_mv=4090 charging=0 vbus=1
[20:37:39] TINYDRAW_POWER battery=100 voltage_mv=4091 charging=0 vbus=1
[20:37:40] TINYDRAW_POWER battery=100 voltage_mv=4090 charging=0 vbus=1
[20:37:41] TINYDRAW_POWER battery=100 voltage_mv=4092 charging=0 vbus=1
[20:37:42] TINYDRAW_POWER battery=100 voltage_mv=4088 charging=0 vbus=1
[20:37:43] TINYDRAW_POWER battery=100 voltage_mv=4089 charging=0 vbus=1
[20:37:44] TINYDRAW_POWER battery=100 voltage_mv=4090 charging=0 vbus=1
[20:37:46] TINYDRAW_POWER battery=100 voltage_mv=4089 charging=0 vbus=1
[20:37:47] TINYDRAW_POWER battery=100 voltage_mv=4094 charging=0 vbus=1
[20:37:48] TINYDRAW_POWER battery=100 voltage_mv=4092 charging=0 vbus=1
[20:37:49] TINYDRAW_POWER battery=100 voltage_mv=4090 charging=0 vbus=1
[20:37:50] TINYDRAW_POWER battery=100 voltage_mv=4088 charging=0 vbus=1
[20:37:51] TINYDRAW_POWER battery=100 voltage_mv=4091 charging=0 vbus=1
[20:37:52] TINYDRAW_POWER battery=100 voltage_mv=4089 charging=0 vbus=1
[20:37:53] TINYDRAW_POWER battery=100 voltage_mv=4091 charging=0 vbus=1
[20:37:54] TINYDRAW_POWER battery=100 voltage_mv=4089 charging=0 vbus=1
[20:37:55] TINYDRAW_POWER battery=100 voltage_mv=4090 charging=0 vbus=1
[20:37:56] TINYDRAW_POWER battery=100 voltage_mv=4091 charging=0 vbus=1
[20:37:57] TINYDRAW_POWER battery=100 voltage_mv=4089 charging=0 vbus=1
[20:37:58] TINYDRAW_POWER battery=100 voltage_mv=4091 charging=0 vbus=1
[20:37:59] TINYDRAW_POWER battery=100 voltage_mv=4088 charging=0 vbus=1
[20:38:00] TINYDRAW_POWER battery=100 voltage_mv=4092 charging=0 vbus=1
[20:38:02] TINYDRAW_POWER battery=100 voltage_mv=4094 charging=0 vbus=1
[20:38:03] TINYDRAW_POWER battery=100 voltage_mv=4089 charging=0 vbus=1
[20:38:04] TINYDRAW_POWER battery=100 voltage_mv=4092 charging=0 vbus=1
[20:38:05] TINYDRAW_POWER battery=100 voltage_mv=4088 charging=0 vbus=1
[20:38:06] TINYDRAW_POWER battery=100 voltage_mv=4091 charging=0 vbus=1
[20:38:07] TINYDRAW_POWER battery=100 voltage_mv=4090 charging=0 vbus=1
[20:38:09] TINYDRAW_POWER battery=100 voltage_mv=4087 charging=0 vbus=1
[20:38:10] TINYDRAW_POWER battery=100 voltage_mv=4093 charging=0 vbus=1
[20:38:11] TINYDRAW_POWER battery=100 voltage_mv=4091 charging=0 vbus=1
[20:38:13] TINYDRAW_POWER battery=100 voltage_mv=4093 charging=0 vbus=1
[20:38:14] TINYDRAW_POWER battery=100 voltage_mv=4091 charging=0 vbus=1
[20:38:15] TINYDRAW_POWER battery=100 voltage_mv=4090 charging=0 vbus=1
[20:38:16] TINYDRAW_POWER battery=100 voltage_mv=4094 charging=0 vbus=1
[20:38:17] TINYDRAW_POWER battery=100 voltage_mv=4089 charging=0 vbus=1
[20:38:18] TINYDRAW_POWER battery=100 voltage_mv=4088 charging=0 vbus=1
[20:38:19] TINYDRAW_POWER battery=100 voltage_mv=4089 charging=0 vbus=1
[20:38:20] TINYDRAW_POWER battery=100 voltage_mv=4090 charging=0 vbus=1
[20:38:21] TINYDRAW_POWER battery=100 voltage_mv=4092 charging=0 vbus=1
[20:38:22] TINYDRAW_POWER battery=100 voltage_mv=4094 charging=0 vbus=1
[20:38:23] TINYDRAW_POWER battery=100 voltage_mv=4092 charging=0 vbus=1
[20:38:24] TINYDRAW_POWER battery=100 voltage_mv=4090 charging=0 vbus=1
[20:38:25] TINYDRAW_POWER battery=100 voltage_mv=4091 charging=0 vbus=1
[20:38:26] TINYDRAW_POWER battery=100 voltage_mv=4090 charging=0 vbus=1
[20:38:28] TINYDRAW_POWER battery=99 voltage_mv=4091 charging=0 vbus=1
[20:38:29] TINYDRAW_POWER battery=100 voltage_mv=4089 charging=0 vbus=1
[20:38:30] TINYDRAW_POWER battery=100 voltage_mv=4092 charging=0 vbus=1
[20:38:31] TINYDRAW_POWER battery=100 voltage_mv=4091 charging=0 vbus=1
[20:38:32] TINYDRAW_POWER battery=100 voltage_mv=4090 charging=0 vbus=1
[20:38:33] TINYDRAW_POWER battery=100 voltage_mv=4092 charging=0 vbus=1
[20:38:34] TINYDRAW_POWER battery=100 voltage_mv=4090 charging=0 vbus=1
[20:38:35] TINYDRAW_POWER battery=100 voltage_mv=4089 charging=0 vbus=1
[20:38:36] TINYDRAW_POWER battery=100 voltage_mv=4091 charging=0 vbus=1
[20:38:38] TINYDRAW_POWER battery=100 voltage_mv=4092 charging=0 vbus=1
[20:38:39] TINYDRAW_POWER battery=100 voltage_mv=4089 charging=0 vbus=1
[20:38:40] TINYDRAW_POWER battery=100 voltage_mv=4091 charging=0 vbus=1
[20:38:41] TINYDRAW_POWER battery=100 voltage_mv=4090 charging=0 vbus=1
[20:38:43] TINYDRAW_POWER battery=100 voltage_mv=4092 charging=0 vbus=1
[20:38:44] TINYDRAW_POWER battery=100 voltage_mv=4091 charging=0 vbus=1
[20:38:45] TINYDRAW_POWER battery=100 voltage_mv=4090 charging=0 vbus=1
[20:38:46] TINYDRAW_POWER battery=100 voltage_mv=4092 charging=0 vbus=1
[20:38:47] TINYDRAW_POWER battery=100 voltage_mv=4091 charging=0 vbus=1
[20:38:49] TINYDRAW_POWER battery=100 voltage_mv=4089 charging=0 vbus=1
[20:38:50] TINYDRAW_POWER battery=100 voltage_mv=4088 charging=0 vbus=1
[20:38:51] TINYDRAW_POWER battery=100 voltage_mv=4090 charging=0 vbus=1
[20:38:52] TINYDRAW_POWER battery=100 voltage_mv=4091 charging=0 vbus=1
[20:38:53] TINYDRAW_POWER battery=100 voltage_mv=4092 charging=0 vbus=1
[20:38:54] TINYDRAW_POWER battery=100 voltage_mv=4089 charging=0 vbus=1
[20:38:55] TINYDRAW_POWER battery=100 voltage_mv=4090 charging=0 vbus=1
[20:38:58] TINYDRAW_POWER battery=100 voltage_mv=4091 charging=0 vbus=1
[20:38:59] TINYDRAW_POWER battery=100 voltage_mv=4092 charging=0 vbus=1
[20:39:01] TINYDRAW_POWER battery=100 voltage_mv=4091 charging=0 vbus=1
[20:39:02] TINYDRAW_POWER battery=100 voltage_mv=4089 charging=0 vbus=1
[20:39:03] TINYDRAW_POWER battery=100 voltage_mv=4090 charging=0 vbus=1
[20:39:04] TINYDRAW_POWER battery=100 voltage_mv=4091 charging=0 vbus=1
[20:39:05] TINYDRAW_POWER battery=100 voltage_mv=4090 charging=0 vbus=1
[20:39:06] TINYDRAW_POWER battery=100 voltage_mv=4092 charging=0 vbus=1
[20:39:07] TINYDRAW_POWER battery=100 voltage_mv=4093 charging=0 vbus=1
[20:39:08] TINYDRAW_POWER battery=100 voltage_mv=4091 charging=0 vbus=1
[20:39:09] TINYDRAW_POWER battery=100 voltage_mv=4090 charging=0 vbus=1
[20:39:10] TINYDRAW_POWER battery=100 voltage_mv=4093 charging=0 vbus=1
[20:39:11] TINYDRAW_POWER battery=100 voltage_mv=4089 charging=0 vbus=1
[20:39:12] TINYDRAW_POWER battery=100 voltage_mv=4092 charging=0 vbus=1
[20:39:13] TINYDRAW_POWER battery=100 voltage_mv=4091 charging=0 vbus=1
[20:39:15] TINYDRAW_POWER battery=100 voltage_mv=4090 charging=0 vbus=1
[20:39:16] TINYDRAW_POWER battery=100 voltage_mv=4092 charging=0 vbus=1
[20:39:17] TINYDRAW_POWER battery=100 voltage_mv=4091 charging=0 vbus=1
[20:39:18] TINYDRAW_POWER battery=100 voltage_mv=4090 charging=0 vbus=1
[20:39:19] TINYDRAW_POWER battery=100 voltage_mv=4091 charging=0 vbus=1
[20:39:21] TINYDRAW_POWER battery=100 voltage_mv=4090 charging=0 vbus=1
[20:39:22] TINYDRAW_POWER battery=100 voltage_mv=4091 charging=0 vbus=1
[20:39:23] TINYDRAW_POWER battery=100 voltage_mv=4090 charging=0 vbus=1
[20:39:24] TINYDRAW_POWER battery=100 voltage_mv=4093 charging=0 vbus=1
[20:39:25] TINYDRAW_POWER battery=100 voltage_mv=4091 charging=0 vbus=1
[20:39:26] TINYDRAW_POWER battery=100 voltage_mv=4093 charging=0 vbus=1
[20:39:27] TINYDRAW_POWER battery=100 voltage_mv=4091 charging=0 vbus=1
[20:39:28] TINYDRAW_POWER battery=100 voltage_mv=4089 charging=0 vbus=1
[20:39:29] TINYDRAW_POWER battery=100 voltage_mv=4091 charging=0 vbus=1
[20:39:31] TINYDRAW_POWER battery=100 voltage_mv=4089 charging=0 vbus=1
[20:39:32] TINYDRAW_POWER battery=100 voltage_mv=4091 charging=0 vbus=1
[20:39:33] TINYDRAW_POWER battery=100 voltage_mv=4092 charging=0 vbus=1
[20:39:34] TINYDRAW_POWER battery=100 voltage_mv=4091 charging=0 vbus=1
[20:39:35] TINYDRAW_POWER battery=100 voltage_mv=4090 charging=0 vbus=1
[20:39:36] TINYDRAW_POWER battery=100 voltage_mv=4092 charging=0 vbus=1
[20:39:37] TINYDRAW_POWER battery=100 voltage_mv=4089 charging=0 vbus=1
[20:39:38] TINYDRAW_POWER battery=100 voltage_mv=4092 charging=0 vbus=1
[20:39:39] TINYDRAW_POWER battery=100 voltage_mv=4090 charging=0 vbus=1
[20:39:41] TINYDRAW_POWER battery=100 voltage_mv=4092 charging=0 vbus=1
[20:39:44] TINYDRAW_POWER battery=100 voltage_mv=4091 charging=0 vbus=1
[20:39:46] TINYDRAW_POWER battery=100 voltage_mv=4090 charging=0 vbus=1
[20:39:49] TINYDRAW_POWER battery=100 voltage_mv=4092 charging=0 vbus=1
[20:39:50] TINYDRAW_POWER battery=100 voltage_mv=4090 charging=0 vbus=1
[20:39:51] TINYDRAW_POWER battery=100 voltage_mv=4091 charging=0 vbus=1
[20:39:52] TINYDRAW_POWER battery=100 voltage_mv=4090 charging=0 vbus=1
[20:39:53] TINYDRAW_POWER battery=100 voltage_mv=4091 charging=0 vbus=1
[20:39:54] TINYDRAW_POWER battery=100 voltage_mv=4093 charging=0 vbus=1
[20:39:55] TINYDRAW_POWER battery=100 voltage_mv=4092 charging=0 vbus=1
[20:39:56] TINYDRAW_POWER battery=100 voltage_mv=4091 charging=0 vbus=1
[20:39:57] TINYDRAW_POWER battery=100 voltage_mv=4090 charging=0 vbus=1
[20:40:01] TINYDRAW_POWER battery=100 voltage_mv=4091 charging=0 vbus=1
[20:40:02] TINYDRAW_POWER battery=100 voltage_mv=4090 charging=0 vbus=1
[20:40:03] TINYDRAW_POWER battery=100 voltage_mv=4089 charging=0 vbus=1
[20:40:04] TINYDRAW_POWER battery=100 voltage_mv=4090 charging=0 vbus=1
[20:40:06] TINYDRAW_POWER battery=100 voltage_mv=4088 charging=0 vbus=1
[20:40:07] TINYDRAW_POWER battery=100 voltage_mv=4091 charging=0 vbus=1
[20:40:08] TINYDRAW_POWER battery=100 voltage_mv=4093 charging=0 vbus=1
[20:40:09] TINYDRAW_POWER battery=100 voltage_mv=4092 charging=0 vbus=1
[20:40:10] TINYDRAW_POWER battery=100 voltage_mv=4090 charging=0 vbus=1
[20:40:11] TINYDRAW_POWER battery=100 voltage_mv=4093 charging=0 vbus=1
[20:40:12] TINYDRAW_POWER battery=100 voltage_mv=4092 charging=0 vbus=1
[20:40:14] TINYDRAW_POWER battery=100 voltage_mv=4091 charging=0 vbus=1
[20:40:15] TINYDRAW_POWER battery=100 voltage_mv=4093 charging=0 vbus=1
[20:40:16] TINYDRAW_POWER battery=100 voltage_mv=4091 charging=0 vbus=1
[20:40:17] TINYDRAW_POWER battery=100 voltage_mv=4092 charging=0 vbus=1
[20:40:18] TINYDRAW_POWER battery=100 voltage_mv=4089 charging=0 vbus=1
[20:40:19] TINYDRAW_POWER battery=100 voltage_mv=4090 charging=0 vbus=1
[20:40:21] TINYDRAW_POWER battery=100 voltage_mv=4094 charging=0 vbus=1
[20:40:22] TINYDRAW_POWER battery=100 voltage_mv=4092 charging=0 vbus=1
[20:40:24] TINYDRAW_POWER battery=100 voltage_mv=4091 charging=0 vbus=1
[20:40:25] TINYDRAW_POWER battery=100 voltage_mv=4090 charging=0 vbus=1
[20:40:26] TINYDRAW_POWER battery=100 voltage_mv=4093 charging=0 vbus=1
[20:40:27] TINYDRAW_POWER battery=100 voltage_mv=4088 charging=0 vbus=1
[20:40:28] TINYDRAW_POWER battery=100 voltage_mv=4091 charging=0 vbus=1
[20:40:30] TINYDRAW_POWER battery=100 voltage_mv=4089 charging=0 vbus=1
[20:40:31] TINYDRAW_POWER battery=100 voltage_mv=4090 charging=0 vbus=1
[20:40:32] TINYDRAW_POWER battery=100 voltage_mv=4093 charging=0 vbus=1
[20:40:33] TINYDRAW_POWER battery=100 voltage_mv=4092 charging=0 vbus=1
[20:40:34] TINYDRAW_POWER battery=100 voltage_mv=4091 charging=0 vbus=1
[20:40:35] TINYDRAW_POWER battery=100 voltage_mv=4092 charging=0 vbus=1
[20:40:36] TINYDRAW_POWER battery=100 voltage_mv=4093 charging=0 vbus=1
[20:40:37] TINYDRAW_POWER battery=100 voltage_mv=4090 charging=0 vbus=1
[20:40:38] TINYDRAW_POWER battery=100 voltage_mv=4094 charging=0 vbus=1
[20:40:39] TINYDRAW_POWER battery=100 voltage_mv=4091 charging=0 vbus=1
[20:40:40] TINYDRAW_POWER battery=100 voltage_mv=4094 charging=0 vbus=1
[20:40:41] TINYDRAW_POWER battery=100 voltage_mv=4091 charging=0 vbus=1
[20:40:45] TINYDRAW_POWER battery=100 voltage_mv=4090 charging=0 vbus=1
[20:40:47] TINYDRAW_POWER battery=100 voltage_mv=4092 charging=0 vbus=1
[20:40:48] TINYDRAW_POWER battery=100 voltage_mv=4091 charging=0 vbus=1
[20:40:49] TINYDRAW_POWER battery=100 voltage_mv=4092 charging=0 vbus=1
[20:40:52] TINYDRAW_POWER battery=100 voltage_mv=4090 charging=0 vbus=1
[20:40:53] TINYDRAW_POWER battery=100 voltage_mv=4091 charging=0 vbus=1
[20:40:55] TINYDRAW_POWER battery=100 voltage_mv=4090 charging=0 vbus=1
[20:40:57] TINYDRAW_POWER battery=100 voltage_mv=4089 charging=0 vbus=1
[20:40:58] TINYDRAW_POWER battery=100 voltage_mv=4093 charging=0 vbus=1
[20:41:00] TINYDRAW_POWER battery=100 voltage_mv=4090 charging=0 vbus=1
[20:41:01] TINYDRAW_POWER battery=100 voltage_mv=4092 charging=0 vbus=1
[20:41:02] TINYDRAW_POWER battery=100 voltage_mv=4089 charging=0 vbus=1
[20:41:03] TINYDRAW_POWER battery=100 voltage_mv=4092 charging=0 vbus=1
[20:41:04] TINYDRAW_POWER battery=100 voltage_mv=4093 charging=0 vbus=1
[20:41:05] TINYDRAW_POWER battery=100 voltage_mv=4091 charging=0 vbus=1
[20:41:06] TINYDRAW_POWER battery=100 voltage_mv=4093 charging=0 vbus=1
[20:41:07] TINYDRAW_POWER battery=100 voltage_mv=4090 charging=0 vbus=1
[20:41:08] TINYDRAW_POWER battery=100 voltage_mv=4089 charging=0 vbus=1
[20:41:09] TINYDRAW_POWER battery=100 voltage_mv=4092 charging=0 vbus=1
[20:41:10] TINYDRAW_POWER battery=100 voltage_mv=4091 charging=0 vbus=1
[20:41:11] TINYDRAW_POWER battery=100 voltage_mv=4090 charging=0 vbus=1
[20:41:12] TINYDRAW_POWER battery=100 voltage_mv=4094 charging=0 vbus=1
[20:41:13] TINYDRAW_POWER battery=100 voltage_mv=4091 charging=0 vbus=1
[20:41:14] ESP-ROM:esp32s3-20210327
[20:41:14] Build:Mar 27 2021
[20:41:14] rst:0x15 (USB_UART_CHIP_RESET),boot:0x23 (DOWNLOAD(USB/UART0))
[20:41:14] Saved PC:0x4037b802
[20:41:14] waiting for download
