2026-08-17 12:28:29 - 12 - 08 - INFO - Using selected IDF version: v6.0.2
Added environment variable ESP_IDF_VERSION = 6.0
Added environment variable IDF_VERSION = 6.0.2
Added environment variable IDF_TOOLS_PATH = $HOME/.espressif/tools
Added environment variable IDF_COMPONENT_LOCAL_STORAGE_URL = file://$HOME/.espressif/tools
Added environment variable IDF_PATH = $HOME/.espressif/v6.0.2/esp-idf
Added environment variable ESP_ROM_ELF_DIR = $HOME/.espressif/tools/esp-rom-elfs/20241011/
Added environment variable OPENOCD_SCRIPTS = $HOME/.espressif/tools/openocd-esp32/v0.12.0-esp32-20260424/openocd-esp32/share/openocd/scripts
Added environment variable IDF_PYTHON_ENV_PATH = $HOME/.espressif/tools/python/v6.0.2/venv
Added environment variable ESP_CLANG_LIBS_PATH = $HOME/.espressif/tools/esp-clang-libs/esp-20.1.1_20250829/esp-clang/lib
Added proper directory to PATH
Activated virtual environment at $HOME/.espressif/tools/python/v6.0.2/venv
Environment setup complete for the current shell session.
These changes will be lost when you close this terminal.
You are now using IDF version 6.0.2.
eim select v6.0.2
Executing action: all (aliases: build)
Running cmake in directory out/build/esp32-vector-v2
Executing "cmake -G Ninja -B out/build/esp32-vector-v2 -DPYTHON_DEPS_CHECKED=1 -DPYTHON=$HOME/.espressif/tools/python/v6.0.2/venv/bin/python -DESP_PLATFORM=1 -DTINYDRAW_QEMU=OFF -DTINYDRAW_VECTOR_BENCHMARK=OFF -DTINYDRAW_PHASE2_PROTOTYPE=OFF -DTINYDRAW_RASTER_PAN_BENCHMARK=OFF -DTINYDRAW_INTERACTIVE_PAN_BENCHMARK=OFF -DTINYDRAW_VECTOR_V2_MEMORY_PROBE=OFF -DTINYDRAW_VECTOR_V2_OVERVIEW_WALK=OFF -DTINYDRAW_VECTOR_V2_APP=ON -DTINYDRAW_VECTOR_V2_GATE_HARNESS=OFF -DTINYDRAW_VECTOR_V2_TILE_CENSUS=OFF -DCCACHE_ENABLE=False esp32"...
-- Vector V2 presentation experiment=boundary-top-sweep, TE edge=rising
-- Found Git: /usr/bin/git (found version "2.54.0 (Apple Git-156)")
-- Component directory $HOME/.espressif/v6.0.2/esp-idf/components/mqtt does not contain a CMakeLists.txt file. No component will be added
-- Minimal build - ON
-- The C compiler identification is GNU 15.2.0
-- The CXX compiler identification is GNU 15.2.0
-- The ASM compiler identification is GNU
-- Found assembler: $HOME/.espressif/tools/xtensa-esp-elf/esp-15.2.0_20251204/xtensa-esp-elf/bin/xtensa-esp32s3-elf-gcc
-- Detecting C compiler ABI info
-- Detecting C compiler ABI info - done
-- Check for working C compiler: $HOME/.espressif/tools/xtensa-esp-elf/esp-15.2.0_20251204/xtensa-esp-elf/bin/xtensa-esp32s3-elf-gcc - skipped
-- Detecting C compile features
-- Detecting C compile features - done
-- Detecting CXX compiler ABI info
-- Detecting CXX compiler ABI info - done
-- Check for working CXX compiler: $HOME/.espressif/tools/xtensa-esp-elf/esp-15.2.0_20251204/xtensa-esp-elf/bin/xtensa-esp32s3-elf-g++ - skipped
-- Detecting CXX compile features
-- Detecting CXX compile features - done
-- Building ESP-IDF components for target esp32s3
NOTICE: 
Following dependencies have new versions available:
Dependency "espressif/esp_lcd_touch_cst816s": "1.1.1~2" -> "1.1.2"
Consider running "idf.py update-dependencies" to update your lock file.
NOTICE: Processing 8 dependencies:
NOTICE: [1/8] espressif/cmake_utilities (0.5.3)
NOTICE: [2/8] espressif/esp_lcd_co5300 (2.1.0)
NOTICE: [3/8] espressif/esp_lcd_qemu_rgb (1.0.2)
NOTICE: [4/8] espressif/esp_lcd_touch (1.2.1)
NOTICE: [5/8] espressif/esp_lcd_touch_cst816s (1.1.1~2)
NOTICE: [6/8] espressif/tinyusb (0.21.0~1)
NOTICE: [7/8] waveshare/pcf85063a (2.0.0)
NOTICE: [8/8] idf (6.0.2)
-- ESP-TEE is currently supported only on the esp32c6;esp32h2;esp32c5;esp32c61 SoCs
-- KCONFIG_REPORT_VERBOSITY not set, using default
-- Project sdkconfig file out/build/esp32-vector-v2/sdkconfig
Loading defaults file esp32/sdkconfig.defaults...
NOTE: Kconfig parser version: 1
NOTE: Kconfig defaults policy: use sdkconfig
NOTE: Status: Finished successfully
-- Compiler supported targets: xtensa-esp-elf
-- Detecting C compiler ABI info
-- Detecting C compiler ABI info - done
-- Detecting CXX compiler ABI info
-- Detecting CXX compiler ABI info - done
-- Detecting C compiler ABI info
-- Detecting C compiler ABI info - done
-- Detecting CXX compiler ABI info
-- Detecting CXX compiler ABI info - done
-- App "tinydraw_esp32" version: c404456
-- Found Python3: $HOME/.espressif/tools/python/v6.0.2/venv/bin/python (found version "3.14.6") found components: Interpreter
-- Performing Test CMAKE_HAVE_LIBC_PTHREAD
-- Performing Test CMAKE_HAVE_LIBC_PTHREAD - Success
-- Found Threads: TRUE
-- Performing Test C_COMPILER_SUPPORTS_WFORMAT_SIGNEDNESS
-- Performing Test C_COMPILER_SUPPORTS_WFORMAT_SIGNEDNESS - Success
-- Setting up mbedtls configuration
-- Linkage type is PUBLIC
-- Adding linker script $HOME/.espressif/v6.0.2/esp-idf/components/esp_hal_wdt/esp32s3/rom.wdt.ld
-- Adding linker script $HOME/.espressif/v6.0.2/esp-idf/components/esp_system/ld/esp32s3/memory.ld.in
--   -> Preprocessing .in script: $HOME/.espressif/v6.0.2/esp-idf/components/esp_system/ld/esp32s3/memory.ld.in
-- Adding linker script $HOME/.espressif/v6.0.2/esp-idf/components/esp_system/ld/esp32s3/sections.ld.in
--   -> Preprocessing .in script: $HOME/.espressif/v6.0.2/esp-idf/components/esp_system/ld/esp32s3/sections.ld.in
--   -> Applying ldgen processing: out/build/esp32-vector-v2/esp-idf/esp_system/ld/sections.ld.in
-- Adding linker script $HOME/.espressif/v6.0.2/esp-idf/components/esp_rom/esp32s3/ld/esp32s3.rom.ld
-- Adding linker script $HOME/.espressif/v6.0.2/esp-idf/components/esp_rom/esp32s3/ld/esp32s3.rom.api.ld
-- Adding linker script $HOME/.espressif/v6.0.2/esp-idf/components/esp_rom/esp32s3/ld/esp32s3.rom.bt_funcs.ld
-- Adding linker script $HOME/.espressif/v6.0.2/esp-idf/components/esp_rom/esp32s3/ld/esp32s3.rom.libgcc.ld
-- Adding linker script $HOME/.espressif/v6.0.2/esp-idf/components/esp_rom/esp32s3/ld/esp32s3.rom.version.ld
-- Adding linker script $HOME/.espressif/v6.0.2/esp-idf/components/esp_rom/esp32s3/ld/esp32s3.rom.ble_master.ld
-- Adding linker script $HOME/.espressif/v6.0.2/esp-idf/components/esp_rom/esp32s3/ld/esp32s3.rom.ble_50.ld
-- Adding linker script $HOME/.espressif/v6.0.2/esp-idf/components/esp_rom/esp32s3/ld/esp32s3.rom.ble_smp.ld
-- Adding linker script $HOME/.espressif/v6.0.2/esp-idf/components/esp_rom/esp32s3/ld/esp32s3.rom.ble_dtm.ld
-- Adding linker script $HOME/.espressif/v6.0.2/esp-idf/components/esp_rom/esp32s3/ld/esp32s3.rom.ble_test.ld
-- Adding linker script $HOME/.espressif/v6.0.2/esp-idf/components/esp_rom/esp32s3/ld/esp32s3.rom.ble_scan.ld
-- Adding linker script $HOME/.espressif/v6.0.2/esp-idf/components/esp_rom/esp32s3/ld/esp32s3.rom.libc.ld
-- Adding linker script $HOME/.espressif/v6.0.2/esp-idf/components/soc/esp32s3/ld/esp32s3.peripherals.ld
-- ESP_LCD_CO5300: 2.1.0
-- TinyDraw panel experiment=boundary-top-sweep, TE edge=rising, requested clock=50 MHz, effective clock=40 MHz
-- Components: app_update bootloader bootloader_support cxx driver efuse esp_app_format esp_blockdev esp_bootloader_format esp_coex esp_common esp_driver_bitscrambler esp_driver_dma esp_driver_gpio esp_driver_i2c esp_driver_i2s esp_driver_parlio esp_driver_spi esp_driver_uart esp_driver_usb_serial_jtag esp_event esp_hal_ana_conv esp_hal_clock esp_hal_dma esp_hal_gpio esp_hal_gpspi esp_hal_i2c esp_hal_i2s esp_hal_lcd esp_hal_mspi esp_hal_parlio esp_hal_pmu esp_hal_rtc_timer esp_hal_security esp_hal_timg esp_hal_touch_sens esp_hal_twai esp_hal_uart esp_hal_usb esp_hal_wdt esp_hw_support esp_lcd esp_libc esp_mm esp_netif esp_netif_stack esp_partition esp_phy esp_pm esp_psram esp_ringbuf esp_rom esp_security esp_stdio esp_system esp_timer esp_usb_cdc_rom_console esp_wifi espcoredump espressif__cmake_utilities espressif__esp_lcd_co5300 espressif__esp_lcd_qemu_rgb espressif__esp_lcd_touch espressif__esp_lcd_touch_cst816s espressif__tinyusb esptool_py freertos hal heap log lwip main mbedtls nvs_flash nvs_sec_provider partition_table pthread soc spi_flash vfs waveshare__pcf85063a wpa_supplicant xtensa
-- Component paths: $HOME/.espressif/v6.0.2/esp-idf/components/app_update $HOME/.espressif/v6.0.2/esp-idf/components/bootloader $HOME/.espressif/v6.0.2/esp-idf/components/bootloader_support $HOME/.espressif/v6.0.2/esp-idf/components/cxx $HOME/.espressif/v6.0.2/esp-idf/components/driver $HOME/.espressif/v6.0.2/esp-idf/components/efuse $HOME/.espressif/v6.0.2/esp-idf/components/esp_app_format $HOME/.espressif/v6.0.2/esp-idf/components/esp_blockdev $HOME/.espressif/v6.0.2/esp-idf/components/esp_bootloader_format $HOME/.espressif/v6.0.2/esp-idf/components/esp_coex $HOME/.espressif/v6.0.2/esp-idf/components/esp_common $HOME/.espressif/v6.0.2/esp-idf/components/esp_driver_bitscrambler $HOME/.espressif/v6.0.2/esp-idf/components/esp_driver_dma $HOME/.espressif/v6.0.2/esp-idf/components/esp_driver_gpio $HOME/.espressif/v6.0.2/esp-idf/components/esp_driver_i2c $HOME/.espressif/v6.0.2/esp-idf/components/esp_driver_i2s $HOME/.espressif/v6.0.2/esp-idf/components/esp_driver_parlio $HOME/.espressif/v6.0.2/esp-idf/components/esp_driver_spi $HOME/.espressif/v6.0.2/esp-idf/components/esp_driver_uart $HOME/.espressif/v6.0.2/esp-idf/components/esp_driver_usb_serial_jtag $HOME/.espressif/v6.0.2/esp-idf/components/esp_event $HOME/.espressif/v6.0.2/esp-idf/components/esp_hal_ana_conv $HOME/.espressif/v6.0.2/esp-idf/components/esp_hal_clock $HOME/.espressif/v6.0.2/esp-idf/components/esp_hal_dma $HOME/.espressif/v6.0.2/esp-idf/components/esp_hal_gpio $HOME/.espressif/v6.0.2/esp-idf/components/esp_hal_gpspi $HOME/.espressif/v6.0.2/esp-idf/components/esp_hal_i2c $HOME/.espressif/v6.0.2/esp-idf/components/esp_hal_i2s $HOME/.espressif/v6.0.2/esp-idf/components/esp_hal_lcd $HOME/.espressif/v6.0.2/esp-idf/components/esp_hal_mspi $HOME/.espressif/v6.0.2/esp-idf/components/esp_hal_parlio $HOME/.espressif/v6.0.2/esp-idf/components/esp_hal_pmu $HOME/.espressif/v6.0.2/esp-idf/components/esp_hal_rtc_timer $HOME/.espressif/v6.0.2/esp-idf/components/esp_hal_security $HOME/.espressif/v6.0.2/esp-idf/components/esp_hal_timg $HOME/.espressif/v6.0.2/esp-idf/components/esp_hal_touch_sens $HOME/.espressif/v6.0.2/esp-idf/components/esp_hal_twai $HOME/.espressif/v6.0.2/esp-idf/components/esp_hal_uart $HOME/.espressif/v6.0.2/esp-idf/components/esp_hal_usb $HOME/.espressif/v6.0.2/esp-idf/components/esp_hal_wdt $HOME/.espressif/v6.0.2/esp-idf/components/esp_hw_support $HOME/.espressif/v6.0.2/esp-idf/components/esp_lcd $HOME/.espressif/v6.0.2/esp-idf/components/esp_libc $HOME/.espressif/v6.0.2/esp-idf/components/esp_mm $HOME/.espressif/v6.0.2/esp-idf/components/esp_netif $HOME/.espressif/v6.0.2/esp-idf/components/esp_netif_stack $HOME/.espressif/v6.0.2/esp-idf/components/esp_partition $HOME/.espressif/v6.0.2/esp-idf/components/esp_phy $HOME/.espressif/v6.0.2/esp-idf/components/esp_pm $HOME/.espressif/v6.0.2/esp-idf/components/esp_psram $HOME/.espressif/v6.0.2/esp-idf/components/esp_ringbuf $HOME/.espressif/v6.0.2/esp-idf/components/esp_rom $HOME/.espressif/v6.0.2/esp-idf/components/esp_security $HOME/.espressif/v6.0.2/esp-idf/components/esp_stdio $HOME/.espressif/v6.0.2/esp-idf/components/esp_system $HOME/.espressif/v6.0.2/esp-idf/components/esp_timer $HOME/.espressif/v6.0.2/esp-idf/components/esp_usb_cdc_rom_console $HOME/.espressif/v6.0.2/esp-idf/components/esp_wifi $HOME/.espressif/v6.0.2/esp-idf/components/espcoredump esp32/managed_components/espressif__cmake_utilities esp32/managed_components/espressif__esp_lcd_co5300 esp32/managed_components/espressif__esp_lcd_qemu_rgb esp32/managed_components/espressif__esp_lcd_touch esp32/managed_components/espressif__esp_lcd_touch_cst816s esp32/managed_components/espressif__tinyusb $HOME/.espressif/v6.0.2/esp-idf/components/esptool_py $HOME/.espressif/v6.0.2/esp-idf/components/freertos $HOME/.espressif/v6.0.2/esp-idf/components/hal $HOME/.espressif/v6.0.2/esp-idf/components/heap $HOME/.espressif/v6.0.2/esp-idf/components/log $HOME/.espressif/v6.0.2/esp-idf/components/lwip esp32/main $HOME/.espressif/v6.0.2/esp-idf/components/mbedtls $HOME/.espressif/v6.0.2/esp-idf/components/nvs_flash $HOME/.espressif/v6.0.2/esp-idf/components/nvs_sec_provider $HOME/.espressif/v6.0.2/esp-idf/components/partition_table $HOME/.espressif/v6.0.2/esp-idf/components/pthread $HOME/.espressif/v6.0.2/esp-idf/components/soc $HOME/.espressif/v6.0.2/esp-idf/components/spi_flash $HOME/.espressif/v6.0.2/esp-idf/components/vfs esp32/managed_components/waveshare__pcf85063a $HOME/.espressif/v6.0.2/esp-idf/components/wpa_supplicant $HOME/.espressif/v6.0.2/esp-idf/components/xtensa
-- Configuring done (10.6s)
-- Generating done (0.5s)
-- Build files have been written to: out/build/esp32-vector-v2
Running ninja in directory out/build/esp32-vector-v2
Executing "ninja all"...
[1/915] Generating project_elf_src_esp32s3.c
[2/915] Preprocessing linker script $HOME/.espressif/v6.0.2/esp-idf/components/esp_system/ld/esp32s3/memory.ld.in -> out/build/esp32-vector-v2/esp-idf/esp_system/ld/memory.ld
[3/915] Preprocessing linker script $HOME/.espressif/v6.0.2/esp-idf/components/esp_system/ld/esp32s3/sections.ld.in -> out/build/esp32-vector-v2/esp-idf/esp_system/ld/sections.ld.in
[4/915] Building C object esp-idf/esp_wifi/CMakeFiles/__idf_esp_wifi.dir/src/mesh_event.c.obj
[5/915] Building C object esp-idf/esp_wifi/CMakeFiles/__idf_esp_wifi.dir/regulatory/esp_wifi_regulatory.c.obj
[6/915] Building C object esp-idf/esp_wifi/CMakeFiles/__idf_esp_wifi.dir/src/wifi_default_ap.c.obj
[7/915] Building C object esp-idf/esp_wifi/CMakeFiles/__idf_esp_wifi.dir/src/lib_printf.c.obj
[8/915] Building C object esp-idf/esp_wifi/CMakeFiles/__idf_esp_wifi.dir/src/wifi_netif.c.obj
[9/915] Building C object esp-idf/esp_wifi/CMakeFiles/__idf_esp_wifi.dir/src/smartconfig.c.obj
[10/915] Building C object esp-idf/esp_coex/CMakeFiles/__idf_esp_coex.dir/src/coexist_debug_diagram.c.obj
[11/915] Building C object esp-idf/esp_coex/CMakeFiles/__idf_esp_coex.dir/esp32s3/esp_coex_adapter.c.obj
[12/915] Building C object esp-idf/esp_coex/CMakeFiles/__idf_esp_coex.dir/src/coexist_debug.c.obj
[13/915] Building C object esp-idf/esp_wifi/CMakeFiles/__idf_esp_wifi.dir/src/wifi_init.c.obj
[14/915] Generating ../../partition_table/partition-table.bin
Partition table binary generated. Contents:
*******************************************************************************
# ESP-IDF Partition Table
# Name, Type, SubType, Offset, Size, Flags
nvs,data,nvs,0x9000,24K,
phy_init,data,phy,0xf000,4K,
factory,app,factory,0x10000,1M,
drawing,data,64,0x110000,3M,
export,data,65,0x410000,5M,
coredump,data,coredump,0x910000,64K,
*******************************************************************************
[15/915] Building C object esp-idf/esp_wifi/CMakeFiles/__idf_esp_wifi.dir/src/smartconfig_ack.c.obj
[16/915] Building C object esp-idf/esp_wifi/CMakeFiles/__idf_esp_wifi.dir/esp32s3/esp_adapter.c.obj
[17/915] Building C object esp-idf/wpa_supplicant/CMakeFiles/__idf_wpa_supplicant.dir/port/os_xtensa.c.obj
[18/915] Building C object esp-idf/esp_wifi/CMakeFiles/__idf_esp_wifi.dir/src/wifi_default.c.obj
[19/915] Building C object esp-idf/wpa_supplicant/CMakeFiles/__idf_wpa_supplicant.dir/src/ap/comeback_token.c.obj
[20/915] Building C object esp-idf/wpa_supplicant/CMakeFiles/__idf_wpa_supplicant.dir/src/ap/ieee802_1x.c.obj
[21/915] Building C object esp-idf/wpa_supplicant/CMakeFiles/__idf_wpa_supplicant.dir/src/ap/sta_info.c.obj
[22/915] Linking C static library esp-idf/esp_wifi/libesp_wifi.a
[23/915] Building C object esp-idf/wpa_supplicant/CMakeFiles/__idf_wpa_supplicant.dir/src/ap/ap_config.c.obj
[24/915] Building C object esp-idf/wpa_supplicant/CMakeFiles/__idf_wpa_supplicant.dir/src/ap/pmksa_cache_auth.c.obj
[25/915] Building C object esp-idf/wpa_supplicant/CMakeFiles/__idf_wpa_supplicant.dir/src/common/dragonfly.c.obj
[26/915] Building C object esp-idf/wpa_supplicant/CMakeFiles/__idf_wpa_supplicant.dir/src/utils/bitfield.c.obj
[27/915] Building C object esp-idf/wpa_supplicant/CMakeFiles/__idf_wpa_supplicant.dir/src/ap/wpa_auth_ie.c.obj
[28/915] Building C object esp-idf/wpa_supplicant/CMakeFiles/__idf_wpa_supplicant.dir/src/crypto/sha256-kdf.c.obj
[29/915] Building C object esp-idf/wpa_supplicant/CMakeFiles/__idf_wpa_supplicant.dir/src/crypto/aes-siv.c.obj
[30/915] Building C object esp-idf/wpa_supplicant/CMakeFiles/__idf_wpa_supplicant.dir/src/crypto/crypto_ops.c.obj
[31/915] Building C object esp-idf/wpa_supplicant/CMakeFiles/__idf_wpa_supplicant.dir/src/ap/ieee802_11.c.obj
[32/915] Building C object esp-idf/wpa_supplicant/CMakeFiles/__idf_wpa_supplicant.dir/src/crypto/dh_group5.c.obj
[33/915] Building C object esp-idf/wpa_supplicant/CMakeFiles/__idf_wpa_supplicant.dir/src/crypto/dh_groups.c.obj
[34/915] Building C object esp-idf/wpa_supplicant/CMakeFiles/__idf_wpa_supplicant.dir/src/crypto/aes-gcm.c.obj
[35/915] Building C object esp-idf/wpa_supplicant/CMakeFiles/__idf_wpa_supplicant.dir/src/crypto/ccmp.c.obj
[36/915] Building C object esp-idf/wpa_supplicant/CMakeFiles/__idf_wpa_supplicant.dir/port/eloop.c.obj
[37/915] Building C object esp-idf/wpa_supplicant/CMakeFiles/__idf_wpa_supplicant.dir/src/crypto/sha256-tlsprf.c.obj
[38/915] Building C object esp-idf/wpa_supplicant/CMakeFiles/__idf_wpa_supplicant.dir/src/crypto/sha384-tlsprf.c.obj
[39/915] Building C object esp-idf/wpa_supplicant/CMakeFiles/__idf_wpa_supplicant.dir/src/crypto/ms_funcs.c.obj
[40/915] Building C object esp-idf/wpa_supplicant/CMakeFiles/__idf_wpa_supplicant.dir/src/crypto/sha256-prf.c.obj
[41/915] Building C object esp-idf/wpa_supplicant/CMakeFiles/__idf_wpa_supplicant.dir/src/crypto/sha1-prf.c.obj
[42/915] Building C object esp-idf/wpa_supplicant/CMakeFiles/__idf_wpa_supplicant.dir/src/crypto/sha1-tlsprf.c.obj
[43/915] Building C object esp-idf/wpa_supplicant/CMakeFiles/__idf_wpa_supplicant.dir/src/crypto/sha384-prf.c.obj
[44/915] Building C object esp-idf/wpa_supplicant/CMakeFiles/__idf_wpa_supplicant.dir/src/eap_common/eap_wsc_common.c.obj
[45/915] Building C object esp-idf/wpa_supplicant/CMakeFiles/__idf_wpa_supplicant.dir/src/eap_peer/chap.c.obj
[46/915] Building C object esp-idf/wpa_supplicant/CMakeFiles/__idf_wpa_supplicant.dir/src/crypto/sha1-tprf.c.obj
[47/915] Building C object esp-idf/wpa_supplicant/CMakeFiles/__idf_wpa_supplicant.dir/src/common/wpa_common.c.obj
[48/915] Building C object esp-idf/wpa_supplicant/CMakeFiles/__idf_wpa_supplicant.dir/src/eap_peer/eap_common.c.obj
[49/915] Building C object esp-idf/wpa_supplicant/CMakeFiles/__idf_wpa_supplicant.dir/src/common/ieee802_11_common.c.obj
[50/915] Building C object esp-idf/wpa_supplicant/CMakeFiles/__idf_wpa_supplicant.dir/src/eap_peer/eap_peap_common.c.obj
[51/915] Building C object esp-idf/wpa_supplicant/CMakeFiles/__idf_wpa_supplicant.dir/src/crypto/md4-internal.c.obj
[52/915] Building C object esp-idf/wpa_supplicant/CMakeFiles/__idf_wpa_supplicant.dir/src/eap_peer/eap_mschapv2.c.obj
[53/915] Building C object esp-idf/wpa_supplicant/CMakeFiles/__idf_wpa_supplicant.dir/src/eap_peer/eap_tls.c.obj
[54/915] Building C object esp-idf/wpa_supplicant/CMakeFiles/__idf_wpa_supplicant.dir/src/eap_peer/eap.c.obj
[55/915] Building C object esp-idf/wpa_supplicant/CMakeFiles/__idf_wpa_supplicant.dir/src/eap_peer/mschapv2.c.obj
[56/915] Building C object esp-idf/wpa_supplicant/CMakeFiles/__idf_wpa_supplicant.dir/src/common/sae.c.obj
[57/915] Building C object esp-idf/wpa_supplicant/CMakeFiles/__idf_wpa_supplicant.dir/src/eap_peer/eap_fast_common.c.obj
[58/915] Building C object esp-idf/wpa_supplicant/CMakeFiles/__idf_wpa_supplicant.dir/src/eap_peer/eap_tls_common.c.obj
[59/915] Building C object esp-idf/wpa_supplicant/CMakeFiles/__idf_wpa_supplicant.dir/src/utils/base64.c.obj
[60/915] Building C object esp-idf/wpa_supplicant/CMakeFiles/__idf_wpa_supplicant.dir/src/utils/ext_password.c.obj
[61/915] Building C object esp-idf/wpa_supplicant/CMakeFiles/__idf_wpa_supplicant.dir/src/utils/uuid.c.obj
[62/915] Building C object esp-idf/wpa_supplicant/CMakeFiles/__idf_wpa_supplicant.dir/src/rsn_supp/wpa_ie.c.obj
[63/915] Building C object esp-idf/wpa_supplicant/CMakeFiles/__idf_wpa_supplicant.dir/src/rsn_supp/pmksa_cache.c.obj
[64/915] Building C object esp-idf/wpa_supplicant/CMakeFiles/__idf_wpa_supplicant.dir/src/eap_peer/eap_peap.c.obj
[65/915] Building C object esp-idf/wpa_supplicant/CMakeFiles/__idf_wpa_supplicant.dir/src/eap_peer/eap_fast_pac.c.obj
[66/915] Building C object esp-idf/wpa_supplicant/CMakeFiles/__idf_wpa_supplicant.dir/src/utils/wpa_debug.c.obj
[67/915] Building C object esp-idf/wpa_supplicant/CMakeFiles/__idf_wpa_supplicant.dir/src/utils/wpabuf.c.obj
[68/915] Building C object esp-idf/wpa_supplicant/CMakeFiles/__idf_wpa_supplicant.dir/src/ap/wpa_auth.c.obj
[69/915] Building C object esp-idf/wpa_supplicant/CMakeFiles/__idf_wpa_supplicant.dir/src/wps/wps_attr_process.c.obj
[70/915] Building C object esp-idf/wpa_supplicant/CMakeFiles/__idf_wpa_supplicant.dir/src/utils/common.c.obj
[71/915] Building C object esp-idf/wpa_supplicant/CMakeFiles/__idf_wpa_supplicant.dir/src/wps/wps.c.obj
[72/915] Building C object esp-idf/wpa_supplicant/CMakeFiles/__idf_wpa_supplicant.dir/src/eap_peer/eap_ttls.c.obj
[73/915] Building C object esp-idf/wpa_supplicant/CMakeFiles/__idf_wpa_supplicant.dir/src/wps/wps_attr_build.c.obj
[74/915] Building C object esp-idf/wpa_supplicant/CMakeFiles/__idf_wpa_supplicant.dir/src/wps/wps_attr_parse.c.obj
[75/915] Building C object esp-idf/wpa_supplicant/CMakeFiles/__idf_wpa_supplicant.dir/esp_supplicant/src/esp_wpa2_api_port.c.obj
[76/915] Building C object esp-idf/wpa_supplicant/CMakeFiles/__idf_wpa_supplicant.dir/src/wps/wps_dev_attr.c.obj
[77/915] Building C object esp-idf/wpa_supplicant/CMakeFiles/__idf_wpa_supplicant.dir/src/wps/wps_common.c.obj
[78/915] Building C object esp-idf/wpa_supplicant/CMakeFiles/__idf_wpa_supplicant.dir/esp_supplicant/src/esp_wpas_glue.c.obj
[79/915] Building C object esp-idf/wpa_supplicant/CMakeFiles/__idf_wpa_supplicant.dir/esp_supplicant/src/esp_common.c.obj
[80/915] Building C object esp-idf/wpa_supplicant/CMakeFiles/__idf_wpa_supplicant.dir/esp_supplicant/src/esp_wpa_main.c.obj
[81/915] Building C object esp-idf/wpa_supplicant/CMakeFiles/__idf_wpa_supplicant.dir/esp_supplicant/src/esp_owe.c.obj
[82/915] Building C object esp-idf/wpa_supplicant/CMakeFiles/__idf_wpa_supplicant.dir/src/utils/json.c.obj
[83/915] Building C object esp-idf/wpa_supplicant/CMakeFiles/__idf_wpa_supplicant.dir/src/wps/wps_enrollee.c.obj
[84/915] Building C object esp-idf/wpa_supplicant/CMakeFiles/__idf_wpa_supplicant.dir/src/common/sae_pk.c.obj
[85/915] Building C object esp-idf/wpa_supplicant/CMakeFiles/__idf_wpa_supplicant.dir/esp_supplicant/src/esp_hostap.c.obj
[86/915] Building C object esp-idf/wpa_supplicant/CMakeFiles/__idf_wpa_supplicant.dir/src/eap_peer/eap_fast.c.obj
[87/915] Building C object esp-idf/wpa_supplicant/CMakeFiles/__idf_wpa_supplicant.dir/esp_supplicant/src/crypto/fastpsk.c.obj
[88/915] Building C object esp-idf/wpa_supplicant/CMakeFiles/__idf_wpa_supplicant.dir/src/crypto/rc4.c.obj
[89/915] Building C object esp-idf/wpa_supplicant/CMakeFiles/__idf_wpa_supplicant.dir/esp_supplicant/src/crypto/crypto_mbedtls-rsa.c.obj
[90/915] Building C object esp-idf/wpa_supplicant/CMakeFiles/__idf_wpa_supplicant.dir/esp_supplicant/src/esp_wpa3.c.obj
[91/915] Building C object esp-idf/wpa_supplicant/CMakeFiles/__idf_wpa_supplicant.dir/esp_supplicant/src/esp_eap_client.c.obj
[92/915] Building C object esp-idf/wpa_supplicant/CMakeFiles/__idf_wpa_supplicant.dir/src/rsn_supp/wpa.c.obj
[93/915] Building C object esp-idf/wpa_supplicant/CMakeFiles/__idf_wpa_supplicant.dir/src/crypto/aes-wrap.c.obj
[94/915] Building C object esp-idf/wpa_supplicant/CMakeFiles/__idf_wpa_supplicant.dir/esp_supplicant/src/crypto/tls_mbedtls.c.obj
[95/915] Linking C static library esp-idf/esp_coex/libesp_coex.a
[96/915] Building C object esp-idf/esp_phy/CMakeFiles/__idf_esp_phy.dir/src/lib_printf.c.obj
[97/915] Building C object esp-idf/wpa_supplicant/CMakeFiles/__idf_wpa_supplicant.dir/src/crypto/aes-unwrap.c.obj
[98/915] Building C object esp-idf/esp_phy/CMakeFiles/__idf_esp_phy.dir/src/phy_override.c.obj
[99/915] Building C object esp-idf/esp_phy/CMakeFiles/__idf_esp_phy.dir/esp32s3/phy_init_data.c.obj
[100/915] Building C object esp-idf/wpa_supplicant/CMakeFiles/__idf_wpa_supplicant.dir/src/crypto/des-internal.c.obj
[101/915] Building C object esp-idf/esp_phy/CMakeFiles/__idf_esp_phy.dir/src/phy_common.c.obj
[102/915] Building C object esp-idf/wpa_supplicant/CMakeFiles/__idf_wpa_supplicant.dir/esp_supplicant/src/esp_wps.c.obj
[103/915] Building C object esp-idf/esp_phy/CMakeFiles/__idf_esp_phy.dir/src/btbb_init.c.obj
[104/915] Building C object esp-idf/wpa_supplicant/CMakeFiles/__idf_wpa_supplicant.dir/esp_supplicant/src/crypto/crypto_mbedtls.c.obj
[105/915] Building C object esp-idf/wpa_supplicant/CMakeFiles/__idf_wpa_supplicant.dir/src/crypto/aes-ccm.c.obj
[106/915] Building C object esp-idf/wpa_supplicant/CMakeFiles/__idf_wpa_supplicant.dir/esp_supplicant/src/crypto/crypto_mbedtls-bignum.c.obj
[107/915] Building C object esp-idf/esp_phy/CMakeFiles/__idf_esp_phy.dir/src/phy_init.c.obj
[108/915] Building CXX object esp-idf/nvs_flash/CMakeFiles/__idf_nvs_flash.dir/src/nvs_partition_lookup.cpp.obj
[109/915] Building CXX object esp-idf/nvs_flash/CMakeFiles/__idf_nvs_flash.dir/src/nvs_partition.cpp.obj
[110/915] Building CXX object esp-idf/nvs_flash/CMakeFiles/__idf_nvs_flash.dir/src/nvs_platform.cpp.obj
[111/915] Building C object esp-idf/wpa_supplicant/CMakeFiles/__idf_wpa_supplicant.dir/esp_supplicant/src/crypto/crypto_mbedtls-ec.c.obj
[112/915] Building C object esp-idf/nvs_flash/CMakeFiles/__idf_nvs_flash.dir/src/nvs_bootloader.c.obj
[113/915] Building CXX object esp-idf/nvs_flash/CMakeFiles/__idf_nvs_flash.dir/src/nvs_cxx_api.cpp.obj
[114/915] Building CXX object esp-idf/nvs_flash/CMakeFiles/__idf_nvs_flash.dir/src/nvs_item_hash_list.cpp.obj
[115/915] Building C object esp-idf/nvs_flash/CMakeFiles/__idf_nvs_flash.dir/src/nvs_bootloader_aes.c.obj
[116/915] Linking C static library esp-idf/wpa_supplicant/libwpa_supplicant.a
[117/915] Building CXX object esp-idf/nvs_flash/CMakeFiles/__idf_nvs_flash.dir/src/nvs_handle_simple.cpp.obj
[118/915] Linking C static library esp-idf/esp_phy/libesp_phy.a
[119/915] Building CXX object esp-idf/nvs_flash/CMakeFiles/__idf_nvs_flash.dir/src/nvs_handle_locked.cpp.obj
[120/915] Building C object esp-idf/nvs_flash/CMakeFiles/__idf_nvs_flash.dir/src/nvs_bootloader_xts_aes.c.obj
[121/915] Building C object esp-idf/nvs_sec_provider/CMakeFiles/__idf_nvs_sec_provider.dir/nvs_sec_provider.c.obj
[122/915] Building C object esp-idf/esp_netif/CMakeFiles/__idf_esp_netif.dir/esp_netif_defaults.c.obj
[123/915] Building C object esp-idf/esp_netif/CMakeFiles/__idf_esp_netif.dir/esp_netif_objects.c.obj
[124/915] Building C object esp-idf/esp_netif/CMakeFiles/__idf_esp_netif.dir/esp_netif_handlers.c.obj
[125/915] Building CXX object esp-idf/nvs_flash/CMakeFiles/__idf_nvs_flash.dir/src/nvs_pagemanager.cpp.obj
[126/915] Building C object esp-idf/esp_netif/CMakeFiles/__idf_esp_netif.dir/lwip/esp_netif_lwip_defaults.c.obj
[127/915] Building C object esp-idf/esp_netif/CMakeFiles/__idf_esp_netif.dir/lwip/netif/esp_pbuf_ref.c.obj
[128/915] Building C object esp-idf/esp_netif/CMakeFiles/__idf_esp_netif.dir/lwip/netif/ethernetif.c.obj
[129/915] Building C object esp-idf/esp_netif/CMakeFiles/__idf_esp_netif.dir/lwip/netif/wlanif.c.obj
[130/915] Building C object esp-idf/esp_netif/CMakeFiles/__idf_esp_netif.dir/lwip/esp_netif_sntp.c.obj
[131/915] Building C object esp-idf/lwip/CMakeFiles/__idf_lwip.dir/lwip/src/api/err.c.obj
[132/915] Building CXX object esp-idf/nvs_flash/CMakeFiles/__idf_nvs_flash.dir/src/nvs_partition_manager.cpp.obj
[133/915] Building CXX object esp-idf/nvs_flash/CMakeFiles/__idf_nvs_flash.dir/src/nvs_types.cpp.obj
[134/915] Building C object esp-idf/lwip/CMakeFiles/__idf_lwip.dir/apps/sntp/sntp.c.obj
[135/915] Building C object esp-idf/lwip/CMakeFiles/__idf_lwip.dir/lwip/src/api/if_api.c.obj
[136/915] Building C object esp-idf/lwip/CMakeFiles/__idf_lwip.dir/lwip/src/api/netbuf.c.obj
[137/915] Building C object esp-idf/lwip/CMakeFiles/__idf_lwip.dir/lwip/src/api/netifapi.c.obj
[138/915] Building C object esp-idf/lwip/CMakeFiles/__idf_lwip.dir/lwip/src/api/tcpip.c.obj
[139/915] Building C object esp-idf/lwip/CMakeFiles/__idf_lwip.dir/lwip/src/apps/sntp/sntp.c.obj
[140/915] Building C object esp-idf/lwip/CMakeFiles/__idf_lwip.dir/lwip/src/api/netdb.c.obj
[141/915] Building C object esp-idf/lwip/CMakeFiles/__idf_lwip.dir/lwip/src/apps/netbiosns/netbiosns.c.obj
[142/915] Building C object esp-idf/lwip/CMakeFiles/__idf_lwip.dir/lwip/src/api/api_lib.c.obj
[143/915] Building CXX object esp-idf/nvs_flash/CMakeFiles/__idf_nvs_flash.dir/src/nvs_api.cpp.obj
[144/915] Building CXX object esp-idf/nvs_flash/CMakeFiles/__idf_nvs_flash.dir/src/nvs_page.cpp.obj
[145/915] Building C object esp-idf/lwip/CMakeFiles/__idf_lwip.dir/lwip/src/core/def.c.obj
[146/915] Building C object esp-idf/lwip/CMakeFiles/__idf_lwip.dir/lwip/src/core/init.c.obj
[147/915] Building C object esp-idf/lwip/CMakeFiles/__idf_lwip.dir/lwip/src/core/mem.c.obj
[148/915] Building C object esp-idf/lwip/CMakeFiles/__idf_lwip.dir/lwip/src/core/ip.c.obj
[149/915] Building CXX object esp-idf/nvs_flash/CMakeFiles/__idf_nvs_flash.dir/src/nvs_storage.cpp.obj
[150/915] Building C object esp-idf/lwip/CMakeFiles/__idf_lwip.dir/lwip/src/core/inet_chksum.c.obj
[151/915] Building C object esp-idf/lwip/CMakeFiles/__idf_lwip.dir/lwip/src/core/memp.c.obj
[152/915] Building C object esp-idf/lwip/CMakeFiles/__idf_lwip.dir/lwip/src/core/stats.c.obj
[153/915] Building CXX object esp-idf/nvs_flash/CMakeFiles/__idf_nvs_flash.dir/src/nvs_encrypted_partition.cpp.obj
[154/915] Building C object esp-idf/lwip/CMakeFiles/__idf_lwip.dir/lwip/src/core/sys.c.obj
[155/915] Building C object esp-idf/lwip/CMakeFiles/__idf_lwip.dir/lwip/src/api/api_msg.c.obj
[156/915] Linking C static library esp-idf/nvs_flash/libnvs_flash.a
[157/915] Building C object esp-idf/lwip/CMakeFiles/__idf_lwip.dir/lwip/src/core/raw.c.obj
[158/915] Building C object esp-idf/lwip/CMakeFiles/__idf_lwip.dir/lwip/src/core/timeouts.c.obj
[159/915] Linking C static library esp-idf/nvs_sec_provider/libnvs_sec_provider.a
[160/915] Building C object esp-idf/lwip/CMakeFiles/__idf_lwip.dir/lwip/src/core/ipv4/autoip.c.obj
[161/915] Building C object esp-idf/lwip/CMakeFiles/__idf_lwip.dir/lwip/src/core/dns.c.obj
[162/915] Building C object esp-idf/lwip/CMakeFiles/__idf_lwip.dir/lwip/src/core/pbuf.c.obj
[163/915] Building C object esp-idf/lwip/CMakeFiles/__idf_lwip.dir/lwip/src/core/ipv4/icmp.c.obj
[164/915] Building C object esp-idf/lwip/CMakeFiles/__idf_lwip.dir/lwip/src/core/netif.c.obj
[165/915] Building C object esp-idf/lwip/CMakeFiles/__idf_lwip.dir/lwip/src/core/udp.c.obj
[166/915] Building C object esp-idf/lwip/CMakeFiles/__idf_lwip.dir/lwip/src/core/ipv4/ip4_napt.c.obj
[167/915] Building C object esp-idf/lwip/CMakeFiles/__idf_lwip.dir/lwip/src/core/ipv4/etharp.c.obj
[168/915] Building C object esp-idf/lwip/CMakeFiles/__idf_lwip.dir/lwip/src/core/ipv4/igmp.c.obj
[169/915] Building C object esp-idf/lwip/CMakeFiles/__idf_lwip.dir/lwip/src/core/tcp_out.c.obj
[170/915] Building C object esp-idf/lwip/CMakeFiles/__idf_lwip.dir/lwip/src/core/ipv6/dhcp6.c.obj
[171/915] Building C object esp-idf/lwip/CMakeFiles/__idf_lwip.dir/lwip/src/core/ipv4/ip4_frag.c.obj
[172/915] Building C object esp-idf/lwip/CMakeFiles/__idf_lwip.dir/lwip/src/core/ipv4/ip4.c.obj
[173/915] Building C object esp-idf/lwip/CMakeFiles/__idf_lwip.dir/lwip/src/core/ipv6/ethip6.c.obj
[174/915] Building C object esp-idf/lwip/CMakeFiles/__idf_lwip.dir/lwip/src/core/ipv4/ip4_addr.c.obj
[175/915] Building C object esp-idf/lwip/CMakeFiles/__idf_lwip.dir/lwip/src/core/ipv6/inet6.c.obj
[176/915] Building C object esp-idf/esp_netif/CMakeFiles/__idf_esp_netif.dir/lwip/esp_netif_lwip.c.obj
[177/915] Building C object esp-idf/lwip/CMakeFiles/__idf_lwip.dir/lwip/src/core/ipv6/icmp6.c.obj
[178/915] Building C object esp-idf/lwip/CMakeFiles/__idf_lwip.dir/lwip/src/core/ipv6/ip6_frag.c.obj
[179/915] Building C object esp-idf/lwip/CMakeFiles/__idf_lwip.dir/lwip/src/netif/ethernet.c.obj
[180/915] Building C object esp-idf/lwip/CMakeFiles/__idf_lwip.dir/lwip/src/core/ipv6/ip6_addr.c.obj
[181/915] Building C object esp-idf/lwip/CMakeFiles/__idf_lwip.dir/lwip/src/netif/bridgeif.c.obj
[182/915] Building C object esp-idf/lwip/CMakeFiles/__idf_lwip.dir/lwip/src/netif/ppp/auth.c.obj
[183/915] Building C object esp-idf/lwip/CMakeFiles/__idf_lwip.dir/lwip/src/netif/bridgeif_fdb.c.obj
[184/915] Building C object esp-idf/lwip/CMakeFiles/__idf_lwip.dir/lwip/src/netif/slipif.c.obj
[185/915] Building C object esp-idf/lwip/CMakeFiles/__idf_lwip.dir/lwip/src/core/ipv6/mld6.c.obj
[186/915] Building C object esp-idf/lwip/CMakeFiles/__idf_lwip.dir/lwip/src/netif/ppp/ccp.c.obj
[187/915] Building C object esp-idf/lwip/CMakeFiles/__idf_lwip.dir/lwip/src/netif/ppp/chap-md5.c.obj
[188/915] Building C object esp-idf/lwip/CMakeFiles/__idf_lwip.dir/lwip/src/core/tcp_in.c.obj
[189/915] Building C object esp-idf/lwip/CMakeFiles/__idf_lwip.dir/lwip/src/core/tcp.c.obj
[190/915] Building C object esp-idf/lwip/CMakeFiles/__idf_lwip.dir/lwip/src/netif/ppp/chap-new.c.obj
[191/915] Building C object esp-idf/lwip/CMakeFiles/__idf_lwip.dir/lwip/src/netif/ppp/eap.c.obj
[192/915] Building C object esp-idf/lwip/CMakeFiles/__idf_lwip.dir/lwip/src/netif/ppp/chap_ms.c.obj
[193/915] Building C object esp-idf/lwip/CMakeFiles/__idf_lwip.dir/lwip/src/netif/ppp/demand.c.obj
[194/915] Building C object esp-idf/lwip/CMakeFiles/__idf_lwip.dir/lwip/src/netif/ppp/fsm.c.obj
[195/915] Building C object esp-idf/lwip/CMakeFiles/__idf_lwip.dir/lwip/src/netif/ppp/ecp.c.obj
[196/915] Building C object esp-idf/lwip/CMakeFiles/__idf_lwip.dir/lwip/src/netif/ppp/eui64.c.obj
[197/915] Building C object esp-idf/lwip/CMakeFiles/__idf_lwip.dir/lwip/src/netif/ppp/ipv6cp.c.obj
[198/915] Building C object esp-idf/lwip/CMakeFiles/__idf_lwip.dir/lwip/src/netif/ppp/ipcp.c.obj
[199/915] Building C object esp-idf/lwip/CMakeFiles/__idf_lwip.dir/lwip/src/netif/ppp/magic.c.obj
[200/915] Building C object esp-idf/lwip/CMakeFiles/__idf_lwip.dir/lwip/src/netif/ppp/lcp.c.obj
[201/915] Building C object esp-idf/lwip/CMakeFiles/__idf_lwip.dir/lwip/src/netif/ppp/mppe.c.obj
[202/915] Building C object esp-idf/lwip/CMakeFiles/__idf_lwip.dir/lwip/src/netif/ppp/ppp.c.obj
[203/915] Building C object esp-idf/lwip/CMakeFiles/__idf_lwip.dir/lwip/src/netif/ppp/pppapi.c.obj
[204/915] Building C object esp-idf/lwip/CMakeFiles/__idf_lwip.dir/lwip/src/netif/ppp/multilink.c.obj
[205/915] Building C object esp-idf/lwip/CMakeFiles/__idf_lwip.dir/lwip/src/netif/ppp/pppoe.c.obj
[206/915] Building C object esp-idf/lwip/CMakeFiles/__idf_lwip.dir/lwip/src/netif/ppp/pppcrypt.c.obj
[207/915] Building C object esp-idf/lwip/CMakeFiles/__idf_lwip.dir/lwip/src/core/ipv4/dhcp.c.obj
[208/915] Building C object esp-idf/lwip/CMakeFiles/__idf_lwip.dir/lwip/src/api/sockets.c.obj
[209/915] Building C object esp-idf/lwip/CMakeFiles/__idf_lwip.dir/lwip/src/netif/ppp/pppol2tp.c.obj
[210/915] Building C object esp-idf/lwip/CMakeFiles/__idf_lwip.dir/lwip/src/netif/ppp/vj.c.obj
[211/915] Building C object esp-idf/lwip/CMakeFiles/__idf_lwip.dir/lwip/src/netif/ppp/upap.c.obj
[212/915] Building C object esp-idf/lwip/CMakeFiles/__idf_lwip.dir/lwip/src/netif/ppp/pppos.c.obj
[213/915] Building C object esp-idf/lwip/CMakeFiles/__idf_lwip.dir/port/hooks/tcp_isn_default.c.obj
[214/915] Building C object esp-idf/lwip/CMakeFiles/__idf_lwip.dir/lwip/src/core/ipv6/ip6.c.obj
[215/915] Building C object esp-idf/lwip/CMakeFiles/__idf_lwip.dir/port/hooks/lwip_default_hooks.c.obj
[216/915] Building C object esp-idf/lwip/CMakeFiles/__idf_lwip.dir/lwip/src/netif/ppp/utils.c.obj
[217/915] Building C object esp-idf/lwip/CMakeFiles/__idf_lwip.dir/port/sockets_ext.c.obj
[218/915] Building C object esp-idf/lwip/CMakeFiles/__idf_lwip.dir/port/if_index.c.obj
[219/915] Building C object esp-idf/lwip/CMakeFiles/__idf_lwip.dir/port/acd_dhcp_check.c.obj
[220/915] Building C object esp-idf/lwip/CMakeFiles/__idf_lwip.dir/port/esp32xx/vfs_lwip.c.obj
[221/915] Building C object esp-idf/lwip/CMakeFiles/__idf_lwip.dir/lwip/src/netif/ppp/polarssl/des.c.obj
[222/915] Building C object esp-idf/lwip/CMakeFiles/__idf_lwip.dir/lwip/src/netif/ppp/polarssl/arc4.c.obj
[223/915] Building C object esp-idf/lwip/CMakeFiles/__idf_lwip.dir/lwip/src/netif/ppp/polarssl/md4.c.obj
[224/915] Building C object esp-idf/lwip/CMakeFiles/__idf_lwip.dir/lwip/src/netif/ppp/polarssl/md5.c.obj
[225/915] Building C object esp-idf/lwip/CMakeFiles/__idf_lwip.dir/lwip/src/netif/ppp/polarssl/sha1.c.obj
[226/915] Linking C static library esp-idf/esp_netif/libesp_netif.a
[227/915] Building C object esp-idf/lwip/CMakeFiles/__idf_lwip.dir/port/debug/lwip_debug.c.obj
[228/915] Building C object esp-idf/lwip/CMakeFiles/__idf_lwip.dir/port/freertos/sys_arch.c.obj
[229/915] Building C object esp-idf/esp_driver_usb_serial_jtag/CMakeFiles/__idf_esp_driver_usb_serial_jtag.dir/src/usb_serial_jtag_connection_monitor.c.obj
[230/915] Building C object esp-idf/vfs/CMakeFiles/__idf_vfs.dir/nullfs.c.obj
[231/915] Building C object esp-idf/lwip/CMakeFiles/__idf_lwip.dir/apps/ping/ping_sock.c.obj
[232/915] Building C object esp-idf/esp_driver_uart/CMakeFiles/__idf_esp_driver_uart.dir/src/uart_wakeup.c.obj
[233/915] Building C object esp-idf/vfs/CMakeFiles/__idf_vfs.dir/vfs_eventfd.c.obj
[234/915] Building C object esp-idf/esp_driver_usb_serial_jtag/CMakeFiles/__idf_esp_driver_usb_serial_jtag.dir/src/usb_serial_jtag.c.obj
[235/915] Building C object esp-idf/esp_event/CMakeFiles/__idf_esp_event.dir/default_event_loop.c.obj
[236/915] Building C object esp-idf/esp_driver_usb_serial_jtag/CMakeFiles/__idf_esp_driver_usb_serial_jtag.dir/src/usb_serial_jtag_vfs.c.obj
[237/915] Building C object esp-idf/esp_event/CMakeFiles/__idf_esp_event.dir/esp_event_private.c.obj
[238/915] Building C object esp-idf/esp_psram/CMakeFiles/__idf_esp_psram.dir/system_layer/esp_psram_mspi.c.obj
[239/915] Building C object esp-idf/vfs/CMakeFiles/__idf_vfs.dir/vfs.c.obj
[240/915] Building C object esp-idf/vfs/CMakeFiles/__idf_vfs.dir/vfs_semihost.c.obj
[241/915] Building C object esp-idf/esp_psram/CMakeFiles/__idf_esp_psram.dir/xip_impl/mmu_psram_flash.c.obj
[242/915] Building C object esp-idf/lwip/CMakeFiles/__idf_lwip.dir/lwip/src/core/ipv6/nd6.c.obj
[243/915] Building CXX object esp-idf/cxx/CMakeFiles/__idf_cxx.dir/cxx_exception_stubs.cpp.obj
[244/915] Building C object esp-idf/esp_psram/CMakeFiles/__idf_esp_psram.dir/esp32s3/esp_psram_impl_octal.c.obj
[245/915] Building CXX object esp-idf/cxx/CMakeFiles/__idf_cxx.dir/cxx_init.cpp.obj
[246/915] Building C object esp-idf/lwip/CMakeFiles/__idf_lwip.dir/apps/dhcpserver/dhcpserver.c.obj
[247/915] Building C object esp-idf/vfs/CMakeFiles/__idf_vfs.dir/vfs_calls.c.obj
[248/915] Building C object esp-idf/esp_driver_uart/CMakeFiles/__idf_esp_driver_uart.dir/src/uart_vfs.c.obj
[249/915] Building C object esp-idf/esp_psram/CMakeFiles/__idf_esp_psram.dir/system_layer/esp_psram.c.obj
[250/915] Building C object esp-idf/pthread/CMakeFiles/__idf_pthread.dir/pthread_local_storage.c.obj
[251/915] Building C object esp-idf/esp_libc/CMakeFiles/__idf_esp_libc.dir/src/init.c.obj
[252/915] Building C object esp-idf/esp_driver_uart/CMakeFiles/__idf_esp_driver_uart.dir/src/uhci.c.obj
[253/915] Building C object esp-idf/esp_event/CMakeFiles/__idf_esp_event.dir/esp_event.c.obj
[254/915] Building C object esp-idf/esp_libc/CMakeFiles/__idf_esp_libc.dir/src/abort.c.obj
[255/915] Building C object esp-idf/pthread/CMakeFiles/__idf_pthread.dir/pthread_cond_var.c.obj
[256/915] Building C object esp-idf/pthread/CMakeFiles/__idf_pthread.dir/pthread_semaphore.c.obj
[257/915] Building C object esp-idf/esp_libc/CMakeFiles/__idf_esp_libc.dir/src/heap.c.obj
[258/915] Building C object esp-idf/esp_libc/CMakeFiles/__idf_esp_libc.dir/src/assert.c.obj
[259/915] Building C object esp-idf/esp_libc/CMakeFiles/__idf_esp_libc.dir/src/termios.c.obj
[260/915] Building C object esp-idf/esp_libc/CMakeFiles/__idf_esp_libc.dir/src/pthread.c.obj
[261/915] Building C object esp-idf/pthread/CMakeFiles/__idf_pthread.dir/pthread_rwlock.c.obj
[262/915] Building C object esp-idf/esp_libc/CMakeFiles/__idf_esp_libc.dir/src/poll.c.obj
[263/915] Building C object esp-idf/esp_libc/CMakeFiles/__idf_esp_libc.dir/src/getentropy.c.obj
[264/915] Building C object esp-idf/esp_libc/CMakeFiles/__idf_esp_libc.dir/src/random.c.obj
[265/915] Linking C static library esp-idf/lwip/liblwip.a
[266/915] Building C object esp-idf/esp_libc/CMakeFiles/__idf_esp_libc.dir/src/locks.c.obj
[267/915] Building C object esp-idf/esp_libc/CMakeFiles/__idf_esp_libc.dir/src/sysconf.c.obj
[268/915] Building C object esp-idf/esp_libc/CMakeFiles/__idf_esp_libc.dir/src/realpath.c.obj
[269/915] Building C object esp-idf/esp_libc/CMakeFiles/__idf_esp_libc.dir/src/scandir.c.obj
[270/915] Building C object esp-idf/esp_libc/CMakeFiles/__idf_esp_libc.dir/src/syscalls.c.obj
[271/915] Linking C static library esp-idf/vfs/libvfs.a
[272/915] Building C object esp-idf/esp_libc/CMakeFiles/__idf_esp_libc.dir/src/reent_syscalls.c.obj
[273/915] Building C object esp-idf/esp_libc/CMakeFiles/__idf_esp_libc.dir/src/time.c.obj
[274/915] Building C object esp-idf/esp_libc/CMakeFiles/__idf_esp_libc.dir/src/port/esp_time_impl.c.obj
[275/915] Building C object esp-idf/esp_libc/CMakeFiles/__idf_esp_libc.dir/src/picolibc/rand.c.obj
[276/915] Building C object esp-idf/esp_libc/CMakeFiles/__idf_esp_libc.dir/src/picolibc/picolibc_init.c.obj
[277/915] Building C object esp-idf/pthread/CMakeFiles/__idf_pthread.dir/pthread.c.obj
[278/915] Linking C static library esp-idf/esp_driver_usb_serial_jtag/libesp_driver_usb_serial_jtag.a
[279/915] Building CXX object esp-idf/cxx/CMakeFiles/__idf_cxx.dir/cxx_guards.cpp.obj
[280/915] Building C object esp-idf/esp_libc/CMakeFiles/__idf_esp_libc.dir/src/picolibc/errno.c.obj
[281/915] Building C object esp-idf/esp_libc/CMakeFiles/__idf_esp_libc.dir/src/picolibc/open_memstream.c.obj
[282/915] Building C object esp-idf/esp_libc/CMakeFiles/__idf_esp_libc.dir/src/picolibc/getreent.c.obj
[283/915] Building C object esp-idf/esp_libc/CMakeFiles/__idf_esp_libc.dir/src/picolibc/bufio_setvbuf.c.obj
[284/915] Building C object esp-idf/esp_libc/CMakeFiles/__idf_esp_libc.dir/src/picolibc/fopencookie.c.obj
[285/915] Building C object esp-idf/freertos/CMakeFiles/__idf_freertos.dir/port_common.c.obj
[286/915] Building C object esp-idf/freertos/CMakeFiles/__idf_freertos.dir/heap_idf.c.obj
[287/915] Building C object esp-idf/freertos/CMakeFiles/__idf_freertos.dir/app_startup.c.obj
[288/915] Building C object esp-idf/freertos/CMakeFiles/__idf_freertos.dir/port_systick.c.obj
[289/915] Building C object esp-idf/freertos/CMakeFiles/__idf_freertos.dir/FreeRTOS-Kernel/list.c.obj
[290/915] Building ASM object esp-idf/freertos/CMakeFiles/__idf_freertos.dir/FreeRTOS-Kernel/portable/xtensa/portasm.S.obj
[291/915] Building C object esp-idf/esp_ringbuf/CMakeFiles/__idf_esp_ringbuf.dir/ringbuf.c.obj
[292/915] Building C object esp-idf/freertos/CMakeFiles/__idf_freertos.dir/FreeRTOS-Kernel/portable/xtensa/xtensa_init.c.obj
[293/915] Building C object esp-idf/esp_libc/CMakeFiles/__idf_esp_libc.dir/src/port/xtensa/stdatomic_s32c1i.c.obj
[294/915] Building C object esp-idf/freertos/CMakeFiles/__idf_freertos.dir/FreeRTOS-Kernel/event_groups.c.obj
[295/915] Building C object esp-idf/freertos/CMakeFiles/__idf_freertos.dir/FreeRTOS-Kernel/portable/xtensa/port.c.obj
[296/915] Building C object esp-idf/freertos/CMakeFiles/__idf_freertos.dir/FreeRTOS-Kernel/portable/xtensa/xtensa_overlay_os_hook.c.obj
[297/915] Building C object esp-idf/freertos/CMakeFiles/__idf_freertos.dir/esp_additions/idf_additions_event_groups.c.obj
[298/915] Building C object esp-idf/freertos/CMakeFiles/__idf_freertos.dir/esp_additions/idf_additions.c.obj
[299/915] Building C object esp-idf/esp_hw_support/CMakeFiles/__idf_esp_hw_support.dir/cpu.c.obj
[300/915] Building C object esp-idf/esp_hw_support/CMakeFiles/__idf_esp_hw_support.dir/port/esp32s3/esp_cpu_intr.c.obj
[301/915] Building C object esp-idf/esp_hw_support/CMakeFiles/__idf_esp_hw_support.dir/port/esp32s3/cpu_region_protect.c.obj
[302/915] Building C object esp-idf/freertos/CMakeFiles/__idf_freertos.dir/FreeRTOS-Kernel/timers.c.obj
[303/915] Building C object esp-idf/esp_hw_support/CMakeFiles/__idf_esp_hw_support.dir/esp_memory_utils.c.obj
[304/915] Building C object esp-idf/esp_hw_support/CMakeFiles/__idf_esp_hw_support.dir/clk_ctrl_os.c.obj
[305/915] Building C object esp-idf/esp_hw_support/CMakeFiles/__idf_esp_hw_support.dir/hw_random.c.obj
[306/915] Building C object esp-idf/esp_hw_support/CMakeFiles/__idf_esp_hw_support.dir/revision.c.obj
[307/915] Building C object esp-idf/esp_hw_support/CMakeFiles/__idf_esp_hw_support.dir/esp_clk.c.obj
[308/915] Building C object esp-idf/freertos/CMakeFiles/__idf_freertos.dir/FreeRTOS-Kernel/stream_buffer.c.obj
[309/915] Building C object esp-idf/esp_hw_support/CMakeFiles/__idf_esp_hw_support.dir/mac_addr.c.obj
[310/915] Building C object esp-idf/esp_hw_support/CMakeFiles/__idf_esp_hw_support.dir/esp_gpio_reserve.c.obj
[311/915] Building C object esp-idf/esp_hw_support/CMakeFiles/__idf_esp_hw_support.dir/rtc_module.c.obj
[312/915] Building C object esp-idf/esp_hw_support/CMakeFiles/__idf_esp_hw_support.dir/regi2c_ctrl.c.obj
[313/915] Building C object esp-idf/esp_hw_support/CMakeFiles/__idf_esp_hw_support.dir/sar_tsens_ctrl.c.obj
[314/915] Building C object esp-idf/freertos/CMakeFiles/__idf_freertos.dir/FreeRTOS-Kernel/queue.c.obj
[315/915] Building C object esp-idf/esp_hw_support/CMakeFiles/__idf_esp_hw_support.dir/clk_utils.c.obj
[316/915] Building C object esp-idf/esp_hw_support/CMakeFiles/__idf_esp_hw_support.dir/port/esp32s3/esp_clk_tree.c.obj
[317/915] Building C object esp-idf/esp_hw_support/CMakeFiles/__idf_esp_hw_support.dir/port/esp32s3/io_mux.c.obj
[318/915] Building C object esp-idf/esp_hw_support/CMakeFiles/__idf_esp_hw_support.dir/heap_align_hw.c.obj
[319/915] Building C object esp-idf/esp_hw_support/CMakeFiles/__idf_esp_hw_support.dir/periph_ctrl.c.obj
[320/915] Building C object esp-idf/esp_hw_support/CMakeFiles/__idf_esp_hw_support.dir/sleep_modem.c.obj
[321/915] Building C object esp-idf/esp_hw_support/CMakeFiles/__idf_esp_hw_support.dir/spi_share_hw_ctrl.c.obj
[322/915] Building C object esp-idf/esp_hw_support/CMakeFiles/__idf_esp_hw_support.dir/port/esp_clk_tree_common.c.obj
[323/915] Building C object esp-idf/esp_hw_support/CMakeFiles/__idf_esp_hw_support.dir/spi_bus_lock.c.obj
[324/915] Building C object esp-idf/esp_hw_support/CMakeFiles/__idf_esp_hw_support.dir/adc_share_hw_ctrl.c.obj
[325/915] Building C object esp-idf/esp_hw_support/CMakeFiles/__idf_esp_hw_support.dir/sleep_mspi.c.obj
[326/915] Building C object esp-idf/esp_hw_support/CMakeFiles/__idf_esp_hw_support.dir/sleep_uart.c.obj
[327/915] Building C object esp-idf/esp_hw_support/CMakeFiles/__idf_esp_hw_support.dir/sleep_console.c.obj
[328/915] Building C object esp-idf/esp_hw_support/CMakeFiles/__idf_esp_hw_support.dir/sleep_usb.c.obj
[329/915] Building C object esp-idf/esp_hw_support/CMakeFiles/__idf_esp_hw_support.dir/port/esp32s3/systimer.c.obj
[330/915] Building C object esp-idf/esp_hw_support/CMakeFiles/__idf_esp_hw_support.dir/sleep_event.c.obj
[331/915] Building C object esp-idf/esp_hw_support/CMakeFiles/__idf_esp_hw_support.dir/intr_alloc.c.obj
[332/915] Building C object esp-idf/esp_hw_support/CMakeFiles/__idf_esp_hw_support.dir/sleep_wake_stub.c.obj
[333/915] Building C object esp-idf/esp_libc/CMakeFiles/__idf_esp_libc.dir/src/stdatomic.c.obj
[334/915] Building C object esp-idf/esp_hw_support/CMakeFiles/__idf_esp_hw_support.dir/power_supply/brownout.c.obj
[335/915] Building C object esp-idf/esp_driver_uart/CMakeFiles/__idf_esp_driver_uart.dir/src/uart.c.obj
[336/915] Building C object esp-idf/esp_hw_support/CMakeFiles/__idf_esp_hw_support.dir/esp_clock_output.c.obj
[337/915] Building C object esp-idf/esp_hw_support/CMakeFiles/__idf_esp_hw_support.dir/port/esp32s3/rtc_clk_init.c.obj
[338/915] Building C object esp-idf/esp_hw_support/CMakeFiles/__idf_esp_hw_support.dir/sleep_gpio.c.obj
[339/915] Building C object esp-idf/esp_hw_support/CMakeFiles/__idf_esp_hw_support.dir/usb_phy/usb_phy.c.obj
[340/915] Building C object esp-idf/esp_hw_support/CMakeFiles/__idf_esp_hw_support.dir/mspi_timing_tuning/mspi_timing_tuning.c.obj
[341/915] Linking C static library esp-idf/esp_driver_uart/libesp_driver_uart.a
[342/915] Building C object esp-idf/esp_hw_support/CMakeFiles/__idf_esp_hw_support.dir/port/esp32s3/chip_info.c.obj
[343/915] Building C object esp-idf/esp_hw_support/CMakeFiles/__idf_esp_hw_support.dir/port/esp_memprot_conv.c.obj
[344/915] Building C object esp-idf/esp_hw_support/CMakeFiles/__idf_esp_hw_support.dir/mspi_timing_tuning/port/esp32s3/mspi_timing_config.c.obj
[345/915] Building C object esp-idf/esp_hw_support/CMakeFiles/__idf_esp_hw_support.dir/port/esp32s3/rtc_sleep.c.obj
[346/915] Linking C static library esp-idf/esp_event/libesp_event.a
[347/915] Building C object esp-idf/esp_hw_support/CMakeFiles/__idf_esp_hw_support.dir/port/esp32s3/sar_periph_ctrl.c.obj
[348/915] Building C object esp-idf/esp_hw_support/CMakeFiles/__idf_esp_hw_support.dir/port/esp32s3/rtc_time.c.obj
[349/915] Building C object esp-idf/esp_hw_support/CMakeFiles/__idf_esp_hw_support.dir/port/esp32s3/rtc_init.c.obj
[350/915] Building C object esp-idf/esp_hal_i2s/CMakeFiles/__idf_esp_hal_i2s.dir/esp32s3/i2s_periph.c.obj
[351/915] Linking C static library esp-idf/esp_psram/libesp_psram.a
[352/915] Building C object esp-idf/esp_hw_support/CMakeFiles/__idf_esp_hw_support.dir/port/esp32s3/rtc_clk.c.obj
[353/915] Building C object esp-idf/esp_hal_touch_sens/CMakeFiles/__idf_esp_hal_touch_sens.dir/esp32s3/touch_sensor_periph.c.obj
[354/915] Building C object esp-idf/esp_hal_touch_sens/CMakeFiles/__idf_esp_hal_touch_sens.dir/touch_sensor_legacy_hal.c.obj
[355/915] Building C object esp-idf/esp_hal_touch_sens/CMakeFiles/__idf_esp_hal_touch_sens.dir/touch_sens_hal.c.obj
[356/915] Linking C static library esp-idf/esp_ringbuf/libesp_ringbuf.a
[357/915] Building C object esp-idf/esp_hal_pmu/CMakeFiles/__idf_esp_hal_pmu.dir/esp32s3/rtc_cntl_hal.c.obj
[358/915] Building C object esp-idf/esp_hw_support/CMakeFiles/__idf_esp_hw_support.dir/lowpower/port/esp32s3/sleep_cpu.c.obj
[359/915] Building C object esp-idf/esp_hal_touch_sens/CMakeFiles/__idf_esp_hal_touch_sens.dir/esp32s3/touch_sensor_legacy_hal.c.obj
[360/915] Building C object esp-idf/esp_hal_pmu/CMakeFiles/__idf_esp_hal_pmu.dir/brownout_hal.c.obj
[361/915] Building C object esp-idf/esp_hal_usb/CMakeFiles/__idf_esp_hal_usb.dir/esp32s3/usb_dwc_periph.c.obj
[362/915] Building C object esp-idf/esp_hal_usb/CMakeFiles/__idf_esp_hal_usb.dir/usb_wrap_hal.c.obj
[363/915] Linking C static library esp-idf/cxx/libcxx.a
[364/915] Building C object esp-idf/esp_hal_usb/CMakeFiles/__idf_esp_hal_usb.dir/usb_serial_jtag_hal.c.obj
[365/915] Building C object esp-idf/esp_hal_gpio/CMakeFiles/__idf_esp_hal_gpio.dir/gpio_hal.c.obj
[366/915] Building C object esp-idf/esp_hal_gpio/CMakeFiles/__idf_esp_hal_gpio.dir/esp32s3/dedic_gpio_periph.c.obj
[367/915] Building C object esp-idf/esp_hal_gpio/CMakeFiles/__idf_esp_hal_gpio.dir/esp32s3/rtc_io_periph.c.obj
[368/915] Building C object esp-idf/esp_hw_support/CMakeFiles/__idf_esp_hw_support.dir/mspi_timing_tuning/port/esp32s3/mspi_timing_by_mspi_delay.c.obj
[369/915] Linking C static library esp-idf/pthread/libpthread.a
[370/915] Building C object esp-idf/esp_hal_gpio/CMakeFiles/__idf_esp_hal_gpio.dir/rtc_io_hal.c.obj
[371/915] Building C object esp-idf/esp_hal_gpio/CMakeFiles/__idf_esp_hal_gpio.dir/sdm_hal.c.obj
[372/915] Building C object esp-idf/soc/CMakeFiles/__idf_soc.dir/lldesc.c.obj
[373/915] Building C object esp-idf/esp_hal_gpio/CMakeFiles/__idf_esp_hal_gpio.dir/esp32s3/sdm_periph.c.obj
[374/915] Building C object esp-idf/soc/CMakeFiles/__idf_soc.dir/dport_access_common.c.obj
[375/915] Building C object esp-idf/soc/CMakeFiles/__idf_soc.dir/esp32s3/interrupts.c.obj
[376/915] Building C object esp-idf/soc/CMakeFiles/__idf_soc.dir/esp32s3/gpio_periph.c.obj
[377/915] Building C object esp-idf/soc/CMakeFiles/__idf_soc.dir/esp32s3/power_supply_periph.c.obj
[378/915] Building C object esp-idf/soc/CMakeFiles/__idf_soc.dir/esp32s3/mpi_periph.c.obj
[379/915] Building C object esp-idf/freertos/CMakeFiles/__idf_freertos.dir/FreeRTOS-Kernel/tasks.c.obj
[380/915] Linking C static library esp-idf/esp_libc/libesp_libc.a
[381/915] Building C object esp-idf/esp_hal_i2s/CMakeFiles/__idf_esp_hal_i2s.dir/i2s_hal.c.obj
[382/915] Building C object esp-idf/heap/CMakeFiles/__idf_heap.dir/port/esp32s3/memory_layout.c.obj
[383/915] Building C object esp-idf/heap/CMakeFiles/__idf_heap.dir/port/memory_layout_utils.c.obj
[384/915] Building C object esp-idf/heap/CMakeFiles/__idf_heap.dir/heap_caps_base.c.obj
[385/915] Building C object esp-idf/log/CMakeFiles/__idf_log.dir/src/os/log_timestamp.c.obj
[386/915] Linking C static library esp-idf/freertos/libfreertos.a
[387/915] Building C object esp-idf/esp_hw_support/CMakeFiles/__idf_esp_hw_support.dir/sleep_modes.c.obj
[388/915] Building C object esp-idf/log/CMakeFiles/__idf_log.dir/src/log_timestamp_common.c.obj
[389/915] Building C object esp-idf/esp_hal_usb/CMakeFiles/__idf_esp_hal_usb.dir/usb_dwc_hal.c.obj
[390/915] Building C object esp-idf/heap/CMakeFiles/__idf_heap.dir/heap_caps_init.c.obj
[391/915] Building C object esp-idf/log/CMakeFiles/__idf_log.dir/src/util.c.obj
[392/915] Building C object esp-idf/log/CMakeFiles/__idf_log.dir/src/os/log_lock.c.obj
[393/915] Building C object esp-idf/log/CMakeFiles/__idf_log.dir/src/log_print.c.obj
[394/915] Building C object esp-idf/log/CMakeFiles/__idf_log.dir/src/os/util.c.obj
[395/915] Building C object esp-idf/log/CMakeFiles/__idf_log.dir/src/log_format_text.c.obj
[396/915] Building C object esp-idf/log/CMakeFiles/__idf_log.dir/src/buffer/log_buffers.c.obj
[397/915] Building C object esp-idf/log/CMakeFiles/__idf_log.dir/src/log.c.obj
[398/915] Building C object esp-idf/log/CMakeFiles/__idf_log.dir/src/log_level/log_level.c.obj
[399/915] Building C object esp-idf/log/CMakeFiles/__idf_log.dir/src/os/log_write.c.obj
[400/915] Building C object esp-idf/log/CMakeFiles/__idf_log.dir/src/log_level/tag_log_level/tag_log_level.c.obj
[401/915] Building C object esp-idf/log/CMakeFiles/__idf_log.dir/src/log_level/tag_log_level/linked_list/log_linked_list.c.obj
[402/915] Building C object esp-idf/heap/CMakeFiles/__idf_heap.dir/multi_heap.c.obj
[403/915] Building C object esp-idf/log/CMakeFiles/__idf_log.dir/src/log_level/tag_log_level/cache/log_binary_heap.c.obj
[404/915] Building C object esp-idf/hal/CMakeFiles/__idf_hal.dir/color_hal.c.obj
[405/915] Building C object esp-idf/hal/CMakeFiles/__idf_hal.dir/hal_utils.c.obj
[406/915] Building C object esp-idf/hal/CMakeFiles/__idf_hal.dir/efuse_hal.c.obj
[407/915] Building C object esp-idf/hal/CMakeFiles/__idf_hal.dir/esp32s3/efuse_hal.c.obj
[408/915] Building C object esp-idf/esp_rom/CMakeFiles/__idf_esp_rom.dir/patches/esp_rom_sys.c.obj
[409/915] Building C object esp-idf/hal/CMakeFiles/__idf_hal.dir/mmu_hal.c.obj
[410/915] Building C object esp-idf/esp_rom/CMakeFiles/__idf_esp_rom.dir/patches/esp_rom_crc.c.obj
[411/915] Building C object esp-idf/esp_rom/CMakeFiles/__idf_esp_rom.dir/patches/esp_rom_serial_output.c.obj
[412/915] Building C object esp-idf/esp_rom/CMakeFiles/__idf_esp_rom.dir/patches/esp_rom_efuse.c.obj
[413/915] Building C object esp-idf/esp_rom/CMakeFiles/__idf_esp_rom.dir/patches/esp_rom_spiflash.c.obj
[414/915] Building C object esp-idf/hal/CMakeFiles/__idf_hal.dir/cache_hal.c.obj
[415/915] Building C object esp-idf/heap/CMakeFiles/__idf_heap.dir/heap_caps.c.obj
[416/915] Building C object esp-idf/esp_rom/CMakeFiles/__idf_esp_rom.dir/patches/esp_rom_gpio.c.obj
[417/915] Building C object esp-idf/esp_rom/CMakeFiles/__idf_esp_rom.dir/patches/esp_rom_print.c.obj
[418/915] Building ASM object esp-idf/esp_rom/CMakeFiles/__idf_esp_rom.dir/patches/esp_rom_longjmp.S.obj
[419/915] Building C object esp-idf/esp_rom/CMakeFiles/__idf_esp_rom.dir/patches/esp_rom_systimer.c.obj
[420/915] Building ASM object esp-idf/esp_rom/CMakeFiles/__idf_esp_rom.dir/patches/esp_rom_cache_writeback_esp32s3.S.obj
[421/915] Building C object esp-idf/esp_rom/CMakeFiles/__idf_esp_rom.dir/patches/esp_rom_cache_esp32s2_esp32s3.c.obj
[422/915] Building C object esp-idf/hal/CMakeFiles/__idf_hal.dir/systimer_hal.c.obj
[423/915] Building C object esp-idf/esp_system/CMakeFiles/__idf_esp_system.dir/esp_err.c.obj
[424/915] Building C object esp-idf/esp_system/CMakeFiles/__idf_esp_system.dir/crosscore_int.c.obj
[425/915] Building C object esp-idf/esp_system/CMakeFiles/__idf_esp_system.dir/esp_system.c.obj
[426/915] Building C object esp-idf/esp_system/CMakeFiles/__idf_esp_system.dir/startup.c.obj
[427/915] Building C object esp-idf/esp_system/CMakeFiles/__idf_esp_system.dir/esp_ipc.c.obj
[428/915] Building C object esp-idf/esp_common/CMakeFiles/__idf_esp_common.dir/src/esp_err_to_name.c.obj
[429/915] Building C object esp-idf/esp_system/CMakeFiles/__idf_esp_system.dir/stack_check.c.obj
[430/915] Building C object esp-idf/esp_system/CMakeFiles/__idf_esp_system.dir/int_wdt.c.obj
[431/915] Building C object esp-idf/esp_system/CMakeFiles/__idf_esp_system.dir/system_time.c.obj
[432/915] Building C object esp-idf/esp_system/CMakeFiles/__idf_esp_system.dir/startup_funcs.c.obj
[433/915] Building C object esp-idf/esp_system/CMakeFiles/__idf_esp_system.dir/ubsan.c.obj
[434/915] Building C object esp-idf/esp_system/CMakeFiles/__idf_esp_system.dir/freertos_hooks.c.obj
[435/915] Building C object esp-idf/esp_system/CMakeFiles/__idf_esp_system.dir/port/esp_system_chip.c.obj
[436/915] Building C object esp-idf/esp_system/CMakeFiles/__idf_esp_system.dir/task_wdt/task_wdt_impl_timergroup.c.obj
[437/915] Building C object esp-idf/esp_system/CMakeFiles/__idf_esp_system.dir/xt_wdt.c.obj
[438/915] Building C object esp-idf/esp_system/CMakeFiles/__idf_esp_system.dir/port/arch/xtensa/esp_ipc_isr_port.c.obj
[439/915] Building ASM object esp-idf/esp_system/CMakeFiles/__idf_esp_system.dir/port/arch/xtensa/esp_ipc_isr_handler.S.obj
[440/915] Building C object esp-idf/esp_system/CMakeFiles/__idf_esp_system.dir/port/panic_handler.c.obj
[441/915] Building ASM object esp-idf/esp_system/CMakeFiles/__idf_esp_system.dir/port/arch/xtensa/esp_ipc_isr_routines.S.obj
[442/915] Building C object esp-idf/esp_system/CMakeFiles/__idf_esp_system.dir/panic.c.obj
[443/915] Building C object esp-idf/esp_system/CMakeFiles/__idf_esp_system.dir/port/esp_ipc_isr.c.obj
[444/915] Building ASM object esp-idf/esp_system/CMakeFiles/__idf_esp_system.dir/port/arch/xtensa/panic_handler_asm.S.obj
[445/915] Building ASM object esp-idf/esp_system/CMakeFiles/__idf_esp_system.dir/port/arch/xtensa/expression_with_stack_asm.S.obj
[446/915] Building ASM object esp-idf/esp_system/CMakeFiles/__idf_esp_system.dir/port/arch/xtensa/debug_helpers_asm.S.obj
[447/915] Building C object esp-idf/esp_system/CMakeFiles/__idf_esp_system.dir/port/image_process.c.obj
[448/915] Building C object esp-idf/esp_system/CMakeFiles/__idf_esp_system.dir/port/arch/xtensa/trax.c.obj
[449/915] Building C object esp-idf/esp_system/CMakeFiles/__idf_esp_system.dir/port/arch/xtensa/debug_stubs.c.obj
[450/915] Building ASM object esp-idf/esp_system/CMakeFiles/__idf_esp_system.dir/port/soc/esp32s3/highint_hdl.S.obj
[451/915] Building C object esp-idf/esp_system/CMakeFiles/__idf_esp_system.dir/port/arch/xtensa/expression_with_stack.c.obj
[452/915] Building C object esp-idf/esp_system/CMakeFiles/__idf_esp_system.dir/port/arch/xtensa/panic_arch.c.obj
[453/915] Building C object esp-idf/esp_system/CMakeFiles/__idf_esp_system.dir/port/soc/esp32s3/reset_reason.c.obj
[454/915] Building C object esp-idf/esp_system/CMakeFiles/__idf_esp_system.dir/port/cpu_start.c.obj
[455/915] Building C object esp-idf/esp_system/CMakeFiles/__idf_esp_system.dir/port/soc/esp32s3/apb_backup_dma.c.obj
[456/915] Building C object esp-idf/heap/CMakeFiles/__idf_heap.dir/tlsf/tlsf.c.obj
[457/915] Building C object esp-idf/spi_flash/CMakeFiles/__idf_spi_flash.dir/flash_brownout_hook.c.obj
[458/915] Building C object esp-idf/esp_hw_support/CMakeFiles/__idf_esp_hw_support.dir/port/esp32s3/esp_memprot.c.obj
[459/915] Building C object esp-idf/esp_system/CMakeFiles/__idf_esp_system.dir/port/arch/xtensa/debug_helpers.c.obj
[460/915] Building C object esp-idf/esp_system/CMakeFiles/__idf_esp_system.dir/port/soc/esp32s3/system_internal.c.obj
[461/915] Building C object esp-idf/spi_flash/CMakeFiles/__idf_spi_flash.dir/spi_flash_hpm_enable.c.obj
[462/915] Building C object esp-idf/esp_system/CMakeFiles/__idf_esp_system.dir/port/soc/esp32s3/cache_err_int.c.obj
[463/915] Building C object esp-idf/spi_flash/CMakeFiles/__idf_spi_flash.dir/esp32s3/spi_flash_oct_flash_init.c.obj
[464/915] Building C object esp-idf/spi_flash/CMakeFiles/__idf_spi_flash.dir/spi_flash_chip_drivers.c.obj
[465/915] Building C object esp-idf/spi_flash/CMakeFiles/__idf_spi_flash.dir/spi_flash_chip_issi.c.obj
[466/915] Building C object esp-idf/spi_flash/CMakeFiles/__idf_spi_flash.dir/spi_flash_chip_mxic.c.obj
[467/915] Building C object esp-idf/spi_flash/CMakeFiles/__idf_spi_flash.dir/spi_flash_chip_boya.c.obj
[468/915] Building C object esp-idf/esp_system/CMakeFiles/__idf_esp_system.dir/task_wdt/task_wdt.c.obj
[469/915] Building C object esp-idf/spi_flash/CMakeFiles/__idf_spi_flash.dir/spi_flash_chip_gd.c.obj
[470/915] Building C object esp-idf/spi_flash/CMakeFiles/__idf_spi_flash.dir/spi_flash_chip_winbond.c.obj
[471/915] Building C object esp-idf/spi_flash/CMakeFiles/__idf_spi_flash.dir/spi_flash_chip_th.c.obj
[472/915] Building C object esp-idf/spi_flash/CMakeFiles/__idf_spi_flash.dir/spi_flash_blockdev.c.obj
[473/915] Building C object esp-idf/esp_system/CMakeFiles/__idf_esp_system.dir/port/soc/esp32s3/clk.c.obj
[474/915] Linking C static library esp-idf/esp_hw_support/libesp_hw_support.a
[475/915] Building C object esp-idf/spi_flash/CMakeFiles/__idf_spi_flash.dir/spi_flash_wrap.c.obj
[476/915] Building C object esp-idf/spi_flash/CMakeFiles/__idf_spi_flash.dir/flash_ops.c.obj
[477/915] Building C object esp-idf/spi_flash/CMakeFiles/__idf_spi_flash.dir/memspi_host_driver.c.obj
[478/915] Building C object esp-idf/spi_flash/CMakeFiles/__idf_spi_flash.dir/spi_flash_chip_mxic_opi.c.obj
[479/915] Building C object esp-idf/spi_flash/CMakeFiles/__idf_spi_flash.dir/cache_utils.c.obj
[480/915] Building C object esp-idf/spi_flash/CMakeFiles/__idf_spi_flash.dir/spi_flash_os_func_noos.c.obj
[481/915] Building C object esp-idf/spi_flash/CMakeFiles/__idf_spi_flash.dir/flash_mmap.c.obj
[482/915] Linking C static library esp-idf/esp_hal_i2s/libesp_hal_i2s.a
[483/915] Building C object esp-idf/spi_flash/CMakeFiles/__idf_spi_flash.dir/esp_flash_spi_init.c.obj
[484/915] Building C object esp-idf/spi_flash/CMakeFiles/__idf_spi_flash.dir/spi_flash_os_func_app.c.obj
[485/915] Building C object esp-idf/spi_flash/CMakeFiles/__idf_spi_flash.dir/spi_flash_chip_generic.c.obj
[486/915] Building C object esp-idf/bootloader_support/CMakeFiles/__idf_bootloader_support.dir/src/bootloader_random.c.obj
[487/915] Building C object esp-idf/bootloader_support/CMakeFiles/__idf_bootloader_support.dir/src/bootloader_mem.c.obj
[488/915] Linking C static library esp-idf/esp_hal_touch_sens/libesp_hal_touch_sens.a
[489/915] Building C object esp-idf/bootloader_support/CMakeFiles/__idf_bootloader_support.dir/src/bootloader_clock_init.c.obj
[490/915] Building C object esp-idf/bootloader_support/CMakeFiles/__idf_bootloader_support.dir/src/bootloader_efuse.c.obj
[491/915] Building C object esp-idf/bootloader_support/CMakeFiles/__idf_bootloader_support.dir/src/secure_boot.c.obj
[492/915] Linking C static library esp-idf/esp_hal_pmu/libesp_hal_pmu.a
[493/915] Building C object esp-idf/bootloader_support/CMakeFiles/__idf_bootloader_support.dir/src/flash_partitions.c.obj
[494/915] Building C object esp-idf/bootloader_support/CMakeFiles/__idf_bootloader_support.dir/src/flash_encrypt.c.obj
[495/915] Building C object esp-idf/bootloader_support/CMakeFiles/__idf_bootloader_support.dir/src/bootloader_common.c.obj
[496/915] Building C object esp-idf/bootloader_support/CMakeFiles/__idf_bootloader_support.dir/src/bootloader_random_esp32s3.c.obj
[497/915] Building C object esp-idf/bootloader_support/CMakeFiles/__idf_bootloader_support.dir/bootloader_flash/src/bootloader_flash_config_esp32s3.c.obj
[498/915] Linking C static library esp-idf/esp_hal_usb/libesp_hal_usb.a
[499/915] Building C object esp-idf/bootloader_support/CMakeFiles/__idf_bootloader_support.dir/src/bootloader_common_loader.c.obj
[500/915] Building C object esp-idf/esp_hal_ana_conv/CMakeFiles/__idf_esp_hal_ana_conv.dir/esp32s3/adc_periph.c.obj
[501/915] Building C object esp-idf/bootloader_support/CMakeFiles/__idf_bootloader_support.dir/bootloader_flash/src/flash_qio_mode.c.obj
[502/915] Building C object esp-idf/bootloader_support/CMakeFiles/__idf_bootloader_support.dir/src/esp32s3/secure_boot_secure_features.c.obj
[503/915] Linking C static library esp-idf/esp_hal_gpio/libesp_hal_gpio.a
[504/915] Building C object esp-idf/esp_hal_ana_conv/CMakeFiles/__idf_esp_hal_ana_conv.dir/adc_oneshot_hal.c.obj
[505/915] Building C object esp-idf/esp_hal_ana_conv/CMakeFiles/__idf_esp_hal_ana_conv.dir/esp32s3/temperature_sensor_periph.c.obj
[506/915] Building C object esp-idf/esp_hal_wdt/CMakeFiles/__idf_esp_hal_wdt.dir/esp32s3/mwdt_periph.c.obj
[507/915] Building C object esp-idf/esp_hal_ana_conv/CMakeFiles/__idf_esp_hal_ana_conv.dir/temperature_sensor_hal.c.obj
[508/915] Building C object esp-idf/bootloader_support/CMakeFiles/__idf_bootloader_support.dir/bootloader_flash/src/bootloader_flash.c.obj
[509/915] Linking C static library esp-idf/soc/libsoc.a
[510/915] Building C object esp-idf/esp_hal_ana_conv/CMakeFiles/__idf_esp_hal_ana_conv.dir/adc_hal_common.c.obj
[511/915] Building C object esp-idf/esp_hal_wdt/CMakeFiles/__idf_esp_hal_wdt.dir/rom_patch.c.obj
[512/915] Building C object esp-idf/mbedtls/mbedtls/tf-psa-crypto/drivers/everest/CMakeFiles/everest.dir/library/x25519.c.obj
[513/915] Building C object esp-idf/esp_hal_wdt/CMakeFiles/__idf_esp_hal_wdt.dir/xt_wdt_hal.c.obj
[514/915] Building C object esp-idf/bootloader_support/CMakeFiles/__idf_bootloader_support.dir/src/bootloader_sha.c.obj
[515/915] Building C object esp-idf/mbedtls/mbedtls/tf-psa-crypto/drivers/everest/CMakeFiles/everest.dir/library/Hacl_Curve25519_joined.c.obj
[516/915] Building C object esp-idf/mbedtls/mbedtls/tf-psa-crypto/drivers/p256-m/CMakeFiles/p256-m.dir/p256-m_driver_entrypoints.c.obj
[517/915] Building C object esp-idf/mbedtls/mbedtls/tf-psa-crypto/drivers/builtin/CMakeFiles/builtin.dir/src/aesni.c.obj
[518/915] Building C object esp-idf/mbedtls/mbedtls/tf-psa-crypto/drivers/builtin/CMakeFiles/builtin.dir/src/aesce.c.obj
[519/915] Building C object esp-idf/bootloader_support/CMakeFiles/__idf_bootloader_support.dir/src/bootloader_utility.c.obj
[520/915] Linking C static library esp-idf/heap/libheap.a
[521/915] Building C object esp-idf/mbedtls/mbedtls/tf-psa-crypto/drivers/p256-m/CMakeFiles/p256-m.dir/p256-m/p256-m.c.obj
[522/915] Building C object esp-idf/mbedtls/mbedtls/tf-psa-crypto/drivers/builtin/CMakeFiles/builtin.dir/src/aria.c.obj
[523/915] Building C object esp-idf/mbedtls/mbedtls/tf-psa-crypto/drivers/builtin/CMakeFiles/builtin.dir/src/bignum_mod_raw.c.obj
[524/915] Building C object esp-idf/mbedtls/mbedtls/tf-psa-crypto/drivers/builtin/CMakeFiles/builtin.dir/src/block_cipher.c.obj
[525/915] Building C object esp-idf/mbedtls/mbedtls/tf-psa-crypto/drivers/builtin/CMakeFiles/builtin.dir/src/bignum_mod.c.obj
[526/915] Building C object esp-idf/spi_flash/CMakeFiles/__idf_spi_flash.dir/esp_flash_api.c.obj
[527/915] Building C object esp-idf/mbedtls/mbedtls/tf-psa-crypto/drivers/builtin/CMakeFiles/builtin.dir/src/camellia.c.obj
[528/915] Linking C static library esp-idf/log/liblog.a
[529/915] Building C object esp-idf/mbedtls/mbedtls/tf-psa-crypto/drivers/builtin/CMakeFiles/builtin.dir/src/chacha20.c.obj
[530/915] Building C object esp-idf/esp_hal_ana_conv/CMakeFiles/__idf_esp_hal_ana_conv.dir/adc_hal.c.obj
[531/915] Building C object esp-idf/mbedtls/mbedtls/tf-psa-crypto/drivers/builtin/CMakeFiles/builtin.dir/src/chachapoly.c.obj
[532/915] Building C object esp-idf/mbedtls/mbedtls/tf-psa-crypto/drivers/builtin/CMakeFiles/builtin.dir/src/chacha20_neon.c.obj
[533/915] Building C object esp-idf/bootloader_support/CMakeFiles/__idf_bootloader_support.dir/src/esp_image_format.c.obj
[534/915] Building C object esp-idf/mbedtls/mbedtls/tf-psa-crypto/drivers/builtin/CMakeFiles/builtin.dir/src/cipher_wrap.c.obj
[535/915] Building C object esp-idf/mbedtls/mbedtls/tf-psa-crypto/drivers/builtin/CMakeFiles/builtin.dir/src/ecjpake.c.obj
[536/915] Linking C static library esp-idf/hal/libhal.a
[537/915] Building C object esp-idf/mbedtls/mbedtls/tf-psa-crypto/drivers/builtin/CMakeFiles/builtin.dir/src/ecp_curves_new.c.obj
[538/915] Linking C static library esp-idf/esp_rom/libesp_rom.a
[539/915] Building C object esp-idf/mbedtls/mbedtls/tf-psa-crypto/drivers/builtin/CMakeFiles/builtin.dir/src/ecdsa.c.obj
[540/915] Building C object esp-idf/mbedtls/mbedtls/tf-psa-crypto/drivers/builtin/CMakeFiles/builtin.dir/src/entropy.c.obj
[541/915] Building C object esp-idf/mbedtls/mbedtls/tf-psa-crypto/drivers/builtin/CMakeFiles/builtin.dir/src/ccm.c.obj
[542/915] Linking C static library esp-idf/esp_common/libesp_common.a
[543/915] Building C object esp-idf/mbedtls/mbedtls/tf-psa-crypto/drivers/builtin/CMakeFiles/builtin.dir/src/cmac.c.obj
[544/915] Building C object esp-idf/mbedtls/mbedtls/tf-psa-crypto/drivers/builtin/CMakeFiles/builtin.dir/src/entropy_poll.c.obj
[545/915] Building C object esp-idf/mbedtls/mbedtls/tf-psa-crypto/drivers/builtin/CMakeFiles/builtin.dir/src/ctr_drbg.c.obj
[546/915] Building C object esp-idf/mbedtls/mbedtls/tf-psa-crypto/drivers/builtin/CMakeFiles/builtin.dir/src/md5.c.obj
[547/915] Building C object esp-idf/mbedtls/mbedtls/tf-psa-crypto/drivers/builtin/CMakeFiles/builtin.dir/src/poly1305.c.obj
[548/915] Linking C static library esp-idf/esp_system/libesp_system.a
[549/915] Building C object esp-idf/mbedtls/mbedtls/tf-psa-crypto/drivers/builtin/CMakeFiles/builtin.dir/src/cipher.c.obj
[550/915] Building C object esp-idf/mbedtls/mbedtls/tf-psa-crypto/drivers/builtin/CMakeFiles/builtin.dir/src/hmac_drbg.c.obj
[551/915] Linking C static library esp-idf/spi_flash/libspi_flash.a
[552/915] Building C object esp-idf/mbedtls/mbedtls/tf-psa-crypto/drivers/builtin/CMakeFiles/builtin.dir/src/bignum_core.c.obj
[553/915] Building C object esp-idf/mbedtls/mbedtls/tf-psa-crypto/drivers/builtin/CMakeFiles/builtin.dir/src/psa_crypto_hash.c.obj
[554/915] Building C object esp-idf/mbedtls/mbedtls/tf-psa-crypto/drivers/builtin/CMakeFiles/builtin.dir/src/psa_crypto_cipher.c.obj
[555/915] Building C object esp-idf/mbedtls/mbedtls/tf-psa-crypto/drivers/builtin/CMakeFiles/builtin.dir/src/psa_crypto_aead.c.obj
[556/915] Building C object esp-idf/mbedtls/mbedtls/tf-psa-crypto/drivers/builtin/CMakeFiles/builtin.dir/src/psa_crypto_mac.c.obj
[557/915] Building C object esp-idf/mbedtls/mbedtls/tf-psa-crypto/drivers/builtin/CMakeFiles/builtin.dir/src/psa_crypto_ffdh.c.obj
[558/915] Linking C static library esp-idf/bootloader_support/libbootloader_support.a
[559/915] Building C object esp-idf/mbedtls/mbedtls/tf-psa-crypto/drivers/builtin/CMakeFiles/builtin.dir/src/psa_crypto_pake.c.obj
[560/915] Building C object esp-idf/mbedtls/mbedtls/tf-psa-crypto/drivers/builtin/CMakeFiles/builtin.dir/src/ripemd160.c.obj
[561/915] Building C object esp-idf/mbedtls/mbedtls/tf-psa-crypto/drivers/builtin/CMakeFiles/builtin.dir/src/psa_crypto_xof.c.obj
[562/915] Linking C static library esp-idf/esp_hal_ana_conv/libesp_hal_ana_conv.a
[563/915] Building C object esp-idf/mbedtls/mbedtls/tf-psa-crypto/drivers/builtin/CMakeFiles/builtin.dir/src/psa_util_internal.c.obj
[564/915] Building C object esp-idf/mbedtls/mbedtls/tf-psa-crypto/drivers/builtin/CMakeFiles/builtin.dir/src/ecp_curves.c.obj
[565/915] Building C object esp-idf/mbedtls/mbedtls/tf-psa-crypto/drivers/builtin/CMakeFiles/builtin.dir/src/psa_crypto_ecp.c.obj
[566/915] Building C object esp-idf/mbedtls/mbedtls/tf-psa-crypto/drivers/builtin/CMakeFiles/builtin.dir/src/sha1.c.obj
[567/915] Linking C static library esp-idf/esp_hal_wdt/libesp_hal_wdt.a
[568/915] Building C object esp-idf/mbedtls/mbedtls/tf-psa-crypto/drivers/builtin/CMakeFiles/builtin.dir/src/gcm.c.obj
[569/915] Building C object esp-idf/mbedtls/mbedtls/tf-psa-crypto/drivers/builtin/CMakeFiles/builtin.dir/src/sha512.c.obj
[570/915] Building C object esp-idf/mbedtls/mbedtls/tf-psa-crypto/drivers/pqcp/CMakeFiles/pqcp.dir/src/psa_crypto_mldsa.c.obj
[571/915] Linking CXX static library esp-idf/mbedtls/mbedtls/tf-psa-crypto/drivers/everest/libeverest.a
[572/915] Building C object esp-idf/mbedtls/mbedtls/tf-psa-crypto/drivers/builtin/CMakeFiles/builtin.dir/src/rsa_alt_helpers.c.obj
[573/915] Building C object esp-idf/mbedtls/mbedtls/tf-psa-crypto/drivers/builtin/CMakeFiles/builtin.dir/src/aes.c.obj
[574/915] Building C object esp-idf/mbedtls/mbedtls/tf-psa-crypto/drivers/pqcp/CMakeFiles/pqcp.dir/src/wrap_mldsa_native.c.obj
[575/915] Building C object esp-idf/mbedtls/mbedtls/tf-psa-crypto/extras/CMakeFiles/extras.dir/lmots.c.obj
[576/915] Building C object esp-idf/mbedtls/mbedtls/tf-psa-crypto/extras/CMakeFiles/extras.dir/lms.c.obj
[577/915] Building C object esp-idf/mbedtls/mbedtls/tf-psa-crypto/extras/CMakeFiles/extras.dir/nist_kw.c.obj
[578/915] Linking CXX static library esp-idf/mbedtls/mbedtls/tf-psa-crypto/drivers/p256-m/libp256-m.a
[579/915] Building C object esp-idf/mbedtls/mbedtls/tf-psa-crypto/drivers/builtin/CMakeFiles/builtin.dir/src/psa_crypto_rsa.c.obj
[580/915] Building C object esp-idf/mbedtls/mbedtls/tf-psa-crypto/extras/CMakeFiles/extras.dir/pk_rsa.c.obj
[581/915] Building C object esp-idf/mbedtls/mbedtls/tf-psa-crypto/drivers/builtin/CMakeFiles/builtin.dir/src/sha3.c.obj
[582/915] Building C object esp-idf/mbedtls/mbedtls/tf-psa-crypto/extras/CMakeFiles/extras.dir/pk_ecc.c.obj
[583/915] Building C object esp-idf/mbedtls/mbedtls/tf-psa-crypto/drivers/builtin/CMakeFiles/builtin.dir/src/sha256.c.obj
[584/915] Building C object esp-idf/mbedtls/mbedtls/tf-psa-crypto/extras/CMakeFiles/extras.dir/md.c.obj
[585/915] Building C object esp-idf/mbedtls/mbedtls/tf-psa-crypto/extras/CMakeFiles/extras.dir/pk_wrap.c.obj
[586/915] Building C object esp-idf/mbedtls/mbedtls/tf-psa-crypto/platform/CMakeFiles/platform.dir/memory_buffer_alloc.c.obj
[587/915] Building C object esp-idf/mbedtls/mbedtls/tf-psa-crypto/extras/CMakeFiles/extras.dir/pkwrite.c.obj
[588/915] Building C object esp-idf/mbedtls/mbedtls/tf-psa-crypto/platform/CMakeFiles/platform.dir/platform.c.obj
[589/915] Building C object esp-idf/mbedtls/mbedtls/tf-psa-crypto/platform/CMakeFiles/platform.dir/platform_util.c.obj
[590/915] Building C object esp-idf/mbedtls/mbedtls/tf-psa-crypto/drivers/builtin/CMakeFiles/builtin.dir/src/bignum.c.obj
[591/915] Building C object esp-idf/mbedtls/mbedtls/tf-psa-crypto/platform/CMakeFiles/platform.dir/threading.c.obj
[592/915] Building C object esp-idf/mbedtls/mbedtls/tf-psa-crypto/utilities/CMakeFiles/utilities.dir/constant_time.c.obj
[593/915] Building C object esp-idf/mbedtls/mbedtls/tf-psa-crypto/drivers/builtin/CMakeFiles/builtin.dir/src/ecp.c.obj
[594/915] Building C object esp-idf/mbedtls/mbedtls/tf-psa-crypto/core/CMakeFiles/tfpsacrypto.dir/psa_crypto_random.c.obj
[595/915] Building C object esp-idf/mbedtls/mbedtls/tf-psa-crypto/utilities/CMakeFiles/utilities.dir/oid.c.obj
[596/915] Building C object esp-idf/mbedtls/mbedtls/tf-psa-crypto/utilities/CMakeFiles/utilities.dir/base64.c.obj
[597/915] Building C object esp-idf/mbedtls/mbedtls/tf-psa-crypto/core/CMakeFiles/tfpsacrypto.dir/psa_crypto_client.c.obj
[598/915] Building C object esp-idf/mbedtls/mbedtls/tf-psa-crypto/utilities/CMakeFiles/utilities.dir/asn1write.c.obj
[599/915] Building C object esp-idf/mbedtls/mbedtls/tf-psa-crypto/extras/CMakeFiles/extras.dir/pkparse.c.obj
[600/915] Building C object esp-idf/mbedtls/mbedtls/tf-psa-crypto/utilities/CMakeFiles/utilities.dir/asn1parse.c.obj
[601/915] Building C object esp-idf/mbedtls/mbedtls/tf-psa-crypto/core/CMakeFiles/tfpsacrypto.dir/psa_its_file.c.obj
[602/915] Building C object esp-idf/mbedtls/mbedtls/tf-psa-crypto/core/CMakeFiles/tfpsacrypto.dir/tf_psa_crypto_version.c.obj
[603/915] Building C object esp-idf/mbedtls/mbedtls/tf-psa-crypto/core/CMakeFiles/tfpsacrypto.dir/tf_psa_crypto_config.c.obj
[604/915] Building C object esp-idf/mbedtls/mbedtls/tf-psa-crypto/utilities/CMakeFiles/utilities.dir/pem.c.obj
[605/915] Building C object esp-idf/mbedtls/mbedtls/tf-psa-crypto/utilities/CMakeFiles/utilities.dir/pkcs5.c.obj
[606/915] Building C object esp-idf/mbedtls/mbedtls/tf-psa-crypto/core/CMakeFiles/tfpsacrypto.dir$HOME/.espressif/v6.0.2/esp-idf/components/mbedtls/port/sha/core/esp_sha_gdma_impl.c.obj
[607/915] Building C object esp-idf/mbedtls/mbedtls/tf-psa-crypto/core/CMakeFiles/tfpsacrypto.dir/psa_util.c.obj
[608/915] Building C object esp-idf/mbedtls/mbedtls/tf-psa-crypto/core/CMakeFiles/tfpsacrypto.dir/psa_crypto_driver_wrappers_no_static.c.obj
[609/915] Building C object esp-idf/mbedtls/mbedtls/tf-psa-crypto/core/CMakeFiles/tfpsacrypto.dir$HOME/.espressif/v6.0.2/esp-idf/components/mbedtls/port/aes/dma/esp_aes_gdma_impl.c.obj
[610/915] Building C object esp-idf/mbedtls/mbedtls/tf-psa-crypto/core/CMakeFiles/tfpsacrypto.dir/psa_crypto_storage.c.obj
[611/915] Building C object esp-idf/mbedtls/mbedtls/tf-psa-crypto/extras/CMakeFiles/extras.dir/pk.c.obj
[612/915] Building C object esp-idf/mbedtls/mbedtls/tf-psa-crypto/core/CMakeFiles/tfpsacrypto.dir$HOME/.espressif/v6.0.2/esp-idf/components/mbedtls/port/crypto_shared_gdma/esp_crypto_shared_gdma.c.obj
[613/915] Building C object esp-idf/mbedtls/mbedtls/tf-psa-crypto/drivers/builtin/CMakeFiles/builtin.dir/src/rsa.c.obj
[614/915] Building C object esp-idf/mbedtls/mbedtls/tf-psa-crypto/core/CMakeFiles/tfpsacrypto.dir$HOME/.espressif/v6.0.2/esp-idf/components/mbedtls/port/esp_hardware.c.obj
[615/915] Building C object esp-idf/mbedtls/mbedtls/tf-psa-crypto/core/CMakeFiles/tfpsacrypto.dir$HOME/.espressif/v6.0.2/esp-idf/components/mbedtls/port/psa_crypto_storage/esp_psa_its.c.obj
[616/915] Building C object esp-idf/mbedtls/mbedtls/tf-psa-crypto/core/CMakeFiles/tfpsacrypto.dir/psa_crypto_slot_management.c.obj
[617/915] Building C object esp-idf/mbedtls/mbedtls/tf-psa-crypto/core/CMakeFiles/tfpsacrypto.dir$HOME/.espressif/v6.0.2/esp-idf/components/mbedtls/port/aes/esp_aes_common.c.obj
[618/915] Building C object esp-idf/mbedtls/mbedtls/tf-psa-crypto/core/CMakeFiles/tfpsacrypto.dir$HOME/.espressif/v6.0.2/esp-idf/components/mbedtls/port/aes/esp_aes_xts.c.obj
[619/915] Building C object esp-idf/mbedtls/mbedtls/tf-psa-crypto/core/CMakeFiles/tfpsacrypto.dir$HOME/.espressif/v6.0.2/esp-idf/components/mbedtls/port/sha/esp_sha.c.obj
[620/915] Building C object esp-idf/mbedtls/mbedtls/tf-psa-crypto/core/CMakeFiles/tfpsacrypto.dir$HOME/.espressif/v6.0.2/esp-idf/components/mbedtls/port/psa_driver/esp_sha/core/psa_crypto_driver_esp_sha512.c.obj
[621/915] Linking CXX static library esp-idf/mbedtls/mbedtls/tf-psa-crypto/drivers/builtin/libmbed-builtin.a
[622/915] Building C object esp-idf/mbedtls/mbedtls/tf-psa-crypto/core/CMakeFiles/tfpsacrypto.dir$HOME/.espressif/v6.0.2/esp-idf/components/mbedtls/port/psa_driver/esp_sha/psa_crypto_driver_esp_sha.c.obj
[623/915] Building C object esp-idf/mbedtls/mbedtls/tf-psa-crypto/core/CMakeFiles/tfpsacrypto.dir$HOME/.espressif/v6.0.2/esp-idf/components/mbedtls/port/psa_driver/esp_sha/core/psa_crypto_driver_esp_sha256.c.obj
[624/915] Building C object esp-idf/mbedtls/mbedtls/tf-psa-crypto/core/CMakeFiles/tfpsacrypto.dir$HOME/.espressif/v6.0.2/esp-idf/components/mbedtls/port/aes/dma/esp_aes_dma_core.c.obj
[625/915] Building C object esp-idf/mbedtls/mbedtls/tf-psa-crypto/core/CMakeFiles/tfpsacrypto.dir$HOME/.espressif/v6.0.2/esp-idf/components/mbedtls/port/psa_driver/esp_sha/core/psa_crypto_driver_esp_sha1.c.obj
[626/915] Building C object esp-idf/mbedtls/mbedtls/tf-psa-crypto/core/CMakeFiles/tfpsacrypto.dir$HOME/.espressif/v6.0.2/esp-idf/components/mbedtls/port/psa_driver/esp_md/psa_crypto_driver_esp_md5.c.obj
[627/915] Linking CXX static library esp-idf/mbedtls/mbedtls/tf-psa-crypto/drivers/pqcp/libpqcp.a
[628/915] Building C object esp-idf/mbedtls/mbedtls/tf-psa-crypto/core/CMakeFiles/tfpsacrypto.dir$HOME/.espressif/v6.0.2/esp-idf/components/mbedtls/port/aes/esp_aes.c.obj
[629/915] Building C object esp-idf/mbedtls/mbedtls/tf-psa-crypto/core/CMakeFiles/tfpsacrypto.dir$HOME/.espressif/v6.0.2/esp-idf/components/mbedtls/port/psa_driver/esp_mac/psa_crypto_driver_esp_hmac_transparent.c.obj
[630/915] Building C object esp-idf/mbedtls/mbedtls/tf-psa-crypto/core/CMakeFiles/tfpsacrypto.dir$HOME/.espressif/v6.0.2/esp-idf/components/mbedtls/port/bignum/bignum_alt.c.obj
[631/915] Building C object esp-idf/mbedtls/mbedtls/tf-psa-crypto/core/CMakeFiles/tfpsacrypto.dir$HOME/.espressif/v6.0.2/esp-idf/components/mbedtls/port/aes/esp_aes_gcm.c.obj
[632/915] Building C object esp-idf/mbedtls/mbedtls/tf-psa-crypto/core/CMakeFiles/tfpsacrypto.dir$HOME/.espressif/v6.0.2/esp-idf/components/mbedtls/port/psa_driver/esp_mac/psa_crypto_driver_esp_hmac_opaque.c.obj
[633/915] Building C object esp-idf/mbedtls/mbedtls/tf-psa-crypto/core/CMakeFiles/tfpsacrypto.dir$HOME/.espressif/v6.0.2/esp-idf/components/mbedtls/port/sha/core/sha.c.obj
[634/915] Linking CXX static library esp-idf/mbedtls/mbedtls/tf-psa-crypto/extras/libextras.a
[635/915] Building C object esp-idf/mbedtls/mbedtls/tf-psa-crypto/core/CMakeFiles/tfpsacrypto.dir$HOME/.espressif/v6.0.2/esp-idf/components/mbedtls/port/esp_hmac_pbkdf2.c.obj
[636/915] Building C object esp-idf/mbedtls/mbedtls/library/CMakeFiles/mbedtls.dir/debug.c.obj
[637/915] Building C object esp-idf/mbedtls/mbedtls/library/CMakeFiles/mbedtls.dir/mps_trace.c.obj
[638/915] Linking CXX static library esp-idf/mbedtls/mbedtls/tf-psa-crypto/platform/libplatform.a
[639/915] Building C object esp-idf/mbedtls/mbedtls/library/CMakeFiles/mbedtls.dir/mps_reader.c.obj
[640/915] Building C object esp-idf/mbedtls/mbedtls/tf-psa-crypto/core/CMakeFiles/tfpsacrypto.dir$HOME/.espressif/v6.0.2/esp-idf/components/mbedtls/port/psa_driver/esp_aes/psa_crypto_driver_esp_aes_gcm.c.obj
[641/915] Building C object esp-idf/mbedtls/mbedtls/library/CMakeFiles/mbedtls.dir/ssl_cookie.c.obj
[642/915] Building C object esp-idf/mbedtls/mbedtls/tf-psa-crypto/core/CMakeFiles/tfpsacrypto.dir$HOME/.espressif/v6.0.2/esp-idf/components/mbedtls/port/bignum/esp_bignum.c.obj
[643/915] Building C object esp-idf/mbedtls/mbedtls/tf-psa-crypto/core/CMakeFiles/tfpsacrypto.dir$HOME/.espressif/v6.0.2/esp-idf/components/mbedtls/port/psa_driver/esp_mac/psa_crypto_driver_esp_cmac.c.obj
[644/915] Linking CXX static library esp-idf/mbedtls/mbedtls/tf-psa-crypto/utilities/libutilities.a
[645/915] Building C object esp-idf/mbedtls/mbedtls/library/CMakeFiles/mbedtls.dir/ssl_debug_helpers_generated.c.obj
[646/915] Building C object esp-idf/mbedtls/mbedtls/library/CMakeFiles/mbedtls.dir/ssl_ciphersuites.c.obj
[647/915] Building C object esp-idf/mbedtls/mbedtls/library/CMakeFiles/mbedtls.dir/ssl_cache.c.obj
[648/915] Building C object esp-idf/mbedtls/mbedtls/library/CMakeFiles/mbedtls.dir/ssl_tls13_keys.c.obj
[649/915] Building C object esp-idf/mbedtls/mbedtls/library/CMakeFiles/mbedtls.dir/ssl_tls13_server.c.obj
[650/915] Building C object esp-idf/mbedtls/mbedtls/library/CMakeFiles/mbedtls.dir/ssl_tls13_client.c.obj
[651/915] Building C object esp-idf/mbedtls/mbedtls/tf-psa-crypto/core/CMakeFiles/tfpsacrypto.dir$HOME/.espressif/v6.0.2/esp-idf/components/mbedtls/port/psa_driver/esp_aes/psa_crypto_driver_esp_aes.c.obj
[652/915] Building C object esp-idf/mbedtls/mbedtls/library/CMakeFiles/mbedtls.dir/ssl_tls13_generic.c.obj
[653/915] Building C object esp-idf/mbedtls/mbedtls/library/CMakeFiles/mbedtls.dir/timing.c.obj
[654/915] Building C object esp-idf/mbedtls/mbedtls/library/CMakeFiles/mbedtls.dir/version_features.c.obj
[655/915] Building C object esp-idf/mbedtls/mbedtls/library/CMakeFiles/mbedtls.dir/version.c.obj
[656/915] Building C object esp-idf/mbedtls/mbedtls/library/CMakeFiles/mbedtls.dir/ssl_client.c.obj
[657/915] Building C object esp-idf/mbedtls/mbedtls/library/CMakeFiles/mbedtls.dir$HOME/.espressif/v6.0.2/esp-idf/components/mbedtls/port/mbedtls_debug.c.obj
[658/915] Building C object esp-idf/mbedtls/mbedtls/library/CMakeFiles/mbedtls.dir$HOME/.espressif/v6.0.2/esp-idf/components/mbedtls/port/esp_platform_time.c.obj
[659/915] Building C object esp-idf/mbedtls/mbedtls/library/CMakeFiles/mbedtls.dir$HOME/.espressif/v6.0.2/esp-idf/components/mbedtls/port/esp_timing.c.obj
[660/915] Building C object esp-idf/mbedtls/mbedtls/library/CMakeFiles/mbedtls.dir/ssl_ticket.c.obj
[661/915] Building C object esp-idf/mbedtls/mbedtls/library/CMakeFiles/mbedx509.dir/mbedtls_config.c.obj
[662/915] Building C object esp-idf/mbedtls/mbedtls/library/CMakeFiles/mbedtls.dir$HOME/.espressif/v6.0.2/esp-idf/components/mbedtls/port/esp_psa_crypto_init.c.obj
[663/915] Building C object esp-idf/mbedtls/mbedtls/library/CMakeFiles/mbedx509.dir/x509_create.c.obj
[664/915] Building C object esp-idf/mbedtls/mbedtls/library/CMakeFiles/mbedx509.dir/error.c.obj
[665/915] Building C object esp-idf/mbedtls/mbedtls/library/CMakeFiles/mbedx509.dir/pkcs7.c.obj
[666/915] Building C object esp-idf/mbedtls/mbedtls/library/CMakeFiles/mbedtls.dir$HOME/.espressif/v6.0.2/esp-idf/components/mbedtls/port/net_sockets.c.obj
[667/915] Building C object esp-idf/mbedtls/mbedtls/library/CMakeFiles/mbedx509.dir/x509_crl.c.obj
[668/915] Building C object esp-idf/mbedtls/mbedtls/library/CMakeFiles/mbedtls.dir/ssl_tls12_client.c.obj
[669/915] Creating directories for 'bootloader'
[670/915] Building C object esp-idf/mbedtls/mbedtls/library/CMakeFiles/mbedx509.dir/x509write.c.obj
[671/915] Building C object esp-idf/mbedtls/mbedtls/library/CMakeFiles/mbedx509.dir/x509_oid.c.obj
[672/915] Building C object esp-idf/mbedtls/mbedtls/library/CMakeFiles/mbedx509.dir/x509_csr.c.obj
[673/915] No download step for 'bootloader'
[674/915] Building C object esp-idf/mbedtls/mbedtls/library/CMakeFiles/mbedx509.dir/x509write_csr.c.obj
[675/915] Building C object esp-idf/mbedtls/mbedtls/library/CMakeFiles/mbedx509.dir/x509write_crt.c.obj
[676/915] No update step for 'bootloader'
[677/915] No patch step for 'bootloader'
[678/915] Building C object esp-idf/mbedtls/mbedtls/library/CMakeFiles/mbedtls.dir/ssl_tls12_server.c.obj
[679/915] Building C object esp-idf/mbedtls/mbedtls/library/CMakeFiles/mbedtls.dir/ssl_msg.c.obj
[680/915] Building C object esp-idf/mbedtls/mbedtls/library/CMakeFiles/mbedx509.dir/x509.c.obj
[681/915] Building C object esp-idf/mbedtls/mbedtls/library/CMakeFiles/mbedx509.dir/x509_crt.c.obj
[682/915] Building C object esp-idf/mbedtls/mbedtls/library/CMakeFiles/mbedtls.dir/ssl_tls.c.obj
[683/915] Building C object esp-idf/mbedtls/mbedtls/tf-psa-crypto/core/CMakeFiles/tfpsacrypto.dir/psa_crypto.c.obj
[684/915] Linking CXX static library esp-idf/mbedtls/mbedtls/tf-psa-crypto/core/libtfpsacrypto.a
[685/915] Linking CXX static library esp-idf/mbedtls/mbedtls/library/libmbedtls.a
[686/915] Linking CXX static library esp-idf/mbedtls/mbedtls/library/libmbedx509.a
[687/915] Generating x509_crt_bundle
[688/915] Generating ../../x509_crt_bundle.S
[689/915] Building ASM object esp-idf/mbedtls/CMakeFiles/__idf_mbedtls.dir/__/__/x509_crt_bundle.S.obj
[690/915] Building C object esp-idf/mbedtls/CMakeFiles/__idf_mbedtls.dir/port/esp_mem.c.obj
[691/915] Building C object esp-idf/esp_driver_dma/CMakeFiles/__idf_esp_driver_dma.dir/src/esp_async_memcpy.c.obj
[692/915] Building C object esp-idf/esp_mm/CMakeFiles/__idf_esp_mm.dir/port/esp32s3/ext_mem_layout.c.obj
[693/915] Building C object esp-idf/esp_driver_dma/CMakeFiles/__idf_esp_driver_dma.dir/src/esp_dma_utils.c.obj
[694/915] Building C object esp-idf/esp_pm/CMakeFiles/__idf_esp_pm.dir/pm_locks.c.obj
[695/915] Building C object esp-idf/esp_mm/CMakeFiles/__idf_esp_mm.dir/esp_cache_msync.c.obj
[696/915] Building C object esp-idf/esp_pm/CMakeFiles/__idf_esp_pm.dir/pm_trace.c.obj
[697/915] Building C object esp-idf/esp_mm/CMakeFiles/__idf_esp_mm.dir/esp_cache_utils.c.obj
[698/915] Building C object esp-idf/esp_hal_uart/CMakeFiles/__idf_esp_hal_uart.dir/esp32s3/uart_periph.c.obj
[699/915] Building C object esp-idf/esp_hal_uart/CMakeFiles/__idf_esp_hal_uart.dir/uhci_hal.c.obj
[700/915] Building C object esp-idf/esp_hal_uart/CMakeFiles/__idf_esp_hal_uart.dir/uart_hal_iram.c.obj
[701/915] Building C object esp-idf/esp_driver_gpio/CMakeFiles/__idf_esp_driver_gpio.dir/src/gpio_glitch_filter_ops.c.obj
[702/915] Building C object esp-idf/mbedtls/CMakeFiles/__idf_mbedtls.dir/esp_crt_bundle/esp_crt_bundle.c.obj
[703/915] Building C object esp-idf/esp_pm/CMakeFiles/__idf_esp_pm.dir/pm_impl.c.obj
[704/915] Building C object esp-idf/esp_driver_dma/CMakeFiles/__idf_esp_driver_dma.dir/src/gdma_link.c.obj
[705/915] Building C object esp-idf/esp_hal_uart/CMakeFiles/__idf_esp_hal_uart.dir/uart_hal.c.obj
[706/915] Linking C static library esp-idf/mbedtls/libmbedtls.a
[707/915] Building C object esp-idf/esp_security/CMakeFiles/__idf_esp_security.dir/src/init.c.obj
[708/915] Building C object esp-idf/esp_driver_dma/CMakeFiles/__idf_esp_driver_dma.dir/src/async_memcpy_gdma.c.obj
[709/915] Building C object esp-idf/esp_security/CMakeFiles/__idf_esp_security.dir/src/esp_crypto_lock.c.obj
[710/915] Building C object esp-idf/esp_driver_gpio/CMakeFiles/__idf_esp_driver_gpio.dir/src/gpio_pin_glitch_filter.c.obj
[711/915] Building C object esp-idf/esp_security/CMakeFiles/__idf_esp_security.dir/src/esp_hmac.c.obj
[712/915] Building C object esp-idf/esp_security/CMakeFiles/__idf_esp_security.dir/src/esp_crypto_periph_clk.c.obj
[713/915] Building C object esp-idf/esp_timer/CMakeFiles/__idf_esp_timer.dir/src/esp_timer_init.c.obj
[714/915] Building C object esp-idf/esp_mm/CMakeFiles/__idf_esp_mm.dir/esp_mmu_map.c.obj
[715/915] Building C object esp-idf/esp_timer/CMakeFiles/__idf_esp_timer.dir/src/system_time.c.obj
[716/915] Building C object esp-idf/esp_timer/CMakeFiles/__idf_esp_timer.dir/src/esp_timer_impl_common.c.obj
[717/915] Building C object esp-idf/esp_security/CMakeFiles/__idf_esp_security.dir/src/esp_ds.c.obj
[718/915] Building C object esp-idf/esp_timer/CMakeFiles/__idf_esp_timer.dir/src/ets_timer_legacy.c.obj
[719/915] Building C object esp-idf/esp_driver_gpio/CMakeFiles/__idf_esp_driver_gpio.dir/src/dedic_gpio.c.obj
[720/915] Building C object esp-idf/esp_hal_timg/CMakeFiles/__idf_esp_hal_timg.dir/esp32s3/timer_periph.c.obj
[721/915] Building C object esp-idf/efuse/CMakeFiles/__idf_efuse.dir/esp32s3/esp_efuse_table.c.obj
[722/915] Building C object esp-idf/esp_hal_timg/CMakeFiles/__idf_esp_hal_timg.dir/timer_hal.c.obj
[723/915] Building C object esp-idf/efuse/CMakeFiles/__idf_efuse.dir/esp32s3/esp_efuse_fields.c.obj
[724/915] Building C object esp-idf/esp_driver_gpio/CMakeFiles/__idf_esp_driver_gpio.dir/src/rtc_io.c.obj
[725/915] Building C object esp-idf/efuse/CMakeFiles/__idf_efuse.dir/esp32s3/esp_efuse_rtc_calib.c.obj
[726/915] Building C object esp-idf/esp_driver_dma/CMakeFiles/__idf_esp_driver_dma.dir/src/gdma.c.obj
[727/915] Building C object esp-idf/esp_timer/CMakeFiles/__idf_esp_timer.dir/src/esp_timer_impl_systimer.c.obj
[728/915] Building C object esp-idf/efuse/CMakeFiles/__idf_efuse.dir/esp32s3/esp_efuse_utility.c.obj
[729/915] Building C object esp-idf/efuse/CMakeFiles/__idf_efuse.dir/src/esp_efuse_startup.c.obj
[730/915] Building C object esp-idf/efuse/CMakeFiles/__idf_efuse.dir/src/esp_efuse_fields.c.obj
[731/915] Building C object esp-idf/esp_timer/CMakeFiles/__idf_esp_timer.dir/src/esp_timer.c.obj
[732/915] Linking C static library esp-idf/esp_driver_dma/libesp_driver_dma.a
[733/915] Building C object esp-idf/esp_bootloader_format/CMakeFiles/__idf_esp_bootloader_format.dir/esp_bootloader_desc.c.obj
[734/915] Building C object esp-idf/efuse/CMakeFiles/__idf_efuse.dir/src/esp_efuse_api.c.obj
[735/915] Building C object esp-idf/efuse/CMakeFiles/__idf_efuse.dir/src/efuse_controller/keys/with_key_purposes/esp_efuse_api_key.c.obj
[736/915] Linking C static library esp-idf/esp_mm/libesp_mm.a
[737/915] Building C object esp-idf/esp_partition/CMakeFiles/__idf_esp_partition.dir/partition_target.c.obj
[738/915] Building C object esp-idf/esp_hal_security/CMakeFiles/__idf_esp_hal_security.dir/mpi_hal.c.obj
[739/915] Building C object esp-idf/esp_app_format/CMakeFiles/__idf_esp_app_format.dir/esp_app_desc.c.obj
[740/915] Building C object esp-idf/esp_hal_security/CMakeFiles/__idf_esp_hal_security.dir/sha_hal.c.obj
[741/915] Linking C static library esp-idf/esp_pm/libesp_pm.a
[742/915] Building C object esp-idf/esp_hal_security/CMakeFiles/__idf_esp_hal_security.dir/hmac_hal.c.obj
[743/915] Building C object esp-idf/esp_hal_security/CMakeFiles/__idf_esp_hal_security.dir/aes_hal.c.obj
[744/915] Building C object esp-idf/esp_hal_security/CMakeFiles/__idf_esp_hal_security.dir/mpu_hal.c.obj
[745/915] Building C object esp-idf/efuse/CMakeFiles/__idf_efuse.dir/src/esp_efuse_utility.c.obj
[746/915] Building C object esp-idf/esp_hal_security/CMakeFiles/__idf_esp_hal_security.dir/ds_hal.c.obj
[747/915] Building C object esp-idf/esp_hal_mspi/CMakeFiles/__idf_esp_hal_mspi.dir/spi_flash_hal.c.obj
[748/915] Building C object esp-idf/esp_hal_mspi/CMakeFiles/__idf_esp_hal_mspi.dir/spi_flash_encrypt_hal_iram.c.obj
[749/915] Linking C static library esp-idf/esp_hal_uart/libesp_hal_uart.a
[750/915] Building C object esp-idf/esp_hal_gpspi/CMakeFiles/__idf_esp_hal_gpspi.dir/esp32s3/spi_periph.c.obj
[751/915] Building C object esp-idf/esp_partition/CMakeFiles/__idf_esp_partition.dir/partition.c.obj
[752/915] Building C object esp-idf/esp_hal_gpspi/CMakeFiles/__idf_esp_hal_gpspi.dir/spi_slave_hal.c.obj
[753/915] Building C object esp-idf/esp_hal_clock/CMakeFiles/__idf_esp_hal_clock.dir/esp32s3/clk_tree_hal.c.obj
[754/915] Building C object esp-idf/esp_hal_gpspi/CMakeFiles/__idf_esp_hal_gpspi.dir/spi_slave_hal_iram.c.obj
[755/915] Building C object esp-idf/esp_hal_dma/CMakeFiles/__idf_esp_hal_dma.dir/esp32s3/gdma_periph.c.obj
[756/915] Building C object esp-idf/esp_hal_gpspi/CMakeFiles/__idf_esp_hal_gpspi.dir/spi_hal.c.obj
[757/915] Building C object esp-idf/esp_hal_mspi/CMakeFiles/__idf_esp_hal_mspi.dir/spi_flash_hal_gpspi.c.obj
[758/915] Building C object esp-idf/esp_hal_dma/CMakeFiles/__idf_esp_hal_dma.dir/gdma_hal_top.c.obj
[759/915] Building C object esp-idf/esp_stdio/CMakeFiles/__idf_esp_stdio.dir/stdio_simple.c.obj
[760/915] Building C object esp-idf/xtensa/CMakeFiles/__idf_xtensa.dir/eri.c.obj
[761/915] Building C object esp-idf/xtensa/CMakeFiles/__idf_xtensa.dir/xt_trax.c.obj
[762/915] Building C object esp-idf/esp_stdio/CMakeFiles/__idf_esp_stdio.dir/stdio_syscalls_simple.c.obj
[763/915] Building C object esp-idf/esp_hal_mspi/CMakeFiles/__idf_esp_hal_mspi.dir/spi_flash_hal_iram.c.obj
[764/915] Building ASM object esp-idf/xtensa/CMakeFiles/__idf_xtensa.dir/xtensa_context.S.obj
[765/915] Building ASM object esp-idf/xtensa/CMakeFiles/__idf_xtensa.dir/xtensa_intr_asm.S.obj
[766/915] Building ASM object esp-idf/xtensa/CMakeFiles/__idf_xtensa.dir/xtensa_vectors.S.obj
[767/915] Building C object esp-idf/app_update/CMakeFiles/__idf_app_update.dir/esp_ota_ops.c.obj
[768/915] Building C object esp-idf/esp_hal_i2c/CMakeFiles/__idf_esp_hal_i2c.dir/esp32s3/i2c_periph.c.obj
[769/915] Building C object esp-idf/esp_stdio/CMakeFiles/__idf_esp_stdio.dir/stdio_vfs.c.obj
[770/915] Building C object esp-idf/xtensa/CMakeFiles/__idf_xtensa.dir/xtensa_intr.c.obj
[771/915] Building C object esp-idf/esp_hal_i2c/CMakeFiles/__idf_esp_hal_i2c.dir/i2c_hal_iram.c.obj
[772/915] Building C object esp-idf/esp_hal_dma/CMakeFiles/__idf_esp_hal_dma.dir/gdma_hal_ahb_v1.c.obj
[773/915] Building C object esp-idf/esp_driver_gpio/CMakeFiles/__idf_esp_driver_gpio.dir/src/gpio.c.obj
[774/915] Linking C static library esp-idf/esp_driver_gpio/libesp_driver_gpio.a
[775/915] Building C object esp-idf/esp_hal_i2c/CMakeFiles/__idf_esp_hal_i2c.dir/i2c_hal.c.obj
[776/915] Linking C static library esp-idf/esp_security/libesp_security.a
[777/915] Building C object esp-idf/esp_hal_gpspi/CMakeFiles/__idf_esp_hal_gpspi.dir/spi_hal_iram.c.obj
[778/915] Building C object esp-idf/esp_hal_lcd/CMakeFiles/__idf_esp_hal_lcd.dir/lcd_hal.c.obj
[779/915] Building C object esp-idf/esp_hal_lcd/CMakeFiles/__idf_esp_hal_lcd.dir/esp32s3/lcd_periph.c.obj
[780/915] Linking C static library esp-idf/esp_timer/libesp_timer.a
[781/915] Building C object esp-idf/esp_hal_gpspi/CMakeFiles/__idf_esp_hal_gpspi.dir/spi_slave_hd_hal.c.obj
[782/915] Linking C static library esp-idf/esp_hal_timg/libesp_hal_timg.a
[783/915] Building C object esp-idf/esp_driver_i2c/CMakeFiles/__idf_esp_driver_i2c.dir/i2c_common.c.obj
[784/915] Linking C static library esp-idf/efuse/libefuse.a
[785/915] Linking C static library esp-idf/esp_partition/libesp_partition.a
[786/915] Linking C static library esp-idf/app_update/libapp_update.a
[787/915] Linking C static library esp-idf/esp_bootloader_format/libesp_bootloader_format.a
[788/915] Building C object esp-idf/esp_driver_i2c/CMakeFiles/__idf_esp_driver_i2c.dir/i2c_slave.c.obj
[789/915] Linking C static library esp-idf/esp_app_format/libesp_app_format.a
[790/915] Building C object esp-idf/esp_driver_spi/CMakeFiles/__idf_esp_driver_spi.dir/src/gpspi/spi_slave.c.obj
[791/915] Building C object esp-idf/esp_driver_i2s/CMakeFiles/__idf_esp_driver_i2s.dir/i2s_std.c.obj
[792/915] Linking C static library esp-idf/esp_hal_security/libesp_hal_security.a
[793/915] Building C object esp-idf/esp_hal_twai/CMakeFiles/__idf_esp_hal_twai.dir/esp32s3/twai_periph.c.obj
[794/915] Building C object esp-idf/esp_driver_i2s/CMakeFiles/__idf_esp_driver_i2s.dir/i2s_platform.c.obj
[795/915] Linking C static library esp-idf/esp_hal_mspi/libesp_hal_mspi.a
[796/915] Building C object esp-idf/esp_driver_spi/CMakeFiles/__idf_esp_driver_spi.dir/src/gpspi/spi_slave_hd.c.obj
[797/915] Building C object esp-idf/esp_driver_i2s/CMakeFiles/__idf_esp_driver_i2s.dir/i2s_tdm.c.obj
[798/915] Linking C static library esp-idf/esp_hal_clock/libesp_hal_clock.a
[799/915] Building C object esp-idf/esp_lcd/CMakeFiles/__idf_esp_lcd.dir/src/esp_lcd_panel_io.c.obj
[800/915] Building C object esp-idf/esp_lcd/CMakeFiles/__idf_esp_lcd.dir/src/esp_lcd_common.c.obj
[801/915] Linking C static library esp-idf/esp_hal_gpspi/libesp_hal_gpspi.a
[802/915] Building C object esp-idf/esp_lcd/CMakeFiles/__idf_esp_lcd.dir/src/esp_lcd_panel_ssd1306.c.obj
[803/915] Linking C static library esp-idf/esp_hal_dma/libesp_hal_dma.a
[804/915] Building C object esp-idf/esp_lcd/CMakeFiles/__idf_esp_lcd.dir/src/esp_lcd_panel_ops.c.obj
[805/915] Building C object esp-idf/esp_driver_spi/CMakeFiles/__idf_esp_driver_spi.dir/src/gpspi/spi_common.c.obj
[806/915] Building C object esp-idf/esp_driver_i2s/CMakeFiles/__idf_esp_driver_i2s.dir/i2s_pdm.c.obj
[807/915] Building C object esp-idf/esp_lcd/CMakeFiles/__idf_esp_lcd.dir/i2c/esp_lcd_panel_io_i2c.c.obj
[808/915] Linking C static library esp-idf/esp_stdio/libesp_stdio.a
[809/915] Building C object esp-idf/esp_lcd/CMakeFiles/__idf_esp_lcd.dir/src/esp_lcd_panel_st7789.c.obj
[810/915] Building C object esp-idf/esp_hal_twai/CMakeFiles/__idf_esp_hal_twai.dir/twai_hal_v1.c.obj
[811/915] Linking C static library esp-idf/xtensa/libxtensa.a
[812/915] Building C object esp-idf/esp_driver_i2s/CMakeFiles/__idf_esp_driver_i2s.dir/i2s_common.c.obj
[813/915] Linking C static library esp-idf/esp_hal_i2c/libesp_hal_i2c.a
[814/915] Linking C static library esp-idf/esp_hal_lcd/libesp_hal_lcd.a
[815/915] Building C object esp-idf/esp_driver_spi/CMakeFiles/__idf_esp_driver_spi.dir/src/gpspi/spi_master.c.obj
[816/915] Linking C static library esp-idf/esp_hal_twai/libesp_hal_twai.a
[817/915] Building C object esp-idf/driver/CMakeFiles/__idf_driver.dir/touch_sensor/touch_sensor_common.c.obj
[818/915] Linking C static library esp-idf/esp_driver_i2s/libesp_driver_i2s.a
[819/915] Building C object esp-idf/esp_driver_i2c/CMakeFiles/__idf_esp_driver_i2c.dir/i2c_master.c.obj
[820/915] Linking C static library esp-idf/esp_driver_spi/libesp_driver_spi.a
[821/915] Building C object esp-idf/espressif__esp_lcd_co5300/CMakeFiles/__idf_espressif__esp_lcd_co5300.dir/esp_lcd_co5300.c.obj
[822/915] Building C object esp-idf/espressif__esp_lcd_qemu_rgb/CMakeFiles/__idf_espressif__esp_lcd_qemu_rgb.dir/src/esp_lcd_qemu_rgb.c.obj
[823/915] Linking C static library esp-idf/esp_driver_i2c/libesp_driver_i2c.a
[824/915] Building C object esp-idf/espressif__esp_lcd_co5300/CMakeFiles/__idf_espressif__esp_lcd_co5300.dir/esp_lcd_co5300_mipi.c.obj
[825/915] Building C object esp-idf/esp_lcd/CMakeFiles/__idf_esp_lcd.dir/spi/esp_lcd_panel_io_spi.c.obj
[826/915] Building C object esp-idf/driver/CMakeFiles/__idf_driver.dir/twai/twai.c.obj
[827/915] Building C object esp-idf/espressif__tinyusb/CMakeFiles/__idf_espressif__tinyusb.dir/src/class/cdc/cdc_device.c.obj
[828/915] Building C object esp-idf/espressif__tinyusb/CMakeFiles/__idf_espressif__tinyusb.dir/src/class/hid/hid_device.c.obj
[829/915] Building C object esp-idf/espressif__tinyusb/CMakeFiles/__idf_espressif__tinyusb.dir/src/class/midi/midi_device.c.obj
[830/915] Building C object esp-idf/espressif__tinyusb/CMakeFiles/__idf_espressif__tinyusb.dir/src/class/midi/midi2_device.c.obj
[831/915] Building C object esp-idf/espressif__tinyusb/CMakeFiles/__idf_espressif__tinyusb.dir/src/class/mtp/mtp_device.c.obj
[832/915] Building C object esp-idf/espressif__tinyusb/CMakeFiles/__idf_espressif__tinyusb.dir/src/class/printer/printer_device.c.obj
[833/915] Building C object esp-idf/espressif__esp_lcd_touch_cst816s/CMakeFiles/__idf_espressif__esp_lcd_touch_cst816s.dir/esp_lcd_touch_cst816s.c.obj
[834/915] Building C object esp-idf/espressif__esp_lcd_touch/CMakeFiles/__idf_espressif__esp_lcd_touch.dir/esp_lcd_touch.c.obj
[835/915] Building C object esp-idf/espressif__tinyusb/CMakeFiles/__idf_espressif__tinyusb.dir/src/class/vendor/vendor_device.c.obj
[836/915] Building C object esp-idf/waveshare__pcf85063a/CMakeFiles/__idf_waveshare__pcf85063a.dir/pcf85063a.c.obj
[837/915] Building C object esp-idf/espressif__tinyusb/CMakeFiles/__idf_espressif__tinyusb.dir/src/class/audio/audio_device.c.obj
[838/915] Building C object esp-idf/espressif__esp_lcd_co5300/CMakeFiles/__idf_espressif__esp_lcd_co5300.dir/esp_lcd_co5300_spi.c.obj
[839/915] Building C object esp-idf/espressif__tinyusb/CMakeFiles/__idf_espressif__tinyusb.dir/src/class/video/video_device.c.obj
[840/915] Building C object esp-idf/espressif__tinyusb/CMakeFiles/__idf_espressif__tinyusb.dir/src/class/bth/bth_device.c.obj
[841/915] Building C object esp-idf/espressif__tinyusb/CMakeFiles/__idf_espressif__tinyusb.dir/src/class/usbtmc/usbtmc_device.c.obj
[842/915] Building C object esp-idf/espressif__tinyusb/CMakeFiles/__idf_espressif__tinyusb.dir/src/class/net/ecm_rndis_device.c.obj
[843/915] Building C object esp-idf/espressif__tinyusb/CMakeFiles/__idf_espressif__tinyusb.dir/src/class/net/ncm_device.c.obj
[844/915] Building C object esp-idf/espressif__tinyusb/CMakeFiles/__idf_espressif__tinyusb.dir/src/class/dfu/dfu_device.c.obj
[845/915] Building C object esp-idf/espressif__tinyusb/CMakeFiles/__idf_espressif__tinyusb.dir/lib/networking/rndis_reports.c.obj
[846/915] Building C object esp-idf/espressif__tinyusb/CMakeFiles/__idf_espressif__tinyusb.dir/src/class/dfu/dfu_rt_device.c.obj
[847/915] Building C object esp-idf/esp_lcd/CMakeFiles/__idf_esp_lcd.dir/i80/esp_lcd_panel_io_i80.c.obj
[848/915] Linking C static library esp-idf/waveshare__pcf85063a/libwaveshare__pcf85063a.a
[849/915] Building C object esp-idf/espressif__tinyusb/CMakeFiles/__idf_espressif__tinyusb.dir/src/class/msc/msc_device.c.obj
[850/915] Building C object esp-idf/espressif__tinyusb/CMakeFiles/__idf_espressif__tinyusb.dir/src/portable/synopsys/dwc2/dwc2_common.c.obj
[851/915] Building CXX object esp-idf/main/CMakeFiles/__idf_main.dir/physical_touch.cpp.obj
esp32/main/physical_touch.cpp: In member function 'tinydraw::esp32::TouchRead tinydraw::esp32::PhysicalTouch::read(tinydraw::Point&)':
esp32/main/physical_touch.cpp:53:37: warning: 'bool esp_lcd_touch_get_coordinates(esp_lcd_touch_handle_t, uint16_t*, uint16_t*, uint16_t*, uint8_t*, uint8_t)' is deprecated: This API will be removed in version 2.0.0. Use esp_lcd_touch_get_data instead! [-Wdeprecated-declarations]
   53 |   if (!esp_lcd_touch_get_coordinates(touch_, &x, &y, &strength, &count, 1) || count == 0U) {
      |        ~~~~~~~~~~~~~~~~~~~~~~~~~~~~~^~~~~~~~~~~~~~~~~~~~~~~~~~~~~~~~~~~~~~
In file included from esp32/main/physical_touch.h:6,
                 from esp32/main/physical_touch.cpp:1:
esp32/managed_components/espressif__esp_lcd_touch/include/esp_lcd_touch.h:317:6: note: declared here
  317 | bool esp_lcd_touch_get_coordinates(esp_lcd_touch_handle_t tp, uint16_t *x, uint16_t *y, uint16_t *strength, uint8_t *point_num, uint8_t max_point_num);
      |      ^~~~~~~~~~~~~~~~~~~~~~~~~~~~~
[852/915] Building C object esp-idf/driver/CMakeFiles/__idf_driver.dir/touch_sensor/esp32s3/touch_sensor.c.obj
[853/915] Building C object esp-idf/espressif__tinyusb/CMakeFiles/__idf_espressif__tinyusb.dir/src/tusb.c.obj
[854/915] Building C object esp-idf/espressif__tinyusb/CMakeFiles/__idf_espressif__tinyusb.dir/src/portable/synopsys/dwc2/dcd_dwc2.c.obj
[855/915] Building C object esp-idf/espressif__tinyusb/CMakeFiles/__idf_espressif__tinyusb.dir/src/common/tusb_fifo.c.obj
[856/915] Building C object esp-idf/driver/CMakeFiles/__idf_driver.dir/i2c/i2c.c.obj
[857/915] Linking C static library esp-idf/driver/libdriver.a
[858/915] Building C object esp-idf/esp_lcd/CMakeFiles/__idf_esp_lcd.dir/rgb/esp_lcd_panel_rgb.c.obj
[859/915] Building C object esp-idf/espressif__tinyusb/CMakeFiles/__idf_espressif__tinyusb.dir/src/device/usbd.c.obj
[860/915] Building CXX object esp-idf/main/CMakeFiles/__idf_main.dir/power_manager.cpp.obj
[861/915] Building CXX object esp-idf/main/CMakeFiles/__idf_main.dir/vector_v2/vector_v2_export.cpp.obj
[862/915] Linking C static library esp-idf/esp_lcd/libesp_lcd.a
[863/915] Linking C static library esp-idf/espressif__tinyusb/libespressif__tinyusb.a
[864/915] Linking C static library esp-idf/espressif__esp_lcd_touch/libespressif__esp_lcd_touch.a
[865/915] Linking C static library esp-idf/espressif__esp_lcd_qemu_rgb/libespressif__esp_lcd_qemu_rgb.a
[866/915] Linking C static library esp-idf/espressif__esp_lcd_co5300/libespressif__esp_lcd_co5300.a
[867/915] Linking C static library esp-idf/espressif__esp_lcd_touch_cst816s/libespressif__esp_lcd_touch_cst816s.a
[868/915] Building CXX object esp-idf/main/CMakeFiles/__idf_main.dir/rtc_clock.cpp.obj
[869/915] Building CXX object esp-idf/main/CMakeFiles/__idf_main.dir/vector_v2/vector_v2_touch_sampler.cpp.obj
[870/915] Building CXX object esp-idf/main/CMakeFiles/__idf_main.dir/vector_v2/svg_export_store.cpp.obj
[871/915] Building CXX object esp-idf/main/CMakeFiles/__idf_main.dir/usb_export.cpp.obj
[872/915] Building CXX object esp-idf/main/CMakeFiles/__idf_main.dircore/src/fat16_disk.cpp.obj
[873/915] Building CXX object esp-idf/main/CMakeFiles/__idf_main.dircore/src/ink_stream.cpp.obj
[874/915] Building CXX object esp-idf/main/CMakeFiles/__idf_main.dir/time_sync.cpp.obj
[875/915] Building CXX object esp-idf/main/CMakeFiles/__idf_main.dircore/src/coverage_tile.cpp.obj
[876/915] Building CXX object esp-idf/main/CMakeFiles/__idf_main.dircore/src/realistic_workload.cpp.obj
[877/915] Building CXX object esp-idf/main/CMakeFiles/__idf_main.dirvector_v2/src/chained_operation_builder.cpp.obj
[878/915] Building CXX object esp-idf/main/CMakeFiles/__idf_main.dirvector_v2/src/display_scheduler.cpp.obj
[879/915] Building CXX object esp-idf/main/CMakeFiles/__idf_main.dircore/src/vector_document.cpp.obj
[880/915] Building CXX object esp-idf/main/CMakeFiles/__idf_main.dircore/src/ribbon_renderer.cpp.obj
[881/915] Building CXX object esp-idf/main/CMakeFiles/__idf_main.dir/co5300_panel_transport.cpp.obj
[882/915] Building CXX object esp-idf/main/CMakeFiles/__idf_main.dirvector_v2/src/idle_repair.cpp.obj
[883/915] Performing configure step for 'bootloader'
-- Found Git: /usr/bin/git (found version "2.54.0 (Apple Git-156)")
-- Component directory $HOME/.espressif/v6.0.2/esp-idf/components/mqtt does not contain a CMakeLists.txt file. No component will be added
-- Minimal build - OFF
-- The C compiler identification is GNU 15.2.0
-- The CXX compiler identification is GNU 15.2.0
-- The ASM compiler identification is GNU
-- Found assembler: $HOME/.espressif/tools/xtensa-esp-elf/esp-15.2.0_20251204/xtensa-esp-elf/bin/xtensa-esp32s3-elf-gcc
-- Detecting C compiler ABI info
-- Detecting C compiler ABI info - done
-- Check for working C compiler: $HOME/.espressif/tools/xtensa-esp-elf/esp-15.2.0_20251204/xtensa-esp-elf/bin/xtensa-esp32s3-elf-gcc - skipped
-- Detecting C compile features
-- Detecting C compile features - done
-- Detecting CXX compiler ABI info
-- Detecting CXX compiler ABI info - done
-- Check for working CXX compiler: $HOME/.espressif/tools/xtensa-esp-elf/esp-15.2.0_20251204/xtensa-esp-elf/bin/xtensa-esp32s3-elf-g++ - skipped
-- Detecting CXX compile features
-- Detecting CXX compile features - done
-- Building ESP-IDF components for target esp32s3
-- ESP-TEE is currently supported only on the esp32c6;esp32h2;esp32c5;esp32c61 SoCs
-- KCONFIG_REPORT_VERBOSITY not set, using default
-- Project sdkconfig file out/build/esp32-vector-v2/sdkconfig
NOTE: Kconfig parser version: 1
NOTE: Kconfig defaults policy: use sdkconfig
NOTE: Status: Finished successfully
-- Compiler supported targets: xtensa-esp-elf
-- Detecting C compiler ABI info
-- Detecting C compiler ABI info - done
-- Detecting CXX compiler ABI info
-- Detecting CXX compiler ABI info - done
-- Detecting C compiler ABI info
-- Detecting C compiler ABI info - done
-- Detecting CXX compiler ABI info
-- Detecting CXX compiler ABI info - done
-- Adding linker script $HOME/.espressif/v6.0.2/esp-idf/components/soc/esp32s3/ld/esp32s3.peripherals.ld
-- Bootloader project name: "bootloader" version: 1
-- Adding linker script $HOME/.espressif/v6.0.2/esp-idf/components/esp_hal_wdt/esp32s3/rom.wdt.ld
-- Adding linker script $HOME/.espressif/v6.0.2/esp-idf/components/esp_rom/esp32s3/ld/esp32s3.rom.ld
-- Adding linker script $HOME/.espressif/v6.0.2/esp-idf/components/esp_rom/esp32s3/ld/esp32s3.rom.api.ld
-- Adding linker script $HOME/.espressif/v6.0.2/esp-idf/components/esp_rom/esp32s3/ld/esp32s3.rom.bt_funcs.ld
-- Adding linker script $HOME/.espressif/v6.0.2/esp-idf/components/esp_rom/esp32s3/ld/esp32s3.rom.libgcc.ld
-- Adding linker script $HOME/.espressif/v6.0.2/esp-idf/components/esp_rom/esp32s3/ld/esp32s3.rom.version.ld
-- Adding linker script $HOME/.espressif/v6.0.2/esp-idf/components/esp_rom/esp32s3/ld/esp32s3.rom.libc.ld
-- Components: bootloader bootloader_support efuse esp_app_format esp_blockdev esp_bootloader_format esp_common esp_hal_ana_conv esp_hal_clock esp_hal_dma esp_hal_gpio esp_hal_gpspi esp_hal_mspi esp_hal_pmu esp_hal_rtc_timer esp_hal_security esp_hal_timg esp_hal_uart esp_hal_usb esp_hal_wdt esp_hw_support esp_libc esp_rom esp_security esp_stdio esp_system esptool_py freertos hal log main micro-ecc partition_table soc spi_flash xtensa
-- Component paths: $HOME/.espressif/v6.0.2/esp-idf/components/bootloader $HOME/.espressif/v6.0.2/esp-idf/components/bootloader_support $HOME/.espressif/v6.0.2/esp-idf/components/efuse $HOME/.espressif/v6.0.2/esp-idf/components/esp_app_format $HOME/.espressif/v6.0.2/esp-idf/components/esp_blockdev $HOME/.espressif/v6.0.2/esp-idf/components/esp_bootloader_format $HOME/.espressif/v6.0.2/esp-idf/components/esp_common $HOME/.espressif/v6.0.2/esp-idf/components/esp_hal_ana_conv $HOME/.espressif/v6.0.2/esp-idf/components/esp_hal_clock $HOME/.espressif/v6.0.2/esp-idf/components/esp_hal_dma $HOME/.espressif/v6.0.2/esp-idf/components/esp_hal_gpio $HOME/.espressif/v6.0.2/esp-idf/components/esp_hal_gpspi $HOME/.espressif/v6.0.2/esp-idf/components/esp_hal_mspi $HOME/.espressif/v6.0.2/esp-idf/components/esp_hal_pmu $HOME/.espressif/v6.0.2/esp-idf/components/esp_hal_rtc_timer $HOME/.espressif/v6.0.2/esp-idf/components/esp_hal_security $HOME/.espressif/v6.0.2/esp-idf/components/esp_hal_timg $HOME/.espressif/v6.0.2/esp-idf/components/esp_hal_uart $HOME/.espressif/v6.0.2/esp-idf/components/esp_hal_usb $HOME/.espressif/v6.0.2/esp-idf/components/esp_hal_wdt $HOME/.espressif/v6.0.2/esp-idf/components/esp_hw_support $HOME/.espressif/v6.0.2/esp-idf/components/esp_libc $HOME/.espressif/v6.0.2/esp-idf/components/esp_rom $HOME/.espressif/v6.0.2/esp-idf/components/esp_security $HOME/.espressif/v6.0.2/esp-idf/components/esp_stdio $HOME/.espressif/v6.0.2/esp-idf/components/esp_system $HOME/.espressif/v6.0.2/esp-idf/components/esptool_py $HOME/.espressif/v6.0.2/esp-idf/components/freertos $HOME/.espressif/v6.0.2/esp-idf/components/hal $HOME/.espressif/v6.0.2/esp-idf/components/log $HOME/.espressif/v6.0.2/esp-idf/components/bootloader/subproject/main $HOME/.espressif/v6.0.2/esp-idf/components/bootloader/subproject/components/micro-ecc $HOME/.espressif/v6.0.2/esp-idf/components/partition_table $HOME/.espressif/v6.0.2/esp-idf/components/soc $HOME/.espressif/v6.0.2/esp-idf/components/spi_flash $HOME/.espressif/v6.0.2/esp-idf/components/xtensa
-- Adding linker script $HOME/.espressif/v6.0.2/esp-idf/components/bootloader/subproject/main/ld/esp32s3/bootloader.memory.ld.in
--   -> Preprocessing .in script: $HOME/.espressif/v6.0.2/esp-idf/components/bootloader/subproject/main/ld/esp32s3/bootloader.memory.ld.in
-- Adding linker script $HOME/.espressif/v6.0.2/esp-idf/components/bootloader/subproject/main/ld/esp32s3/bootloader.sections.ld.in
--   -> Preprocessing .in script: $HOME/.espressif/v6.0.2/esp-idf/components/bootloader/subproject/main/ld/esp32s3/bootloader.sections.ld.in
-- Configuring done (10.7s)
-- Generating done (0.2s)
-- Build files have been written to: out/build/esp32-vector-v2/bootloader
[884/915] Building CXX object esp-idf/main/CMakeFiles/__idf_main.dirvector_v2/src/navigation_state.cpp.obj
[885/915] Building CXX object esp-idf/main/CMakeFiles/__idf_main.dirvector_v2/src/operation.cpp.obj
[886/915] Building CXX object esp-idf/main/CMakeFiles/__idf_main.dirvector_v2/src/frame_scroller.cpp.obj
[887/915] Building CXX object esp-idf/main/CMakeFiles/__idf_main.dircore/src/ribbon_geometry.cpp.obj
[888/915] Building CXX object esp-idf/main/CMakeFiles/__idf_main.dirvector_v2/src/operation_builder.cpp.obj
[889/915] Building CXX object esp-idf/main/CMakeFiles/__idf_main.dir/vector_v2/vector_v2_presenter.cpp.obj
[890/915] Building CXX object esp-idf/main/CMakeFiles/__idf_main.dirvector_v2/src/render_accounting.cpp.obj
[891/915] Building CXX object esp-idf/main/CMakeFiles/__idf_main.dirvector_v2/src/ink_trace.cpp.obj
[892/915] Building CXX object esp-idf/main/CMakeFiles/__idf_main.dirvector_v2/src/incremental_document.cpp.obj
[893/915] Building CXX object esp-idf/main/CMakeFiles/__idf_main.dirvector_v2/src/replay_block_index.cpp.obj
[894/915] Building CXX object esp-idf/main/CMakeFiles/__idf_main.dirvector_v2/src/rerender_ledger.cpp.obj
[895/915] Building CXX object esp-idf/main/CMakeFiles/__idf_main.dirvector_v2/src/operation_log.cpp.obj
[896/915] Building CXX object esp-idf/main/CMakeFiles/__idf_main.dirvector_v2/src/operation_lod_store.cpp.obj
[897/915] Building CXX object esp-idf/main/CMakeFiles/__idf_main.dirvector_v2/src/touch_event_buffer.cpp.obj
[898/915] Building CXX object esp-idf/main/CMakeFiles/__idf_main.dirvector_v2/src/tile_payload_analysis.cpp.obj
[899/915] Building CXX object esp-idf/main/CMakeFiles/__idf_main.dirvector_v2/src/settled_tile.cpp.obj
[900/915] Building CXX object esp-idf/main/CMakeFiles/__idf_main.dirvector_v2/src/world_export.cpp.obj
[901/915] Building CXX object esp-idf/main/CMakeFiles/__idf_main.dirvector_v2/src/incremental_rasterizer.cpp.obj
[902/915] Building CXX object esp-idf/main/CMakeFiles/__idf_main.dirvector_v2/src/chrome.cpp.obj
[903/915] Building CXX object esp-idf/main/CMakeFiles/__idf_main.dirvector_v2/src/svg_export.cpp.obj
[904/915] Building CXX object esp-idf/main/CMakeFiles/__idf_main.dirvector_v2/src/materialized_canvas.cpp.obj
[905/915] Building CXX object esp-idf/main/CMakeFiles/__idf_main.dirvector_v2/src/tile_producer.cpp.obj
[906/915] Building CXX object esp-idf/main/CMakeFiles/__idf_main.dir/vector_v2/vector_v2_app.cpp.obj
[907/915] Linking C static library esp-idf/main/libmain.a
[908/915] Performing build step for 'bootloader'
[1/153] Building C object esp-idf/log/CMakeFiles/__idf_log.dir/src/noos/log_lock.c.obj
[2/153] Building C object esp-idf/log/CMakeFiles/__idf_log.dir/src/noos/util.c.obj
[3/153] Building C object esp-idf/log/CMakeFiles/__idf_log.dir/src/util.c.obj
[4/153] Building C object esp-idf/esp_rom/CMakeFiles/__idf_esp_rom.dir/patches/esp_rom_crc.c.obj
[5/153] Building C object esp-idf/log/CMakeFiles/__idf_log.dir/src/log_print.c.obj
[6/153] Building C object esp-idf/log/CMakeFiles/__idf_log.dir/src/log_timestamp_common.c.obj
[7/153] Building C object esp-idf/log/CMakeFiles/__idf_log.dir/src/log.c.obj
[8/153] Building C object esp-idf/log/CMakeFiles/__idf_log.dir/src/log_format_text.c.obj
[9/153] Building C object esp-idf/log/CMakeFiles/__idf_log.dir/src/noos/log_timestamp.c.obj
[10/153] Building C object esp-idf/esp_rom/CMakeFiles/__idf_esp_rom.dir/patches/esp_rom_sys.c.obj
[11/153] Building ASM object esp-idf/esp_rom/CMakeFiles/__idf_esp_rom.dir/patches/esp_rom_longjmp.S.obj
[12/153] Building C object esp-idf/esp_rom/CMakeFiles/__idf_esp_rom.dir/patches/esp_rom_efuse.c.obj
[13/153] Building C object esp-idf/esp_rom/CMakeFiles/__idf_esp_rom.dir/patches/esp_rom_systimer.c.obj
[14/153] Building C object esp-idf/esp_rom/CMakeFiles/__idf_esp_rom.dir/patches/esp_rom_gpio.c.obj
[15/153] Building C object esp-idf/esp_rom/CMakeFiles/__idf_esp_rom.dir/patches/esp_rom_spiflash.c.obj
[16/153] Building C object esp-idf/esp_rom/CMakeFiles/__idf_esp_rom.dir/patches/esp_rom_cache_esp32s2_esp32s3.c.obj
[17/153] Building ASM object esp-idf/esp_rom/CMakeFiles/__idf_esp_rom.dir/patches/esp_rom_cache_writeback_esp32s3.S.obj
[18/153] Building C object esp-idf/esp_rom/CMakeFiles/__idf_esp_rom.dir/patches/esp_rom_serial_output.c.obj
[19/153] Building C object esp-idf/esp_common/CMakeFiles/__idf_esp_common.dir/src/esp_err_to_name.c.obj
[20/153] Building C object esp-idf/log/CMakeFiles/__idf_log.dir/src/buffer/log_buffers.c.obj
[21/153] Building C object esp-idf/esp_hw_support/CMakeFiles/__idf_esp_hw_support.dir/port/esp32s3/esp_cpu_intr.c.obj
[22/153] Building C object esp-idf/esp_hw_support/CMakeFiles/__idf_esp_hw_support.dir/port/esp32s3/cpu_region_protect.c.obj
[23/153] Building C object esp-idf/esp_hw_support/CMakeFiles/__idf_esp_hw_support.dir/port/esp32s3/rtc_clk_init.c.obj
[24/153] Building C object esp-idf/esp_hw_support/CMakeFiles/__idf_esp_hw_support.dir/port/esp32s3/chip_info.c.obj
[25/153] Building C object esp-idf/esp_hw_support/CMakeFiles/__idf_esp_hw_support.dir/esp_memory_utils.c.obj
[26/153] Building C object esp-idf/esp_hw_support/CMakeFiles/__idf_esp_hw_support.dir/cpu.c.obj
[27/153] Building C object esp-idf/efuse/CMakeFiles/__idf_efuse.dir/esp32s3/esp_efuse_table.c.obj
[28/153] Linking C static library esp-idf/log/liblog.a
[29/153] Building C object esp-idf/esp_system/CMakeFiles/__idf_esp_system.dir/esp_err.c.obj
[30/153] Building C object esp-idf/esp_rom/CMakeFiles/__idf_esp_rom.dir/patches/esp_rom_print.c.obj
[31/153] Building C object esp-idf/efuse/CMakeFiles/__idf_efuse.dir/esp32s3/esp_efuse_fields.c.obj
[32/153] Building C object esp-idf/efuse/CMakeFiles/__idf_efuse.dir/esp32s3/esp_efuse_rtc_calib.c.obj
[33/153] Building C object esp-idf/efuse/CMakeFiles/__idf_efuse.dir/src/esp_efuse_fields.c.obj
[34/153] Linking C static library esp-idf/esp_rom/libesp_rom.a
[35/153] Building C object esp-idf/esp_hw_support/CMakeFiles/__idf_esp_hw_support.dir/port/esp32s3/rtc_time.c.obj
[36/153] Building C object esp-idf/esp_hw_support/CMakeFiles/__idf_esp_hw_support.dir/port/esp32s3/rtc_init.c.obj
[37/153] Linking C static library esp-idf/esp_common/libesp_common.a
[38/153] Building C object esp-idf/bootloader_support/CMakeFiles/__idf_bootloader_support.dir/src/bootloader_mem.c.obj
[39/153] Building C object esp-idf/esp_hw_support/CMakeFiles/__idf_esp_hw_support.dir/port/esp32s3/rtc_sleep.c.obj
[40/153] Building C object esp-idf/bootloader_support/CMakeFiles/__idf_bootloader_support.dir/src/bootloader_clock_init.c.obj
[41/153] Building C object esp-idf/bootloader_support/CMakeFiles/__idf_bootloader_support.dir/src/bootloader_common.c.obj
[42/153] Building C object esp-idf/efuse/CMakeFiles/__idf_efuse.dir/esp32s3/esp_efuse_utility.c.obj
[43/153] Building C object esp-idf/bootloader_support/CMakeFiles/__idf_bootloader_support.dir/src/bootloader_efuse.c.obj
[44/153] Building C object esp-idf/efuse/CMakeFiles/__idf_efuse.dir/src/esp_efuse_api.c.obj
[45/153] Building C object esp-idf/bootloader_support/CMakeFiles/__idf_bootloader_support.dir/src/bootloader_random.c.obj
[46/153] Building C object esp-idf/bootloader_support/CMakeFiles/__idf_bootloader_support.dir/src/secure_boot.c.obj
[47/153] Building C object esp-idf/bootloader_support/CMakeFiles/__idf_bootloader_support.dir/src/flash_partitions.c.obj
[48/153] Building C object esp-idf/bootloader_support/CMakeFiles/__idf_bootloader_support.dir/bootloader_flash/src/flash_qio_mode.c.obj
[49/153] Building C object esp-idf/bootloader_support/CMakeFiles/__idf_bootloader_support.dir/src/bootloader_common_loader.c.obj
[50/153] Building C object esp-idf/esp_hw_support/CMakeFiles/__idf_esp_hw_support.dir/port/esp32s3/rtc_clk.c.obj
[51/153] Building C object esp-idf/bootloader_support/CMakeFiles/__idf_bootloader_support.dir/src/flash_encrypt.c.obj
[52/153] Building C object esp-idf/bootloader_support/CMakeFiles/__idf_bootloader_support.dir/src/bootloader_random_esp32s3.c.obj
[53/153] Building C object esp-idf/efuse/CMakeFiles/__idf_efuse.dir/src/efuse_controller/keys/with_key_purposes/esp_efuse_api_key.c.obj
[54/153] Building C object esp-idf/bootloader_support/CMakeFiles/__idf_bootloader_support.dir/src/bootloader_sha.c.obj
[55/153] Building C object esp-idf/bootloader_support/CMakeFiles/__idf_bootloader_support.dir/src/bootloader_clock_loader.c.obj
[56/153] Building C object esp-idf/efuse/CMakeFiles/__idf_efuse.dir/src/esp_efuse_utility.c.obj
[57/153] Building C object esp-idf/bootloader_support/CMakeFiles/__idf_bootloader_support.dir/src/bootloader_console.c.obj
[58/153] Building C object esp-idf/bootloader_support/CMakeFiles/__idf_bootloader_support.dir/bootloader_flash/src/bootloader_flash_config_esp32s3.c.obj
[59/153] Linking C static library esp-idf/esp_hw_support/libesp_hw_support.a
[60/153] Building C object esp-idf/bootloader_support/CMakeFiles/__idf_bootloader_support.dir/src/bootloader_console_loader.c.obj
[61/153] Building C object esp-idf/bootloader_support/CMakeFiles/__idf_bootloader_support.dir/src/esp32s3/bootloader_soc.c.obj
[62/153] Building C object esp-idf/esp_security/CMakeFiles/__idf_esp_security.dir/src/esp_crypto_lock.c.obj
[63/153] Building C object esp-idf/bootloader_support/CMakeFiles/__idf_bootloader_support.dir/src/bootloader_panic.c.obj
[64/153] Building C object esp-idf/bootloader_support/CMakeFiles/__idf_bootloader_support.dir/src/bootloader_init.c.obj
[65/153] Building C object esp-idf/esp_hal_security/CMakeFiles/__idf_esp_hal_security.dir/mpu_hal.c.obj
[66/153] Building C object esp-idf/esp_hal_ana_conv/CMakeFiles/__idf_esp_hal_ana_conv.dir/esp32s3/adc_periph.c.obj
[67/153] Linking C static library esp-idf/esp_system/libesp_system.a
[68/153] Building C object esp-idf/esp_security/CMakeFiles/__idf_esp_security.dir/src/esp_crypto_periph_clk.c.obj
[69/153] Building C object esp-idf/esp_hal_ana_conv/CMakeFiles/__idf_esp_hal_ana_conv.dir/esp32s3/temperature_sensor_periph.c.obj
[70/153] Building C object esp-idf/esp_hal_ana_conv/CMakeFiles/__idf_esp_hal_ana_conv.dir/temperature_sensor_hal.c.obj
[71/153] Building C object esp-idf/bootloader_support/CMakeFiles/__idf_bootloader_support.dir/src/esp32s3/bootloader_esp32s3.c.obj
[72/153] Building C object esp-idf/esp_hal_uart/CMakeFiles/__idf_esp_hal_uart.dir/uart_hal_iram.c.obj
[73/153] Linking C static library esp-idf/efuse/libefuse.a
[74/153] Building C object esp-idf/esp_hal_uart/CMakeFiles/__idf_esp_hal_uart.dir/esp32s3/uart_periph.c.obj
[75/153] Building C object esp-idf/esp_hal_ana_conv/CMakeFiles/__idf_esp_hal_ana_conv.dir/adc_oneshot_hal.c.obj
[76/153] Building C object esp-idf/esp_hal_wdt/CMakeFiles/__idf_esp_hal_wdt.dir/esp32s3/mwdt_periph.c.obj
[77/153] Building C object esp-idf/esp_hal_wdt/CMakeFiles/__idf_esp_hal_wdt.dir/rom_patch.c.obj
[78/153] Building C object esp-idf/esp_hal_uart/CMakeFiles/__idf_esp_hal_uart.dir/uhci_hal.c.obj
[79/153] Building C object esp-idf/esp_hal_wdt/CMakeFiles/__idf_esp_hal_wdt.dir/xt_wdt_hal.c.obj
[80/153] Building C object esp-idf/esp_hal_timg/CMakeFiles/__idf_esp_hal_timg.dir/timer_hal.c.obj
[81/153] Building C object esp-idf/esp_hal_uart/CMakeFiles/__idf_esp_hal_uart.dir/uart_hal.c.obj
[82/153] Building C object esp-idf/esp_hal_timg/CMakeFiles/__idf_esp_hal_timg.dir/esp32s3/timer_periph.c.obj
[83/153] Building C object esp-idf/bootloader_support/CMakeFiles/__idf_bootloader_support.dir/src/bootloader_utility.c.obj
[84/153] Building C object esp-idf/esp_bootloader_format/CMakeFiles/__idf_esp_bootloader_format.dir/esp_bootloader_desc.c.obj
[85/153] Building C object esp-idf/esp_hal_gpspi/CMakeFiles/__idf_esp_hal_gpspi.dir/esp32s3/spi_periph.c.obj
[86/153] Building C object esp-idf/esp_hal_ana_conv/CMakeFiles/__idf_esp_hal_ana_conv.dir/adc_hal_common.c.obj
[87/153] Building C object esp-idf/esp_hal_clock/CMakeFiles/__idf_esp_hal_clock.dir/esp32s3/clk_tree_hal.c.obj
[88/153] Building C object esp-idf/bootloader_support/CMakeFiles/__idf_bootloader_support.dir/bootloader_flash/src/bootloader_flash.c.obj
[89/153] Building C object esp-idf/esp_hal_gpspi/CMakeFiles/__idf_esp_hal_gpspi.dir/spi_slave_hal.c.obj
[90/153] Building C object esp-idf/esp_hal_ana_conv/CMakeFiles/__idf_esp_hal_ana_conv.dir/adc_hal.c.obj
[91/153] Building C object esp-idf/bootloader_support/CMakeFiles/__idf_bootloader_support.dir/src/esp_image_format.c.obj
[92/153] Building C object esp-idf/esp_hal_dma/CMakeFiles/__idf_esp_hal_dma.dir/gdma_hal_top.c.obj
[93/153] Building C object esp-idf/spi_flash/CMakeFiles/__idf_spi_flash.dir/spi_flash_wrap.c.obj
[94/153] Building C object esp-idf/esp_hal_dma/CMakeFiles/__idf_esp_hal_dma.dir/esp32s3/gdma_periph.c.obj
[95/153] Building C object esp-idf/esp_hal_pmu/CMakeFiles/__idf_esp_hal_pmu.dir/brownout_hal.c.obj
[96/153] Building C object esp-idf/esp_hal_pmu/CMakeFiles/__idf_esp_hal_pmu.dir/esp32s3/rtc_cntl_hal.c.obj
[97/153] Building C object esp-idf/esp_hal_gpspi/CMakeFiles/__idf_esp_hal_gpspi.dir/spi_hal.c.obj
[98/153] Building C object esp-idf/esp_hal_gpspi/CMakeFiles/__idf_esp_hal_gpspi.dir/spi_slave_hal_iram.c.obj
[99/153] Building C object esp-idf/esp_hal_usb/CMakeFiles/__idf_esp_hal_usb.dir/esp32s3/usb_dwc_periph.c.obj
[100/153] Building C object esp-idf/esp_hal_usb/CMakeFiles/__idf_esp_hal_usb.dir/usb_wrap_hal.c.obj
[101/153] Building C object esp-idf/esp_hal_usb/CMakeFiles/__idf_esp_hal_usb.dir/usb_serial_jtag_hal.c.obj
[102/153] Building C object esp-idf/esp_hal_gpio/CMakeFiles/__idf_esp_hal_gpio.dir/esp32s3/rtc_io_periph.c.obj
[103/153] Linking C static library esp-idf/bootloader_support/libbootloader_support.a
[104/153] Building C object esp-idf/esp_hal_gpio/CMakeFiles/__idf_esp_hal_gpio.dir/esp32s3/dedic_gpio_periph.c.obj
[105/153] Building C object esp-idf/esp_hal_gpio/CMakeFiles/__idf_esp_hal_gpio.dir/sdm_hal.c.obj
[106/153] Building C object esp-idf/esp_hal_gpio/CMakeFiles/__idf_esp_hal_gpio.dir/esp32s3/sdm_periph.c.obj
[107/153] Building C object esp-idf/esp_hal_dma/CMakeFiles/__idf_esp_hal_dma.dir/gdma_hal_ahb_v1.c.obj
[108/153] Linking C static library esp-idf/esp_security/libesp_security.a
[109/153] Building C object esp-idf/esp_hal_gpio/CMakeFiles/__idf_esp_hal_gpio.dir/rtc_io_hal.c.obj
[110/153] Building C object esp-idf/hal/CMakeFiles/__idf_hal.dir/hal_utils.c.obj
[111/153] Building C object esp-idf/esp_hal_gpio/CMakeFiles/__idf_esp_hal_gpio.dir/gpio_hal.c.obj
[112/153] Building C object esp-idf/hal/CMakeFiles/__idf_hal.dir/efuse_hal.c.obj
[113/153] Building C object esp-idf/hal/CMakeFiles/__idf_hal.dir/esp32s3/efuse_hal.c.obj
[114/153] Building C object esp-idf/soc/CMakeFiles/__idf_soc.dir/dport_access_common.c.obj
[115/153] Building C object esp-idf/soc/CMakeFiles/__idf_soc.dir/esp32s3/interrupts.c.obj
[116/153] Linking C static library esp-idf/esp_hal_security/libesp_hal_security.a
[117/153] Building C object esp-idf/soc/CMakeFiles/__idf_soc.dir/esp32s3/gpio_periph.c.obj
[118/153] Building C object esp-idf/soc/CMakeFiles/__idf_soc.dir/lldesc.c.obj
[119/153] Building C object esp-idf/soc/CMakeFiles/__idf_soc.dir/esp32s3/mpi_periph.c.obj
[120/153] Building C object esp-idf/hal/CMakeFiles/__idf_hal.dir/mmu_hal.c.obj
[121/153] Building C object esp-idf/soc/CMakeFiles/__idf_soc.dir/esp32s3/power_supply_periph.c.obj
[122/153] Preprocessing linker script $HOME/.espressif/v6.0.2/esp-idf/components/bootloader/subproject/main/ld/esp32s3/bootloader.memory.ld.in -> out/build/esp32-vector-v2/bootloader/ld/bootloader.memory.ld
[123/153] Generating project_elf_src_esp32s3.c
[124/153] Preprocessing linker script $HOME/.espressif/v6.0.2/esp-idf/components/bootloader/subproject/main/ld/esp32s3/bootloader.sections.ld.in -> out/build/esp32-vector-v2/bootloader/ld/bootloader.sections.ld
[125/153] Building C object esp-idf/esp_hal_gpspi/CMakeFiles/__idf_esp_hal_gpspi.dir/spi_hal_iram.c.obj
[126/153] Building C object esp-idf/xtensa/CMakeFiles/__idf_xtensa.dir/eri.c.obj
[127/153] Linking C static library esp-idf/esp_hal_ana_conv/libesp_hal_ana_conv.a
[128/153] Building C object esp-idf/esp_hal_gpspi/CMakeFiles/__idf_esp_hal_gpspi.dir/spi_slave_hd_hal.c.obj
[129/153] Building C object esp-idf/hal/CMakeFiles/__idf_hal.dir/cache_hal.c.obj
[130/153] Building C object esp-idf/xtensa/CMakeFiles/__idf_xtensa.dir/xt_trax.c.obj
[131/153] Building C object CMakeFiles/bootloader.elf.dir/project_elf_src_esp32s3.c.obj
[132/153] Building C object esp-idf/esp_hal_usb/CMakeFiles/__idf_esp_hal_usb.dir/usb_dwc_hal.c.obj
[133/153] Building C object esp-idf/main/CMakeFiles/__idf_main.dir/bootloader_start.c.obj
[134/153] Linking C static library esp-idf/esp_hal_uart/libesp_hal_uart.a
[135/153] Linking C static library esp-idf/esp_hal_wdt/libesp_hal_wdt.a
[136/153] Linking C static library esp-idf/esp_hal_timg/libesp_hal_timg.a
[137/153] Building C object esp-idf/micro-ecc/CMakeFiles/__idf_micro-ecc.dir/uECC_verify_antifault.c.obj
[138/153] Linking C static library esp-idf/micro-ecc/libmicro-ecc.a
[139/153] Linking C static library esp-idf/esp_bootloader_format/libesp_bootloader_format.a
[140/153] Linking C static library esp-idf/spi_flash/libspi_flash.a
[141/153] Linking C static library esp-idf/esp_hal_clock/libesp_hal_clock.a
[142/153] Linking C static library esp-idf/esp_hal_gpspi/libesp_hal_gpspi.a
[143/153] Linking C static library esp-idf/esp_hal_dma/libesp_hal_dma.a
[144/153] Linking C static library esp-idf/esp_hal_pmu/libesp_hal_pmu.a
[145/153] Linking C static library esp-idf/esp_hal_usb/libesp_hal_usb.a
[146/153] Linking C static library esp-idf/esp_hal_gpio/libesp_hal_gpio.a
[147/153] Linking C static library esp-idf/hal/libhal.a
[148/153] Linking C static library esp-idf/soc/libsoc.a
[149/153] Linking C static library esp-idf/xtensa/libxtensa.a
[150/153] Linking C static library esp-idf/main/libmain.a
[151/153] Linking C executable bootloader.elf
[152/153] Generating binary image from built executable
esptool v5.3.1
Creating ESP32-S3 image...
Merged 2 ELF sections.
Successfully created ESP32-S3 image.
Generated out/build/esp32-vector-v2/bootloader/bootloader.bin
[153/153] cd out/build/esp32-vector-v2/bootloader && $HOME/.espressif/tools/python/v6.0.2/venv/bin/python $HOME/.espressif/v6.0.2/esp-idf/components/partition_table/check_sizes.py --offset 0x8000 bootloader 0x0 out/build/esp32-vector-v2/bootloader/bootloader.bin
Bootloader binary size 0x57e0 bytes. 0x2820 bytes (31%) free.
[909/915] No install step for 'bootloader'
[910/915] Completed 'bootloader'
[911/915] Generating esp-idf/esp_system/ld/sections.ld
[912/915] Building C object CMakeFiles/tinydraw_esp32.elf.dir/project_elf_src_esp32s3.c.obj
[913/915] Linking CXX executable tinydraw_esp32.elf
[914/915] Generating binary image from built executable
esptool v5.3.1
Creating ESP32-S3 image...
Merged 3 ELF sections.
Successfully created ESP32-S3 image.
Generated out/build/esp32-vector-v2/tinydraw_esp32.bin
[915/915] cd out/build/esp32-vector-v2 && $HOME/.espressif/tools/python/v6.0.2/venv/bin/python $HOME/.espressif/v6.0.2/esp-idf/components/partition_table/check_sizes.py --offset 0x8000 partition --type app out/build/esp32-vector-v2/partition_table/partition-table.bin out/build/esp32-vector-v2/tinydraw_esp32.bin
tinydraw_esp32.bin binary size 0xf5750 bytes. Smallest app partition is 0x100000 bytes. 0xa8b0 bytes (4%) free.
Warning: The smallest app partition is nearly full (4% free space left)!

Project build complete. To flash, run:
 idf.py flash
or
 idf.py -p PORT flash
or
 python -m esptool --chip esp32s3 -b 460800 --before default-reset --after hard-reset write-flash --flash-mode dio --flash-size 16MB --flash-freq 80m 0x0 ../out/build/esp32-vector-v2/bootloader/bootloader.bin 0x8000 ../out/build/esp32-vector-v2/partition_table/partition-table.bin 0x10000 ../out/build/esp32-vector-v2/tinydraw_esp32.bin
or from the "out/build/esp32-vector-v2" directory
 python -m esptool --chip esp32s3 -b 460800 --before default-reset --after hard-reset write-flash "@flash_args"
2026-08-17 12:29:29 - 12 - 08 - INFO - Using selected IDF version: v6.0.2
Added environment variable ESP_IDF_VERSION = 6.0
Added environment variable IDF_VERSION = 6.0.2
Added environment variable IDF_TOOLS_PATH = $HOME/.espressif/tools
Added environment variable IDF_COMPONENT_LOCAL_STORAGE_URL = file://$HOME/.espressif/tools
Added environment variable IDF_PATH = $HOME/.espressif/v6.0.2/esp-idf
Added environment variable ESP_ROM_ELF_DIR = $HOME/.espressif/tools/esp-rom-elfs/20241011/
Added environment variable OPENOCD_SCRIPTS = $HOME/.espressif/tools/openocd-esp32/v0.12.0-esp32-20260424/openocd-esp32/share/openocd/scripts
Added environment variable IDF_PYTHON_ENV_PATH = $HOME/.espressif/tools/python/v6.0.2/venv
Added environment variable ESP_CLANG_LIBS_PATH = $HOME/.espressif/tools/esp-clang-libs/esp-20.1.1_20250829/esp-clang/lib
Added proper directory to PATH
Activated virtual environment at $HOME/.espressif/tools/python/v6.0.2/venv
Environment setup complete for the current shell session.
These changes will be lost when you close this terminal.
You are now using IDF version 6.0.2.
eim select v6.0.2
Adding "flash"'s dependency "all" to list of commands with default set of options.
Executing action: all (aliases: build)
Running ninja in directory out/build/esp32-vector-v2
Executing "ninja all"...
[1/4] cd out/build/esp32-vector-v2 && $HOME/.espressif/tools/python/v6.0.2/venv/bin/python $HOME/.espressif/v6.0.2/esp-idf/components/partition_table/check_sizes.py --offset 0x8000 partition --type app out/build/esp32-vector-v2/partition_table/partition-table.bin out/build/esp32-vector-v2/tinydraw_esp32.bin
tinydraw_esp32.bin binary size 0xf5750 bytes. Smallest app partition is 0x100000 bytes. 0xa8b0 bytes (4%) free.
Warning: The smallest app partition is nearly full (4% free space left)!
[2/4] Performing build step for 'bootloader'
[1/1] cd out/build/esp32-vector-v2/bootloader && $HOME/.espressif/tools/python/v6.0.2/venv/bin/python $HOME/.espressif/v6.0.2/esp-idf/components/partition_table/check_sizes.py --offset 0x8000 bootloader 0x0 out/build/esp32-vector-v2/bootloader/bootloader.bin
Bootloader binary size 0x57e0 bytes. 0x2820 bytes (31%) free.
[3/4] No install step for 'bootloader'
[4/4] Completed 'bootloader'
Executing action: flash
Running ninja in directory out/build/esp32-vector-v2
Executing "ninja flash"...
[1/5] cd out/build/esp32-vector-v2 && $HOME/.espressif/tools/python/v6.0.2/venv/bin/python $HOME/.espressif/v6.0.2/esp-idf/components/partition_table/check_sizes.py --offset 0x8000 partition --type app out/build/esp32-vector-v2/partition_table/partition-table.bin out/build/esp32-vector-v2/tinydraw_esp32.bin
tinydraw_esp32.bin binary size 0xf5750 bytes. Smallest app partition is 0x100000 bytes. 0xa8b0 bytes (4%) free.
Warning: The smallest app partition is nearly full (4% free space left)!
[2/5] Performing build step for 'bootloader'
[1/1] cd out/build/esp32-vector-v2/bootloader && $HOME/.espressif/tools/python/v6.0.2/venv/bin/python $HOME/.espressif/v6.0.2/esp-idf/components/partition_table/check_sizes.py --offset 0x8000 bootloader 0x0 out/build/esp32-vector-v2/bootloader/bootloader.bin
Bootloader binary size 0x57e0 bytes. 0x2820 bytes (31%) free.
[3/5] No install step for 'bootloader'
[4/5] Completed 'bootloader'
[4/5] Running utility command for flash
esptool --chip esp32s3 -p /dev/cu.usbmodem101 -b 460800 --before=default-reset --after=hard-reset write-flash --flash-mode dio --flash-freq 80m --flash-size 16MB 0x0 bootloader/bootloader.bin 0x8000 partition_table/partition-table.bin 0x10000 tinydraw_esp32.bin
esptool v5.3.1
Serial port /dev/cu.usbmodem101:
Connecting...
Connected to ESP32-S3 on /dev/cu.usbmodem101:
Chip type:          ESP32-S3 (QFN56) (revision v0.2)
Features:           Wi-Fi, BT 5 (LE), Dual Core + LP Core, 240MHz, Embedded PSRAM 8MB (AP_3v3)
Crystal frequency:  40MHz
USB mode:           USB-Serial/JTAG
MAC:                1c:db:d4:7b:85:c8

Uploading stub flasher...
Running stub flasher...
Stub flasher running.
Changing baud rate to 460800...
Changed.

Configuring flash size...

Writing 'bootloader/bootloader.bin' at 0x00000000...
SHA digest in image updated.
Flash will be erased from 0x00000000 to 0x00005fff...
Compressed 22496 bytes to 14401...
Writing at 0x00000000 [                              ]   0.0% 0/14401 bytes... 
Writing at 0x000057e0 [==============================] 100.0% 14401/14401 bytes... 
Wrote 22496 bytes (14401 compressed) at 0x00000000 in 0.3 seconds (717.0 kbit/s).
Verifying written data...
Hash of data verified.

Writing 'partition_table/partition-table.bin' at 0x00008000...
Flash will be erased from 0x00008000 to 0x00008fff...
Compressed 3072 bytes to 152...
Writing at 0x00008000 [                              ]   0.0% 0/152 bytes... 
Writing at 0x00008c00 [==============================] 100.0% 152/152 bytes... 
Wrote 3072 bytes (152 compressed) at 0x00008000 in 0.0 seconds (614.0 kbit/s).
Verifying written data...
Hash of data verified.

Writing 'tinydraw_esp32.bin' at 0x00010000...
Flash will be erased from 0x00010000 to 0x00105fff...
Compressed 1005392 bytes to 688686...
Writing at 0x00010000 [                              ]   0.0% 0/688686 bytes... 
Writing at 0x0001ca2d [                              ]   2.4% 16384/688686 bytes... 
Writing at 0x00026da5 [>                             ]   4.8% 32768/688686 bytes... 
Writing at 0x0002e024 [=>                            ]   7.1% 49152/688686 bytes... 
Writing at 0x00038967 [=>                            ]   9.5% 65536/688686 bytes... 
Writing at 0x0003e156 [==>                           ]  11.9% 81920/688686 bytes... 
Writing at 0x00044341 [===>                          ]  14.3% 98304/688686 bytes... 
Writing at 0x00049cf3 [===>                          ]  16.7% 114688/688686 bytes... 
Writing at 0x0004f3e2 [====>                         ]  19.0% 131072/688686 bytes... 
Writing at 0x00054ad8 [=====>                        ]  21.4% 147456/688686 bytes... 
Writing at 0x0005a435 [======>                       ]  23.8% 163840/688686 bytes... 
Writing at 0x0005f9a0 [======>                       ]  26.2% 180224/688686 bytes... 
Writing at 0x00065097 [=======>                      ]  28.5% 196608/688686 bytes... 
Writing at 0x00069f91 [========>                     ]  30.9% 212992/688686 bytes... 
Writing at 0x0006f31b [========>                     ]  33.3% 229376/688686 bytes... 
Writing at 0x0007490c [=========>                    ]  35.7% 245760/688686 bytes... 
Writing at 0x0007a9be [==========>                   ]  38.1% 262144/688686 bytes... 
Writing at 0x0007fef3 [===========>                  ]  40.4% 278528/688686 bytes... 
Writing at 0x000857c4 [===========>                  ]  42.8% 294912/688686 bytes... 
Writing at 0x0008ac01 [============>                 ]  45.2% 311296/688686 bytes... 
Writing at 0x000904c9 [=============>                ]  47.6% 327680/688686 bytes... 
Writing at 0x000958a0 [=============>                ]  50.0% 344064/688686 bytes... 
Writing at 0x0009aa20 [==============>               ]  52.3% 360448/688686 bytes... 
Writing at 0x0009fdf1 [===============>              ]  54.7% 376832/688686 bytes... 
Writing at 0x000a5611 [================>             ]  57.1% 393216/688686 bytes... 
Writing at 0x000aac63 [================>             ]  59.5% 409600/688686 bytes... 
Writing at 0x000b00ea [=================>            ]  61.9% 425984/688686 bytes... 
Writing at 0x000b55e4 [==================>           ]  64.2% 442368/688686 bytes... 
Writing at 0x000bb495 [==================>           ]  66.6% 458752/688686 bytes... 
Writing at 0x000c0634 [===================>          ]  69.0% 475136/688686 bytes... 
Writing at 0x000c56fb [====================>         ]  71.4% 491520/688686 bytes... 
Writing at 0x000ca819 [=====================>        ]  73.7% 507904/688686 bytes... 
Writing at 0x000cf8e8 [=====================>        ]  76.1% 524288/688686 bytes... 
Writing at 0x000d4e78 [======================>       ]  78.5% 540672/688686 bytes... 
Writing at 0x000da0c0 [=======================>      ]  80.9% 557056/688686 bytes... 
Writing at 0x000df16e [=======================>      ]  83.3% 573440/688686 bytes... 
Writing at 0x000e43d4 [========================>     ]  85.6% 589824/688686 bytes... 
Writing at 0x000e9893 [=========================>    ]  88.0% 606208/688686 bytes... 
Writing at 0x000eefcc [==========================>   ]  90.4% 622592/688686 bytes... 
Writing at 0x000f4e89 [==========================>   ]  92.8% 638976/688686 bytes... 
Writing at 0x000fad06 [===========================>  ]  95.2% 655360/688686 bytes... 
Writing at 0x000ffa17 [============================> ]  97.5% 671744/688686 bytes... 
Writing at 0x00105479 [============================> ]  99.9% 688128/688686 bytes... 
Writing at 0x00105750 [==============================] 100.0% 688686/688686 bytes... 
Wrote 1005392 bytes (688686 compressed) at 0x00010000 in 6.0 seconds (1341.0 kbit/s).
Verifying written data...
Hash of data verified.

Hard resetting via RTS pin...
Done
